scenario_id,task_id,tube_id,trial_id,x_rmse_mm,y_rmse_mm,z_rmse_mm,x_max_abs_error_mm,y_max_abs_error_mm,z_max_abs_error_mm,worst_axis,task_status,notes
baseline,TASK-7B1-001,TUBE-7B1-001,1,0.215,0.178,0.322,0.828,0.735,0.619,x,PASS,Task-level robustness summary for balanced_pid.
baseline,TASK-7B1-001,TUBE-7B1-001,2,0.213,0.183,0.321,0.698,0.65,0.6,x,PASS,Task-level robustness summary for balanced_pid.
baseline,TASK-7B1-001,TUBE-7B1-001,3,0.212,0.179,0.319,0.737,0.698,0.63,x,PASS,Task-level robustness summary for balanced_pid.
baseline,TASK-7B1-001,TUBE-7B1-001,4,0.214,0.183,0.324,0.791,0.759,0.637,x,PASS,Task-level robustness summary for balanced_pid.
baseline,TASK-7B1-001,TUBE-7B1-001,5,0.216,0.184,0.322,0.712,0.701,0.646,x,PASS,Task-level robustness summary for balanced_pid.
baseline,TASK-7B1-002,TUBE-7B1-002,1,0.241,0.182,0.318,1.208,0.928,0.612,x,PASS,Task-level robustness summary for balanced_pid.
baseline,TASK-7B1-002,TUBE-7B1-002,2,0.241,0.181,0.317,1.227,0.893,0.615,x,PASS,Task-level robustness summary for balanced_pid.
baseline,TASK-7B1-002,TUBE-7B1-002,3,0.244,0.178,0.32,1.143,0.866,0.63,x,PASS,Task-level robustness summary for balanced_pid.
baseline,TASK-7B1-002,TUBE-7B1-002,4,0.242,0.179,0.318,1.127,0.836,0.618,x,PASS,Task-level robustness summary for balanced_pid.
baseline,TASK-7B1-002,TUBE-7B1-002,5,0.241,0.18,0.315,1.186,0.937,0.607,x,PASS,Task-level robustness summary for balanced_pid.
baseline,TASK-7B1-003,TUBE-7B1-003,1,0.207,0.163,0.329,0.653,0.677,0.612,y,PASS,Task-level robustness summary for balanced_pid.
baseline,TASK-7B1-003,TUBE-7B1-003,2,0.208,0.165,0.333,0.733,0.732,0.617,x,PASS,Task-level robustness summary for balanced_pid.
baseline,TASK-7B1-003,TUBE-7B1-003,3,0.207,0.161,0.33,0.8,0.63,0.616,x,PASS,Task-level robustness summary for balanced_pid.
baseline,TASK-7B1-003,TUBE-7B1-003,4,0.211,0.167,0.333,0.75,0.681,0.629,x,PASS,Task-level robustness summary for balanced_pid.
baseline,TASK-7B1-003,TUBE-7B1-003,5,0.209,0.162,0.329,0.757,0.697,0.617,x,PASS,Task-level robustness summary for balanced_pid.
baseline,TASK-7B1-004,TUBE-7B1-004,1,0.223,0.196,0.317,1.152,0.731,0.62,x,PASS,Task-level robustness summary for balanced_pid.
baseline,TASK-7B1-004,TUBE-7B1-004,2,0.223,0.197,0.313,1.188,0.715,0.626,x,PASS,Task-level robustness summary for balanced_pid.
baseline,TASK-7B1-004,TUBE-7B1-004,3,0.226,0.199,0.315,1.197,0.708,0.635,x,PASS,Task-level robustness summary for balanced_pid.
baseline,TASK-7B1-004,TUBE-7B1-004,4,0.23,0.195,0.316,1.09,0.692,0.611,x,PASS,Task-level robustness summary for balanced_pid.
baseline,TASK-7B1-004,TUBE-7B1-004,5,0.225,0.197,0.313,1.174,0.7,0.617,x,PASS,Task-level robustness summary for balanced_pid.
baseline,TASK-7B1-005,TUBE-7B1-005,1,0.223,0.174,0.327,1.516,0.852,0.632,x,PASS,Task-level robustness summary for balanced_pid.
baseline,TASK-7B1-005,TUBE-7B1-005,2,0.222,0.177,0.324,1.472,0.852,0.625,x,PASS,Task-level robustness summary for balanced_pid.
baseline,TASK-7B1-005,TUBE-7B1-005,3,0.218,0.173,0.327,1.445,0.714,0.61,x,PASS,Task-level robustness summary for balanced_pid.
baseline,TASK-7B1-005,TUBE-7B1-005,4,0.22,0.176,0.328,1.518,0.767,0.626,x,PASS,Task-level robustness summary for balanced_pid.
baseline,TASK-7B1-005,TUBE-7B1-005,5,0.22,0.176,0.328,1.493,0.847,0.608,x,PASS,Task-level robustness summary for balanced_pid.
baseline,TASK-7B1-006,TUBE-7B1-006,1,0.257,0.184,0.321,2.494,1.639,0.626,x,PASS,Task-level robustness summary for balanced_pid.
baseline,TASK-7B1-006,TUBE-7B1-006,2,0.259,0.189,0.323,2.546,1.645,0.626,x,PASS,Task-level robustness summary for balanced_pid.
baseline,TASK-7B1-006,TUBE-7B1-006,3,0.256,0.184,0.322,2.526,1.587,0.632,x,PASS,Task-level robustness summary for balanced_pid.
baseline,TASK-7B1-006,TUBE-7B1-006,4,0.256,0.183,0.321,2.458,1.565,0.658,x,PASS,Task-level robustness summary for balanced_pid.
baseline,TASK-7B1-006,TUBE-7B1-006,5,0.256,0.185,0.321,2.614,1.575,0.625,x,PASS,Task-level robustness summary for balanced_pid.
baseline,TASK-7B1-007,TUBE-7B1-007,1,0.243,0.17,0.321,1.22,0.848,0.637,x,PASS,Task-level robustness summary for balanced_pid.
baseline,TASK-7B1-007,TUBE-7B1-007,2,0.236,0.17,0.32,1.01,0.832,0.635,x,PASS,Task-level robustness summary for balanced_pid.
baseline,TASK-7B1-007,TUBE-7B1-007,3,0.239,0.166,0.319,1.072,0.901,0.636,x,PASS,Task-level robustness summary for balanced_pid.
baseline,TASK-7B1-007,TUBE-7B1-007,4,0.242,0.168,0.321,1.076,0.845,0.621,x,PASS,Task-level robustness summary for balanced_pid.
baseline,TASK-7B1-007,TUBE-7B1-007,5,0.24,0.169,0.32,1.088,0.856,0.621,x,PASS,Task-level robustness summary for balanced_pid.
baseline,TASK-7B1-008,TUBE-7B1-008,1,0.213,0.156,0.333,0.826,0.699,0.626,x,PASS,Task-level robustness summary for balanced_pid.
baseline,TASK-7B1-008,TUBE-7B1-008,2,0.219,0.151,0.331,0.962,0.642,0.624,x,PASS,Task-level robustness summary for balanced_pid.
baseline,TASK-7B1-008,TUBE-7B1-008,3,0.217,0.153,0.336,1.023,0.606,0.654,x,PASS,Task-level robustness summary for balanced_pid.
baseline,TASK-7B1-008,TUBE-7B1-008,4,0.215,0.154,0.332,0.885,0.725,0.612,x,PASS,Task-level robustness summary for balanced_pid.
baseline,TASK-7B1-008,TUBE-7B1-008,5,0.212,0.152,0.333,0.951,0.66,0.62,x,PASS,Task-level robustness summary for balanced_pid.
baseline,TASK-7B1-009,TUBE-7B1-009,1,0.222,0.149,0.326,0.864,0.592,0.622,x,PASS,Task-level robustness summary for balanced_pid.
baseline,TASK-7B1-009,TUBE-7B1-009,2,0.219,0.147,0.326,0.741,0.619,0.608,x,PASS,Task-level robustness summary for balanced_pid.
baseline,TASK-7B1-009,TUBE-7B1-009,3,0.219,0.147,0.329,0.815,0.593,0.624,x,PASS,Task-level robustness summary for balanced_pid.
baseline,TASK-7B1-009,TUBE-7B1-009,4,0.222,0.149,0.325,0.888,0.626,0.635,x,PASS,Task-level robustness summary for balanced_pid.
baseline,TASK-7B1-009,TUBE-7B1-009,5,0.222,0.149,0.328,0.797,0.722,0.63,x,PASS,Task-level robustness summary for balanced_pid.
baseline,TASK-7B1-010,TUBE-7B1-010,1,0.238,0.155,0.324,0.922,0.555,0.628,x,PASS,Task-level robustness summary for balanced_pid.
baseline,TASK-7B1-010,TUBE-7B1-010,2,0.239,0.157,0.321,0.813,0.494,0.61,x,PASS,Task-level robustness summary for balanced_pid.
baseline,TASK-7B1-010,TUBE-7B1-010,3,0.232,0.151,0.32,0.883,0.536,0.623,x,PASS,Task-level robustness summary for balanced_pid.
baseline,TASK-7B1-010,TUBE-7B1-010,4,0.237,0.153,0.322,0.854,0.527,0.642,x,PASS,Task-level robustness summary for balanced_pid.
baseline,TASK-7B1-010,TUBE-7B1-010,5,0.239,0.156,0.322,0.937,0.593,0.621,x,PASS,Task-level robustness summary for balanced_pid.
baseline,TASK-7B1-011,TUBE-7B1-011,1,0.257,0.151,0.319,1.25,0.828,0.647,x,PASS,Task-level robustness summary for balanced_pid.
baseline,TASK-7B1-011,TUBE-7B1-011,2,0.254,0.149,0.316,1.206,0.682,0.618,x,PASS,Task-level robustness summary for balanced_pid.
baseline,TASK-7B1-011,TUBE-7B1-011,3,0.254,0.148,0.316,1.293,0.766,0.617,x,PASS,Task-level robustness summary for balanced_pid.
baseline,TASK-7B1-011,TUBE-7B1-011,4,0.256,0.15,0.319,1.23,0.782,0.617,x,PASS,Task-level robustness summary for balanced_pid.
baseline,TASK-7B1-011,TUBE-7B1-011,5,0.257,0.151,0.316,1.245,0.639,0.63,x,PASS,Task-level robustness summary for balanced_pid.
baseline,TASK-7B1-012,TUBE-7B1-012,1,0.238,0.138,0.329,1.574,0.902,0.636,x,PASS,Task-level robustness summary for balanced_pid.
baseline,TASK-7B1-012,TUBE-7B1-012,2,0.232,0.135,0.33,1.436,0.98,0.619,x,PASS,Task-level robustness summary for balanced_pid.
baseline,TASK-7B1-012,TUBE-7B1-012,3,0.239,0.14,0.33,1.459,0.876,0.649,x,PASS,Task-level robustness summary for balanced_pid.
baseline,TASK-7B1-012,TUBE-7B1-012,4,0.228,0.137,0.33,1.468,0.887,0.627,x,PASS,Task-level robustness summary for balanced_pid.
baseline,TASK-7B1-012,TUBE-7B1-012,5,0.238,0.139,0.33,1.504,0.958,0.624,x,PASS,Task-level robustness summary for balanced_pid.
baseline,TASK-7B1-013,TUBE-7B1-013,1,0.234,0.178,0.321,1.348,0.894,0.624,x,PASS,Task-level robustness summary for balanced_pid.
baseline,TASK-7B1-013,TUBE-7B1-013,2,0.238,0.179,0.322,1.361,0.811,0.626,x,PASS,Task-level robustness summary for balanced_pid.
baseline,TASK-7B1-013,TUBE-7B1-013,3,0.236,0.183,0.322,1.281,0.8,0.607,x,PASS,Task-level robustness summary for balanced_pid.
baseline,TASK-7B1-013,TUBE-7B1-013,4,0.234,0.181,0.322,1.379,0.891,0.641,x,PASS,Task-level robustness summary for balanced_pid.
baseline,TASK-7B1-013,TUBE-7B1-013,5,0.237,0.186,0.321,1.323,0.922,0.632,x,PASS,Task-level robustness summary for balanced_pid.
baseline,TASK-7B1-014,TUBE-7B1-014,1,0.228,0.141,0.328,1.157,0.6,0.609,x,PASS,Task-level robustness summary for balanced_pid.
baseline,TASK-7B1-014,TUBE-7B1-014,2,0.229,0.136,0.331,1.113,0.55,0.648,x,PASS,Task-level robustness summary for balanced_pid.
baseline,TASK-7B1-014,TUBE-7B1-014,3,0.227,0.138,0.327,1.06,0.591,0.624,x,PASS,Task-level robustness summary for balanced_pid.
baseline,TASK-7B1-014,TUBE-7B1-014,4,0.229,0.134,0.329,1.14,0.526,0.638,x,PASS,Task-level robustness summary for balanced_pid.
baseline,TASK-7B1-014,TUBE-7B1-014,5,0.227,0.137,0.329,1.106,0.649,0.609,x,PASS,Task-level robustness summary for balanced_pid.
baseline,TASK-7B1-015,TUBE-7B1-015,1,0.24,0.142,0.325,0.808,0.526,0.625,x,PASS,Task-level robustness summary for balanced_pid.
baseline,TASK-7B1-015,TUBE-7B1-015,2,0.239,0.139,0.321,0.852,0.583,0.631,x,PASS,Task-level robustness summary for balanced_pid.
baseline,TASK-7B1-015,TUBE-7B1-015,3,0.242,0.143,0.321,0.836,0.499,0.61,x,PASS,Task-level robustness summary for balanced_pid.
baseline,TASK-7B1-015,TUBE-7B1-015,4,0.241,0.14,0.32,0.846,0.558,0.614,x,PASS,Task-level robustness summary for balanced_pid.
baseline,TASK-7B1-015,TUBE-7B1-015,5,0.239,0.137,0.324,0.848,0.546,0.626,x,PASS,Task-level robustness summary for balanced_pid.
baseline,TASK-7B1-016,TUBE-7B1-016,1,0.249,0.136,0.322,0.897,0.391,0.611,x,PASS,Task-level robustness summary for balanced_pid.
baseline,TASK-7B1-016,TUBE-7B1-016,2,0.249,0.134,0.319,0.868,0.381,0.632,x,PASS,Task-level robustness summary for balanced_pid.
baseline,TASK-7B1-016,TUBE-7B1-016,3,0.25,0.134,0.32,0.827,0.388,0.62,x,PASS,Task-level robustness summary for balanced_pid.
baseline,TASK-7B1-016,TUBE-7B1-016,4,0.247,0.137,0.319,0.808,0.411,0.623,x,PASS,Task-level robustness summary for balanced_pid.
baseline,TASK-7B1-016,TUBE-7B1-016,5,0.248,0.133,0.32,0.823,0.454,0.598,x,PASS,Task-level robustness summary for balanced_pid.
baseline,TASK-7B1-017,TUBE-7B1-017,1,0.239,0.119,0.333,1.072,0.594,0.622,x,PASS,Task-level robustness summary for balanced_pid.
baseline,TASK-7B1-017,TUBE-7B1-017,2,0.23,0.115,0.332,0.958,0.629,0.619,x,PASS,Task-level robustness summary for balanced_pid.
baseline,TASK-7B1-017,TUBE-7B1-017,3,0.234,0.114,0.334,1.061,0.583,0.652,x,PASS,Task-level robustness summary for balanced_pid.
baseline,TASK-7B1-017,TUBE-7B1-017,4,0.229,0.118,0.33,0.999,0.595,0.628,x,PASS,Task-level robustness summary for balanced_pid.
baseline,TASK-7B1-017,TUBE-7B1-017,5,0.234,0.117,0.335,1.019,0.693,0.644,x,PASS,Task-level robustness summary for balanced_pid.
baseline,TASK-7B1-018,TUBE-7B1-018,1,0.243,0.123,0.327,1.058,0.688,0.632,x,PASS,Task-level robustness summary for balanced_pid.
baseline,TASK-7B1-018,TUBE-7B1-018,2,0.244,0.127,0.327,1.026,0.833,0.616,x,PASS,Task-level robustness summary for balanced_pid.
baseline,TASK-7B1-018,TUBE-7B1-018,3,0.244,0.119,0.326,1.086,0.655,0.624,x,PASS,Task-level robustness summary for balanced_pid.
baseline,TASK-7B1-018,TUBE-7B1-018,4,0.245,0.118,0.326,1.034,0.721,0.617,x,PASS,Task-level robustness summary for balanced_pid.
baseline,TASK-7B1-018,TUBE-7B1-018,5,0.244,0.123,0.328,0.996,0.606,0.616,x,PASS,Task-level robustness summary for balanced_pid.
baseline,TASK-7B1-019,TUBE-7B1-019,1,0.164,0.207,0.331,0.861,0.844,0.642,x,PASS,Task-level robustness summary for balanced_pid.
baseline,TASK-7B1-019,TUBE-7B1-019,2,0.169,0.208,0.33,0.873,0.833,0.606,x,PASS,Task-level robustness summary for balanced_pid.
baseline,TASK-7B1-019,TUBE-7B1-019,3,0.169,0.211,0.328,0.784,0.82,0.628,y,PASS,Task-level robustness summary for balanced_pid.
baseline,TASK-7B1-019,TUBE-7B1-019,4,0.172,0.205,0.329,0.98,0.771,0.608,x,PASS,Task-level robustness summary for balanced_pid.
baseline,TASK-7B1-019,TUBE-7B1-019,5,0.165,0.206,0.332,0.772,0.801,0.616,y,PASS,Task-level robustness summary for balanced_pid.
baseline,TASK-7B1-020,TUBE-7B1-020,1,0.209,0.193,0.322,1.37,0.79,0.623,x,PASS,Task-level robustness summary for balanced_pid.
baseline,TASK-7B1-020,TUBE-7B1-020,2,0.207,0.197,0.321,1.442,0.771,0.616,x,PASS,Task-level robustness summary for balanced_pid.
baseline,TASK-7B1-020,TUBE-7B1-020,3,0.212,0.202,0.32,1.389,0.798,0.621,x,PASS,Task-level robustness summary for balanced_pid.
baseline,TASK-7B1-020,TUBE-7B1-020,4,0.212,0.201,0.321,1.517,0.785,0.638,x,PASS,Task-level robustness summary for balanced_pid.
baseline,TASK-7B1-020,TUBE-7B1-020,5,0.211,0.201,0.321,1.383,0.755,0.62,x,PASS,Task-level robustness summary for balanced_pid.
baseline,TASK-7B1-021,TUBE-7B1-021,1,0.23,0.199,0.333,2.965,1.082,0.612,x,PASS,Task-level robustness summary for balanced_pid.
baseline,TASK-7B1-021,TUBE-7B1-021,2,0.233,0.2,0.333,3.039,1.069,0.669,x,PASS,Task-level robustness summary for balanced_pid.
baseline,TASK-7B1-021,TUBE-7B1-021,3,0.229,0.2,0.331,2.935,1.119,0.625,x,PASS,Task-level robustness summary for balanced_pid.
baseline,TASK-7B1-021,TUBE-7B1-021,4,0.232,0.198,0.335,3.083,1.126,0.63,x,PASS,Task-level robustness summary for balanced_pid.
baseline,TASK-7B1-021,TUBE-7B1-021,5,0.23,0.2,0.333,2.916,1.192,0.617,x,PASS,Task-level robustness summary for balanced_pid.
baseline,TASK-7B1-022,TUBE-7B1-022,1,0.21,0.176,0.326,1.043,0.749,0.626,x,PASS,Task-level robustness summary for balanced_pid.
baseline,TASK-7B1-022,TUBE-7B1-022,2,0.209,0.177,0.323,1.046,0.839,0.617,x,PASS,Task-level robustness summary for balanced_pid.
baseline,TASK-7B1-022,TUBE-7B1-022,3,0.207,0.178,0.324,0.93,0.738,0.626,x,PASS,Task-level robustness summary for balanced_pid.
baseline,TASK-7B1-022,TUBE-7B1-022,4,0.204,0.177,0.325,0.914,0.765,0.624,x,PASS,Task-level robustness summary for balanced_pid.
baseline,TASK-7B1-022,TUBE-7B1-022,5,0.211,0.178,0.327,1.043,0.702,0.636,x,PASS,Task-level robustness summary for balanced_pid.
baseline,TASK-7B1-023,TUBE-7B1-023,1,0.176,0.206,0.33,0.927,0.876,0.623,x,PASS,Task-level robustness summary for balanced_pid.
baseline,TASK-7B1-023,TUBE-7B1-023,2,0.174,0.203,0.326,0.776,0.706,0.64,x,PASS,Task-level robustness summary for balanced_pid.
baseline,TASK-7B1-023,TUBE-7B1-023,3,0.177,0.199,0.329,0.945,0.719,0.628,x,PASS,Task-level robustness summary for balanced_pid.
baseline,TASK-7B1-023,TUBE-7B1-023,4,0.179,0.198,0.33,0.76,0.7,0.618,x,PASS,Task-level robustness summary for balanced_pid.
baseline,TASK-7B1-023,TUBE-7B1-023,5,0.178,0.204,0.328,0.921,0.728,0.61,x,PASS,Task-level robustness summary for balanced_pid.
baseline,TASK-7B1-024,TUBE-7B1-024,1,0.207,0.184,0.325,0.966,0.68,0.632,x,PASS,Task-level robustness summary for balanced_pid.
baseline,TASK-7B1-024,TUBE-7B1-024,2,0.202,0.188,0.323,0.859,0.749,0.618,x,PASS,Task-level robustness summary for balanced_pid.
baseline,TASK-7B1-024,TUBE-7B1-024,3,0.2,0.184,0.326,0.998,0.734,0.636,x,PASS,Task-level robustness summary for balanced_pid.
baseline,TASK-7B1-024,TUBE-7B1-024,4,0.206,0.187,0.324,0.965,0.769,0.63,x,PASS,Task-level robustness summary for balanced_pid.
baseline,TASK-7B1-024,TUBE-7B1-024,5,0.203,0.187,0.326,0.938,0.823,0.628,x,PASS,Task-level robustness summary for balanced_pid.
baseline,TASK-7B1-025,TUBE-7B1-025,1,0.173,0.172,0.335,0.816,0.719,0.627,x,PASS,Task-level robustness summary for balanced_pid.
baseline,TASK-7B1-025,TUBE-7B1-025,2,0.176,0.169,0.337,0.955,0.698,0.62,x,PASS,Task-level robustness summary for balanced_pid.
baseline,TASK-7B1-025,TUBE-7B1-025,3,0.174,0.17,0.336,0.811,0.756,0.642,x,PASS,Task-level robustness summary for balanced_pid.
baseline,TASK-7B1-025,TUBE-7B1-025,4,0.174,0.172,0.337,0.858,0.746,0.62,x,PASS,Task-level robustness summary for balanced_pid.
baseline,TASK-7B1-025,TUBE-7B1-025,5,0.175,0.172,0.336,0.884,0.893,0.624,y,PASS,Task-level robustness summary for balanced_pid.
baseline,TASK-7B1-026,TUBE-7B1-026,1,0.209,0.171,0.324,0.712,0.989,0.599,y,PASS,Task-level robustness summary for balanced_pid.
baseline,TASK-7B1-026,TUBE-7B1-026,2,0.212,0.172,0.326,0.788,1.012,0.617,y,PASS,Task-level robustness summary for balanced_pid.
baseline,TASK-7B1-026,TUBE-7B1-026,3,0.209,0.174,0.327,0.775,0.887,0.616,y,PASS,Task-level robustness summary for balanced_pid.
baseline,TASK-7B1-026,TUBE-7B1-026,4,0.209,0.176,0.327,0.763,1.043,0.625,y,PASS,Task-level robustness summary for balanced_pid.
baseline,TASK-7B1-026,TUBE-7B1-026,5,0.21,0.173,0.325,0.716,0.916,0.625,y,PASS,Task-level robustness summary for balanced_pid.
baseline,TASK-7B1-027,TUBE-7B1-027,1,0.137,0.191,0.338,0.51,0.96,0.609,y,PASS,Task-level robustness summary for balanced_pid.
baseline,TASK-7B1-027,TUBE-7B1-027,2,0.142,0.185,0.342,0.618,1.059,0.628,y,PASS,Task-level robustness summary for balanced_pid.
baseline,TASK-7B1-027,TUBE-7B1-027,3,0.139,0.19,0.34,0.59,1.144,0.637,y,PASS,Task-level robustness summary for balanced_pid.
baseline,TASK-7B1-027,TUBE-7B1-027,4,0.141,0.189,0.342,0.559,1.116,0.626,y,PASS,Task-level robustness summary for balanced_pid.
baseline,TASK-7B1-027,TUBE-7B1-027,5,0.14,0.19,0.34,0.491,1.117,0.652,y,PASS,Task-level robustness summary for balanced_pid.
baseline,TASK-7B1-028,TUBE-7B1-028,1,0.192,0.195,0.33,1.147,0.817,0.616,x,PASS,Task-level robustness summary for balanced_pid.
baseline,TASK-7B1-028,TUBE-7B1-028,2,0.19,0.195,0.333,1.11,0.701,0.622,x,PASS,Task-level robustness summary for balanced_pid.
baseline,TASK-7B1-028,TUBE-7B1-028,3,0.194,0.195,0.329,1.095,0.784,0.626,x,PASS,Task-level robustness summary for balanced_pid.
baseline,TASK-7B1-028,TUBE-7B1-028,4,0.189,0.197,0.329,1.178,0.795,0.625,x,PASS,Task-level robustness summary for balanced_pid.
baseline,TASK-7B1-028,TUBE-7B1-028,5,0.183,0.196,0.326,1.053,0.762,0.626,x,PASS,Task-level robustness summary for balanced_pid.
baseline,TASK-7B1-029,TUBE-7B1-029,1,0.175,0.228,0.334,0.742,2.5,0.611,y,PASS,Task-level robustness summary for balanced_pid.
baseline,TASK-7B1-029,TUBE-7B1-029,2,0.172,0.224,0.334,0.669,2.42,0.616,y,PASS,Task-level robustness summary for balanced_pid.
baseline,TASK-7B1-029,TUBE-7B1-029,3,0.169,0.227,0.333,0.766,2.471,0.61,y,PASS,Task-level robustness summary for balanced_pid.
baseline,TASK-7B1-029,TUBE-7B1-029,4,0.174,0.223,0.336,0.745,2.378,0.63,y,PASS,Task-level robustness summary for balanced_pid.
baseline,TASK-7B1-029,TUBE-7B1-029,5,0.174,0.226,0.333,0.779,2.508,0.606,y,PASS,Task-level robustness summary for balanced_pid.
baseline,TASK-7B1-030,TUBE-7B1-030,1,0.151,0.195,0.345,0.769,2.249,0.623,y,PASS,Task-level robustness summary for balanced_pid.
baseline,TASK-7B1-030,TUBE-7B1-030,2,0.149,0.198,0.348,0.688,2.235,0.645,y,PASS,Task-level robustness summary for balanced_pid.
baseline,TASK-7B1-030,TUBE-7B1-030,3,0.152,0.201,0.345,0.809,2.28,0.629,y,PASS,Task-level robustness summary for balanced_pid.
baseline,TASK-7B1-030,TUBE-7B1-030,4,0.153,0.2,0.346,0.792,2.272,0.632,y,PASS,Task-level robustness summary for balanced_pid.
baseline,TASK-7B1-030,TUBE-7B1-030,5,0.148,0.198,0.347,0.744,2.267,0.63,y,PASS,Task-level robustness summary for balanced_pid.
baseline,TASK-7B1-031,TUBE-7B1-031,1,0.215,0.197,0.335,1.282,2.329,0.64,y,PASS,Task-level robustness summary for balanced_pid.
baseline,TASK-7B1-031,TUBE-7B1-031,2,0.219,0.193,0.334,1.354,2.313,0.633,y,PASS,Task-level robustness summary for balanced_pid.
baseline,TASK-7B1-031,TUBE-7B1-031,3,0.211,0.2,0.335,1.318,2.302,0.593,y,PASS,Task-level robustness summary for balanced_pid.
baseline,TASK-7B1-031,TUBE-7B1-031,4,0.215,0.189,0.338,1.363,2.18,0.611,y,PASS,Task-level robustness summary for balanced_pid.
baseline,TASK-7B1-031,TUBE-7B1-031,5,0.215,0.201,0.335,1.31,2.364,0.605,y,PASS,Task-level robustness summary for balanced_pid.
baseline,TASK-7B1-032,TUBE-7B1-032,1,0.168,0.196,0.345,1.219,1.951,0.63,y,PASS,Task-level robustness summary for balanced_pid.
baseline,TASK-7B1-032,TUBE-7B1-032,2,0.165,0.198,0.34,1.208,1.935,0.637,y,PASS,Task-level robustness summary for balanced_pid.
baseline,TASK-7B1-032,TUBE-7B1-032,3,0.161,0.2,0.34,1.182,2.012,0.634,y,PASS,Task-level robustness summary for balanced_pid.
baseline,TASK-7B1-032,TUBE-7B1-032,4,0.163,0.196,0.341,1.203,1.976,0.61,y,PASS,Task-level robustness summary for balanced_pid.
baseline,TASK-7B1-032,TUBE-7B1-032,5,0.16,0.195,0.341,1.212,1.88,0.607,y,PASS,Task-level robustness summary for balanced_pid.
baseline,TASK-7B1-033,TUBE-7B1-033,1,0.183,0.161,0.335,0.683,0.683,0.63,x,PASS,Task-level robustness summary for balanced_pid.
baseline,TASK-7B1-033,TUBE-7B1-033,2,0.178,0.164,0.336,0.746,0.713,0.612,x,PASS,Task-level robustness summary for balanced_pid.
baseline,TASK-7B1-033,TUBE-7B1-033,3,0.181,0.164,0.334,0.674,0.702,0.613,y,PASS,Task-level robustness summary for balanced_pid.
baseline,TASK-7B1-033,TUBE-7B1-033,4,0.181,0.161,0.334,0.692,0.682,0.61,x,PASS,Task-level robustness summary for balanced_pid.
baseline,TASK-7B1-033,TUBE-7B1-033,5,0.183,0.162,0.334,0.659,0.703,0.612,y,PASS,Task-level robustness summary for balanced_pid.
baseline,TASK-7B1-034,TUBE-7B1-034,1,0.156,0.145,0.349,0.795,0.638,0.638,x,PASS,Task-level robustness summary for balanced_pid.
baseline,TASK-7B1-034,TUBE-7B1-034,2,0.156,0.15,0.349,0.94,0.684,0.615,x,PASS,Task-level robustness summary for balanced_pid.
baseline,TASK-7B1-034,TUBE-7B1-034,3,0.15,0.145,0.347,0.829,0.707,0.609,x,PASS,Task-level robustness summary for balanced_pid.
baseline,TASK-7B1-034,TUBE-7B1-034,4,0.158,0.144,0.346,0.974,0.685,0.628,x,PASS,Task-level robustness summary for balanced_pid.
baseline,TASK-7B1-034,TUBE-7B1-034,5,0.154,0.142,0.349,0.915,0.667,0.621,x,PASS,Task-level robustness summary for balanced_pid.
baseline,TASK-7B1-035,TUBE-7B1-035,1,0.274,0.057,0.324,1.042,0.177,0.654,x,PASS,Task-level robustness summary for balanced_pid.
baseline,TASK-7B1-035,TUBE-7B1-035,2,0.278,0.056,0.324,1.017,0.176,0.623,x,PASS,Task-level robustness summary for balanced_pid.
baseline,TASK-7B1-035,TUBE-7B1-035,3,0.275,0.06,0.322,0.958,0.205,0.625,x,PASS,Task-level robustness summary for balanced_pid.
baseline,TASK-7B1-035,TUBE-7B1-035,4,0.277,0.058,0.322,0.971,0.224,0.624,x,PASS,Task-level robustness summary for balanced_pid.
baseline,TASK-7B1-035,TUBE-7B1-035,5,0.275,0.057,0.322,0.983,0.214,0.63,x,PASS,Task-level robustness summary for balanced_pid.
baseline,TASK-7B1-036,TUBE-7B1-036,1,0.238,0.112,0.329,0.886,0.606,0.626,x,PASS,Task-level robustness summary for balanced_pid.
baseline,TASK-7B1-036,TUBE-7B1-036,2,0.241,0.112,0.332,0.918,0.563,0.609,x,PASS,Task-level robustness summary for balanced_pid.
baseline,TASK-7B1-036,TUBE-7B1-036,3,0.239,0.112,0.331,0.872,0.583,0.604,x,PASS,Task-level robustness summary for balanced_pid.
baseline,TASK-7B1-036,TUBE-7B1-036,4,0.238,0.111,0.329,0.882,0.53,0.615,x,PASS,Task-level robustness summary for balanced_pid.
baseline,TASK-7B1-036,TUBE-7B1-036,5,0.238,0.104,0.329,0.896,0.518,0.619,x,PASS,Task-level robustness summary for balanced_pid.
baseline,TASK-7B1-037,TUBE-7B1-037,1,0.268,0.097,0.322,1.199,0.506,0.635,x,PASS,Task-level robustness summary for balanced_pid.
baseline,TASK-7B1-037,TUBE-7B1-037,2,0.272,0.103,0.326,1.26,0.569,0.66,x,PASS,Task-level robustness summary for balanced_pid.
baseline,TASK-7B1-037,TUBE-7B1-037,3,0.27,0.097,0.322,1.209,0.432,0.644,x,PASS,Task-level robustness summary for balanced_pid.
baseline,TASK-7B1-037,TUBE-7B1-037,4,0.271,0.099,0.325,1.15,0.517,0.637,x,PASS,Task-level robustness summary for balanced_pid.
baseline,TASK-7B1-037,TUBE-7B1-037,5,0.27,0.096,0.324,1.272,0.487,0.63,x,PASS,Task-level robustness summary for balanced_pid.
baseline,TASK-7B1-038,TUBE-7B1-038,1,0.252,0.058,0.339,2.365,0.214,0.658,x,PASS,Task-level robustness summary for balanced_pid.
baseline,TASK-7B1-038,TUBE-7B1-038,2,0.254,0.059,0.342,2.48,0.182,0.614,x,PASS,Task-level robustness summary for balanced_pid.
baseline,TASK-7B1-038,TUBE-7B1-038,3,0.252,0.059,0.339,2.498,0.187,0.637,x,PASS,Task-level robustness summary for balanced_pid.
baseline,TASK-7B1-038,TUBE-7B1-038,4,0.257,0.062,0.34,2.477,0.179,0.625,x,PASS,Task-level robustness summary for balanced_pid.
baseline,TASK-7B1-038,TUBE-7B1-038,5,0.253,0.059,0.342,2.403,0.228,0.653,x,PASS,Task-level robustness summary for balanced_pid.
baseline,TASK-7B1-039,TUBE-7B1-039,1,0.244,0.061,0.335,1.027,0.215,0.621,x,PASS,Task-level robustness summary for balanced_pid.
baseline,TASK-7B1-039,TUBE-7B1-039,2,0.24,0.061,0.339,1.001,0.229,0.641,x,PASS,Task-level robustness summary for balanced_pid.
baseline,TASK-7B1-039,TUBE-7B1-039,3,0.241,0.057,0.337,0.937,0.201,0.638,x,PASS,Task-level robustness summary for balanced_pid.
baseline,TASK-7B1-039,TUBE-7B1-039,4,0.243,0.064,0.334,1.038,0.205,0.642,x,PASS,Task-level robustness summary for balanced_pid.
baseline,TASK-7B1-039,TUBE-7B1-039,5,0.246,0.06,0.335,1.078,0.24,0.625,x,PASS,Task-level robustness summary for balanced_pid.
baseline,TASK-7B1-040,TUBE-7B1-040,1,0.266,0.102,0.326,1.006,0.504,0.631,x,PASS,Task-level robustness summary for balanced_pid.
baseline,TASK-7B1-040,TUBE-7B1-040,2,0.261,0.106,0.325,1.019,0.517,0.614,x,PASS,Task-level robustness summary for balanced_pid.
baseline,TASK-7B1-040,TUBE-7B1-040,3,0.261,0.107,0.323,0.939,0.553,0.611,x,PASS,Task-level robustness summary for balanced_pid.
baseline,TASK-7B1-040,TUBE-7B1-040,4,0.266,0.107,0.327,1.054,0.576,0.61,x,PASS,Task-level robustness summary for balanced_pid.
baseline,TASK-7B1-040,TUBE-7B1-040,5,0.257,0.103,0.323,0.991,0.487,0.625,x,PASS,Task-level robustness summary for balanced_pid.
baseline,TASK-7B1-041,TUBE-7B1-041,1,0.275,0.095,0.326,1.331,0.376,0.637,x,PASS,Task-level robustness summary for balanced_pid.
baseline,TASK-7B1-041,TUBE-7B1-041,2,0.272,0.09,0.323,1.362,0.402,0.607,x,PASS,Task-level robustness summary for balanced_pid.
baseline,TASK-7B1-041,TUBE-7B1-041,3,0.276,0.094,0.324,1.35,0.36,0.623,x,PASS,Task-level robustness summary for balanced_pid.
baseline,TASK-7B1-041,TUBE-7B1-041,4,0.275,0.094,0.323,1.357,0.396,0.635,x,PASS,Task-level robustness summary for balanced_pid.
baseline,TASK-7B1-041,TUBE-7B1-041,5,0.271,0.093,0.321,1.319,0.416,0.624,x,PASS,Task-level robustness summary for balanced_pid.
baseline,TASK-7B1-042,TUBE-7B1-042,1,0.24,0.057,0.337,0.885,0.179,0.62,x,PASS,Task-level robustness summary for balanced_pid.
baseline,TASK-7B1-042,TUBE-7B1-042,2,0.239,0.056,0.336,0.944,0.187,0.616,x,PASS,Task-level robustness summary for balanced_pid.
baseline,TASK-7B1-042,TUBE-7B1-042,3,0.235,0.056,0.338,0.874,0.169,0.62,x,PASS,Task-level robustness summary for balanced_pid.
baseline,TASK-7B1-042,TUBE-7B1-042,4,0.237,0.056,0.339,0.875,0.193,0.616,x,PASS,Task-level robustness summary for balanced_pid.
baseline,TASK-7B1-042,TUBE-7B1-042,5,0.235,0.056,0.336,0.881,0.162,0.627,x,PASS,Task-level robustness summary for balanced_pid.
baseline,TASK-7B1-043,TUBE-7B1-043,1,0.261,0.055,0.33,1.631,0.206,0.616,x,PASS,Task-level robustness summary for balanced_pid.
baseline,TASK-7B1-043,TUBE-7B1-043,2,0.259,0.058,0.331,1.542,0.165,0.626,x,PASS,Task-level robustness summary for balanced_pid.
baseline,TASK-7B1-043,TUBE-7B1-043,3,0.257,0.056,0.33,1.44,0.216,0.64,x,PASS,Task-level robustness summary for balanced_pid.
baseline,TASK-7B1-043,TUBE-7B1-043,4,0.263,0.057,0.331,1.506,0.199,0.602,x,PASS,Task-level robustness summary for balanced_pid.
baseline,TASK-7B1-043,TUBE-7B1-043,5,0.257,0.057,0.332,1.535,0.204,0.663,x,PASS,Task-level robustness summary for balanced_pid.
baseline,TASK-7B1-044,TUBE-7B1-044,1,0.278,0.139,0.316,1.586,1.083,0.613,x,PASS,Task-level robustness summary for balanced_pid.
baseline,TASK-7B1-044,TUBE-7B1-044,2,0.276,0.138,0.313,1.621,1.082,0.603,x,PASS,Task-level robustness summary for balanced_pid.
baseline,TASK-7B1-044,TUBE-7B1-044,3,0.277,0.144,0.314,1.597,1.043,0.635,x,PASS,Task-level robustness summary for balanced_pid.
baseline,TASK-7B1-044,TUBE-7B1-044,4,0.279,0.147,0.313,1.588,1.188,0.627,x,PASS,Task-level robustness summary for balanced_pid.
baseline,TASK-7B1-044,TUBE-7B1-044,5,0.277,0.141,0.313,1.688,1.137,0.624,x,PASS,Task-level robustness summary for balanced_pid.
baseline,TASK-7B1-045,TUBE-7B1-045,1,0.256,0.105,0.324,1.059,0.438,0.613,x,PASS,Task-level robustness summary for balanced_pid.
baseline,TASK-7B1-045,TUBE-7B1-045,2,0.251,0.108,0.326,0.963,0.429,0.619,x,PASS,Task-level robustness summary for balanced_pid.
baseline,TASK-7B1-045,TUBE-7B1-045,3,0.25,0.108,0.327,1.016,0.507,0.641,x,PASS,Task-level robustness summary for balanced_pid.
baseline,TASK-7B1-045,TUBE-7B1-045,4,0.254,0.111,0.331,1.045,0.497,0.643,x,PASS,Task-level robustness summary for balanced_pid.
baseline,TASK-7B1-045,TUBE-7B1-045,5,0.253,0.106,0.329,1.06,0.435,0.646,x,PASS,Task-level robustness summary for balanced_pid.
baseline,TASK-7B1-046,TUBE-7B1-046,1,0.269,0.096,0.323,0.96,0.328,0.619,x,PASS,Task-level robustness summary for balanced_pid.
baseline,TASK-7B1-046,TUBE-7B1-046,2,0.264,0.092,0.321,0.994,0.329,0.615,x,PASS,Task-level robustness summary for balanced_pid.
baseline,TASK-7B1-046,TUBE-7B1-046,3,0.263,0.095,0.323,0.951,0.261,0.636,x,PASS,Task-level robustness summary for balanced_pid.
baseline,TASK-7B1-046,TUBE-7B1-046,4,0.265,0.095,0.323,1.025,0.295,0.626,x,PASS,Task-level robustness summary for balanced_pid.
baseline,TASK-7B1-046,TUBE-7B1-046,5,0.266,0.095,0.323,0.971,0.414,0.614,x,PASS,Task-level robustness summary for balanced_pid.
baseline,TASK-7B1-047,TUBE-7B1-047,1,0.282,0.068,0.337,2.97,0.238,0.636,x,PASS,Task-level robustness summary for balanced_pid.
baseline,TASK-7B1-047,TUBE-7B1-047,2,0.283,0.068,0.337,2.953,0.289,0.626,x,PASS,Task-level robustness summary for balanced_pid.
baseline,TASK-7B1-047,TUBE-7B1-047,3,0.28,0.065,0.338,2.919,0.308,0.621,x,PASS,Task-level robustness summary for balanced_pid.
baseline,TASK-7B1-047,TUBE-7B1-047,4,0.287,0.067,0.339,2.972,0.303,0.626,x,PASS,Task-level robustness summary for balanced_pid.
baseline,TASK-7B1-047,TUBE-7B1-047,5,0.286,0.065,0.34,3.032,0.267,0.642,x,PASS,Task-level robustness summary for balanced_pid.
baseline,TASK-7B1-048,TUBE-7B1-048,1,0.246,0.067,0.333,0.993,0.331,0.601,x,PASS,Task-level robustness summary for balanced_pid.
baseline,TASK-7B1-048,TUBE-7B1-048,2,0.248,0.064,0.333,0.853,0.263,0.625,x,PASS,Task-level robustness summary for balanced_pid.
baseline,TASK-7B1-048,TUBE-7B1-048,3,0.248,0.066,0.333,0.974,0.253,0.615,x,PASS,Task-level robustness summary for balanced_pid.
baseline,TASK-7B1-048,TUBE-7B1-048,4,0.251,0.067,0.332,0.951,0.293,0.607,x,PASS,Task-level robustness summary for balanced_pid.
baseline,TASK-7B1-048,TUBE-7B1-048,5,0.25,0.068,0.332,0.979,0.253,0.601,x,PASS,Task-level robustness summary for balanced_pid.
baseline,TASK-7B1-049,TUBE-7B1-049,1,0.258,0.112,0.321,0.899,0.41,0.615,x,PASS,Task-level robustness summary for balanced_pid.
baseline,TASK-7B1-049,TUBE-7B1-049,2,0.257,0.11,0.321,0.931,0.506,0.597,x,PASS,Task-level robustness summary for balanced_pid.
baseline,TASK-7B1-049,TUBE-7B1-049,3,0.256,0.108,0.322,0.829,0.341,0.649,x,PASS,Task-level robustness summary for balanced_pid.
baseline,TASK-7B1-049,TUBE-7B1-049,4,0.257,0.111,0.324,0.865,0.48,0.636,x,PASS,Task-level robustness summary for balanced_pid.
baseline,TASK-7B1-049,TUBE-7B1-049,5,0.259,0.109,0.322,0.85,0.439,0.623,x,PASS,Task-level robustness summary for balanced_pid.
baseline,TASK-7B1-050,TUBE-7B1-050,1,0.274,0.106,0.322,1.45,0.547,0.65,x,PASS,Task-level robustness summary for balanced_pid.
baseline,TASK-7B1-050,TUBE-7B1-050,2,0.274,0.104,0.321,1.507,0.459,0.628,x,PASS,Task-level robustness summary for balanced_pid.
baseline,TASK-7B1-050,TUBE-7B1-050,3,0.275,0.102,0.323,1.537,0.527,0.625,x,PASS,Task-level robustness summary for balanced_pid.
baseline,TASK-7B1-050,TUBE-7B1-050,4,0.276,0.105,0.32,1.464,0.49,0.603,x,PASS,Task-level robustness summary for balanced_pid.
baseline,TASK-7B1-050,TUBE-7B1-050,5,0.276,0.104,0.318,1.481,0.562,0.614,x,PASS,Task-level robustness summary for balanced_pid.
baseline,TASK-7B1-051,TUBE-7B1-051,1,0.246,0.08,0.332,0.902,0.334,0.668,x,PASS,Task-level robustness summary for balanced_pid.
baseline,TASK-7B1-051,TUBE-7B1-051,2,0.245,0.081,0.334,0.852,0.371,0.616,x,PASS,Task-level robustness summary for balanced_pid.
baseline,TASK-7B1-051,TUBE-7B1-051,3,0.246,0.081,0.335,0.942,0.372,0.622,x,PASS,Task-level robustness summary for balanced_pid.
baseline,TASK-7B1-051,TUBE-7B1-051,4,0.244,0.083,0.331,0.919,0.322,0.613,x,PASS,Task-level robustness summary for balanced_pid.
baseline,TASK-7B1-051,TUBE-7B1-051,5,0.243,0.083,0.33,0.855,0.445,0.614,x,PASS,Task-level robustness summary for balanced_pid.
baseline,TASK-7B1-052,TUBE-7B1-052,1,0.325,0.096,0.327,3.186,1.072,0.624,x,PASS,Task-level robustness summary for balanced_pid.
baseline,TASK-7B1-052,TUBE-7B1-052,2,0.326,0.101,0.327,3.222,1.133,0.619,x,PASS,Task-level robustness summary for balanced_pid.
baseline,TASK-7B1-052,TUBE-7B1-052,3,0.326,0.096,0.327,3.312,1.036,0.631,x,PASS,Task-level robustness summary for balanced_pid.
baseline,TASK-7B1-052,TUBE-7B1-052,4,0.326,0.098,0.327,3.208,1.161,0.608,x,PASS,Task-level robustness summary for balanced_pid.
baseline,TASK-7B1-052,TUBE-7B1-052,5,0.328,0.098,0.327,3.253,1.109,0.634,x,PASS,Task-level robustness summary for balanced_pid.
baseline,TASK-7B1-053,TUBE-7B1-053,1,0.145,0.115,0.357,0.54,0.48,0.621,z,PASS,Task-level robustness summary for balanced_pid.
baseline,TASK-7B1-053,TUBE-7B1-053,2,0.149,0.114,0.359,0.709,0.45,0.634,x,PASS,Task-level robustness summary for balanced_pid.
baseline,TASK-7B1-053,TUBE-7B1-053,3,0.148,0.114,0.357,0.631,0.409,0.642,z,PASS,Task-level robustness summary for balanced_pid.
baseline,TASK-7B1-053,TUBE-7B1-053,4,0.142,0.111,0.353,0.555,0.512,0.639,z,PASS,Task-level robustness summary for balanced_pid.
baseline,TASK-7B1-053,TUBE-7B1-053,5,0.148,0.117,0.357,0.604,0.478,0.62,z,PASS,Task-level robustness summary for balanced_pid.
baseline,TASK-7B1-054,TUBE-7B1-054,1,0.191,0.104,0.348,1.224,0.427,0.613,x,PASS,Task-level robustness summary for balanced_pid.
baseline,TASK-7B1-054,TUBE-7B1-054,2,0.194,0.104,0.351,1.131,0.577,0.631,x,PASS,Task-level robustness summary for balanced_pid.
baseline,TASK-7B1-054,TUBE-7B1-054,3,0.195,0.103,0.35,1.197,0.489,0.653,x,PASS,Task-level robustness summary for balanced_pid.
baseline,TASK-7B1-054,TUBE-7B1-054,4,0.192,0.106,0.349,1.183,0.542,0.643,x,PASS,Task-level robustness summary for balanced_pid.
baseline,TASK-7B1-054,TUBE-7B1-054,5,0.197,0.105,0.349,1.242,0.49,0.624,x,PASS,Task-level robustness summary for balanced_pid.
baseline,TASK-7B1-055,TUBE-7B1-055,1,0.167,0.075,0.356,0.901,0.371,0.631,x,PASS,Task-level robustness summary for balanced_pid.
baseline,TASK-7B1-055,TUBE-7B1-055,2,0.167,0.076,0.358,0.829,0.359,0.613,x,PASS,Task-level robustness summary for balanced_pid.
baseline,TASK-7B1-055,TUBE-7B1-055,3,0.165,0.07,0.357,0.835,0.409,0.633,x,PASS,Task-level robustness summary for balanced_pid.
baseline,TASK-7B1-055,TUBE-7B1-055,4,0.16,0.08,0.357,0.975,0.501,0.63,x,PASS,Task-level robustness summary for balanced_pid.
baseline,TASK-7B1-055,TUBE-7B1-055,5,0.171,0.074,0.36,0.89,0.402,0.62,x,PASS,Task-level robustness summary for balanced_pid.
baseline,TASK-7B1-056,TUBE-7B1-056,1,0.22,0.07,0.341,0.905,0.318,0.604,x,PASS,Task-level robustness summary for balanced_pid.
baseline,TASK-7B1-056,TUBE-7B1-056,2,0.215,0.068,0.344,0.998,0.268,0.636,x,PASS,Task-level robustness summary for balanced_pid.
baseline,TASK-7B1-056,TUBE-7B1-056,3,0.212,0.066,0.347,0.919,0.282,0.622,x,PASS,Task-level robustness summary for balanced_pid.
baseline,TASK-7B1-056,TUBE-7B1-056,4,0.214,0.071,0.344,0.828,0.35,0.631,x,PASS,Task-level robustness summary for balanced_pid.
baseline,TASK-7B1-056,TUBE-7B1-056,5,0.212,0.068,0.345,0.96,0.329,0.614,x,PASS,Task-level robustness summary for balanced_pid.
baseline,TASK-7B1-057,TUBE-7B1-057,1,0.164,0.107,0.353,0.732,0.533,0.624,x,PASS,Task-level robustness summary for balanced_pid.
baseline,TASK-7B1-057,TUBE-7B1-057,2,0.175,0.105,0.352,0.696,0.542,0.626,x,PASS,Task-level robustness summary for balanced_pid.
baseline,TASK-7B1-057,TUBE-7B1-057,3,0.17,0.101,0.353,0.792,0.476,0.637,x,PASS,Task-level robustness summary for balanced_pid.
baseline,TASK-7B1-057,TUBE-7B1-057,4,0.168,0.107,0.352,0.694,0.503,0.639,x,PASS,Task-level robustness summary for balanced_pid.
baseline,TASK-7B1-057,TUBE-7B1-057,5,0.17,0.107,0.35,0.64,0.467,0.613,x,PASS,Task-level robustness summary for balanced_pid.
baseline,TASK-7B1-058,TUBE-7B1-058,1,0.195,0.089,0.349,0.888,0.325,0.647,x,PASS,Task-level robustness summary for balanced_pid.
baseline,TASK-7B1-058,TUBE-7B1-058,2,0.196,0.097,0.35,0.873,0.35,0.628,x,PASS,Task-level robustness summary for balanced_pid.
baseline,TASK-7B1-058,TUBE-7B1-058,3,0.193,0.092,0.348,0.831,0.315,0.609,x,PASS,Task-level robustness summary for balanced_pid.
baseline,TASK-7B1-058,TUBE-7B1-058,4,0.194,0.096,0.351,0.746,0.432,0.624,x,PASS,Task-level robustness summary for balanced_pid.
baseline,TASK-7B1-058,TUBE-7B1-058,5,0.193,0.093,0.35,0.833,0.329,0.613,x,PASS,Task-level robustness summary for balanced_pid.
baseline,TASK-7B1-059,TUBE-7B1-059,1,0.205,0.152,0.34,1.344,0.908,0.611,x,PASS,Task-level robustness summary for balanced_pid.
baseline,TASK-7B1-059,TUBE-7B1-059,2,0.201,0.151,0.343,1.262,0.911,0.63,x,PASS,Task-level robustness summary for balanced_pid.
baseline,TASK-7B1-059,TUBE-7B1-059,3,0.201,0.152,0.34,1.293,0.962,0.619,x,PASS,Task-level robustness summary for balanced_pid.
baseline,TASK-7B1-059,TUBE-7B1-059,4,0.204,0.148,0.341,1.255,0.898,0.615,x,PASS,Task-level robustness summary for balanced_pid.
baseline,TASK-7B1-059,TUBE-7B1-059,5,0.203,0.146,0.338,1.292,0.824,0.63,x,PASS,Task-level robustness summary for balanced_pid.
baseline,TASK-7B1-060,TUBE-7B1-060,1,0.171,0.066,0.356,0.787,0.291,0.624,x,PASS,Task-level robustness summary for balanced_pid.
baseline,TASK-7B1-060,TUBE-7B1-060,2,0.169,0.064,0.357,0.807,0.291,0.645,x,PASS,Task-level robustness summary for balanced_pid.
baseline,TASK-7B1-060,TUBE-7B1-060,3,0.171,0.065,0.357,0.873,0.258,0.631,x,PASS,Task-level robustness summary for balanced_pid.
baseline,TASK-7B1-060,TUBE-7B1-060,4,0.165,0.066,0.354,0.796,0.286,0.599,x,PASS,Task-level robustness summary for balanced_pid.
baseline,TASK-7B1-060,TUBE-7B1-060,5,0.174,0.066,0.359,0.89,0.353,0.622,x,PASS,Task-level robustness summary for balanced_pid.
baseline,TASK-7B1-061,TUBE-7B1-061,1,0.282,0.081,0.339,3.067,0.539,0.626,x,PASS,Task-level robustness summary for balanced_pid.
baseline,TASK-7B1-061,TUBE-7B1-061,2,0.283,0.086,0.341,3.075,0.55,0.615,x,PASS,Task-level robustness summary for balanced_pid.
baseline,TASK-7B1-061,TUBE-7B1-061,3,0.292,0.088,0.343,3.18,0.539,0.619,x,PASS,Task-level robustness summary for balanced_pid.
baseline,TASK-7B1-061,TUBE-7B1-061,4,0.284,0.083,0.34,3.125,0.458,0.611,x,PASS,Task-level robustness summary for balanced_pid.
baseline,TASK-7B1-061,TUBE-7B1-061,5,0.287,0.084,0.344,3.165,0.55,0.619,x,PASS,Task-level robustness summary for balanced_pid.
baseline,TASK-7B1-062,TUBE-7B1-062,1,0.162,0.112,0.347,0.713,0.428,0.605,x,PASS,Task-level robustness summary for balanced_pid.
baseline,TASK-7B1-062,TUBE-7B1-062,2,0.167,0.114,0.352,0.776,0.458,0.652,x,PASS,Task-level robustness summary for balanced_pid.
baseline,TASK-7B1-062,TUBE-7B1-062,3,0.165,0.113,0.352,0.787,0.584,0.599,x,PASS,Task-level robustness summary for balanced_pid.
baseline,TASK-7B1-062,TUBE-7B1-062,4,0.164,0.117,0.35,0.752,0.494,0.623,x,PASS,Task-level robustness summary for balanced_pid.
baseline,TASK-7B1-062,TUBE-7B1-062,5,0.161,0.119,0.351,0.77,0.411,0.598,x,PASS,Task-level robustness summary for balanced_pid.
baseline,TASK-7B1-063,TUBE-7B1-063,1,0.193,0.106,0.345,0.722,0.369,0.617,x,PASS,Task-level robustness summary for balanced_pid.
baseline,TASK-7B1-063,TUBE-7B1-063,2,0.191,0.104,0.345,0.715,0.423,0.619,x,PASS,Task-level robustness summary for balanced_pid.
baseline,TASK-7B1-063,TUBE-7B1-063,3,0.194,0.104,0.341,0.725,0.4,0.609,x,PASS,Task-level robustness summary for balanced_pid.
baseline,TASK-7B1-063,TUBE-7B1-063,4,0.194,0.108,0.346,0.713,0.41,0.618,x,PASS,Task-level robustness summary for balanced_pid.
baseline,TASK-7B1-063,TUBE-7B1-063,5,0.193,0.108,0.344,0.822,0.406,0.602,x,PASS,Task-level robustness summary for balanced_pid.
baseline,TASK-7B1-064,TUBE-7B1-064,1,0.182,0.093,0.357,0.918,0.763,0.62,x,PASS,Task-level robustness summary for balanced_pid.
baseline,TASK-7B1-064,TUBE-7B1-064,2,0.182,0.09,0.353,0.94,0.744,0.603,x,PASS,Task-level robustness summary for balanced_pid.
baseline,TASK-7B1-064,TUBE-7B1-064,3,0.18,0.09,0.353,0.854,0.802,0.611,x,PASS,Task-level robustness summary for balanced_pid.
baseline,TASK-7B1-064,TUBE-7B1-064,4,0.184,0.089,0.355,1.055,0.718,0.623,x,PASS,Task-level robustness summary for balanced_pid.
baseline,TASK-7B1-064,TUBE-7B1-064,5,0.18,0.09,0.351,0.916,0.728,0.611,x,PASS,Task-level robustness summary for balanced_pid.
baseline,TASK-7B1-065,TUBE-7B1-065,1,0.219,0.072,0.341,0.807,0.319,0.619,x,PASS,Task-level robustness summary for balanced_pid.
baseline,TASK-7B1-065,TUBE-7B1-065,2,0.221,0.07,0.339,0.801,0.303,0.612,x,PASS,Task-level robustness summary for balanced_pid.
baseline,TASK-7B1-065,TUBE-7B1-065,3,0.216,0.07,0.339,0.883,0.373,0.61,x,PASS,Task-level robustness summary for balanced_pid.
baseline,TASK-7B1-065,TUBE-7B1-065,4,0.216,0.073,0.341,0.959,0.327,0.614,x,PASS,Task-level robustness summary for balanced_pid.
baseline,TASK-7B1-065,TUBE-7B1-065,5,0.218,0.075,0.34,0.903,0.336,0.635,x,PASS,Task-level robustness summary for balanced_pid.
baseline,TASK-7B1-066,TUBE-7B1-066,1,0.175,0.123,0.342,0.628,0.5,0.595,x,PASS,Task-level robustness summary for balanced_pid.
baseline,TASK-7B1-066,TUBE-7B1-066,2,0.176,0.124,0.344,0.759,0.533,0.611,x,PASS,Task-level robustness summary for balanced_pid.
baseline,TASK-7B1-066,TUBE-7B1-066,3,0.178,0.124,0.343,0.754,0.459,0.616,x,PASS,Task-level robustness summary for balanced_pid.
baseline,TASK-7B1-066,TUBE-7B1-066,4,0.177,0.124,0.346,0.674,0.564,0.606,x,PASS,Task-level robustness summary for balanced_pid.
baseline,TASK-7B1-066,TUBE-7B1-066,5,0.174,0.124,0.348,0.753,0.42,0.623,x,PASS,Task-level robustness summary for balanced_pid.
baseline,TASK-7B1-067,TUBE-7B1-067,1,0.216,0.123,0.34,1.229,0.556,0.642,x,PASS,Task-level robustness summary for balanced_pid.
baseline,TASK-7B1-067,TUBE-7B1-067,2,0.214,0.123,0.339,1.37,0.6,0.618,x,PASS,Task-level robustness summary for balanced_pid.
baseline,TASK-7B1-067,TUBE-7B1-067,3,0.218,0.13,0.341,1.388,0.661,0.631,x,PASS,Task-level robustness summary for balanced_pid.
baseline,TASK-7B1-067,TUBE-7B1-067,4,0.212,0.127,0.341,1.338,0.564,0.636,x,PASS,Task-level robustness summary for balanced_pid.
baseline,TASK-7B1-067,TUBE-7B1-067,5,0.212,0.126,0.338,1.32,0.529,0.613,x,PASS,Task-level robustness summary for balanced_pid.
baseline,TASK-7B1-068,TUBE-7B1-068,1,0.169,0.108,0.353,0.668,0.533,0.611,x,PASS,Task-level robustness summary for balanced_pid.
baseline,TASK-7B1-068,TUBE-7B1-068,2,0.168,0.108,0.352,0.738,0.602,0.627,x,PASS,Task-level robustness summary for balanced_pid.
baseline,TASK-7B1-068,TUBE-7B1-068,3,0.166,0.107,0.354,0.745,0.542,0.644,x,PASS,Task-level robustness summary for balanced_pid.
baseline,TASK-7B1-068,TUBE-7B1-068,4,0.166,0.105,0.349,0.745,0.483,0.622,x,PASS,Task-level robustness summary for balanced_pid.
baseline,TASK-7B1-068,TUBE-7B1-068,5,0.169,0.108,0.352,0.764,0.6,0.631,x,PASS,Task-level robustness summary for balanced_pid.
baseline,TASK-7B1-069,TUBE-7B1-069,1,0.229,0.101,0.339,1.506,0.48,0.627,x,PASS,Task-level robustness summary for balanced_pid.
baseline,TASK-7B1-069,TUBE-7B1-069,2,0.227,0.102,0.336,1.538,0.568,0.606,x,PASS,Task-level robustness summary for balanced_pid.
baseline,TASK-7B1-069,TUBE-7B1-069,3,0.227,0.099,0.338,1.533,0.489,0.61,x,PASS,Task-level robustness summary for balanced_pid.
baseline,TASK-7B1-069,TUBE-7B1-069,4,0.229,0.1,0.338,1.557,0.532,0.602,x,PASS,Task-level robustness summary for balanced_pid.
baseline,TASK-7B1-069,TUBE-7B1-069,5,0.225,0.103,0.342,1.419,0.522,0.623,x,PASS,Task-level robustness summary for balanced_pid.
forced_category_A_full,TASK-7B1-001,TUBE-7B1-001,1,0.215,0.182,0.322,0.733,0.638,0.615,x,PASS,Task-level robustness summary for balanced_pid.
forced_category_A_full,TASK-7B1-001,TUBE-7B1-001,2,0.212,0.183,0.323,0.701,0.705,0.612,y,PASS,Task-level robustness summary for balanced_pid.
forced_category_A_full,TASK-7B1-001,TUBE-7B1-001,3,0.212,0.188,0.323,0.778,0.85,0.633,y,PASS,Task-level robustness summary for balanced_pid.
forced_category_A_full,TASK-7B1-001,TUBE-7B1-001,4,0.212,0.182,0.321,0.771,0.602,0.611,x,PASS,Task-level robustness summary for balanced_pid.
forced_category_A_full,TASK-7B1-001,TUBE-7B1-001,5,0.217,0.182,0.323,0.749,0.64,0.62,x,PASS,Task-level robustness summary for balanced_pid.
forced_category_A_full,TASK-7B1-002,TUBE-7B1-002,1,0.245,0.184,0.316,1.195,0.975,0.604,x,PASS,Task-level robustness summary for balanced_pid.
forced_category_A_full,TASK-7B1-002,TUBE-7B1-002,2,0.24,0.18,0.32,1.049,0.803,0.617,x,PASS,Task-level robustness summary for balanced_pid.
forced_category_A_full,TASK-7B1-002,TUBE-7B1-002,3,0.239,0.177,0.318,1.089,0.934,0.605,x,PASS,Task-level robustness summary for balanced_pid.
forced_category_A_full,TASK-7B1-002,TUBE-7B1-002,4,0.241,0.181,0.316,1.153,0.834,0.621,x,PASS,Task-level robustness summary for balanced_pid.
forced_category_A_full,TASK-7B1-002,TUBE-7B1-002,5,0.243,0.18,0.318,1.19,0.931,0.595,x,PASS,Task-level robustness summary for balanced_pid.
forced_category_A_full,TASK-7B1-003,TUBE-7B1-003,1,0.209,0.164,0.329,0.768,0.694,0.618,x,PASS,Task-level robustness summary for balanced_pid.
forced_category_A_full,TASK-7B1-003,TUBE-7B1-003,2,0.211,0.162,0.33,0.704,0.63,0.641,x,PASS,Task-level robustness summary for balanced_pid.
forced_category_A_full,TASK-7B1-003,TUBE-7B1-003,3,0.208,0.163,0.331,0.708,0.657,0.636,x,PASS,Task-level robustness summary for balanced_pid.
forced_category_A_full,TASK-7B1-003,TUBE-7B1-003,4,0.208,0.168,0.33,0.724,0.689,0.632,x,PASS,Task-level robustness summary for balanced_pid.
forced_category_A_full,TASK-7B1-003,TUBE-7B1-003,5,0.209,0.164,0.33,0.784,0.671,0.598,x,PASS,Task-level robustness summary for balanced_pid.
forced_category_A_full,TASK-7B1-004,TUBE-7B1-004,1,0.226,0.194,0.318,1.175,0.752,0.63,x,PASS,Task-level robustness summary for balanced_pid.
forced_category_A_full,TASK-7B1-004,TUBE-7B1-004,2,0.226,0.192,0.315,1.058,0.786,0.619,x,PASS,Task-level robustness summary for balanced_pid.
forced_category_A_full,TASK-7B1-004,TUBE-7B1-004,3,0.229,0.198,0.317,1.223,0.806,0.623,x,PASS,Task-level robustness summary for balanced_pid.
forced_category_A_full,TASK-7B1-004,TUBE-7B1-004,4,0.224,0.2,0.317,1.095,0.747,0.625,x,PASS,Task-level robustness summary for balanced_pid.
forced_category_A_full,TASK-7B1-004,TUBE-7B1-004,5,0.225,0.196,0.314,1.198,0.777,0.635,x,PASS,Task-level robustness summary for balanced_pid.
forced_category_A_full,TASK-7B1-005,TUBE-7B1-005,1,0.224,0.172,0.329,1.46,0.758,0.634,x,PASS,Task-level robustness summary for balanced_pid.
forced_category_A_full,TASK-7B1-005,TUBE-7B1-005,2,0.222,0.169,0.326,1.52,0.738,0.616,x,PASS,Task-level robustness summary for balanced_pid.
forced_category_A_full,TASK-7B1-005,TUBE-7B1-005,3,0.222,0.175,0.328,1.605,0.79,0.648,x,PASS,Task-level robustness summary for balanced_pid.
forced_category_A_full,TASK-7B1-005,TUBE-7B1-005,4,0.219,0.17,0.325,1.525,0.764,0.621,x,PASS,Task-level robustness summary for balanced_pid.
forced_category_A_full,TASK-7B1-005,TUBE-7B1-005,5,0.222,0.176,0.326,1.481,0.871,0.62,x,PASS,Task-level robustness summary for balanced_pid.
forced_category_A_full,TASK-7B1-006,TUBE-7B1-006,1,0.257,0.182,0.322,2.545,1.531,0.61,x,PASS,Task-level robustness summary for balanced_pid.
forced_category_A_full,TASK-7B1-006,TUBE-7B1-006,2,0.258,0.187,0.322,2.486,1.62,0.622,x,PASS,Task-level robustness summary for balanced_pid.
forced_category_A_full,TASK-7B1-006,TUBE-7B1-006,3,0.259,0.185,0.323,2.58,1.566,0.61,x,PASS,Task-level robustness summary for balanced_pid.
forced_category_A_full,TASK-7B1-006,TUBE-7B1-006,4,0.255,0.184,0.321,2.497,1.532,0.652,x,PASS,Task-level robustness summary for balanced_pid.
forced_category_A_full,TASK-7B1-006,TUBE-7B1-006,5,0.256,0.186,0.322,2.571,1.465,0.611,x,PASS,Task-level robustness summary for balanced_pid.
forced_category_A_full,TASK-7B1-007,TUBE-7B1-007,1,0.244,0.171,0.317,1.217,0.839,0.641,x,PASS,Task-level robustness summary for balanced_pid.
forced_category_A_full,TASK-7B1-007,TUBE-7B1-007,2,0.238,0.168,0.322,1.05,0.766,0.639,x,PASS,Task-level robustness summary for balanced_pid.
forced_category_A_full,TASK-7B1-007,TUBE-7B1-007,3,0.239,0.169,0.318,1.031,0.871,0.624,x,PASS,Task-level robustness summary for balanced_pid.
forced_category_A_full,TASK-7B1-007,TUBE-7B1-007,4,0.241,0.167,0.322,1.094,0.844,0.61,x,PASS,Task-level robustness summary for balanced_pid.
forced_category_A_full,TASK-7B1-007,TUBE-7B1-007,5,0.241,0.169,0.32,1.066,0.837,0.626,x,PASS,Task-level robustness summary for balanced_pid.
forced_category_A_full,TASK-7B1-008,TUBE-7B1-008,1,0.213,0.15,0.334,0.895,0.654,0.618,x,PASS,Task-level robustness summary for balanced_pid.
forced_category_A_full,TASK-7B1-008,TUBE-7B1-008,2,0.215,0.155,0.334,0.986,0.645,0.616,x,PASS,Task-level robustness summary for balanced_pid.
forced_category_A_full,TASK-7B1-008,TUBE-7B1-008,3,0.217,0.151,0.331,1.041,0.654,0.608,x,PASS,Task-level robustness summary for balanced_pid.
forced_category_A_full,TASK-7B1-008,TUBE-7B1-008,4,0.214,0.157,0.334,1.009,0.661,0.615,x,PASS,Task-level robustness summary for balanced_pid.
forced_category_A_full,TASK-7B1-008,TUBE-7B1-008,5,0.211,0.149,0.33,0.967,0.595,0.623,x,PASS,Task-level robustness summary for balanced_pid.
forced_category_A_full,TASK-7B1-009,TUBE-7B1-009,1,0.223,0.151,0.325,0.81,0.605,0.627,x,PASS,Task-level robustness summary for balanced_pid.
forced_category_A_full,TASK-7B1-009,TUBE-7B1-009,2,0.219,0.152,0.324,0.935,0.596,0.617,x,PASS,Task-level robustness summary for balanced_pid.
forced_category_A_full,TASK-7B1-009,TUBE-7B1-009,3,0.221,0.147,0.328,0.832,0.577,0.617,x,PASS,Task-level robustness summary for balanced_pid.
forced_category_A_full,TASK-7B1-009,TUBE-7B1-009,4,0.226,0.146,0.325,0.897,0.587,0.623,x,PASS,Task-level robustness summary for balanced_pid.
forced_category_A_full,TASK-7B1-009,TUBE-7B1-009,5,0.221,0.15,0.326,0.799,0.615,0.612,x,PASS,Task-level robustness summary for balanced_pid.
forced_category_A_full,TASK-7B1-010,TUBE-7B1-010,1,0.239,0.155,0.32,0.963,0.571,0.612,x,PASS,Task-level robustness summary for balanced_pid.
forced_category_A_full,TASK-7B1-010,TUBE-7B1-010,2,0.238,0.154,0.323,0.855,0.485,0.639,x,PASS,Task-level robustness summary for balanced_pid.
forced_category_A_full,TASK-7B1-010,TUBE-7B1-010,3,0.237,0.154,0.326,0.945,0.549,0.629,x,PASS,Task-level robustness summary for balanced_pid.
forced_category_A_full,TASK-7B1-010,TUBE-7B1-010,4,0.235,0.156,0.322,0.904,0.549,0.629,x,PASS,Task-level robustness summary for balanced_pid.
forced_category_A_full,TASK-7B1-010,TUBE-7B1-010,5,0.234,0.155,0.321,0.897,0.455,0.617,x,PASS,Task-level robustness summary for balanced_pid.
forced_category_A_full,TASK-7B1-011,TUBE-7B1-011,1,0.261,0.147,0.319,1.332,0.634,0.606,x,PASS,Task-level robustness summary for balanced_pid.
forced_category_A_full,TASK-7B1-011,TUBE-7B1-011,2,0.257,0.149,0.318,1.218,0.725,0.627,x,PASS,Task-level robustness summary for balanced_pid.
forced_category_A_full,TASK-7B1-011,TUBE-7B1-011,3,0.256,0.151,0.318,1.289,0.726,0.618,x,PASS,Task-level robustness summary for balanced_pid.
forced_category_A_full,TASK-7B1-011,TUBE-7B1-011,4,0.255,0.15,0.318,1.24,0.626,0.641,x,PASS,Task-level robustness summary for balanced_pid.
forced_category_A_full,TASK-7B1-011,TUBE-7B1-011,5,0.255,0.15,0.319,1.181,0.652,0.644,x,PASS,Task-level robustness summary for balanced_pid.
forced_category_A_full,TASK-7B1-012,TUBE-7B1-012,1,0.231,0.131,0.33,1.385,0.949,0.627,x,PASS,Task-level robustness summary for balanced_pid.
forced_category_A_full,TASK-7B1-012,TUBE-7B1-012,2,0.237,0.136,0.329,1.388,0.924,0.611,x,PASS,Task-level robustness summary for balanced_pid.
forced_category_A_full,TASK-7B1-012,TUBE-7B1-012,3,0.237,0.136,0.333,1.375,0.96,0.621,x,PASS,Task-level robustness summary for balanced_pid.
forced_category_A_full,TASK-7B1-012,TUBE-7B1-012,4,0.239,0.136,0.332,1.554,0.904,0.629,x,PASS,Task-level robustness summary for balanced_pid.
forced_category_A_full,TASK-7B1-012,TUBE-7B1-012,5,0.236,0.135,0.332,1.483,0.957,0.64,x,PASS,Task-level robustness summary for balanced_pid.
forced_category_A_full,TASK-7B1-013,TUBE-7B1-013,1,0.233,0.183,0.32,1.342,0.857,0.61,x,PASS,Task-level robustness summary for balanced_pid.
forced_category_A_full,TASK-7B1-013,TUBE-7B1-013,2,0.239,0.183,0.323,1.375,0.886,0.641,x,PASS,Task-level robustness summary for balanced_pid.
forced_category_A_full,TASK-7B1-013,TUBE-7B1-013,3,0.239,0.182,0.321,1.404,0.899,0.619,x,PASS,Task-level robustness summary for balanced_pid.
forced_category_A_full,TASK-7B1-013,TUBE-7B1-013,4,0.241,0.18,0.319,1.338,0.842,0.616,x,PASS,Task-level robustness summary for balanced_pid.
forced_category_A_full,TASK-7B1-013,TUBE-7B1-013,5,0.236,0.179,0.323,1.369,0.883,0.624,x,PASS,Task-level robustness summary for balanced_pid.
forced_category_A_full,TASK-7B1-014,TUBE-7B1-014,1,0.229,0.139,0.328,1.137,0.68,0.624,x,PASS,Task-level robustness summary for balanced_pid.
forced_category_A_full,TASK-7B1-014,TUBE-7B1-014,2,0.226,0.133,0.335,1.077,0.516,0.621,x,PASS,Task-level robustness summary for balanced_pid.
forced_category_A_full,TASK-7B1-014,TUBE-7B1-014,3,0.225,0.135,0.329,1.133,0.568,0.61,x,PASS,Task-level robustness summary for balanced_pid.
forced_category_A_full,TASK-7B1-014,TUBE-7B1-014,4,0.228,0.14,0.328,1.118,0.666,0.61,x,PASS,Task-level robustness summary for balanced_pid.
forced_category_A_full,TASK-7B1-014,TUBE-7B1-014,5,0.227,0.134,0.331,1.134,0.603,0.64,x,PASS,Task-level robustness summary for balanced_pid.
forced_category_A_full,TASK-7B1-015,TUBE-7B1-015,1,0.241,0.142,0.322,0.857,0.604,0.597,x,PASS,Task-level robustness summary for balanced_pid.
forced_category_A_full,TASK-7B1-015,TUBE-7B1-015,2,0.238,0.138,0.322,0.884,0.521,0.61,x,PASS,Task-level robustness summary for balanced_pid.
forced_category_A_full,TASK-7B1-015,TUBE-7B1-015,3,0.236,0.141,0.323,0.817,0.525,0.63,x,PASS,Task-level robustness summary for balanced_pid.
forced_category_A_full,TASK-7B1-015,TUBE-7B1-015,4,0.237,0.138,0.323,0.824,0.51,0.61,x,PASS,Task-level robustness summary for balanced_pid.
forced_category_A_full,TASK-7B1-015,TUBE-7B1-015,5,0.239,0.139,0.321,0.911,0.555,0.626,x,PASS,Task-level robustness summary for balanced_pid.
forced_category_A_full,TASK-7B1-016,TUBE-7B1-016,1,0.244,0.136,0.321,0.883,0.445,0.635,x,PASS,Task-level robustness summary for balanced_pid.
forced_category_A_full,TASK-7B1-016,TUBE-7B1-016,2,0.249,0.138,0.319,0.74,0.371,0.599,x,PASS,Task-level robustness summary for balanced_pid.
forced_category_A_full,TASK-7B1-016,TUBE-7B1-016,3,0.251,0.139,0.321,0.89,0.479,0.636,x,PASS,Task-level robustness summary for balanced_pid.
forced_category_A_full,TASK-7B1-016,TUBE-7B1-016,4,0.243,0.136,0.32,0.876,0.464,0.612,x,PASS,Task-level robustness summary for balanced_pid.
forced_category_A_full,TASK-7B1-016,TUBE-7B1-016,5,0.252,0.138,0.32,0.863,0.469,0.621,x,PASS,Task-level robustness summary for balanced_pid.
forced_category_A_full,TASK-7B1-017,TUBE-7B1-017,1,0.232,0.115,0.334,0.971,0.582,0.611,x,PASS,Task-level robustness summary for balanced_pid.
forced_category_A_full,TASK-7B1-017,TUBE-7B1-017,2,0.23,0.115,0.335,0.991,0.542,0.615,x,PASS,Task-level robustness summary for balanced_pid.
forced_category_A_full,TASK-7B1-017,TUBE-7B1-017,3,0.234,0.117,0.334,0.958,0.516,0.611,x,PASS,Task-level robustness summary for balanced_pid.
forced_category_A_full,TASK-7B1-017,TUBE-7B1-017,4,0.233,0.115,0.333,0.988,0.514,0.611,x,PASS,Task-level robustness summary for balanced_pid.
forced_category_A_full,TASK-7B1-017,TUBE-7B1-017,5,0.229,0.119,0.333,0.95,0.578,0.62,x,PASS,Task-level robustness summary for balanced_pid.
forced_category_A_full,TASK-7B1-018,TUBE-7B1-018,1,0.241,0.121,0.328,1.069,0.669,0.613,x,PASS,Task-level robustness summary for balanced_pid.
forced_category_A_full,TASK-7B1-018,TUBE-7B1-018,2,0.242,0.121,0.328,1.039,0.771,0.617,x,PASS,Task-level robustness summary for balanced_pid.
forced_category_A_full,TASK-7B1-018,TUBE-7B1-018,3,0.24,0.121,0.325,0.989,0.769,0.613,x,PASS,Task-level robustness summary for balanced_pid.
forced_category_A_full,TASK-7B1-018,TUBE-7B1-018,4,0.247,0.122,0.329,1.047,0.782,0.644,x,PASS,Task-level robustness summary for balanced_pid.
forced_category_A_full,TASK-7B1-018,TUBE-7B1-018,5,0.239,0.119,0.327,0.98,0.651,0.612,x,PASS,Task-level robustness summary for balanced_pid.
forced_category_A_full,TASK-7B1-019,TUBE-7B1-019,1,0.165,0.212,0.328,0.804,0.856,0.611,y,PASS,Task-level robustness summary for balanced_pid.
forced_category_A_full,TASK-7B1-019,TUBE-7B1-019,2,0.17,0.205,0.331,0.718,0.722,0.606,y,PASS,Task-level robustness summary for balanced_pid.
forced_category_A_full,TASK-7B1-019,TUBE-7B1-019,3,0.17,0.206,0.33,0.962,0.726,0.623,x,PASS,Task-level robustness summary for balanced_pid.
forced_category_A_full,TASK-7B1-019,TUBE-7B1-019,4,0.167,0.208,0.33,0.852,0.875,0.608,y,PASS,Task-level robustness summary for balanced_pid.
forced_category_A_full,TASK-7B1-019,TUBE-7B1-019,5,0.17,0.211,0.328,0.88,0.872,0.618,x,PASS,Task-level robustness summary for balanced_pid.
forced_category_A_full,TASK-7B1-020,TUBE-7B1-020,1,0.211,0.196,0.324,1.495,0.795,0.618,x,PASS,Task-level robustness summary for balanced_pid.
forced_category_A_full,TASK-7B1-020,TUBE-7B1-020,2,0.209,0.201,0.322,1.388,0.828,0.623,x,PASS,Task-level robustness summary for balanced_pid.
forced_category_A_full,TASK-7B1-020,TUBE-7B1-020,3,0.21,0.199,0.324,1.455,0.865,0.614,x,PASS,Task-level robustness summary for balanced_pid.
forced_category_A_full,TASK-7B1-020,TUBE-7B1-020,4,0.211,0.198,0.323,1.451,0.792,0.603,x,PASS,Task-level robustness summary for balanced_pid.
forced_category_A_full,TASK-7B1-020,TUBE-7B1-020,5,0.209,0.199,0.322,1.486,0.81,0.632,x,PASS,Task-level robustness summary for balanced_pid.
forced_category_A_full,TASK-7B1-021,TUBE-7B1-021,1,0.231,0.198,0.332,2.919,1.104,0.63,x,PASS,Task-level robustness summary for balanced_pid.
forced_category_A_full,TASK-7B1-021,TUBE-7B1-021,2,0.226,0.201,0.332,2.959,1.167,0.634,x,PASS,Task-level robustness summary for balanced_pid.
forced_category_A_full,TASK-7B1-021,TUBE-7B1-021,3,0.229,0.197,0.332,2.93,1.073,0.627,x,PASS,Task-level robustness summary for balanced_pid.
forced_category_A_full,TASK-7B1-021,TUBE-7B1-021,4,0.228,0.204,0.333,2.96,1.032,0.613,x,PASS,Task-level robustness summary for balanced_pid.
forced_category_A_full,TASK-7B1-021,TUBE-7B1-021,5,0.233,0.197,0.334,2.977,1.164,0.61,x,PASS,Task-level robustness summary for balanced_pid.
forced_category_A_full,TASK-7B1-022,TUBE-7B1-022,1,0.208,0.174,0.324,1.073,0.745,0.615,x,PASS,Task-level robustness summary for balanced_pid.
forced_category_A_full,TASK-7B1-022,TUBE-7B1-022,2,0.21,0.184,0.325,0.99,0.899,0.615,x,PASS,Task-level robustness summary for balanced_pid.
forced_category_A_full,TASK-7B1-022,TUBE-7B1-022,3,0.211,0.179,0.327,0.973,0.808,0.612,x,PASS,Task-level robustness summary for balanced_pid.
forced_category_A_full,TASK-7B1-022,TUBE-7B1-022,4,0.207,0.177,0.326,0.909,0.798,0.619,x,PASS,Task-level robustness summary for balanced_pid.
forced_category_A_full,TASK-7B1-022,TUBE-7B1-022,5,0.208,0.177,0.325,0.934,0.797,0.613,x,PASS,Task-level robustness summary for balanced_pid.
forced_category_A_full,TASK-7B1-023,TUBE-7B1-023,1,0.175,0.199,0.33,0.874,0.733,0.634,x,PASS,Task-level robustness summary for balanced_pid.
forced_category_A_full,TASK-7B1-023,TUBE-7B1-023,2,0.175,0.2,0.325,0.887,0.843,0.602,x,PASS,Task-level robustness summary for balanced_pid.
forced_category_A_full,TASK-7B1-023,TUBE-7B1-023,3,0.179,0.199,0.328,0.785,0.834,0.615,y,PASS,Task-level robustness summary for balanced_pid.
forced_category_A_full,TASK-7B1-023,TUBE-7B1-023,4,0.179,0.2,0.328,0.817,0.739,0.625,x,PASS,Task-level robustness summary for balanced_pid.
forced_category_A_full,TASK-7B1-023,TUBE-7B1-023,5,0.18,0.202,0.329,0.856,0.778,0.604,x,PASS,Task-level robustness summary for balanced_pid.
forced_category_A_full,TASK-7B1-024,TUBE-7B1-024,1,0.202,0.184,0.324,1.008,0.745,0.633,x,PASS,Task-level robustness summary for balanced_pid.
forced_category_A_full,TASK-7B1-024,TUBE-7B1-024,2,0.198,0.184,0.325,0.914,0.773,0.62,x,PASS,Task-level robustness summary for balanced_pid.
forced_category_A_full,TASK-7B1-024,TUBE-7B1-024,3,0.204,0.193,0.324,0.955,0.732,0.615,x,PASS,Task-level robustness summary for balanced_pid.
forced_category_A_full,TASK-7B1-024,TUBE-7B1-024,4,0.201,0.186,0.323,0.932,0.749,0.606,x,PASS,Task-level robustness summary for balanced_pid.
forced_category_A_full,TASK-7B1-024,TUBE-7B1-024,5,0.203,0.182,0.326,0.889,0.84,0.638,x,PASS,Task-level robustness summary for balanced_pid.
forced_category_A_full,TASK-7B1-025,TUBE-7B1-025,1,0.178,0.172,0.336,0.865,0.843,0.618,x,PASS,Task-level robustness summary for balanced_pid.
forced_category_A_full,TASK-7B1-025,TUBE-7B1-025,2,0.181,0.171,0.339,0.843,0.751,0.608,x,PASS,Task-level robustness summary for balanced_pid.
forced_category_A_full,TASK-7B1-025,TUBE-7B1-025,3,0.178,0.173,0.336,0.805,0.738,0.623,x,PASS,Task-level robustness summary for balanced_pid.
forced_category_A_full,TASK-7B1-025,TUBE-7B1-025,4,0.178,0.169,0.335,0.861,0.781,0.633,x,PASS,Task-level robustness summary for balanced_pid.
forced_category_A_full,TASK-7B1-025,TUBE-7B1-025,5,0.181,0.172,0.335,0.846,0.786,0.617,x,PASS,Task-level robustness summary for balanced_pid.
forced_category_A_full,TASK-7B1-026,TUBE-7B1-026,1,0.209,0.172,0.328,0.814,0.947,0.62,y,PASS,Task-level robustness summary for balanced_pid.
forced_category_A_full,TASK-7B1-026,TUBE-7B1-026,2,0.206,0.174,0.326,0.794,1.019,0.637,y,PASS,Task-level robustness summary for balanced_pid.
forced_category_A_full,TASK-7B1-026,TUBE-7B1-026,3,0.209,0.17,0.325,0.802,0.813,0.615,y,PASS,Task-level robustness summary for balanced_pid.
forced_category_A_full,TASK-7B1-026,TUBE-7B1-026,4,0.214,0.177,0.325,0.801,0.916,0.609,y,PASS,Task-level robustness summary for balanced_pid.
forced_category_A_full,TASK-7B1-026,TUBE-7B1-026,5,0.208,0.177,0.325,0.752,0.935,0.628,y,PASS,Task-level robustness summary for balanced_pid.
forced_category_A_full,TASK-7B1-027,TUBE-7B1-027,1,0.138,0.191,0.342,0.567,1.114,0.667,y,PASS,Task-level robustness summary for balanced_pid.
forced_category_A_full,TASK-7B1-027,TUBE-7B1-027,2,0.141,0.192,0.341,0.565,1.139,0.634,y,PASS,Task-level robustness summary for balanced_pid.
forced_category_A_full,TASK-7B1-027,TUBE-7B1-027,3,0.137,0.191,0.339,0.611,1.108,0.609,y,PASS,Task-level robustness summary for balanced_pid.
forced_category_A_full,TASK-7B1-027,TUBE-7B1-027,4,0.136,0.19,0.338,0.543,1.067,0.606,y,PASS,Task-level robustness summary for balanced_pid.
forced_category_A_full,TASK-7B1-027,TUBE-7B1-027,5,0.139,0.191,0.34,0.585,1.077,0.641,y,PASS,Task-level robustness summary for balanced_pid.
forced_category_A_full,TASK-7B1-028,TUBE-7B1-028,1,0.186,0.191,0.331,1.079,0.864,0.636,x,PASS,Task-level robustness summary for balanced_pid.
forced_category_A_full,TASK-7B1-028,TUBE-7B1-028,2,0.186,0.197,0.332,1.163,0.813,0.649,x,PASS,Task-level robustness summary for balanced_pid.
forced_category_A_full,TASK-7B1-028,TUBE-7B1-028,3,0.188,0.193,0.329,1.107,0.75,0.606,x,PASS,Task-level robustness summary for balanced_pid.
forced_category_A_full,TASK-7B1-028,TUBE-7B1-028,4,0.194,0.196,0.328,1.09,0.827,0.652,x,PASS,Task-level robustness summary for balanced_pid.
forced_category_A_full,TASK-7B1-028,TUBE-7B1-028,5,0.189,0.193,0.328,1.137,0.757,0.614,x,PASS,Task-level robustness summary for balanced_pid.
forced_category_A_full,TASK-7B1-029,TUBE-7B1-029,1,0.175,0.222,0.335,0.681,2.443,0.614,y,PASS,Task-level robustness summary for balanced_pid.
forced_category_A_full,TASK-7B1-029,TUBE-7B1-029,2,0.174,0.226,0.335,0.799,2.454,0.624,y,PASS,Task-level robustness summary for balanced_pid.
forced_category_A_full,TASK-7B1-029,TUBE-7B1-029,3,0.176,0.227,0.331,0.695,2.553,0.62,y,PASS,Task-level robustness summary for balanced_pid.
forced_category_A_full,TASK-7B1-029,TUBE-7B1-029,4,0.173,0.228,0.333,0.821,2.568,0.609,y,PASS,Task-level robustness summary for balanced_pid.
forced_category_A_full,TASK-7B1-029,TUBE-7B1-029,5,0.167,0.221,0.334,0.701,2.357,0.615,y,PASS,Task-level robustness summary for balanced_pid.
forced_category_A_full,TASK-7B1-030,TUBE-7B1-030,1,0.151,0.199,0.348,0.734,2.235,0.616,y,PASS,Task-level robustness summary for balanced_pid.
forced_category_A_full,TASK-7B1-030,TUBE-7B1-030,2,0.154,0.199,0.346,0.776,2.281,0.628,y,PASS,Task-level robustness summary for balanced_pid.
forced_category_A_full,TASK-7B1-030,TUBE-7B1-030,3,0.146,0.199,0.346,0.734,2.243,0.615,y,PASS,Task-level robustness summary for balanced_pid.
forced_category_A_full,TASK-7B1-030,TUBE-7B1-030,4,0.15,0.199,0.347,0.746,2.22,0.621,y,PASS,Task-level robustness summary for balanced_pid.
forced_category_A_full,TASK-7B1-030,TUBE-7B1-030,5,0.153,0.197,0.346,0.777,2.312,0.619,y,PASS,Task-level robustness summary for balanced_pid.
forced_category_A_full,TASK-7B1-031,TUBE-7B1-031,1,0.218,0.195,0.334,1.382,2.295,0.618,y,PASS,Task-level robustness summary for balanced_pid.
forced_category_A_full,TASK-7B1-031,TUBE-7B1-031,2,0.214,0.197,0.332,1.385,2.34,0.603,y,PASS,Task-level robustness summary for balanced_pid.
forced_category_A_full,TASK-7B1-031,TUBE-7B1-031,3,0.217,0.197,0.336,1.265,2.282,0.645,y,PASS,Task-level robustness summary for balanced_pid.
forced_category_A_full,TASK-7B1-031,TUBE-7B1-031,4,0.219,0.196,0.334,1.374,2.422,0.626,y,PASS,Task-level robustness summary for balanced_pid.
forced_category_A_full,TASK-7B1-031,TUBE-7B1-031,5,0.212,0.194,0.336,1.423,2.327,0.624,y,PASS,Task-level robustness summary for balanced_pid.
forced_category_A_full,TASK-7B1-032,TUBE-7B1-032,1,0.164,0.199,0.342,1.229,1.909,0.612,y,PASS,Task-level robustness summary for balanced_pid.
forced_category_A_full,TASK-7B1-032,TUBE-7B1-032,2,0.168,0.198,0.342,1.211,1.915,0.629,y,PASS,Task-level robustness summary for balanced_pid.
forced_category_A_full,TASK-7B1-032,TUBE-7B1-032,3,0.163,0.196,0.344,1.188,1.915,0.608,y,PASS,Task-level robustness summary for balanced_pid.
forced_category_A_full,TASK-7B1-032,TUBE-7B1-032,4,0.164,0.195,0.342,1.191,1.949,0.61,y,PASS,Task-level robustness summary for balanced_pid.
forced_category_A_full,TASK-7B1-032,TUBE-7B1-032,5,0.163,0.196,0.342,1.216,1.901,0.622,y,PASS,Task-level robustness summary for balanced_pid.
forced_category_A_full,TASK-7B1-033,TUBE-7B1-033,1,0.179,0.165,0.336,0.726,0.759,0.632,y,PASS,Task-level robustness summary for balanced_pid.
forced_category_A_full,TASK-7B1-033,TUBE-7B1-033,2,0.182,0.164,0.332,0.769,0.642,0.602,x,PASS,Task-level robustness summary for balanced_pid.
forced_category_A_full,TASK-7B1-033,TUBE-7B1-033,3,0.183,0.16,0.337,0.656,0.722,0.602,y,PASS,Task-level robustness summary for balanced_pid.
forced_category_A_full,TASK-7B1-033,TUBE-7B1-033,4,0.179,0.163,0.335,0.707,0.679,0.608,x,PASS,Task-level robustness summary for balanced_pid.
forced_category_A_full,TASK-7B1-033,TUBE-7B1-033,5,0.181,0.161,0.336,0.676,0.597,0.619,x,PASS,Task-level robustness summary for balanced_pid.
forced_category_A_full,TASK-7B1-034,TUBE-7B1-034,1,0.154,0.136,0.345,0.903,0.646,0.606,x,PASS,Task-level robustness summary for balanced_pid.
forced_category_A_full,TASK-7B1-034,TUBE-7B1-034,2,0.153,0.146,0.349,0.849,0.675,0.612,x,PASS,Task-level robustness summary for balanced_pid.
forced_category_A_full,TASK-7B1-034,TUBE-7B1-034,3,0.156,0.149,0.351,0.928,0.688,0.638,x,PASS,Task-level robustness summary for balanced_pid.
forced_category_A_full,TASK-7B1-034,TUBE-7B1-034,4,0.153,0.146,0.347,0.945,0.663,0.623,x,PASS,Task-level robustness summary for balanced_pid.
forced_category_A_full,TASK-7B1-034,TUBE-7B1-034,5,0.157,0.15,0.344,0.902,0.671,0.621,x,PASS,Task-level robustness summary for balanced_pid.
forced_category_A_full,TASK-7B1-035,TUBE-7B1-035,1,0.275,0.058,0.32,0.976,0.201,0.622,x,PASS,Task-level robustness summary for balanced_pid.
forced_category_A_full,TASK-7B1-035,TUBE-7B1-035,2,0.275,0.058,0.321,0.987,0.179,0.639,x,PASS,Task-level robustness summary for balanced_pid.
forced_category_A_full,TASK-7B1-035,TUBE-7B1-035,3,0.273,0.053,0.323,1.019,0.168,0.603,x,PASS,Task-level robustness summary for balanced_pid.
forced_category_A_full,TASK-7B1-035,TUBE-7B1-035,4,0.274,0.06,0.323,0.964,0.282,0.635,x,PASS,Task-level robustness summary for balanced_pid.
forced_category_A_full,TASK-7B1-035,TUBE-7B1-035,5,0.279,0.055,0.323,1.052,0.185,0.606,x,PASS,Task-level robustness summary for balanced_pid.
forced_category_A_full,TASK-7B1-036,TUBE-7B1-036,1,0.236,0.107,0.328,0.756,0.514,0.627,x,PASS,Task-level robustness summary for balanced_pid.
forced_category_A_full,TASK-7B1-036,TUBE-7B1-036,2,0.24,0.113,0.328,0.867,0.442,0.613,x,PASS,Task-level robustness summary for balanced_pid.
forced_category_A_full,TASK-7B1-036,TUBE-7B1-036,3,0.237,0.106,0.329,0.845,0.477,0.607,x,PASS,Task-level robustness summary for balanced_pid.
forced_category_A_full,TASK-7B1-036,TUBE-7B1-036,4,0.237,0.111,0.329,0.865,0.475,0.611,x,PASS,Task-level robustness summary for balanced_pid.
forced_category_A_full,TASK-7B1-036,TUBE-7B1-036,5,0.236,0.114,0.333,0.832,0.552,0.621,x,PASS,Task-level robustness summary for balanced_pid.
forced_category_A_full,TASK-7B1-037,TUBE-7B1-037,1,0.272,0.093,0.326,1.204,0.456,0.625,x,PASS,Task-level robustness summary for balanced_pid.
forced_category_A_full,TASK-7B1-037,TUBE-7B1-037,2,0.268,0.101,0.324,1.207,0.502,0.616,x,PASS,Task-level robustness summary for balanced_pid.
forced_category_A_full,TASK-7B1-037,TUBE-7B1-037,3,0.267,0.098,0.321,1.189,0.633,0.626,x,PASS,Task-level robustness summary for balanced_pid.
forced_category_A_full,TASK-7B1-037,TUBE-7B1-037,4,0.271,0.094,0.324,1.229,0.497,0.607,x,PASS,Task-level robustness summary for balanced_pid.
forced_category_A_full,TASK-7B1-037,TUBE-7B1-037,5,0.267,0.097,0.326,1.212,0.578,0.605,x,PASS,Task-level robustness summary for balanced_pid.
forced_category_A_full,TASK-7B1-038,TUBE-7B1-038,1,0.256,0.06,0.343,2.5,0.182,0.622,x,PASS,Task-level robustness summary for balanced_pid.
forced_category_A_full,TASK-7B1-038,TUBE-7B1-038,2,0.258,0.064,0.343,2.542,0.205,0.625,x,PASS,Task-level robustness summary for balanced_pid.
forced_category_A_full,TASK-7B1-038,TUBE-7B1-038,3,0.256,0.062,0.342,2.478,0.191,0.615,x,PASS,Task-level robustness summary for balanced_pid.
forced_category_A_full,TASK-7B1-038,TUBE-7B1-038,4,0.252,0.06,0.341,2.431,0.212,0.622,x,PASS,Task-level robustness summary for balanced_pid.
forced_category_A_full,TASK-7B1-038,TUBE-7B1-038,5,0.255,0.064,0.339,2.466,0.208,0.621,x,PASS,Task-level robustness summary for balanced_pid.
forced_category_A_full,TASK-7B1-039,TUBE-7B1-039,1,0.242,0.06,0.337,1.012,0.227,0.609,x,PASS,Task-level robustness summary for balanced_pid.
forced_category_A_full,TASK-7B1-039,TUBE-7B1-039,2,0.243,0.06,0.334,1.0,0.226,0.626,x,PASS,Task-level robustness summary for balanced_pid.
forced_category_A_full,TASK-7B1-039,TUBE-7B1-039,3,0.241,0.06,0.337,1.09,0.18,0.639,x,PASS,Task-level robustness summary for balanced_pid.
forced_category_A_full,TASK-7B1-039,TUBE-7B1-039,4,0.244,0.063,0.335,1.024,0.201,0.619,x,PASS,Task-level robustness summary for balanced_pid.
forced_category_A_full,TASK-7B1-039,TUBE-7B1-039,5,0.243,0.062,0.334,1.038,0.233,0.606,x,PASS,Task-level robustness summary for balanced_pid.
forced_category_A_full,TASK-7B1-040,TUBE-7B1-040,1,0.265,0.104,0.325,1.053,0.524,0.605,x,PASS,Task-level robustness summary for balanced_pid.
forced_category_A_full,TASK-7B1-040,TUBE-7B1-040,2,0.259,0.102,0.325,0.985,0.555,0.623,x,PASS,Task-level robustness summary for balanced_pid.
forced_category_A_full,TASK-7B1-040,TUBE-7B1-040,3,0.259,0.104,0.325,1.081,0.541,0.616,x,PASS,Task-level robustness summary for balanced_pid.
forced_category_A_full,TASK-7B1-040,TUBE-7B1-040,4,0.258,0.107,0.325,0.986,0.477,0.639,x,PASS,Task-level robustness summary for balanced_pid.
forced_category_A_full,TASK-7B1-040,TUBE-7B1-040,5,0.265,0.105,0.326,1.122,0.545,0.608,x,PASS,Task-level robustness summary for balanced_pid.
forced_category_A_full,TASK-7B1-041,TUBE-7B1-041,1,0.273,0.089,0.322,1.41,0.382,0.615,x,PASS,Task-level robustness summary for balanced_pid.
forced_category_A_full,TASK-7B1-041,TUBE-7B1-041,2,0.272,0.095,0.321,1.357,0.391,0.607,x,PASS,Task-level robustness summary for balanced_pid.
forced_category_A_full,TASK-7B1-041,TUBE-7B1-041,3,0.271,0.093,0.323,1.323,0.349,0.621,x,PASS,Task-level robustness summary for balanced_pid.
forced_category_A_full,TASK-7B1-041,TUBE-7B1-041,4,0.273,0.097,0.325,1.368,0.397,0.659,x,PASS,Task-level robustness summary for balanced_pid.
forced_category_A_full,TASK-7B1-041,TUBE-7B1-041,5,0.274,0.092,0.325,1.266,0.375,0.615,x,PASS,Task-level robustness summary for balanced_pid.
forced_category_A_full,TASK-7B1-042,TUBE-7B1-042,1,0.238,0.058,0.335,0.939,0.186,0.6,x,PASS,Task-level robustness summary for balanced_pid.
forced_category_A_full,TASK-7B1-042,TUBE-7B1-042,2,0.239,0.058,0.337,0.919,0.197,0.61,x,PASS,Task-level robustness summary for balanced_pid.
forced_category_A_full,TASK-7B1-042,TUBE-7B1-042,3,0.236,0.054,0.338,0.885,0.164,0.623,x,PASS,Task-level robustness summary for balanced_pid.
forced_category_A_full,TASK-7B1-042,TUBE-7B1-042,4,0.238,0.055,0.338,0.819,0.192,0.636,x,PASS,Task-level robustness summary for balanced_pid.
forced_category_A_full,TASK-7B1-042,TUBE-7B1-042,5,0.234,0.057,0.337,0.852,0.172,0.62,x,PASS,Task-level robustness summary for balanced_pid.
forced_category_A_full,TASK-7B1-043,TUBE-7B1-043,1,0.26,0.053,0.33,1.525,0.248,0.605,x,PASS,Task-level robustness summary for balanced_pid.
forced_category_A_full,TASK-7B1-043,TUBE-7B1-043,2,0.262,0.054,0.331,1.556,0.166,0.611,x,PASS,Task-level robustness summary for balanced_pid.
forced_category_A_full,TASK-7B1-043,TUBE-7B1-043,3,0.256,0.055,0.33,1.513,0.177,0.611,x,PASS,Task-level robustness summary for balanced_pid.
forced_category_A_full,TASK-7B1-043,TUBE-7B1-043,4,0.261,0.058,0.329,1.555,0.251,0.616,x,PASS,Task-level robustness summary for balanced_pid.
forced_category_A_full,TASK-7B1-043,TUBE-7B1-043,5,0.264,0.058,0.334,1.58,0.237,0.618,x,PASS,Task-level robustness summary for balanced_pid.
forced_category_A_full,TASK-7B1-044,TUBE-7B1-044,1,0.279,0.143,0.313,1.575,1.037,0.615,x,PASS,Task-level robustness summary for balanced_pid.
forced_category_A_full,TASK-7B1-044,TUBE-7B1-044,2,0.282,0.141,0.315,1.662,1.262,0.616,x,PASS,Task-level robustness summary for balanced_pid.
forced_category_A_full,TASK-7B1-044,TUBE-7B1-044,3,0.276,0.138,0.314,1.66,1.082,0.62,x,PASS,Task-level robustness summary for balanced_pid.
forced_category_A_full,TASK-7B1-044,TUBE-7B1-044,4,0.284,0.139,0.313,1.683,1.139,0.618,x,PASS,Task-level robustness summary for balanced_pid.
forced_category_A_full,TASK-7B1-044,TUBE-7B1-044,5,0.279,0.142,0.314,1.696,1.169,0.633,x,PASS,Task-level robustness summary for balanced_pid.
forced_category_A_full,TASK-7B1-045,TUBE-7B1-045,1,0.252,0.107,0.33,1.083,0.502,0.636,x,PASS,Task-level robustness summary for balanced_pid.
forced_category_A_full,TASK-7B1-045,TUBE-7B1-045,2,0.255,0.106,0.328,0.96,0.46,0.607,x,PASS,Task-level robustness summary for balanced_pid.
forced_category_A_full,TASK-7B1-045,TUBE-7B1-045,3,0.253,0.103,0.328,1.127,0.501,0.637,x,PASS,Task-level robustness summary for balanced_pid.
forced_category_A_full,TASK-7B1-045,TUBE-7B1-045,4,0.26,0.109,0.327,1.151,0.482,0.606,x,PASS,Task-level robustness summary for balanced_pid.
forced_category_A_full,TASK-7B1-045,TUBE-7B1-045,5,0.248,0.108,0.323,1.03,0.466,0.613,x,PASS,Task-level robustness summary for balanced_pid.
forced_category_A_full,TASK-7B1-046,TUBE-7B1-046,1,0.263,0.095,0.324,0.906,0.426,0.631,x,PASS,Task-level robustness summary for balanced_pid.
forced_category_A_full,TASK-7B1-046,TUBE-7B1-046,2,0.264,0.095,0.323,0.975,0.348,0.613,x,PASS,Task-level robustness summary for balanced_pid.
forced_category_A_full,TASK-7B1-046,TUBE-7B1-046,3,0.266,0.096,0.32,0.927,0.336,0.637,x,PASS,Task-level robustness summary for balanced_pid.
forced_category_A_full,TASK-7B1-046,TUBE-7B1-046,4,0.263,0.095,0.324,0.991,0.291,0.612,x,PASS,Task-level robustness summary for balanced_pid.
forced_category_A_full,TASK-7B1-046,TUBE-7B1-046,5,0.264,0.094,0.322,0.956,0.333,0.62,x,PASS,Task-level robustness summary for balanced_pid.
forced_category_A_full,TASK-7B1-047,TUBE-7B1-047,1,0.283,0.067,0.337,2.946,0.249,0.61,x,PASS,Task-level robustness summary for balanced_pid.
forced_category_A_full,TASK-7B1-047,TUBE-7B1-047,2,0.28,0.067,0.337,3.007,0.225,0.621,x,PASS,Task-level robustness summary for balanced_pid.
forced_category_A_full,TASK-7B1-047,TUBE-7B1-047,3,0.283,0.069,0.337,3.108,0.295,0.634,x,PASS,Task-level robustness summary for balanced_pid.
forced_category_A_full,TASK-7B1-047,TUBE-7B1-047,4,0.28,0.065,0.337,2.959,0.297,0.636,x,PASS,Task-level robustness summary for balanced_pid.
forced_category_A_full,TASK-7B1-047,TUBE-7B1-047,5,0.285,0.063,0.338,3.081,0.189,0.61,x,PASS,Task-level robustness summary for balanced_pid.
forced_category_A_full,TASK-7B1-048,TUBE-7B1-048,1,0.249,0.063,0.332,0.959,0.273,0.61,x,PASS,Task-level robustness summary for balanced_pid.
forced_category_A_full,TASK-7B1-048,TUBE-7B1-048,2,0.243,0.067,0.332,0.844,0.282,0.612,x,PASS,Task-level robustness summary for balanced_pid.
forced_category_A_full,TASK-7B1-048,TUBE-7B1-048,3,0.248,0.068,0.33,0.994,0.271,0.632,x,PASS,Task-level robustness summary for balanced_pid.
forced_category_A_full,TASK-7B1-048,TUBE-7B1-048,4,0.25,0.068,0.33,1.04,0.279,0.614,x,PASS,Task-level robustness summary for balanced_pid.
forced_category_A_full,TASK-7B1-048,TUBE-7B1-048,5,0.251,0.066,0.332,1.009,0.228,0.615,x,PASS,Task-level robustness summary for balanced_pid.
forced_category_A_full,TASK-7B1-049,TUBE-7B1-049,1,0.261,0.112,0.323,0.875,0.454,0.618,x,PASS,Task-level robustness summary for balanced_pid.
forced_category_A_full,TASK-7B1-049,TUBE-7B1-049,2,0.262,0.107,0.324,0.909,0.397,0.623,x,PASS,Task-level robustness summary for balanced_pid.
forced_category_A_full,TASK-7B1-049,TUBE-7B1-049,3,0.254,0.111,0.324,0.947,0.437,0.609,x,PASS,Task-level robustness summary for balanced_pid.
forced_category_A_full,TASK-7B1-049,TUBE-7B1-049,4,0.253,0.11,0.323,0.81,0.368,0.604,x,PASS,Task-level robustness summary for balanced_pid.
forced_category_A_full,TASK-7B1-049,TUBE-7B1-049,5,0.256,0.111,0.325,0.908,0.402,0.656,x,PASS,Task-level robustness summary for balanced_pid.
forced_category_A_full,TASK-7B1-050,TUBE-7B1-050,1,0.275,0.108,0.32,1.363,0.574,0.616,x,PASS,Task-level robustness summary for balanced_pid.
forced_category_A_full,TASK-7B1-050,TUBE-7B1-050,2,0.273,0.104,0.322,1.47,0.613,0.622,x,PASS,Task-level robustness summary for balanced_pid.
forced_category_A_full,TASK-7B1-050,TUBE-7B1-050,3,0.273,0.104,0.319,1.511,0.484,0.635,x,PASS,Task-level robustness summary for balanced_pid.
forced_category_A_full,TASK-7B1-050,TUBE-7B1-050,4,0.271,0.104,0.319,1.442,0.543,0.625,x,PASS,Task-level robustness summary for balanced_pid.
forced_category_A_full,TASK-7B1-050,TUBE-7B1-050,5,0.273,0.105,0.319,1.484,0.6,0.606,x,PASS,Task-level robustness summary for balanced_pid.
forced_category_A_full,TASK-7B1-051,TUBE-7B1-051,1,0.249,0.074,0.333,0.865,0.318,0.616,x,PASS,Task-level robustness summary for balanced_pid.
forced_category_A_full,TASK-7B1-051,TUBE-7B1-051,2,0.245,0.078,0.332,0.907,0.374,0.613,x,PASS,Task-level robustness summary for balanced_pid.
forced_category_A_full,TASK-7B1-051,TUBE-7B1-051,3,0.246,0.08,0.33,0.869,0.325,0.605,x,PASS,Task-level robustness summary for balanced_pid.
forced_category_A_full,TASK-7B1-051,TUBE-7B1-051,4,0.25,0.078,0.33,0.94,0.342,0.599,x,PASS,Task-level robustness summary for balanced_pid.
forced_category_A_full,TASK-7B1-051,TUBE-7B1-051,5,0.246,0.081,0.331,0.913,0.362,0.623,x,PASS,Task-level robustness summary for balanced_pid.
forced_category_A_full,TASK-7B1-052,TUBE-7B1-052,1,0.322,0.098,0.326,3.186,1.162,0.602,x,PASS,Task-level robustness summary for balanced_pid.
forced_category_A_full,TASK-7B1-052,TUBE-7B1-052,2,0.326,0.094,0.328,3.15,1.076,0.636,x,PASS,Task-level robustness summary for balanced_pid.
forced_category_A_full,TASK-7B1-052,TUBE-7B1-052,3,0.321,0.095,0.328,3.23,1.148,0.639,x,PASS,Task-level robustness summary for balanced_pid.
forced_category_A_full,TASK-7B1-052,TUBE-7B1-052,4,0.325,0.099,0.328,3.267,1.16,0.636,x,PASS,Task-level robustness summary for balanced_pid.
forced_category_A_full,TASK-7B1-052,TUBE-7B1-052,5,0.325,0.093,0.328,3.205,1.058,0.612,x,PASS,Task-level robustness summary for balanced_pid.
forced_category_A_full,TASK-7B1-053,TUBE-7B1-053,1,0.145,0.116,0.353,0.555,0.594,0.6,z,PASS,Task-level robustness summary for balanced_pid.
forced_category_A_full,TASK-7B1-053,TUBE-7B1-053,2,0.147,0.113,0.354,0.642,0.46,0.63,x,PASS,Task-level robustness summary for balanced_pid.
forced_category_A_full,TASK-7B1-053,TUBE-7B1-053,3,0.144,0.115,0.354,0.579,0.508,0.616,z,PASS,Task-level robustness summary for balanced_pid.
forced_category_A_full,TASK-7B1-053,TUBE-7B1-053,4,0.149,0.112,0.354,0.66,0.518,0.634,x,PASS,Task-level robustness summary for balanced_pid.
forced_category_A_full,TASK-7B1-053,TUBE-7B1-053,5,0.147,0.11,0.357,0.597,0.454,0.616,z,PASS,Task-level robustness summary for balanced_pid.
forced_category_A_full,TASK-7B1-054,TUBE-7B1-054,1,0.198,0.106,0.349,1.187,0.586,0.632,x,PASS,Task-level robustness summary for balanced_pid.
forced_category_A_full,TASK-7B1-054,TUBE-7B1-054,2,0.198,0.104,0.352,1.205,0.464,0.628,x,PASS,Task-level robustness summary for balanced_pid.
forced_category_A_full,TASK-7B1-054,TUBE-7B1-054,3,0.196,0.105,0.348,1.249,0.548,0.645,x,PASS,Task-level robustness summary for balanced_pid.
forced_category_A_full,TASK-7B1-054,TUBE-7B1-054,4,0.196,0.104,0.349,1.222,0.503,0.617,x,PASS,Task-level robustness summary for balanced_pid.
forced_category_A_full,TASK-7B1-054,TUBE-7B1-054,5,0.194,0.102,0.348,1.151,0.502,0.651,x,PASS,Task-level robustness summary for balanced_pid.
forced_category_A_full,TASK-7B1-055,TUBE-7B1-055,1,0.168,0.077,0.358,0.82,0.498,0.63,x,PASS,Task-level robustness summary for balanced_pid.
forced_category_A_full,TASK-7B1-055,TUBE-7B1-055,2,0.168,0.074,0.358,0.857,0.439,0.65,x,PASS,Task-level robustness summary for balanced_pid.
forced_category_A_full,TASK-7B1-055,TUBE-7B1-055,3,0.164,0.077,0.358,0.791,0.441,0.645,x,PASS,Task-level robustness summary for balanced_pid.
forced_category_A_full,TASK-7B1-055,TUBE-7B1-055,4,0.167,0.076,0.357,0.989,0.526,0.634,x,PASS,Task-level robustness summary for balanced_pid.
forced_category_A_full,TASK-7B1-055,TUBE-7B1-055,5,0.166,0.079,0.357,0.902,0.461,0.614,x,PASS,Task-level robustness summary for balanced_pid.
forced_category_A_full,TASK-7B1-056,TUBE-7B1-056,1,0.218,0.07,0.344,0.841,0.375,0.622,x,PASS,Task-level robustness summary for balanced_pid.
forced_category_A_full,TASK-7B1-056,TUBE-7B1-056,2,0.219,0.065,0.342,0.935,0.321,0.619,x,PASS,Task-level robustness summary for balanced_pid.
forced_category_A_full,TASK-7B1-056,TUBE-7B1-056,3,0.217,0.066,0.343,0.874,0.333,0.619,x,PASS,Task-level robustness summary for balanced_pid.
forced_category_A_full,TASK-7B1-056,TUBE-7B1-056,4,0.217,0.072,0.343,0.767,0.364,0.603,x,PASS,Task-level robustness summary for balanced_pid.
forced_category_A_full,TASK-7B1-056,TUBE-7B1-056,5,0.215,0.067,0.343,0.893,0.319,0.616,x,PASS,Task-level robustness summary for balanced_pid.
forced_category_A_full,TASK-7B1-057,TUBE-7B1-057,1,0.17,0.11,0.348,0.736,0.551,0.622,x,PASS,Task-level robustness summary for balanced_pid.
forced_category_A_full,TASK-7B1-057,TUBE-7B1-057,2,0.172,0.105,0.347,0.808,0.551,0.611,x,PASS,Task-level robustness summary for balanced_pid.
forced_category_A_full,TASK-7B1-057,TUBE-7B1-057,3,0.169,0.107,0.354,0.723,0.501,0.633,x,PASS,Task-level robustness summary for balanced_pid.
forced_category_A_full,TASK-7B1-057,TUBE-7B1-057,4,0.17,0.105,0.351,0.833,0.512,0.62,x,PASS,Task-level robustness summary for balanced_pid.
forced_category_A_full,TASK-7B1-057,TUBE-7B1-057,5,0.168,0.11,0.351,0.756,0.482,0.606,x,PASS,Task-level robustness summary for balanced_pid.
forced_category_A_full,TASK-7B1-058,TUBE-7B1-058,1,0.192,0.092,0.349,0.927,0.49,0.641,x,PASS,Task-level robustness summary for balanced_pid.
forced_category_A_full,TASK-7B1-058,TUBE-7B1-058,2,0.194,0.094,0.348,0.822,0.303,0.617,x,PASS,Task-level robustness summary for balanced_pid.
forced_category_A_full,TASK-7B1-058,TUBE-7B1-058,3,0.192,0.093,0.349,0.882,0.301,0.615,x,PASS,Task-level robustness summary for balanced_pid.
forced_category_A_full,TASK-7B1-058,TUBE-7B1-058,4,0.193,0.099,0.349,0.835,0.352,0.63,x,PASS,Task-level robustness summary for balanced_pid.
forced_category_A_full,TASK-7B1-058,TUBE-7B1-058,5,0.19,0.087,0.35,0.916,0.322,0.622,x,PASS,Task-level robustness summary for balanced_pid.
forced_category_A_full,TASK-7B1-059,TUBE-7B1-059,1,0.201,0.149,0.339,1.332,0.983,0.618,x,PASS,Task-level robustness summary for balanced_pid.
forced_category_A_full,TASK-7B1-059,TUBE-7B1-059,2,0.203,0.154,0.342,1.305,0.98,0.612,x,PASS,Task-level robustness summary for balanced_pid.
forced_category_A_full,TASK-7B1-059,TUBE-7B1-059,3,0.198,0.147,0.341,1.231,0.924,0.623,x,PASS,Task-level robustness summary for balanced_pid.
forced_category_A_full,TASK-7B1-059,TUBE-7B1-059,4,0.2,0.15,0.339,1.362,0.77,0.607,x,PASS,Task-level robustness summary for balanced_pid.
forced_category_A_full,TASK-7B1-059,TUBE-7B1-059,5,0.201,0.155,0.337,1.313,0.927,0.649,x,PASS,Task-level robustness summary for balanced_pid.
forced_category_A_full,TASK-7B1-060,TUBE-7B1-060,1,0.169,0.065,0.359,0.761,0.365,0.61,x,PASS,Task-level robustness summary for balanced_pid.
forced_category_A_full,TASK-7B1-060,TUBE-7B1-060,2,0.173,0.065,0.359,0.735,0.265,0.64,x,PASS,Task-level robustness summary for balanced_pid.
forced_category_A_full,TASK-7B1-060,TUBE-7B1-060,3,0.173,0.065,0.358,0.788,0.297,0.622,x,PASS,Task-level robustness summary for balanced_pid.
forced_category_A_full,TASK-7B1-060,TUBE-7B1-060,4,0.171,0.064,0.355,0.774,0.353,0.616,x,PASS,Task-level robustness summary for balanced_pid.
forced_category_A_full,TASK-7B1-060,TUBE-7B1-060,5,0.168,0.066,0.355,0.888,0.252,0.617,x,PASS,Task-level robustness summary for balanced_pid.
forced_category_A_full,TASK-7B1-061,TUBE-7B1-061,1,0.284,0.083,0.341,3.061,0.597,0.633,x,PASS,Task-level robustness summary for balanced_pid.
forced_category_A_full,TASK-7B1-061,TUBE-7B1-061,2,0.286,0.081,0.342,3.063,0.601,0.614,x,PASS,Task-level robustness summary for balanced_pid.
forced_category_A_full,TASK-7B1-061,TUBE-7B1-061,3,0.285,0.088,0.343,3.166,0.676,0.653,x,PASS,Task-level robustness summary for balanced_pid.
forced_category_A_full,TASK-7B1-061,TUBE-7B1-061,4,0.286,0.084,0.341,3.073,0.535,0.606,x,PASS,Task-level robustness summary for balanced_pid.
forced_category_A_full,TASK-7B1-061,TUBE-7B1-061,5,0.284,0.085,0.341,3.119,0.65,0.626,x,PASS,Task-level robustness summary for balanced_pid.
forced_category_A_full,TASK-7B1-062,TUBE-7B1-062,1,0.164,0.114,0.353,0.773,0.492,0.635,x,PASS,Task-level robustness summary for balanced_pid.
forced_category_A_full,TASK-7B1-062,TUBE-7B1-062,2,0.165,0.116,0.349,0.769,0.428,0.616,x,PASS,Task-level robustness summary for balanced_pid.
forced_category_A_full,TASK-7B1-062,TUBE-7B1-062,3,0.168,0.116,0.351,0.773,0.449,0.604,x,PASS,Task-level robustness summary for balanced_pid.
forced_category_A_full,TASK-7B1-062,TUBE-7B1-062,4,0.166,0.113,0.349,0.826,0.462,0.63,x,PASS,Task-level robustness summary for balanced_pid.
forced_category_A_full,TASK-7B1-062,TUBE-7B1-062,5,0.162,0.117,0.35,0.687,0.457,0.607,x,PASS,Task-level robustness summary for balanced_pid.
forced_category_A_full,TASK-7B1-063,TUBE-7B1-063,1,0.195,0.106,0.344,0.755,0.41,0.663,x,PASS,Task-level robustness summary for balanced_pid.
forced_category_A_full,TASK-7B1-063,TUBE-7B1-063,2,0.189,0.103,0.345,0.717,0.474,0.612,x,PASS,Task-level robustness summary for balanced_pid.
forced_category_A_full,TASK-7B1-063,TUBE-7B1-063,3,0.196,0.106,0.344,0.622,0.38,0.617,x,PASS,Task-level robustness summary for balanced_pid.
forced_category_A_full,TASK-7B1-063,TUBE-7B1-063,4,0.194,0.103,0.342,0.67,0.4,0.619,x,PASS,Task-level robustness summary for balanced_pid.
forced_category_A_full,TASK-7B1-063,TUBE-7B1-063,5,0.195,0.102,0.344,0.8,0.34,0.627,x,PASS,Task-level robustness summary for balanced_pid.
forced_category_A_full,TASK-7B1-064,TUBE-7B1-064,1,0.182,0.09,0.351,0.894,0.798,0.618,x,PASS,Task-level robustness summary for balanced_pid.
forced_category_A_full,TASK-7B1-064,TUBE-7B1-064,2,0.183,0.088,0.352,0.883,0.649,0.608,x,PASS,Task-level robustness summary for balanced_pid.
forced_category_A_full,TASK-7B1-064,TUBE-7B1-064,3,0.18,0.087,0.356,1.025,0.698,0.618,x,PASS,Task-level robustness summary for balanced_pid.
forced_category_A_full,TASK-7B1-064,TUBE-7B1-064,4,0.184,0.089,0.356,0.936,0.759,0.643,x,PASS,Task-level robustness summary for balanced_pid.
forced_category_A_full,TASK-7B1-064,TUBE-7B1-064,5,0.181,0.085,0.353,0.951,0.734,0.636,x,PASS,Task-level robustness summary for balanced_pid.
forced_category_A_full,TASK-7B1-065,TUBE-7B1-065,1,0.216,0.075,0.339,0.895,0.387,0.598,x,PASS,Task-level robustness summary for balanced_pid.
forced_category_A_full,TASK-7B1-065,TUBE-7B1-065,2,0.221,0.073,0.339,0.863,0.37,0.638,x,PASS,Task-level robustness summary for balanced_pid.
forced_category_A_full,TASK-7B1-065,TUBE-7B1-065,3,0.214,0.077,0.342,0.907,0.337,0.631,x,PASS,Task-level robustness summary for balanced_pid.
forced_category_A_full,TASK-7B1-065,TUBE-7B1-065,4,0.22,0.07,0.341,0.839,0.271,0.604,x,PASS,Task-level robustness summary for balanced_pid.
forced_category_A_full,TASK-7B1-065,TUBE-7B1-065,5,0.219,0.071,0.341,0.921,0.32,0.609,x,PASS,Task-level robustness summary for balanced_pid.
forced_category_A_full,TASK-7B1-066,TUBE-7B1-066,1,0.177,0.125,0.347,0.876,0.461,0.615,x,PASS,Task-level robustness summary for balanced_pid.
forced_category_A_full,TASK-7B1-066,TUBE-7B1-066,2,0.179,0.128,0.344,0.739,0.471,0.602,x,PASS,Task-level robustness summary for balanced_pid.
forced_category_A_full,TASK-7B1-066,TUBE-7B1-066,3,0.176,0.123,0.346,0.778,0.438,0.639,x,PASS,Task-level robustness summary for balanced_pid.
forced_category_A_full,TASK-7B1-066,TUBE-7B1-066,4,0.176,0.121,0.344,0.791,0.519,0.624,x,PASS,Task-level robustness summary for balanced_pid.
forced_category_A_full,TASK-7B1-066,TUBE-7B1-066,5,0.184,0.123,0.345,0.894,0.478,0.628,x,PASS,Task-level robustness summary for balanced_pid.
forced_category_A_full,TASK-7B1-067,TUBE-7B1-067,1,0.21,0.128,0.339,1.291,0.661,0.625,x,PASS,Task-level robustness summary for balanced_pid.
forced_category_A_full,TASK-7B1-067,TUBE-7B1-067,2,0.211,0.124,0.341,1.281,0.615,0.638,x,PASS,Task-level robustness summary for balanced_pid.
forced_category_A_full,TASK-7B1-067,TUBE-7B1-067,3,0.212,0.132,0.339,1.267,0.642,0.613,x,PASS,Task-level robustness summary for balanced_pid.
forced_category_A_full,TASK-7B1-067,TUBE-7B1-067,4,0.209,0.129,0.338,1.296,0.601,0.624,x,PASS,Task-level robustness summary for balanced_pid.
forced_category_A_full,TASK-7B1-067,TUBE-7B1-067,5,0.21,0.125,0.339,1.248,0.645,0.645,x,PASS,Task-level robustness summary for balanced_pid.
forced_category_A_full,TASK-7B1-068,TUBE-7B1-068,1,0.168,0.112,0.35,0.651,0.596,0.654,z,PASS,Task-level robustness summary for balanced_pid.
forced_category_A_full,TASK-7B1-068,TUBE-7B1-068,2,0.163,0.106,0.352,0.73,0.498,0.623,x,PASS,Task-level robustness summary for balanced_pid.
forced_category_A_full,TASK-7B1-068,TUBE-7B1-068,3,0.162,0.104,0.351,0.807,0.495,0.605,x,PASS,Task-level robustness summary for balanced_pid.
forced_category_A_full,TASK-7B1-068,TUBE-7B1-068,4,0.164,0.113,0.351,0.728,0.585,0.628,x,PASS,Task-level robustness summary for balanced_pid.
forced_category_A_full,TASK-7B1-068,TUBE-7B1-068,5,0.162,0.102,0.351,0.712,0.625,0.61,x,PASS,Task-level robustness summary for balanced_pid.
forced_category_A_full,TASK-7B1-069,TUBE-7B1-069,1,0.223,0.097,0.339,1.43,0.387,0.612,x,PASS,Task-level robustness summary for balanced_pid.
forced_category_A_full,TASK-7B1-069,TUBE-7B1-069,2,0.228,0.099,0.339,1.584,0.495,0.609,x,PASS,Task-level robustness summary for balanced_pid.
forced_category_A_full,TASK-7B1-069,TUBE-7B1-069,3,0.226,0.1,0.338,1.603,0.514,0.604,x,PASS,Task-level robustness summary for balanced_pid.
forced_category_A_full,TASK-7B1-069,TUBE-7B1-069,4,0.223,0.102,0.341,1.5,0.442,0.628,x,PASS,Task-level robustness summary for balanced_pid.
forced_category_A_full,TASK-7B1-069,TUBE-7B1-069,5,0.225,0.096,0.339,1.542,0.495,0.615,x,PASS,Task-level robustness summary for balanced_pid.
manual_review_limited_capacity,TASK-7B1-001,TUBE-7B1-001,1,0.219,0.184,0.321,0.752,0.637,0.632,x,PASS,Task-level robustness summary for balanced_pid.
manual_review_limited_capacity,TASK-7B1-001,TUBE-7B1-001,2,0.22,0.182,0.318,0.722,0.823,0.652,y,PASS,Task-level robustness summary for balanced_pid.
manual_review_limited_capacity,TASK-7B1-001,TUBE-7B1-001,3,0.213,0.179,0.321,0.695,0.646,0.626,x,PASS,Task-level robustness summary for balanced_pid.
manual_review_limited_capacity,TASK-7B1-001,TUBE-7B1-001,4,0.216,0.182,0.323,0.745,0.666,0.628,x,PASS,Task-level robustness summary for balanced_pid.
manual_review_limited_capacity,TASK-7B1-001,TUBE-7B1-001,5,0.217,0.181,0.32,0.719,0.582,0.648,x,PASS,Task-level robustness summary for balanced_pid.
manual_review_limited_capacity,TASK-7B1-002,TUBE-7B1-002,1,0.24,0.176,0.316,1.148,0.87,0.604,x,PASS,Task-level robustness summary for balanced_pid.
manual_review_limited_capacity,TASK-7B1-002,TUBE-7B1-002,2,0.239,0.179,0.315,1.16,0.955,0.611,x,PASS,Task-level robustness summary for balanced_pid.
manual_review_limited_capacity,TASK-7B1-002,TUBE-7B1-002,3,0.24,0.182,0.319,1.12,1.013,0.612,x,PASS,Task-level robustness summary for balanced_pid.
manual_review_limited_capacity,TASK-7B1-002,TUBE-7B1-002,4,0.24,0.181,0.318,1.068,0.85,0.606,x,PASS,Task-level robustness summary for balanced_pid.
manual_review_limited_capacity,TASK-7B1-002,TUBE-7B1-002,5,0.24,0.177,0.316,1.043,0.797,0.606,x,PASS,Task-level robustness summary for balanced_pid.
manual_review_limited_capacity,TASK-7B1-003,TUBE-7B1-003,1,0.203,0.16,0.328,0.717,0.676,0.614,x,PASS,Task-level robustness summary for balanced_pid.
manual_review_limited_capacity,TASK-7B1-003,TUBE-7B1-003,2,0.211,0.163,0.328,0.771,0.667,0.607,x,PASS,Task-level robustness summary for balanced_pid.
manual_review_limited_capacity,TASK-7B1-003,TUBE-7B1-003,3,0.209,0.163,0.329,0.754,0.652,0.608,x,PASS,Task-level robustness summary for balanced_pid.
manual_review_limited_capacity,TASK-7B1-003,TUBE-7B1-003,4,0.207,0.166,0.329,0.684,0.622,0.613,x,PASS,Task-level robustness summary for balanced_pid.
manual_review_limited_capacity,TASK-7B1-003,TUBE-7B1-003,5,0.204,0.161,0.331,0.733,0.675,0.613,x,PASS,Task-level robustness summary for balanced_pid.
manual_review_limited_capacity,TASK-7B1-004,TUBE-7B1-004,1,0.223,0.197,0.317,1.096,0.697,0.613,x,PASS,Task-level robustness summary for balanced_pid.
manual_review_limited_capacity,TASK-7B1-004,TUBE-7B1-004,2,0.229,0.196,0.315,1.262,0.721,0.626,x,PASS,Task-level robustness summary for balanced_pid.
manual_review_limited_capacity,TASK-7B1-004,TUBE-7B1-004,3,0.224,0.198,0.32,1.177,0.765,0.62,x,PASS,Task-level robustness summary for balanced_pid.
manual_review_limited_capacity,TASK-7B1-004,TUBE-7B1-004,4,0.224,0.2,0.317,1.155,0.793,0.614,x,PASS,Task-level robustness summary for balanced_pid.
manual_review_limited_capacity,TASK-7B1-004,TUBE-7B1-004,5,0.225,0.199,0.318,1.195,0.746,0.613,x,PASS,Task-level robustness summary for balanced_pid.
manual_review_limited_capacity,TASK-7B1-005,TUBE-7B1-005,1,0.22,0.175,0.328,1.499,0.809,0.623,x,PASS,Task-level robustness summary for balanced_pid.
manual_review_limited_capacity,TASK-7B1-005,TUBE-7B1-005,2,0.22,0.177,0.327,1.474,0.807,0.613,x,PASS,Task-level robustness summary for balanced_pid.
manual_review_limited_capacity,TASK-7B1-005,TUBE-7B1-005,3,0.221,0.174,0.325,1.493,0.795,0.613,x,PASS,Task-level robustness summary for balanced_pid.
manual_review_limited_capacity,TASK-7B1-005,TUBE-7B1-005,4,0.22,0.173,0.327,1.468,0.811,0.631,x,PASS,Task-level robustness summary for balanced_pid.
manual_review_limited_capacity,TASK-7B1-005,TUBE-7B1-005,5,0.22,0.169,0.329,1.47,0.801,0.647,x,PASS,Task-level robustness summary for balanced_pid.
manual_review_limited_capacity,TASK-7B1-006,TUBE-7B1-006,1,0.256,0.183,0.325,2.542,1.552,0.629,x,PASS,Task-level robustness summary for balanced_pid.
manual_review_limited_capacity,TASK-7B1-006,TUBE-7B1-006,2,0.258,0.18,0.32,2.532,1.461,0.603,x,PASS,Task-level robustness summary for balanced_pid.
manual_review_limited_capacity,TASK-7B1-006,TUBE-7B1-006,3,0.262,0.183,0.324,2.579,1.52,0.633,x,PASS,Task-level robustness summary for balanced_pid.
manual_review_limited_capacity,TASK-7B1-006,TUBE-7B1-006,4,0.259,0.187,0.323,2.59,1.611,0.611,x,PASS,Task-level robustness summary for balanced_pid.
manual_review_limited_capacity,TASK-7B1-006,TUBE-7B1-006,5,0.257,0.185,0.325,2.505,1.519,0.62,x,PASS,Task-level robustness summary for balanced_pid.
manual_review_limited_capacity,TASK-7B1-007,TUBE-7B1-007,1,0.239,0.17,0.317,1.087,0.853,0.612,x,PASS,Task-level robustness summary for balanced_pid.
manual_review_limited_capacity,TASK-7B1-007,TUBE-7B1-007,2,0.241,0.17,0.319,1.106,0.615,0.644,x,PASS,Task-level robustness summary for balanced_pid.
manual_review_limited_capacity,TASK-7B1-007,TUBE-7B1-007,3,0.24,0.171,0.323,1.172,0.873,0.61,x,PASS,Task-level robustness summary for balanced_pid.
manual_review_limited_capacity,TASK-7B1-007,TUBE-7B1-007,4,0.236,0.169,0.32,1.059,0.786,0.644,x,PASS,Task-level robustness summary for balanced_pid.
manual_review_limited_capacity,TASK-7B1-007,TUBE-7B1-007,5,0.235,0.17,0.319,1.005,0.819,0.624,x,PASS,Task-level robustness summary for balanced_pid.
manual_review_limited_capacity,TASK-7B1-008,TUBE-7B1-008,1,0.217,0.152,0.334,0.923,0.614,0.606,x,PASS,Task-level robustness summary for balanced_pid.
manual_review_limited_capacity,TASK-7B1-008,TUBE-7B1-008,2,0.212,0.157,0.334,1.039,0.758,0.614,x,PASS,Task-level robustness summary for balanced_pid.
manual_review_limited_capacity,TASK-7B1-008,TUBE-7B1-008,3,0.215,0.157,0.331,0.965,0.713,0.596,x,PASS,Task-level robustness summary for balanced_pid.
manual_review_limited_capacity,TASK-7B1-008,TUBE-7B1-008,4,0.215,0.156,0.333,0.999,0.692,0.607,x,PASS,Task-level robustness summary for balanced_pid.
manual_review_limited_capacity,TASK-7B1-008,TUBE-7B1-008,5,0.213,0.154,0.332,1.014,0.612,0.606,x,PASS,Task-level robustness summary for balanced_pid.
manual_review_limited_capacity,TASK-7B1-009,TUBE-7B1-009,1,0.222,0.147,0.327,0.811,0.57,0.627,x,PASS,Task-level robustness summary for balanced_pid.
manual_review_limited_capacity,TASK-7B1-009,TUBE-7B1-009,2,0.222,0.145,0.327,0.88,0.557,0.616,x,PASS,Task-level robustness summary for balanced_pid.
manual_review_limited_capacity,TASK-7B1-009,TUBE-7B1-009,3,0.223,0.149,0.326,0.84,0.624,0.612,x,PASS,Task-level robustness summary for balanced_pid.
manual_review_limited_capacity,TASK-7B1-009,TUBE-7B1-009,4,0.221,0.145,0.327,0.82,0.633,0.636,x,PASS,Task-level robustness summary for balanced_pid.
manual_review_limited_capacity,TASK-7B1-009,TUBE-7B1-009,5,0.222,0.148,0.326,0.784,0.545,0.619,x,PASS,Task-level robustness summary for balanced_pid.
manual_review_limited_capacity,TASK-7B1-010,TUBE-7B1-010,1,0.234,0.156,0.32,0.829,0.565,0.616,x,PASS,Task-level robustness summary for balanced_pid.
manual_review_limited_capacity,TASK-7B1-010,TUBE-7B1-010,2,0.237,0.154,0.322,0.939,0.566,0.622,x,PASS,Task-level robustness summary for balanced_pid.
manual_review_limited_capacity,TASK-7B1-010,TUBE-7B1-010,3,0.236,0.158,0.322,0.822,0.537,0.626,x,PASS,Task-level robustness summary for balanced_pid.
manual_review_limited_capacity,TASK-7B1-010,TUBE-7B1-010,4,0.236,0.155,0.323,0.932,0.542,0.606,x,PASS,Task-level robustness summary for balanced_pid.
manual_review_limited_capacity,TASK-7B1-010,TUBE-7B1-010,5,0.232,0.159,0.324,0.905,0.599,0.611,x,PASS,Task-level robustness summary for balanced_pid.
manual_review_limited_capacity,TASK-7B1-011,TUBE-7B1-011,1,0.253,0.15,0.318,1.318,0.602,0.647,x,PASS,Task-level robustness summary for balanced_pid.
manual_review_limited_capacity,TASK-7B1-011,TUBE-7B1-011,2,0.257,0.149,0.318,1.258,0.689,0.647,x,PASS,Task-level robustness summary for balanced_pid.
manual_review_limited_capacity,TASK-7B1-011,TUBE-7B1-011,3,0.255,0.15,0.315,1.197,0.608,0.613,x,PASS,Task-level robustness summary for balanced_pid.
manual_review_limited_capacity,TASK-7B1-011,TUBE-7B1-011,4,0.256,0.148,0.319,1.181,0.791,0.612,x,PASS,Task-level robustness summary for balanced_pid.
manual_review_limited_capacity,TASK-7B1-011,TUBE-7B1-011,5,0.255,0.149,0.316,1.175,0.613,0.619,x,PASS,Task-level robustness summary for balanced_pid.
manual_review_limited_capacity,TASK-7B1-012,TUBE-7B1-012,1,0.238,0.134,0.331,1.453,1.011,0.635,x,PASS,Task-level robustness summary for balanced_pid.
manual_review_limited_capacity,TASK-7B1-012,TUBE-7B1-012,2,0.239,0.131,0.333,1.467,0.914,0.637,x,PASS,Task-level robustness summary for balanced_pid.
manual_review_limited_capacity,TASK-7B1-012,TUBE-7B1-012,3,0.233,0.138,0.328,1.51,1.029,0.618,x,PASS,Task-level robustness summary for balanced_pid.
manual_review_limited_capacity,TASK-7B1-012,TUBE-7B1-012,4,0.238,0.14,0.332,1.648,1.096,0.634,x,PASS,Task-level robustness summary for balanced_pid.
manual_review_limited_capacity,TASK-7B1-012,TUBE-7B1-012,5,0.235,0.132,0.329,1.446,0.922,0.606,x,PASS,Task-level robustness summary for balanced_pid.
manual_review_limited_capacity,TASK-7B1-013,TUBE-7B1-013,1,0.234,0.181,0.321,1.244,0.883,0.625,x,PASS,Task-level robustness summary for balanced_pid.
manual_review_limited_capacity,TASK-7B1-013,TUBE-7B1-013,2,0.231,0.185,0.321,1.25,0.81,0.607,x,PASS,Task-level robustness summary for balanced_pid.
manual_review_limited_capacity,TASK-7B1-013,TUBE-7B1-013,3,0.233,0.179,0.321,1.326,0.778,0.632,x,PASS,Task-level robustness summary for balanced_pid.
manual_review_limited_capacity,TASK-7B1-013,TUBE-7B1-013,4,0.23,0.182,0.324,1.257,0.978,0.615,x,PASS,Task-level robustness summary for balanced_pid.
manual_review_limited_capacity,TASK-7B1-013,TUBE-7B1-013,5,0.232,0.179,0.322,1.301,0.762,0.611,x,PASS,Task-level robustness summary for balanced_pid.
manual_review_limited_capacity,TASK-7B1-014,TUBE-7B1-014,1,0.231,0.137,0.329,1.229,0.535,0.609,x,PASS,Task-level robustness summary for balanced_pid.
manual_review_limited_capacity,TASK-7B1-014,TUBE-7B1-014,2,0.228,0.138,0.327,1.138,0.61,0.604,x,PASS,Task-level robustness summary for balanced_pid.
manual_review_limited_capacity,TASK-7B1-014,TUBE-7B1-014,3,0.23,0.14,0.329,1.13,0.644,0.622,x,PASS,Task-level robustness summary for balanced_pid.
manual_review_limited_capacity,TASK-7B1-014,TUBE-7B1-014,4,0.227,0.14,0.326,1.131,0.601,0.601,x,PASS,Task-level robustness summary for balanced_pid.
manual_review_limited_capacity,TASK-7B1-014,TUBE-7B1-014,5,0.23,0.135,0.327,1.124,0.637,0.609,x,PASS,Task-level robustness summary for balanced_pid.
manual_review_limited_capacity,TASK-7B1-015,TUBE-7B1-015,1,0.241,0.144,0.323,0.75,0.607,0.628,x,PASS,Task-level robustness summary for balanced_pid.
manual_review_limited_capacity,TASK-7B1-015,TUBE-7B1-015,2,0.241,0.14,0.324,0.871,0.588,0.641,x,PASS,Task-level robustness summary for balanced_pid.
manual_review_limited_capacity,TASK-7B1-015,TUBE-7B1-015,3,0.241,0.139,0.322,0.767,0.519,0.613,x,PASS,Task-level robustness summary for balanced_pid.
manual_review_limited_capacity,TASK-7B1-015,TUBE-7B1-015,4,0.239,0.138,0.324,0.858,0.598,0.644,x,PASS,Task-level robustness summary for balanced_pid.
manual_review_limited_capacity,TASK-7B1-015,TUBE-7B1-015,5,0.238,0.141,0.323,0.749,0.624,0.604,x,PASS,Task-level robustness summary for balanced_pid.
manual_review_limited_capacity,TASK-7B1-016,TUBE-7B1-016,1,0.251,0.136,0.323,0.77,0.402,0.611,x,PASS,Task-level robustness summary for balanced_pid.
manual_review_limited_capacity,TASK-7B1-016,TUBE-7B1-016,2,0.248,0.132,0.321,0.839,0.454,0.635,x,PASS,Task-level robustness summary for balanced_pid.
manual_review_limited_capacity,TASK-7B1-016,TUBE-7B1-016,3,0.251,0.138,0.319,0.867,0.497,0.604,x,PASS,Task-level robustness summary for balanced_pid.
manual_review_limited_capacity,TASK-7B1-016,TUBE-7B1-016,4,0.252,0.138,0.318,0.908,0.385,0.61,x,PASS,Task-level robustness summary for balanced_pid.
manual_review_limited_capacity,TASK-7B1-016,TUBE-7B1-016,5,0.255,0.134,0.321,0.803,0.459,0.639,x,PASS,Task-level robustness summary for balanced_pid.
manual_review_limited_capacity,TASK-7B1-017,TUBE-7B1-017,1,0.233,0.118,0.335,0.976,0.556,0.619,x,PASS,Task-level robustness summary for balanced_pid.
manual_review_limited_capacity,TASK-7B1-017,TUBE-7B1-017,2,0.231,0.116,0.334,1.041,0.472,0.604,x,PASS,Task-level robustness summary for balanced_pid.
manual_review_limited_capacity,TASK-7B1-017,TUBE-7B1-017,3,0.226,0.118,0.336,0.999,0.492,0.619,x,PASS,Task-level robustness summary for balanced_pid.
manual_review_limited_capacity,TASK-7B1-017,TUBE-7B1-017,4,0.228,0.116,0.333,0.98,0.59,0.628,x,PASS,Task-level robustness summary for balanced_pid.
manual_review_limited_capacity,TASK-7B1-017,TUBE-7B1-017,5,0.236,0.116,0.335,1.068,0.524,0.626,x,PASS,Task-level robustness summary for balanced_pid.
manual_review_limited_capacity,TASK-7B1-018,TUBE-7B1-018,1,0.243,0.122,0.325,1.084,0.667,0.613,x,PASS,Task-level robustness summary for balanced_pid.
manual_review_limited_capacity,TASK-7B1-018,TUBE-7B1-018,2,0.243,0.118,0.326,0.985,0.726,0.617,x,PASS,Task-level robustness summary for balanced_pid.
manual_review_limited_capacity,TASK-7B1-018,TUBE-7B1-018,3,0.244,0.122,0.328,1.064,0.724,0.617,x,PASS,Task-level robustness summary for balanced_pid.
manual_review_limited_capacity,TASK-7B1-018,TUBE-7B1-018,4,0.253,0.123,0.327,1.194,0.825,0.623,x,PASS,Task-level robustness summary for balanced_pid.
manual_review_limited_capacity,TASK-7B1-018,TUBE-7B1-018,5,0.248,0.122,0.327,1.111,0.653,0.621,x,PASS,Task-level robustness summary for balanced_pid.
manual_review_limited_capacity,TASK-7B1-019,TUBE-7B1-019,1,0.167,0.212,0.331,0.807,0.843,0.646,y,PASS,Task-level robustness summary for balanced_pid.
manual_review_limited_capacity,TASK-7B1-019,TUBE-7B1-019,2,0.172,0.209,0.327,0.881,0.806,0.614,x,PASS,Task-level robustness summary for balanced_pid.
manual_review_limited_capacity,TASK-7B1-019,TUBE-7B1-019,3,0.167,0.206,0.327,0.838,0.816,0.633,x,PASS,Task-level robustness summary for balanced_pid.
manual_review_limited_capacity,TASK-7B1-019,TUBE-7B1-019,4,0.165,0.208,0.326,0.889,0.789,0.618,x,PASS,Task-level robustness summary for balanced_pid.
manual_review_limited_capacity,TASK-7B1-019,TUBE-7B1-019,5,0.169,0.205,0.328,0.845,0.858,0.633,y,PASS,Task-level robustness summary for balanced_pid.
manual_review_limited_capacity,TASK-7B1-020,TUBE-7B1-020,1,0.21,0.2,0.32,1.314,0.82,0.609,x,PASS,Task-level robustness summary for balanced_pid.
manual_review_limited_capacity,TASK-7B1-020,TUBE-7B1-020,2,0.209,0.2,0.322,1.42,0.805,0.631,x,PASS,Task-level robustness summary for balanced_pid.
manual_review_limited_capacity,TASK-7B1-020,TUBE-7B1-020,3,0.211,0.196,0.326,1.408,0.753,0.615,x,PASS,Task-level robustness summary for balanced_pid.
manual_review_limited_capacity,TASK-7B1-020,TUBE-7B1-020,4,0.211,0.198,0.324,1.426,0.828,0.616,x,PASS,Task-level robustness summary for balanced_pid.
manual_review_limited_capacity,TASK-7B1-020,TUBE-7B1-020,5,0.211,0.196,0.324,1.473,0.836,0.621,x,PASS,Task-level robustness summary for balanced_pid.
manual_review_limited_capacity,TASK-7B1-021,TUBE-7B1-021,1,0.225,0.193,0.331,3.0,1.152,0.62,x,PASS,Task-level robustness summary for balanced_pid.
manual_review_limited_capacity,TASK-7B1-021,TUBE-7B1-021,2,0.231,0.203,0.336,3.055,1.102,0.641,x,PASS,Task-level robustness summary for balanced_pid.
manual_review_limited_capacity,TASK-7B1-021,TUBE-7B1-021,3,0.231,0.199,0.334,2.979,1.194,0.637,x,PASS,Task-level robustness summary for balanced_pid.
manual_review_limited_capacity,TASK-7B1-021,TUBE-7B1-021,4,0.229,0.201,0.334,2.981,1.14,0.646,x,PASS,Task-level robustness summary for balanced_pid.
manual_review_limited_capacity,TASK-7B1-021,TUBE-7B1-021,5,0.229,0.201,0.333,3.067,1.191,0.633,x,PASS,Task-level robustness summary for balanced_pid.
manual_review_limited_capacity,TASK-7B1-022,TUBE-7B1-022,1,0.207,0.176,0.326,1.011,0.725,0.608,x,PASS,Task-level robustness summary for balanced_pid.
manual_review_limited_capacity,TASK-7B1-022,TUBE-7B1-022,2,0.207,0.178,0.327,0.916,0.813,0.613,x,PASS,Task-level robustness summary for balanced_pid.
manual_review_limited_capacity,TASK-7B1-022,TUBE-7B1-022,3,0.21,0.177,0.327,0.938,0.754,0.659,x,PASS,Task-level robustness summary for balanced_pid.
manual_review_limited_capacity,TASK-7B1-022,TUBE-7B1-022,4,0.207,0.18,0.327,0.971,0.738,0.638,x,PASS,Task-level robustness summary for balanced_pid.
manual_review_limited_capacity,TASK-7B1-022,TUBE-7B1-022,5,0.212,0.177,0.323,1.024,0.846,0.598,x,PASS,Task-level robustness summary for balanced_pid.
manual_review_limited_capacity,TASK-7B1-023,TUBE-7B1-023,1,0.175,0.205,0.328,0.905,0.712,0.634,x,PASS,Task-level robustness summary for balanced_pid.
manual_review_limited_capacity,TASK-7B1-023,TUBE-7B1-023,2,0.175,0.203,0.33,0.934,0.763,0.645,x,PASS,Task-level robustness summary for balanced_pid.
manual_review_limited_capacity,TASK-7B1-023,TUBE-7B1-023,3,0.173,0.198,0.328,0.86,0.782,0.612,x,PASS,Task-level robustness summary for balanced_pid.
manual_review_limited_capacity,TASK-7B1-023,TUBE-7B1-023,4,0.176,0.197,0.328,0.863,0.778,0.63,x,PASS,Task-level robustness summary for balanced_pid.
manual_review_limited_capacity,TASK-7B1-023,TUBE-7B1-023,5,0.175,0.204,0.327,0.887,0.757,0.611,x,PASS,Task-level robustness summary for balanced_pid.
manual_review_limited_capacity,TASK-7B1-024,TUBE-7B1-024,1,0.202,0.182,0.324,0.927,0.739,0.615,x,PASS,Task-level robustness summary for balanced_pid.
manual_review_limited_capacity,TASK-7B1-024,TUBE-7B1-024,2,0.2,0.186,0.327,0.833,0.763,0.623,x,PASS,Task-level robustness summary for balanced_pid.
manual_review_limited_capacity,TASK-7B1-024,TUBE-7B1-024,3,0.201,0.187,0.327,0.871,0.848,0.622,x,PASS,Task-level robustness summary for balanced_pid.
manual_review_limited_capacity,TASK-7B1-024,TUBE-7B1-024,4,0.201,0.186,0.324,0.877,0.746,0.597,x,PASS,Task-level robustness summary for balanced_pid.
manual_review_limited_capacity,TASK-7B1-024,TUBE-7B1-024,5,0.204,0.187,0.327,0.934,0.829,0.632,x,PASS,Task-level robustness summary for balanced_pid.
manual_review_limited_capacity,TASK-7B1-025,TUBE-7B1-025,1,0.177,0.175,0.337,0.802,0.776,0.616,x,PASS,Task-level robustness summary for balanced_pid.
manual_review_limited_capacity,TASK-7B1-025,TUBE-7B1-025,2,0.172,0.174,0.334,0.793,0.758,0.625,x,PASS,Task-level robustness summary for balanced_pid.
manual_review_limited_capacity,TASK-7B1-025,TUBE-7B1-025,3,0.174,0.169,0.333,0.828,0.777,0.606,x,PASS,Task-level robustness summary for balanced_pid.
manual_review_limited_capacity,TASK-7B1-025,TUBE-7B1-025,4,0.18,0.17,0.331,0.887,0.75,0.601,x,PASS,Task-level robustness summary for balanced_pid.
manual_review_limited_capacity,TASK-7B1-025,TUBE-7B1-025,5,0.174,0.17,0.334,0.825,0.728,0.623,x,PASS,Task-level robustness summary for balanced_pid.
manual_review_limited_capacity,TASK-7B1-026,TUBE-7B1-026,1,0.207,0.174,0.325,0.752,0.892,0.632,y,PASS,Task-level robustness summary for balanced_pid.
manual_review_limited_capacity,TASK-7B1-026,TUBE-7B1-026,2,0.213,0.177,0.325,0.795,0.937,0.627,y,PASS,Task-level robustness summary for balanced_pid.
manual_review_limited_capacity,TASK-7B1-026,TUBE-7B1-026,3,0.21,0.174,0.328,0.825,0.969,0.65,y,PASS,Task-level robustness summary for balanced_pid.
manual_review_limited_capacity,TASK-7B1-026,TUBE-7B1-026,4,0.211,0.175,0.328,0.745,0.952,0.624,y,PASS,Task-level robustness summary for balanced_pid.
manual_review_limited_capacity,TASK-7B1-026,TUBE-7B1-026,5,0.21,0.173,0.329,0.762,0.94,0.613,y,PASS,Task-level robustness summary for balanced_pid.
manual_review_limited_capacity,TASK-7B1-027,TUBE-7B1-027,1,0.142,0.191,0.344,0.548,0.965,0.62,y,PASS,Task-level robustness summary for balanced_pid.
manual_review_limited_capacity,TASK-7B1-027,TUBE-7B1-027,2,0.14,0.191,0.341,0.533,1.021,0.613,y,PASS,Task-level robustness summary for balanced_pid.
manual_review_limited_capacity,TASK-7B1-027,TUBE-7B1-027,3,0.14,0.19,0.344,0.608,1.026,0.62,y,PASS,Task-level robustness summary for balanced_pid.
manual_review_limited_capacity,TASK-7B1-027,TUBE-7B1-027,4,0.142,0.192,0.341,0.625,1.102,0.622,y,PASS,Task-level robustness summary for balanced_pid.
manual_review_limited_capacity,TASK-7B1-027,TUBE-7B1-027,5,0.139,0.194,0.34,0.57,1.047,0.612,y,PASS,Task-level robustness summary for balanced_pid.
manual_review_limited_capacity,TASK-7B1-028,TUBE-7B1-028,1,0.186,0.192,0.329,1.093,0.739,0.615,x,PASS,Task-level robustness summary for balanced_pid.
manual_review_limited_capacity,TASK-7B1-028,TUBE-7B1-028,2,0.191,0.194,0.329,1.253,0.767,0.615,x,PASS,Task-level robustness summary for balanced_pid.
manual_review_limited_capacity,TASK-7B1-028,TUBE-7B1-028,3,0.185,0.192,0.33,1.104,0.768,0.62,x,PASS,Task-level robustness summary for balanced_pid.
manual_review_limited_capacity,TASK-7B1-028,TUBE-7B1-028,4,0.184,0.193,0.329,1.1,0.83,0.623,x,PASS,Task-level robustness summary for balanced_pid.
manual_review_limited_capacity,TASK-7B1-028,TUBE-7B1-028,5,0.188,0.194,0.328,1.019,0.739,0.63,x,PASS,Task-level robustness summary for balanced_pid.
manual_review_limited_capacity,TASK-7B1-029,TUBE-7B1-029,1,0.171,0.221,0.333,0.722,2.394,0.645,y,PASS,Task-level robustness summary for balanced_pid.
manual_review_limited_capacity,TASK-7B1-029,TUBE-7B1-029,2,0.171,0.226,0.336,0.795,2.553,0.626,y,PASS,Task-level robustness summary for balanced_pid.
manual_review_limited_capacity,TASK-7B1-029,TUBE-7B1-029,3,0.171,0.221,0.335,0.694,2.468,0.636,y,PASS,Task-level robustness summary for balanced_pid.
manual_review_limited_capacity,TASK-7B1-029,TUBE-7B1-029,4,0.174,0.223,0.333,0.692,2.477,0.613,y,PASS,Task-level robustness summary for balanced_pid.
manual_review_limited_capacity,TASK-7B1-029,TUBE-7B1-029,5,0.17,0.224,0.335,0.749,2.451,0.602,y,PASS,Task-level robustness summary for balanced_pid.
manual_review_limited_capacity,TASK-7B1-030,TUBE-7B1-030,1,0.149,0.2,0.347,0.76,2.196,0.641,y,PASS,Task-level robustness summary for balanced_pid.
manual_review_limited_capacity,TASK-7B1-030,TUBE-7B1-030,2,0.151,0.201,0.348,0.763,2.345,0.655,y,PASS,Task-level robustness summary for balanced_pid.
manual_review_limited_capacity,TASK-7B1-030,TUBE-7B1-030,3,0.146,0.202,0.347,0.781,2.274,0.623,y,PASS,Task-level robustness summary for balanced_pid.
manual_review_limited_capacity,TASK-7B1-030,TUBE-7B1-030,4,0.151,0.194,0.344,0.792,2.236,0.598,y,PASS,Task-level robustness summary for balanced_pid.
manual_review_limited_capacity,TASK-7B1-030,TUBE-7B1-030,5,0.146,0.198,0.346,0.731,2.271,0.616,y,PASS,Task-level robustness summary for balanced_pid.
manual_review_limited_capacity,TASK-7B1-031,TUBE-7B1-031,1,0.216,0.198,0.333,1.34,2.372,0.616,y,PASS,Task-level robustness summary for balanced_pid.
manual_review_limited_capacity,TASK-7B1-031,TUBE-7B1-031,2,0.213,0.199,0.334,1.223,2.336,0.627,y,PASS,Task-level robustness summary for balanced_pid.
manual_review_limited_capacity,TASK-7B1-031,TUBE-7B1-031,3,0.215,0.194,0.335,1.177,2.301,0.614,y,PASS,Task-level robustness summary for balanced_pid.
manual_review_limited_capacity,TASK-7B1-031,TUBE-7B1-031,4,0.216,0.193,0.334,1.307,2.258,0.605,y,PASS,Task-level robustness summary for balanced_pid.
manual_review_limited_capacity,TASK-7B1-031,TUBE-7B1-031,5,0.212,0.197,0.334,1.302,2.386,0.617,y,PASS,Task-level robustness summary for balanced_pid.
manual_review_limited_capacity,TASK-7B1-032,TUBE-7B1-032,1,0.169,0.197,0.342,1.227,1.971,0.626,y,PASS,Task-level robustness summary for balanced_pid.
manual_review_limited_capacity,TASK-7B1-032,TUBE-7B1-032,2,0.165,0.199,0.342,1.226,1.954,0.618,y,PASS,Task-level robustness summary for balanced_pid.
manual_review_limited_capacity,TASK-7B1-032,TUBE-7B1-032,3,0.162,0.197,0.341,1.15,1.9,0.639,y,PASS,Task-level robustness summary for balanced_pid.
manual_review_limited_capacity,TASK-7B1-032,TUBE-7B1-032,4,0.162,0.197,0.34,1.225,1.929,0.621,y,PASS,Task-level robustness summary for balanced_pid.
manual_review_limited_capacity,TASK-7B1-032,TUBE-7B1-032,5,0.166,0.194,0.341,1.241,1.879,0.613,y,PASS,Task-level robustness summary for balanced_pid.
manual_review_limited_capacity,TASK-7B1-033,TUBE-7B1-033,1,0.18,0.162,0.335,0.667,0.709,0.626,y,PASS,Task-level robustness summary for balanced_pid.
manual_review_limited_capacity,TASK-7B1-033,TUBE-7B1-033,2,0.177,0.162,0.335,0.607,0.684,0.622,y,PASS,Task-level robustness summary for balanced_pid.
manual_review_limited_capacity,TASK-7B1-033,TUBE-7B1-033,3,0.179,0.164,0.336,0.746,0.7,0.607,x,PASS,Task-level robustness summary for balanced_pid.
manual_review_limited_capacity,TASK-7B1-033,TUBE-7B1-033,4,0.182,0.165,0.337,0.708,0.722,0.64,y,PASS,Task-level robustness summary for balanced_pid.
manual_review_limited_capacity,TASK-7B1-033,TUBE-7B1-033,5,0.181,0.167,0.337,0.785,0.673,0.616,x,PASS,Task-level robustness summary for balanced_pid.
manual_review_limited_capacity,TASK-7B1-034,TUBE-7B1-034,1,0.16,0.14,0.348,0.959,0.671,0.627,x,PASS,Task-level robustness summary for balanced_pid.
manual_review_limited_capacity,TASK-7B1-034,TUBE-7B1-034,2,0.155,0.143,0.347,0.873,0.633,0.621,x,PASS,Task-level robustness summary for balanced_pid.
manual_review_limited_capacity,TASK-7B1-034,TUBE-7B1-034,3,0.156,0.145,0.346,0.904,0.605,0.623,x,PASS,Task-level robustness summary for balanced_pid.
manual_review_limited_capacity,TASK-7B1-034,TUBE-7B1-034,4,0.156,0.151,0.35,1.013,0.708,0.618,x,PASS,Task-level robustness summary for balanced_pid.
manual_review_limited_capacity,TASK-7B1-034,TUBE-7B1-034,5,0.156,0.147,0.347,0.889,0.726,0.614,x,PASS,Task-level robustness summary for balanced_pid.
manual_review_limited_capacity,TASK-7B1-035,TUBE-7B1-035,1,0.275,0.059,0.324,0.98,0.168,0.675,x,PASS,Task-level robustness summary for balanced_pid.
manual_review_limited_capacity,TASK-7B1-035,TUBE-7B1-035,2,0.274,0.056,0.321,0.96,0.18,0.61,x,PASS,Task-level robustness summary for balanced_pid.
manual_review_limited_capacity,TASK-7B1-035,TUBE-7B1-035,3,0.278,0.057,0.323,1.063,0.214,0.629,x,PASS,Task-level robustness summary for balanced_pid.
manual_review_limited_capacity,TASK-7B1-035,TUBE-7B1-035,4,0.276,0.055,0.323,1.061,0.17,0.637,x,PASS,Task-level robustness summary for balanced_pid.
manual_review_limited_capacity,TASK-7B1-035,TUBE-7B1-035,5,0.277,0.055,0.323,1.046,0.165,0.595,x,PASS,Task-level robustness summary for balanced_pid.
manual_review_limited_capacity,TASK-7B1-036,TUBE-7B1-036,1,0.24,0.111,0.329,0.9,0.599,0.606,x,PASS,Task-level robustness summary for balanced_pid.
manual_review_limited_capacity,TASK-7B1-036,TUBE-7B1-036,2,0.238,0.108,0.332,0.903,0.593,0.607,x,PASS,Task-level robustness summary for balanced_pid.
manual_review_limited_capacity,TASK-7B1-036,TUBE-7B1-036,3,0.239,0.113,0.33,0.791,0.583,0.611,x,PASS,Task-level robustness summary for balanced_pid.
manual_review_limited_capacity,TASK-7B1-036,TUBE-7B1-036,4,0.238,0.114,0.331,0.859,0.512,0.618,x,PASS,Task-level robustness summary for balanced_pid.
manual_review_limited_capacity,TASK-7B1-036,TUBE-7B1-036,5,0.238,0.107,0.331,0.923,0.565,0.608,x,PASS,Task-level robustness summary for balanced_pid.
manual_review_limited_capacity,TASK-7B1-037,TUBE-7B1-037,1,0.269,0.096,0.327,1.183,0.579,0.606,x,PASS,Task-level robustness summary for balanced_pid.
manual_review_limited_capacity,TASK-7B1-037,TUBE-7B1-037,2,0.272,0.099,0.326,1.289,0.51,0.63,x,PASS,Task-level robustness summary for balanced_pid.
manual_review_limited_capacity,TASK-7B1-037,TUBE-7B1-037,3,0.271,0.098,0.325,1.22,0.502,0.628,x,PASS,Task-level robustness summary for balanced_pid.
manual_review_limited_capacity,TASK-7B1-037,TUBE-7B1-037,4,0.27,0.102,0.326,1.235,0.531,0.624,x,PASS,Task-level robustness summary for balanced_pid.
manual_review_limited_capacity,TASK-7B1-037,TUBE-7B1-037,5,0.272,0.097,0.322,1.191,0.475,0.611,x,PASS,Task-level robustness summary for balanced_pid.
manual_review_limited_capacity,TASK-7B1-038,TUBE-7B1-038,1,0.257,0.063,0.341,2.537,0.196,0.624,x,PASS,Task-level robustness summary for balanced_pid.
manual_review_limited_capacity,TASK-7B1-038,TUBE-7B1-038,2,0.26,0.058,0.344,2.537,0.192,0.629,x,PASS,Task-level robustness summary for balanced_pid.
manual_review_limited_capacity,TASK-7B1-038,TUBE-7B1-038,3,0.256,0.058,0.342,2.384,0.231,0.617,x,PASS,Task-level robustness summary for balanced_pid.
manual_review_limited_capacity,TASK-7B1-038,TUBE-7B1-038,4,0.256,0.059,0.342,2.423,0.232,0.631,x,PASS,Task-level robustness summary for balanced_pid.
manual_review_limited_capacity,TASK-7B1-038,TUBE-7B1-038,5,0.258,0.062,0.34,2.464,0.218,0.617,x,PASS,Task-level robustness summary for balanced_pid.
manual_review_limited_capacity,TASK-7B1-039,TUBE-7B1-039,1,0.246,0.056,0.336,1.063,0.162,0.634,x,PASS,Task-level robustness summary for balanced_pid.
manual_review_limited_capacity,TASK-7B1-039,TUBE-7B1-039,2,0.244,0.059,0.337,1.063,0.157,0.616,x,PASS,Task-level robustness summary for balanced_pid.
manual_review_limited_capacity,TASK-7B1-039,TUBE-7B1-039,3,0.236,0.061,0.334,1.031,0.224,0.613,x,PASS,Task-level robustness summary for balanced_pid.
manual_review_limited_capacity,TASK-7B1-039,TUBE-7B1-039,4,0.243,0.059,0.336,1.009,0.194,0.632,x,PASS,Task-level robustness summary for balanced_pid.
manual_review_limited_capacity,TASK-7B1-039,TUBE-7B1-039,5,0.242,0.059,0.334,1.032,0.177,0.618,x,PASS,Task-level robustness summary for balanced_pid.
manual_review_limited_capacity,TASK-7B1-040,TUBE-7B1-040,1,0.257,0.107,0.326,1.024,0.521,0.627,x,PASS,Task-level robustness summary for balanced_pid.
manual_review_limited_capacity,TASK-7B1-040,TUBE-7B1-040,2,0.26,0.102,0.328,1.088,0.418,0.634,x,PASS,Task-level robustness summary for balanced_pid.
manual_review_limited_capacity,TASK-7B1-040,TUBE-7B1-040,3,0.264,0.106,0.327,1.108,0.443,0.627,x,PASS,Task-level robustness summary for balanced_pid.
manual_review_limited_capacity,TASK-7B1-040,TUBE-7B1-040,4,0.262,0.107,0.326,1.027,0.502,0.626,x,PASS,Task-level robustness summary for balanced_pid.
manual_review_limited_capacity,TASK-7B1-040,TUBE-7B1-040,5,0.261,0.106,0.323,1.007,0.589,0.634,x,PASS,Task-level robustness summary for balanced_pid.
manual_review_limited_capacity,TASK-7B1-041,TUBE-7B1-041,1,0.275,0.089,0.326,1.266,0.41,0.678,x,PASS,Task-level robustness summary for balanced_pid.
manual_review_limited_capacity,TASK-7B1-041,TUBE-7B1-041,2,0.27,0.093,0.323,1.413,0.441,0.613,x,PASS,Task-level robustness summary for balanced_pid.
manual_review_limited_capacity,TASK-7B1-041,TUBE-7B1-041,3,0.274,0.094,0.324,1.242,0.32,0.624,x,PASS,Task-level robustness summary for balanced_pid.
manual_review_limited_capacity,TASK-7B1-041,TUBE-7B1-041,4,0.277,0.093,0.326,1.309,0.442,0.626,x,PASS,Task-level robustness summary for balanced_pid.
manual_review_limited_capacity,TASK-7B1-041,TUBE-7B1-041,5,0.272,0.09,0.324,1.219,0.339,0.624,x,PASS,Task-level robustness summary for balanced_pid.
manual_review_limited_capacity,TASK-7B1-042,TUBE-7B1-042,1,0.236,0.055,0.338,0.912,0.185,0.644,x,PASS,Task-level robustness summary for balanced_pid.
manual_review_limited_capacity,TASK-7B1-042,TUBE-7B1-042,2,0.237,0.054,0.338,0.849,0.143,0.61,x,PASS,Task-level robustness summary for balanced_pid.
manual_review_limited_capacity,TASK-7B1-042,TUBE-7B1-042,3,0.238,0.055,0.336,0.928,0.17,0.623,x,PASS,Task-level robustness summary for balanced_pid.
manual_review_limited_capacity,TASK-7B1-042,TUBE-7B1-042,4,0.235,0.058,0.336,0.795,0.159,0.621,x,PASS,Task-level robustness summary for balanced_pid.
manual_review_limited_capacity,TASK-7B1-042,TUBE-7B1-042,5,0.237,0.06,0.338,0.902,0.203,0.626,x,PASS,Task-level robustness summary for balanced_pid.
manual_review_limited_capacity,TASK-7B1-043,TUBE-7B1-043,1,0.255,0.055,0.33,1.542,0.151,0.603,x,PASS,Task-level robustness summary for balanced_pid.
manual_review_limited_capacity,TASK-7B1-043,TUBE-7B1-043,2,0.264,0.054,0.332,1.556,0.193,0.647,x,PASS,Task-level robustness summary for balanced_pid.
manual_review_limited_capacity,TASK-7B1-043,TUBE-7B1-043,3,0.263,0.053,0.328,1.513,0.189,0.615,x,PASS,Task-level robustness summary for balanced_pid.
manual_review_limited_capacity,TASK-7B1-043,TUBE-7B1-043,4,0.261,0.054,0.33,1.54,0.212,0.6,x,PASS,Task-level robustness summary for balanced_pid.
manual_review_limited_capacity,TASK-7B1-043,TUBE-7B1-043,5,0.256,0.054,0.331,1.503,0.183,0.602,x,PASS,Task-level robustness summary for balanced_pid.
manual_review_limited_capacity,TASK-7B1-045,TUBE-7B1-045,1,0.254,0.107,0.326,1.063,0.533,0.607,x,PASS,Task-level robustness summary for balanced_pid.
manual_review_limited_capacity,TASK-7B1-045,TUBE-7B1-045,2,0.253,0.106,0.328,1.002,0.476,0.623,x,PASS,Task-level robustness summary for balanced_pid.
manual_review_limited_capacity,TASK-7B1-045,TUBE-7B1-045,3,0.251,0.105,0.326,0.997,0.516,0.614,x,PASS,Task-level robustness summary for balanced_pid.
manual_review_limited_capacity,TASK-7B1-045,TUBE-7B1-045,4,0.251,0.107,0.329,0.963,0.515,0.623,x,PASS,Task-level robustness summary for balanced_pid.
manual_review_limited_capacity,TASK-7B1-045,TUBE-7B1-045,5,0.253,0.11,0.329,0.979,0.535,0.623,x,PASS,Task-level robustness summary for balanced_pid.
manual_review_limited_capacity,TASK-7B1-046,TUBE-7B1-046,1,0.262,0.097,0.323,0.924,0.313,0.631,x,PASS,Task-level robustness summary for balanced_pid.
manual_review_limited_capacity,TASK-7B1-046,TUBE-7B1-046,2,0.263,0.097,0.323,0.984,0.334,0.63,x,PASS,Task-level robustness summary for balanced_pid.
manual_review_limited_capacity,TASK-7B1-046,TUBE-7B1-046,3,0.265,0.092,0.325,0.928,0.33,0.617,x,PASS,Task-level robustness summary for balanced_pid.
manual_review_limited_capacity,TASK-7B1-046,TUBE-7B1-046,4,0.26,0.097,0.322,1.004,0.396,0.631,x,PASS,Task-level robustness summary for balanced_pid.
manual_review_limited_capacity,TASK-7B1-046,TUBE-7B1-046,5,0.266,0.094,0.321,0.904,0.302,0.607,x,PASS,Task-level robustness summary for balanced_pid.
manual_review_limited_capacity,TASK-7B1-047,TUBE-7B1-047,1,0.281,0.066,0.338,2.959,0.237,0.634,x,PASS,Task-level robustness summary for balanced_pid.
manual_review_limited_capacity,TASK-7B1-047,TUBE-7B1-047,2,0.283,0.064,0.337,2.946,0.275,0.619,x,PASS,Task-level robustness summary for balanced_pid.
manual_review_limited_capacity,TASK-7B1-047,TUBE-7B1-047,3,0.28,0.067,0.337,2.962,0.213,0.617,x,PASS,Task-level robustness summary for balanced_pid.
manual_review_limited_capacity,TASK-7B1-047,TUBE-7B1-047,4,0.279,0.065,0.34,2.972,0.206,0.636,x,PASS,Task-level robustness summary for balanced_pid.
manual_review_limited_capacity,TASK-7B1-047,TUBE-7B1-047,5,0.285,0.066,0.338,2.993,0.267,0.616,x,PASS,Task-level robustness summary for balanced_pid.
manual_review_limited_capacity,TASK-7B1-048,TUBE-7B1-048,1,0.248,0.067,0.331,0.929,0.29,0.611,x,PASS,Task-level robustness summary for balanced_pid.
manual_review_limited_capacity,TASK-7B1-048,TUBE-7B1-048,2,0.254,0.067,0.333,0.973,0.276,0.63,x,PASS,Task-level robustness summary for balanced_pid.
manual_review_limited_capacity,TASK-7B1-048,TUBE-7B1-048,3,0.252,0.068,0.334,0.875,0.292,0.637,x,PASS,Task-level robustness summary for balanced_pid.
manual_review_limited_capacity,TASK-7B1-048,TUBE-7B1-048,4,0.252,0.064,0.334,0.928,0.251,0.615,x,PASS,Task-level robustness summary for balanced_pid.
manual_review_limited_capacity,TASK-7B1-048,TUBE-7B1-048,5,0.249,0.066,0.335,0.964,0.236,0.616,x,PASS,Task-level robustness summary for balanced_pid.
manual_review_limited_capacity,TASK-7B1-049,TUBE-7B1-049,1,0.262,0.111,0.323,0.9,0.473,0.612,x,PASS,Task-level robustness summary for balanced_pid.
manual_review_limited_capacity,TASK-7B1-049,TUBE-7B1-049,2,0.257,0.112,0.324,0.873,0.39,0.638,x,PASS,Task-level robustness summary for balanced_pid.
manual_review_limited_capacity,TASK-7B1-049,TUBE-7B1-049,3,0.261,0.107,0.323,0.858,0.394,0.61,x,PASS,Task-level robustness summary for balanced_pid.
manual_review_limited_capacity,TASK-7B1-049,TUBE-7B1-049,4,0.258,0.109,0.322,0.874,0.468,0.639,x,PASS,Task-level robustness summary for balanced_pid.
manual_review_limited_capacity,TASK-7B1-049,TUBE-7B1-049,5,0.252,0.108,0.324,0.882,0.406,0.623,x,PASS,Task-level robustness summary for balanced_pid.
manual_review_limited_capacity,TASK-7B1-050,TUBE-7B1-050,1,0.271,0.106,0.32,1.463,0.56,0.617,x,PASS,Task-level robustness summary for balanced_pid.
manual_review_limited_capacity,TASK-7B1-050,TUBE-7B1-050,2,0.273,0.105,0.32,1.367,0.575,0.627,x,PASS,Task-level robustness summary for balanced_pid.
manual_review_limited_capacity,TASK-7B1-050,TUBE-7B1-050,3,0.274,0.102,0.322,1.51,0.499,0.666,x,PASS,Task-level robustness summary for balanced_pid.
manual_review_limited_capacity,TASK-7B1-050,TUBE-7B1-050,4,0.273,0.106,0.319,1.476,0.529,0.609,x,PASS,Task-level robustness summary for balanced_pid.
manual_review_limited_capacity,TASK-7B1-050,TUBE-7B1-050,5,0.278,0.106,0.319,1.433,0.61,0.628,x,PASS,Task-level robustness summary for balanced_pid.
manual_review_limited_capacity,TASK-7B1-051,TUBE-7B1-051,1,0.241,0.081,0.333,0.833,0.357,0.613,x,PASS,Task-level robustness summary for balanced_pid.
manual_review_limited_capacity,TASK-7B1-051,TUBE-7B1-051,2,0.246,0.082,0.332,0.862,0.368,0.615,x,PASS,Task-level robustness summary for balanced_pid.
manual_review_limited_capacity,TASK-7B1-051,TUBE-7B1-051,3,0.243,0.08,0.335,0.858,0.32,0.609,x,PASS,Task-level robustness summary for balanced_pid.
manual_review_limited_capacity,TASK-7B1-051,TUBE-7B1-051,4,0.248,0.081,0.329,0.767,0.414,0.617,x,PASS,Task-level robustness summary for balanced_pid.
manual_review_limited_capacity,TASK-7B1-051,TUBE-7B1-051,5,0.242,0.078,0.335,0.871,0.306,0.631,x,PASS,Task-level robustness summary for balanced_pid.
manual_review_limited_capacity,TASK-7B1-052,TUBE-7B1-052,1,0.325,0.098,0.327,3.147,1.074,0.649,x,PASS,Task-level robustness summary for balanced_pid.
manual_review_limited_capacity,TASK-7B1-052,TUBE-7B1-052,2,0.328,0.093,0.325,3.214,1.083,0.595,x,PASS,Task-level robustness summary for balanced_pid.
manual_review_limited_capacity,TASK-7B1-052,TUBE-7B1-052,3,0.324,0.097,0.326,3.177,1.066,0.611,x,PASS,Task-level robustness summary for balanced_pid.
manual_review_limited_capacity,TASK-7B1-052,TUBE-7B1-052,4,0.333,0.096,0.325,3.31,1.069,0.604,x,PASS,Task-level robustness summary for balanced_pid.
manual_review_limited_capacity,TASK-7B1-052,TUBE-7B1-052,5,0.33,0.091,0.327,3.262,0.973,0.613,x,PASS,Task-level robustness summary for balanced_pid.
manual_review_limited_capacity,TASK-7B1-053,TUBE-7B1-053,1,0.145,0.114,0.359,0.684,0.471,0.614,x,PASS,Task-level robustness summary for balanced_pid.
manual_review_limited_capacity,TASK-7B1-053,TUBE-7B1-053,2,0.149,0.113,0.353,0.68,0.437,0.667,x,PASS,Task-level robustness summary for balanced_pid.
manual_review_limited_capacity,TASK-7B1-053,TUBE-7B1-053,3,0.143,0.118,0.353,0.621,0.434,0.643,z,PASS,Task-level robustness summary for balanced_pid.
manual_review_limited_capacity,TASK-7B1-053,TUBE-7B1-053,4,0.148,0.113,0.355,0.68,0.51,0.621,x,PASS,Task-level robustness summary for balanced_pid.
manual_review_limited_capacity,TASK-7B1-053,TUBE-7B1-053,5,0.149,0.112,0.356,0.62,0.498,0.652,z,PASS,Task-level robustness summary for balanced_pid.
manual_review_limited_capacity,TASK-7B1-054,TUBE-7B1-054,1,0.188,0.107,0.351,1.09,0.616,0.648,x,PASS,Task-level robustness summary for balanced_pid.
manual_review_limited_capacity,TASK-7B1-054,TUBE-7B1-054,2,0.195,0.1,0.349,1.183,0.514,0.627,x,PASS,Task-level robustness summary for balanced_pid.
manual_review_limited_capacity,TASK-7B1-054,TUBE-7B1-054,3,0.194,0.107,0.349,1.243,0.506,0.619,x,PASS,Task-level robustness summary for balanced_pid.
manual_review_limited_capacity,TASK-7B1-054,TUBE-7B1-054,4,0.196,0.106,0.349,1.226,0.431,0.631,x,PASS,Task-level robustness summary for balanced_pid.
manual_review_limited_capacity,TASK-7B1-054,TUBE-7B1-054,5,0.192,0.104,0.348,1.28,0.463,0.632,x,PASS,Task-level robustness summary for balanced_pid.
manual_review_limited_capacity,TASK-7B1-055,TUBE-7B1-055,1,0.164,0.076,0.355,0.821,0.447,0.605,x,PASS,Task-level robustness summary for balanced_pid.
manual_review_limited_capacity,TASK-7B1-055,TUBE-7B1-055,2,0.17,0.075,0.357,0.944,0.352,0.627,x,PASS,Task-level robustness summary for balanced_pid.
manual_review_limited_capacity,TASK-7B1-055,TUBE-7B1-055,3,0.162,0.079,0.356,0.78,0.497,0.613,x,PASS,Task-level robustness summary for balanced_pid.
manual_review_limited_capacity,TASK-7B1-055,TUBE-7B1-055,4,0.163,0.077,0.36,0.878,0.451,0.628,x,PASS,Task-level robustness summary for balanced_pid.
manual_review_limited_capacity,TASK-7B1-055,TUBE-7B1-055,5,0.163,0.074,0.36,0.932,0.388,0.656,x,PASS,Task-level robustness summary for balanced_pid.
manual_review_limited_capacity,TASK-7B1-056,TUBE-7B1-056,1,0.216,0.066,0.343,0.813,0.292,0.624,x,PASS,Task-level robustness summary for balanced_pid.
manual_review_limited_capacity,TASK-7B1-056,TUBE-7B1-056,2,0.214,0.069,0.347,0.82,0.326,0.629,x,PASS,Task-level robustness summary for balanced_pid.
manual_review_limited_capacity,TASK-7B1-056,TUBE-7B1-056,3,0.215,0.066,0.346,0.833,0.31,0.614,x,PASS,Task-level robustness summary for balanced_pid.
manual_review_limited_capacity,TASK-7B1-056,TUBE-7B1-056,4,0.217,0.068,0.344,0.915,0.295,0.622,x,PASS,Task-level robustness summary for balanced_pid.
manual_review_limited_capacity,TASK-7B1-056,TUBE-7B1-056,5,0.214,0.072,0.342,0.819,0.314,0.612,x,PASS,Task-level robustness summary for balanced_pid.
manual_review_limited_capacity,TASK-7B1-057,TUBE-7B1-057,1,0.167,0.103,0.351,0.702,0.567,0.613,x,PASS,Task-level robustness summary for balanced_pid.
manual_review_limited_capacity,TASK-7B1-057,TUBE-7B1-057,2,0.165,0.108,0.352,0.728,0.436,0.614,x,PASS,Task-level robustness summary for balanced_pid.
manual_review_limited_capacity,TASK-7B1-057,TUBE-7B1-057,3,0.17,0.108,0.351,0.779,0.541,0.625,x,PASS,Task-level robustness summary for balanced_pid.
manual_review_limited_capacity,TASK-7B1-057,TUBE-7B1-057,4,0.167,0.112,0.355,0.63,0.446,0.631,z,PASS,Task-level robustness summary for balanced_pid.
manual_review_limited_capacity,TASK-7B1-057,TUBE-7B1-057,5,0.164,0.105,0.352,0.739,0.419,0.607,x,PASS,Task-level robustness summary for balanced_pid.
manual_review_limited_capacity,TASK-7B1-058,TUBE-7B1-058,1,0.188,0.095,0.348,0.901,0.301,0.632,x,PASS,Task-level robustness summary for balanced_pid.
manual_review_limited_capacity,TASK-7B1-058,TUBE-7B1-058,2,0.194,0.095,0.35,0.869,0.366,0.629,x,PASS,Task-level robustness summary for balanced_pid.
manual_review_limited_capacity,TASK-7B1-058,TUBE-7B1-058,3,0.194,0.097,0.35,0.827,0.379,0.615,x,PASS,Task-level robustness summary for balanced_pid.
manual_review_limited_capacity,TASK-7B1-058,TUBE-7B1-058,4,0.193,0.093,0.35,0.879,0.288,0.613,x,PASS,Task-level robustness summary for balanced_pid.
manual_review_limited_capacity,TASK-7B1-058,TUBE-7B1-058,5,0.191,0.089,0.349,0.913,0.373,0.653,x,PASS,Task-level robustness summary for balanced_pid.
manual_review_limited_capacity,TASK-7B1-060,TUBE-7B1-060,1,0.168,0.066,0.358,0.768,0.409,0.619,x,PASS,Task-level robustness summary for balanced_pid.
manual_review_limited_capacity,TASK-7B1-060,TUBE-7B1-060,2,0.165,0.065,0.354,0.757,0.202,0.619,x,PASS,Task-level robustness summary for balanced_pid.
manual_review_limited_capacity,TASK-7B1-060,TUBE-7B1-060,3,0.17,0.067,0.356,0.786,0.378,0.596,x,PASS,Task-level robustness summary for balanced_pid.
manual_review_limited_capacity,TASK-7B1-060,TUBE-7B1-060,4,0.173,0.067,0.358,0.831,0.353,0.624,x,PASS,Task-level robustness summary for balanced_pid.
manual_review_limited_capacity,TASK-7B1-060,TUBE-7B1-060,5,0.167,0.066,0.357,0.863,0.319,0.618,x,PASS,Task-level robustness summary for balanced_pid.
manual_review_limited_capacity,TASK-7B1-061,TUBE-7B1-061,1,0.281,0.088,0.342,3.071,0.552,0.627,x,PASS,Task-level robustness summary for balanced_pid.
manual_review_limited_capacity,TASK-7B1-061,TUBE-7B1-061,2,0.286,0.087,0.341,3.142,0.608,0.616,x,PASS,Task-level robustness summary for balanced_pid.
manual_review_limited_capacity,TASK-7B1-061,TUBE-7B1-061,3,0.287,0.086,0.342,3.082,0.644,0.646,x,PASS,Task-level robustness summary for balanced_pid.
manual_review_limited_capacity,TASK-7B1-061,TUBE-7B1-061,4,0.286,0.086,0.343,3.126,0.488,0.616,x,PASS,Task-level robustness summary for balanced_pid.
manual_review_limited_capacity,TASK-7B1-061,TUBE-7B1-061,5,0.286,0.085,0.34,3.07,0.494,0.62,x,PASS,Task-level robustness summary for balanced_pid.
manual_review_limited_capacity,TASK-7B1-062,TUBE-7B1-062,1,0.158,0.114,0.35,0.748,0.486,0.609,x,PASS,Task-level robustness summary for balanced_pid.
manual_review_limited_capacity,TASK-7B1-062,TUBE-7B1-062,2,0.164,0.115,0.353,0.835,0.485,0.62,x,PASS,Task-level robustness summary for balanced_pid.
manual_review_limited_capacity,TASK-7B1-062,TUBE-7B1-062,3,0.164,0.119,0.353,0.76,0.379,0.611,x,PASS,Task-level robustness summary for balanced_pid.
manual_review_limited_capacity,TASK-7B1-062,TUBE-7B1-062,4,0.163,0.115,0.354,0.681,0.489,0.621,x,PASS,Task-level robustness summary for balanced_pid.
manual_review_limited_capacity,TASK-7B1-062,TUBE-7B1-062,5,0.164,0.115,0.351,0.841,0.447,0.632,x,PASS,Task-level robustness summary for balanced_pid.
manual_review_limited_capacity,TASK-7B1-063,TUBE-7B1-063,1,0.193,0.108,0.344,0.728,0.421,0.609,x,PASS,Task-level robustness summary for balanced_pid.
manual_review_limited_capacity,TASK-7B1-063,TUBE-7B1-063,2,0.195,0.104,0.345,0.801,0.44,0.621,x,PASS,Task-level robustness summary for balanced_pid.
manual_review_limited_capacity,TASK-7B1-063,TUBE-7B1-063,3,0.193,0.107,0.346,0.776,0.402,0.612,x,PASS,Task-level robustness summary for balanced_pid.
manual_review_limited_capacity,TASK-7B1-063,TUBE-7B1-063,4,0.189,0.103,0.343,0.732,0.423,0.599,x,PASS,Task-level robustness summary for balanced_pid.
manual_review_limited_capacity,TASK-7B1-063,TUBE-7B1-063,5,0.191,0.107,0.345,0.69,0.432,0.609,x,PASS,Task-level robustness summary for balanced_pid.
manual_review_limited_capacity,TASK-7B1-064,TUBE-7B1-064,1,0.183,0.086,0.352,0.992,0.648,0.608,x,PASS,Task-level robustness summary for balanced_pid.
manual_review_limited_capacity,TASK-7B1-064,TUBE-7B1-064,2,0.18,0.086,0.351,0.963,0.657,0.62,x,PASS,Task-level robustness summary for balanced_pid.
manual_review_limited_capacity,TASK-7B1-064,TUBE-7B1-064,3,0.187,0.093,0.354,1.051,0.786,0.616,x,PASS,Task-level robustness summary for balanced_pid.
manual_review_limited_capacity,TASK-7B1-064,TUBE-7B1-064,4,0.179,0.089,0.355,0.921,0.68,0.626,x,PASS,Task-level robustness summary for balanced_pid.
manual_review_limited_capacity,TASK-7B1-064,TUBE-7B1-064,5,0.182,0.092,0.355,0.975,0.688,0.621,x,PASS,Task-level robustness summary for balanced_pid.
manual_review_limited_capacity,TASK-7B1-065,TUBE-7B1-065,1,0.222,0.072,0.343,0.808,0.393,0.617,x,PASS,Task-level robustness summary for balanced_pid.
manual_review_limited_capacity,TASK-7B1-065,TUBE-7B1-065,2,0.215,0.073,0.338,0.857,0.32,0.598,x,PASS,Task-level robustness summary for balanced_pid.
manual_review_limited_capacity,TASK-7B1-065,TUBE-7B1-065,3,0.221,0.067,0.343,0.895,0.26,0.615,x,PASS,Task-level robustness summary for balanced_pid.
manual_review_limited_capacity,TASK-7B1-065,TUBE-7B1-065,4,0.217,0.071,0.341,0.762,0.319,0.615,x,PASS,Task-level robustness summary for balanced_pid.
manual_review_limited_capacity,TASK-7B1-065,TUBE-7B1-065,5,0.22,0.074,0.34,0.945,0.337,0.619,x,PASS,Task-level robustness summary for balanced_pid.
manual_review_limited_capacity,TASK-7B1-066,TUBE-7B1-066,1,0.18,0.127,0.345,0.796,0.468,0.623,x,PASS,Task-level robustness summary for balanced_pid.
manual_review_limited_capacity,TASK-7B1-066,TUBE-7B1-066,2,0.178,0.128,0.343,0.748,0.583,0.611,x,PASS,Task-level robustness summary for balanced_pid.
manual_review_limited_capacity,TASK-7B1-066,TUBE-7B1-066,3,0.181,0.127,0.344,0.801,0.509,0.611,x,PASS,Task-level robustness summary for balanced_pid.
manual_review_limited_capacity,TASK-7B1-066,TUBE-7B1-066,4,0.179,0.129,0.343,0.826,0.493,0.609,x,PASS,Task-level robustness summary for balanced_pid.
manual_review_limited_capacity,TASK-7B1-066,TUBE-7B1-066,5,0.178,0.129,0.348,0.84,0.552,0.607,x,PASS,Task-level robustness summary for balanced_pid.
manual_review_limited_capacity,TASK-7B1-067,TUBE-7B1-067,1,0.21,0.127,0.34,1.244,0.53,0.619,x,PASS,Task-level robustness summary for balanced_pid.
manual_review_limited_capacity,TASK-7B1-067,TUBE-7B1-067,2,0.209,0.126,0.339,1.265,0.612,0.61,x,PASS,Task-level robustness summary for balanced_pid.
manual_review_limited_capacity,TASK-7B1-067,TUBE-7B1-067,3,0.21,0.129,0.34,1.243,0.633,0.65,x,PASS,Task-level robustness summary for balanced_pid.
manual_review_limited_capacity,TASK-7B1-067,TUBE-7B1-067,4,0.212,0.13,0.339,1.259,0.611,0.625,x,PASS,Task-level robustness summary for balanced_pid.
manual_review_limited_capacity,TASK-7B1-067,TUBE-7B1-067,5,0.214,0.128,0.337,1.263,0.517,0.618,x,PASS,Task-level robustness summary for balanced_pid.
manual_review_limited_capacity,TASK-7B1-068,TUBE-7B1-068,1,0.165,0.104,0.35,0.683,0.509,0.618,x,PASS,Task-level robustness summary for balanced_pid.
manual_review_limited_capacity,TASK-7B1-068,TUBE-7B1-068,2,0.163,0.103,0.352,0.731,0.478,0.624,x,PASS,Task-level robustness summary for balanced_pid.
manual_review_limited_capacity,TASK-7B1-068,TUBE-7B1-068,3,0.166,0.108,0.348,0.762,0.528,0.652,x,PASS,Task-level robustness summary for balanced_pid.
manual_review_limited_capacity,TASK-7B1-068,TUBE-7B1-068,4,0.165,0.101,0.349,0.79,0.502,0.632,x,PASS,Task-level robustness summary for balanced_pid.
manual_review_limited_capacity,TASK-7B1-068,TUBE-7B1-068,5,0.166,0.108,0.351,0.717,0.579,0.609,x,PASS,Task-level robustness summary for balanced_pid.
manual_review_limited_capacity,TASK-7B1-069,TUBE-7B1-069,1,0.227,0.098,0.34,1.494,0.559,0.611,x,PASS,Task-level robustness summary for balanced_pid.
manual_review_limited_capacity,TASK-7B1-069,TUBE-7B1-069,2,0.232,0.097,0.339,1.558,0.482,0.615,x,PASS,Task-level robustness summary for balanced_pid.
manual_review_limited_capacity,TASK-7B1-069,TUBE-7B1-069,3,0.222,0.103,0.341,1.567,0.505,0.625,x,PASS,Task-level robustness summary for balanced_pid.
manual_review_limited_capacity,TASK-7B1-069,TUBE-7B1-069,4,0.228,0.098,0.34,1.557,0.518,0.617,x,PASS,Task-level robustness summary for balanced_pid.
manual_review_limited_capacity,TASK-7B1-069,TUBE-7B1-069,5,0.225,0.099,0.338,1.515,0.489,0.609,x,PASS,Task-level robustness summary for balanced_pid.
pick_failure_test,TASK-7B1-001,TUBE-7B1-001,1,0.215,0.182,0.319,0.769,0.684,0.621,x,PASS,Task-level robustness summary for balanced_pid.
pick_failure_test,TASK-7B1-001,TUBE-7B1-001,2,0.218,0.185,0.319,0.771,0.728,0.61,x,PASS,Task-level robustness summary for balanced_pid.
pick_failure_test,TASK-7B1-001,TUBE-7B1-001,3,0.218,0.179,0.323,0.787,0.664,0.613,x,PASS,Task-level robustness summary for balanced_pid.
pick_failure_test,TASK-7B1-001,TUBE-7B1-001,4,0.214,0.183,0.319,0.757,0.669,0.603,x,PASS,Task-level robustness summary for balanced_pid.
pick_failure_test,TASK-7B1-001,TUBE-7B1-001,5,0.218,0.183,0.321,0.852,0.717,0.62,x,PASS,Task-level robustness summary for balanced_pid.
pick_failure_test,TASK-7B1-002,TUBE-7B1-002,1,0.219,0.164,0.338,1.114,0.881,0.66,x,PASS,Task-level robustness summary for balanced_pid.
pick_failure_test,TASK-7B1-002,TUBE-7B1-002,2,0.226,0.165,0.335,1.236,0.985,0.691,x,PASS,Task-level robustness summary for balanced_pid.
pick_failure_test,TASK-7B1-002,TUBE-7B1-002,3,0.221,0.166,0.336,1.065,0.903,0.664,x,PASS,Task-level robustness summary for balanced_pid.
pick_failure_test,TASK-7B1-002,TUBE-7B1-002,4,0.222,0.166,0.335,0.981,0.939,0.68,x,PASS,Task-level robustness summary for balanced_pid.
pick_failure_test,TASK-7B1-002,TUBE-7B1-002,5,0.22,0.166,0.334,1.138,0.867,0.695,x,PASS,Task-level robustness summary for balanced_pid.
pick_failure_test,TASK-7B1-003,TUBE-7B1-003,1,0.21,0.158,0.331,0.717,0.57,0.619,x,PASS,Task-level robustness summary for balanced_pid.
pick_failure_test,TASK-7B1-003,TUBE-7B1-003,2,0.214,0.164,0.326,0.774,0.647,0.611,x,PASS,Task-level robustness summary for balanced_pid.
pick_failure_test,TASK-7B1-003,TUBE-7B1-003,3,0.21,0.161,0.331,0.683,0.662,0.624,x,PASS,Task-level robustness summary for balanced_pid.
pick_failure_test,TASK-7B1-003,TUBE-7B1-003,4,0.21,0.163,0.328,0.694,0.667,0.613,x,PASS,Task-level robustness summary for balanced_pid.
pick_failure_test,TASK-7B1-003,TUBE-7B1-003,5,0.212,0.165,0.329,0.78,0.735,0.612,x,PASS,Task-level robustness summary for balanced_pid.
pick_failure_test,TASK-7B1-004,TUBE-7B1-004,1,0.226,0.202,0.315,1.157,0.728,0.609,x,PASS,Task-level robustness summary for balanced_pid.
pick_failure_test,TASK-7B1-004,TUBE-7B1-004,2,0.226,0.199,0.318,1.198,0.737,0.638,x,PASS,Task-level robustness summary for balanced_pid.
pick_failure_test,TASK-7B1-004,TUBE-7B1-004,3,0.224,0.197,0.319,1.117,0.688,0.626,x,PASS,Task-level robustness summary for balanced_pid.
pick_failure_test,TASK-7B1-004,TUBE-7B1-004,4,0.228,0.197,0.317,1.141,0.713,0.621,x,PASS,Task-level robustness summary for balanced_pid.
pick_failure_test,TASK-7B1-004,TUBE-7B1-004,5,0.23,0.194,0.316,1.13,0.702,0.616,x,PASS,Task-level robustness summary for balanced_pid.
pick_failure_test,TASK-7B1-005,TUBE-7B1-005,1,0.218,0.171,0.326,1.508,0.93,0.65,x,PASS,Task-level robustness summary for balanced_pid.
pick_failure_test,TASK-7B1-005,TUBE-7B1-005,2,0.224,0.177,0.325,1.543,0.807,0.626,x,PASS,Task-level robustness summary for balanced_pid.
pick_failure_test,TASK-7B1-005,TUBE-7B1-005,3,0.22,0.175,0.328,1.444,0.741,0.627,x,PASS,Task-level robustness summary for balanced_pid.
pick_failure_test,TASK-7B1-005,TUBE-7B1-005,4,0.221,0.174,0.329,1.534,0.84,0.618,x,PASS,Task-level robustness summary for balanced_pid.
pick_failure_test,TASK-7B1-005,TUBE-7B1-005,5,0.222,0.172,0.33,1.428,0.763,0.622,x,PASS,Task-level robustness summary for balanced_pid.
pick_failure_test,TASK-7B1-006,TUBE-7B1-006,1,0.258,0.181,0.322,2.607,1.488,0.61,x,PASS,Task-level robustness summary for balanced_pid.
pick_failure_test,TASK-7B1-006,TUBE-7B1-006,2,0.258,0.184,0.322,2.512,1.587,0.631,x,PASS,Task-level robustness summary for balanced_pid.
pick_failure_test,TASK-7B1-006,TUBE-7B1-006,3,0.263,0.182,0.322,2.604,1.463,0.603,x,PASS,Task-level robustness summary for balanced_pid.
pick_failure_test,TASK-7B1-006,TUBE-7B1-006,4,0.256,0.178,0.322,2.528,1.519,0.598,x,PASS,Task-level robustness summary for balanced_pid.
pick_failure_test,TASK-7B1-006,TUBE-7B1-006,5,0.258,0.184,0.322,2.597,1.468,0.648,x,PASS,Task-level robustness summary for balanced_pid.
pick_failure_test,TASK-7B1-007,TUBE-7B1-007,1,0.244,0.168,0.317,1.032,0.897,0.629,x,PASS,Task-level robustness summary for balanced_pid.
pick_failure_test,TASK-7B1-007,TUBE-7B1-007,2,0.239,0.168,0.321,1.091,0.706,0.613,x,PASS,Task-level robustness summary for balanced_pid.
pick_failure_test,TASK-7B1-007,TUBE-7B1-007,3,0.241,0.17,0.319,0.993,0.84,0.616,x,PASS,Task-level robustness summary for balanced_pid.
pick_failure_test,TASK-7B1-007,TUBE-7B1-007,4,0.24,0.17,0.319,1.053,0.86,0.616,x,PASS,Task-level robustness summary for balanced_pid.
pick_failure_test,TASK-7B1-007,TUBE-7B1-007,5,0.24,0.165,0.32,1.157,0.866,0.607,x,PASS,Task-level robustness summary for balanced_pid.
pick_failure_test,TASK-7B1-008,TUBE-7B1-008,1,0.213,0.154,0.333,0.982,0.778,0.616,x,PASS,Task-level robustness summary for balanced_pid.
pick_failure_test,TASK-7B1-008,TUBE-7B1-008,2,0.218,0.15,0.332,0.958,0.686,0.599,x,PASS,Task-level robustness summary for balanced_pid.
pick_failure_test,TASK-7B1-008,TUBE-7B1-008,3,0.212,0.154,0.332,0.894,0.697,0.637,x,PASS,Task-level robustness summary for balanced_pid.
pick_failure_test,TASK-7B1-008,TUBE-7B1-008,4,0.211,0.151,0.333,0.879,0.628,0.645,x,PASS,Task-level robustness summary for balanced_pid.
pick_failure_test,TASK-7B1-008,TUBE-7B1-008,5,0.212,0.146,0.333,0.992,0.63,0.638,x,PASS,Task-level robustness summary for balanced_pid.
pick_failure_test,TASK-7B1-010,TUBE-7B1-010,1,0.234,0.154,0.321,0.899,0.614,0.624,x,PASS,Task-level robustness summary for balanced_pid.
pick_failure_test,TASK-7B1-010,TUBE-7B1-010,2,0.234,0.159,0.323,0.87,0.584,0.635,x,PASS,Task-level robustness summary for balanced_pid.
pick_failure_test,TASK-7B1-010,TUBE-7B1-010,3,0.234,0.158,0.324,0.929,0.521,0.62,x,PASS,Task-level robustness summary for balanced_pid.
pick_failure_test,TASK-7B1-010,TUBE-7B1-010,4,0.236,0.157,0.324,0.853,0.517,0.634,x,PASS,Task-level robustness summary for balanced_pid.
pick_failure_test,TASK-7B1-010,TUBE-7B1-010,5,0.241,0.154,0.319,0.843,0.579,0.627,x,PASS,Task-level robustness summary for balanced_pid.
pick_failure_test,TASK-7B1-011,TUBE-7B1-011,1,0.257,0.149,0.317,1.286,0.656,0.635,x,PASS,Task-level robustness summary for balanced_pid.
pick_failure_test,TASK-7B1-011,TUBE-7B1-011,2,0.259,0.149,0.319,1.247,0.649,0.606,x,PASS,Task-level robustness summary for balanced_pid.
pick_failure_test,TASK-7B1-011,TUBE-7B1-011,3,0.257,0.148,0.319,1.285,0.747,0.614,x,PASS,Task-level robustness summary for balanced_pid.
pick_failure_test,TASK-7B1-011,TUBE-7B1-011,4,0.258,0.151,0.318,1.25,0.621,0.62,x,PASS,Task-level robustness summary for balanced_pid.
pick_failure_test,TASK-7B1-011,TUBE-7B1-011,5,0.257,0.149,0.32,1.248,0.635,0.629,x,PASS,Task-level robustness summary for balanced_pid.
pick_failure_test,TASK-7B1-012,TUBE-7B1-012,1,0.239,0.138,0.331,1.431,0.875,0.611,x,PASS,Task-level robustness summary for balanced_pid.
pick_failure_test,TASK-7B1-012,TUBE-7B1-012,2,0.238,0.138,0.333,1.469,0.96,0.615,x,PASS,Task-level robustness summary for balanced_pid.
pick_failure_test,TASK-7B1-012,TUBE-7B1-012,3,0.233,0.133,0.33,1.496,0.939,0.62,x,PASS,Task-level robustness summary for balanced_pid.
pick_failure_test,TASK-7B1-012,TUBE-7B1-012,4,0.233,0.131,0.329,1.47,0.861,0.622,x,PASS,Task-level robustness summary for balanced_pid.
pick_failure_test,TASK-7B1-012,TUBE-7B1-012,5,0.233,0.135,0.33,1.393,0.894,0.6,x,PASS,Task-level robustness summary for balanced_pid.
pick_failure_test,TASK-7B1-013,TUBE-7B1-013,1,0.234,0.179,0.321,1.385,0.894,0.603,x,PASS,Task-level robustness summary for balanced_pid.
pick_failure_test,TASK-7B1-013,TUBE-7B1-013,2,0.229,0.179,0.321,1.441,0.869,0.653,x,PASS,Task-level robustness summary for balanced_pid.
pick_failure_test,TASK-7B1-013,TUBE-7B1-013,3,0.237,0.184,0.322,1.327,0.871,0.634,x,PASS,Task-level robustness summary for balanced_pid.
pick_failure_test,TASK-7B1-013,TUBE-7B1-013,4,0.234,0.18,0.322,1.36,0.733,0.616,x,PASS,Task-level robustness summary for balanced_pid.
pick_failure_test,TASK-7B1-013,TUBE-7B1-013,5,0.242,0.181,0.32,1.414,0.83,0.633,x,PASS,Task-level robustness summary for balanced_pid.
pick_failure_test,TASK-7B1-014,TUBE-7B1-014,1,0.216,0.135,0.334,0.831,0.561,0.609,x,PASS,Task-level robustness summary for balanced_pid.
pick_failure_test,TASK-7B1-014,TUBE-7B1-014,2,0.222,0.136,0.331,0.725,0.61,0.626,x,PASS,Task-level robustness summary for balanced_pid.
pick_failure_test,TASK-7B1-014,TUBE-7B1-014,3,0.216,0.139,0.328,0.767,0.508,0.635,x,PASS,Task-level robustness summary for balanced_pid.
pick_failure_test,TASK-7B1-014,TUBE-7B1-014,4,0.221,0.136,0.33,0.728,0.642,0.632,x,PASS,Task-level robustness summary for balanced_pid.
pick_failure_test,TASK-7B1-014,TUBE-7B1-014,5,0.215,0.135,0.331,0.802,0.588,0.62,x,PASS,Task-level robustness summary for balanced_pid.
pick_failure_test,TASK-7B1-015,TUBE-7B1-015,1,0.237,0.143,0.325,0.883,0.622,0.649,x,PASS,Task-level robustness summary for balanced_pid.
pick_failure_test,TASK-7B1-015,TUBE-7B1-015,2,0.238,0.138,0.322,0.774,0.49,0.621,x,PASS,Task-level robustness summary for balanced_pid.
pick_failure_test,TASK-7B1-015,TUBE-7B1-015,3,0.241,0.142,0.324,0.863,0.468,0.613,x,PASS,Task-level robustness summary for balanced_pid.
pick_failure_test,TASK-7B1-015,TUBE-7B1-015,4,0.242,0.139,0.324,0.877,0.619,0.615,x,PASS,Task-level robustness summary for balanced_pid.
pick_failure_test,TASK-7B1-015,TUBE-7B1-015,5,0.241,0.142,0.324,0.791,0.549,0.618,x,PASS,Task-level robustness summary for balanced_pid.
pick_failure_test,TASK-7B1-016,TUBE-7B1-016,1,0.248,0.135,0.324,0.785,0.427,0.63,x,PASS,Task-level robustness summary for balanced_pid.
pick_failure_test,TASK-7B1-016,TUBE-7B1-016,2,0.247,0.13,0.318,0.863,0.45,0.622,x,PASS,Task-level robustness summary for balanced_pid.
pick_failure_test,TASK-7B1-016,TUBE-7B1-016,3,0.252,0.133,0.322,0.854,0.457,0.626,x,PASS,Task-level robustness summary for balanced_pid.
pick_failure_test,TASK-7B1-016,TUBE-7B1-016,4,0.251,0.133,0.32,0.873,0.373,0.628,x,PASS,Task-level robustness summary for balanced_pid.
pick_failure_test,TASK-7B1-016,TUBE-7B1-016,5,0.247,0.134,0.321,0.84,0.504,0.602,x,PASS,Task-level robustness summary for balanced_pid.
pick_failure_test,TASK-7B1-017,TUBE-7B1-017,1,0.232,0.115,0.334,0.97,0.502,0.611,x,PASS,Task-level robustness summary for balanced_pid.
pick_failure_test,TASK-7B1-017,TUBE-7B1-017,2,0.231,0.119,0.332,1.04,0.508,0.625,x,PASS,Task-level robustness summary for balanced_pid.
pick_failure_test,TASK-7B1-017,TUBE-7B1-017,3,0.225,0.115,0.333,0.953,0.613,0.62,x,PASS,Task-level robustness summary for balanced_pid.
pick_failure_test,TASK-7B1-017,TUBE-7B1-017,4,0.232,0.117,0.334,1.0,0.513,0.604,x,PASS,Task-level robustness summary for balanced_pid.
pick_failure_test,TASK-7B1-017,TUBE-7B1-017,5,0.233,0.119,0.334,0.84,0.547,0.643,x,PASS,Task-level robustness summary for balanced_pid.
pick_failure_test,TASK-7B1-018,TUBE-7B1-018,1,0.247,0.118,0.33,1.109,0.603,0.606,x,PASS,Task-level robustness summary for balanced_pid.
pick_failure_test,TASK-7B1-018,TUBE-7B1-018,2,0.25,0.125,0.325,1.174,0.803,0.617,x,PASS,Task-level robustness summary for balanced_pid.
pick_failure_test,TASK-7B1-018,TUBE-7B1-018,3,0.249,0.122,0.326,1.109,0.734,0.613,x,PASS,Task-level robustness summary for balanced_pid.
pick_failure_test,TASK-7B1-018,TUBE-7B1-018,4,0.253,0.12,0.326,1.231,0.723,0.608,x,PASS,Task-level robustness summary for balanced_pid.
pick_failure_test,TASK-7B1-018,TUBE-7B1-018,5,0.25,0.122,0.328,1.136,0.787,0.611,x,PASS,Task-level robustness summary for balanced_pid.
pick_failure_test,TASK-7B1-019,TUBE-7B1-019,1,0.169,0.206,0.328,0.839,0.829,0.627,x,PASS,Task-level robustness summary for balanced_pid.
pick_failure_test,TASK-7B1-019,TUBE-7B1-019,2,0.17,0.203,0.329,0.869,0.768,0.634,x,PASS,Task-level robustness summary for balanced_pid.
pick_failure_test,TASK-7B1-019,TUBE-7B1-019,3,0.169,0.203,0.331,0.923,0.784,0.625,x,PASS,Task-level robustness summary for balanced_pid.
pick_failure_test,TASK-7B1-019,TUBE-7B1-019,4,0.168,0.208,0.328,0.757,0.798,0.646,y,PASS,Task-level robustness summary for balanced_pid.
pick_failure_test,TASK-7B1-019,TUBE-7B1-019,5,0.167,0.208,0.33,0.72,0.778,0.613,y,PASS,Task-level robustness summary for balanced_pid.
pick_failure_test,TASK-7B1-020,TUBE-7B1-020,1,0.209,0.201,0.323,1.513,0.823,0.624,x,PASS,Task-level robustness summary for balanced_pid.
pick_failure_test,TASK-7B1-020,TUBE-7B1-020,2,0.212,0.202,0.323,1.562,0.797,0.633,x,PASS,Task-level robustness summary for balanced_pid.
pick_failure_test,TASK-7B1-020,TUBE-7B1-020,3,0.212,0.201,0.323,1.408,0.828,0.618,x,PASS,Task-level robustness summary for balanced_pid.
pick_failure_test,TASK-7B1-020,TUBE-7B1-020,4,0.208,0.198,0.321,1.407,0.793,0.619,x,PASS,Task-level robustness summary for balanced_pid.
pick_failure_test,TASK-7B1-020,TUBE-7B1-020,5,0.211,0.197,0.324,1.415,0.812,0.651,x,PASS,Task-level robustness summary for balanced_pid.
pick_failure_test,TASK-7B1-021,TUBE-7B1-021,1,0.228,0.204,0.331,2.879,1.143,0.607,x,PASS,Task-level robustness summary for balanced_pid.
pick_failure_test,TASK-7B1-021,TUBE-7B1-021,2,0.234,0.201,0.332,3.047,1.216,0.607,x,PASS,Task-level robustness summary for balanced_pid.
pick_failure_test,TASK-7B1-021,TUBE-7B1-021,3,0.23,0.201,0.329,2.927,1.199,0.617,x,PASS,Task-level robustness summary for balanced_pid.
pick_failure_test,TASK-7B1-021,TUBE-7B1-021,4,0.233,0.201,0.335,3.034,1.265,0.626,x,PASS,Task-level robustness summary for balanced_pid.
pick_failure_test,TASK-7B1-021,TUBE-7B1-021,5,0.233,0.201,0.336,3.03,1.137,0.647,x,PASS,Task-level robustness summary for balanced_pid.
pick_failure_test,TASK-7B1-022,TUBE-7B1-022,1,0.196,0.174,0.326,0.72,0.748,0.602,y,PASS,Task-level robustness summary for balanced_pid.
pick_failure_test,TASK-7B1-022,TUBE-7B1-022,2,0.201,0.18,0.323,0.798,0.712,0.615,x,PASS,Task-level robustness summary for balanced_pid.
pick_failure_test,TASK-7B1-022,TUBE-7B1-022,3,0.202,0.183,0.326,0.869,0.809,0.608,x,PASS,Task-level robustness summary for balanced_pid.
pick_failure_test,TASK-7B1-022,TUBE-7B1-022,4,0.195,0.178,0.325,0.787,0.747,0.633,x,PASS,Task-level robustness summary for balanced_pid.
pick_failure_test,TASK-7B1-022,TUBE-7B1-022,5,0.199,0.18,0.327,0.798,0.788,0.636,x,PASS,Task-level robustness summary for balanced_pid.
pick_failure_test,TASK-7B1-023,TUBE-7B1-023,1,0.175,0.202,0.33,0.956,0.891,0.614,x,PASS,Task-level robustness summary for balanced_pid.
pick_failure_test,TASK-7B1-023,TUBE-7B1-023,2,0.176,0.201,0.33,0.918,0.703,0.642,x,PASS,Task-level robustness summary for balanced_pid.
pick_failure_test,TASK-7B1-023,TUBE-7B1-023,3,0.182,0.2,0.329,1.009,0.801,0.614,x,PASS,Task-level robustness summary for balanced_pid.
pick_failure_test,TASK-7B1-023,TUBE-7B1-023,4,0.176,0.202,0.328,0.949,0.812,0.645,x,PASS,Task-level robustness summary for balanced_pid.
pick_failure_test,TASK-7B1-023,TUBE-7B1-023,5,0.172,0.199,0.329,0.835,0.749,0.631,x,PASS,Task-level robustness summary for balanced_pid.
pick_failure_test,TASK-7B1-024,TUBE-7B1-024,1,0.201,0.184,0.325,0.982,0.739,0.63,x,PASS,Task-level robustness summary for balanced_pid.
pick_failure_test,TASK-7B1-024,TUBE-7B1-024,2,0.211,0.184,0.324,0.953,0.745,0.617,x,PASS,Task-level robustness summary for balanced_pid.
pick_failure_test,TASK-7B1-024,TUBE-7B1-024,3,0.201,0.185,0.325,0.999,0.843,0.64,x,PASS,Task-level robustness summary for balanced_pid.
pick_failure_test,TASK-7B1-024,TUBE-7B1-024,4,0.203,0.189,0.322,0.913,0.796,0.615,x,PASS,Task-level robustness summary for balanced_pid.
pick_failure_test,TASK-7B1-024,TUBE-7B1-024,5,0.203,0.186,0.324,0.808,0.788,0.636,x,PASS,Task-level robustness summary for balanced_pid.
pick_failure_test,TASK-7B1-025,TUBE-7B1-025,1,0.18,0.168,0.335,0.963,0.747,0.626,x,PASS,Task-level robustness summary for balanced_pid.
pick_failure_test,TASK-7B1-025,TUBE-7B1-025,2,0.173,0.171,0.334,0.791,0.778,0.625,x,PASS,Task-level robustness summary for balanced_pid.
pick_failure_test,TASK-7B1-025,TUBE-7B1-025,3,0.174,0.173,0.339,0.778,0.817,0.622,y,PASS,Task-level robustness summary for balanced_pid.
pick_failure_test,TASK-7B1-025,TUBE-7B1-025,4,0.176,0.169,0.332,0.788,0.745,0.616,x,PASS,Task-level robustness summary for balanced_pid.
pick_failure_test,TASK-7B1-025,TUBE-7B1-025,5,0.176,0.17,0.336,0.819,0.686,0.619,x,PASS,Task-level robustness summary for balanced_pid.
pick_failure_test,TASK-7B1-026,TUBE-7B1-026,1,0.211,0.178,0.326,0.895,0.998,0.607,y,PASS,Task-level robustness summary for balanced_pid.
pick_failure_test,TASK-7B1-026,TUBE-7B1-026,2,0.216,0.173,0.33,0.935,0.951,0.616,y,PASS,Task-level robustness summary for balanced_pid.
pick_failure_test,TASK-7B1-026,TUBE-7B1-026,3,0.211,0.176,0.326,0.935,0.957,0.623,y,PASS,Task-level robustness summary for balanced_pid.
pick_failure_test,TASK-7B1-026,TUBE-7B1-026,4,0.213,0.17,0.329,0.912,0.862,0.613,x,PASS,Task-level robustness summary for balanced_pid.
pick_failure_test,TASK-7B1-026,TUBE-7B1-026,5,0.214,0.178,0.328,0.998,0.982,0.625,x,PASS,Task-level robustness summary for balanced_pid.
pick_failure_test,TASK-7B1-027,TUBE-7B1-027,1,0.14,0.192,0.341,0.609,1.049,0.625,y,PASS,Task-level robustness summary for balanced_pid.
pick_failure_test,TASK-7B1-027,TUBE-7B1-027,2,0.143,0.192,0.34,0.544,1.077,0.623,y,PASS,Task-level robustness summary for balanced_pid.
pick_failure_test,TASK-7B1-027,TUBE-7B1-027,3,0.138,0.187,0.342,0.556,1.16,0.622,y,PASS,Task-level robustness summary for balanced_pid.
pick_failure_test,TASK-7B1-027,TUBE-7B1-027,4,0.138,0.193,0.339,0.577,1.082,0.649,y,PASS,Task-level robustness summary for balanced_pid.
pick_failure_test,TASK-7B1-027,TUBE-7B1-027,5,0.141,0.191,0.339,0.541,1.106,0.602,y,PASS,Task-level robustness summary for balanced_pid.
pick_failure_test,TASK-7B1-028,TUBE-7B1-028,1,0.192,0.194,0.331,1.164,0.78,0.618,x,PASS,Task-level robustness summary for balanced_pid.
pick_failure_test,TASK-7B1-028,TUBE-7B1-028,2,0.189,0.19,0.331,1.136,0.819,0.645,x,PASS,Task-level robustness summary for balanced_pid.
pick_failure_test,TASK-7B1-028,TUBE-7B1-028,3,0.188,0.192,0.33,1.18,0.737,0.609,x,PASS,Task-level robustness summary for balanced_pid.
pick_failure_test,TASK-7B1-028,TUBE-7B1-028,4,0.184,0.192,0.331,1.018,0.79,0.624,x,PASS,Task-level robustness summary for balanced_pid.
pick_failure_test,TASK-7B1-028,TUBE-7B1-028,5,0.184,0.192,0.33,1.114,0.741,0.649,x,PASS,Task-level robustness summary for balanced_pid.
pick_failure_test,TASK-7B1-029,TUBE-7B1-029,1,0.173,0.227,0.337,0.789,2.46,0.674,y,PASS,Task-level robustness summary for balanced_pid.
pick_failure_test,TASK-7B1-029,TUBE-7B1-029,2,0.177,0.224,0.336,0.762,2.435,0.655,y,PASS,Task-level robustness summary for balanced_pid.
pick_failure_test,TASK-7B1-029,TUBE-7B1-029,3,0.171,0.227,0.333,0.813,2.423,0.621,y,PASS,Task-level robustness summary for balanced_pid.
pick_failure_test,TASK-7B1-029,TUBE-7B1-029,4,0.175,0.226,0.335,0.735,2.454,0.622,y,PASS,Task-level robustness summary for balanced_pid.
pick_failure_test,TASK-7B1-029,TUBE-7B1-029,5,0.176,0.229,0.336,0.848,2.535,0.627,y,PASS,Task-level robustness summary for balanced_pid.
pick_failure_test,TASK-7B1-030,TUBE-7B1-030,1,0.15,0.201,0.344,0.699,2.295,0.648,y,PASS,Task-level robustness summary for balanced_pid.
pick_failure_test,TASK-7B1-030,TUBE-7B1-030,2,0.15,0.201,0.346,0.795,2.282,0.624,y,PASS,Task-level robustness summary for balanced_pid.
pick_failure_test,TASK-7B1-030,TUBE-7B1-030,3,0.15,0.199,0.345,0.802,2.264,0.628,y,PASS,Task-level robustness summary for balanced_pid.
pick_failure_test,TASK-7B1-030,TUBE-7B1-030,4,0.148,0.201,0.346,0.722,2.318,0.607,y,PASS,Task-level robustness summary for balanced_pid.
pick_failure_test,TASK-7B1-030,TUBE-7B1-030,5,0.143,0.199,0.342,0.781,2.276,0.62,y,PASS,Task-level robustness summary for balanced_pid.
pick_failure_test,TASK-7B1-031,TUBE-7B1-031,1,0.23,0.193,0.325,1.205,2.366,0.594,y,PASS,Task-level robustness summary for balanced_pid.
pick_failure_test,TASK-7B1-031,TUBE-7B1-031,2,0.224,0.192,0.324,1.049,2.44,0.606,y,PASS,Task-level robustness summary for balanced_pid.
pick_failure_test,TASK-7B1-031,TUBE-7B1-031,3,0.224,0.195,0.329,1.118,2.373,0.623,y,PASS,Task-level robustness summary for balanced_pid.
pick_failure_test,TASK-7B1-031,TUBE-7B1-031,4,0.226,0.191,0.328,1.247,2.302,0.664,y,PASS,Task-level robustness summary for balanced_pid.
pick_failure_test,TASK-7B1-031,TUBE-7B1-031,5,0.222,0.189,0.329,0.99,2.254,0.617,y,PASS,Task-level robustness summary for balanced_pid.
pick_failure_test,TASK-7B1-032,TUBE-7B1-032,1,0.165,0.191,0.343,1.21,1.82,0.617,y,PASS,Task-level robustness summary for balanced_pid.
pick_failure_test,TASK-7B1-032,TUBE-7B1-032,2,0.164,0.201,0.34,1.246,1.987,0.616,y,PASS,Task-level robustness summary for balanced_pid.
pick_failure_test,TASK-7B1-032,TUBE-7B1-032,3,0.161,0.197,0.341,1.211,1.888,0.622,y,PASS,Task-level robustness summary for balanced_pid.
pick_failure_test,TASK-7B1-032,TUBE-7B1-032,4,0.166,0.2,0.341,1.267,1.946,0.619,y,PASS,Task-level robustness summary for balanced_pid.
pick_failure_test,TASK-7B1-032,TUBE-7B1-032,5,0.161,0.201,0.34,1.163,1.94,0.614,y,PASS,Task-level robustness summary for balanced_pid.
pick_failure_test,TASK-7B1-033,TUBE-7B1-033,1,0.183,0.164,0.336,0.692,0.659,0.607,x,PASS,Task-level robustness summary for balanced_pid.
pick_failure_test,TASK-7B1-033,TUBE-7B1-033,2,0.18,0.161,0.336,0.752,0.678,0.625,x,PASS,Task-level robustness summary for balanced_pid.
pick_failure_test,TASK-7B1-033,TUBE-7B1-033,3,0.177,0.17,0.336,0.693,0.782,0.618,y,PASS,Task-level robustness summary for balanced_pid.
pick_failure_test,TASK-7B1-033,TUBE-7B1-033,4,0.182,0.167,0.336,0.688,0.752,0.608,y,PASS,Task-level robustness summary for balanced_pid.
pick_failure_test,TASK-7B1-033,TUBE-7B1-033,5,0.18,0.168,0.332,0.656,0.741,0.625,y,PASS,Task-level robustness summary for balanced_pid.
pick_failure_test,TASK-7B1-034,TUBE-7B1-034,1,0.15,0.146,0.349,0.809,0.617,0.598,x,PASS,Task-level robustness summary for balanced_pid.
pick_failure_test,TASK-7B1-034,TUBE-7B1-034,2,0.155,0.145,0.348,0.906,0.659,0.619,x,PASS,Task-level robustness summary for balanced_pid.
pick_failure_test,TASK-7B1-034,TUBE-7B1-034,3,0.155,0.145,0.346,0.877,0.625,0.62,x,PASS,Task-level robustness summary for balanced_pid.
pick_failure_test,TASK-7B1-034,TUBE-7B1-034,4,0.155,0.146,0.348,0.942,0.692,0.619,x,PASS,Task-level robustness summary for balanced_pid.
pick_failure_test,TASK-7B1-034,TUBE-7B1-034,5,0.152,0.147,0.347,0.929,0.738,0.627,x,PASS,Task-level robustness summary for balanced_pid.
pick_failure_test,TASK-7B1-035,TUBE-7B1-035,1,0.278,0.06,0.321,1.31,0.263,0.613,x,PASS,Task-level robustness summary for balanced_pid.
pick_failure_test,TASK-7B1-035,TUBE-7B1-035,2,0.284,0.057,0.327,1.27,0.164,0.62,x,PASS,Task-level robustness summary for balanced_pid.
pick_failure_test,TASK-7B1-035,TUBE-7B1-035,3,0.279,0.059,0.325,1.295,0.157,0.634,x,PASS,Task-level robustness summary for balanced_pid.
pick_failure_test,TASK-7B1-035,TUBE-7B1-035,4,0.28,0.056,0.323,1.23,0.199,0.639,x,PASS,Task-level robustness summary for balanced_pid.
pick_failure_test,TASK-7B1-035,TUBE-7B1-035,5,0.28,0.058,0.323,1.319,0.205,0.652,x,PASS,Task-level robustness summary for balanced_pid.
pick_failure_test,TASK-7B1-036,TUBE-7B1-036,1,0.239,0.108,0.328,0.951,0.489,0.636,x,PASS,Task-level robustness summary for balanced_pid.
pick_failure_test,TASK-7B1-036,TUBE-7B1-036,2,0.233,0.11,0.327,0.831,0.469,0.611,x,PASS,Task-level robustness summary for balanced_pid.
pick_failure_test,TASK-7B1-036,TUBE-7B1-036,3,0.24,0.106,0.33,0.903,0.46,0.594,x,PASS,Task-level robustness summary for balanced_pid.
pick_failure_test,TASK-7B1-036,TUBE-7B1-036,4,0.234,0.111,0.33,0.875,0.536,0.629,x,PASS,Task-level robustness summary for balanced_pid.
pick_failure_test,TASK-7B1-036,TUBE-7B1-036,5,0.238,0.112,0.331,0.869,0.553,0.636,x,PASS,Task-level robustness summary for balanced_pid.
pick_failure_test,TASK-7B1-037,TUBE-7B1-037,1,0.268,0.102,0.323,1.251,0.696,0.627,x,PASS,Task-level robustness summary for balanced_pid.
pick_failure_test,TASK-7B1-037,TUBE-7B1-037,2,0.276,0.099,0.328,1.245,0.458,0.615,x,PASS,Task-level robustness summary for balanced_pid.
pick_failure_test,TASK-7B1-037,TUBE-7B1-037,3,0.269,0.098,0.321,1.213,0.47,0.605,x,PASS,Task-level robustness summary for balanced_pid.
pick_failure_test,TASK-7B1-037,TUBE-7B1-037,4,0.269,0.097,0.322,1.156,0.641,0.61,x,PASS,Task-level robustness summary for balanced_pid.
pick_failure_test,TASK-7B1-037,TUBE-7B1-037,5,0.269,0.1,0.324,1.214,0.516,0.605,x,PASS,Task-level robustness summary for balanced_pid.
pick_failure_test,TASK-7B1-038,TUBE-7B1-038,1,0.254,0.059,0.342,2.434,0.198,0.619,x,PASS,Task-level robustness summary for balanced_pid.
pick_failure_test,TASK-7B1-038,TUBE-7B1-038,2,0.256,0.056,0.342,2.557,0.171,0.62,x,PASS,Task-level robustness summary for balanced_pid.
pick_failure_test,TASK-7B1-038,TUBE-7B1-038,3,0.257,0.059,0.341,2.618,0.203,0.643,x,PASS,Task-level robustness summary for balanced_pid.
pick_failure_test,TASK-7B1-038,TUBE-7B1-038,4,0.258,0.061,0.339,2.57,0.208,0.629,x,PASS,Task-level robustness summary for balanced_pid.
pick_failure_test,TASK-7B1-038,TUBE-7B1-038,5,0.258,0.062,0.341,2.457,0.248,0.62,x,PASS,Task-level robustness summary for balanced_pid.
pick_failure_test,TASK-7B1-039,TUBE-7B1-039,1,0.231,0.061,0.335,0.772,0.226,0.628,x,PASS,Task-level robustness summary for balanced_pid.
pick_failure_test,TASK-7B1-039,TUBE-7B1-039,2,0.231,0.06,0.333,0.85,0.187,0.606,x,PASS,Task-level robustness summary for balanced_pid.
pick_failure_test,TASK-7B1-039,TUBE-7B1-039,3,0.235,0.065,0.341,0.754,0.209,0.618,x,PASS,Task-level robustness summary for balanced_pid.
pick_failure_test,TASK-7B1-039,TUBE-7B1-039,4,0.233,0.062,0.335,0.821,0.187,0.614,x,PASS,Task-level robustness summary for balanced_pid.
pick_failure_test,TASK-7B1-039,TUBE-7B1-039,5,0.236,0.058,0.337,0.798,0.176,0.623,x,PASS,Task-level robustness summary for balanced_pid.
pick_failure_test,TASK-7B1-040,TUBE-7B1-040,1,0.263,0.107,0.326,0.995,0.562,0.612,x,PASS,Task-level robustness summary for balanced_pid.
pick_failure_test,TASK-7B1-040,TUBE-7B1-040,2,0.263,0.109,0.324,1.092,0.569,0.626,x,PASS,Task-level robustness summary for balanced_pid.
pick_failure_test,TASK-7B1-040,TUBE-7B1-040,3,0.26,0.103,0.326,0.973,0.52,0.605,x,PASS,Task-level robustness summary for balanced_pid.
pick_failure_test,TASK-7B1-040,TUBE-7B1-040,4,0.261,0.102,0.324,0.897,0.475,0.612,x,PASS,Task-level robustness summary for balanced_pid.
pick_failure_test,TASK-7B1-040,TUBE-7B1-040,5,0.263,0.109,0.323,1.124,0.545,0.611,x,PASS,Task-level robustness summary for balanced_pid.
pick_failure_test,TASK-7B1-041,TUBE-7B1-041,1,0.278,0.091,0.323,1.382,0.277,0.624,x,PASS,Task-level robustness summary for balanced_pid.
pick_failure_test,TASK-7B1-041,TUBE-7B1-041,2,0.268,0.093,0.323,1.29,0.405,0.618,x,PASS,Task-level robustness summary for balanced_pid.
pick_failure_test,TASK-7B1-041,TUBE-7B1-041,3,0.278,0.096,0.324,1.319,0.388,0.619,x,PASS,Task-level robustness summary for balanced_pid.
pick_failure_test,TASK-7B1-041,TUBE-7B1-041,4,0.273,0.092,0.325,1.322,0.368,0.612,x,PASS,Task-level robustness summary for balanced_pid.
pick_failure_test,TASK-7B1-041,TUBE-7B1-041,5,0.278,0.092,0.324,1.498,0.374,0.646,x,PASS,Task-level robustness summary for balanced_pid.
pick_failure_test,TASK-7B1-042,TUBE-7B1-042,1,0.236,0.056,0.339,0.933,0.205,0.627,x,PASS,Task-level robustness summary for balanced_pid.
pick_failure_test,TASK-7B1-042,TUBE-7B1-042,2,0.234,0.055,0.337,0.857,0.184,0.625,x,PASS,Task-level robustness summary for balanced_pid.
pick_failure_test,TASK-7B1-042,TUBE-7B1-042,3,0.238,0.056,0.337,0.88,0.197,0.609,x,PASS,Task-level robustness summary for balanced_pid.
pick_failure_test,TASK-7B1-042,TUBE-7B1-042,4,0.234,0.054,0.339,0.86,0.173,0.637,x,PASS,Task-level robustness summary for balanced_pid.
pick_failure_test,TASK-7B1-042,TUBE-7B1-042,5,0.235,0.059,0.339,0.876,0.223,0.609,x,PASS,Task-level robustness summary for balanced_pid.
pick_failure_test,TASK-7B1-043,TUBE-7B1-043,1,0.261,0.051,0.334,1.536,0.206,0.624,x,PASS,Task-level robustness summary for balanced_pid.
pick_failure_test,TASK-7B1-043,TUBE-7B1-043,2,0.26,0.056,0.332,1.516,0.186,0.638,x,PASS,Task-level robustness summary for balanced_pid.
pick_failure_test,TASK-7B1-043,TUBE-7B1-043,3,0.262,0.057,0.331,1.494,0.261,0.635,x,PASS,Task-level robustness summary for balanced_pid.
pick_failure_test,TASK-7B1-043,TUBE-7B1-043,4,0.261,0.06,0.333,1.458,0.166,0.615,x,PASS,Task-level robustness summary for balanced_pid.
pick_failure_test,TASK-7B1-043,TUBE-7B1-043,5,0.263,0.058,0.334,1.547,0.186,0.631,x,PASS,Task-level robustness summary for balanced_pid.
pick_failure_test,TASK-7B1-044,TUBE-7B1-044,1,0.278,0.141,0.318,1.639,1.167,0.639,x,PASS,Task-level robustness summary for balanced_pid.
pick_failure_test,TASK-7B1-044,TUBE-7B1-044,2,0.284,0.139,0.316,1.685,1.058,0.633,x,PASS,Task-level robustness summary for balanced_pid.
pick_failure_test,TASK-7B1-044,TUBE-7B1-044,3,0.275,0.14,0.316,1.653,1.152,0.64,x,PASS,Task-level robustness summary for balanced_pid.
pick_failure_test,TASK-7B1-044,TUBE-7B1-044,4,0.282,0.141,0.311,1.675,1.153,0.596,x,PASS,Task-level robustness summary for balanced_pid.
pick_failure_test,TASK-7B1-044,TUBE-7B1-044,5,0.276,0.14,0.316,1.681,1.074,0.613,x,PASS,Task-level robustness summary for balanced_pid.
pick_failure_test,TASK-7B1-045,TUBE-7B1-045,1,0.25,0.111,0.328,1.079,0.605,0.634,x,PASS,Task-level robustness summary for balanced_pid.
pick_failure_test,TASK-7B1-045,TUBE-7B1-045,2,0.251,0.104,0.325,1.089,0.509,0.624,x,PASS,Task-level robustness summary for balanced_pid.
pick_failure_test,TASK-7B1-045,TUBE-7B1-045,3,0.252,0.107,0.325,1.02,0.462,0.605,x,PASS,Task-level robustness summary for balanced_pid.
pick_failure_test,TASK-7B1-045,TUBE-7B1-045,4,0.256,0.107,0.329,1.047,0.419,0.628,x,PASS,Task-level robustness summary for balanced_pid.
pick_failure_test,TASK-7B1-045,TUBE-7B1-045,5,0.251,0.108,0.325,1.007,0.568,0.618,x,PASS,Task-level robustness summary for balanced_pid.
pick_failure_test,TASK-7B1-046,TUBE-7B1-046,1,0.265,0.094,0.322,1.035,0.272,0.637,x,PASS,Task-level robustness summary for balanced_pid.
pick_failure_test,TASK-7B1-046,TUBE-7B1-046,2,0.266,0.092,0.321,0.941,0.359,0.599,x,PASS,Task-level robustness summary for balanced_pid.
pick_failure_test,TASK-7B1-046,TUBE-7B1-046,3,0.263,0.097,0.323,0.903,0.325,0.635,x,PASS,Task-level robustness summary for balanced_pid.
pick_failure_test,TASK-7B1-046,TUBE-7B1-046,4,0.264,0.096,0.32,0.937,0.301,0.605,x,PASS,Task-level robustness summary for balanced_pid.
pick_failure_test,TASK-7B1-046,TUBE-7B1-046,5,0.265,0.093,0.321,0.926,0.298,0.624,x,PASS,Task-level robustness summary for balanced_pid.
pick_failure_test,TASK-7B1-047,TUBE-7B1-047,1,0.285,0.065,0.34,2.998,0.254,0.619,x,PASS,Task-level robustness summary for balanced_pid.
pick_failure_test,TASK-7B1-047,TUBE-7B1-047,2,0.282,0.067,0.337,3.025,0.248,0.602,x,PASS,Task-level robustness summary for balanced_pid.
pick_failure_test,TASK-7B1-047,TUBE-7B1-047,3,0.285,0.066,0.335,2.981,0.233,0.618,x,PASS,Task-level robustness summary for balanced_pid.
pick_failure_test,TASK-7B1-047,TUBE-7B1-047,4,0.285,0.072,0.335,2.971,0.235,0.602,x,PASS,Task-level robustness summary for balanced_pid.
pick_failure_test,TASK-7B1-047,TUBE-7B1-047,5,0.284,0.07,0.34,2.892,0.226,0.621,x,PASS,Task-level robustness summary for balanced_pid.
pick_failure_test,TASK-7B1-048,TUBE-7B1-048,1,0.239,0.066,0.335,0.828,0.281,0.61,x,PASS,Task-level robustness summary for balanced_pid.
pick_failure_test,TASK-7B1-048,TUBE-7B1-048,2,0.243,0.064,0.334,0.808,0.204,0.62,x,PASS,Task-level robustness summary for balanced_pid.
pick_failure_test,TASK-7B1-048,TUBE-7B1-048,3,0.246,0.067,0.335,0.822,0.287,0.63,x,PASS,Task-level robustness summary for balanced_pid.
pick_failure_test,TASK-7B1-048,TUBE-7B1-048,4,0.24,0.069,0.334,0.778,0.247,0.617,x,PASS,Task-level robustness summary for balanced_pid.
pick_failure_test,TASK-7B1-048,TUBE-7B1-048,5,0.242,0.063,0.337,0.881,0.256,0.608,x,PASS,Task-level robustness summary for balanced_pid.
pick_failure_test,TASK-7B1-049,TUBE-7B1-049,1,0.261,0.111,0.321,0.969,0.496,0.615,x,PASS,Task-level robustness summary for balanced_pid.
pick_failure_test,TASK-7B1-049,TUBE-7B1-049,2,0.261,0.106,0.321,0.834,0.368,0.61,x,PASS,Task-level robustness summary for balanced_pid.
pick_failure_test,TASK-7B1-049,TUBE-7B1-049,3,0.259,0.112,0.323,0.86,0.401,0.612,x,PASS,Task-level robustness summary for balanced_pid.
pick_failure_test,TASK-7B1-049,TUBE-7B1-049,4,0.257,0.11,0.323,0.843,0.535,0.64,x,PASS,Task-level robustness summary for balanced_pid.
pick_failure_test,TASK-7B1-049,TUBE-7B1-049,5,0.257,0.108,0.321,0.899,0.463,0.642,x,PASS,Task-level robustness summary for balanced_pid.
pick_failure_test,TASK-7B1-050,TUBE-7B1-050,1,0.276,0.1,0.321,1.568,0.519,0.64,x,PASS,Task-level robustness summary for balanced_pid.
pick_failure_test,TASK-7B1-050,TUBE-7B1-050,2,0.273,0.109,0.322,1.483,0.511,0.632,x,PASS,Task-level robustness summary for balanced_pid.
pick_failure_test,TASK-7B1-050,TUBE-7B1-050,3,0.27,0.105,0.321,1.387,0.479,0.623,x,PASS,Task-level robustness summary for balanced_pid.
pick_failure_test,TASK-7B1-050,TUBE-7B1-050,4,0.27,0.106,0.321,1.509,0.508,0.629,x,PASS,Task-level robustness summary for balanced_pid.
pick_failure_test,TASK-7B1-050,TUBE-7B1-050,5,0.274,0.106,0.32,1.492,0.521,0.614,x,PASS,Task-level robustness summary for balanced_pid.
pick_failure_test,TASK-7B1-051,TUBE-7B1-051,1,0.243,0.08,0.334,0.903,0.388,0.617,x,PASS,Task-level robustness summary for balanced_pid.
pick_failure_test,TASK-7B1-051,TUBE-7B1-051,2,0.245,0.082,0.336,0.893,0.369,0.62,x,PASS,Task-level robustness summary for balanced_pid.
pick_failure_test,TASK-7B1-051,TUBE-7B1-051,3,0.245,0.08,0.332,0.917,0.404,0.611,x,PASS,Task-level robustness summary for balanced_pid.
pick_failure_test,TASK-7B1-051,TUBE-7B1-051,4,0.249,0.086,0.331,0.854,0.334,0.608,x,PASS,Task-level robustness summary for balanced_pid.
pick_failure_test,TASK-7B1-051,TUBE-7B1-051,5,0.244,0.082,0.334,0.866,0.413,0.614,x,PASS,Task-level robustness summary for balanced_pid.
pick_failure_test,TASK-7B1-052,TUBE-7B1-052,1,0.276,0.094,0.328,2.392,1.066,0.634,x,PASS,Task-level robustness summary for balanced_pid.
pick_failure_test,TASK-7B1-052,TUBE-7B1-052,2,0.274,0.103,0.33,2.246,1.142,0.644,x,PASS,Task-level robustness summary for balanced_pid.
pick_failure_test,TASK-7B1-052,TUBE-7B1-052,3,0.277,0.097,0.329,2.385,1.109,0.63,x,PASS,Task-level robustness summary for balanced_pid.
pick_failure_test,TASK-7B1-052,TUBE-7B1-052,4,0.281,0.097,0.328,2.281,1.135,0.623,x,PASS,Task-level robustness summary for balanced_pid.
pick_failure_test,TASK-7B1-052,TUBE-7B1-052,5,0.28,0.096,0.328,2.215,1.073,0.614,x,PASS,Task-level robustness summary for balanced_pid.
pick_failure_test,TASK-7B1-053,TUBE-7B1-053,1,0.151,0.117,0.353,0.578,0.511,0.654,z,PASS,Task-level robustness summary for balanced_pid.
pick_failure_test,TASK-7B1-053,TUBE-7B1-053,2,0.148,0.11,0.356,0.633,0.498,0.618,x,PASS,Task-level robustness summary for balanced_pid.
pick_failure_test,TASK-7B1-053,TUBE-7B1-053,3,0.144,0.113,0.355,0.685,0.497,0.611,x,PASS,Task-level robustness summary for balanced_pid.
pick_failure_test,TASK-7B1-053,TUBE-7B1-053,4,0.146,0.112,0.355,0.643,0.412,0.627,x,PASS,Task-level robustness summary for balanced_pid.
pick_failure_test,TASK-7B1-053,TUBE-7B1-053,5,0.147,0.11,0.353,0.562,0.429,0.611,z,PASS,Task-level robustness summary for balanced_pid.
pick_failure_test,TASK-7B1-054,TUBE-7B1-054,1,0.195,0.106,0.349,1.207,0.586,0.629,x,PASS,Task-level robustness summary for balanced_pid.
pick_failure_test,TASK-7B1-054,TUBE-7B1-054,2,0.194,0.1,0.347,1.236,0.551,0.612,x,PASS,Task-level robustness summary for balanced_pid.
pick_failure_test,TASK-7B1-054,TUBE-7B1-054,3,0.2,0.101,0.349,1.248,0.398,0.633,x,PASS,Task-level robustness summary for balanced_pid.
pick_failure_test,TASK-7B1-054,TUBE-7B1-054,4,0.194,0.102,0.347,1.245,0.534,0.613,x,PASS,Task-level robustness summary for balanced_pid.
pick_failure_test,TASK-7B1-054,TUBE-7B1-054,5,0.196,0.11,0.35,1.18,0.478,0.625,x,PASS,Task-level robustness summary for balanced_pid.
pick_failure_test,TASK-7B1-055,TUBE-7B1-055,1,0.162,0.075,0.362,0.82,0.419,0.633,x,PASS,Task-level robustness summary for balanced_pid.
pick_failure_test,TASK-7B1-055,TUBE-7B1-055,2,0.163,0.077,0.361,0.798,0.474,0.61,x,PASS,Task-level robustness summary for balanced_pid.
pick_failure_test,TASK-7B1-055,TUBE-7B1-055,3,0.167,0.072,0.358,0.944,0.355,0.613,x,PASS,Task-level robustness summary for balanced_pid.
pick_failure_test,TASK-7B1-055,TUBE-7B1-055,4,0.164,0.075,0.359,0.782,0.438,0.617,x,PASS,Task-level robustness summary for balanced_pid.
pick_failure_test,TASK-7B1-055,TUBE-7B1-055,5,0.161,0.078,0.358,0.813,0.39,0.627,x,PASS,Task-level robustness summary for balanced_pid.
pick_failure_test,TASK-7B1-056,TUBE-7B1-056,1,0.293,0.068,0.333,3.172,0.283,0.621,x,PASS,Task-level robustness summary for balanced_pid.
pick_failure_test,TASK-7B1-056,TUBE-7B1-056,2,0.297,0.067,0.336,3.324,0.362,0.606,x,PASS,Task-level robustness summary for balanced_pid.
pick_failure_test,TASK-7B1-056,TUBE-7B1-056,3,0.297,0.063,0.339,3.278,0.328,0.621,x,PASS,Task-level robustness summary for balanced_pid.
pick_failure_test,TASK-7B1-056,TUBE-7B1-056,4,0.29,0.065,0.336,3.198,0.28,0.648,x,PASS,Task-level robustness summary for balanced_pid.
pick_failure_test,TASK-7B1-056,TUBE-7B1-056,5,0.291,0.063,0.334,3.101,0.302,0.654,x,PASS,Task-level robustness summary for balanced_pid.
pick_failure_test,TASK-7B1-057,TUBE-7B1-057,1,0.169,0.105,0.353,0.79,0.488,0.634,x,PASS,Task-level robustness summary for balanced_pid.
pick_failure_test,TASK-7B1-057,TUBE-7B1-057,2,0.168,0.108,0.351,0.63,0.497,0.657,z,PASS,Task-level robustness summary for balanced_pid.
pick_failure_test,TASK-7B1-057,TUBE-7B1-057,3,0.168,0.11,0.351,0.714,0.534,0.627,x,PASS,Task-level robustness summary for balanced_pid.
pick_failure_test,TASK-7B1-057,TUBE-7B1-057,4,0.169,0.106,0.349,0.743,0.563,0.611,x,PASS,Task-level robustness summary for balanced_pid.
pick_failure_test,TASK-7B1-057,TUBE-7B1-057,5,0.172,0.107,0.352,0.776,0.517,0.605,x,PASS,Task-level robustness summary for balanced_pid.
pick_failure_test,TASK-7B1-058,TUBE-7B1-058,1,0.191,0.098,0.35,0.846,0.376,0.654,x,PASS,Task-level robustness summary for balanced_pid.
pick_failure_test,TASK-7B1-058,TUBE-7B1-058,2,0.194,0.096,0.348,0.931,0.415,0.621,x,PASS,Task-level robustness summary for balanced_pid.
pick_failure_test,TASK-7B1-058,TUBE-7B1-058,3,0.194,0.095,0.349,0.832,0.353,0.623,x,PASS,Task-level robustness summary for balanced_pid.
pick_failure_test,TASK-7B1-058,TUBE-7B1-058,4,0.194,0.096,0.35,0.857,0.311,0.628,x,PASS,Task-level robustness summary for balanced_pid.
pick_failure_test,TASK-7B1-058,TUBE-7B1-058,5,0.195,0.093,0.35,0.987,0.287,0.627,x,PASS,Task-level robustness summary for balanced_pid.
pick_failure_test,TASK-7B1-059,TUBE-7B1-059,1,0.206,0.152,0.339,1.371,0.911,0.619,x,PASS,Task-level robustness summary for balanced_pid.
pick_failure_test,TASK-7B1-059,TUBE-7B1-059,2,0.207,0.152,0.339,1.275,0.865,0.609,x,PASS,Task-level robustness summary for balanced_pid.
pick_failure_test,TASK-7B1-059,TUBE-7B1-059,3,0.202,0.15,0.343,1.267,0.942,0.616,x,PASS,Task-level robustness summary for balanced_pid.
pick_failure_test,TASK-7B1-059,TUBE-7B1-059,4,0.203,0.155,0.34,1.208,0.939,0.601,x,PASS,Task-level robustness summary for balanced_pid.
pick_failure_test,TASK-7B1-059,TUBE-7B1-059,5,0.201,0.15,0.34,1.27,0.876,0.602,x,PASS,Task-level robustness summary for balanced_pid.
pick_failure_test,TASK-7B1-060,TUBE-7B1-060,1,0.172,0.07,0.357,0.83,0.28,0.633,x,PASS,Task-level robustness summary for balanced_pid.
pick_failure_test,TASK-7B1-060,TUBE-7B1-060,2,0.17,0.062,0.357,0.757,0.295,0.62,x,PASS,Task-level robustness summary for balanced_pid.
pick_failure_test,TASK-7B1-060,TUBE-7B1-060,3,0.169,0.063,0.354,0.783,0.237,0.622,x,PASS,Task-level robustness summary for balanced_pid.
pick_failure_test,TASK-7B1-060,TUBE-7B1-060,4,0.169,0.064,0.355,0.727,0.324,0.631,x,PASS,Task-level robustness summary for balanced_pid.
pick_failure_test,TASK-7B1-060,TUBE-7B1-060,5,0.172,0.062,0.356,0.795,0.327,0.641,x,PASS,Task-level robustness summary for balanced_pid.
pick_failure_test,TASK-7B1-061,TUBE-7B1-061,1,0.228,0.084,0.343,1.71,0.584,0.599,x,PASS,Task-level robustness summary for balanced_pid.
pick_failure_test,TASK-7B1-061,TUBE-7B1-061,2,0.226,0.084,0.346,1.65,0.572,0.62,x,PASS,Task-level robustness summary for balanced_pid.
pick_failure_test,TASK-7B1-061,TUBE-7B1-061,3,0.226,0.086,0.343,1.646,0.602,0.624,x,PASS,Task-level robustness summary for balanced_pid.
pick_failure_test,TASK-7B1-061,TUBE-7B1-061,4,0.23,0.076,0.344,1.747,0.45,0.616,x,PASS,Task-level robustness summary for balanced_pid.
pick_failure_test,TASK-7B1-061,TUBE-7B1-061,5,0.228,0.084,0.344,1.554,0.564,0.626,x,PASS,Task-level robustness summary for balanced_pid.
pick_failure_test,TASK-7B1-062,TUBE-7B1-062,1,0.16,0.117,0.353,0.76,0.57,0.61,x,PASS,Task-level robustness summary for balanced_pid.
pick_failure_test,TASK-7B1-062,TUBE-7B1-062,2,0.16,0.115,0.353,0.751,0.447,0.611,x,PASS,Task-level robustness summary for balanced_pid.
pick_failure_test,TASK-7B1-062,TUBE-7B1-062,3,0.166,0.117,0.353,0.743,0.573,0.659,x,PASS,Task-level robustness summary for balanced_pid.
pick_failure_test,TASK-7B1-062,TUBE-7B1-062,4,0.166,0.11,0.351,0.702,0.37,0.625,x,PASS,Task-level robustness summary for balanced_pid.
pick_failure_test,TASK-7B1-062,TUBE-7B1-062,5,0.159,0.116,0.351,0.664,0.407,0.641,x,PASS,Task-level robustness summary for balanced_pid.
pick_failure_test,TASK-7B1-063,TUBE-7B1-063,1,0.195,0.106,0.343,0.725,0.479,0.639,x,PASS,Task-level robustness summary for balanced_pid.
pick_failure_test,TASK-7B1-063,TUBE-7B1-063,2,0.189,0.106,0.343,0.759,0.473,0.639,x,PASS,Task-level robustness summary for balanced_pid.
pick_failure_test,TASK-7B1-063,TUBE-7B1-063,3,0.194,0.11,0.345,0.724,0.413,0.613,x,PASS,Task-level robustness summary for balanced_pid.
pick_failure_test,TASK-7B1-063,TUBE-7B1-063,4,0.194,0.103,0.346,0.654,0.405,0.615,x,PASS,Task-level robustness summary for balanced_pid.
pick_failure_test,TASK-7B1-063,TUBE-7B1-063,5,0.196,0.103,0.344,0.744,0.397,0.626,x,PASS,Task-level robustness summary for balanced_pid.
pick_failure_test,TASK-7B1-064,TUBE-7B1-064,1,0.18,0.089,0.353,0.959,0.613,0.638,x,PASS,Task-level robustness summary for balanced_pid.
pick_failure_test,TASK-7B1-064,TUBE-7B1-064,2,0.183,0.092,0.353,0.868,0.727,0.618,x,PASS,Task-level robustness summary for balanced_pid.
pick_failure_test,TASK-7B1-064,TUBE-7B1-064,3,0.182,0.087,0.35,0.868,0.719,0.64,x,PASS,Task-level robustness summary for balanced_pid.
pick_failure_test,TASK-7B1-064,TUBE-7B1-064,4,0.181,0.087,0.352,0.884,0.704,0.622,x,PASS,Task-level robustness summary for balanced_pid.
pick_failure_test,TASK-7B1-064,TUBE-7B1-064,5,0.183,0.093,0.353,0.915,0.729,0.611,x,PASS,Task-level robustness summary for balanced_pid.
pick_failure_test,TASK-7B1-065,TUBE-7B1-065,1,0.276,0.073,0.342,3.165,0.384,0.616,x,PASS,Task-level robustness summary for balanced_pid.
pick_failure_test,TASK-7B1-065,TUBE-7B1-065,2,0.269,0.079,0.342,3.083,0.47,0.617,x,PASS,Task-level robustness summary for balanced_pid.
pick_failure_test,TASK-7B1-065,TUBE-7B1-065,3,0.27,0.079,0.34,3.06,0.301,0.609,x,PASS,Task-level robustness summary for balanced_pid.
pick_failure_test,TASK-7B1-065,TUBE-7B1-065,4,0.27,0.078,0.343,3.151,0.359,0.619,x,PASS,Task-level robustness summary for balanced_pid.
pick_failure_test,TASK-7B1-065,TUBE-7B1-065,5,0.27,0.076,0.344,3.054,0.36,0.634,x,PASS,Task-level robustness summary for balanced_pid.
pick_failure_test,TASK-7B1-066,TUBE-7B1-066,1,0.181,0.129,0.345,0.737,0.51,0.614,x,PASS,Task-level robustness summary for balanced_pid.
pick_failure_test,TASK-7B1-066,TUBE-7B1-066,2,0.183,0.127,0.346,0.794,0.488,0.661,x,PASS,Task-level robustness summary for balanced_pid.
pick_failure_test,TASK-7B1-066,TUBE-7B1-066,3,0.176,0.122,0.346,0.717,0.473,0.642,x,PASS,Task-level robustness summary for balanced_pid.
pick_failure_test,TASK-7B1-066,TUBE-7B1-066,4,0.18,0.125,0.346,0.72,0.514,0.618,x,PASS,Task-level robustness summary for balanced_pid.
pick_failure_test,TASK-7B1-066,TUBE-7B1-066,5,0.175,0.127,0.345,0.778,0.571,0.612,x,PASS,Task-level robustness summary for balanced_pid.
pick_failure_test,TASK-7B1-067,TUBE-7B1-067,1,0.21,0.124,0.341,1.295,0.564,0.66,x,PASS,Task-level robustness summary for balanced_pid.
pick_failure_test,TASK-7B1-067,TUBE-7B1-067,2,0.212,0.127,0.34,1.283,0.596,0.628,x,PASS,Task-level robustness summary for balanced_pid.
pick_failure_test,TASK-7B1-067,TUBE-7B1-067,3,0.21,0.121,0.339,1.25,0.546,0.63,x,PASS,Task-level robustness summary for balanced_pid.
pick_failure_test,TASK-7B1-067,TUBE-7B1-067,4,0.211,0.128,0.34,1.271,0.645,0.635,x,PASS,Task-level robustness summary for balanced_pid.
pick_failure_test,TASK-7B1-067,TUBE-7B1-067,5,0.214,0.127,0.338,1.17,0.588,0.615,x,PASS,Task-level robustness summary for balanced_pid.
pick_failure_test,TASK-7B1-068,TUBE-7B1-068,1,0.166,0.108,0.351,0.71,0.577,0.623,x,PASS,Task-level robustness summary for balanced_pid.
pick_failure_test,TASK-7B1-068,TUBE-7B1-068,2,0.16,0.107,0.352,0.722,0.465,0.621,x,PASS,Task-level robustness summary for balanced_pid.
pick_failure_test,TASK-7B1-068,TUBE-7B1-068,3,0.165,0.108,0.35,0.768,0.572,0.63,x,PASS,Task-level robustness summary for balanced_pid.
pick_failure_test,TASK-7B1-068,TUBE-7B1-068,4,0.163,0.108,0.351,0.719,0.625,0.627,x,PASS,Task-level robustness summary for balanced_pid.
pick_failure_test,TASK-7B1-068,TUBE-7B1-068,5,0.169,0.107,0.351,0.712,0.611,0.626,x,PASS,Task-level robustness summary for balanced_pid.
pick_failure_test,TASK-7B1-069,TUBE-7B1-069,1,0.212,0.097,0.34,0.885,0.456,0.64,x,PASS,Task-level robustness summary for balanced_pid.
pick_failure_test,TASK-7B1-069,TUBE-7B1-069,2,0.203,0.095,0.344,0.77,0.493,0.607,x,PASS,Task-level robustness summary for balanced_pid.
pick_failure_test,TASK-7B1-069,TUBE-7B1-069,3,0.211,0.096,0.34,0.795,0.45,0.624,x,PASS,Task-level robustness summary for balanced_pid.
pick_failure_test,TASK-7B1-069,TUBE-7B1-069,4,0.211,0.095,0.341,0.817,0.472,0.614,x,PASS,Task-level robustness summary for balanced_pid.
pick_failure_test,TASK-7B1-069,TUBE-7B1-069,5,0.204,0.098,0.339,0.782,0.433,0.62,x,PASS,Task-level robustness summary for balanced_pid.
