scenario_id,task_id,tube_id,segment_index,motion_type,axis_mode,segment_distance_mm,delta_z_mm,time_model,segment_time_s,time_category,notes
baseline,TASK-7B1-001,TUBE-7B1-001,1,xy_move_at_safe_z,xy_axes,294.109,0.0,distance / xy_nominal_speed_mm_s + xy_accel_allowance_s,1.04,xy_motion,Concept-level timing assumption.
baseline,TASK-7B1-001,TUBE-7B1-001,2,z_descend,z_axis,45.0,45.0,abs(delta_z) / z_nominal_speed_mm_s + z_accel_allowance_s,0.525,z_motion,Concept-level timing assumption.
baseline,TASK-7B1-001,TUBE-7B1-001,3,gripper_action,gripper,0.0,0.0,grip_close_time_s,0.6,gripper_action,Concept-level timing assumption.
baseline,TASK-7B1-001,TUBE-7B1-001,4,z_lift,z_axis,45.0,45.0,abs(delta_z) / z_nominal_speed_mm_s + z_accel_allowance_s,0.525,z_motion,Concept-level timing assumption.
baseline,TASK-7B1-001,TUBE-7B1-001,5,xy_move_at_safe_z,xy_axes,306.105,0.0,distance / xy_nominal_speed_mm_s + xy_accel_allowance_s,1.075,xy_motion,Concept-level timing assumption.
baseline,TASK-7B1-001,TUBE-7B1-001,6,z_descend,z_axis,35.0,35.0,abs(delta_z) / z_nominal_speed_mm_s + z_accel_allowance_s,0.442,z_motion,Concept-level timing assumption.
baseline,TASK-7B1-001,TUBE-7B1-001,7,scan_wait,dwell,0.0,0.0,scan_wait_time_s,1.0,scan_wait,Concept-level timing assumption.
baseline,TASK-7B1-001,TUBE-7B1-001,8,z_lift,z_axis,35.0,35.0,abs(delta_z) / z_nominal_speed_mm_s + z_accel_allowance_s,0.442,z_motion,Concept-level timing assumption.
baseline,TASK-7B1-001,TUBE-7B1-001,9,xy_move_at_safe_z,xy_axes,261.725,0.0,distance / xy_nominal_speed_mm_s + xy_accel_allowance_s,0.948,xy_motion,Concept-level timing assumption.
baseline,TASK-7B1-001,TUBE-7B1-001,10,z_descend,z_axis,55.0,55.0,abs(delta_z) / z_nominal_speed_mm_s + z_accel_allowance_s,0.608,z_motion,Concept-level timing assumption.
baseline,TASK-7B1-001,TUBE-7B1-001,11,gripper_action,gripper,0.0,0.0,grip_open_time_s,0.5,gripper_action,Concept-level timing assumption.
baseline,TASK-7B1-001,TUBE-7B1-001,12,z_lift,z_axis,55.0,55.0,abs(delta_z) / z_nominal_speed_mm_s + z_accel_allowance_s,0.608,z_motion,Concept-level timing assumption.
baseline,TASK-7B1-002,TUBE-7B1-002,1,xy_move_at_safe_z,xy_axes,274.089,0.0,distance / xy_nominal_speed_mm_s + xy_accel_allowance_s,0.983,xy_motion,Concept-level timing assumption.
baseline,TASK-7B1-002,TUBE-7B1-002,2,z_descend,z_axis,45.0,45.0,abs(delta_z) / z_nominal_speed_mm_s + z_accel_allowance_s,0.525,z_motion,Concept-level timing assumption.
baseline,TASK-7B1-002,TUBE-7B1-002,3,gripper_action,gripper,0.0,0.0,grip_close_time_s,0.6,gripper_action,Concept-level timing assumption.
baseline,TASK-7B1-002,TUBE-7B1-002,4,z_lift,z_axis,45.0,45.0,abs(delta_z) / z_nominal_speed_mm_s + z_accel_allowance_s,0.525,z_motion,Concept-level timing assumption.
baseline,TASK-7B1-002,TUBE-7B1-002,5,xy_move_at_safe_z,xy_axes,286.923,0.0,distance / xy_nominal_speed_mm_s + xy_accel_allowance_s,1.02,xy_motion,Concept-level timing assumption.
baseline,TASK-7B1-002,TUBE-7B1-002,6,z_descend,z_axis,35.0,35.0,abs(delta_z) / z_nominal_speed_mm_s + z_accel_allowance_s,0.442,z_motion,Concept-level timing assumption.
baseline,TASK-7B1-002,TUBE-7B1-002,7,scan_wait,dwell,0.0,0.0,scan_wait_time_s,1.0,scan_wait,Concept-level timing assumption.
baseline,TASK-7B1-002,TUBE-7B1-002,8,z_lift,z_axis,35.0,35.0,abs(delta_z) / z_nominal_speed_mm_s + z_accel_allowance_s,0.442,z_motion,Concept-level timing assumption.
baseline,TASK-7B1-002,TUBE-7B1-002,9,xy_move_at_safe_z,xy_axes,380.789,0.0,distance / xy_nominal_speed_mm_s + xy_accel_allowance_s,1.288,xy_motion,Concept-level timing assumption.
baseline,TASK-7B1-002,TUBE-7B1-002,10,z_descend,z_axis,55.0,55.0,abs(delta_z) / z_nominal_speed_mm_s + z_accel_allowance_s,0.608,z_motion,Concept-level timing assumption.
baseline,TASK-7B1-002,TUBE-7B1-002,11,gripper_action,gripper,0.0,0.0,grip_open_time_s,0.5,gripper_action,Concept-level timing assumption.
baseline,TASK-7B1-002,TUBE-7B1-002,12,z_lift,z_axis,55.0,55.0,abs(delta_z) / z_nominal_speed_mm_s + z_accel_allowance_s,0.608,z_motion,Concept-level timing assumption.
baseline,TASK-7B1-003,TUBE-7B1-003,1,xy_move_at_safe_z,xy_axes,254.951,0.0,distance / xy_nominal_speed_mm_s + xy_accel_allowance_s,0.928,xy_motion,Concept-level timing assumption.
baseline,TASK-7B1-003,TUBE-7B1-003,2,z_descend,z_axis,45.0,45.0,abs(delta_z) / z_nominal_speed_mm_s + z_accel_allowance_s,0.525,z_motion,Concept-level timing assumption.
baseline,TASK-7B1-003,TUBE-7B1-003,3,gripper_action,gripper,0.0,0.0,grip_close_time_s,0.6,gripper_action,Concept-level timing assumption.
baseline,TASK-7B1-003,TUBE-7B1-003,4,z_lift,z_axis,45.0,45.0,abs(delta_z) / z_nominal_speed_mm_s + z_accel_allowance_s,0.525,z_motion,Concept-level timing assumption.
baseline,TASK-7B1-003,TUBE-7B1-003,5,xy_move_at_safe_z,xy_axes,268.701,0.0,distance / xy_nominal_speed_mm_s + xy_accel_allowance_s,0.968,xy_motion,Concept-level timing assumption.
baseline,TASK-7B1-003,TUBE-7B1-003,6,z_descend,z_axis,35.0,35.0,abs(delta_z) / z_nominal_speed_mm_s + z_accel_allowance_s,0.442,z_motion,Concept-level timing assumption.
baseline,TASK-7B1-003,TUBE-7B1-003,7,scan_wait,dwell,0.0,0.0,scan_wait_time_s,1.0,scan_wait,Concept-level timing assumption.
baseline,TASK-7B1-003,TUBE-7B1-003,8,z_lift,z_axis,35.0,35.0,abs(delta_z) / z_nominal_speed_mm_s + z_accel_allowance_s,0.442,z_motion,Concept-level timing assumption.
baseline,TASK-7B1-003,TUBE-7B1-003,9,xy_move_at_safe_z,xy_axes,180.278,0.0,distance / xy_nominal_speed_mm_s + xy_accel_allowance_s,0.715,xy_motion,Concept-level timing assumption.
baseline,TASK-7B1-003,TUBE-7B1-003,10,z_descend,z_axis,55.0,55.0,abs(delta_z) / z_nominal_speed_mm_s + z_accel_allowance_s,0.608,z_motion,Concept-level timing assumption.
baseline,TASK-7B1-003,TUBE-7B1-003,11,gripper_action,gripper,0.0,0.0,grip_open_time_s,0.5,gripper_action,Concept-level timing assumption.
baseline,TASK-7B1-003,TUBE-7B1-003,12,z_lift,z_axis,55.0,55.0,abs(delta_z) / z_nominal_speed_mm_s + z_accel_allowance_s,0.608,z_motion,Concept-level timing assumption.
baseline,TASK-7B1-004,TUBE-7B1-004,1,xy_move_at_safe_z,xy_axes,220.227,0.0,distance / xy_nominal_speed_mm_s + xy_accel_allowance_s,0.829,xy_motion,Concept-level timing assumption.
baseline,TASK-7B1-004,TUBE-7B1-004,2,z_descend,z_axis,45.0,45.0,abs(delta_z) / z_nominal_speed_mm_s + z_accel_allowance_s,0.525,z_motion,Concept-level timing assumption.
baseline,TASK-7B1-004,TUBE-7B1-004,3,gripper_action,gripper,0.0,0.0,grip_close_time_s,0.6,gripper_action,Concept-level timing assumption.
baseline,TASK-7B1-004,TUBE-7B1-004,4,z_lift,z_axis,45.0,45.0,abs(delta_z) / z_nominal_speed_mm_s + z_accel_allowance_s,0.525,z_motion,Concept-level timing assumption.
baseline,TASK-7B1-004,TUBE-7B1-004,5,xy_move_at_safe_z,xy_axes,236.008,0.0,distance / xy_nominal_speed_mm_s + xy_accel_allowance_s,0.874,xy_motion,Concept-level timing assumption.
baseline,TASK-7B1-004,TUBE-7B1-004,6,z_descend,z_axis,35.0,35.0,abs(delta_z) / z_nominal_speed_mm_s + z_accel_allowance_s,0.442,z_motion,Concept-level timing assumption.
baseline,TASK-7B1-004,TUBE-7B1-004,7,scan_wait,dwell,0.0,0.0,scan_wait_time_s,1.0,scan_wait,Concept-level timing assumption.
baseline,TASK-7B1-004,TUBE-7B1-004,8,z_lift,z_axis,35.0,35.0,abs(delta_z) / z_nominal_speed_mm_s + z_accel_allowance_s,0.442,z_motion,Concept-level timing assumption.
baseline,TASK-7B1-004,TUBE-7B1-004,9,xy_move_at_safe_z,xy_axes,491.35,0.0,distance / xy_nominal_speed_mm_s + xy_accel_allowance_s,1.604,xy_motion,Concept-level timing assumption.
baseline,TASK-7B1-004,TUBE-7B1-004,10,z_descend,z_axis,55.0,55.0,abs(delta_z) / z_nominal_speed_mm_s + z_accel_allowance_s,0.608,z_motion,Concept-level timing assumption.
baseline,TASK-7B1-004,TUBE-7B1-004,11,gripper_action,gripper,0.0,0.0,grip_open_time_s,0.5,gripper_action,Concept-level timing assumption.
baseline,TASK-7B1-004,TUBE-7B1-004,12,z_lift,z_axis,55.0,55.0,abs(delta_z) / z_nominal_speed_mm_s + z_accel_allowance_s,0.608,z_motion,Concept-level timing assumption.
baseline,TASK-7B1-005,TUBE-7B1-005,1,xy_move_at_safe_z,xy_axes,205.244,0.0,distance / xy_nominal_speed_mm_s + xy_accel_allowance_s,0.786,xy_motion,Concept-level timing assumption.
baseline,TASK-7B1-005,TUBE-7B1-005,2,z_descend,z_axis,45.0,45.0,abs(delta_z) / z_nominal_speed_mm_s + z_accel_allowance_s,0.525,z_motion,Concept-level timing assumption.
baseline,TASK-7B1-005,TUBE-7B1-005,3,gripper_action,gripper,0.0,0.0,grip_close_time_s,0.6,gripper_action,Concept-level timing assumption.
baseline,TASK-7B1-005,TUBE-7B1-005,4,z_lift,z_axis,45.0,45.0,abs(delta_z) / z_nominal_speed_mm_s + z_accel_allowance_s,0.525,z_motion,Concept-level timing assumption.
baseline,TASK-7B1-005,TUBE-7B1-005,5,xy_move_at_safe_z,xy_axes,222.092,0.0,distance / xy_nominal_speed_mm_s + xy_accel_allowance_s,0.835,xy_motion,Concept-level timing assumption.
baseline,TASK-7B1-005,TUBE-7B1-005,6,z_descend,z_axis,35.0,35.0,abs(delta_z) / z_nominal_speed_mm_s + z_accel_allowance_s,0.442,z_motion,Concept-level timing assumption.
baseline,TASK-7B1-005,TUBE-7B1-005,7,scan_wait,dwell,0.0,0.0,scan_wait_time_s,1.0,scan_wait,Concept-level timing assumption.
baseline,TASK-7B1-005,TUBE-7B1-005,8,z_lift,z_axis,35.0,35.0,abs(delta_z) / z_nominal_speed_mm_s + z_accel_allowance_s,0.442,z_motion,Concept-level timing assumption.
baseline,TASK-7B1-005,TUBE-7B1-005,9,xy_move_at_safe_z,xy_axes,330.151,0.0,distance / xy_nominal_speed_mm_s + xy_accel_allowance_s,1.143,xy_motion,Concept-level timing assumption.
baseline,TASK-7B1-005,TUBE-7B1-005,10,z_descend,z_axis,55.0,55.0,abs(delta_z) / z_nominal_speed_mm_s + z_accel_allowance_s,0.608,z_motion,Concept-level timing assumption.
baseline,TASK-7B1-005,TUBE-7B1-005,11,gripper_action,gripper,0.0,0.0,grip_open_time_s,0.5,gripper_action,Concept-level timing assumption.
baseline,TASK-7B1-005,TUBE-7B1-005,12,z_lift,z_axis,55.0,55.0,abs(delta_z) / z_nominal_speed_mm_s + z_accel_allowance_s,0.608,z_motion,Concept-level timing assumption.
baseline,TASK-7B1-006,TUBE-7B1-006,1,xy_move_at_safe_z,xy_axes,280.401,0.0,distance / xy_nominal_speed_mm_s + xy_accel_allowance_s,1.001,xy_motion,Concept-level timing assumption.
baseline,TASK-7B1-006,TUBE-7B1-006,2,z_descend,z_axis,45.0,45.0,abs(delta_z) / z_nominal_speed_mm_s + z_accel_allowance_s,0.525,z_motion,Concept-level timing assumption.
baseline,TASK-7B1-006,TUBE-7B1-006,3,gripper_action,gripper,0.0,0.0,grip_close_time_s,0.6,gripper_action,Concept-level timing assumption.
baseline,TASK-7B1-006,TUBE-7B1-006,4,z_lift,z_axis,45.0,45.0,abs(delta_z) / z_nominal_speed_mm_s + z_accel_allowance_s,0.525,z_motion,Concept-level timing assumption.
baseline,TASK-7B1-006,TUBE-7B1-006,5,xy_move_at_safe_z,xy_axes,291.247,0.0,distance / xy_nominal_speed_mm_s + xy_accel_allowance_s,1.032,xy_motion,Concept-level timing assumption.
baseline,TASK-7B1-006,TUBE-7B1-006,6,z_descend,z_axis,35.0,35.0,abs(delta_z) / z_nominal_speed_mm_s + z_accel_allowance_s,0.442,z_motion,Concept-level timing assumption.
baseline,TASK-7B1-006,TUBE-7B1-006,7,scan_wait,dwell,0.0,0.0,scan_wait_time_s,1.0,scan_wait,Concept-level timing assumption.
baseline,TASK-7B1-006,TUBE-7B1-006,8,z_lift,z_axis,35.0,35.0,abs(delta_z) / z_nominal_speed_mm_s + z_accel_allowance_s,0.442,z_motion,Concept-level timing assumption.
baseline,TASK-7B1-006,TUBE-7B1-006,9,xy_move_at_safe_z,xy_axes,279.508,0.0,distance / xy_nominal_speed_mm_s + xy_accel_allowance_s,0.999,xy_motion,Concept-level timing assumption.
baseline,TASK-7B1-006,TUBE-7B1-006,10,z_descend,z_axis,55.0,55.0,abs(delta_z) / z_nominal_speed_mm_s + z_accel_allowance_s,0.608,z_motion,Concept-level timing assumption.
baseline,TASK-7B1-006,TUBE-7B1-006,11,gripper_action,gripper,0.0,0.0,grip_open_time_s,0.5,gripper_action,Concept-level timing assumption.
baseline,TASK-7B1-006,TUBE-7B1-006,12,z_lift,z_axis,55.0,55.0,abs(delta_z) / z_nominal_speed_mm_s + z_accel_allowance_s,0.608,z_motion,Concept-level timing assumption.
baseline,TASK-7B1-007,TUBE-7B1-007,1,xy_move_at_safe_z,xy_axes,239.008,0.0,distance / xy_nominal_speed_mm_s + xy_accel_allowance_s,0.883,xy_motion,Concept-level timing assumption.
baseline,TASK-7B1-007,TUBE-7B1-007,2,z_descend,z_axis,45.0,45.0,abs(delta_z) / z_nominal_speed_mm_s + z_accel_allowance_s,0.525,z_motion,Concept-level timing assumption.
baseline,TASK-7B1-007,TUBE-7B1-007,3,gripper_action,gripper,0.0,0.0,grip_close_time_s,0.6,gripper_action,Concept-level timing assumption.
baseline,TASK-7B1-007,TUBE-7B1-007,4,z_lift,z_axis,45.0,45.0,abs(delta_z) / z_nominal_speed_mm_s + z_accel_allowance_s,0.525,z_motion,Concept-level timing assumption.
baseline,TASK-7B1-007,TUBE-7B1-007,5,xy_move_at_safe_z,xy_axes,251.645,0.0,distance / xy_nominal_speed_mm_s + xy_accel_allowance_s,0.919,xy_motion,Concept-level timing assumption.
baseline,TASK-7B1-007,TUBE-7B1-007,6,z_descend,z_axis,35.0,35.0,abs(delta_z) / z_nominal_speed_mm_s + z_accel_allowance_s,0.442,z_motion,Concept-level timing assumption.
baseline,TASK-7B1-007,TUBE-7B1-007,7,scan_wait,dwell,0.0,0.0,scan_wait_time_s,1.0,scan_wait,Concept-level timing assumption.
baseline,TASK-7B1-007,TUBE-7B1-007,8,z_lift,z_axis,35.0,35.0,abs(delta_z) / z_nominal_speed_mm_s + z_accel_allowance_s,0.442,z_motion,Concept-level timing assumption.
baseline,TASK-7B1-007,TUBE-7B1-007,9,xy_move_at_safe_z,xy_axes,402.647,0.0,distance / xy_nominal_speed_mm_s + xy_accel_allowance_s,1.35,xy_motion,Concept-level timing assumption.
baseline,TASK-7B1-007,TUBE-7B1-007,10,z_descend,z_axis,55.0,55.0,abs(delta_z) / z_nominal_speed_mm_s + z_accel_allowance_s,0.608,z_motion,Concept-level timing assumption.
baseline,TASK-7B1-007,TUBE-7B1-007,11,gripper_action,gripper,0.0,0.0,grip_open_time_s,0.5,gripper_action,Concept-level timing assumption.
baseline,TASK-7B1-007,TUBE-7B1-007,12,z_lift,z_axis,55.0,55.0,abs(delta_z) / z_nominal_speed_mm_s + z_accel_allowance_s,0.608,z_motion,Concept-level timing assumption.
baseline,TASK-7B1-008,TUBE-7B1-008,1,xy_move_at_safe_z,xy_axes,219.659,0.0,distance / xy_nominal_speed_mm_s + xy_accel_allowance_s,0.828,xy_motion,Concept-level timing assumption.
baseline,TASK-7B1-008,TUBE-7B1-008,2,z_descend,z_axis,45.0,45.0,abs(delta_z) / z_nominal_speed_mm_s + z_accel_allowance_s,0.525,z_motion,Concept-level timing assumption.
baseline,TASK-7B1-008,TUBE-7B1-008,3,gripper_action,gripper,0.0,0.0,grip_close_time_s,0.6,gripper_action,Concept-level timing assumption.
baseline,TASK-7B1-008,TUBE-7B1-008,4,z_lift,z_axis,45.0,45.0,abs(delta_z) / z_nominal_speed_mm_s + z_accel_allowance_s,0.525,z_motion,Concept-level timing assumption.
baseline,TASK-7B1-008,TUBE-7B1-008,5,xy_move_at_safe_z,xy_axes,233.345,0.0,distance / xy_nominal_speed_mm_s + xy_accel_allowance_s,0.867,xy_motion,Concept-level timing assumption.
baseline,TASK-7B1-008,TUBE-7B1-008,6,z_descend,z_axis,35.0,35.0,abs(delta_z) / z_nominal_speed_mm_s + z_accel_allowance_s,0.442,z_motion,Concept-level timing assumption.
baseline,TASK-7B1-008,TUBE-7B1-008,7,scan_wait,dwell,0.0,0.0,scan_wait_time_s,1.0,scan_wait,Concept-level timing assumption.
baseline,TASK-7B1-008,TUBE-7B1-008,8,z_lift,z_axis,35.0,35.0,abs(delta_z) / z_nominal_speed_mm_s + z_accel_allowance_s,0.442,z_motion,Concept-level timing assumption.
baseline,TASK-7B1-008,TUBE-7B1-008,9,xy_move_at_safe_z,xy_axes,205.244,0.0,distance / xy_nominal_speed_mm_s + xy_accel_allowance_s,0.786,xy_motion,Concept-level timing assumption.
baseline,TASK-7B1-008,TUBE-7B1-008,10,z_descend,z_axis,55.0,55.0,abs(delta_z) / z_nominal_speed_mm_s + z_accel_allowance_s,0.608,z_motion,Concept-level timing assumption.
baseline,TASK-7B1-008,TUBE-7B1-008,11,gripper_action,gripper,0.0,0.0,grip_open_time_s,0.5,gripper_action,Concept-level timing assumption.
baseline,TASK-7B1-008,TUBE-7B1-008,12,z_lift,z_axis,55.0,55.0,abs(delta_z) / z_nominal_speed_mm_s + z_accel_allowance_s,0.608,z_motion,Concept-level timing assumption.
baseline,TASK-7B1-009,TUBE-7B1-009,1,xy_move_at_safe_z,xy_axes,201.556,0.0,distance / xy_nominal_speed_mm_s + xy_accel_allowance_s,0.776,xy_motion,Concept-level timing assumption.
baseline,TASK-7B1-009,TUBE-7B1-009,2,z_descend,z_axis,45.0,45.0,abs(delta_z) / z_nominal_speed_mm_s + z_accel_allowance_s,0.525,z_motion,Concept-level timing assumption.
baseline,TASK-7B1-009,TUBE-7B1-009,3,gripper_action,gripper,0.0,0.0,grip_close_time_s,0.6,gripper_action,Concept-level timing assumption.
baseline,TASK-7B1-009,TUBE-7B1-009,4,z_lift,z_axis,45.0,45.0,abs(delta_z) / z_nominal_speed_mm_s + z_accel_allowance_s,0.525,z_motion,Concept-level timing assumption.
baseline,TASK-7B1-009,TUBE-7B1-009,5,xy_move_at_safe_z,xy_axes,216.391,0.0,distance / xy_nominal_speed_mm_s + xy_accel_allowance_s,0.818,xy_motion,Concept-level timing assumption.
baseline,TASK-7B1-009,TUBE-7B1-009,6,z_descend,z_axis,35.0,35.0,abs(delta_z) / z_nominal_speed_mm_s + z_accel_allowance_s,0.442,z_motion,Concept-level timing assumption.
baseline,TASK-7B1-009,TUBE-7B1-009,7,scan_wait,dwell,0.0,0.0,scan_wait_time_s,1.0,scan_wait,Concept-level timing assumption.
baseline,TASK-7B1-009,TUBE-7B1-009,8,z_lift,z_axis,35.0,35.0,abs(delta_z) / z_nominal_speed_mm_s + z_accel_allowance_s,0.442,z_motion,Concept-level timing assumption.
baseline,TASK-7B1-009,TUBE-7B1-009,9,xy_move_at_safe_z,xy_axes,355.141,0.0,distance / xy_nominal_speed_mm_s + xy_accel_allowance_s,1.215,xy_motion,Concept-level timing assumption.
baseline,TASK-7B1-009,TUBE-7B1-009,10,z_descend,z_axis,55.0,55.0,abs(delta_z) / z_nominal_speed_mm_s + z_accel_allowance_s,0.608,z_motion,Concept-level timing assumption.
baseline,TASK-7B1-009,TUBE-7B1-009,11,gripper_action,gripper,0.0,0.0,grip_open_time_s,0.5,gripper_action,Concept-level timing assumption.
baseline,TASK-7B1-009,TUBE-7B1-009,12,z_lift,z_axis,55.0,55.0,abs(delta_z) / z_nominal_speed_mm_s + z_accel_allowance_s,0.608,z_motion,Concept-level timing assumption.
baseline,TASK-7B1-010,TUBE-7B1-010,1,xy_move_at_safe_z,xy_axes,268.328,0.0,distance / xy_nominal_speed_mm_s + xy_accel_allowance_s,0.967,xy_motion,Concept-level timing assumption.
baseline,TASK-7B1-010,TUBE-7B1-010,2,z_descend,z_axis,45.0,45.0,abs(delta_z) / z_nominal_speed_mm_s + z_accel_allowance_s,0.525,z_motion,Concept-level timing assumption.
baseline,TASK-7B1-010,TUBE-7B1-010,3,gripper_action,gripper,0.0,0.0,grip_close_time_s,0.6,gripper_action,Concept-level timing assumption.
baseline,TASK-7B1-010,TUBE-7B1-010,4,z_lift,z_axis,45.0,45.0,abs(delta_z) / z_nominal_speed_mm_s + z_accel_allowance_s,0.525,z_motion,Concept-level timing assumption.
baseline,TASK-7B1-010,TUBE-7B1-010,5,xy_move_at_safe_z,xy_axes,277.849,0.0,distance / xy_nominal_speed_mm_s + xy_accel_allowance_s,0.994,xy_motion,Concept-level timing assumption.
baseline,TASK-7B1-010,TUBE-7B1-010,6,z_descend,z_axis,35.0,35.0,abs(delta_z) / z_nominal_speed_mm_s + z_accel_allowance_s,0.442,z_motion,Concept-level timing assumption.
baseline,TASK-7B1-010,TUBE-7B1-010,7,scan_wait,dwell,0.0,0.0,scan_wait_time_s,1.0,scan_wait,Concept-level timing assumption.
baseline,TASK-7B1-010,TUBE-7B1-010,8,z_lift,z_axis,35.0,35.0,abs(delta_z) / z_nominal_speed_mm_s + z_accel_allowance_s,0.442,z_motion,Concept-level timing assumption.
baseline,TASK-7B1-010,TUBE-7B1-010,9,xy_move_at_safe_z,xy_axes,298.329,0.0,distance / xy_nominal_speed_mm_s + xy_accel_allowance_s,1.052,xy_motion,Concept-level timing assumption.
baseline,TASK-7B1-010,TUBE-7B1-010,10,z_descend,z_axis,55.0,55.0,abs(delta_z) / z_nominal_speed_mm_s + z_accel_allowance_s,0.608,z_motion,Concept-level timing assumption.
baseline,TASK-7B1-010,TUBE-7B1-010,11,gripper_action,gripper,0.0,0.0,grip_open_time_s,0.5,gripper_action,Concept-level timing assumption.
baseline,TASK-7B1-010,TUBE-7B1-010,12,z_lift,z_axis,55.0,55.0,abs(delta_z) / z_nominal_speed_mm_s + z_accel_allowance_s,0.608,z_motion,Concept-level timing assumption.
baseline,TASK-7B1-011,TUBE-7B1-011,1,xy_move_at_safe_z,xy_axes,246.221,0.0,distance / xy_nominal_speed_mm_s + xy_accel_allowance_s,0.903,xy_motion,Concept-level timing assumption.
baseline,TASK-7B1-011,TUBE-7B1-011,2,z_descend,z_axis,45.0,45.0,abs(delta_z) / z_nominal_speed_mm_s + z_accel_allowance_s,0.525,z_motion,Concept-level timing assumption.
baseline,TASK-7B1-011,TUBE-7B1-011,3,gripper_action,gripper,0.0,0.0,grip_close_time_s,0.6,gripper_action,Concept-level timing assumption.
baseline,TASK-7B1-011,TUBE-7B1-011,4,z_lift,z_axis,45.0,45.0,abs(delta_z) / z_nominal_speed_mm_s + z_accel_allowance_s,0.525,z_motion,Concept-level timing assumption.
baseline,TASK-7B1-011,TUBE-7B1-011,5,xy_move_at_safe_z,xy_axes,256.564,0.0,distance / xy_nominal_speed_mm_s + xy_accel_allowance_s,0.933,xy_motion,Concept-level timing assumption.
baseline,TASK-7B1-011,TUBE-7B1-011,6,z_descend,z_axis,35.0,35.0,abs(delta_z) / z_nominal_speed_mm_s + z_accel_allowance_s,0.442,z_motion,Concept-level timing assumption.
baseline,TASK-7B1-011,TUBE-7B1-011,7,scan_wait,dwell,0.0,0.0,scan_wait_time_s,1.0,scan_wait,Concept-level timing assumption.
baseline,TASK-7B1-011,TUBE-7B1-011,8,z_lift,z_axis,35.0,35.0,abs(delta_z) / z_nominal_speed_mm_s + z_accel_allowance_s,0.442,z_motion,Concept-level timing assumption.
baseline,TASK-7B1-011,TUBE-7B1-011,9,xy_move_at_safe_z,xy_axes,424.853,0.0,distance / xy_nominal_speed_mm_s + xy_accel_allowance_s,1.414,xy_motion,Concept-level timing assumption.
baseline,TASK-7B1-011,TUBE-7B1-011,10,z_descend,z_axis,55.0,55.0,abs(delta_z) / z_nominal_speed_mm_s + z_accel_allowance_s,0.608,z_motion,Concept-level timing assumption.
baseline,TASK-7B1-011,TUBE-7B1-011,11,gripper_action,gripper,0.0,0.0,grip_open_time_s,0.5,gripper_action,Concept-level timing assumption.
baseline,TASK-7B1-011,TUBE-7B1-011,12,z_lift,z_axis,55.0,55.0,abs(delta_z) / z_nominal_speed_mm_s + z_accel_allowance_s,0.608,z_motion,Concept-level timing assumption.
baseline,TASK-7B1-012,TUBE-7B1-012,1,xy_move_at_safe_z,xy_axes,224.722,0.0,distance / xy_nominal_speed_mm_s + xy_accel_allowance_s,0.842,xy_motion,Concept-level timing assumption.
baseline,TASK-7B1-012,TUBE-7B1-012,2,z_descend,z_axis,45.0,45.0,abs(delta_z) / z_nominal_speed_mm_s + z_accel_allowance_s,0.525,z_motion,Concept-level timing assumption.
baseline,TASK-7B1-012,TUBE-7B1-012,3,gripper_action,gripper,0.0,0.0,grip_close_time_s,0.6,gripper_action,Concept-level timing assumption.
baseline,TASK-7B1-012,TUBE-7B1-012,4,z_lift,z_axis,45.0,45.0,abs(delta_z) / z_nominal_speed_mm_s + z_accel_allowance_s,0.525,z_motion,Concept-level timing assumption.
baseline,TASK-7B1-012,TUBE-7B1-012,5,xy_move_at_safe_z,xy_axes,236.008,0.0,distance / xy_nominal_speed_mm_s + xy_accel_allowance_s,0.874,xy_motion,Concept-level timing assumption.
baseline,TASK-7B1-012,TUBE-7B1-012,6,z_descend,z_axis,35.0,35.0,abs(delta_z) / z_nominal_speed_mm_s + z_accel_allowance_s,0.442,z_motion,Concept-level timing assumption.
baseline,TASK-7B1-012,TUBE-7B1-012,7,scan_wait,dwell,0.0,0.0,scan_wait_time_s,1.0,scan_wait,Concept-level timing assumption.
baseline,TASK-7B1-012,TUBE-7B1-012,8,z_lift,z_axis,35.0,35.0,abs(delta_z) / z_nominal_speed_mm_s + z_accel_allowance_s,0.442,z_motion,Concept-level timing assumption.
baseline,TASK-7B1-012,TUBE-7B1-012,9,xy_move_at_safe_z,xy_axes,230.217,0.0,distance / xy_nominal_speed_mm_s + xy_accel_allowance_s,0.858,xy_motion,Concept-level timing assumption.
baseline,TASK-7B1-012,TUBE-7B1-012,10,z_descend,z_axis,55.0,55.0,abs(delta_z) / z_nominal_speed_mm_s + z_accel_allowance_s,0.608,z_motion,Concept-level timing assumption.
baseline,TASK-7B1-012,TUBE-7B1-012,11,gripper_action,gripper,0.0,0.0,grip_open_time_s,0.5,gripper_action,Concept-level timing assumption.
baseline,TASK-7B1-012,TUBE-7B1-012,12,z_lift,z_axis,55.0,55.0,abs(delta_z) / z_nominal_speed_mm_s + z_accel_allowance_s,0.608,z_motion,Concept-level timing assumption.
baseline,TASK-7B1-013,TUBE-7B1-013,1,xy_move_at_safe_z,xy_axes,184.391,0.0,distance / xy_nominal_speed_mm_s + xy_accel_allowance_s,0.727,xy_motion,Concept-level timing assumption.
baseline,TASK-7B1-013,TUBE-7B1-013,2,z_descend,z_axis,45.0,45.0,abs(delta_z) / z_nominal_speed_mm_s + z_accel_allowance_s,0.525,z_motion,Concept-level timing assumption.
baseline,TASK-7B1-013,TUBE-7B1-013,3,gripper_action,gripper,0.0,0.0,grip_close_time_s,0.6,gripper_action,Concept-level timing assumption.
baseline,TASK-7B1-013,TUBE-7B1-013,4,z_lift,z_axis,45.0,45.0,abs(delta_z) / z_nominal_speed_mm_s + z_accel_allowance_s,0.525,z_motion,Concept-level timing assumption.
baseline,TASK-7B1-013,TUBE-7B1-013,5,xy_move_at_safe_z,xy_axes,197.99,0.0,distance / xy_nominal_speed_mm_s + xy_accel_allowance_s,0.766,xy_motion,Concept-level timing assumption.
baseline,TASK-7B1-013,TUBE-7B1-013,6,z_descend,z_axis,35.0,35.0,abs(delta_z) / z_nominal_speed_mm_s + z_accel_allowance_s,0.442,z_motion,Concept-level timing assumption.
baseline,TASK-7B1-013,TUBE-7B1-013,7,scan_wait,dwell,0.0,0.0,scan_wait_time_s,1.0,scan_wait,Concept-level timing assumption.
baseline,TASK-7B1-013,TUBE-7B1-013,8,z_lift,z_axis,35.0,35.0,abs(delta_z) / z_nominal_speed_mm_s + z_accel_allowance_s,0.442,z_motion,Concept-level timing assumption.
baseline,TASK-7B1-013,TUBE-7B1-013,9,xy_move_at_safe_z,xy_axes,470.16,0.0,distance / xy_nominal_speed_mm_s + xy_accel_allowance_s,1.543,xy_motion,Concept-level timing assumption.
baseline,TASK-7B1-013,TUBE-7B1-013,10,z_descend,z_axis,55.0,55.0,abs(delta_z) / z_nominal_speed_mm_s + z_accel_allowance_s,0.608,z_motion,Concept-level timing assumption.
baseline,TASK-7B1-013,TUBE-7B1-013,11,gripper_action,gripper,0.0,0.0,grip_open_time_s,0.5,gripper_action,Concept-level timing assumption.
baseline,TASK-7B1-013,TUBE-7B1-013,12,z_lift,z_axis,55.0,55.0,abs(delta_z) / z_nominal_speed_mm_s + z_accel_allowance_s,0.608,z_motion,Concept-level timing assumption.
baseline,TASK-7B1-014,TUBE-7B1-014,1,xy_move_at_safe_z,xy_axes,166.208,0.0,distance / xy_nominal_speed_mm_s + xy_accel_allowance_s,0.675,xy_motion,Concept-level timing assumption.
baseline,TASK-7B1-014,TUBE-7B1-014,2,z_descend,z_axis,45.0,45.0,abs(delta_z) / z_nominal_speed_mm_s + z_accel_allowance_s,0.525,z_motion,Concept-level timing assumption.
baseline,TASK-7B1-014,TUBE-7B1-014,3,gripper_action,gripper,0.0,0.0,grip_close_time_s,0.6,gripper_action,Concept-level timing assumption.
baseline,TASK-7B1-014,TUBE-7B1-014,4,z_lift,z_axis,45.0,45.0,abs(delta_z) / z_nominal_speed_mm_s + z_accel_allowance_s,0.525,z_motion,Concept-level timing assumption.
baseline,TASK-7B1-014,TUBE-7B1-014,5,xy_move_at_safe_z,xy_axes,181.177,0.0,distance / xy_nominal_speed_mm_s + xy_accel_allowance_s,0.718,xy_motion,Concept-level timing assumption.
baseline,TASK-7B1-014,TUBE-7B1-014,6,z_descend,z_axis,35.0,35.0,abs(delta_z) / z_nominal_speed_mm_s + z_accel_allowance_s,0.442,z_motion,Concept-level timing assumption.
baseline,TASK-7B1-014,TUBE-7B1-014,7,scan_wait,dwell,0.0,0.0,scan_wait_time_s,1.0,scan_wait,Concept-level timing assumption.
baseline,TASK-7B1-014,TUBE-7B1-014,8,z_lift,z_axis,35.0,35.0,abs(delta_z) / z_nominal_speed_mm_s + z_accel_allowance_s,0.442,z_motion,Concept-level timing assumption.
baseline,TASK-7B1-014,TUBE-7B1-014,9,xy_move_at_safe_z,xy_axes,380.132,0.0,distance / xy_nominal_speed_mm_s + xy_accel_allowance_s,1.286,xy_motion,Concept-level timing assumption.
baseline,TASK-7B1-014,TUBE-7B1-014,10,z_descend,z_axis,55.0,55.0,abs(delta_z) / z_nominal_speed_mm_s + z_accel_allowance_s,0.608,z_motion,Concept-level timing assumption.
baseline,TASK-7B1-014,TUBE-7B1-014,11,gripper_action,gripper,0.0,0.0,grip_open_time_s,0.5,gripper_action,Concept-level timing assumption.
baseline,TASK-7B1-014,TUBE-7B1-014,12,z_lift,z_axis,55.0,55.0,abs(delta_z) / z_nominal_speed_mm_s + z_accel_allowance_s,0.608,z_motion,Concept-level timing assumption.
baseline,TASK-7B1-015,TUBE-7B1-015,1,xy_move_at_safe_z,xy_axes,258.118,0.0,distance / xy_nominal_speed_mm_s + xy_accel_allowance_s,0.937,xy_motion,Concept-level timing assumption.
baseline,TASK-7B1-015,TUBE-7B1-015,2,z_descend,z_axis,45.0,45.0,abs(delta_z) / z_nominal_speed_mm_s + z_accel_allowance_s,0.525,z_motion,Concept-level timing assumption.
baseline,TASK-7B1-015,TUBE-7B1-015,3,gripper_action,gripper,0.0,0.0,grip_close_time_s,0.6,gripper_action,Concept-level timing assumption.
baseline,TASK-7B1-015,TUBE-7B1-015,4,z_lift,z_axis,45.0,45.0,abs(delta_z) / z_nominal_speed_mm_s + z_accel_allowance_s,0.525,z_motion,Concept-level timing assumption.
baseline,TASK-7B1-015,TUBE-7B1-015,5,xy_move_at_safe_z,xy_axes,266.13,0.0,distance / xy_nominal_speed_mm_s + xy_accel_allowance_s,0.96,xy_motion,Concept-level timing assumption.
baseline,TASK-7B1-015,TUBE-7B1-015,6,z_descend,z_axis,35.0,35.0,abs(delta_z) / z_nominal_speed_mm_s + z_accel_allowance_s,0.442,z_motion,Concept-level timing assumption.
baseline,TASK-7B1-015,TUBE-7B1-015,7,scan_wait,dwell,0.0,0.0,scan_wait_time_s,1.0,scan_wait,Concept-level timing assumption.
baseline,TASK-7B1-015,TUBE-7B1-015,8,z_lift,z_axis,35.0,35.0,abs(delta_z) / z_nominal_speed_mm_s + z_accel_allowance_s,0.442,z_motion,Concept-level timing assumption.
baseline,TASK-7B1-015,TUBE-7B1-015,9,xy_move_at_safe_z,xy_axes,318.002,0.0,distance / xy_nominal_speed_mm_s + xy_accel_allowance_s,1.109,xy_motion,Concept-level timing assumption.
baseline,TASK-7B1-015,TUBE-7B1-015,10,z_descend,z_axis,55.0,55.0,abs(delta_z) / z_nominal_speed_mm_s + z_accel_allowance_s,0.608,z_motion,Concept-level timing assumption.
baseline,TASK-7B1-015,TUBE-7B1-015,11,gripper_action,gripper,0.0,0.0,grip_open_time_s,0.5,gripper_action,Concept-level timing assumption.
baseline,TASK-7B1-015,TUBE-7B1-015,12,z_lift,z_axis,55.0,55.0,abs(delta_z) / z_nominal_speed_mm_s + z_accel_allowance_s,0.608,z_motion,Concept-level timing assumption.
baseline,TASK-7B1-016,TUBE-7B1-016,1,xy_move_at_safe_z,xy_axes,212.426,0.0,distance / xy_nominal_speed_mm_s + xy_accel_allowance_s,0.807,xy_motion,Concept-level timing assumption.
baseline,TASK-7B1-016,TUBE-7B1-016,2,z_descend,z_axis,45.0,45.0,abs(delta_z) / z_nominal_speed_mm_s + z_accel_allowance_s,0.525,z_motion,Concept-level timing assumption.
baseline,TASK-7B1-016,TUBE-7B1-016,3,gripper_action,gripper,0.0,0.0,grip_close_time_s,0.6,gripper_action,Concept-level timing assumption.
baseline,TASK-7B1-016,TUBE-7B1-016,4,z_lift,z_axis,45.0,45.0,abs(delta_z) / z_nominal_speed_mm_s + z_accel_allowance_s,0.525,z_motion,Concept-level timing assumption.
baseline,TASK-7B1-016,TUBE-7B1-016,5,xy_move_at_safe_z,xy_axes,222.092,0.0,distance / xy_nominal_speed_mm_s + xy_accel_allowance_s,0.835,xy_motion,Concept-level timing assumption.
baseline,TASK-7B1-016,TUBE-7B1-016,6,z_descend,z_axis,35.0,35.0,abs(delta_z) / z_nominal_speed_mm_s + z_accel_allowance_s,0.442,z_motion,Concept-level timing assumption.
baseline,TASK-7B1-016,TUBE-7B1-016,7,scan_wait,dwell,0.0,0.0,scan_wait_time_s,1.0,scan_wait,Concept-level timing assumption.
baseline,TASK-7B1-016,TUBE-7B1-016,8,z_lift,z_axis,35.0,35.0,abs(delta_z) / z_nominal_speed_mm_s + z_accel_allowance_s,0.442,z_motion,Concept-level timing assumption.
baseline,TASK-7B1-016,TUBE-7B1-016,9,xy_move_at_safe_z,xy_axes,447.353,0.0,distance / xy_nominal_speed_mm_s + xy_accel_allowance_s,1.478,xy_motion,Concept-level timing assumption.
baseline,TASK-7B1-016,TUBE-7B1-016,10,z_descend,z_axis,55.0,55.0,abs(delta_z) / z_nominal_speed_mm_s + z_accel_allowance_s,0.608,z_motion,Concept-level timing assumption.
baseline,TASK-7B1-016,TUBE-7B1-016,11,gripper_action,gripper,0.0,0.0,grip_open_time_s,0.5,gripper_action,Concept-level timing assumption.
baseline,TASK-7B1-016,TUBE-7B1-016,12,z_lift,z_axis,55.0,55.0,abs(delta_z) / z_nominal_speed_mm_s + z_accel_allowance_s,0.608,z_motion,Concept-level timing assumption.
baseline,TASK-7B1-017,TUBE-7B1-017,1,xy_move_at_safe_z,xy_axes,190.394,0.0,distance / xy_nominal_speed_mm_s + xy_accel_allowance_s,0.744,xy_motion,Concept-level timing assumption.
baseline,TASK-7B1-017,TUBE-7B1-017,2,z_descend,z_axis,45.0,45.0,abs(delta_z) / z_nominal_speed_mm_s + z_accel_allowance_s,0.525,z_motion,Concept-level timing assumption.
baseline,TASK-7B1-017,TUBE-7B1-017,3,gripper_action,gripper,0.0,0.0,grip_close_time_s,0.6,gripper_action,Concept-level timing assumption.
baseline,TASK-7B1-017,TUBE-7B1-017,4,z_lift,z_axis,45.0,45.0,abs(delta_z) / z_nominal_speed_mm_s + z_accel_allowance_s,0.525,z_motion,Concept-level timing assumption.
baseline,TASK-7B1-017,TUBE-7B1-017,5,xy_move_at_safe_z,xy_axes,201.122,0.0,distance / xy_nominal_speed_mm_s + xy_accel_allowance_s,0.775,xy_motion,Concept-level timing assumption.
baseline,TASK-7B1-017,TUBE-7B1-017,6,z_descend,z_axis,35.0,35.0,abs(delta_z) / z_nominal_speed_mm_s + z_accel_allowance_s,0.442,z_motion,Concept-level timing assumption.
baseline,TASK-7B1-017,TUBE-7B1-017,7,scan_wait,dwell,0.0,0.0,scan_wait_time_s,1.0,scan_wait,Concept-level timing assumption.
baseline,TASK-7B1-017,TUBE-7B1-017,8,z_lift,z_axis,35.0,35.0,abs(delta_z) / z_nominal_speed_mm_s + z_accel_allowance_s,0.442,z_motion,Concept-level timing assumption.
baseline,TASK-7B1-017,TUBE-7B1-017,9,xy_move_at_safe_z,xy_axes,255.196,0.0,distance / xy_nominal_speed_mm_s + xy_accel_allowance_s,0.929,xy_motion,Concept-level timing assumption.
baseline,TASK-7B1-017,TUBE-7B1-017,10,z_descend,z_axis,55.0,55.0,abs(delta_z) / z_nominal_speed_mm_s + z_accel_allowance_s,0.608,z_motion,Concept-level timing assumption.
baseline,TASK-7B1-017,TUBE-7B1-017,11,gripper_action,gripper,0.0,0.0,grip_open_time_s,0.5,gripper_action,Concept-level timing assumption.
baseline,TASK-7B1-017,TUBE-7B1-017,12,z_lift,z_axis,55.0,55.0,abs(delta_z) / z_nominal_speed_mm_s + z_accel_allowance_s,0.608,z_motion,Concept-level timing assumption.
baseline,TASK-7B1-018,TUBE-7B1-018,1,xy_move_at_safe_z,xy_axes,169.189,0.0,distance / xy_nominal_speed_mm_s + xy_accel_allowance_s,0.683,xy_motion,Concept-level timing assumption.
baseline,TASK-7B1-018,TUBE-7B1-018,2,z_descend,z_axis,45.0,45.0,abs(delta_z) / z_nominal_speed_mm_s + z_accel_allowance_s,0.525,z_motion,Concept-level timing assumption.
baseline,TASK-7B1-018,TUBE-7B1-018,3,gripper_action,gripper,0.0,0.0,grip_close_time_s,0.6,gripper_action,Concept-level timing assumption.
baseline,TASK-7B1-018,TUBE-7B1-018,4,z_lift,z_axis,45.0,45.0,abs(delta_z) / z_nominal_speed_mm_s + z_accel_allowance_s,0.525,z_motion,Concept-level timing assumption.
baseline,TASK-7B1-018,TUBE-7B1-018,5,xy_move_at_safe_z,xy_axes,181.177,0.0,distance / xy_nominal_speed_mm_s + xy_accel_allowance_s,0.718,xy_motion,Concept-level timing assumption.
baseline,TASK-7B1-018,TUBE-7B1-018,6,z_descend,z_axis,35.0,35.0,abs(delta_z) / z_nominal_speed_mm_s + z_accel_allowance_s,0.442,z_motion,Concept-level timing assumption.
baseline,TASK-7B1-018,TUBE-7B1-018,7,scan_wait,dwell,0.0,0.0,scan_wait_time_s,1.0,scan_wait,Concept-level timing assumption.
baseline,TASK-7B1-018,TUBE-7B1-018,8,z_lift,z_axis,35.0,35.0,abs(delta_z) / z_nominal_speed_mm_s + z_accel_allowance_s,0.442,z_motion,Concept-level timing assumption.
baseline,TASK-7B1-018,TUBE-7B1-018,9,xy_move_at_safe_z,xy_axes,405.123,0.0,distance / xy_nominal_speed_mm_s + xy_accel_allowance_s,1.357,xy_motion,Concept-level timing assumption.
baseline,TASK-7B1-018,TUBE-7B1-018,10,z_descend,z_axis,55.0,55.0,abs(delta_z) / z_nominal_speed_mm_s + z_accel_allowance_s,0.608,z_motion,Concept-level timing assumption.
baseline,TASK-7B1-018,TUBE-7B1-018,11,gripper_action,gripper,0.0,0.0,grip_open_time_s,0.5,gripper_action,Concept-level timing assumption.
baseline,TASK-7B1-018,TUBE-7B1-018,12,z_lift,z_axis,55.0,55.0,abs(delta_z) / z_nominal_speed_mm_s + z_accel_allowance_s,0.608,z_motion,Concept-level timing assumption.
baseline,TASK-7B1-019,TUBE-7B1-019,1,xy_move_at_safe_z,xy_axes,180.278,0.0,distance / xy_nominal_speed_mm_s + xy_accel_allowance_s,0.715,xy_motion,Concept-level timing assumption.
baseline,TASK-7B1-019,TUBE-7B1-019,2,z_descend,z_axis,45.0,45.0,abs(delta_z) / z_nominal_speed_mm_s + z_accel_allowance_s,0.525,z_motion,Concept-level timing assumption.
baseline,TASK-7B1-019,TUBE-7B1-019,3,gripper_action,gripper,0.0,0.0,grip_close_time_s,0.6,gripper_action,Concept-level timing assumption.
baseline,TASK-7B1-019,TUBE-7B1-019,4,z_lift,z_axis,45.0,45.0,abs(delta_z) / z_nominal_speed_mm_s + z_accel_allowance_s,0.525,z_motion,Concept-level timing assumption.
baseline,TASK-7B1-019,TUBE-7B1-019,5,xy_move_at_safe_z,xy_axes,199.249,0.0,distance / xy_nominal_speed_mm_s + xy_accel_allowance_s,0.769,xy_motion,Concept-level timing assumption.
baseline,TASK-7B1-019,TUBE-7B1-019,6,z_descend,z_axis,35.0,35.0,abs(delta_z) / z_nominal_speed_mm_s + z_accel_allowance_s,0.442,z_motion,Concept-level timing assumption.
baseline,TASK-7B1-019,TUBE-7B1-019,7,scan_wait,dwell,0.0,0.0,scan_wait_time_s,1.0,scan_wait,Concept-level timing assumption.
baseline,TASK-7B1-019,TUBE-7B1-019,8,z_lift,z_axis,35.0,35.0,abs(delta_z) / z_nominal_speed_mm_s + z_accel_allowance_s,0.442,z_motion,Concept-level timing assumption.
baseline,TASK-7B1-019,TUBE-7B1-019,9,xy_move_at_safe_z,xy_axes,338.378,0.0,distance / xy_nominal_speed_mm_s + xy_accel_allowance_s,1.167,xy_motion,Concept-level timing assumption.
baseline,TASK-7B1-019,TUBE-7B1-019,10,z_descend,z_axis,55.0,55.0,abs(delta_z) / z_nominal_speed_mm_s + z_accel_allowance_s,0.608,z_motion,Concept-level timing assumption.
baseline,TASK-7B1-019,TUBE-7B1-019,11,gripper_action,gripper,0.0,0.0,grip_open_time_s,0.5,gripper_action,Concept-level timing assumption.
baseline,TASK-7B1-019,TUBE-7B1-019,12,z_lift,z_axis,55.0,55.0,abs(delta_z) / z_nominal_speed_mm_s + z_accel_allowance_s,0.608,z_motion,Concept-level timing assumption.
baseline,TASK-7B1-020,TUBE-7B1-020,1,xy_move_at_safe_z,xy_axes,173.566,0.0,distance / xy_nominal_speed_mm_s + xy_accel_allowance_s,0.696,xy_motion,Concept-level timing assumption.
baseline,TASK-7B1-020,TUBE-7B1-020,2,z_descend,z_axis,45.0,45.0,abs(delta_z) / z_nominal_speed_mm_s + z_accel_allowance_s,0.525,z_motion,Concept-level timing assumption.
baseline,TASK-7B1-020,TUBE-7B1-020,3,gripper_action,gripper,0.0,0.0,grip_close_time_s,0.6,gripper_action,Concept-level timing assumption.
baseline,TASK-7B1-020,TUBE-7B1-020,4,z_lift,z_axis,45.0,45.0,abs(delta_z) / z_nominal_speed_mm_s + z_accel_allowance_s,0.525,z_motion,Concept-level timing assumption.
baseline,TASK-7B1-020,TUBE-7B1-020,5,xy_move_at_safe_z,xy_axes,193.197,0.0,distance / xy_nominal_speed_mm_s + xy_accel_allowance_s,0.752,xy_motion,Concept-level timing assumption.
baseline,TASK-7B1-020,TUBE-7B1-020,6,z_descend,z_axis,35.0,35.0,abs(delta_z) / z_nominal_speed_mm_s + z_accel_allowance_s,0.442,z_motion,Concept-level timing assumption.
baseline,TASK-7B1-020,TUBE-7B1-020,7,scan_wait,dwell,0.0,0.0,scan_wait_time_s,1.0,scan_wait,Concept-level timing assumption.
baseline,TASK-7B1-020,TUBE-7B1-020,8,z_lift,z_axis,35.0,35.0,abs(delta_z) / z_nominal_speed_mm_s + z_accel_allowance_s,0.442,z_motion,Concept-level timing assumption.
baseline,TASK-7B1-020,TUBE-7B1-020,9,xy_move_at_safe_z,xy_axes,470.106,0.0,distance / xy_nominal_speed_mm_s + xy_accel_allowance_s,1.543,xy_motion,Concept-level timing assumption.
baseline,TASK-7B1-020,TUBE-7B1-020,10,z_descend,z_axis,55.0,55.0,abs(delta_z) / z_nominal_speed_mm_s + z_accel_allowance_s,0.608,z_motion,Concept-level timing assumption.
baseline,TASK-7B1-020,TUBE-7B1-020,11,gripper_action,gripper,0.0,0.0,grip_open_time_s,0.5,gripper_action,Concept-level timing assumption.
baseline,TASK-7B1-020,TUBE-7B1-020,12,z_lift,z_axis,55.0,55.0,abs(delta_z) / z_nominal_speed_mm_s + z_accel_allowance_s,0.608,z_motion,Concept-level timing assumption.
baseline,TASK-7B1-021,TUBE-7B1-021,1,xy_move_at_safe_z,xy_axes,170.294,0.0,distance / xy_nominal_speed_mm_s + xy_accel_allowance_s,0.687,xy_motion,Concept-level timing assumption.
baseline,TASK-7B1-021,TUBE-7B1-021,2,z_descend,z_axis,45.0,45.0,abs(delta_z) / z_nominal_speed_mm_s + z_accel_allowance_s,0.525,z_motion,Concept-level timing assumption.
baseline,TASK-7B1-021,TUBE-7B1-021,3,gripper_action,gripper,0.0,0.0,grip_close_time_s,0.6,gripper_action,Concept-level timing assumption.
baseline,TASK-7B1-021,TUBE-7B1-021,4,z_lift,z_axis,45.0,45.0,abs(delta_z) / z_nominal_speed_mm_s + z_accel_allowance_s,0.525,z_motion,Concept-level timing assumption.
baseline,TASK-7B1-021,TUBE-7B1-021,5,xy_move_at_safe_z,xy_axes,190.263,0.0,distance / xy_nominal_speed_mm_s + xy_accel_allowance_s,0.744,xy_motion,Concept-level timing assumption.
baseline,TASK-7B1-021,TUBE-7B1-021,6,z_descend,z_axis,35.0,35.0,abs(delta_z) / z_nominal_speed_mm_s + z_accel_allowance_s,0.442,z_motion,Concept-level timing assumption.
baseline,TASK-7B1-021,TUBE-7B1-021,7,scan_wait,dwell,0.0,0.0,scan_wait_time_s,1.0,scan_wait,Concept-level timing assumption.
baseline,TASK-7B1-021,TUBE-7B1-021,8,z_lift,z_axis,35.0,35.0,abs(delta_z) / z_nominal_speed_mm_s + z_accel_allowance_s,0.442,z_motion,Concept-level timing assumption.
baseline,TASK-7B1-021,TUBE-7B1-021,9,xy_move_at_safe_z,xy_axes,280.179,0.0,distance / xy_nominal_speed_mm_s + xy_accel_allowance_s,1.001,xy_motion,Concept-level timing assumption.
baseline,TASK-7B1-021,TUBE-7B1-021,10,z_descend,z_axis,55.0,55.0,abs(delta_z) / z_nominal_speed_mm_s + z_accel_allowance_s,0.608,z_motion,Concept-level timing assumption.
baseline,TASK-7B1-021,TUBE-7B1-021,11,gripper_action,gripper,0.0,0.0,grip_open_time_s,0.5,gripper_action,Concept-level timing assumption.
baseline,TASK-7B1-021,TUBE-7B1-021,12,z_lift,z_axis,55.0,55.0,abs(delta_z) / z_nominal_speed_mm_s + z_accel_allowance_s,0.608,z_motion,Concept-level timing assumption.
baseline,TASK-7B1-022,TUBE-7B1-022,1,xy_move_at_safe_z,xy_axes,174.642,0.0,distance / xy_nominal_speed_mm_s + xy_accel_allowance_s,0.699,xy_motion,Concept-level timing assumption.
baseline,TASK-7B1-022,TUBE-7B1-022,2,z_descend,z_axis,45.0,45.0,abs(delta_z) / z_nominal_speed_mm_s + z_accel_allowance_s,0.525,z_motion,Concept-level timing assumption.
baseline,TASK-7B1-022,TUBE-7B1-022,3,gripper_action,gripper,0.0,0.0,grip_close_time_s,0.6,gripper_action,Concept-level timing assumption.
baseline,TASK-7B1-022,TUBE-7B1-022,4,z_lift,z_axis,45.0,45.0,abs(delta_z) / z_nominal_speed_mm_s + z_accel_allowance_s,0.525,z_motion,Concept-level timing assumption.
baseline,TASK-7B1-022,TUBE-7B1-022,5,xy_move_at_safe_z,xy_axes,194.165,0.0,distance / xy_nominal_speed_mm_s + xy_accel_allowance_s,0.755,xy_motion,Concept-level timing assumption.
baseline,TASK-7B1-022,TUBE-7B1-022,6,z_descend,z_axis,35.0,35.0,abs(delta_z) / z_nominal_speed_mm_s + z_accel_allowance_s,0.442,z_motion,Concept-level timing assumption.
baseline,TASK-7B1-022,TUBE-7B1-022,7,scan_wait,dwell,0.0,0.0,scan_wait_time_s,1.0,scan_wait,Concept-level timing assumption.
baseline,TASK-7B1-022,TUBE-7B1-022,8,z_lift,z_axis,35.0,35.0,abs(delta_z) / z_nominal_speed_mm_s + z_accel_allowance_s,0.442,z_motion,Concept-level timing assumption.
baseline,TASK-7B1-022,TUBE-7B1-022,9,xy_move_at_safe_z,xy_axes,430.116,0.0,distance / xy_nominal_speed_mm_s + xy_accel_allowance_s,1.429,xy_motion,Concept-level timing assumption.
baseline,TASK-7B1-022,TUBE-7B1-022,10,z_descend,z_axis,55.0,55.0,abs(delta_z) / z_nominal_speed_mm_s + z_accel_allowance_s,0.608,z_motion,Concept-level timing assumption.
baseline,TASK-7B1-022,TUBE-7B1-022,11,gripper_action,gripper,0.0,0.0,grip_open_time_s,0.5,gripper_action,Concept-level timing assumption.
baseline,TASK-7B1-022,TUBE-7B1-022,12,z_lift,z_axis,55.0,55.0,abs(delta_z) / z_nominal_speed_mm_s + z_accel_allowance_s,0.608,z_motion,Concept-level timing assumption.
baseline,TASK-7B1-023,TUBE-7B1-023,1,xy_move_at_safe_z,xy_axes,182.003,0.0,distance / xy_nominal_speed_mm_s + xy_accel_allowance_s,0.72,xy_motion,Concept-level timing assumption.
baseline,TASK-7B1-023,TUBE-7B1-023,2,z_descend,z_axis,45.0,45.0,abs(delta_z) / z_nominal_speed_mm_s + z_accel_allowance_s,0.525,z_motion,Concept-level timing assumption.
baseline,TASK-7B1-023,TUBE-7B1-023,3,gripper_action,gripper,0.0,0.0,grip_close_time_s,0.6,gripper_action,Concept-level timing assumption.
baseline,TASK-7B1-023,TUBE-7B1-023,4,z_lift,z_axis,45.0,45.0,abs(delta_z) / z_nominal_speed_mm_s + z_accel_allowance_s,0.525,z_motion,Concept-level timing assumption.
baseline,TASK-7B1-023,TUBE-7B1-023,5,xy_move_at_safe_z,xy_axes,200.811,0.0,distance / xy_nominal_speed_mm_s + xy_accel_allowance_s,0.774,xy_motion,Concept-level timing assumption.
baseline,TASK-7B1-023,TUBE-7B1-023,6,z_descend,z_axis,35.0,35.0,abs(delta_z) / z_nominal_speed_mm_s + z_accel_allowance_s,0.442,z_motion,Concept-level timing assumption.
baseline,TASK-7B1-023,TUBE-7B1-023,7,scan_wait,dwell,0.0,0.0,scan_wait_time_s,1.0,scan_wait,Concept-level timing assumption.
baseline,TASK-7B1-023,TUBE-7B1-023,8,z_lift,z_axis,35.0,35.0,abs(delta_z) / z_nominal_speed_mm_s + z_accel_allowance_s,0.442,z_motion,Concept-level timing assumption.
baseline,TASK-7B1-023,TUBE-7B1-023,9,xy_move_at_safe_z,xy_axes,359.34,0.0,distance / xy_nominal_speed_mm_s + xy_accel_allowance_s,1.227,xy_motion,Concept-level timing assumption.
baseline,TASK-7B1-023,TUBE-7B1-023,10,z_descend,z_axis,55.0,55.0,abs(delta_z) / z_nominal_speed_mm_s + z_accel_allowance_s,0.608,z_motion,Concept-level timing assumption.
baseline,TASK-7B1-023,TUBE-7B1-023,11,gripper_action,gripper,0.0,0.0,grip_open_time_s,0.5,gripper_action,Concept-level timing assumption.
baseline,TASK-7B1-023,TUBE-7B1-023,12,z_lift,z_axis,55.0,55.0,abs(delta_z) / z_nominal_speed_mm_s + z_accel_allowance_s,0.608,z_motion,Concept-level timing assumption.
baseline,TASK-7B1-024,TUBE-7B1-024,1,xy_move_at_safe_z,xy_axes,145.344,0.0,distance / xy_nominal_speed_mm_s + xy_accel_allowance_s,0.615,xy_motion,Concept-level timing assumption.
baseline,TASK-7B1-024,TUBE-7B1-024,2,z_descend,z_axis,45.0,45.0,abs(delta_z) / z_nominal_speed_mm_s + z_accel_allowance_s,0.525,z_motion,Concept-level timing assumption.
baseline,TASK-7B1-024,TUBE-7B1-024,3,gripper_action,gripper,0.0,0.0,grip_close_time_s,0.6,gripper_action,Concept-level timing assumption.
baseline,TASK-7B1-024,TUBE-7B1-024,4,z_lift,z_axis,45.0,45.0,abs(delta_z) / z_nominal_speed_mm_s + z_accel_allowance_s,0.525,z_motion,Concept-level timing assumption.
baseline,TASK-7B1-024,TUBE-7B1-024,5,xy_move_at_safe_z,xy_axes,165.303,0.0,distance / xy_nominal_speed_mm_s + xy_accel_allowance_s,0.672,xy_motion,Concept-level timing assumption.
baseline,TASK-7B1-024,TUBE-7B1-024,6,z_descend,z_axis,35.0,35.0,abs(delta_z) / z_nominal_speed_mm_s + z_accel_allowance_s,0.442,z_motion,Concept-level timing assumption.
baseline,TASK-7B1-024,TUBE-7B1-024,7,scan_wait,dwell,0.0,0.0,scan_wait_time_s,1.0,scan_wait,Concept-level timing assumption.
baseline,TASK-7B1-024,TUBE-7B1-024,8,z_lift,z_axis,35.0,35.0,abs(delta_z) / z_nominal_speed_mm_s + z_accel_allowance_s,0.442,z_motion,Concept-level timing assumption.
baseline,TASK-7B1-024,TUBE-7B1-024,9,xy_move_at_safe_z,xy_axes,493.077,0.0,distance / xy_nominal_speed_mm_s + xy_accel_allowance_s,1.609,xy_motion,Concept-level timing assumption.
baseline,TASK-7B1-024,TUBE-7B1-024,10,z_descend,z_axis,55.0,55.0,abs(delta_z) / z_nominal_speed_mm_s + z_accel_allowance_s,0.608,z_motion,Concept-level timing assumption.
baseline,TASK-7B1-024,TUBE-7B1-024,11,gripper_action,gripper,0.0,0.0,grip_open_time_s,0.5,gripper_action,Concept-level timing assumption.
baseline,TASK-7B1-024,TUBE-7B1-024,12,z_lift,z_axis,55.0,55.0,abs(delta_z) / z_nominal_speed_mm_s + z_accel_allowance_s,0.608,z_motion,Concept-level timing assumption.
baseline,TASK-7B1-025,TUBE-7B1-025,1,xy_move_at_safe_z,xy_axes,145.774,0.0,distance / xy_nominal_speed_mm_s + xy_accel_allowance_s,0.616,xy_motion,Concept-level timing assumption.
baseline,TASK-7B1-025,TUBE-7B1-025,2,z_descend,z_axis,45.0,45.0,abs(delta_z) / z_nominal_speed_mm_s + z_accel_allowance_s,0.525,z_motion,Concept-level timing assumption.
baseline,TASK-7B1-025,TUBE-7B1-025,3,gripper_action,gripper,0.0,0.0,grip_close_time_s,0.6,gripper_action,Concept-level timing assumption.
baseline,TASK-7B1-025,TUBE-7B1-025,4,z_lift,z_axis,45.0,45.0,abs(delta_z) / z_nominal_speed_mm_s + z_accel_allowance_s,0.525,z_motion,Concept-level timing assumption.
baseline,TASK-7B1-025,TUBE-7B1-025,5,xy_move_at_safe_z,xy_axes,165.68,0.0,distance / xy_nominal_speed_mm_s + xy_accel_allowance_s,0.673,xy_motion,Concept-level timing assumption.
baseline,TASK-7B1-025,TUBE-7B1-025,6,z_descend,z_axis,35.0,35.0,abs(delta_z) / z_nominal_speed_mm_s + z_accel_allowance_s,0.442,z_motion,Concept-level timing assumption.
baseline,TASK-7B1-025,TUBE-7B1-025,7,scan_wait,dwell,0.0,0.0,scan_wait_time_s,1.0,scan_wait,Concept-level timing assumption.
baseline,TASK-7B1-025,TUBE-7B1-025,8,z_lift,z_axis,35.0,35.0,abs(delta_z) / z_nominal_speed_mm_s + z_accel_allowance_s,0.442,z_motion,Concept-level timing assumption.
baseline,TASK-7B1-025,TUBE-7B1-025,9,xy_move_at_safe_z,xy_axes,305.164,0.0,distance / xy_nominal_speed_mm_s + xy_accel_allowance_s,1.072,xy_motion,Concept-level timing assumption.
baseline,TASK-7B1-025,TUBE-7B1-025,10,z_descend,z_axis,55.0,55.0,abs(delta_z) / z_nominal_speed_mm_s + z_accel_allowance_s,0.608,z_motion,Concept-level timing assumption.
baseline,TASK-7B1-025,TUBE-7B1-025,11,gripper_action,gripper,0.0,0.0,grip_open_time_s,0.5,gripper_action,Concept-level timing assumption.
baseline,TASK-7B1-025,TUBE-7B1-025,12,z_lift,z_axis,55.0,55.0,abs(delta_z) / z_nominal_speed_mm_s + z_accel_allowance_s,0.608,z_motion,Concept-level timing assumption.
baseline,TASK-7B1-026,TUBE-7B1-026,1,xy_move_at_safe_z,xy_axes,150.416,0.0,distance / xy_nominal_speed_mm_s + xy_accel_allowance_s,0.63,xy_motion,Concept-level timing assumption.
baseline,TASK-7B1-026,TUBE-7B1-026,2,z_descend,z_axis,45.0,45.0,abs(delta_z) / z_nominal_speed_mm_s + z_accel_allowance_s,0.525,z_motion,Concept-level timing assumption.
baseline,TASK-7B1-026,TUBE-7B1-026,3,gripper_action,gripper,0.0,0.0,grip_close_time_s,0.6,gripper_action,Concept-level timing assumption.
baseline,TASK-7B1-026,TUBE-7B1-026,4,z_lift,z_axis,45.0,45.0,abs(delta_z) / z_nominal_speed_mm_s + z_accel_allowance_s,0.525,z_motion,Concept-level timing assumption.
baseline,TASK-7B1-026,TUBE-7B1-026,5,xy_move_at_safe_z,xy_axes,169.779,0.0,distance / xy_nominal_speed_mm_s + xy_accel_allowance_s,0.685,xy_motion,Concept-level timing assumption.
baseline,TASK-7B1-026,TUBE-7B1-026,6,z_descend,z_axis,35.0,35.0,abs(delta_z) / z_nominal_speed_mm_s + z_accel_allowance_s,0.442,z_motion,Concept-level timing assumption.
baseline,TASK-7B1-026,TUBE-7B1-026,7,scan_wait,dwell,0.0,0.0,scan_wait_time_s,1.0,scan_wait,Concept-level timing assumption.
baseline,TASK-7B1-026,TUBE-7B1-026,8,z_lift,z_axis,35.0,35.0,abs(delta_z) / z_nominal_speed_mm_s + z_accel_allowance_s,0.442,z_motion,Concept-level timing assumption.
baseline,TASK-7B1-026,TUBE-7B1-026,9,xy_move_at_safe_z,xy_axes,455.11,0.0,distance / xy_nominal_speed_mm_s + xy_accel_allowance_s,1.5,xy_motion,Concept-level timing assumption.
baseline,TASK-7B1-026,TUBE-7B1-026,10,z_descend,z_axis,55.0,55.0,abs(delta_z) / z_nominal_speed_mm_s + z_accel_allowance_s,0.608,z_motion,Concept-level timing assumption.
baseline,TASK-7B1-026,TUBE-7B1-026,11,gripper_action,gripper,0.0,0.0,grip_open_time_s,0.5,gripper_action,Concept-level timing assumption.
baseline,TASK-7B1-026,TUBE-7B1-026,12,z_lift,z_axis,55.0,55.0,abs(delta_z) / z_nominal_speed_mm_s + z_accel_allowance_s,0.608,z_motion,Concept-level timing assumption.
baseline,TASK-7B1-027,TUBE-7B1-027,1,xy_move_at_safe_z,xy_axes,134.164,0.0,distance / xy_nominal_speed_mm_s + xy_accel_allowance_s,0.583,xy_motion,Concept-level timing assumption.
baseline,TASK-7B1-027,TUBE-7B1-027,2,z_descend,z_axis,45.0,45.0,abs(delta_z) / z_nominal_speed_mm_s + z_accel_allowance_s,0.525,z_motion,Concept-level timing assumption.
baseline,TASK-7B1-027,TUBE-7B1-027,3,gripper_action,gripper,0.0,0.0,grip_close_time_s,0.6,gripper_action,Concept-level timing assumption.
baseline,TASK-7B1-027,TUBE-7B1-027,4,z_lift,z_axis,45.0,45.0,abs(delta_z) / z_nominal_speed_mm_s + z_accel_allowance_s,0.525,z_motion,Concept-level timing assumption.
baseline,TASK-7B1-027,TUBE-7B1-027,5,xy_move_at_safe_z,xy_axes,152.315,0.0,distance / xy_nominal_speed_mm_s + xy_accel_allowance_s,0.635,xy_motion,Concept-level timing assumption.
baseline,TASK-7B1-027,TUBE-7B1-027,6,z_descend,z_axis,35.0,35.0,abs(delta_z) / z_nominal_speed_mm_s + z_accel_allowance_s,0.442,z_motion,Concept-level timing assumption.
baseline,TASK-7B1-027,TUBE-7B1-027,7,scan_wait,dwell,0.0,0.0,scan_wait_time_s,1.0,scan_wait,Concept-level timing assumption.
baseline,TASK-7B1-027,TUBE-7B1-027,8,z_lift,z_axis,35.0,35.0,abs(delta_z) / z_nominal_speed_mm_s + z_accel_allowance_s,0.442,z_motion,Concept-level timing assumption.
baseline,TASK-7B1-027,TUBE-7B1-027,9,xy_move_at_safe_z,xy_axes,244.182,0.0,distance / xy_nominal_speed_mm_s + xy_accel_allowance_s,0.898,xy_motion,Concept-level timing assumption.
baseline,TASK-7B1-027,TUBE-7B1-027,10,z_descend,z_axis,55.0,55.0,abs(delta_z) / z_nominal_speed_mm_s + z_accel_allowance_s,0.608,z_motion,Concept-level timing assumption.
baseline,TASK-7B1-027,TUBE-7B1-027,11,gripper_action,gripper,0.0,0.0,grip_open_time_s,0.5,gripper_action,Concept-level timing assumption.
baseline,TASK-7B1-027,TUBE-7B1-027,12,z_lift,z_axis,55.0,55.0,abs(delta_z) / z_nominal_speed_mm_s + z_accel_allowance_s,0.608,z_motion,Concept-level timing assumption.
baseline,TASK-7B1-028,TUBE-7B1-028,1,xy_move_at_safe_z,xy_axes,125.0,0.0,distance / xy_nominal_speed_mm_s + xy_accel_allowance_s,0.557,xy_motion,Concept-level timing assumption.
baseline,TASK-7B1-028,TUBE-7B1-028,2,z_descend,z_axis,45.0,45.0,abs(delta_z) / z_nominal_speed_mm_s + z_accel_allowance_s,0.525,z_motion,Concept-level timing assumption.
baseline,TASK-7B1-028,TUBE-7B1-028,3,gripper_action,gripper,0.0,0.0,grip_close_time_s,0.6,gripper_action,Concept-level timing assumption.
baseline,TASK-7B1-028,TUBE-7B1-028,4,z_lift,z_axis,45.0,45.0,abs(delta_z) / z_nominal_speed_mm_s + z_accel_allowance_s,0.525,z_motion,Concept-level timing assumption.
baseline,TASK-7B1-028,TUBE-7B1-028,5,xy_move_at_safe_z,xy_axes,144.309,0.0,distance / xy_nominal_speed_mm_s + xy_accel_allowance_s,0.612,xy_motion,Concept-level timing assumption.
baseline,TASK-7B1-028,TUBE-7B1-028,6,z_descend,z_axis,35.0,35.0,abs(delta_z) / z_nominal_speed_mm_s + z_accel_allowance_s,0.442,z_motion,Concept-level timing assumption.
baseline,TASK-7B1-028,TUBE-7B1-028,7,scan_wait,dwell,0.0,0.0,scan_wait_time_s,1.0,scan_wait,Concept-level timing assumption.
baseline,TASK-7B1-028,TUBE-7B1-028,8,z_lift,z_axis,35.0,35.0,abs(delta_z) / z_nominal_speed_mm_s + z_accel_allowance_s,0.442,z_motion,Concept-level timing assumption.
baseline,TASK-7B1-028,TUBE-7B1-028,9,xy_move_at_safe_z,xy_axes,449.361,0.0,distance / xy_nominal_speed_mm_s + xy_accel_allowance_s,1.484,xy_motion,Concept-level timing assumption.
baseline,TASK-7B1-028,TUBE-7B1-028,10,z_descend,z_axis,55.0,55.0,abs(delta_z) / z_nominal_speed_mm_s + z_accel_allowance_s,0.608,z_motion,Concept-level timing assumption.
baseline,TASK-7B1-028,TUBE-7B1-028,11,gripper_action,gripper,0.0,0.0,grip_open_time_s,0.5,gripper_action,Concept-level timing assumption.
baseline,TASK-7B1-028,TUBE-7B1-028,12,z_lift,z_axis,55.0,55.0,abs(delta_z) / z_nominal_speed_mm_s + z_accel_allowance_s,0.608,z_motion,Concept-level timing assumption.
baseline,TASK-7B1-029,TUBE-7B1-029,1,xy_move_at_safe_z,xy_axes,120.416,0.0,distance / xy_nominal_speed_mm_s + xy_accel_allowance_s,0.544,xy_motion,Concept-level timing assumption.
baseline,TASK-7B1-029,TUBE-7B1-029,2,z_descend,z_axis,45.0,45.0,abs(delta_z) / z_nominal_speed_mm_s + z_accel_allowance_s,0.525,z_motion,Concept-level timing assumption.
baseline,TASK-7B1-029,TUBE-7B1-029,3,gripper_action,gripper,0.0,0.0,grip_close_time_s,0.6,gripper_action,Concept-level timing assumption.
baseline,TASK-7B1-029,TUBE-7B1-029,4,z_lift,z_axis,45.0,45.0,abs(delta_z) / z_nominal_speed_mm_s + z_accel_allowance_s,0.525,z_motion,Concept-level timing assumption.
baseline,TASK-7B1-029,TUBE-7B1-029,5,xy_move_at_safe_z,xy_axes,140.357,0.0,distance / xy_nominal_speed_mm_s + xy_accel_allowance_s,0.601,xy_motion,Concept-level timing assumption.
baseline,TASK-7B1-029,TUBE-7B1-029,6,z_descend,z_axis,35.0,35.0,abs(delta_z) / z_nominal_speed_mm_s + z_accel_allowance_s,0.442,z_motion,Concept-level timing assumption.
baseline,TASK-7B1-029,TUBE-7B1-029,7,scan_wait,dwell,0.0,0.0,scan_wait_time_s,1.0,scan_wait,Concept-level timing assumption.
baseline,TASK-7B1-029,TUBE-7B1-029,8,z_lift,z_axis,35.0,35.0,abs(delta_z) / z_nominal_speed_mm_s + z_accel_allowance_s,0.442,z_motion,Concept-level timing assumption.
baseline,TASK-7B1-029,TUBE-7B1-029,9,xy_move_at_safe_z,xy_axes,368.951,0.0,distance / xy_nominal_speed_mm_s + xy_accel_allowance_s,1.254,xy_motion,Concept-level timing assumption.
baseline,TASK-7B1-029,TUBE-7B1-029,10,z_descend,z_axis,55.0,55.0,abs(delta_z) / z_nominal_speed_mm_s + z_accel_allowance_s,0.608,z_motion,Concept-level timing assumption.
baseline,TASK-7B1-029,TUBE-7B1-029,11,gripper_action,gripper,0.0,0.0,grip_open_time_s,0.5,gripper_action,Concept-level timing assumption.
baseline,TASK-7B1-029,TUBE-7B1-029,12,z_lift,z_axis,55.0,55.0,abs(delta_z) / z_nominal_speed_mm_s + z_accel_allowance_s,0.608,z_motion,Concept-level timing assumption.
baseline,TASK-7B1-030,TUBE-7B1-030,1,xy_move_at_safe_z,xy_axes,126.491,0.0,distance / xy_nominal_speed_mm_s + xy_accel_allowance_s,0.561,xy_motion,Concept-level timing assumption.
baseline,TASK-7B1-030,TUBE-7B1-030,2,z_descend,z_axis,45.0,45.0,abs(delta_z) / z_nominal_speed_mm_s + z_accel_allowance_s,0.525,z_motion,Concept-level timing assumption.
baseline,TASK-7B1-030,TUBE-7B1-030,3,gripper_action,gripper,0.0,0.0,grip_close_time_s,0.6,gripper_action,Concept-level timing assumption.
baseline,TASK-7B1-030,TUBE-7B1-030,4,z_lift,z_axis,45.0,45.0,abs(delta_z) / z_nominal_speed_mm_s + z_accel_allowance_s,0.525,z_motion,Concept-level timing assumption.
baseline,TASK-7B1-030,TUBE-7B1-030,5,xy_move_at_safe_z,xy_axes,145.602,0.0,distance / xy_nominal_speed_mm_s + xy_accel_allowance_s,0.616,xy_motion,Concept-level timing assumption.
baseline,TASK-7B1-030,TUBE-7B1-030,6,z_descend,z_axis,35.0,35.0,abs(delta_z) / z_nominal_speed_mm_s + z_accel_allowance_s,0.442,z_motion,Concept-level timing assumption.
baseline,TASK-7B1-030,TUBE-7B1-030,7,scan_wait,dwell,0.0,0.0,scan_wait_time_s,1.0,scan_wait,Concept-level timing assumption.
baseline,TASK-7B1-030,TUBE-7B1-030,8,z_lift,z_axis,35.0,35.0,abs(delta_z) / z_nominal_speed_mm_s + z_accel_allowance_s,0.442,z_motion,Concept-level timing assumption.
baseline,TASK-7B1-030,TUBE-7B1-030,9,xy_move_at_safe_z,xy_axes,180.624,0.0,distance / xy_nominal_speed_mm_s + xy_accel_allowance_s,0.716,xy_motion,Concept-level timing assumption.
baseline,TASK-7B1-030,TUBE-7B1-030,10,z_descend,z_axis,55.0,55.0,abs(delta_z) / z_nominal_speed_mm_s + z_accel_allowance_s,0.608,z_motion,Concept-level timing assumption.
baseline,TASK-7B1-030,TUBE-7B1-030,11,gripper_action,gripper,0.0,0.0,grip_open_time_s,0.5,gripper_action,Concept-level timing assumption.
baseline,TASK-7B1-030,TUBE-7B1-030,12,z_lift,z_axis,55.0,55.0,abs(delta_z) / z_nominal_speed_mm_s + z_accel_allowance_s,0.608,z_motion,Concept-level timing assumption.
baseline,TASK-7B1-031,TUBE-7B1-031,1,xy_move_at_safe_z,xy_axes,136.473,0.0,distance / xy_nominal_speed_mm_s + xy_accel_allowance_s,0.59,xy_motion,Concept-level timing assumption.
baseline,TASK-7B1-031,TUBE-7B1-031,2,z_descend,z_axis,45.0,45.0,abs(delta_z) / z_nominal_speed_mm_s + z_accel_allowance_s,0.525,z_motion,Concept-level timing assumption.
baseline,TASK-7B1-031,TUBE-7B1-031,3,gripper_action,gripper,0.0,0.0,grip_close_time_s,0.6,gripper_action,Concept-level timing assumption.
baseline,TASK-7B1-031,TUBE-7B1-031,4,z_lift,z_axis,45.0,45.0,abs(delta_z) / z_nominal_speed_mm_s + z_accel_allowance_s,0.525,z_motion,Concept-level timing assumption.
baseline,TASK-7B1-031,TUBE-7B1-031,5,xy_move_at_safe_z,xy_axes,154.353,0.0,distance / xy_nominal_speed_mm_s + xy_accel_allowance_s,0.641,xy_motion,Concept-level timing assumption.
baseline,TASK-7B1-031,TUBE-7B1-031,6,z_descend,z_axis,35.0,35.0,abs(delta_z) / z_nominal_speed_mm_s + z_accel_allowance_s,0.442,z_motion,Concept-level timing assumption.
baseline,TASK-7B1-031,TUBE-7B1-031,7,scan_wait,dwell,0.0,0.0,scan_wait_time_s,1.0,scan_wait,Concept-level timing assumption.
baseline,TASK-7B1-031,TUBE-7B1-031,8,z_lift,z_axis,35.0,35.0,abs(delta_z) / z_nominal_speed_mm_s + z_accel_allowance_s,0.442,z_motion,Concept-level timing assumption.
baseline,TASK-7B1-031,TUBE-7B1-031,9,xy_move_at_safe_z,xy_axes,330.341,0.0,distance / xy_nominal_speed_mm_s + xy_accel_allowance_s,1.144,xy_motion,Concept-level timing assumption.
baseline,TASK-7B1-031,TUBE-7B1-031,10,z_descend,z_axis,55.0,55.0,abs(delta_z) / z_nominal_speed_mm_s + z_accel_allowance_s,0.608,z_motion,Concept-level timing assumption.
baseline,TASK-7B1-031,TUBE-7B1-031,11,gripper_action,gripper,0.0,0.0,grip_open_time_s,0.5,gripper_action,Concept-level timing assumption.
baseline,TASK-7B1-031,TUBE-7B1-031,12,z_lift,z_axis,55.0,55.0,abs(delta_z) / z_nominal_speed_mm_s + z_accel_allowance_s,0.608,z_motion,Concept-level timing assumption.
baseline,TASK-7B1-032,TUBE-7B1-032,1,xy_move_at_safe_z,xy_axes,112.361,0.0,distance / xy_nominal_speed_mm_s + xy_accel_allowance_s,0.521,xy_motion,Concept-level timing assumption.
baseline,TASK-7B1-032,TUBE-7B1-032,2,z_descend,z_axis,45.0,45.0,abs(delta_z) / z_nominal_speed_mm_s + z_accel_allowance_s,0.525,z_motion,Concept-level timing assumption.
baseline,TASK-7B1-032,TUBE-7B1-032,3,gripper_action,gripper,0.0,0.0,grip_close_time_s,0.6,gripper_action,Concept-level timing assumption.
baseline,TASK-7B1-032,TUBE-7B1-032,4,z_lift,z_axis,45.0,45.0,abs(delta_z) / z_nominal_speed_mm_s + z_accel_allowance_s,0.525,z_motion,Concept-level timing assumption.
baseline,TASK-7B1-032,TUBE-7B1-032,5,xy_move_at_safe_z,xy_axes,129.711,0.0,distance / xy_nominal_speed_mm_s + xy_accel_allowance_s,0.571,xy_motion,Concept-level timing assumption.
baseline,TASK-7B1-032,TUBE-7B1-032,6,z_descend,z_axis,35.0,35.0,abs(delta_z) / z_nominal_speed_mm_s + z_accel_allowance_s,0.442,z_motion,Concept-level timing assumption.
baseline,TASK-7B1-032,TUBE-7B1-032,7,scan_wait,dwell,0.0,0.0,scan_wait_time_s,1.0,scan_wait,Concept-level timing assumption.
baseline,TASK-7B1-032,TUBE-7B1-032,8,z_lift,z_axis,35.0,35.0,abs(delta_z) / z_nominal_speed_mm_s + z_accel_allowance_s,0.442,z_motion,Concept-level timing assumption.
baseline,TASK-7B1-032,TUBE-7B1-032,9,xy_move_at_safe_z,xy_axes,263.154,0.0,distance / xy_nominal_speed_mm_s + xy_accel_allowance_s,0.952,xy_motion,Concept-level timing assumption.
baseline,TASK-7B1-032,TUBE-7B1-032,10,z_descend,z_axis,55.0,55.0,abs(delta_z) / z_nominal_speed_mm_s + z_accel_allowance_s,0.608,z_motion,Concept-level timing assumption.
baseline,TASK-7B1-032,TUBE-7B1-032,11,gripper_action,gripper,0.0,0.0,grip_open_time_s,0.5,gripper_action,Concept-level timing assumption.
baseline,TASK-7B1-032,TUBE-7B1-032,12,z_lift,z_axis,55.0,55.0,abs(delta_z) / z_nominal_speed_mm_s + z_accel_allowance_s,0.608,z_motion,Concept-level timing assumption.
baseline,TASK-7B1-033,TUBE-7B1-033,1,xy_move_at_safe_z,xy_axes,95.525,0.0,distance / xy_nominal_speed_mm_s + xy_accel_allowance_s,0.473,xy_motion,Concept-level timing assumption.
baseline,TASK-7B1-033,TUBE-7B1-033,2,z_descend,z_axis,45.0,45.0,abs(delta_z) / z_nominal_speed_mm_s + z_accel_allowance_s,0.525,z_motion,Concept-level timing assumption.
baseline,TASK-7B1-033,TUBE-7B1-033,3,gripper_action,gripper,0.0,0.0,grip_close_time_s,0.6,gripper_action,Concept-level timing assumption.
baseline,TASK-7B1-033,TUBE-7B1-033,4,z_lift,z_axis,45.0,45.0,abs(delta_z) / z_nominal_speed_mm_s + z_accel_allowance_s,0.525,z_motion,Concept-level timing assumption.
baseline,TASK-7B1-033,TUBE-7B1-033,5,xy_move_at_safe_z,xy_axes,115.434,0.0,distance / xy_nominal_speed_mm_s + xy_accel_allowance_s,0.53,xy_motion,Concept-level timing assumption.
baseline,TASK-7B1-033,TUBE-7B1-033,6,z_descend,z_axis,35.0,35.0,abs(delta_z) / z_nominal_speed_mm_s + z_accel_allowance_s,0.442,z_motion,Concept-level timing assumption.
baseline,TASK-7B1-033,TUBE-7B1-033,7,scan_wait,dwell,0.0,0.0,scan_wait_time_s,1.0,scan_wait,Concept-level timing assumption.
baseline,TASK-7B1-033,TUBE-7B1-033,8,z_lift,z_axis,35.0,35.0,abs(delta_z) / z_nominal_speed_mm_s + z_accel_allowance_s,0.442,z_motion,Concept-level timing assumption.
baseline,TASK-7B1-033,TUBE-7B1-033,9,xy_move_at_safe_z,xy_axes,391.472,0.0,distance / xy_nominal_speed_mm_s + xy_accel_allowance_s,1.318,xy_motion,Concept-level timing assumption.
baseline,TASK-7B1-033,TUBE-7B1-033,10,z_descend,z_axis,55.0,55.0,abs(delta_z) / z_nominal_speed_mm_s + z_accel_allowance_s,0.608,z_motion,Concept-level timing assumption.
baseline,TASK-7B1-033,TUBE-7B1-033,11,gripper_action,gripper,0.0,0.0,grip_open_time_s,0.5,gripper_action,Concept-level timing assumption.
baseline,TASK-7B1-033,TUBE-7B1-033,12,z_lift,z_axis,55.0,55.0,abs(delta_z) / z_nominal_speed_mm_s + z_accel_allowance_s,0.608,z_motion,Concept-level timing assumption.
baseline,TASK-7B1-034,TUBE-7B1-034,1,xy_move_at_safe_z,xy_axes,96.177,0.0,distance / xy_nominal_speed_mm_s + xy_accel_allowance_s,0.475,xy_motion,Concept-level timing assumption.
baseline,TASK-7B1-034,TUBE-7B1-034,2,z_descend,z_axis,45.0,45.0,abs(delta_z) / z_nominal_speed_mm_s + z_accel_allowance_s,0.525,z_motion,Concept-level timing assumption.
baseline,TASK-7B1-034,TUBE-7B1-034,3,gripper_action,gripper,0.0,0.0,grip_close_time_s,0.6,gripper_action,Concept-level timing assumption.
baseline,TASK-7B1-034,TUBE-7B1-034,4,z_lift,z_axis,45.0,45.0,abs(delta_z) / z_nominal_speed_mm_s + z_accel_allowance_s,0.525,z_motion,Concept-level timing assumption.
baseline,TASK-7B1-034,TUBE-7B1-034,5,xy_move_at_safe_z,xy_axes,115.974,0.0,distance / xy_nominal_speed_mm_s + xy_accel_allowance_s,0.531,xy_motion,Concept-level timing assumption.
baseline,TASK-7B1-034,TUBE-7B1-034,6,z_descend,z_axis,35.0,35.0,abs(delta_z) / z_nominal_speed_mm_s + z_accel_allowance_s,0.442,z_motion,Concept-level timing assumption.
baseline,TASK-7B1-034,TUBE-7B1-034,7,scan_wait,dwell,0.0,0.0,scan_wait_time_s,1.0,scan_wait,Concept-level timing assumption.
baseline,TASK-7B1-034,TUBE-7B1-034,8,z_lift,z_axis,35.0,35.0,abs(delta_z) / z_nominal_speed_mm_s + z_accel_allowance_s,0.442,z_motion,Concept-level timing assumption.
baseline,TASK-7B1-034,TUBE-7B1-034,9,xy_move_at_safe_z,xy_axes,205.548,0.0,distance / xy_nominal_speed_mm_s + xy_accel_allowance_s,0.787,xy_motion,Concept-level timing assumption.
baseline,TASK-7B1-034,TUBE-7B1-034,10,z_descend,z_axis,55.0,55.0,abs(delta_z) / z_nominal_speed_mm_s + z_accel_allowance_s,0.608,z_motion,Concept-level timing assumption.
baseline,TASK-7B1-034,TUBE-7B1-034,11,gripper_action,gripper,0.0,0.0,grip_open_time_s,0.5,gripper_action,Concept-level timing assumption.
baseline,TASK-7B1-034,TUBE-7B1-034,12,z_lift,z_axis,55.0,55.0,abs(delta_z) / z_nominal_speed_mm_s + z_accel_allowance_s,0.608,z_motion,Concept-level timing assumption.
baseline,TASK-7B1-035,TUBE-7B1-035,1,xy_move_at_safe_z,xy_axes,240.208,0.0,distance / xy_nominal_speed_mm_s + xy_accel_allowance_s,0.886,xy_motion,Concept-level timing assumption.
baseline,TASK-7B1-035,TUBE-7B1-035,2,z_descend,z_axis,45.0,45.0,abs(delta_z) / z_nominal_speed_mm_s + z_accel_allowance_s,0.525,z_motion,Concept-level timing assumption.
baseline,TASK-7B1-035,TUBE-7B1-035,3,gripper_action,gripper,0.0,0.0,grip_close_time_s,0.6,gripper_action,Concept-level timing assumption.
baseline,TASK-7B1-035,TUBE-7B1-035,4,z_lift,z_axis,45.0,45.0,abs(delta_z) / z_nominal_speed_mm_s + z_accel_allowance_s,0.525,z_motion,Concept-level timing assumption.
baseline,TASK-7B1-035,TUBE-7B1-035,5,xy_move_at_safe_z,xy_axes,241.868,0.0,distance / xy_nominal_speed_mm_s + xy_accel_allowance_s,0.891,xy_motion,Concept-level timing assumption.
baseline,TASK-7B1-035,TUBE-7B1-035,6,z_descend,z_axis,35.0,35.0,abs(delta_z) / z_nominal_speed_mm_s + z_accel_allowance_s,0.442,z_motion,Concept-level timing assumption.
baseline,TASK-7B1-035,TUBE-7B1-035,7,scan_wait,dwell,0.0,0.0,scan_wait_time_s,1.0,scan_wait,Concept-level timing assumption.
baseline,TASK-7B1-035,TUBE-7B1-035,8,z_lift,z_axis,35.0,35.0,abs(delta_z) / z_nominal_speed_mm_s + z_accel_allowance_s,0.442,z_motion,Concept-level timing assumption.
baseline,TASK-7B1-035,TUBE-7B1-035,9,xy_move_at_safe_z,xy_axes,355.317,0.0,distance / xy_nominal_speed_mm_s + xy_accel_allowance_s,1.215,xy_motion,Concept-level timing assumption.
baseline,TASK-7B1-035,TUBE-7B1-035,10,z_descend,z_axis,55.0,55.0,abs(delta_z) / z_nominal_speed_mm_s + z_accel_allowance_s,0.608,z_motion,Concept-level timing assumption.
baseline,TASK-7B1-035,TUBE-7B1-035,11,gripper_action,gripper,0.0,0.0,grip_open_time_s,0.5,gripper_action,Concept-level timing assumption.
baseline,TASK-7B1-035,TUBE-7B1-035,12,z_lift,z_axis,55.0,55.0,abs(delta_z) / z_nominal_speed_mm_s + z_accel_allowance_s,0.608,z_motion,Concept-level timing assumption.
baseline,TASK-7B1-036,TUBE-7B1-036,1,xy_move_at_safe_z,xy_axes,215.232,0.0,distance / xy_nominal_speed_mm_s + xy_accel_allowance_s,0.815,xy_motion,Concept-level timing assumption.
baseline,TASK-7B1-036,TUBE-7B1-036,2,z_descend,z_axis,45.0,45.0,abs(delta_z) / z_nominal_speed_mm_s + z_accel_allowance_s,0.525,z_motion,Concept-level timing assumption.
baseline,TASK-7B1-036,TUBE-7B1-036,3,gripper_action,gripper,0.0,0.0,grip_close_time_s,0.6,gripper_action,Concept-level timing assumption.
baseline,TASK-7B1-036,TUBE-7B1-036,4,z_lift,z_axis,45.0,45.0,abs(delta_z) / z_nominal_speed_mm_s + z_accel_allowance_s,0.525,z_motion,Concept-level timing assumption.
baseline,TASK-7B1-036,TUBE-7B1-036,5,xy_move_at_safe_z,xy_axes,217.083,0.0,distance / xy_nominal_speed_mm_s + xy_accel_allowance_s,0.82,xy_motion,Concept-level timing assumption.
baseline,TASK-7B1-036,TUBE-7B1-036,6,z_descend,z_axis,35.0,35.0,abs(delta_z) / z_nominal_speed_mm_s + z_accel_allowance_s,0.442,z_motion,Concept-level timing assumption.
baseline,TASK-7B1-036,TUBE-7B1-036,7,scan_wait,dwell,0.0,0.0,scan_wait_time_s,1.0,scan_wait,Concept-level timing assumption.
baseline,TASK-7B1-036,TUBE-7B1-036,8,z_lift,z_axis,35.0,35.0,abs(delta_z) / z_nominal_speed_mm_s + z_accel_allowance_s,0.442,z_motion,Concept-level timing assumption.
baseline,TASK-7B1-036,TUBE-7B1-036,9,xy_move_at_safe_z,xy_axes,283.064,0.0,distance / xy_nominal_speed_mm_s + xy_accel_allowance_s,1.009,xy_motion,Concept-level timing assumption.
baseline,TASK-7B1-036,TUBE-7B1-036,10,z_descend,z_axis,55.0,55.0,abs(delta_z) / z_nominal_speed_mm_s + z_accel_allowance_s,0.608,z_motion,Concept-level timing assumption.
baseline,TASK-7B1-036,TUBE-7B1-036,11,gripper_action,gripper,0.0,0.0,grip_open_time_s,0.5,gripper_action,Concept-level timing assumption.
baseline,TASK-7B1-036,TUBE-7B1-036,12,z_lift,z_axis,55.0,55.0,abs(delta_z) / z_nominal_speed_mm_s + z_accel_allowance_s,0.608,z_motion,Concept-level timing assumption.
baseline,TASK-7B1-037,TUBE-7B1-037,1,xy_move_at_safe_z,xy_axes,190.263,0.0,distance / xy_nominal_speed_mm_s + xy_accel_allowance_s,0.744,xy_motion,Concept-level timing assumption.
baseline,TASK-7B1-037,TUBE-7B1-037,2,z_descend,z_axis,45.0,45.0,abs(delta_z) / z_nominal_speed_mm_s + z_accel_allowance_s,0.525,z_motion,Concept-level timing assumption.
baseline,TASK-7B1-037,TUBE-7B1-037,3,gripper_action,gripper,0.0,0.0,grip_close_time_s,0.6,gripper_action,Concept-level timing assumption.
baseline,TASK-7B1-037,TUBE-7B1-037,4,z_lift,z_axis,45.0,45.0,abs(delta_z) / z_nominal_speed_mm_s + z_accel_allowance_s,0.525,z_motion,Concept-level timing assumption.
baseline,TASK-7B1-037,TUBE-7B1-037,5,xy_move_at_safe_z,xy_axes,192.354,0.0,distance / xy_nominal_speed_mm_s + xy_accel_allowance_s,0.75,xy_motion,Concept-level timing assumption.
baseline,TASK-7B1-037,TUBE-7B1-037,6,z_descend,z_axis,35.0,35.0,abs(delta_z) / z_nominal_speed_mm_s + z_accel_allowance_s,0.442,z_motion,Concept-level timing assumption.
baseline,TASK-7B1-037,TUBE-7B1-037,7,scan_wait,dwell,0.0,0.0,scan_wait_time_s,1.0,scan_wait,Concept-level timing assumption.
baseline,TASK-7B1-037,TUBE-7B1-037,8,z_lift,z_axis,35.0,35.0,abs(delta_z) / z_nominal_speed_mm_s + z_accel_allowance_s,0.442,z_motion,Concept-level timing assumption.
baseline,TASK-7B1-037,TUBE-7B1-037,9,xy_move_at_safe_z,xy_axes,414.276,0.0,distance / xy_nominal_speed_mm_s + xy_accel_allowance_s,1.384,xy_motion,Concept-level timing assumption.
baseline,TASK-7B1-037,TUBE-7B1-037,10,z_descend,z_axis,55.0,55.0,abs(delta_z) / z_nominal_speed_mm_s + z_accel_allowance_s,0.608,z_motion,Concept-level timing assumption.
baseline,TASK-7B1-037,TUBE-7B1-037,11,gripper_action,gripper,0.0,0.0,grip_open_time_s,0.5,gripper_action,Concept-level timing assumption.
baseline,TASK-7B1-037,TUBE-7B1-037,12,z_lift,z_axis,55.0,55.0,abs(delta_z) / z_nominal_speed_mm_s + z_accel_allowance_s,0.608,z_motion,Concept-level timing assumption.
baseline,TASK-7B1-038,TUBE-7B1-038,1,xy_move_at_safe_z,xy_axes,140.357,0.0,distance / xy_nominal_speed_mm_s + xy_accel_allowance_s,0.601,xy_motion,Concept-level timing assumption.
baseline,TASK-7B1-038,TUBE-7B1-038,2,z_descend,z_axis,45.0,45.0,abs(delta_z) / z_nominal_speed_mm_s + z_accel_allowance_s,0.525,z_motion,Concept-level timing assumption.
baseline,TASK-7B1-038,TUBE-7B1-038,3,gripper_action,gripper,0.0,0.0,grip_close_time_s,0.6,gripper_action,Concept-level timing assumption.
baseline,TASK-7B1-038,TUBE-7B1-038,4,z_lift,z_axis,45.0,45.0,abs(delta_z) / z_nominal_speed_mm_s + z_accel_allowance_s,0.525,z_motion,Concept-level timing assumption.
baseline,TASK-7B1-038,TUBE-7B1-038,5,xy_move_at_safe_z,xy_axes,143.178,0.0,distance / xy_nominal_speed_mm_s + xy_accel_allowance_s,0.609,xy_motion,Concept-level timing assumption.
baseline,TASK-7B1-038,TUBE-7B1-038,6,z_descend,z_axis,35.0,35.0,abs(delta_z) / z_nominal_speed_mm_s + z_accel_allowance_s,0.442,z_motion,Concept-level timing assumption.
baseline,TASK-7B1-038,TUBE-7B1-038,7,scan_wait,dwell,0.0,0.0,scan_wait_time_s,1.0,scan_wait,Concept-level timing assumption.
baseline,TASK-7B1-038,TUBE-7B1-038,8,z_lift,z_axis,35.0,35.0,abs(delta_z) / z_nominal_speed_mm_s + z_accel_allowance_s,0.442,z_motion,Concept-level timing assumption.
baseline,TASK-7B1-038,TUBE-7B1-038,9,xy_move_at_safe_z,xy_axes,230.489,0.0,distance / xy_nominal_speed_mm_s + xy_accel_allowance_s,0.859,xy_motion,Concept-level timing assumption.
baseline,TASK-7B1-038,TUBE-7B1-038,10,z_descend,z_axis,55.0,55.0,abs(delta_z) / z_nominal_speed_mm_s + z_accel_allowance_s,0.608,z_motion,Concept-level timing assumption.
baseline,TASK-7B1-038,TUBE-7B1-038,11,gripper_action,gripper,0.0,0.0,grip_open_time_s,0.5,gripper_action,Concept-level timing assumption.
baseline,TASK-7B1-038,TUBE-7B1-038,12,z_lift,z_axis,55.0,55.0,abs(delta_z) / z_nominal_speed_mm_s + z_accel_allowance_s,0.608,z_motion,Concept-level timing assumption.
baseline,TASK-7B1-039,TUBE-7B1-039,1,xy_move_at_safe_z,xy_axes,115.434,0.0,distance / xy_nominal_speed_mm_s + xy_accel_allowance_s,0.53,xy_motion,Concept-level timing assumption.
baseline,TASK-7B1-039,TUBE-7B1-039,2,z_descend,z_axis,45.0,45.0,abs(delta_z) / z_nominal_speed_mm_s + z_accel_allowance_s,0.525,z_motion,Concept-level timing assumption.
baseline,TASK-7B1-039,TUBE-7B1-039,3,gripper_action,gripper,0.0,0.0,grip_close_time_s,0.6,gripper_action,Concept-level timing assumption.
baseline,TASK-7B1-039,TUBE-7B1-039,4,z_lift,z_axis,45.0,45.0,abs(delta_z) / z_nominal_speed_mm_s + z_accel_allowance_s,0.525,z_motion,Concept-level timing assumption.
baseline,TASK-7B1-039,TUBE-7B1-039,5,xy_move_at_safe_z,xy_axes,118.849,0.0,distance / xy_nominal_speed_mm_s + xy_accel_allowance_s,0.54,xy_motion,Concept-level timing assumption.
baseline,TASK-7B1-039,TUBE-7B1-039,6,z_descend,z_axis,35.0,35.0,abs(delta_z) / z_nominal_speed_mm_s + z_accel_allowance_s,0.442,z_motion,Concept-level timing assumption.
baseline,TASK-7B1-039,TUBE-7B1-039,7,scan_wait,dwell,0.0,0.0,scan_wait_time_s,1.0,scan_wait,Concept-level timing assumption.
baseline,TASK-7B1-039,TUBE-7B1-039,8,z_lift,z_axis,35.0,35.0,abs(delta_z) / z_nominal_speed_mm_s + z_accel_allowance_s,0.442,z_motion,Concept-level timing assumption.
baseline,TASK-7B1-039,TUBE-7B1-039,9,xy_move_at_safe_z,xy_axes,380.296,0.0,distance / xy_nominal_speed_mm_s + xy_accel_allowance_s,1.287,xy_motion,Concept-level timing assumption.
baseline,TASK-7B1-039,TUBE-7B1-039,10,z_descend,z_axis,55.0,55.0,abs(delta_z) / z_nominal_speed_mm_s + z_accel_allowance_s,0.608,z_motion,Concept-level timing assumption.
baseline,TASK-7B1-039,TUBE-7B1-039,11,gripper_action,gripper,0.0,0.0,grip_open_time_s,0.5,gripper_action,Concept-level timing assumption.
baseline,TASK-7B1-039,TUBE-7B1-039,12,z_lift,z_axis,55.0,55.0,abs(delta_z) / z_nominal_speed_mm_s + z_accel_allowance_s,0.608,z_motion,Concept-level timing assumption.
baseline,TASK-7B1-040,TUBE-7B1-040,1,xy_move_at_safe_z,xy_axes,240.468,0.0,distance / xy_nominal_speed_mm_s + xy_accel_allowance_s,0.887,xy_motion,Concept-level timing assumption.
baseline,TASK-7B1-040,TUBE-7B1-040,2,z_descend,z_axis,45.0,45.0,abs(delta_z) / z_nominal_speed_mm_s + z_accel_allowance_s,0.525,z_motion,Concept-level timing assumption.
baseline,TASK-7B1-040,TUBE-7B1-040,3,gripper_action,gripper,0.0,0.0,grip_close_time_s,0.6,gripper_action,Concept-level timing assumption.
baseline,TASK-7B1-040,TUBE-7B1-040,4,z_lift,z_axis,45.0,45.0,abs(delta_z) / z_nominal_speed_mm_s + z_accel_allowance_s,0.525,z_motion,Concept-level timing assumption.
baseline,TASK-7B1-040,TUBE-7B1-040,5,xy_move_at_safe_z,xy_axes,240.052,0.0,distance / xy_nominal_speed_mm_s + xy_accel_allowance_s,0.886,xy_motion,Concept-level timing assumption.
baseline,TASK-7B1-040,TUBE-7B1-040,6,z_descend,z_axis,35.0,35.0,abs(delta_z) / z_nominal_speed_mm_s + z_accel_allowance_s,0.442,z_motion,Concept-level timing assumption.
baseline,TASK-7B1-040,TUBE-7B1-040,7,scan_wait,dwell,0.0,0.0,scan_wait_time_s,1.0,scan_wait,Concept-level timing assumption.
baseline,TASK-7B1-040,TUBE-7B1-040,8,z_lift,z_axis,35.0,35.0,abs(delta_z) / z_nominal_speed_mm_s + z_accel_allowance_s,0.442,z_motion,Concept-level timing assumption.
baseline,TASK-7B1-040,TUBE-7B1-040,9,xy_move_at_safe_z,xy_axes,303.727,0.0,distance / xy_nominal_speed_mm_s + xy_accel_allowance_s,1.068,xy_motion,Concept-level timing assumption.
baseline,TASK-7B1-040,TUBE-7B1-040,10,z_descend,z_axis,55.0,55.0,abs(delta_z) / z_nominal_speed_mm_s + z_accel_allowance_s,0.608,z_motion,Concept-level timing assumption.
baseline,TASK-7B1-040,TUBE-7B1-040,11,gripper_action,gripper,0.0,0.0,grip_open_time_s,0.5,gripper_action,Concept-level timing assumption.
baseline,TASK-7B1-040,TUBE-7B1-040,12,z_lift,z_axis,55.0,55.0,abs(delta_z) / z_nominal_speed_mm_s + z_accel_allowance_s,0.608,z_motion,Concept-level timing assumption.
baseline,TASK-7B1-041,TUBE-7B1-041,1,xy_move_at_safe_z,xy_axes,190.591,0.0,distance / xy_nominal_speed_mm_s + xy_accel_allowance_s,0.745,xy_motion,Concept-level timing assumption.
baseline,TASK-7B1-041,TUBE-7B1-041,2,z_descend,z_axis,45.0,45.0,abs(delta_z) / z_nominal_speed_mm_s + z_accel_allowance_s,0.525,z_motion,Concept-level timing assumption.
baseline,TASK-7B1-041,TUBE-7B1-041,3,gripper_action,gripper,0.0,0.0,grip_close_time_s,0.6,gripper_action,Concept-level timing assumption.
baseline,TASK-7B1-041,TUBE-7B1-041,4,z_lift,z_axis,45.0,45.0,abs(delta_z) / z_nominal_speed_mm_s + z_accel_allowance_s,0.525,z_motion,Concept-level timing assumption.
baseline,TASK-7B1-041,TUBE-7B1-041,5,xy_move_at_safe_z,xy_axes,190.066,0.0,distance / xy_nominal_speed_mm_s + xy_accel_allowance_s,0.743,xy_motion,Concept-level timing assumption.
baseline,TASK-7B1-041,TUBE-7B1-041,6,z_descend,z_axis,35.0,35.0,abs(delta_z) / z_nominal_speed_mm_s + z_accel_allowance_s,0.442,z_motion,Concept-level timing assumption.
baseline,TASK-7B1-041,TUBE-7B1-041,7,scan_wait,dwell,0.0,0.0,scan_wait_time_s,1.0,scan_wait,Concept-level timing assumption.
baseline,TASK-7B1-041,TUBE-7B1-041,8,z_lift,z_axis,35.0,35.0,abs(delta_z) / z_nominal_speed_mm_s + z_accel_allowance_s,0.442,z_motion,Concept-level timing assumption.
baseline,TASK-7B1-041,TUBE-7B1-041,9,xy_move_at_safe_z,xy_axes,437.321,0.0,distance / xy_nominal_speed_mm_s + xy_accel_allowance_s,1.449,xy_motion,Concept-level timing assumption.
baseline,TASK-7B1-041,TUBE-7B1-041,10,z_descend,z_axis,55.0,55.0,abs(delta_z) / z_nominal_speed_mm_s + z_accel_allowance_s,0.608,z_motion,Concept-level timing assumption.
baseline,TASK-7B1-041,TUBE-7B1-041,11,gripper_action,gripper,0.0,0.0,grip_open_time_s,0.5,gripper_action,Concept-level timing assumption.
baseline,TASK-7B1-041,TUBE-7B1-041,12,z_lift,z_axis,55.0,55.0,abs(delta_z) / z_nominal_speed_mm_s + z_accel_allowance_s,0.608,z_motion,Concept-level timing assumption.
baseline,TASK-7B1-042,TUBE-7B1-042,1,xy_move_at_safe_z,xy_axes,165.68,0.0,distance / xy_nominal_speed_mm_s + xy_accel_allowance_s,0.673,xy_motion,Concept-level timing assumption.
baseline,TASK-7B1-042,TUBE-7B1-042,2,z_descend,z_axis,45.0,45.0,abs(delta_z) / z_nominal_speed_mm_s + z_accel_allowance_s,0.525,z_motion,Concept-level timing assumption.
baseline,TASK-7B1-042,TUBE-7B1-042,3,gripper_action,gripper,0.0,0.0,grip_close_time_s,0.6,gripper_action,Concept-level timing assumption.
baseline,TASK-7B1-042,TUBE-7B1-042,4,z_lift,z_axis,45.0,45.0,abs(delta_z) / z_nominal_speed_mm_s + z_accel_allowance_s,0.525,z_motion,Concept-level timing assumption.
baseline,TASK-7B1-042,TUBE-7B1-042,5,xy_move_at_safe_z,xy_axes,165.076,0.0,distance / xy_nominal_speed_mm_s + xy_accel_allowance_s,0.672,xy_motion,Concept-level timing assumption.
baseline,TASK-7B1-042,TUBE-7B1-042,6,z_descend,z_axis,35.0,35.0,abs(delta_z) / z_nominal_speed_mm_s + z_accel_allowance_s,0.442,z_motion,Concept-level timing assumption.
baseline,TASK-7B1-042,TUBE-7B1-042,7,scan_wait,dwell,0.0,0.0,scan_wait_time_s,1.0,scan_wait,Concept-level timing assumption.
baseline,TASK-7B1-042,TUBE-7B1-042,8,z_lift,z_axis,35.0,35.0,abs(delta_z) / z_nominal_speed_mm_s + z_accel_allowance_s,0.442,z_motion,Concept-level timing assumption.
baseline,TASK-7B1-042,TUBE-7B1-042,9,xy_move_at_safe_z,xy_axes,255.441,0.0,distance / xy_nominal_speed_mm_s + xy_accel_allowance_s,0.93,xy_motion,Concept-level timing assumption.
baseline,TASK-7B1-042,TUBE-7B1-042,10,z_descend,z_axis,55.0,55.0,abs(delta_z) / z_nominal_speed_mm_s + z_accel_allowance_s,0.608,z_motion,Concept-level timing assumption.
baseline,TASK-7B1-042,TUBE-7B1-042,11,gripper_action,gripper,0.0,0.0,grip_open_time_s,0.5,gripper_action,Concept-level timing assumption.
baseline,TASK-7B1-042,TUBE-7B1-042,12,z_lift,z_axis,55.0,55.0,abs(delta_z) / z_nominal_speed_mm_s + z_accel_allowance_s,0.608,z_motion,Concept-level timing assumption.
baseline,TASK-7B1-043,TUBE-7B1-043,1,xy_move_at_safe_z,xy_axes,140.801,0.0,distance / xy_nominal_speed_mm_s + xy_accel_allowance_s,0.602,xy_motion,Concept-level timing assumption.
baseline,TASK-7B1-043,TUBE-7B1-043,2,z_descend,z_axis,45.0,45.0,abs(delta_z) / z_nominal_speed_mm_s + z_accel_allowance_s,0.525,z_motion,Concept-level timing assumption.
baseline,TASK-7B1-043,TUBE-7B1-043,3,gripper_action,gripper,0.0,0.0,grip_close_time_s,0.6,gripper_action,Concept-level timing assumption.
baseline,TASK-7B1-043,TUBE-7B1-043,4,z_lift,z_axis,45.0,45.0,abs(delta_z) / z_nominal_speed_mm_s + z_accel_allowance_s,0.525,z_motion,Concept-level timing assumption.
baseline,TASK-7B1-043,TUBE-7B1-043,5,xy_move_at_safe_z,xy_axes,140.089,0.0,distance / xy_nominal_speed_mm_s + xy_accel_allowance_s,0.6,xy_motion,Concept-level timing assumption.
baseline,TASK-7B1-043,TUBE-7B1-043,6,z_descend,z_axis,35.0,35.0,abs(delta_z) / z_nominal_speed_mm_s + z_accel_allowance_s,0.442,z_motion,Concept-level timing assumption.
baseline,TASK-7B1-043,TUBE-7B1-043,7,scan_wait,dwell,0.0,0.0,scan_wait_time_s,1.0,scan_wait,Concept-level timing assumption.
baseline,TASK-7B1-043,TUBE-7B1-043,8,z_lift,z_axis,35.0,35.0,abs(delta_z) / z_nominal_speed_mm_s + z_accel_allowance_s,0.442,z_motion,Concept-level timing assumption.
baseline,TASK-7B1-043,TUBE-7B1-043,9,xy_move_at_safe_z,xy_axes,405.278,0.0,distance / xy_nominal_speed_mm_s + xy_accel_allowance_s,1.358,xy_motion,Concept-level timing assumption.
baseline,TASK-7B1-043,TUBE-7B1-043,10,z_descend,z_axis,55.0,55.0,abs(delta_z) / z_nominal_speed_mm_s + z_accel_allowance_s,0.608,z_motion,Concept-level timing assumption.
baseline,TASK-7B1-043,TUBE-7B1-043,11,gripper_action,gripper,0.0,0.0,grip_open_time_s,0.5,gripper_action,Concept-level timing assumption.
baseline,TASK-7B1-043,TUBE-7B1-043,12,z_lift,z_axis,55.0,55.0,abs(delta_z) / z_nominal_speed_mm_s + z_accel_allowance_s,0.608,z_motion,Concept-level timing assumption.
baseline,TASK-7B1-044,TUBE-7B1-044,1,xy_move_at_safe_z,xy_axes,243.311,0.0,distance / xy_nominal_speed_mm_s + xy_accel_allowance_s,0.895,xy_motion,Concept-level timing assumption.
baseline,TASK-7B1-044,TUBE-7B1-044,2,z_descend,z_axis,45.0,45.0,abs(delta_z) / z_nominal_speed_mm_s + z_accel_allowance_s,0.525,z_motion,Concept-level timing assumption.
baseline,TASK-7B1-044,TUBE-7B1-044,3,gripper_action,gripper,0.0,0.0,grip_close_time_s,0.6,gripper_action,Concept-level timing assumption.
baseline,TASK-7B1-044,TUBE-7B1-044,4,z_lift,z_axis,45.0,45.0,abs(delta_z) / z_nominal_speed_mm_s + z_accel_allowance_s,0.525,z_motion,Concept-level timing assumption.
baseline,TASK-7B1-044,TUBE-7B1-044,5,xy_move_at_safe_z,xy_axes,240.832,0.0,distance / xy_nominal_speed_mm_s + xy_accel_allowance_s,0.888,xy_motion,Concept-level timing assumption.
baseline,TASK-7B1-044,TUBE-7B1-044,6,z_descend,z_axis,35.0,35.0,abs(delta_z) / z_nominal_speed_mm_s + z_accel_allowance_s,0.442,z_motion,Concept-level timing assumption.
baseline,TASK-7B1-044,TUBE-7B1-044,7,scan_wait,dwell,0.0,0.0,scan_wait_time_s,1.0,scan_wait,Concept-level timing assumption.
baseline,TASK-7B1-044,TUBE-7B1-044,8,z_lift,z_axis,35.0,35.0,abs(delta_z) / z_nominal_speed_mm_s + z_accel_allowance_s,0.442,z_motion,Concept-level timing assumption.
baseline,TASK-7B1-044,TUBE-7B1-044,9,xy_move_at_safe_z,xy_axes,504.777,0.0,distance / xy_nominal_speed_mm_s + xy_accel_allowance_s,1.642,xy_motion,Concept-level timing assumption.
baseline,TASK-7B1-044,TUBE-7B1-044,10,z_descend,z_axis,55.0,55.0,abs(delta_z) / z_nominal_speed_mm_s + z_accel_allowance_s,0.608,z_motion,Concept-level timing assumption.
baseline,TASK-7B1-044,TUBE-7B1-044,11,gripper_action,gripper,0.0,0.0,grip_open_time_s,0.5,gripper_action,Concept-level timing assumption.
baseline,TASK-7B1-044,TUBE-7B1-044,12,z_lift,z_axis,55.0,55.0,abs(delta_z) / z_nominal_speed_mm_s + z_accel_allowance_s,0.608,z_motion,Concept-level timing assumption.
baseline,TASK-7B1-045,TUBE-7B1-045,1,xy_move_at_safe_z,xy_axes,218.689,0.0,distance / xy_nominal_speed_mm_s + xy_accel_allowance_s,0.825,xy_motion,Concept-level timing assumption.
baseline,TASK-7B1-045,TUBE-7B1-045,2,z_descend,z_axis,45.0,45.0,abs(delta_z) / z_nominal_speed_mm_s + z_accel_allowance_s,0.525,z_motion,Concept-level timing assumption.
baseline,TASK-7B1-045,TUBE-7B1-045,3,gripper_action,gripper,0.0,0.0,grip_close_time_s,0.6,gripper_action,Concept-level timing assumption.
baseline,TASK-7B1-045,TUBE-7B1-045,4,z_lift,z_axis,45.0,45.0,abs(delta_z) / z_nominal_speed_mm_s + z_accel_allowance_s,0.525,z_motion,Concept-level timing assumption.
baseline,TASK-7B1-045,TUBE-7B1-045,5,xy_move_at_safe_z,xy_axes,215.928,0.0,distance / xy_nominal_speed_mm_s + xy_accel_allowance_s,0.817,xy_motion,Concept-level timing assumption.
baseline,TASK-7B1-045,TUBE-7B1-045,6,z_descend,z_axis,35.0,35.0,abs(delta_z) / z_nominal_speed_mm_s + z_accel_allowance_s,0.442,z_motion,Concept-level timing assumption.
baseline,TASK-7B1-045,TUBE-7B1-045,7,scan_wait,dwell,0.0,0.0,scan_wait_time_s,1.0,scan_wait,Concept-level timing assumption.
baseline,TASK-7B1-045,TUBE-7B1-045,8,z_lift,z_axis,35.0,35.0,abs(delta_z) / z_nominal_speed_mm_s + z_accel_allowance_s,0.442,z_motion,Concept-level timing assumption.
baseline,TASK-7B1-045,TUBE-7B1-045,9,xy_move_at_safe_z,xy_axes,325.0,0.0,distance / xy_nominal_speed_mm_s + xy_accel_allowance_s,1.129,xy_motion,Concept-level timing assumption.
baseline,TASK-7B1-045,TUBE-7B1-045,10,z_descend,z_axis,55.0,55.0,abs(delta_z) / z_nominal_speed_mm_s + z_accel_allowance_s,0.608,z_motion,Concept-level timing assumption.
baseline,TASK-7B1-045,TUBE-7B1-045,11,gripper_action,gripper,0.0,0.0,grip_open_time_s,0.5,gripper_action,Concept-level timing assumption.
baseline,TASK-7B1-045,TUBE-7B1-045,12,z_lift,z_axis,55.0,55.0,abs(delta_z) / z_nominal_speed_mm_s + z_accel_allowance_s,0.608,z_motion,Concept-level timing assumption.
baseline,TASK-7B1-046,TUBE-7B1-046,1,xy_move_at_safe_z,xy_axes,194.165,0.0,distance / xy_nominal_speed_mm_s + xy_accel_allowance_s,0.755,xy_motion,Concept-level timing assumption.
baseline,TASK-7B1-046,TUBE-7B1-046,2,z_descend,z_axis,45.0,45.0,abs(delta_z) / z_nominal_speed_mm_s + z_accel_allowance_s,0.525,z_motion,Concept-level timing assumption.
baseline,TASK-7B1-046,TUBE-7B1-046,3,gripper_action,gripper,0.0,0.0,grip_close_time_s,0.6,gripper_action,Concept-level timing assumption.
baseline,TASK-7B1-046,TUBE-7B1-046,4,z_lift,z_axis,45.0,45.0,abs(delta_z) / z_nominal_speed_mm_s + z_accel_allowance_s,0.525,z_motion,Concept-level timing assumption.
baseline,TASK-7B1-046,TUBE-7B1-046,5,xy_move_at_safe_z,xy_axes,191.05,0.0,distance / xy_nominal_speed_mm_s + xy_accel_allowance_s,0.746,xy_motion,Concept-level timing assumption.
baseline,TASK-7B1-046,TUBE-7B1-046,6,z_descend,z_axis,35.0,35.0,abs(delta_z) / z_nominal_speed_mm_s + z_accel_allowance_s,0.442,z_motion,Concept-level timing assumption.
baseline,TASK-7B1-046,TUBE-7B1-046,7,scan_wait,dwell,0.0,0.0,scan_wait_time_s,1.0,scan_wait,Concept-level timing assumption.
baseline,TASK-7B1-046,TUBE-7B1-046,8,z_lift,z_axis,35.0,35.0,abs(delta_z) / z_nominal_speed_mm_s + z_accel_allowance_s,0.442,z_motion,Concept-level timing assumption.
baseline,TASK-7B1-046,TUBE-7B1-046,9,xy_move_at_safe_z,xy_axes,460.57,0.0,distance / xy_nominal_speed_mm_s + xy_accel_allowance_s,1.516,xy_motion,Concept-level timing assumption.
baseline,TASK-7B1-046,TUBE-7B1-046,10,z_descend,z_axis,55.0,55.0,abs(delta_z) / z_nominal_speed_mm_s + z_accel_allowance_s,0.608,z_motion,Concept-level timing assumption.
baseline,TASK-7B1-046,TUBE-7B1-046,11,gripper_action,gripper,0.0,0.0,grip_open_time_s,0.5,gripper_action,Concept-level timing assumption.
baseline,TASK-7B1-046,TUBE-7B1-046,12,z_lift,z_axis,55.0,55.0,abs(delta_z) / z_nominal_speed_mm_s + z_accel_allowance_s,0.608,z_motion,Concept-level timing assumption.
baseline,TASK-7B1-047,TUBE-7B1-047,1,xy_move_at_safe_z,xy_axes,145.602,0.0,distance / xy_nominal_speed_mm_s + xy_accel_allowance_s,0.616,xy_motion,Concept-level timing assumption.
baseline,TASK-7B1-047,TUBE-7B1-047,2,z_descend,z_axis,45.0,45.0,abs(delta_z) / z_nominal_speed_mm_s + z_accel_allowance_s,0.525,z_motion,Concept-level timing assumption.
baseline,TASK-7B1-047,TUBE-7B1-047,3,gripper_action,gripper,0.0,0.0,grip_close_time_s,0.6,gripper_action,Concept-level timing assumption.
baseline,TASK-7B1-047,TUBE-7B1-047,4,z_lift,z_axis,45.0,45.0,abs(delta_z) / z_nominal_speed_mm_s + z_accel_allowance_s,0.525,z_motion,Concept-level timing assumption.
baseline,TASK-7B1-047,TUBE-7B1-047,5,xy_move_at_safe_z,xy_axes,141.421,0.0,distance / xy_nominal_speed_mm_s + xy_accel_allowance_s,0.604,xy_motion,Concept-level timing assumption.
baseline,TASK-7B1-047,TUBE-7B1-047,6,z_descend,z_axis,35.0,35.0,abs(delta_z) / z_nominal_speed_mm_s + z_accel_allowance_s,0.442,z_motion,Concept-level timing assumption.
baseline,TASK-7B1-047,TUBE-7B1-047,7,scan_wait,dwell,0.0,0.0,scan_wait_time_s,1.0,scan_wait,Concept-level timing assumption.
baseline,TASK-7B1-047,TUBE-7B1-047,8,z_lift,z_axis,35.0,35.0,abs(delta_z) / z_nominal_speed_mm_s + z_accel_allowance_s,0.442,z_motion,Concept-level timing assumption.
baseline,TASK-7B1-047,TUBE-7B1-047,9,xy_move_at_safe_z,xy_axes,280.401,0.0,distance / xy_nominal_speed_mm_s + xy_accel_allowance_s,1.001,xy_motion,Concept-level timing assumption.
baseline,TASK-7B1-047,TUBE-7B1-047,10,z_descend,z_axis,55.0,55.0,abs(delta_z) / z_nominal_speed_mm_s + z_accel_allowance_s,0.608,z_motion,Concept-level timing assumption.
baseline,TASK-7B1-047,TUBE-7B1-047,11,gripper_action,gripper,0.0,0.0,grip_open_time_s,0.5,gripper_action,Concept-level timing assumption.
baseline,TASK-7B1-047,TUBE-7B1-047,12,z_lift,z_axis,55.0,55.0,abs(delta_z) / z_nominal_speed_mm_s + z_accel_allowance_s,0.608,z_motion,Concept-level timing assumption.
baseline,TASK-7B1-048,TUBE-7B1-048,1,xy_move_at_safe_z,xy_axes,121.758,0.0,distance / xy_nominal_speed_mm_s + xy_accel_allowance_s,0.548,xy_motion,Concept-level timing assumption.
baseline,TASK-7B1-048,TUBE-7B1-048,2,z_descend,z_axis,45.0,45.0,abs(delta_z) / z_nominal_speed_mm_s + z_accel_allowance_s,0.525,z_motion,Concept-level timing assumption.
baseline,TASK-7B1-048,TUBE-7B1-048,3,gripper_action,gripper,0.0,0.0,grip_close_time_s,0.6,gripper_action,Concept-level timing assumption.
baseline,TASK-7B1-048,TUBE-7B1-048,4,z_lift,z_axis,45.0,45.0,abs(delta_z) / z_nominal_speed_mm_s + z_accel_allowance_s,0.525,z_motion,Concept-level timing assumption.
baseline,TASK-7B1-048,TUBE-7B1-048,5,xy_move_at_safe_z,xy_axes,116.726,0.0,distance / xy_nominal_speed_mm_s + xy_accel_allowance_s,0.534,xy_motion,Concept-level timing assumption.
baseline,TASK-7B1-048,TUBE-7B1-048,6,z_descend,z_axis,35.0,35.0,abs(delta_z) / z_nominal_speed_mm_s + z_accel_allowance_s,0.442,z_motion,Concept-level timing assumption.
baseline,TASK-7B1-048,TUBE-7B1-048,7,scan_wait,dwell,0.0,0.0,scan_wait_time_s,1.0,scan_wait,Concept-level timing assumption.
baseline,TASK-7B1-048,TUBE-7B1-048,8,z_lift,z_axis,35.0,35.0,abs(delta_z) / z_nominal_speed_mm_s + z_accel_allowance_s,0.442,z_motion,Concept-level timing assumption.
baseline,TASK-7B1-048,TUBE-7B1-048,9,xy_move_at_safe_z,xy_axes,430.262,0.0,distance / xy_nominal_speed_mm_s + xy_accel_allowance_s,1.429,xy_motion,Concept-level timing assumption.
baseline,TASK-7B1-048,TUBE-7B1-048,10,z_descend,z_axis,55.0,55.0,abs(delta_z) / z_nominal_speed_mm_s + z_accel_allowance_s,0.608,z_motion,Concept-level timing assumption.
baseline,TASK-7B1-048,TUBE-7B1-048,11,gripper_action,gripper,0.0,0.0,grip_open_time_s,0.5,gripper_action,Concept-level timing assumption.
baseline,TASK-7B1-048,TUBE-7B1-048,12,z_lift,z_axis,55.0,55.0,abs(delta_z) / z_nominal_speed_mm_s + z_accel_allowance_s,0.608,z_motion,Concept-level timing assumption.
baseline,TASK-7B1-049,TUBE-7B1-049,1,xy_move_at_safe_z,xy_axes,248.646,0.0,distance / xy_nominal_speed_mm_s + xy_accel_allowance_s,0.91,xy_motion,Concept-level timing assumption.
baseline,TASK-7B1-049,TUBE-7B1-049,2,z_descend,z_axis,45.0,45.0,abs(delta_z) / z_nominal_speed_mm_s + z_accel_allowance_s,0.525,z_motion,Concept-level timing assumption.
baseline,TASK-7B1-049,TUBE-7B1-049,3,gripper_action,gripper,0.0,0.0,grip_close_time_s,0.6,gripper_action,Concept-level timing assumption.
baseline,TASK-7B1-049,TUBE-7B1-049,4,z_lift,z_axis,45.0,45.0,abs(delta_z) / z_nominal_speed_mm_s + z_accel_allowance_s,0.525,z_motion,Concept-level timing assumption.
baseline,TASK-7B1-049,TUBE-7B1-049,5,xy_move_at_safe_z,xy_axes,244.182,0.0,distance / xy_nominal_speed_mm_s + xy_accel_allowance_s,0.898,xy_motion,Concept-level timing assumption.
baseline,TASK-7B1-049,TUBE-7B1-049,6,z_descend,z_axis,35.0,35.0,abs(delta_z) / z_nominal_speed_mm_s + z_accel_allowance_s,0.442,z_motion,Concept-level timing assumption.
baseline,TASK-7B1-049,TUBE-7B1-049,7,scan_wait,dwell,0.0,0.0,scan_wait_time_s,1.0,scan_wait,Concept-level timing assumption.
baseline,TASK-7B1-049,TUBE-7B1-049,8,z_lift,z_axis,35.0,35.0,abs(delta_z) / z_nominal_speed_mm_s + z_accel_allowance_s,0.442,z_motion,Concept-level timing assumption.
baseline,TASK-7B1-049,TUBE-7B1-049,9,xy_move_at_safe_z,xy_axes,346.771,0.0,distance / xy_nominal_speed_mm_s + xy_accel_allowance_s,1.191,xy_motion,Concept-level timing assumption.
baseline,TASK-7B1-049,TUBE-7B1-049,10,z_descend,z_axis,55.0,55.0,abs(delta_z) / z_nominal_speed_mm_s + z_accel_allowance_s,0.608,z_motion,Concept-level timing assumption.
baseline,TASK-7B1-049,TUBE-7B1-049,11,gripper_action,gripper,0.0,0.0,grip_open_time_s,0.5,gripper_action,Concept-level timing assumption.
baseline,TASK-7B1-049,TUBE-7B1-049,12,z_lift,z_axis,55.0,55.0,abs(delta_z) / z_nominal_speed_mm_s + z_accel_allowance_s,0.608,z_motion,Concept-level timing assumption.
baseline,TASK-7B1-050,TUBE-7B1-050,1,xy_move_at_safe_z,xy_axes,200.811,0.0,distance / xy_nominal_speed_mm_s + xy_accel_allowance_s,0.774,xy_motion,Concept-level timing assumption.
baseline,TASK-7B1-050,TUBE-7B1-050,2,z_descend,z_axis,45.0,45.0,abs(delta_z) / z_nominal_speed_mm_s + z_accel_allowance_s,0.525,z_motion,Concept-level timing assumption.
baseline,TASK-7B1-050,TUBE-7B1-050,3,gripper_action,gripper,0.0,0.0,grip_close_time_s,0.6,gripper_action,Concept-level timing assumption.
baseline,TASK-7B1-050,TUBE-7B1-050,4,z_lift,z_axis,45.0,45.0,abs(delta_z) / z_nominal_speed_mm_s + z_accel_allowance_s,0.525,z_motion,Concept-level timing assumption.
baseline,TASK-7B1-050,TUBE-7B1-050,5,xy_move_at_safe_z,xy_axes,195.256,0.0,distance / xy_nominal_speed_mm_s + xy_accel_allowance_s,0.758,xy_motion,Concept-level timing assumption.
baseline,TASK-7B1-050,TUBE-7B1-050,6,z_descend,z_axis,35.0,35.0,abs(delta_z) / z_nominal_speed_mm_s + z_accel_allowance_s,0.442,z_motion,Concept-level timing assumption.
baseline,TASK-7B1-050,TUBE-7B1-050,7,scan_wait,dwell,0.0,0.0,scan_wait_time_s,1.0,scan_wait,Concept-level timing assumption.
baseline,TASK-7B1-050,TUBE-7B1-050,8,z_lift,z_axis,35.0,35.0,abs(delta_z) / z_nominal_speed_mm_s + z_accel_allowance_s,0.442,z_motion,Concept-level timing assumption.
baseline,TASK-7B1-050,TUBE-7B1-050,9,xy_move_at_safe_z,xy_axes,483.994,0.0,distance / xy_nominal_speed_mm_s + xy_accel_allowance_s,1.583,xy_motion,Concept-level timing assumption.
baseline,TASK-7B1-050,TUBE-7B1-050,10,z_descend,z_axis,55.0,55.0,abs(delta_z) / z_nominal_speed_mm_s + z_accel_allowance_s,0.608,z_motion,Concept-level timing assumption.
baseline,TASK-7B1-050,TUBE-7B1-050,11,gripper_action,gripper,0.0,0.0,grip_open_time_s,0.5,gripper_action,Concept-level timing assumption.
baseline,TASK-7B1-050,TUBE-7B1-050,12,z_lift,z_axis,55.0,55.0,abs(delta_z) / z_nominal_speed_mm_s + z_accel_allowance_s,0.608,z_motion,Concept-level timing assumption.
baseline,TASK-7B1-051,TUBE-7B1-051,1,xy_move_at_safe_z,xy_axes,177.341,0.0,distance / xy_nominal_speed_mm_s + xy_accel_allowance_s,0.707,xy_motion,Concept-level timing assumption.
baseline,TASK-7B1-051,TUBE-7B1-051,2,z_descend,z_axis,45.0,45.0,abs(delta_z) / z_nominal_speed_mm_s + z_accel_allowance_s,0.525,z_motion,Concept-level timing assumption.
baseline,TASK-7B1-051,TUBE-7B1-051,3,gripper_action,gripper,0.0,0.0,grip_close_time_s,0.6,gripper_action,Concept-level timing assumption.
baseline,TASK-7B1-051,TUBE-7B1-051,4,z_lift,z_axis,45.0,45.0,abs(delta_z) / z_nominal_speed_mm_s + z_accel_allowance_s,0.525,z_motion,Concept-level timing assumption.
baseline,TASK-7B1-051,TUBE-7B1-051,5,xy_move_at_safe_z,xy_axes,171.026,0.0,distance / xy_nominal_speed_mm_s + xy_accel_allowance_s,0.689,xy_motion,Concept-level timing assumption.
baseline,TASK-7B1-051,TUBE-7B1-051,6,z_descend,z_axis,35.0,35.0,abs(delta_z) / z_nominal_speed_mm_s + z_accel_allowance_s,0.442,z_motion,Concept-level timing assumption.
baseline,TASK-7B1-051,TUBE-7B1-051,7,scan_wait,dwell,0.0,0.0,scan_wait_time_s,1.0,scan_wait,Concept-level timing assumption.
baseline,TASK-7B1-051,TUBE-7B1-051,8,z_lift,z_axis,35.0,35.0,abs(delta_z) / z_nominal_speed_mm_s + z_accel_allowance_s,0.442,z_motion,Concept-level timing assumption.
baseline,TASK-7B1-051,TUBE-7B1-051,9,xy_move_at_safe_z,xy_axes,305.369,0.0,distance / xy_nominal_speed_mm_s + xy_accel_allowance_s,1.072,xy_motion,Concept-level timing assumption.
baseline,TASK-7B1-051,TUBE-7B1-051,10,z_descend,z_axis,55.0,55.0,abs(delta_z) / z_nominal_speed_mm_s + z_accel_allowance_s,0.608,z_motion,Concept-level timing assumption.
baseline,TASK-7B1-051,TUBE-7B1-051,11,gripper_action,gripper,0.0,0.0,grip_open_time_s,0.5,gripper_action,Concept-level timing assumption.
baseline,TASK-7B1-051,TUBE-7B1-051,12,z_lift,z_axis,55.0,55.0,abs(delta_z) / z_nominal_speed_mm_s + z_accel_allowance_s,0.608,z_motion,Concept-level timing assumption.
baseline,TASK-7B1-052,TUBE-7B1-052,1,xy_move_at_safe_z,xy_axes,154.353,0.0,distance / xy_nominal_speed_mm_s + xy_accel_allowance_s,0.641,xy_motion,Concept-level timing assumption.
baseline,TASK-7B1-052,TUBE-7B1-052,2,z_descend,z_axis,45.0,45.0,abs(delta_z) / z_nominal_speed_mm_s + z_accel_allowance_s,0.525,z_motion,Concept-level timing assumption.
baseline,TASK-7B1-052,TUBE-7B1-052,3,gripper_action,gripper,0.0,0.0,grip_close_time_s,0.6,gripper_action,Concept-level timing assumption.
baseline,TASK-7B1-052,TUBE-7B1-052,4,z_lift,z_axis,45.0,45.0,abs(delta_z) / z_nominal_speed_mm_s + z_accel_allowance_s,0.525,z_motion,Concept-level timing assumption.
baseline,TASK-7B1-052,TUBE-7B1-052,5,xy_move_at_safe_z,xy_axes,147.054,0.0,distance / xy_nominal_speed_mm_s + xy_accel_allowance_s,0.62,xy_motion,Concept-level timing assumption.
baseline,TASK-7B1-052,TUBE-7B1-052,6,z_descend,z_axis,35.0,35.0,abs(delta_z) / z_nominal_speed_mm_s + z_accel_allowance_s,0.442,z_motion,Concept-level timing assumption.
baseline,TASK-7B1-052,TUBE-7B1-052,7,scan_wait,dwell,0.0,0.0,scan_wait_time_s,1.0,scan_wait,Concept-level timing assumption.
baseline,TASK-7B1-052,TUBE-7B1-052,8,z_lift,z_axis,35.0,35.0,abs(delta_z) / z_nominal_speed_mm_s + z_accel_allowance_s,0.442,z_motion,Concept-level timing assumption.
baseline,TASK-7B1-052,TUBE-7B1-052,9,xy_move_at_safe_z,xy_axes,455.247,0.0,distance / xy_nominal_speed_mm_s + xy_accel_allowance_s,1.501,xy_motion,Concept-level timing assumption.
baseline,TASK-7B1-052,TUBE-7B1-052,10,z_descend,z_axis,55.0,55.0,abs(delta_z) / z_nominal_speed_mm_s + z_accel_allowance_s,0.608,z_motion,Concept-level timing assumption.
baseline,TASK-7B1-052,TUBE-7B1-052,11,gripper_action,gripper,0.0,0.0,grip_open_time_s,0.5,gripper_action,Concept-level timing assumption.
baseline,TASK-7B1-052,TUBE-7B1-052,12,z_lift,z_axis,55.0,55.0,abs(delta_z) / z_nominal_speed_mm_s + z_accel_allowance_s,0.608,z_motion,Concept-level timing assumption.
baseline,TASK-7B1-053,TUBE-7B1-053,1,xy_move_at_safe_z,xy_axes,36.401,0.0,distance / xy_nominal_speed_mm_s + xy_accel_allowance_s,0.304,xy_motion,Concept-level timing assumption.
baseline,TASK-7B1-053,TUBE-7B1-053,2,z_descend,z_axis,45.0,45.0,abs(delta_z) / z_nominal_speed_mm_s + z_accel_allowance_s,0.525,z_motion,Concept-level timing assumption.
baseline,TASK-7B1-053,TUBE-7B1-053,3,gripper_action,gripper,0.0,0.0,grip_close_time_s,0.6,gripper_action,Concept-level timing assumption.
baseline,TASK-7B1-053,TUBE-7B1-053,4,z_lift,z_axis,45.0,45.0,abs(delta_z) / z_nominal_speed_mm_s + z_accel_allowance_s,0.525,z_motion,Concept-level timing assumption.
baseline,TASK-7B1-053,TUBE-7B1-053,5,xy_move_at_safe_z,xy_axes,46.098,0.0,distance / xy_nominal_speed_mm_s + xy_accel_allowance_s,0.332,xy_motion,Concept-level timing assumption.
baseline,TASK-7B1-053,TUBE-7B1-053,6,z_descend,z_axis,35.0,35.0,abs(delta_z) / z_nominal_speed_mm_s + z_accel_allowance_s,0.442,z_motion,Concept-level timing assumption.
baseline,TASK-7B1-053,TUBE-7B1-053,7,scan_wait,dwell,0.0,0.0,scan_wait_time_s,1.0,scan_wait,Concept-level timing assumption.
baseline,TASK-7B1-053,TUBE-7B1-053,8,z_lift,z_axis,35.0,35.0,abs(delta_z) / z_nominal_speed_mm_s + z_accel_allowance_s,0.442,z_motion,Concept-level timing assumption.
baseline,TASK-7B1-053,TUBE-7B1-053,9,xy_move_at_safe_z,xy_axes,228.035,0.0,distance / xy_nominal_speed_mm_s + xy_accel_allowance_s,0.852,xy_motion,Concept-level timing assumption.
baseline,TASK-7B1-053,TUBE-7B1-053,10,z_descend,z_axis,55.0,55.0,abs(delta_z) / z_nominal_speed_mm_s + z_accel_allowance_s,0.608,z_motion,Concept-level timing assumption.
baseline,TASK-7B1-053,TUBE-7B1-053,11,gripper_action,gripper,0.0,0.0,grip_open_time_s,0.5,gripper_action,Concept-level timing assumption.
baseline,TASK-7B1-053,TUBE-7B1-053,12,z_lift,z_axis,55.0,55.0,abs(delta_z) / z_nominal_speed_mm_s + z_accel_allowance_s,0.608,z_motion,Concept-level timing assumption.
baseline,TASK-7B1-054,TUBE-7B1-054,1,xy_move_at_safe_z,xy_axes,14.142,0.0,distance / xy_nominal_speed_mm_s + xy_accel_allowance_s,0.24,xy_motion,Concept-level timing assumption.
baseline,TASK-7B1-054,TUBE-7B1-054,2,z_descend,z_axis,45.0,45.0,abs(delta_z) / z_nominal_speed_mm_s + z_accel_allowance_s,0.525,z_motion,Concept-level timing assumption.
baseline,TASK-7B1-054,TUBE-7B1-054,3,gripper_action,gripper,0.0,0.0,grip_close_time_s,0.6,gripper_action,Concept-level timing assumption.
baseline,TASK-7B1-054,TUBE-7B1-054,4,z_lift,z_axis,45.0,45.0,abs(delta_z) / z_nominal_speed_mm_s + z_accel_allowance_s,0.525,z_motion,Concept-level timing assumption.
baseline,TASK-7B1-054,TUBE-7B1-054,5,xy_move_at_safe_z,xy_axes,31.623,0.0,distance / xy_nominal_speed_mm_s + xy_accel_allowance_s,0.29,xy_motion,Concept-level timing assumption.
baseline,TASK-7B1-054,TUBE-7B1-054,6,z_descend,z_axis,35.0,35.0,abs(delta_z) / z_nominal_speed_mm_s + z_accel_allowance_s,0.442,z_motion,Concept-level timing assumption.
baseline,TASK-7B1-054,TUBE-7B1-054,7,scan_wait,dwell,0.0,0.0,scan_wait_time_s,1.0,scan_wait,Concept-level timing assumption.
baseline,TASK-7B1-054,TUBE-7B1-054,8,z_lift,z_axis,35.0,35.0,abs(delta_z) / z_nominal_speed_mm_s + z_accel_allowance_s,0.442,z_motion,Concept-level timing assumption.
baseline,TASK-7B1-054,TUBE-7B1-054,9,xy_move_at_safe_z,xy_axes,358.469,0.0,distance / xy_nominal_speed_mm_s + xy_accel_allowance_s,1.224,xy_motion,Concept-level timing assumption.
baseline,TASK-7B1-054,TUBE-7B1-054,10,z_descend,z_axis,55.0,55.0,abs(delta_z) / z_nominal_speed_mm_s + z_accel_allowance_s,0.608,z_motion,Concept-level timing assumption.
baseline,TASK-7B1-054,TUBE-7B1-054,11,gripper_action,gripper,0.0,0.0,grip_open_time_s,0.5,gripper_action,Concept-level timing assumption.
baseline,TASK-7B1-054,TUBE-7B1-054,12,z_lift,z_axis,55.0,55.0,abs(delta_z) / z_nominal_speed_mm_s + z_accel_allowance_s,0.608,z_motion,Concept-level timing assumption.
baseline,TASK-7B1-055,TUBE-7B1-055,1,xy_move_at_safe_z,xy_axes,41.231,0.0,distance / xy_nominal_speed_mm_s + xy_accel_allowance_s,0.318,xy_motion,Concept-level timing assumption.
baseline,TASK-7B1-055,TUBE-7B1-055,2,z_descend,z_axis,45.0,45.0,abs(delta_z) / z_nominal_speed_mm_s + z_accel_allowance_s,0.525,z_motion,Concept-level timing assumption.
baseline,TASK-7B1-055,TUBE-7B1-055,3,gripper_action,gripper,0.0,0.0,grip_close_time_s,0.6,gripper_action,Concept-level timing assumption.
baseline,TASK-7B1-055,TUBE-7B1-055,4,z_lift,z_axis,45.0,45.0,abs(delta_z) / z_nominal_speed_mm_s + z_accel_allowance_s,0.525,z_motion,Concept-level timing assumption.
baseline,TASK-7B1-055,TUBE-7B1-055,5,xy_move_at_safe_z,xy_axes,50.0,0.0,distance / xy_nominal_speed_mm_s + xy_accel_allowance_s,0.343,xy_motion,Concept-level timing assumption.
baseline,TASK-7B1-055,TUBE-7B1-055,6,z_descend,z_axis,35.0,35.0,abs(delta_z) / z_nominal_speed_mm_s + z_accel_allowance_s,0.442,z_motion,Concept-level timing assumption.
baseline,TASK-7B1-055,TUBE-7B1-055,7,scan_wait,dwell,0.0,0.0,scan_wait_time_s,1.0,scan_wait,Concept-level timing assumption.
baseline,TASK-7B1-055,TUBE-7B1-055,8,z_lift,z_axis,35.0,35.0,abs(delta_z) / z_nominal_speed_mm_s + z_accel_allowance_s,0.442,z_motion,Concept-level timing assumption.
baseline,TASK-7B1-055,TUBE-7B1-055,9,xy_move_at_safe_z,xy_axes,184.391,0.0,distance / xy_nominal_speed_mm_s + xy_accel_allowance_s,0.727,xy_motion,Concept-level timing assumption.
baseline,TASK-7B1-055,TUBE-7B1-055,10,z_descend,z_axis,55.0,55.0,abs(delta_z) / z_nominal_speed_mm_s + z_accel_allowance_s,0.608,z_motion,Concept-level timing assumption.
baseline,TASK-7B1-055,TUBE-7B1-055,11,gripper_action,gripper,0.0,0.0,grip_open_time_s,0.5,gripper_action,Concept-level timing assumption.
baseline,TASK-7B1-055,TUBE-7B1-055,12,z_lift,z_axis,55.0,55.0,abs(delta_z) / z_nominal_speed_mm_s + z_accel_allowance_s,0.608,z_motion,Concept-level timing assumption.
baseline,TASK-7B1-056,TUBE-7B1-056,1,xy_move_at_safe_z,xy_axes,65.765,0.0,distance / xy_nominal_speed_mm_s + xy_accel_allowance_s,0.388,xy_motion,Concept-level timing assumption.
baseline,TASK-7B1-056,TUBE-7B1-056,2,z_descend,z_axis,45.0,45.0,abs(delta_z) / z_nominal_speed_mm_s + z_accel_allowance_s,0.525,z_motion,Concept-level timing assumption.
baseline,TASK-7B1-056,TUBE-7B1-056,3,gripper_action,gripper,0.0,0.0,grip_close_time_s,0.6,gripper_action,Concept-level timing assumption.
baseline,TASK-7B1-056,TUBE-7B1-056,4,z_lift,z_axis,45.0,45.0,abs(delta_z) / z_nominal_speed_mm_s + z_accel_allowance_s,0.525,z_motion,Concept-level timing assumption.
baseline,TASK-7B1-056,TUBE-7B1-056,5,xy_move_at_safe_z,xy_axes,71.589,0.0,distance / xy_nominal_speed_mm_s + xy_accel_allowance_s,0.405,xy_motion,Concept-level timing assumption.
baseline,TASK-7B1-056,TUBE-7B1-056,6,z_descend,z_axis,35.0,35.0,abs(delta_z) / z_nominal_speed_mm_s + z_accel_allowance_s,0.442,z_motion,Concept-level timing assumption.
baseline,TASK-7B1-056,TUBE-7B1-056,7,scan_wait,dwell,0.0,0.0,scan_wait_time_s,1.0,scan_wait,Concept-level timing assumption.
baseline,TASK-7B1-056,TUBE-7B1-056,8,z_lift,z_axis,35.0,35.0,abs(delta_z) / z_nominal_speed_mm_s + z_accel_allowance_s,0.442,z_motion,Concept-level timing assumption.
baseline,TASK-7B1-056,TUBE-7B1-056,9,xy_move_at_safe_z,xy_axes,332.415,0.0,distance / xy_nominal_speed_mm_s + xy_accel_allowance_s,1.15,xy_motion,Concept-level timing assumption.
baseline,TASK-7B1-056,TUBE-7B1-056,10,z_descend,z_axis,55.0,55.0,abs(delta_z) / z_nominal_speed_mm_s + z_accel_allowance_s,0.608,z_motion,Concept-level timing assumption.
baseline,TASK-7B1-056,TUBE-7B1-056,11,gripper_action,gripper,0.0,0.0,grip_open_time_s,0.5,gripper_action,Concept-level timing assumption.
baseline,TASK-7B1-056,TUBE-7B1-056,12,z_lift,z_axis,55.0,55.0,abs(delta_z) / z_nominal_speed_mm_s + z_accel_allowance_s,0.608,z_motion,Concept-level timing assumption.
baseline,TASK-7B1-057,TUBE-7B1-057,1,xy_move_at_safe_z,xy_axes,61.847,0.0,distance / xy_nominal_speed_mm_s + xy_accel_allowance_s,0.377,xy_motion,Concept-level timing assumption.
baseline,TASK-7B1-057,TUBE-7B1-057,2,z_descend,z_axis,45.0,45.0,abs(delta_z) / z_nominal_speed_mm_s + z_accel_allowance_s,0.525,z_motion,Concept-level timing assumption.
baseline,TASK-7B1-057,TUBE-7B1-057,3,gripper_action,gripper,0.0,0.0,grip_close_time_s,0.6,gripper_action,Concept-level timing assumption.
baseline,TASK-7B1-057,TUBE-7B1-057,4,z_lift,z_axis,45.0,45.0,abs(delta_z) / z_nominal_speed_mm_s + z_accel_allowance_s,0.525,z_motion,Concept-level timing assumption.
baseline,TASK-7B1-057,TUBE-7B1-057,5,xy_move_at_safe_z,xy_axes,60.208,0.0,distance / xy_nominal_speed_mm_s + xy_accel_allowance_s,0.372,xy_motion,Concept-level timing assumption.
baseline,TASK-7B1-057,TUBE-7B1-057,6,z_descend,z_axis,35.0,35.0,abs(delta_z) / z_nominal_speed_mm_s + z_accel_allowance_s,0.442,z_motion,Concept-level timing assumption.
baseline,TASK-7B1-057,TUBE-7B1-057,7,scan_wait,dwell,0.0,0.0,scan_wait_time_s,1.0,scan_wait,Concept-level timing assumption.
baseline,TASK-7B1-057,TUBE-7B1-057,8,z_lift,z_axis,35.0,35.0,abs(delta_z) / z_nominal_speed_mm_s + z_accel_allowance_s,0.442,z_motion,Concept-level timing assumption.
baseline,TASK-7B1-057,TUBE-7B1-057,9,xy_move_at_safe_z,xy_axes,248.244,0.0,distance / xy_nominal_speed_mm_s + xy_accel_allowance_s,0.909,xy_motion,Concept-level timing assumption.
baseline,TASK-7B1-057,TUBE-7B1-057,10,z_descend,z_axis,55.0,55.0,abs(delta_z) / z_nominal_speed_mm_s + z_accel_allowance_s,0.608,z_motion,Concept-level timing assumption.
baseline,TASK-7B1-057,TUBE-7B1-057,11,gripper_action,gripper,0.0,0.0,grip_open_time_s,0.5,gripper_action,Concept-level timing assumption.
baseline,TASK-7B1-057,TUBE-7B1-057,12,z_lift,z_axis,55.0,55.0,abs(delta_z) / z_nominal_speed_mm_s + z_accel_allowance_s,0.608,z_motion,Concept-level timing assumption.
baseline,TASK-7B1-058,TUBE-7B1-058,1,xy_move_at_safe_z,xy_axes,18.028,0.0,distance / xy_nominal_speed_mm_s + xy_accel_allowance_s,0.252,xy_motion,Concept-level timing assumption.
baseline,TASK-7B1-058,TUBE-7B1-058,2,z_descend,z_axis,45.0,45.0,abs(delta_z) / z_nominal_speed_mm_s + z_accel_allowance_s,0.525,z_motion,Concept-level timing assumption.
baseline,TASK-7B1-058,TUBE-7B1-058,3,gripper_action,gripper,0.0,0.0,grip_close_time_s,0.6,gripper_action,Concept-level timing assumption.
baseline,TASK-7B1-058,TUBE-7B1-058,4,z_lift,z_axis,45.0,45.0,abs(delta_z) / z_nominal_speed_mm_s + z_accel_allowance_s,0.525,z_motion,Concept-level timing assumption.
baseline,TASK-7B1-058,TUBE-7B1-058,5,xy_move_at_safe_z,xy_axes,11.18,0.0,distance / xy_nominal_speed_mm_s + xy_accel_allowance_s,0.232,xy_motion,Concept-level timing assumption.
baseline,TASK-7B1-058,TUBE-7B1-058,6,z_descend,z_axis,35.0,35.0,abs(delta_z) / z_nominal_speed_mm_s + z_accel_allowance_s,0.442,z_motion,Concept-level timing assumption.
baseline,TASK-7B1-058,TUBE-7B1-058,7,scan_wait,dwell,0.0,0.0,scan_wait_time_s,1.0,scan_wait,Concept-level timing assumption.
baseline,TASK-7B1-058,TUBE-7B1-058,8,z_lift,z_axis,35.0,35.0,abs(delta_z) / z_nominal_speed_mm_s + z_accel_allowance_s,0.442,z_motion,Concept-level timing assumption.
baseline,TASK-7B1-058,TUBE-7B1-058,9,xy_move_at_safe_z,xy_axes,381.608,0.0,distance / xy_nominal_speed_mm_s + xy_accel_allowance_s,1.29,xy_motion,Concept-level timing assumption.
baseline,TASK-7B1-058,TUBE-7B1-058,10,z_descend,z_axis,55.0,55.0,abs(delta_z) / z_nominal_speed_mm_s + z_accel_allowance_s,0.608,z_motion,Concept-level timing assumption.
baseline,TASK-7B1-058,TUBE-7B1-058,11,gripper_action,gripper,0.0,0.0,grip_open_time_s,0.5,gripper_action,Concept-level timing assumption.
baseline,TASK-7B1-058,TUBE-7B1-058,12,z_lift,z_axis,55.0,55.0,abs(delta_z) / z_nominal_speed_mm_s + z_accel_allowance_s,0.608,z_motion,Concept-level timing assumption.
baseline,TASK-7B1-059,TUBE-7B1-059,1,xy_move_at_safe_z,xy_axes,21.213,0.0,distance / xy_nominal_speed_mm_s + xy_accel_allowance_s,0.261,xy_motion,Concept-level timing assumption.
baseline,TASK-7B1-059,TUBE-7B1-059,2,z_descend,z_axis,45.0,45.0,abs(delta_z) / z_nominal_speed_mm_s + z_accel_allowance_s,0.525,z_motion,Concept-level timing assumption.
baseline,TASK-7B1-059,TUBE-7B1-059,3,gripper_action,gripper,0.0,0.0,grip_close_time_s,0.6,gripper_action,Concept-level timing assumption.
baseline,TASK-7B1-059,TUBE-7B1-059,4,z_lift,z_axis,45.0,45.0,abs(delta_z) / z_nominal_speed_mm_s + z_accel_allowance_s,0.525,z_motion,Concept-level timing assumption.
baseline,TASK-7B1-059,TUBE-7B1-059,5,xy_move_at_safe_z,xy_axes,15.811,0.0,distance / xy_nominal_speed_mm_s + xy_accel_allowance_s,0.245,xy_motion,Concept-level timing assumption.
baseline,TASK-7B1-059,TUBE-7B1-059,6,z_descend,z_axis,35.0,35.0,abs(delta_z) / z_nominal_speed_mm_s + z_accel_allowance_s,0.442,z_motion,Concept-level timing assumption.
baseline,TASK-7B1-059,TUBE-7B1-059,7,scan_wait,dwell,0.0,0.0,scan_wait_time_s,1.0,scan_wait,Concept-level timing assumption.
baseline,TASK-7B1-059,TUBE-7B1-059,8,z_lift,z_axis,35.0,35.0,abs(delta_z) / z_nominal_speed_mm_s + z_accel_allowance_s,0.442,z_motion,Concept-level timing assumption.
baseline,TASK-7B1-059,TUBE-7B1-059,9,xy_move_at_safe_z,xy_axes,484.175,0.0,distance / xy_nominal_speed_mm_s + xy_accel_allowance_s,1.583,xy_motion,Concept-level timing assumption.
baseline,TASK-7B1-059,TUBE-7B1-059,10,z_descend,z_axis,55.0,55.0,abs(delta_z) / z_nominal_speed_mm_s + z_accel_allowance_s,0.608,z_motion,Concept-level timing assumption.
baseline,TASK-7B1-059,TUBE-7B1-059,11,gripper_action,gripper,0.0,0.0,grip_open_time_s,0.5,gripper_action,Concept-level timing assumption.
baseline,TASK-7B1-059,TUBE-7B1-059,12,z_lift,z_axis,55.0,55.0,abs(delta_z) / z_nominal_speed_mm_s + z_accel_allowance_s,0.608,z_motion,Concept-level timing assumption.
baseline,TASK-7B1-060,TUBE-7B1-060,1,xy_move_at_safe_z,xy_axes,42.72,0.0,distance / xy_nominal_speed_mm_s + xy_accel_allowance_s,0.322,xy_motion,Concept-level timing assumption.
baseline,TASK-7B1-060,TUBE-7B1-060,2,z_descend,z_axis,45.0,45.0,abs(delta_z) / z_nominal_speed_mm_s + z_accel_allowance_s,0.525,z_motion,Concept-level timing assumption.
baseline,TASK-7B1-060,TUBE-7B1-060,3,gripper_action,gripper,0.0,0.0,grip_close_time_s,0.6,gripper_action,Concept-level timing assumption.
baseline,TASK-7B1-060,TUBE-7B1-060,4,z_lift,z_axis,45.0,45.0,abs(delta_z) / z_nominal_speed_mm_s + z_accel_allowance_s,0.525,z_motion,Concept-level timing assumption.
baseline,TASK-7B1-060,TUBE-7B1-060,5,xy_move_at_safe_z,xy_axes,40.311,0.0,distance / xy_nominal_speed_mm_s + xy_accel_allowance_s,0.315,xy_motion,Concept-level timing assumption.
baseline,TASK-7B1-060,TUBE-7B1-060,6,z_descend,z_axis,35.0,35.0,abs(delta_z) / z_nominal_speed_mm_s + z_accel_allowance_s,0.442,z_motion,Concept-level timing assumption.
baseline,TASK-7B1-060,TUBE-7B1-060,7,scan_wait,dwell,0.0,0.0,scan_wait_time_s,1.0,scan_wait,Concept-level timing assumption.
baseline,TASK-7B1-060,TUBE-7B1-060,8,z_lift,z_axis,35.0,35.0,abs(delta_z) / z_nominal_speed_mm_s + z_accel_allowance_s,0.442,z_motion,Concept-level timing assumption.
baseline,TASK-7B1-060,TUBE-7B1-060,9,xy_move_at_safe_z,xy_axes,208.866,0.0,distance / xy_nominal_speed_mm_s + xy_accel_allowance_s,0.797,xy_motion,Concept-level timing assumption.
baseline,TASK-7B1-060,TUBE-7B1-060,10,z_descend,z_axis,55.0,55.0,abs(delta_z) / z_nominal_speed_mm_s + z_accel_allowance_s,0.608,z_motion,Concept-level timing assumption.
baseline,TASK-7B1-060,TUBE-7B1-060,11,gripper_action,gripper,0.0,0.0,grip_open_time_s,0.5,gripper_action,Concept-level timing assumption.
baseline,TASK-7B1-060,TUBE-7B1-060,12,z_lift,z_axis,55.0,55.0,abs(delta_z) / z_nominal_speed_mm_s + z_accel_allowance_s,0.608,z_motion,Concept-level timing assumption.
baseline,TASK-7B1-061,TUBE-7B1-061,1,xy_move_at_safe_z,xy_axes,72.111,0.0,distance / xy_nominal_speed_mm_s + xy_accel_allowance_s,0.406,xy_motion,Concept-level timing assumption.
baseline,TASK-7B1-061,TUBE-7B1-061,2,z_descend,z_axis,45.0,45.0,abs(delta_z) / z_nominal_speed_mm_s + z_accel_allowance_s,0.525,z_motion,Concept-level timing assumption.
baseline,TASK-7B1-061,TUBE-7B1-061,3,gripper_action,gripper,0.0,0.0,grip_close_time_s,0.6,gripper_action,Concept-level timing assumption.
baseline,TASK-7B1-061,TUBE-7B1-061,4,z_lift,z_axis,45.0,45.0,abs(delta_z) / z_nominal_speed_mm_s + z_accel_allowance_s,0.525,z_motion,Concept-level timing assumption.
baseline,TASK-7B1-061,TUBE-7B1-061,5,xy_move_at_safe_z,xy_axes,63.246,0.0,distance / xy_nominal_speed_mm_s + xy_accel_allowance_s,0.381,xy_motion,Concept-level timing assumption.
baseline,TASK-7B1-061,TUBE-7B1-061,6,z_descend,z_axis,35.0,35.0,abs(delta_z) / z_nominal_speed_mm_s + z_accel_allowance_s,0.442,z_motion,Concept-level timing assumption.
baseline,TASK-7B1-061,TUBE-7B1-061,7,scan_wait,dwell,0.0,0.0,scan_wait_time_s,1.0,scan_wait,Concept-level timing assumption.
baseline,TASK-7B1-061,TUBE-7B1-061,8,z_lift,z_axis,35.0,35.0,abs(delta_z) / z_nominal_speed_mm_s + z_accel_allowance_s,0.442,z_motion,Concept-level timing assumption.
baseline,TASK-7B1-061,TUBE-7B1-061,9,xy_move_at_safe_z,xy_axes,357.246,0.0,distance / xy_nominal_speed_mm_s + xy_accel_allowance_s,1.221,xy_motion,Concept-level timing assumption.
baseline,TASK-7B1-061,TUBE-7B1-061,10,z_descend,z_axis,55.0,55.0,abs(delta_z) / z_nominal_speed_mm_s + z_accel_allowance_s,0.608,z_motion,Concept-level timing assumption.
baseline,TASK-7B1-061,TUBE-7B1-061,11,gripper_action,gripper,0.0,0.0,grip_open_time_s,0.5,gripper_action,Concept-level timing assumption.
baseline,TASK-7B1-061,TUBE-7B1-061,12,z_lift,z_axis,55.0,55.0,abs(delta_z) / z_nominal_speed_mm_s + z_accel_allowance_s,0.608,z_motion,Concept-level timing assumption.
baseline,TASK-7B1-062,TUBE-7B1-062,1,xy_move_at_safe_z,xy_axes,53.151,0.0,distance / xy_nominal_speed_mm_s + xy_accel_allowance_s,0.352,xy_motion,Concept-level timing assumption.
baseline,TASK-7B1-062,TUBE-7B1-062,2,z_descend,z_axis,45.0,45.0,abs(delta_z) / z_nominal_speed_mm_s + z_accel_allowance_s,0.525,z_motion,Concept-level timing assumption.
baseline,TASK-7B1-062,TUBE-7B1-062,3,gripper_action,gripper,0.0,0.0,grip_close_time_s,0.6,gripper_action,Concept-level timing assumption.
baseline,TASK-7B1-062,TUBE-7B1-062,4,z_lift,z_axis,45.0,45.0,abs(delta_z) / z_nominal_speed_mm_s + z_accel_allowance_s,0.525,z_motion,Concept-level timing assumption.
baseline,TASK-7B1-062,TUBE-7B1-062,5,xy_move_at_safe_z,xy_axes,40.311,0.0,distance / xy_nominal_speed_mm_s + xy_accel_allowance_s,0.315,xy_motion,Concept-level timing assumption.
baseline,TASK-7B1-062,TUBE-7B1-062,6,z_descend,z_axis,35.0,35.0,abs(delta_z) / z_nominal_speed_mm_s + z_accel_allowance_s,0.442,z_motion,Concept-level timing assumption.
baseline,TASK-7B1-062,TUBE-7B1-062,7,scan_wait,dwell,0.0,0.0,scan_wait_time_s,1.0,scan_wait,Concept-level timing assumption.
baseline,TASK-7B1-062,TUBE-7B1-062,8,z_lift,z_axis,35.0,35.0,abs(delta_z) / z_nominal_speed_mm_s + z_accel_allowance_s,0.442,z_motion,Concept-level timing assumption.
baseline,TASK-7B1-062,TUBE-7B1-062,9,xy_move_at_safe_z,xy_axes,269.258,0.0,distance / xy_nominal_speed_mm_s + xy_accel_allowance_s,0.969,xy_motion,Concept-level timing assumption.
baseline,TASK-7B1-062,TUBE-7B1-062,10,z_descend,z_axis,55.0,55.0,abs(delta_z) / z_nominal_speed_mm_s + z_accel_allowance_s,0.608,z_motion,Concept-level timing assumption.
baseline,TASK-7B1-062,TUBE-7B1-062,11,gripper_action,gripper,0.0,0.0,grip_open_time_s,0.5,gripper_action,Concept-level timing assumption.
baseline,TASK-7B1-062,TUBE-7B1-062,12,z_lift,z_axis,55.0,55.0,abs(delta_z) / z_nominal_speed_mm_s + z_accel_allowance_s,0.608,z_motion,Concept-level timing assumption.
baseline,TASK-7B1-063,TUBE-7B1-063,1,xy_move_at_safe_z,xy_axes,41.231,0.0,distance / xy_nominal_speed_mm_s + xy_accel_allowance_s,0.318,xy_motion,Concept-level timing assumption.
baseline,TASK-7B1-063,TUBE-7B1-063,2,z_descend,z_axis,45.0,45.0,abs(delta_z) / z_nominal_speed_mm_s + z_accel_allowance_s,0.525,z_motion,Concept-level timing assumption.
baseline,TASK-7B1-063,TUBE-7B1-063,3,gripper_action,gripper,0.0,0.0,grip_close_time_s,0.6,gripper_action,Concept-level timing assumption.
baseline,TASK-7B1-063,TUBE-7B1-063,4,z_lift,z_axis,45.0,45.0,abs(delta_z) / z_nominal_speed_mm_s + z_accel_allowance_s,0.525,z_motion,Concept-level timing assumption.
baseline,TASK-7B1-063,TUBE-7B1-063,5,xy_move_at_safe_z,xy_axes,22.361,0.0,distance / xy_nominal_speed_mm_s + xy_accel_allowance_s,0.264,xy_motion,Concept-level timing assumption.
baseline,TASK-7B1-063,TUBE-7B1-063,6,z_descend,z_axis,35.0,35.0,abs(delta_z) / z_nominal_speed_mm_s + z_accel_allowance_s,0.442,z_motion,Concept-level timing assumption.
baseline,TASK-7B1-063,TUBE-7B1-063,7,scan_wait,dwell,0.0,0.0,scan_wait_time_s,1.0,scan_wait,Concept-level timing assumption.
baseline,TASK-7B1-063,TUBE-7B1-063,8,z_lift,z_axis,35.0,35.0,abs(delta_z) / z_nominal_speed_mm_s + z_accel_allowance_s,0.442,z_motion,Concept-level timing assumption.
baseline,TASK-7B1-063,TUBE-7B1-063,9,xy_move_at_safe_z,xy_axes,404.969,0.0,distance / xy_nominal_speed_mm_s + xy_accel_allowance_s,1.357,xy_motion,Concept-level timing assumption.
baseline,TASK-7B1-063,TUBE-7B1-063,10,z_descend,z_axis,55.0,55.0,abs(delta_z) / z_nominal_speed_mm_s + z_accel_allowance_s,0.608,z_motion,Concept-level timing assumption.
baseline,TASK-7B1-063,TUBE-7B1-063,11,gripper_action,gripper,0.0,0.0,grip_open_time_s,0.5,gripper_action,Concept-level timing assumption.
baseline,TASK-7B1-063,TUBE-7B1-063,12,z_lift,z_axis,55.0,55.0,abs(delta_z) / z_nominal_speed_mm_s + z_accel_allowance_s,0.608,z_motion,Concept-level timing assumption.
baseline,TASK-7B1-064,TUBE-7B1-064,1,xy_move_at_safe_z,xy_axes,56.569,0.0,distance / xy_nominal_speed_mm_s + xy_accel_allowance_s,0.362,xy_motion,Concept-level timing assumption.
baseline,TASK-7B1-064,TUBE-7B1-064,2,z_descend,z_axis,45.0,45.0,abs(delta_z) / z_nominal_speed_mm_s + z_accel_allowance_s,0.525,z_motion,Concept-level timing assumption.
baseline,TASK-7B1-064,TUBE-7B1-064,3,gripper_action,gripper,0.0,0.0,grip_close_time_s,0.6,gripper_action,Concept-level timing assumption.
baseline,TASK-7B1-064,TUBE-7B1-064,4,z_lift,z_axis,45.0,45.0,abs(delta_z) / z_nominal_speed_mm_s + z_accel_allowance_s,0.525,z_motion,Concept-level timing assumption.
baseline,TASK-7B1-064,TUBE-7B1-064,5,xy_move_at_safe_z,xy_axes,44.721,0.0,distance / xy_nominal_speed_mm_s + xy_accel_allowance_s,0.328,xy_motion,Concept-level timing assumption.
baseline,TASK-7B1-064,TUBE-7B1-064,6,z_descend,z_axis,35.0,35.0,abs(delta_z) / z_nominal_speed_mm_s + z_accel_allowance_s,0.442,z_motion,Concept-level timing assumption.
baseline,TASK-7B1-064,TUBE-7B1-064,7,scan_wait,dwell,0.0,0.0,scan_wait_time_s,1.0,scan_wait,Concept-level timing assumption.
baseline,TASK-7B1-064,TUBE-7B1-064,8,z_lift,z_axis,35.0,35.0,abs(delta_z) / z_nominal_speed_mm_s + z_accel_allowance_s,0.442,z_motion,Concept-level timing assumption.
baseline,TASK-7B1-064,TUBE-7B1-064,9,xy_move_at_safe_z,xy_axes,233.452,0.0,distance / xy_nominal_speed_mm_s + xy_accel_allowance_s,0.867,xy_motion,Concept-level timing assumption.
baseline,TASK-7B1-064,TUBE-7B1-064,10,z_descend,z_axis,55.0,55.0,abs(delta_z) / z_nominal_speed_mm_s + z_accel_allowance_s,0.608,z_motion,Concept-level timing assumption.
baseline,TASK-7B1-064,TUBE-7B1-064,11,gripper_action,gripper,0.0,0.0,grip_open_time_s,0.5,gripper_action,Concept-level timing assumption.
baseline,TASK-7B1-064,TUBE-7B1-064,12,z_lift,z_axis,55.0,55.0,abs(delta_z) / z_nominal_speed_mm_s + z_accel_allowance_s,0.608,z_motion,Concept-level timing assumption.
baseline,TASK-7B1-065,TUBE-7B1-065,1,xy_move_at_safe_z,xy_axes,76.322,0.0,distance / xy_nominal_speed_mm_s + xy_accel_allowance_s,0.418,xy_motion,Concept-level timing assumption.
baseline,TASK-7B1-065,TUBE-7B1-065,2,z_descend,z_axis,45.0,45.0,abs(delta_z) / z_nominal_speed_mm_s + z_accel_allowance_s,0.525,z_motion,Concept-level timing assumption.
baseline,TASK-7B1-065,TUBE-7B1-065,3,gripper_action,gripper,0.0,0.0,grip_close_time_s,0.6,gripper_action,Concept-level timing assumption.
baseline,TASK-7B1-065,TUBE-7B1-065,4,z_lift,z_axis,45.0,45.0,abs(delta_z) / z_nominal_speed_mm_s + z_accel_allowance_s,0.525,z_motion,Concept-level timing assumption.
baseline,TASK-7B1-065,TUBE-7B1-065,5,xy_move_at_safe_z,xy_axes,68.007,0.0,distance / xy_nominal_speed_mm_s + xy_accel_allowance_s,0.394,xy_motion,Concept-level timing assumption.
baseline,TASK-7B1-065,TUBE-7B1-065,6,z_descend,z_axis,35.0,35.0,abs(delta_z) / z_nominal_speed_mm_s + z_accel_allowance_s,0.442,z_motion,Concept-level timing assumption.
baseline,TASK-7B1-065,TUBE-7B1-065,7,scan_wait,dwell,0.0,0.0,scan_wait_time_s,1.0,scan_wait,Concept-level timing assumption.
baseline,TASK-7B1-065,TUBE-7B1-065,8,z_lift,z_axis,35.0,35.0,abs(delta_z) / z_nominal_speed_mm_s + z_accel_allowance_s,0.442,z_motion,Concept-level timing assumption.
baseline,TASK-7B1-065,TUBE-7B1-065,9,xy_move_at_safe_z,xy_axes,382.099,0.0,distance / xy_nominal_speed_mm_s + xy_accel_allowance_s,1.292,xy_motion,Concept-level timing assumption.
baseline,TASK-7B1-065,TUBE-7B1-065,10,z_descend,z_axis,55.0,55.0,abs(delta_z) / z_nominal_speed_mm_s + z_accel_allowance_s,0.608,z_motion,Concept-level timing assumption.
baseline,TASK-7B1-065,TUBE-7B1-065,11,gripper_action,gripper,0.0,0.0,grip_open_time_s,0.5,gripper_action,Concept-level timing assumption.
baseline,TASK-7B1-065,TUBE-7B1-065,12,z_lift,z_axis,55.0,55.0,abs(delta_z) / z_nominal_speed_mm_s + z_accel_allowance_s,0.608,z_motion,Concept-level timing assumption.
baseline,TASK-7B1-066,TUBE-7B1-066,1,xy_move_at_safe_z,xy_axes,88.459,0.0,distance / xy_nominal_speed_mm_s + xy_accel_allowance_s,0.453,xy_motion,Concept-level timing assumption.
baseline,TASK-7B1-066,TUBE-7B1-066,2,z_descend,z_axis,45.0,45.0,abs(delta_z) / z_nominal_speed_mm_s + z_accel_allowance_s,0.525,z_motion,Concept-level timing assumption.
baseline,TASK-7B1-066,TUBE-7B1-066,3,gripper_action,gripper,0.0,0.0,grip_close_time_s,0.6,gripper_action,Concept-level timing assumption.
baseline,TASK-7B1-066,TUBE-7B1-066,4,z_lift,z_axis,45.0,45.0,abs(delta_z) / z_nominal_speed_mm_s + z_accel_allowance_s,0.525,z_motion,Concept-level timing assumption.
baseline,TASK-7B1-066,TUBE-7B1-066,5,xy_move_at_safe_z,xy_axes,75.0,0.0,distance / xy_nominal_speed_mm_s + xy_accel_allowance_s,0.414,xy_motion,Concept-level timing assumption.
baseline,TASK-7B1-066,TUBE-7B1-066,6,z_descend,z_axis,35.0,35.0,abs(delta_z) / z_nominal_speed_mm_s + z_accel_allowance_s,0.442,z_motion,Concept-level timing assumption.
baseline,TASK-7B1-066,TUBE-7B1-066,7,scan_wait,dwell,0.0,0.0,scan_wait_time_s,1.0,scan_wait,Concept-level timing assumption.
baseline,TASK-7B1-066,TUBE-7B1-066,8,z_lift,z_axis,35.0,35.0,abs(delta_z) / z_nominal_speed_mm_s + z_accel_allowance_s,0.442,z_motion,Concept-level timing assumption.
baseline,TASK-7B1-066,TUBE-7B1-066,9,xy_move_at_safe_z,xy_axes,290.904,0.0,distance / xy_nominal_speed_mm_s + xy_accel_allowance_s,1.031,xy_motion,Concept-level timing assumption.
baseline,TASK-7B1-066,TUBE-7B1-066,10,z_descend,z_axis,55.0,55.0,abs(delta_z) / z_nominal_speed_mm_s + z_accel_allowance_s,0.608,z_motion,Concept-level timing assumption.
baseline,TASK-7B1-066,TUBE-7B1-066,11,gripper_action,gripper,0.0,0.0,grip_open_time_s,0.5,gripper_action,Concept-level timing assumption.
baseline,TASK-7B1-066,TUBE-7B1-066,12,z_lift,z_axis,55.0,55.0,abs(delta_z) / z_nominal_speed_mm_s + z_accel_allowance_s,0.608,z_motion,Concept-level timing assumption.
baseline,TASK-7B1-067,TUBE-7B1-067,1,xy_move_at_safe_z,xy_axes,65.765,0.0,distance / xy_nominal_speed_mm_s + xy_accel_allowance_s,0.388,xy_motion,Concept-level timing assumption.
baseline,TASK-7B1-067,TUBE-7B1-067,2,z_descend,z_axis,45.0,45.0,abs(delta_z) / z_nominal_speed_mm_s + z_accel_allowance_s,0.525,z_motion,Concept-level timing assumption.
baseline,TASK-7B1-067,TUBE-7B1-067,3,gripper_action,gripper,0.0,0.0,grip_close_time_s,0.6,gripper_action,Concept-level timing assumption.
baseline,TASK-7B1-067,TUBE-7B1-067,4,z_lift,z_axis,45.0,45.0,abs(delta_z) / z_nominal_speed_mm_s + z_accel_allowance_s,0.525,z_motion,Concept-level timing assumption.
baseline,TASK-7B1-067,TUBE-7B1-067,5,xy_move_at_safe_z,xy_axes,46.098,0.0,distance / xy_nominal_speed_mm_s + xy_accel_allowance_s,0.332,xy_motion,Concept-level timing assumption.
baseline,TASK-7B1-067,TUBE-7B1-067,6,z_descend,z_axis,35.0,35.0,abs(delta_z) / z_nominal_speed_mm_s + z_accel_allowance_s,0.442,z_motion,Concept-level timing assumption.
baseline,TASK-7B1-067,TUBE-7B1-067,7,scan_wait,dwell,0.0,0.0,scan_wait_time_s,1.0,scan_wait,Concept-level timing assumption.
baseline,TASK-7B1-067,TUBE-7B1-067,8,z_lift,z_axis,35.0,35.0,abs(delta_z) / z_nominal_speed_mm_s + z_accel_allowance_s,0.442,z_motion,Concept-level timing assumption.
baseline,TASK-7B1-067,TUBE-7B1-067,9,xy_move_at_safe_z,xy_axes,428.515,0.0,distance / xy_nominal_speed_mm_s + xy_accel_allowance_s,1.424,xy_motion,Concept-level timing assumption.
baseline,TASK-7B1-067,TUBE-7B1-067,10,z_descend,z_axis,55.0,55.0,abs(delta_z) / z_nominal_speed_mm_s + z_accel_allowance_s,0.608,z_motion,Concept-level timing assumption.
baseline,TASK-7B1-067,TUBE-7B1-067,11,gripper_action,gripper,0.0,0.0,grip_open_time_s,0.5,gripper_action,Concept-level timing assumption.
baseline,TASK-7B1-067,TUBE-7B1-067,12,z_lift,z_axis,55.0,55.0,abs(delta_z) / z_nominal_speed_mm_s + z_accel_allowance_s,0.608,z_motion,Concept-level timing assumption.
baseline,TASK-7B1-068,TUBE-7B1-068,1,xy_move_at_safe_z,xy_axes,66.708,0.0,distance / xy_nominal_speed_mm_s + xy_accel_allowance_s,0.391,xy_motion,Concept-level timing assumption.
baseline,TASK-7B1-068,TUBE-7B1-068,2,z_descend,z_axis,45.0,45.0,abs(delta_z) / z_nominal_speed_mm_s + z_accel_allowance_s,0.525,z_motion,Concept-level timing assumption.
baseline,TASK-7B1-068,TUBE-7B1-068,3,gripper_action,gripper,0.0,0.0,grip_close_time_s,0.6,gripper_action,Concept-level timing assumption.
baseline,TASK-7B1-068,TUBE-7B1-068,4,z_lift,z_axis,45.0,45.0,abs(delta_z) / z_nominal_speed_mm_s + z_accel_allowance_s,0.525,z_motion,Concept-level timing assumption.
baseline,TASK-7B1-068,TUBE-7B1-068,5,xy_move_at_safe_z,xy_axes,47.434,0.0,distance / xy_nominal_speed_mm_s + xy_accel_allowance_s,0.336,xy_motion,Concept-level timing assumption.
baseline,TASK-7B1-068,TUBE-7B1-068,6,z_descend,z_axis,35.0,35.0,abs(delta_z) / z_nominal_speed_mm_s + z_accel_allowance_s,0.442,z_motion,Concept-level timing assumption.
baseline,TASK-7B1-068,TUBE-7B1-068,7,scan_wait,dwell,0.0,0.0,scan_wait_time_s,1.0,scan_wait,Concept-level timing assumption.
baseline,TASK-7B1-068,TUBE-7B1-068,8,z_lift,z_axis,35.0,35.0,abs(delta_z) / z_nominal_speed_mm_s + z_accel_allowance_s,0.442,z_motion,Concept-level timing assumption.
baseline,TASK-7B1-068,TUBE-7B1-068,9,xy_move_at_safe_z,xy_axes,258.118,0.0,distance / xy_nominal_speed_mm_s + xy_accel_allowance_s,0.937,xy_motion,Concept-level timing assumption.
baseline,TASK-7B1-068,TUBE-7B1-068,10,z_descend,z_axis,55.0,55.0,abs(delta_z) / z_nominal_speed_mm_s + z_accel_allowance_s,0.608,z_motion,Concept-level timing assumption.
baseline,TASK-7B1-068,TUBE-7B1-068,11,gripper_action,gripper,0.0,0.0,grip_open_time_s,0.5,gripper_action,Concept-level timing assumption.
baseline,TASK-7B1-068,TUBE-7B1-068,12,z_lift,z_axis,55.0,55.0,abs(delta_z) / z_nominal_speed_mm_s + z_accel_allowance_s,0.608,z_motion,Concept-level timing assumption.
baseline,TASK-7B1-069,TUBE-7B1-069,1,xy_move_at_safe_z,xy_axes,76.322,0.0,distance / xy_nominal_speed_mm_s + xy_accel_allowance_s,0.418,xy_motion,Concept-level timing assumption.
baseline,TASK-7B1-069,TUBE-7B1-069,2,z_descend,z_axis,45.0,45.0,abs(delta_z) / z_nominal_speed_mm_s + z_accel_allowance_s,0.525,z_motion,Concept-level timing assumption.
baseline,TASK-7B1-069,TUBE-7B1-069,3,gripper_action,gripper,0.0,0.0,grip_close_time_s,0.6,gripper_action,Concept-level timing assumption.
baseline,TASK-7B1-069,TUBE-7B1-069,4,z_lift,z_axis,45.0,45.0,abs(delta_z) / z_nominal_speed_mm_s + z_accel_allowance_s,0.525,z_motion,Concept-level timing assumption.
baseline,TASK-7B1-069,TUBE-7B1-069,5,xy_move_at_safe_z,xy_axes,60.208,0.0,distance / xy_nominal_speed_mm_s + xy_accel_allowance_s,0.372,xy_motion,Concept-level timing assumption.
baseline,TASK-7B1-069,TUBE-7B1-069,6,z_descend,z_axis,35.0,35.0,abs(delta_z) / z_nominal_speed_mm_s + z_accel_allowance_s,0.442,z_motion,Concept-level timing assumption.
baseline,TASK-7B1-069,TUBE-7B1-069,7,scan_wait,dwell,0.0,0.0,scan_wait_time_s,1.0,scan_wait,Concept-level timing assumption.
baseline,TASK-7B1-069,TUBE-7B1-069,8,z_lift,z_axis,35.0,35.0,abs(delta_z) / z_nominal_speed_mm_s + z_accel_allowance_s,0.442,z_motion,Concept-level timing assumption.
baseline,TASK-7B1-069,TUBE-7B1-069,9,xy_move_at_safe_z,xy_axes,406.971,0.0,distance / xy_nominal_speed_mm_s + xy_accel_allowance_s,1.363,xy_motion,Concept-level timing assumption.
baseline,TASK-7B1-069,TUBE-7B1-069,10,z_descend,z_axis,55.0,55.0,abs(delta_z) / z_nominal_speed_mm_s + z_accel_allowance_s,0.608,z_motion,Concept-level timing assumption.
baseline,TASK-7B1-069,TUBE-7B1-069,11,gripper_action,gripper,0.0,0.0,grip_open_time_s,0.5,gripper_action,Concept-level timing assumption.
baseline,TASK-7B1-069,TUBE-7B1-069,12,z_lift,z_axis,55.0,55.0,abs(delta_z) / z_nominal_speed_mm_s + z_accel_allowance_s,0.608,z_motion,Concept-level timing assumption.
forced_category_A_full,TASK-7B1-002,TUBE-7B1-002,1,xy_move_at_safe_z,xy_axes,274.089,0.0,distance / xy_nominal_speed_mm_s + xy_accel_allowance_s,0.983,xy_motion,Concept-level timing assumption.
forced_category_A_full,TASK-7B1-002,TUBE-7B1-002,2,z_descend,z_axis,45.0,45.0,abs(delta_z) / z_nominal_speed_mm_s + z_accel_allowance_s,0.525,z_motion,Concept-level timing assumption.
forced_category_A_full,TASK-7B1-002,TUBE-7B1-002,3,gripper_action,gripper,0.0,0.0,grip_close_time_s,0.6,gripper_action,Concept-level timing assumption.
forced_category_A_full,TASK-7B1-002,TUBE-7B1-002,4,z_lift,z_axis,45.0,45.0,abs(delta_z) / z_nominal_speed_mm_s + z_accel_allowance_s,0.525,z_motion,Concept-level timing assumption.
forced_category_A_full,TASK-7B1-002,TUBE-7B1-002,5,xy_move_at_safe_z,xy_axes,286.923,0.0,distance / xy_nominal_speed_mm_s + xy_accel_allowance_s,1.02,xy_motion,Concept-level timing assumption.
forced_category_A_full,TASK-7B1-002,TUBE-7B1-002,6,z_descend,z_axis,35.0,35.0,abs(delta_z) / z_nominal_speed_mm_s + z_accel_allowance_s,0.442,z_motion,Concept-level timing assumption.
forced_category_A_full,TASK-7B1-002,TUBE-7B1-002,7,scan_wait,dwell,0.0,0.0,scan_wait_time_s,1.0,scan_wait,Concept-level timing assumption.
forced_category_A_full,TASK-7B1-002,TUBE-7B1-002,8,z_lift,z_axis,35.0,35.0,abs(delta_z) / z_nominal_speed_mm_s + z_accel_allowance_s,0.442,z_motion,Concept-level timing assumption.
forced_category_A_full,TASK-7B1-002,TUBE-7B1-002,9,xy_move_at_safe_z,xy_axes,380.789,0.0,distance / xy_nominal_speed_mm_s + xy_accel_allowance_s,1.288,xy_motion,Concept-level timing assumption.
forced_category_A_full,TASK-7B1-002,TUBE-7B1-002,10,z_descend,z_axis,55.0,55.0,abs(delta_z) / z_nominal_speed_mm_s + z_accel_allowance_s,0.608,z_motion,Concept-level timing assumption.
forced_category_A_full,TASK-7B1-002,TUBE-7B1-002,11,gripper_action,gripper,0.0,0.0,grip_open_time_s,0.5,gripper_action,Concept-level timing assumption.
forced_category_A_full,TASK-7B1-002,TUBE-7B1-002,12,z_lift,z_axis,55.0,55.0,abs(delta_z) / z_nominal_speed_mm_s + z_accel_allowance_s,0.608,z_motion,Concept-level timing assumption.
forced_category_A_full,TASK-7B1-003,TUBE-7B1-003,1,xy_move_at_safe_z,xy_axes,254.951,0.0,distance / xy_nominal_speed_mm_s + xy_accel_allowance_s,0.928,xy_motion,Concept-level timing assumption.
forced_category_A_full,TASK-7B1-003,TUBE-7B1-003,2,z_descend,z_axis,45.0,45.0,abs(delta_z) / z_nominal_speed_mm_s + z_accel_allowance_s,0.525,z_motion,Concept-level timing assumption.
forced_category_A_full,TASK-7B1-003,TUBE-7B1-003,3,gripper_action,gripper,0.0,0.0,grip_close_time_s,0.6,gripper_action,Concept-level timing assumption.
forced_category_A_full,TASK-7B1-003,TUBE-7B1-003,4,z_lift,z_axis,45.0,45.0,abs(delta_z) / z_nominal_speed_mm_s + z_accel_allowance_s,0.525,z_motion,Concept-level timing assumption.
forced_category_A_full,TASK-7B1-003,TUBE-7B1-003,5,xy_move_at_safe_z,xy_axes,268.701,0.0,distance / xy_nominal_speed_mm_s + xy_accel_allowance_s,0.968,xy_motion,Concept-level timing assumption.
forced_category_A_full,TASK-7B1-003,TUBE-7B1-003,6,z_descend,z_axis,35.0,35.0,abs(delta_z) / z_nominal_speed_mm_s + z_accel_allowance_s,0.442,z_motion,Concept-level timing assumption.
forced_category_A_full,TASK-7B1-003,TUBE-7B1-003,7,scan_wait,dwell,0.0,0.0,scan_wait_time_s,1.0,scan_wait,Concept-level timing assumption.
forced_category_A_full,TASK-7B1-003,TUBE-7B1-003,8,z_lift,z_axis,35.0,35.0,abs(delta_z) / z_nominal_speed_mm_s + z_accel_allowance_s,0.442,z_motion,Concept-level timing assumption.
forced_category_A_full,TASK-7B1-003,TUBE-7B1-003,9,xy_move_at_safe_z,xy_axes,180.278,0.0,distance / xy_nominal_speed_mm_s + xy_accel_allowance_s,0.715,xy_motion,Concept-level timing assumption.
forced_category_A_full,TASK-7B1-003,TUBE-7B1-003,10,z_descend,z_axis,55.0,55.0,abs(delta_z) / z_nominal_speed_mm_s + z_accel_allowance_s,0.608,z_motion,Concept-level timing assumption.
forced_category_A_full,TASK-7B1-003,TUBE-7B1-003,11,gripper_action,gripper,0.0,0.0,grip_open_time_s,0.5,gripper_action,Concept-level timing assumption.
forced_category_A_full,TASK-7B1-003,TUBE-7B1-003,12,z_lift,z_axis,55.0,55.0,abs(delta_z) / z_nominal_speed_mm_s + z_accel_allowance_s,0.608,z_motion,Concept-level timing assumption.
forced_category_A_full,TASK-7B1-004,TUBE-7B1-004,1,xy_move_at_safe_z,xy_axes,220.227,0.0,distance / xy_nominal_speed_mm_s + xy_accel_allowance_s,0.829,xy_motion,Concept-level timing assumption.
forced_category_A_full,TASK-7B1-004,TUBE-7B1-004,2,z_descend,z_axis,45.0,45.0,abs(delta_z) / z_nominal_speed_mm_s + z_accel_allowance_s,0.525,z_motion,Concept-level timing assumption.
forced_category_A_full,TASK-7B1-004,TUBE-7B1-004,3,gripper_action,gripper,0.0,0.0,grip_close_time_s,0.6,gripper_action,Concept-level timing assumption.
forced_category_A_full,TASK-7B1-004,TUBE-7B1-004,4,z_lift,z_axis,45.0,45.0,abs(delta_z) / z_nominal_speed_mm_s + z_accel_allowance_s,0.525,z_motion,Concept-level timing assumption.
forced_category_A_full,TASK-7B1-004,TUBE-7B1-004,5,xy_move_at_safe_z,xy_axes,236.008,0.0,distance / xy_nominal_speed_mm_s + xy_accel_allowance_s,0.874,xy_motion,Concept-level timing assumption.
forced_category_A_full,TASK-7B1-004,TUBE-7B1-004,6,z_descend,z_axis,35.0,35.0,abs(delta_z) / z_nominal_speed_mm_s + z_accel_allowance_s,0.442,z_motion,Concept-level timing assumption.
forced_category_A_full,TASK-7B1-004,TUBE-7B1-004,7,scan_wait,dwell,0.0,0.0,scan_wait_time_s,1.0,scan_wait,Concept-level timing assumption.
forced_category_A_full,TASK-7B1-004,TUBE-7B1-004,8,z_lift,z_axis,35.0,35.0,abs(delta_z) / z_nominal_speed_mm_s + z_accel_allowance_s,0.442,z_motion,Concept-level timing assumption.
forced_category_A_full,TASK-7B1-004,TUBE-7B1-004,9,xy_move_at_safe_z,xy_axes,491.35,0.0,distance / xy_nominal_speed_mm_s + xy_accel_allowance_s,1.604,xy_motion,Concept-level timing assumption.
forced_category_A_full,TASK-7B1-004,TUBE-7B1-004,10,z_descend,z_axis,55.0,55.0,abs(delta_z) / z_nominal_speed_mm_s + z_accel_allowance_s,0.608,z_motion,Concept-level timing assumption.
forced_category_A_full,TASK-7B1-004,TUBE-7B1-004,11,gripper_action,gripper,0.0,0.0,grip_open_time_s,0.5,gripper_action,Concept-level timing assumption.
forced_category_A_full,TASK-7B1-004,TUBE-7B1-004,12,z_lift,z_axis,55.0,55.0,abs(delta_z) / z_nominal_speed_mm_s + z_accel_allowance_s,0.608,z_motion,Concept-level timing assumption.
forced_category_A_full,TASK-7B1-005,TUBE-7B1-005,1,xy_move_at_safe_z,xy_axes,205.244,0.0,distance / xy_nominal_speed_mm_s + xy_accel_allowance_s,0.786,xy_motion,Concept-level timing assumption.
forced_category_A_full,TASK-7B1-005,TUBE-7B1-005,2,z_descend,z_axis,45.0,45.0,abs(delta_z) / z_nominal_speed_mm_s + z_accel_allowance_s,0.525,z_motion,Concept-level timing assumption.
forced_category_A_full,TASK-7B1-005,TUBE-7B1-005,3,gripper_action,gripper,0.0,0.0,grip_close_time_s,0.6,gripper_action,Concept-level timing assumption.
forced_category_A_full,TASK-7B1-005,TUBE-7B1-005,4,z_lift,z_axis,45.0,45.0,abs(delta_z) / z_nominal_speed_mm_s + z_accel_allowance_s,0.525,z_motion,Concept-level timing assumption.
forced_category_A_full,TASK-7B1-005,TUBE-7B1-005,5,xy_move_at_safe_z,xy_axes,222.092,0.0,distance / xy_nominal_speed_mm_s + xy_accel_allowance_s,0.835,xy_motion,Concept-level timing assumption.
forced_category_A_full,TASK-7B1-005,TUBE-7B1-005,6,z_descend,z_axis,35.0,35.0,abs(delta_z) / z_nominal_speed_mm_s + z_accel_allowance_s,0.442,z_motion,Concept-level timing assumption.
forced_category_A_full,TASK-7B1-005,TUBE-7B1-005,7,scan_wait,dwell,0.0,0.0,scan_wait_time_s,1.0,scan_wait,Concept-level timing assumption.
forced_category_A_full,TASK-7B1-005,TUBE-7B1-005,8,z_lift,z_axis,35.0,35.0,abs(delta_z) / z_nominal_speed_mm_s + z_accel_allowance_s,0.442,z_motion,Concept-level timing assumption.
forced_category_A_full,TASK-7B1-005,TUBE-7B1-005,9,xy_move_at_safe_z,xy_axes,330.151,0.0,distance / xy_nominal_speed_mm_s + xy_accel_allowance_s,1.143,xy_motion,Concept-level timing assumption.
forced_category_A_full,TASK-7B1-005,TUBE-7B1-005,10,z_descend,z_axis,55.0,55.0,abs(delta_z) / z_nominal_speed_mm_s + z_accel_allowance_s,0.608,z_motion,Concept-level timing assumption.
forced_category_A_full,TASK-7B1-005,TUBE-7B1-005,11,gripper_action,gripper,0.0,0.0,grip_open_time_s,0.5,gripper_action,Concept-level timing assumption.
forced_category_A_full,TASK-7B1-005,TUBE-7B1-005,12,z_lift,z_axis,55.0,55.0,abs(delta_z) / z_nominal_speed_mm_s + z_accel_allowance_s,0.608,z_motion,Concept-level timing assumption.
forced_category_A_full,TASK-7B1-007,TUBE-7B1-007,1,xy_move_at_safe_z,xy_axes,239.008,0.0,distance / xy_nominal_speed_mm_s + xy_accel_allowance_s,0.883,xy_motion,Concept-level timing assumption.
forced_category_A_full,TASK-7B1-007,TUBE-7B1-007,2,z_descend,z_axis,45.0,45.0,abs(delta_z) / z_nominal_speed_mm_s + z_accel_allowance_s,0.525,z_motion,Concept-level timing assumption.
forced_category_A_full,TASK-7B1-007,TUBE-7B1-007,3,gripper_action,gripper,0.0,0.0,grip_close_time_s,0.6,gripper_action,Concept-level timing assumption.
forced_category_A_full,TASK-7B1-007,TUBE-7B1-007,4,z_lift,z_axis,45.0,45.0,abs(delta_z) / z_nominal_speed_mm_s + z_accel_allowance_s,0.525,z_motion,Concept-level timing assumption.
forced_category_A_full,TASK-7B1-007,TUBE-7B1-007,5,xy_move_at_safe_z,xy_axes,251.645,0.0,distance / xy_nominal_speed_mm_s + xy_accel_allowance_s,0.919,xy_motion,Concept-level timing assumption.
forced_category_A_full,TASK-7B1-007,TUBE-7B1-007,6,z_descend,z_axis,35.0,35.0,abs(delta_z) / z_nominal_speed_mm_s + z_accel_allowance_s,0.442,z_motion,Concept-level timing assumption.
forced_category_A_full,TASK-7B1-007,TUBE-7B1-007,7,scan_wait,dwell,0.0,0.0,scan_wait_time_s,1.0,scan_wait,Concept-level timing assumption.
forced_category_A_full,TASK-7B1-007,TUBE-7B1-007,8,z_lift,z_axis,35.0,35.0,abs(delta_z) / z_nominal_speed_mm_s + z_accel_allowance_s,0.442,z_motion,Concept-level timing assumption.
forced_category_A_full,TASK-7B1-007,TUBE-7B1-007,9,xy_move_at_safe_z,xy_axes,402.647,0.0,distance / xy_nominal_speed_mm_s + xy_accel_allowance_s,1.35,xy_motion,Concept-level timing assumption.
forced_category_A_full,TASK-7B1-007,TUBE-7B1-007,10,z_descend,z_axis,55.0,55.0,abs(delta_z) / z_nominal_speed_mm_s + z_accel_allowance_s,0.608,z_motion,Concept-level timing assumption.
forced_category_A_full,TASK-7B1-007,TUBE-7B1-007,11,gripper_action,gripper,0.0,0.0,grip_open_time_s,0.5,gripper_action,Concept-level timing assumption.
forced_category_A_full,TASK-7B1-007,TUBE-7B1-007,12,z_lift,z_axis,55.0,55.0,abs(delta_z) / z_nominal_speed_mm_s + z_accel_allowance_s,0.608,z_motion,Concept-level timing assumption.
forced_category_A_full,TASK-7B1-008,TUBE-7B1-008,1,xy_move_at_safe_z,xy_axes,219.659,0.0,distance / xy_nominal_speed_mm_s + xy_accel_allowance_s,0.828,xy_motion,Concept-level timing assumption.
forced_category_A_full,TASK-7B1-008,TUBE-7B1-008,2,z_descend,z_axis,45.0,45.0,abs(delta_z) / z_nominal_speed_mm_s + z_accel_allowance_s,0.525,z_motion,Concept-level timing assumption.
forced_category_A_full,TASK-7B1-008,TUBE-7B1-008,3,gripper_action,gripper,0.0,0.0,grip_close_time_s,0.6,gripper_action,Concept-level timing assumption.
forced_category_A_full,TASK-7B1-008,TUBE-7B1-008,4,z_lift,z_axis,45.0,45.0,abs(delta_z) / z_nominal_speed_mm_s + z_accel_allowance_s,0.525,z_motion,Concept-level timing assumption.
forced_category_A_full,TASK-7B1-008,TUBE-7B1-008,5,xy_move_at_safe_z,xy_axes,233.345,0.0,distance / xy_nominal_speed_mm_s + xy_accel_allowance_s,0.867,xy_motion,Concept-level timing assumption.
forced_category_A_full,TASK-7B1-008,TUBE-7B1-008,6,z_descend,z_axis,35.0,35.0,abs(delta_z) / z_nominal_speed_mm_s + z_accel_allowance_s,0.442,z_motion,Concept-level timing assumption.
forced_category_A_full,TASK-7B1-008,TUBE-7B1-008,7,scan_wait,dwell,0.0,0.0,scan_wait_time_s,1.0,scan_wait,Concept-level timing assumption.
forced_category_A_full,TASK-7B1-008,TUBE-7B1-008,8,z_lift,z_axis,35.0,35.0,abs(delta_z) / z_nominal_speed_mm_s + z_accel_allowance_s,0.442,z_motion,Concept-level timing assumption.
forced_category_A_full,TASK-7B1-008,TUBE-7B1-008,9,xy_move_at_safe_z,xy_axes,205.244,0.0,distance / xy_nominal_speed_mm_s + xy_accel_allowance_s,0.786,xy_motion,Concept-level timing assumption.
forced_category_A_full,TASK-7B1-008,TUBE-7B1-008,10,z_descend,z_axis,55.0,55.0,abs(delta_z) / z_nominal_speed_mm_s + z_accel_allowance_s,0.608,z_motion,Concept-level timing assumption.
forced_category_A_full,TASK-7B1-008,TUBE-7B1-008,11,gripper_action,gripper,0.0,0.0,grip_open_time_s,0.5,gripper_action,Concept-level timing assumption.
forced_category_A_full,TASK-7B1-008,TUBE-7B1-008,12,z_lift,z_axis,55.0,55.0,abs(delta_z) / z_nominal_speed_mm_s + z_accel_allowance_s,0.608,z_motion,Concept-level timing assumption.
forced_category_A_full,TASK-7B1-009,TUBE-7B1-009,1,xy_move_at_safe_z,xy_axes,201.556,0.0,distance / xy_nominal_speed_mm_s + xy_accel_allowance_s,0.776,xy_motion,Concept-level timing assumption.
forced_category_A_full,TASK-7B1-009,TUBE-7B1-009,2,z_descend,z_axis,45.0,45.0,abs(delta_z) / z_nominal_speed_mm_s + z_accel_allowance_s,0.525,z_motion,Concept-level timing assumption.
forced_category_A_full,TASK-7B1-009,TUBE-7B1-009,3,gripper_action,gripper,0.0,0.0,grip_close_time_s,0.6,gripper_action,Concept-level timing assumption.
forced_category_A_full,TASK-7B1-009,TUBE-7B1-009,4,z_lift,z_axis,45.0,45.0,abs(delta_z) / z_nominal_speed_mm_s + z_accel_allowance_s,0.525,z_motion,Concept-level timing assumption.
forced_category_A_full,TASK-7B1-009,TUBE-7B1-009,5,xy_move_at_safe_z,xy_axes,216.391,0.0,distance / xy_nominal_speed_mm_s + xy_accel_allowance_s,0.818,xy_motion,Concept-level timing assumption.
forced_category_A_full,TASK-7B1-009,TUBE-7B1-009,6,z_descend,z_axis,35.0,35.0,abs(delta_z) / z_nominal_speed_mm_s + z_accel_allowance_s,0.442,z_motion,Concept-level timing assumption.
forced_category_A_full,TASK-7B1-009,TUBE-7B1-009,7,scan_wait,dwell,0.0,0.0,scan_wait_time_s,1.0,scan_wait,Concept-level timing assumption.
forced_category_A_full,TASK-7B1-009,TUBE-7B1-009,8,z_lift,z_axis,35.0,35.0,abs(delta_z) / z_nominal_speed_mm_s + z_accel_allowance_s,0.442,z_motion,Concept-level timing assumption.
forced_category_A_full,TASK-7B1-009,TUBE-7B1-009,9,xy_move_at_safe_z,xy_axes,355.141,0.0,distance / xy_nominal_speed_mm_s + xy_accel_allowance_s,1.215,xy_motion,Concept-level timing assumption.
forced_category_A_full,TASK-7B1-009,TUBE-7B1-009,10,z_descend,z_axis,55.0,55.0,abs(delta_z) / z_nominal_speed_mm_s + z_accel_allowance_s,0.608,z_motion,Concept-level timing assumption.
forced_category_A_full,TASK-7B1-009,TUBE-7B1-009,11,gripper_action,gripper,0.0,0.0,grip_open_time_s,0.5,gripper_action,Concept-level timing assumption.
forced_category_A_full,TASK-7B1-009,TUBE-7B1-009,12,z_lift,z_axis,55.0,55.0,abs(delta_z) / z_nominal_speed_mm_s + z_accel_allowance_s,0.608,z_motion,Concept-level timing assumption.
forced_category_A_full,TASK-7B1-011,TUBE-7B1-011,1,xy_move_at_safe_z,xy_axes,246.221,0.0,distance / xy_nominal_speed_mm_s + xy_accel_allowance_s,0.903,xy_motion,Concept-level timing assumption.
forced_category_A_full,TASK-7B1-011,TUBE-7B1-011,2,z_descend,z_axis,45.0,45.0,abs(delta_z) / z_nominal_speed_mm_s + z_accel_allowance_s,0.525,z_motion,Concept-level timing assumption.
forced_category_A_full,TASK-7B1-011,TUBE-7B1-011,3,gripper_action,gripper,0.0,0.0,grip_close_time_s,0.6,gripper_action,Concept-level timing assumption.
forced_category_A_full,TASK-7B1-011,TUBE-7B1-011,4,z_lift,z_axis,45.0,45.0,abs(delta_z) / z_nominal_speed_mm_s + z_accel_allowance_s,0.525,z_motion,Concept-level timing assumption.
forced_category_A_full,TASK-7B1-011,TUBE-7B1-011,5,xy_move_at_safe_z,xy_axes,256.564,0.0,distance / xy_nominal_speed_mm_s + xy_accel_allowance_s,0.933,xy_motion,Concept-level timing assumption.
forced_category_A_full,TASK-7B1-011,TUBE-7B1-011,6,z_descend,z_axis,35.0,35.0,abs(delta_z) / z_nominal_speed_mm_s + z_accel_allowance_s,0.442,z_motion,Concept-level timing assumption.
forced_category_A_full,TASK-7B1-011,TUBE-7B1-011,7,scan_wait,dwell,0.0,0.0,scan_wait_time_s,1.0,scan_wait,Concept-level timing assumption.
forced_category_A_full,TASK-7B1-011,TUBE-7B1-011,8,z_lift,z_axis,35.0,35.0,abs(delta_z) / z_nominal_speed_mm_s + z_accel_allowance_s,0.442,z_motion,Concept-level timing assumption.
forced_category_A_full,TASK-7B1-011,TUBE-7B1-011,9,xy_move_at_safe_z,xy_axes,424.853,0.0,distance / xy_nominal_speed_mm_s + xy_accel_allowance_s,1.414,xy_motion,Concept-level timing assumption.
forced_category_A_full,TASK-7B1-011,TUBE-7B1-011,10,z_descend,z_axis,55.0,55.0,abs(delta_z) / z_nominal_speed_mm_s + z_accel_allowance_s,0.608,z_motion,Concept-level timing assumption.
forced_category_A_full,TASK-7B1-011,TUBE-7B1-011,11,gripper_action,gripper,0.0,0.0,grip_open_time_s,0.5,gripper_action,Concept-level timing assumption.
forced_category_A_full,TASK-7B1-011,TUBE-7B1-011,12,z_lift,z_axis,55.0,55.0,abs(delta_z) / z_nominal_speed_mm_s + z_accel_allowance_s,0.608,z_motion,Concept-level timing assumption.
forced_category_A_full,TASK-7B1-012,TUBE-7B1-012,1,xy_move_at_safe_z,xy_axes,224.722,0.0,distance / xy_nominal_speed_mm_s + xy_accel_allowance_s,0.842,xy_motion,Concept-level timing assumption.
forced_category_A_full,TASK-7B1-012,TUBE-7B1-012,2,z_descend,z_axis,45.0,45.0,abs(delta_z) / z_nominal_speed_mm_s + z_accel_allowance_s,0.525,z_motion,Concept-level timing assumption.
forced_category_A_full,TASK-7B1-012,TUBE-7B1-012,3,gripper_action,gripper,0.0,0.0,grip_close_time_s,0.6,gripper_action,Concept-level timing assumption.
forced_category_A_full,TASK-7B1-012,TUBE-7B1-012,4,z_lift,z_axis,45.0,45.0,abs(delta_z) / z_nominal_speed_mm_s + z_accel_allowance_s,0.525,z_motion,Concept-level timing assumption.
forced_category_A_full,TASK-7B1-012,TUBE-7B1-012,5,xy_move_at_safe_z,xy_axes,236.008,0.0,distance / xy_nominal_speed_mm_s + xy_accel_allowance_s,0.874,xy_motion,Concept-level timing assumption.
forced_category_A_full,TASK-7B1-012,TUBE-7B1-012,6,z_descend,z_axis,35.0,35.0,abs(delta_z) / z_nominal_speed_mm_s + z_accel_allowance_s,0.442,z_motion,Concept-level timing assumption.
forced_category_A_full,TASK-7B1-012,TUBE-7B1-012,7,scan_wait,dwell,0.0,0.0,scan_wait_time_s,1.0,scan_wait,Concept-level timing assumption.
forced_category_A_full,TASK-7B1-012,TUBE-7B1-012,8,z_lift,z_axis,35.0,35.0,abs(delta_z) / z_nominal_speed_mm_s + z_accel_allowance_s,0.442,z_motion,Concept-level timing assumption.
forced_category_A_full,TASK-7B1-012,TUBE-7B1-012,9,xy_move_at_safe_z,xy_axes,230.217,0.0,distance / xy_nominal_speed_mm_s + xy_accel_allowance_s,0.858,xy_motion,Concept-level timing assumption.
forced_category_A_full,TASK-7B1-012,TUBE-7B1-012,10,z_descend,z_axis,55.0,55.0,abs(delta_z) / z_nominal_speed_mm_s + z_accel_allowance_s,0.608,z_motion,Concept-level timing assumption.
forced_category_A_full,TASK-7B1-012,TUBE-7B1-012,11,gripper_action,gripper,0.0,0.0,grip_open_time_s,0.5,gripper_action,Concept-level timing assumption.
forced_category_A_full,TASK-7B1-012,TUBE-7B1-012,12,z_lift,z_axis,55.0,55.0,abs(delta_z) / z_nominal_speed_mm_s + z_accel_allowance_s,0.608,z_motion,Concept-level timing assumption.
forced_category_A_full,TASK-7B1-013,TUBE-7B1-013,1,xy_move_at_safe_z,xy_axes,184.391,0.0,distance / xy_nominal_speed_mm_s + xy_accel_allowance_s,0.727,xy_motion,Concept-level timing assumption.
forced_category_A_full,TASK-7B1-013,TUBE-7B1-013,2,z_descend,z_axis,45.0,45.0,abs(delta_z) / z_nominal_speed_mm_s + z_accel_allowance_s,0.525,z_motion,Concept-level timing assumption.
forced_category_A_full,TASK-7B1-013,TUBE-7B1-013,3,gripper_action,gripper,0.0,0.0,grip_close_time_s,0.6,gripper_action,Concept-level timing assumption.
forced_category_A_full,TASK-7B1-013,TUBE-7B1-013,4,z_lift,z_axis,45.0,45.0,abs(delta_z) / z_nominal_speed_mm_s + z_accel_allowance_s,0.525,z_motion,Concept-level timing assumption.
forced_category_A_full,TASK-7B1-013,TUBE-7B1-013,5,xy_move_at_safe_z,xy_axes,197.99,0.0,distance / xy_nominal_speed_mm_s + xy_accel_allowance_s,0.766,xy_motion,Concept-level timing assumption.
forced_category_A_full,TASK-7B1-013,TUBE-7B1-013,6,z_descend,z_axis,35.0,35.0,abs(delta_z) / z_nominal_speed_mm_s + z_accel_allowance_s,0.442,z_motion,Concept-level timing assumption.
forced_category_A_full,TASK-7B1-013,TUBE-7B1-013,7,scan_wait,dwell,0.0,0.0,scan_wait_time_s,1.0,scan_wait,Concept-level timing assumption.
forced_category_A_full,TASK-7B1-013,TUBE-7B1-013,8,z_lift,z_axis,35.0,35.0,abs(delta_z) / z_nominal_speed_mm_s + z_accel_allowance_s,0.442,z_motion,Concept-level timing assumption.
forced_category_A_full,TASK-7B1-013,TUBE-7B1-013,9,xy_move_at_safe_z,xy_axes,470.16,0.0,distance / xy_nominal_speed_mm_s + xy_accel_allowance_s,1.543,xy_motion,Concept-level timing assumption.
forced_category_A_full,TASK-7B1-013,TUBE-7B1-013,10,z_descend,z_axis,55.0,55.0,abs(delta_z) / z_nominal_speed_mm_s + z_accel_allowance_s,0.608,z_motion,Concept-level timing assumption.
forced_category_A_full,TASK-7B1-013,TUBE-7B1-013,11,gripper_action,gripper,0.0,0.0,grip_open_time_s,0.5,gripper_action,Concept-level timing assumption.
forced_category_A_full,TASK-7B1-013,TUBE-7B1-013,12,z_lift,z_axis,55.0,55.0,abs(delta_z) / z_nominal_speed_mm_s + z_accel_allowance_s,0.608,z_motion,Concept-level timing assumption.
forced_category_A_full,TASK-7B1-014,TUBE-7B1-014,1,xy_move_at_safe_z,xy_axes,166.208,0.0,distance / xy_nominal_speed_mm_s + xy_accel_allowance_s,0.675,xy_motion,Concept-level timing assumption.
forced_category_A_full,TASK-7B1-014,TUBE-7B1-014,2,z_descend,z_axis,45.0,45.0,abs(delta_z) / z_nominal_speed_mm_s + z_accel_allowance_s,0.525,z_motion,Concept-level timing assumption.
forced_category_A_full,TASK-7B1-014,TUBE-7B1-014,3,gripper_action,gripper,0.0,0.0,grip_close_time_s,0.6,gripper_action,Concept-level timing assumption.
forced_category_A_full,TASK-7B1-014,TUBE-7B1-014,4,z_lift,z_axis,45.0,45.0,abs(delta_z) / z_nominal_speed_mm_s + z_accel_allowance_s,0.525,z_motion,Concept-level timing assumption.
forced_category_A_full,TASK-7B1-014,TUBE-7B1-014,5,xy_move_at_safe_z,xy_axes,181.177,0.0,distance / xy_nominal_speed_mm_s + xy_accel_allowance_s,0.718,xy_motion,Concept-level timing assumption.
forced_category_A_full,TASK-7B1-014,TUBE-7B1-014,6,z_descend,z_axis,35.0,35.0,abs(delta_z) / z_nominal_speed_mm_s + z_accel_allowance_s,0.442,z_motion,Concept-level timing assumption.
forced_category_A_full,TASK-7B1-014,TUBE-7B1-014,7,scan_wait,dwell,0.0,0.0,scan_wait_time_s,1.0,scan_wait,Concept-level timing assumption.
forced_category_A_full,TASK-7B1-014,TUBE-7B1-014,8,z_lift,z_axis,35.0,35.0,abs(delta_z) / z_nominal_speed_mm_s + z_accel_allowance_s,0.442,z_motion,Concept-level timing assumption.
forced_category_A_full,TASK-7B1-014,TUBE-7B1-014,9,xy_move_at_safe_z,xy_axes,380.132,0.0,distance / xy_nominal_speed_mm_s + xy_accel_allowance_s,1.286,xy_motion,Concept-level timing assumption.
forced_category_A_full,TASK-7B1-014,TUBE-7B1-014,10,z_descend,z_axis,55.0,55.0,abs(delta_z) / z_nominal_speed_mm_s + z_accel_allowance_s,0.608,z_motion,Concept-level timing assumption.
forced_category_A_full,TASK-7B1-014,TUBE-7B1-014,11,gripper_action,gripper,0.0,0.0,grip_open_time_s,0.5,gripper_action,Concept-level timing assumption.
forced_category_A_full,TASK-7B1-014,TUBE-7B1-014,12,z_lift,z_axis,55.0,55.0,abs(delta_z) / z_nominal_speed_mm_s + z_accel_allowance_s,0.608,z_motion,Concept-level timing assumption.
forced_category_A_full,TASK-7B1-016,TUBE-7B1-016,1,xy_move_at_safe_z,xy_axes,212.426,0.0,distance / xy_nominal_speed_mm_s + xy_accel_allowance_s,0.807,xy_motion,Concept-level timing assumption.
forced_category_A_full,TASK-7B1-016,TUBE-7B1-016,2,z_descend,z_axis,45.0,45.0,abs(delta_z) / z_nominal_speed_mm_s + z_accel_allowance_s,0.525,z_motion,Concept-level timing assumption.
forced_category_A_full,TASK-7B1-016,TUBE-7B1-016,3,gripper_action,gripper,0.0,0.0,grip_close_time_s,0.6,gripper_action,Concept-level timing assumption.
forced_category_A_full,TASK-7B1-016,TUBE-7B1-016,4,z_lift,z_axis,45.0,45.0,abs(delta_z) / z_nominal_speed_mm_s + z_accel_allowance_s,0.525,z_motion,Concept-level timing assumption.
forced_category_A_full,TASK-7B1-016,TUBE-7B1-016,5,xy_move_at_safe_z,xy_axes,222.092,0.0,distance / xy_nominal_speed_mm_s + xy_accel_allowance_s,0.835,xy_motion,Concept-level timing assumption.
forced_category_A_full,TASK-7B1-016,TUBE-7B1-016,6,z_descend,z_axis,35.0,35.0,abs(delta_z) / z_nominal_speed_mm_s + z_accel_allowance_s,0.442,z_motion,Concept-level timing assumption.
forced_category_A_full,TASK-7B1-016,TUBE-7B1-016,7,scan_wait,dwell,0.0,0.0,scan_wait_time_s,1.0,scan_wait,Concept-level timing assumption.
forced_category_A_full,TASK-7B1-016,TUBE-7B1-016,8,z_lift,z_axis,35.0,35.0,abs(delta_z) / z_nominal_speed_mm_s + z_accel_allowance_s,0.442,z_motion,Concept-level timing assumption.
forced_category_A_full,TASK-7B1-016,TUBE-7B1-016,9,xy_move_at_safe_z,xy_axes,447.353,0.0,distance / xy_nominal_speed_mm_s + xy_accel_allowance_s,1.478,xy_motion,Concept-level timing assumption.
forced_category_A_full,TASK-7B1-016,TUBE-7B1-016,10,z_descend,z_axis,55.0,55.0,abs(delta_z) / z_nominal_speed_mm_s + z_accel_allowance_s,0.608,z_motion,Concept-level timing assumption.
forced_category_A_full,TASK-7B1-016,TUBE-7B1-016,11,gripper_action,gripper,0.0,0.0,grip_open_time_s,0.5,gripper_action,Concept-level timing assumption.
forced_category_A_full,TASK-7B1-016,TUBE-7B1-016,12,z_lift,z_axis,55.0,55.0,abs(delta_z) / z_nominal_speed_mm_s + z_accel_allowance_s,0.608,z_motion,Concept-level timing assumption.
forced_category_A_full,TASK-7B1-017,TUBE-7B1-017,1,xy_move_at_safe_z,xy_axes,190.394,0.0,distance / xy_nominal_speed_mm_s + xy_accel_allowance_s,0.744,xy_motion,Concept-level timing assumption.
forced_category_A_full,TASK-7B1-017,TUBE-7B1-017,2,z_descend,z_axis,45.0,45.0,abs(delta_z) / z_nominal_speed_mm_s + z_accel_allowance_s,0.525,z_motion,Concept-level timing assumption.
forced_category_A_full,TASK-7B1-017,TUBE-7B1-017,3,gripper_action,gripper,0.0,0.0,grip_close_time_s,0.6,gripper_action,Concept-level timing assumption.
forced_category_A_full,TASK-7B1-017,TUBE-7B1-017,4,z_lift,z_axis,45.0,45.0,abs(delta_z) / z_nominal_speed_mm_s + z_accel_allowance_s,0.525,z_motion,Concept-level timing assumption.
forced_category_A_full,TASK-7B1-017,TUBE-7B1-017,5,xy_move_at_safe_z,xy_axes,201.122,0.0,distance / xy_nominal_speed_mm_s + xy_accel_allowance_s,0.775,xy_motion,Concept-level timing assumption.
forced_category_A_full,TASK-7B1-017,TUBE-7B1-017,6,z_descend,z_axis,35.0,35.0,abs(delta_z) / z_nominal_speed_mm_s + z_accel_allowance_s,0.442,z_motion,Concept-level timing assumption.
forced_category_A_full,TASK-7B1-017,TUBE-7B1-017,7,scan_wait,dwell,0.0,0.0,scan_wait_time_s,1.0,scan_wait,Concept-level timing assumption.
forced_category_A_full,TASK-7B1-017,TUBE-7B1-017,8,z_lift,z_axis,35.0,35.0,abs(delta_z) / z_nominal_speed_mm_s + z_accel_allowance_s,0.442,z_motion,Concept-level timing assumption.
forced_category_A_full,TASK-7B1-017,TUBE-7B1-017,9,xy_move_at_safe_z,xy_axes,255.196,0.0,distance / xy_nominal_speed_mm_s + xy_accel_allowance_s,0.929,xy_motion,Concept-level timing assumption.
forced_category_A_full,TASK-7B1-017,TUBE-7B1-017,10,z_descend,z_axis,55.0,55.0,abs(delta_z) / z_nominal_speed_mm_s + z_accel_allowance_s,0.608,z_motion,Concept-level timing assumption.
forced_category_A_full,TASK-7B1-017,TUBE-7B1-017,11,gripper_action,gripper,0.0,0.0,grip_open_time_s,0.5,gripper_action,Concept-level timing assumption.
forced_category_A_full,TASK-7B1-017,TUBE-7B1-017,12,z_lift,z_axis,55.0,55.0,abs(delta_z) / z_nominal_speed_mm_s + z_accel_allowance_s,0.608,z_motion,Concept-level timing assumption.
forced_category_A_full,TASK-7B1-018,TUBE-7B1-018,1,xy_move_at_safe_z,xy_axes,169.189,0.0,distance / xy_nominal_speed_mm_s + xy_accel_allowance_s,0.683,xy_motion,Concept-level timing assumption.
forced_category_A_full,TASK-7B1-018,TUBE-7B1-018,2,z_descend,z_axis,45.0,45.0,abs(delta_z) / z_nominal_speed_mm_s + z_accel_allowance_s,0.525,z_motion,Concept-level timing assumption.
forced_category_A_full,TASK-7B1-018,TUBE-7B1-018,3,gripper_action,gripper,0.0,0.0,grip_close_time_s,0.6,gripper_action,Concept-level timing assumption.
forced_category_A_full,TASK-7B1-018,TUBE-7B1-018,4,z_lift,z_axis,45.0,45.0,abs(delta_z) / z_nominal_speed_mm_s + z_accel_allowance_s,0.525,z_motion,Concept-level timing assumption.
forced_category_A_full,TASK-7B1-018,TUBE-7B1-018,5,xy_move_at_safe_z,xy_axes,181.177,0.0,distance / xy_nominal_speed_mm_s + xy_accel_allowance_s,0.718,xy_motion,Concept-level timing assumption.
forced_category_A_full,TASK-7B1-018,TUBE-7B1-018,6,z_descend,z_axis,35.0,35.0,abs(delta_z) / z_nominal_speed_mm_s + z_accel_allowance_s,0.442,z_motion,Concept-level timing assumption.
forced_category_A_full,TASK-7B1-018,TUBE-7B1-018,7,scan_wait,dwell,0.0,0.0,scan_wait_time_s,1.0,scan_wait,Concept-level timing assumption.
forced_category_A_full,TASK-7B1-018,TUBE-7B1-018,8,z_lift,z_axis,35.0,35.0,abs(delta_z) / z_nominal_speed_mm_s + z_accel_allowance_s,0.442,z_motion,Concept-level timing assumption.
forced_category_A_full,TASK-7B1-018,TUBE-7B1-018,9,xy_move_at_safe_z,xy_axes,405.123,0.0,distance / xy_nominal_speed_mm_s + xy_accel_allowance_s,1.357,xy_motion,Concept-level timing assumption.
forced_category_A_full,TASK-7B1-018,TUBE-7B1-018,10,z_descend,z_axis,55.0,55.0,abs(delta_z) / z_nominal_speed_mm_s + z_accel_allowance_s,0.608,z_motion,Concept-level timing assumption.
forced_category_A_full,TASK-7B1-018,TUBE-7B1-018,11,gripper_action,gripper,0.0,0.0,grip_open_time_s,0.5,gripper_action,Concept-level timing assumption.
forced_category_A_full,TASK-7B1-018,TUBE-7B1-018,12,z_lift,z_axis,55.0,55.0,abs(delta_z) / z_nominal_speed_mm_s + z_accel_allowance_s,0.608,z_motion,Concept-level timing assumption.
forced_category_A_full,TASK-7B1-020,TUBE-7B1-020,1,xy_move_at_safe_z,xy_axes,173.566,0.0,distance / xy_nominal_speed_mm_s + xy_accel_allowance_s,0.696,xy_motion,Concept-level timing assumption.
forced_category_A_full,TASK-7B1-020,TUBE-7B1-020,2,z_descend,z_axis,45.0,45.0,abs(delta_z) / z_nominal_speed_mm_s + z_accel_allowance_s,0.525,z_motion,Concept-level timing assumption.
forced_category_A_full,TASK-7B1-020,TUBE-7B1-020,3,gripper_action,gripper,0.0,0.0,grip_close_time_s,0.6,gripper_action,Concept-level timing assumption.
forced_category_A_full,TASK-7B1-020,TUBE-7B1-020,4,z_lift,z_axis,45.0,45.0,abs(delta_z) / z_nominal_speed_mm_s + z_accel_allowance_s,0.525,z_motion,Concept-level timing assumption.
forced_category_A_full,TASK-7B1-020,TUBE-7B1-020,5,xy_move_at_safe_z,xy_axes,193.197,0.0,distance / xy_nominal_speed_mm_s + xy_accel_allowance_s,0.752,xy_motion,Concept-level timing assumption.
forced_category_A_full,TASK-7B1-020,TUBE-7B1-020,6,z_descend,z_axis,35.0,35.0,abs(delta_z) / z_nominal_speed_mm_s + z_accel_allowance_s,0.442,z_motion,Concept-level timing assumption.
forced_category_A_full,TASK-7B1-020,TUBE-7B1-020,7,scan_wait,dwell,0.0,0.0,scan_wait_time_s,1.0,scan_wait,Concept-level timing assumption.
forced_category_A_full,TASK-7B1-020,TUBE-7B1-020,8,z_lift,z_axis,35.0,35.0,abs(delta_z) / z_nominal_speed_mm_s + z_accel_allowance_s,0.442,z_motion,Concept-level timing assumption.
forced_category_A_full,TASK-7B1-020,TUBE-7B1-020,9,xy_move_at_safe_z,xy_axes,470.106,0.0,distance / xy_nominal_speed_mm_s + xy_accel_allowance_s,1.543,xy_motion,Concept-level timing assumption.
forced_category_A_full,TASK-7B1-020,TUBE-7B1-020,10,z_descend,z_axis,55.0,55.0,abs(delta_z) / z_nominal_speed_mm_s + z_accel_allowance_s,0.608,z_motion,Concept-level timing assumption.
forced_category_A_full,TASK-7B1-020,TUBE-7B1-020,11,gripper_action,gripper,0.0,0.0,grip_open_time_s,0.5,gripper_action,Concept-level timing assumption.
forced_category_A_full,TASK-7B1-020,TUBE-7B1-020,12,z_lift,z_axis,55.0,55.0,abs(delta_z) / z_nominal_speed_mm_s + z_accel_allowance_s,0.608,z_motion,Concept-level timing assumption.
forced_category_A_full,TASK-7B1-021,TUBE-7B1-021,1,xy_move_at_safe_z,xy_axes,170.294,0.0,distance / xy_nominal_speed_mm_s + xy_accel_allowance_s,0.687,xy_motion,Concept-level timing assumption.
forced_category_A_full,TASK-7B1-021,TUBE-7B1-021,2,z_descend,z_axis,45.0,45.0,abs(delta_z) / z_nominal_speed_mm_s + z_accel_allowance_s,0.525,z_motion,Concept-level timing assumption.
forced_category_A_full,TASK-7B1-021,TUBE-7B1-021,3,gripper_action,gripper,0.0,0.0,grip_close_time_s,0.6,gripper_action,Concept-level timing assumption.
forced_category_A_full,TASK-7B1-021,TUBE-7B1-021,4,z_lift,z_axis,45.0,45.0,abs(delta_z) / z_nominal_speed_mm_s + z_accel_allowance_s,0.525,z_motion,Concept-level timing assumption.
forced_category_A_full,TASK-7B1-021,TUBE-7B1-021,5,xy_move_at_safe_z,xy_axes,190.263,0.0,distance / xy_nominal_speed_mm_s + xy_accel_allowance_s,0.744,xy_motion,Concept-level timing assumption.
forced_category_A_full,TASK-7B1-021,TUBE-7B1-021,6,z_descend,z_axis,35.0,35.0,abs(delta_z) / z_nominal_speed_mm_s + z_accel_allowance_s,0.442,z_motion,Concept-level timing assumption.
forced_category_A_full,TASK-7B1-021,TUBE-7B1-021,7,scan_wait,dwell,0.0,0.0,scan_wait_time_s,1.0,scan_wait,Concept-level timing assumption.
forced_category_A_full,TASK-7B1-021,TUBE-7B1-021,8,z_lift,z_axis,35.0,35.0,abs(delta_z) / z_nominal_speed_mm_s + z_accel_allowance_s,0.442,z_motion,Concept-level timing assumption.
forced_category_A_full,TASK-7B1-021,TUBE-7B1-021,9,xy_move_at_safe_z,xy_axes,280.179,0.0,distance / xy_nominal_speed_mm_s + xy_accel_allowance_s,1.001,xy_motion,Concept-level timing assumption.
forced_category_A_full,TASK-7B1-021,TUBE-7B1-021,10,z_descend,z_axis,55.0,55.0,abs(delta_z) / z_nominal_speed_mm_s + z_accel_allowance_s,0.608,z_motion,Concept-level timing assumption.
forced_category_A_full,TASK-7B1-021,TUBE-7B1-021,11,gripper_action,gripper,0.0,0.0,grip_open_time_s,0.5,gripper_action,Concept-level timing assumption.
forced_category_A_full,TASK-7B1-021,TUBE-7B1-021,12,z_lift,z_axis,55.0,55.0,abs(delta_z) / z_nominal_speed_mm_s + z_accel_allowance_s,0.608,z_motion,Concept-level timing assumption.
forced_category_A_full,TASK-7B1-022,TUBE-7B1-022,1,xy_move_at_safe_z,xy_axes,174.642,0.0,distance / xy_nominal_speed_mm_s + xy_accel_allowance_s,0.699,xy_motion,Concept-level timing assumption.
forced_category_A_full,TASK-7B1-022,TUBE-7B1-022,2,z_descend,z_axis,45.0,45.0,abs(delta_z) / z_nominal_speed_mm_s + z_accel_allowance_s,0.525,z_motion,Concept-level timing assumption.
forced_category_A_full,TASK-7B1-022,TUBE-7B1-022,3,gripper_action,gripper,0.0,0.0,grip_close_time_s,0.6,gripper_action,Concept-level timing assumption.
forced_category_A_full,TASK-7B1-022,TUBE-7B1-022,4,z_lift,z_axis,45.0,45.0,abs(delta_z) / z_nominal_speed_mm_s + z_accel_allowance_s,0.525,z_motion,Concept-level timing assumption.
forced_category_A_full,TASK-7B1-022,TUBE-7B1-022,5,xy_move_at_safe_z,xy_axes,194.165,0.0,distance / xy_nominal_speed_mm_s + xy_accel_allowance_s,0.755,xy_motion,Concept-level timing assumption.
forced_category_A_full,TASK-7B1-022,TUBE-7B1-022,6,z_descend,z_axis,35.0,35.0,abs(delta_z) / z_nominal_speed_mm_s + z_accel_allowance_s,0.442,z_motion,Concept-level timing assumption.
forced_category_A_full,TASK-7B1-022,TUBE-7B1-022,7,scan_wait,dwell,0.0,0.0,scan_wait_time_s,1.0,scan_wait,Concept-level timing assumption.
forced_category_A_full,TASK-7B1-022,TUBE-7B1-022,8,z_lift,z_axis,35.0,35.0,abs(delta_z) / z_nominal_speed_mm_s + z_accel_allowance_s,0.442,z_motion,Concept-level timing assumption.
forced_category_A_full,TASK-7B1-022,TUBE-7B1-022,9,xy_move_at_safe_z,xy_axes,430.116,0.0,distance / xy_nominal_speed_mm_s + xy_accel_allowance_s,1.429,xy_motion,Concept-level timing assumption.
forced_category_A_full,TASK-7B1-022,TUBE-7B1-022,10,z_descend,z_axis,55.0,55.0,abs(delta_z) / z_nominal_speed_mm_s + z_accel_allowance_s,0.608,z_motion,Concept-level timing assumption.
forced_category_A_full,TASK-7B1-022,TUBE-7B1-022,11,gripper_action,gripper,0.0,0.0,grip_open_time_s,0.5,gripper_action,Concept-level timing assumption.
forced_category_A_full,TASK-7B1-022,TUBE-7B1-022,12,z_lift,z_axis,55.0,55.0,abs(delta_z) / z_nominal_speed_mm_s + z_accel_allowance_s,0.608,z_motion,Concept-level timing assumption.
forced_category_A_full,TASK-7B1-024,TUBE-7B1-024,1,xy_move_at_safe_z,xy_axes,145.344,0.0,distance / xy_nominal_speed_mm_s + xy_accel_allowance_s,0.615,xy_motion,Concept-level timing assumption.
forced_category_A_full,TASK-7B1-024,TUBE-7B1-024,2,z_descend,z_axis,45.0,45.0,abs(delta_z) / z_nominal_speed_mm_s + z_accel_allowance_s,0.525,z_motion,Concept-level timing assumption.
forced_category_A_full,TASK-7B1-024,TUBE-7B1-024,3,gripper_action,gripper,0.0,0.0,grip_close_time_s,0.6,gripper_action,Concept-level timing assumption.
forced_category_A_full,TASK-7B1-024,TUBE-7B1-024,4,z_lift,z_axis,45.0,45.0,abs(delta_z) / z_nominal_speed_mm_s + z_accel_allowance_s,0.525,z_motion,Concept-level timing assumption.
forced_category_A_full,TASK-7B1-024,TUBE-7B1-024,5,xy_move_at_safe_z,xy_axes,165.303,0.0,distance / xy_nominal_speed_mm_s + xy_accel_allowance_s,0.672,xy_motion,Concept-level timing assumption.
forced_category_A_full,TASK-7B1-024,TUBE-7B1-024,6,z_descend,z_axis,35.0,35.0,abs(delta_z) / z_nominal_speed_mm_s + z_accel_allowance_s,0.442,z_motion,Concept-level timing assumption.
forced_category_A_full,TASK-7B1-024,TUBE-7B1-024,7,scan_wait,dwell,0.0,0.0,scan_wait_time_s,1.0,scan_wait,Concept-level timing assumption.
forced_category_A_full,TASK-7B1-024,TUBE-7B1-024,8,z_lift,z_axis,35.0,35.0,abs(delta_z) / z_nominal_speed_mm_s + z_accel_allowance_s,0.442,z_motion,Concept-level timing assumption.
forced_category_A_full,TASK-7B1-024,TUBE-7B1-024,9,xy_move_at_safe_z,xy_axes,493.077,0.0,distance / xy_nominal_speed_mm_s + xy_accel_allowance_s,1.609,xy_motion,Concept-level timing assumption.
forced_category_A_full,TASK-7B1-024,TUBE-7B1-024,10,z_descend,z_axis,55.0,55.0,abs(delta_z) / z_nominal_speed_mm_s + z_accel_allowance_s,0.608,z_motion,Concept-level timing assumption.
forced_category_A_full,TASK-7B1-024,TUBE-7B1-024,11,gripper_action,gripper,0.0,0.0,grip_open_time_s,0.5,gripper_action,Concept-level timing assumption.
forced_category_A_full,TASK-7B1-024,TUBE-7B1-024,12,z_lift,z_axis,55.0,55.0,abs(delta_z) / z_nominal_speed_mm_s + z_accel_allowance_s,0.608,z_motion,Concept-level timing assumption.
forced_category_A_full,TASK-7B1-025,TUBE-7B1-025,1,xy_move_at_safe_z,xy_axes,145.774,0.0,distance / xy_nominal_speed_mm_s + xy_accel_allowance_s,0.616,xy_motion,Concept-level timing assumption.
forced_category_A_full,TASK-7B1-025,TUBE-7B1-025,2,z_descend,z_axis,45.0,45.0,abs(delta_z) / z_nominal_speed_mm_s + z_accel_allowance_s,0.525,z_motion,Concept-level timing assumption.
forced_category_A_full,TASK-7B1-025,TUBE-7B1-025,3,gripper_action,gripper,0.0,0.0,grip_close_time_s,0.6,gripper_action,Concept-level timing assumption.
forced_category_A_full,TASK-7B1-025,TUBE-7B1-025,4,z_lift,z_axis,45.0,45.0,abs(delta_z) / z_nominal_speed_mm_s + z_accel_allowance_s,0.525,z_motion,Concept-level timing assumption.
forced_category_A_full,TASK-7B1-025,TUBE-7B1-025,5,xy_move_at_safe_z,xy_axes,165.68,0.0,distance / xy_nominal_speed_mm_s + xy_accel_allowance_s,0.673,xy_motion,Concept-level timing assumption.
forced_category_A_full,TASK-7B1-025,TUBE-7B1-025,6,z_descend,z_axis,35.0,35.0,abs(delta_z) / z_nominal_speed_mm_s + z_accel_allowance_s,0.442,z_motion,Concept-level timing assumption.
forced_category_A_full,TASK-7B1-025,TUBE-7B1-025,7,scan_wait,dwell,0.0,0.0,scan_wait_time_s,1.0,scan_wait,Concept-level timing assumption.
forced_category_A_full,TASK-7B1-025,TUBE-7B1-025,8,z_lift,z_axis,35.0,35.0,abs(delta_z) / z_nominal_speed_mm_s + z_accel_allowance_s,0.442,z_motion,Concept-level timing assumption.
forced_category_A_full,TASK-7B1-025,TUBE-7B1-025,9,xy_move_at_safe_z,xy_axes,305.164,0.0,distance / xy_nominal_speed_mm_s + xy_accel_allowance_s,1.072,xy_motion,Concept-level timing assumption.
forced_category_A_full,TASK-7B1-025,TUBE-7B1-025,10,z_descend,z_axis,55.0,55.0,abs(delta_z) / z_nominal_speed_mm_s + z_accel_allowance_s,0.608,z_motion,Concept-level timing assumption.
forced_category_A_full,TASK-7B1-025,TUBE-7B1-025,11,gripper_action,gripper,0.0,0.0,grip_open_time_s,0.5,gripper_action,Concept-level timing assumption.
forced_category_A_full,TASK-7B1-025,TUBE-7B1-025,12,z_lift,z_axis,55.0,55.0,abs(delta_z) / z_nominal_speed_mm_s + z_accel_allowance_s,0.608,z_motion,Concept-level timing assumption.
forced_category_A_full,TASK-7B1-026,TUBE-7B1-026,1,xy_move_at_safe_z,xy_axes,150.416,0.0,distance / xy_nominal_speed_mm_s + xy_accel_allowance_s,0.63,xy_motion,Concept-level timing assumption.
forced_category_A_full,TASK-7B1-026,TUBE-7B1-026,2,z_descend,z_axis,45.0,45.0,abs(delta_z) / z_nominal_speed_mm_s + z_accel_allowance_s,0.525,z_motion,Concept-level timing assumption.
forced_category_A_full,TASK-7B1-026,TUBE-7B1-026,3,gripper_action,gripper,0.0,0.0,grip_close_time_s,0.6,gripper_action,Concept-level timing assumption.
forced_category_A_full,TASK-7B1-026,TUBE-7B1-026,4,z_lift,z_axis,45.0,45.0,abs(delta_z) / z_nominal_speed_mm_s + z_accel_allowance_s,0.525,z_motion,Concept-level timing assumption.
forced_category_A_full,TASK-7B1-026,TUBE-7B1-026,5,xy_move_at_safe_z,xy_axes,169.779,0.0,distance / xy_nominal_speed_mm_s + xy_accel_allowance_s,0.685,xy_motion,Concept-level timing assumption.
forced_category_A_full,TASK-7B1-026,TUBE-7B1-026,6,z_descend,z_axis,35.0,35.0,abs(delta_z) / z_nominal_speed_mm_s + z_accel_allowance_s,0.442,z_motion,Concept-level timing assumption.
forced_category_A_full,TASK-7B1-026,TUBE-7B1-026,7,scan_wait,dwell,0.0,0.0,scan_wait_time_s,1.0,scan_wait,Concept-level timing assumption.
forced_category_A_full,TASK-7B1-026,TUBE-7B1-026,8,z_lift,z_axis,35.0,35.0,abs(delta_z) / z_nominal_speed_mm_s + z_accel_allowance_s,0.442,z_motion,Concept-level timing assumption.
forced_category_A_full,TASK-7B1-026,TUBE-7B1-026,9,xy_move_at_safe_z,xy_axes,455.11,0.0,distance / xy_nominal_speed_mm_s + xy_accel_allowance_s,1.5,xy_motion,Concept-level timing assumption.
forced_category_A_full,TASK-7B1-026,TUBE-7B1-026,10,z_descend,z_axis,55.0,55.0,abs(delta_z) / z_nominal_speed_mm_s + z_accel_allowance_s,0.608,z_motion,Concept-level timing assumption.
forced_category_A_full,TASK-7B1-026,TUBE-7B1-026,11,gripper_action,gripper,0.0,0.0,grip_open_time_s,0.5,gripper_action,Concept-level timing assumption.
forced_category_A_full,TASK-7B1-026,TUBE-7B1-026,12,z_lift,z_axis,55.0,55.0,abs(delta_z) / z_nominal_speed_mm_s + z_accel_allowance_s,0.608,z_motion,Concept-level timing assumption.
forced_category_A_full,TASK-7B1-028,TUBE-7B1-028,1,xy_move_at_safe_z,xy_axes,125.0,0.0,distance / xy_nominal_speed_mm_s + xy_accel_allowance_s,0.557,xy_motion,Concept-level timing assumption.
forced_category_A_full,TASK-7B1-028,TUBE-7B1-028,2,z_descend,z_axis,45.0,45.0,abs(delta_z) / z_nominal_speed_mm_s + z_accel_allowance_s,0.525,z_motion,Concept-level timing assumption.
forced_category_A_full,TASK-7B1-028,TUBE-7B1-028,3,gripper_action,gripper,0.0,0.0,grip_close_time_s,0.6,gripper_action,Concept-level timing assumption.
forced_category_A_full,TASK-7B1-028,TUBE-7B1-028,4,z_lift,z_axis,45.0,45.0,abs(delta_z) / z_nominal_speed_mm_s + z_accel_allowance_s,0.525,z_motion,Concept-level timing assumption.
forced_category_A_full,TASK-7B1-028,TUBE-7B1-028,5,xy_move_at_safe_z,xy_axes,144.309,0.0,distance / xy_nominal_speed_mm_s + xy_accel_allowance_s,0.612,xy_motion,Concept-level timing assumption.
forced_category_A_full,TASK-7B1-028,TUBE-7B1-028,6,z_descend,z_axis,35.0,35.0,abs(delta_z) / z_nominal_speed_mm_s + z_accel_allowance_s,0.442,z_motion,Concept-level timing assumption.
forced_category_A_full,TASK-7B1-028,TUBE-7B1-028,7,scan_wait,dwell,0.0,0.0,scan_wait_time_s,1.0,scan_wait,Concept-level timing assumption.
forced_category_A_full,TASK-7B1-028,TUBE-7B1-028,8,z_lift,z_axis,35.0,35.0,abs(delta_z) / z_nominal_speed_mm_s + z_accel_allowance_s,0.442,z_motion,Concept-level timing assumption.
forced_category_A_full,TASK-7B1-028,TUBE-7B1-028,9,xy_move_at_safe_z,xy_axes,449.361,0.0,distance / xy_nominal_speed_mm_s + xy_accel_allowance_s,1.484,xy_motion,Concept-level timing assumption.
forced_category_A_full,TASK-7B1-028,TUBE-7B1-028,10,z_descend,z_axis,55.0,55.0,abs(delta_z) / z_nominal_speed_mm_s + z_accel_allowance_s,0.608,z_motion,Concept-level timing assumption.
forced_category_A_full,TASK-7B1-028,TUBE-7B1-028,11,gripper_action,gripper,0.0,0.0,grip_open_time_s,0.5,gripper_action,Concept-level timing assumption.
forced_category_A_full,TASK-7B1-028,TUBE-7B1-028,12,z_lift,z_axis,55.0,55.0,abs(delta_z) / z_nominal_speed_mm_s + z_accel_allowance_s,0.608,z_motion,Concept-level timing assumption.
forced_category_A_full,TASK-7B1-029,TUBE-7B1-029,1,xy_move_at_safe_z,xy_axes,120.416,0.0,distance / xy_nominal_speed_mm_s + xy_accel_allowance_s,0.544,xy_motion,Concept-level timing assumption.
forced_category_A_full,TASK-7B1-029,TUBE-7B1-029,2,z_descend,z_axis,45.0,45.0,abs(delta_z) / z_nominal_speed_mm_s + z_accel_allowance_s,0.525,z_motion,Concept-level timing assumption.
forced_category_A_full,TASK-7B1-029,TUBE-7B1-029,3,gripper_action,gripper,0.0,0.0,grip_close_time_s,0.6,gripper_action,Concept-level timing assumption.
forced_category_A_full,TASK-7B1-029,TUBE-7B1-029,4,z_lift,z_axis,45.0,45.0,abs(delta_z) / z_nominal_speed_mm_s + z_accel_allowance_s,0.525,z_motion,Concept-level timing assumption.
forced_category_A_full,TASK-7B1-029,TUBE-7B1-029,5,xy_move_at_safe_z,xy_axes,140.357,0.0,distance / xy_nominal_speed_mm_s + xy_accel_allowance_s,0.601,xy_motion,Concept-level timing assumption.
forced_category_A_full,TASK-7B1-029,TUBE-7B1-029,6,z_descend,z_axis,35.0,35.0,abs(delta_z) / z_nominal_speed_mm_s + z_accel_allowance_s,0.442,z_motion,Concept-level timing assumption.
forced_category_A_full,TASK-7B1-029,TUBE-7B1-029,7,scan_wait,dwell,0.0,0.0,scan_wait_time_s,1.0,scan_wait,Concept-level timing assumption.
forced_category_A_full,TASK-7B1-029,TUBE-7B1-029,8,z_lift,z_axis,35.0,35.0,abs(delta_z) / z_nominal_speed_mm_s + z_accel_allowance_s,0.442,z_motion,Concept-level timing assumption.
forced_category_A_full,TASK-7B1-029,TUBE-7B1-029,9,xy_move_at_safe_z,xy_axes,368.951,0.0,distance / xy_nominal_speed_mm_s + xy_accel_allowance_s,1.254,xy_motion,Concept-level timing assumption.
forced_category_A_full,TASK-7B1-029,TUBE-7B1-029,10,z_descend,z_axis,55.0,55.0,abs(delta_z) / z_nominal_speed_mm_s + z_accel_allowance_s,0.608,z_motion,Concept-level timing assumption.
forced_category_A_full,TASK-7B1-029,TUBE-7B1-029,11,gripper_action,gripper,0.0,0.0,grip_open_time_s,0.5,gripper_action,Concept-level timing assumption.
forced_category_A_full,TASK-7B1-029,TUBE-7B1-029,12,z_lift,z_axis,55.0,55.0,abs(delta_z) / z_nominal_speed_mm_s + z_accel_allowance_s,0.608,z_motion,Concept-level timing assumption.
forced_category_A_full,TASK-7B1-030,TUBE-7B1-030,1,xy_move_at_safe_z,xy_axes,126.491,0.0,distance / xy_nominal_speed_mm_s + xy_accel_allowance_s,0.561,xy_motion,Concept-level timing assumption.
forced_category_A_full,TASK-7B1-030,TUBE-7B1-030,2,z_descend,z_axis,45.0,45.0,abs(delta_z) / z_nominal_speed_mm_s + z_accel_allowance_s,0.525,z_motion,Concept-level timing assumption.
forced_category_A_full,TASK-7B1-030,TUBE-7B1-030,3,gripper_action,gripper,0.0,0.0,grip_close_time_s,0.6,gripper_action,Concept-level timing assumption.
forced_category_A_full,TASK-7B1-030,TUBE-7B1-030,4,z_lift,z_axis,45.0,45.0,abs(delta_z) / z_nominal_speed_mm_s + z_accel_allowance_s,0.525,z_motion,Concept-level timing assumption.
forced_category_A_full,TASK-7B1-030,TUBE-7B1-030,5,xy_move_at_safe_z,xy_axes,145.602,0.0,distance / xy_nominal_speed_mm_s + xy_accel_allowance_s,0.616,xy_motion,Concept-level timing assumption.
forced_category_A_full,TASK-7B1-030,TUBE-7B1-030,6,z_descend,z_axis,35.0,35.0,abs(delta_z) / z_nominal_speed_mm_s + z_accel_allowance_s,0.442,z_motion,Concept-level timing assumption.
forced_category_A_full,TASK-7B1-030,TUBE-7B1-030,7,scan_wait,dwell,0.0,0.0,scan_wait_time_s,1.0,scan_wait,Concept-level timing assumption.
forced_category_A_full,TASK-7B1-030,TUBE-7B1-030,8,z_lift,z_axis,35.0,35.0,abs(delta_z) / z_nominal_speed_mm_s + z_accel_allowance_s,0.442,z_motion,Concept-level timing assumption.
forced_category_A_full,TASK-7B1-030,TUBE-7B1-030,9,xy_move_at_safe_z,xy_axes,180.624,0.0,distance / xy_nominal_speed_mm_s + xy_accel_allowance_s,0.716,xy_motion,Concept-level timing assumption.
forced_category_A_full,TASK-7B1-030,TUBE-7B1-030,10,z_descend,z_axis,55.0,55.0,abs(delta_z) / z_nominal_speed_mm_s + z_accel_allowance_s,0.608,z_motion,Concept-level timing assumption.
forced_category_A_full,TASK-7B1-030,TUBE-7B1-030,11,gripper_action,gripper,0.0,0.0,grip_open_time_s,0.5,gripper_action,Concept-level timing assumption.
forced_category_A_full,TASK-7B1-030,TUBE-7B1-030,12,z_lift,z_axis,55.0,55.0,abs(delta_z) / z_nominal_speed_mm_s + z_accel_allowance_s,0.608,z_motion,Concept-level timing assumption.
forced_category_A_full,TASK-7B1-031,TUBE-7B1-031,1,xy_move_at_safe_z,xy_axes,136.473,0.0,distance / xy_nominal_speed_mm_s + xy_accel_allowance_s,0.59,xy_motion,Concept-level timing assumption.
forced_category_A_full,TASK-7B1-031,TUBE-7B1-031,2,z_descend,z_axis,45.0,45.0,abs(delta_z) / z_nominal_speed_mm_s + z_accel_allowance_s,0.525,z_motion,Concept-level timing assumption.
forced_category_A_full,TASK-7B1-031,TUBE-7B1-031,3,gripper_action,gripper,0.0,0.0,grip_close_time_s,0.6,gripper_action,Concept-level timing assumption.
forced_category_A_full,TASK-7B1-031,TUBE-7B1-031,4,z_lift,z_axis,45.0,45.0,abs(delta_z) / z_nominal_speed_mm_s + z_accel_allowance_s,0.525,z_motion,Concept-level timing assumption.
forced_category_A_full,TASK-7B1-031,TUBE-7B1-031,5,xy_move_at_safe_z,xy_axes,154.353,0.0,distance / xy_nominal_speed_mm_s + xy_accel_allowance_s,0.641,xy_motion,Concept-level timing assumption.
forced_category_A_full,TASK-7B1-031,TUBE-7B1-031,6,z_descend,z_axis,35.0,35.0,abs(delta_z) / z_nominal_speed_mm_s + z_accel_allowance_s,0.442,z_motion,Concept-level timing assumption.
forced_category_A_full,TASK-7B1-031,TUBE-7B1-031,7,scan_wait,dwell,0.0,0.0,scan_wait_time_s,1.0,scan_wait,Concept-level timing assumption.
forced_category_A_full,TASK-7B1-031,TUBE-7B1-031,8,z_lift,z_axis,35.0,35.0,abs(delta_z) / z_nominal_speed_mm_s + z_accel_allowance_s,0.442,z_motion,Concept-level timing assumption.
forced_category_A_full,TASK-7B1-031,TUBE-7B1-031,9,xy_move_at_safe_z,xy_axes,330.341,0.0,distance / xy_nominal_speed_mm_s + xy_accel_allowance_s,1.144,xy_motion,Concept-level timing assumption.
forced_category_A_full,TASK-7B1-031,TUBE-7B1-031,10,z_descend,z_axis,55.0,55.0,abs(delta_z) / z_nominal_speed_mm_s + z_accel_allowance_s,0.608,z_motion,Concept-level timing assumption.
forced_category_A_full,TASK-7B1-031,TUBE-7B1-031,11,gripper_action,gripper,0.0,0.0,grip_open_time_s,0.5,gripper_action,Concept-level timing assumption.
forced_category_A_full,TASK-7B1-031,TUBE-7B1-031,12,z_lift,z_axis,55.0,55.0,abs(delta_z) / z_nominal_speed_mm_s + z_accel_allowance_s,0.608,z_motion,Concept-level timing assumption.
forced_category_A_full,TASK-7B1-033,TUBE-7B1-033,1,xy_move_at_safe_z,xy_axes,95.525,0.0,distance / xy_nominal_speed_mm_s + xy_accel_allowance_s,0.473,xy_motion,Concept-level timing assumption.
forced_category_A_full,TASK-7B1-033,TUBE-7B1-033,2,z_descend,z_axis,45.0,45.0,abs(delta_z) / z_nominal_speed_mm_s + z_accel_allowance_s,0.525,z_motion,Concept-level timing assumption.
forced_category_A_full,TASK-7B1-033,TUBE-7B1-033,3,gripper_action,gripper,0.0,0.0,grip_close_time_s,0.6,gripper_action,Concept-level timing assumption.
forced_category_A_full,TASK-7B1-033,TUBE-7B1-033,4,z_lift,z_axis,45.0,45.0,abs(delta_z) / z_nominal_speed_mm_s + z_accel_allowance_s,0.525,z_motion,Concept-level timing assumption.
forced_category_A_full,TASK-7B1-033,TUBE-7B1-033,5,xy_move_at_safe_z,xy_axes,115.434,0.0,distance / xy_nominal_speed_mm_s + xy_accel_allowance_s,0.53,xy_motion,Concept-level timing assumption.
forced_category_A_full,TASK-7B1-033,TUBE-7B1-033,6,z_descend,z_axis,35.0,35.0,abs(delta_z) / z_nominal_speed_mm_s + z_accel_allowance_s,0.442,z_motion,Concept-level timing assumption.
forced_category_A_full,TASK-7B1-033,TUBE-7B1-033,7,scan_wait,dwell,0.0,0.0,scan_wait_time_s,1.0,scan_wait,Concept-level timing assumption.
forced_category_A_full,TASK-7B1-033,TUBE-7B1-033,8,z_lift,z_axis,35.0,35.0,abs(delta_z) / z_nominal_speed_mm_s + z_accel_allowance_s,0.442,z_motion,Concept-level timing assumption.
forced_category_A_full,TASK-7B1-033,TUBE-7B1-033,9,xy_move_at_safe_z,xy_axes,391.472,0.0,distance / xy_nominal_speed_mm_s + xy_accel_allowance_s,1.318,xy_motion,Concept-level timing assumption.
forced_category_A_full,TASK-7B1-033,TUBE-7B1-033,10,z_descend,z_axis,55.0,55.0,abs(delta_z) / z_nominal_speed_mm_s + z_accel_allowance_s,0.608,z_motion,Concept-level timing assumption.
forced_category_A_full,TASK-7B1-033,TUBE-7B1-033,11,gripper_action,gripper,0.0,0.0,grip_open_time_s,0.5,gripper_action,Concept-level timing assumption.
forced_category_A_full,TASK-7B1-033,TUBE-7B1-033,12,z_lift,z_axis,55.0,55.0,abs(delta_z) / z_nominal_speed_mm_s + z_accel_allowance_s,0.608,z_motion,Concept-level timing assumption.
forced_category_A_full,TASK-7B1-034,TUBE-7B1-034,1,xy_move_at_safe_z,xy_axes,96.177,0.0,distance / xy_nominal_speed_mm_s + xy_accel_allowance_s,0.475,xy_motion,Concept-level timing assumption.
forced_category_A_full,TASK-7B1-034,TUBE-7B1-034,2,z_descend,z_axis,45.0,45.0,abs(delta_z) / z_nominal_speed_mm_s + z_accel_allowance_s,0.525,z_motion,Concept-level timing assumption.
forced_category_A_full,TASK-7B1-034,TUBE-7B1-034,3,gripper_action,gripper,0.0,0.0,grip_close_time_s,0.6,gripper_action,Concept-level timing assumption.
forced_category_A_full,TASK-7B1-034,TUBE-7B1-034,4,z_lift,z_axis,45.0,45.0,abs(delta_z) / z_nominal_speed_mm_s + z_accel_allowance_s,0.525,z_motion,Concept-level timing assumption.
forced_category_A_full,TASK-7B1-034,TUBE-7B1-034,5,xy_move_at_safe_z,xy_axes,115.974,0.0,distance / xy_nominal_speed_mm_s + xy_accel_allowance_s,0.531,xy_motion,Concept-level timing assumption.
forced_category_A_full,TASK-7B1-034,TUBE-7B1-034,6,z_descend,z_axis,35.0,35.0,abs(delta_z) / z_nominal_speed_mm_s + z_accel_allowance_s,0.442,z_motion,Concept-level timing assumption.
forced_category_A_full,TASK-7B1-034,TUBE-7B1-034,7,scan_wait,dwell,0.0,0.0,scan_wait_time_s,1.0,scan_wait,Concept-level timing assumption.
forced_category_A_full,TASK-7B1-034,TUBE-7B1-034,8,z_lift,z_axis,35.0,35.0,abs(delta_z) / z_nominal_speed_mm_s + z_accel_allowance_s,0.442,z_motion,Concept-level timing assumption.
forced_category_A_full,TASK-7B1-034,TUBE-7B1-034,9,xy_move_at_safe_z,xy_axes,205.548,0.0,distance / xy_nominal_speed_mm_s + xy_accel_allowance_s,0.787,xy_motion,Concept-level timing assumption.
forced_category_A_full,TASK-7B1-034,TUBE-7B1-034,10,z_descend,z_axis,55.0,55.0,abs(delta_z) / z_nominal_speed_mm_s + z_accel_allowance_s,0.608,z_motion,Concept-level timing assumption.
forced_category_A_full,TASK-7B1-034,TUBE-7B1-034,11,gripper_action,gripper,0.0,0.0,grip_open_time_s,0.5,gripper_action,Concept-level timing assumption.
forced_category_A_full,TASK-7B1-034,TUBE-7B1-034,12,z_lift,z_axis,55.0,55.0,abs(delta_z) / z_nominal_speed_mm_s + z_accel_allowance_s,0.608,z_motion,Concept-level timing assumption.
forced_category_A_full,TASK-7B1-035,TUBE-7B1-035,1,xy_move_at_safe_z,xy_axes,240.208,0.0,distance / xy_nominal_speed_mm_s + xy_accel_allowance_s,0.886,xy_motion,Concept-level timing assumption.
forced_category_A_full,TASK-7B1-035,TUBE-7B1-035,2,z_descend,z_axis,45.0,45.0,abs(delta_z) / z_nominal_speed_mm_s + z_accel_allowance_s,0.525,z_motion,Concept-level timing assumption.
forced_category_A_full,TASK-7B1-035,TUBE-7B1-035,3,gripper_action,gripper,0.0,0.0,grip_close_time_s,0.6,gripper_action,Concept-level timing assumption.
forced_category_A_full,TASK-7B1-035,TUBE-7B1-035,4,z_lift,z_axis,45.0,45.0,abs(delta_z) / z_nominal_speed_mm_s + z_accel_allowance_s,0.525,z_motion,Concept-level timing assumption.
forced_category_A_full,TASK-7B1-035,TUBE-7B1-035,5,xy_move_at_safe_z,xy_axes,241.868,0.0,distance / xy_nominal_speed_mm_s + xy_accel_allowance_s,0.891,xy_motion,Concept-level timing assumption.
forced_category_A_full,TASK-7B1-035,TUBE-7B1-035,6,z_descend,z_axis,35.0,35.0,abs(delta_z) / z_nominal_speed_mm_s + z_accel_allowance_s,0.442,z_motion,Concept-level timing assumption.
forced_category_A_full,TASK-7B1-035,TUBE-7B1-035,7,scan_wait,dwell,0.0,0.0,scan_wait_time_s,1.0,scan_wait,Concept-level timing assumption.
forced_category_A_full,TASK-7B1-035,TUBE-7B1-035,8,z_lift,z_axis,35.0,35.0,abs(delta_z) / z_nominal_speed_mm_s + z_accel_allowance_s,0.442,z_motion,Concept-level timing assumption.
forced_category_A_full,TASK-7B1-035,TUBE-7B1-035,9,xy_move_at_safe_z,xy_axes,355.317,0.0,distance / xy_nominal_speed_mm_s + xy_accel_allowance_s,1.215,xy_motion,Concept-level timing assumption.
forced_category_A_full,TASK-7B1-035,TUBE-7B1-035,10,z_descend,z_axis,55.0,55.0,abs(delta_z) / z_nominal_speed_mm_s + z_accel_allowance_s,0.608,z_motion,Concept-level timing assumption.
forced_category_A_full,TASK-7B1-035,TUBE-7B1-035,11,gripper_action,gripper,0.0,0.0,grip_open_time_s,0.5,gripper_action,Concept-level timing assumption.
forced_category_A_full,TASK-7B1-035,TUBE-7B1-035,12,z_lift,z_axis,55.0,55.0,abs(delta_z) / z_nominal_speed_mm_s + z_accel_allowance_s,0.608,z_motion,Concept-level timing assumption.
forced_category_A_full,TASK-7B1-037,TUBE-7B1-037,1,xy_move_at_safe_z,xy_axes,190.263,0.0,distance / xy_nominal_speed_mm_s + xy_accel_allowance_s,0.744,xy_motion,Concept-level timing assumption.
forced_category_A_full,TASK-7B1-037,TUBE-7B1-037,2,z_descend,z_axis,45.0,45.0,abs(delta_z) / z_nominal_speed_mm_s + z_accel_allowance_s,0.525,z_motion,Concept-level timing assumption.
forced_category_A_full,TASK-7B1-037,TUBE-7B1-037,3,gripper_action,gripper,0.0,0.0,grip_close_time_s,0.6,gripper_action,Concept-level timing assumption.
forced_category_A_full,TASK-7B1-037,TUBE-7B1-037,4,z_lift,z_axis,45.0,45.0,abs(delta_z) / z_nominal_speed_mm_s + z_accel_allowance_s,0.525,z_motion,Concept-level timing assumption.
forced_category_A_full,TASK-7B1-037,TUBE-7B1-037,5,xy_move_at_safe_z,xy_axes,192.354,0.0,distance / xy_nominal_speed_mm_s + xy_accel_allowance_s,0.75,xy_motion,Concept-level timing assumption.
forced_category_A_full,TASK-7B1-037,TUBE-7B1-037,6,z_descend,z_axis,35.0,35.0,abs(delta_z) / z_nominal_speed_mm_s + z_accel_allowance_s,0.442,z_motion,Concept-level timing assumption.
forced_category_A_full,TASK-7B1-037,TUBE-7B1-037,7,scan_wait,dwell,0.0,0.0,scan_wait_time_s,1.0,scan_wait,Concept-level timing assumption.
forced_category_A_full,TASK-7B1-037,TUBE-7B1-037,8,z_lift,z_axis,35.0,35.0,abs(delta_z) / z_nominal_speed_mm_s + z_accel_allowance_s,0.442,z_motion,Concept-level timing assumption.
forced_category_A_full,TASK-7B1-037,TUBE-7B1-037,9,xy_move_at_safe_z,xy_axes,414.276,0.0,distance / xy_nominal_speed_mm_s + xy_accel_allowance_s,1.384,xy_motion,Concept-level timing assumption.
forced_category_A_full,TASK-7B1-037,TUBE-7B1-037,10,z_descend,z_axis,55.0,55.0,abs(delta_z) / z_nominal_speed_mm_s + z_accel_allowance_s,0.608,z_motion,Concept-level timing assumption.
forced_category_A_full,TASK-7B1-037,TUBE-7B1-037,11,gripper_action,gripper,0.0,0.0,grip_open_time_s,0.5,gripper_action,Concept-level timing assumption.
forced_category_A_full,TASK-7B1-037,TUBE-7B1-037,12,z_lift,z_axis,55.0,55.0,abs(delta_z) / z_nominal_speed_mm_s + z_accel_allowance_s,0.608,z_motion,Concept-level timing assumption.
forced_category_A_full,TASK-7B1-038,TUBE-7B1-038,1,xy_move_at_safe_z,xy_axes,140.357,0.0,distance / xy_nominal_speed_mm_s + xy_accel_allowance_s,0.601,xy_motion,Concept-level timing assumption.
forced_category_A_full,TASK-7B1-038,TUBE-7B1-038,2,z_descend,z_axis,45.0,45.0,abs(delta_z) / z_nominal_speed_mm_s + z_accel_allowance_s,0.525,z_motion,Concept-level timing assumption.
forced_category_A_full,TASK-7B1-038,TUBE-7B1-038,3,gripper_action,gripper,0.0,0.0,grip_close_time_s,0.6,gripper_action,Concept-level timing assumption.
forced_category_A_full,TASK-7B1-038,TUBE-7B1-038,4,z_lift,z_axis,45.0,45.0,abs(delta_z) / z_nominal_speed_mm_s + z_accel_allowance_s,0.525,z_motion,Concept-level timing assumption.
forced_category_A_full,TASK-7B1-038,TUBE-7B1-038,5,xy_move_at_safe_z,xy_axes,143.178,0.0,distance / xy_nominal_speed_mm_s + xy_accel_allowance_s,0.609,xy_motion,Concept-level timing assumption.
forced_category_A_full,TASK-7B1-038,TUBE-7B1-038,6,z_descend,z_axis,35.0,35.0,abs(delta_z) / z_nominal_speed_mm_s + z_accel_allowance_s,0.442,z_motion,Concept-level timing assumption.
forced_category_A_full,TASK-7B1-038,TUBE-7B1-038,7,scan_wait,dwell,0.0,0.0,scan_wait_time_s,1.0,scan_wait,Concept-level timing assumption.
forced_category_A_full,TASK-7B1-038,TUBE-7B1-038,8,z_lift,z_axis,35.0,35.0,abs(delta_z) / z_nominal_speed_mm_s + z_accel_allowance_s,0.442,z_motion,Concept-level timing assumption.
forced_category_A_full,TASK-7B1-038,TUBE-7B1-038,9,xy_move_at_safe_z,xy_axes,230.489,0.0,distance / xy_nominal_speed_mm_s + xy_accel_allowance_s,0.859,xy_motion,Concept-level timing assumption.
forced_category_A_full,TASK-7B1-038,TUBE-7B1-038,10,z_descend,z_axis,55.0,55.0,abs(delta_z) / z_nominal_speed_mm_s + z_accel_allowance_s,0.608,z_motion,Concept-level timing assumption.
forced_category_A_full,TASK-7B1-038,TUBE-7B1-038,11,gripper_action,gripper,0.0,0.0,grip_open_time_s,0.5,gripper_action,Concept-level timing assumption.
forced_category_A_full,TASK-7B1-038,TUBE-7B1-038,12,z_lift,z_axis,55.0,55.0,abs(delta_z) / z_nominal_speed_mm_s + z_accel_allowance_s,0.608,z_motion,Concept-level timing assumption.
forced_category_A_full,TASK-7B1-039,TUBE-7B1-039,1,xy_move_at_safe_z,xy_axes,115.434,0.0,distance / xy_nominal_speed_mm_s + xy_accel_allowance_s,0.53,xy_motion,Concept-level timing assumption.
forced_category_A_full,TASK-7B1-039,TUBE-7B1-039,2,z_descend,z_axis,45.0,45.0,abs(delta_z) / z_nominal_speed_mm_s + z_accel_allowance_s,0.525,z_motion,Concept-level timing assumption.
forced_category_A_full,TASK-7B1-039,TUBE-7B1-039,3,gripper_action,gripper,0.0,0.0,grip_close_time_s,0.6,gripper_action,Concept-level timing assumption.
forced_category_A_full,TASK-7B1-039,TUBE-7B1-039,4,z_lift,z_axis,45.0,45.0,abs(delta_z) / z_nominal_speed_mm_s + z_accel_allowance_s,0.525,z_motion,Concept-level timing assumption.
forced_category_A_full,TASK-7B1-039,TUBE-7B1-039,5,xy_move_at_safe_z,xy_axes,118.849,0.0,distance / xy_nominal_speed_mm_s + xy_accel_allowance_s,0.54,xy_motion,Concept-level timing assumption.
forced_category_A_full,TASK-7B1-039,TUBE-7B1-039,6,z_descend,z_axis,35.0,35.0,abs(delta_z) / z_nominal_speed_mm_s + z_accel_allowance_s,0.442,z_motion,Concept-level timing assumption.
forced_category_A_full,TASK-7B1-039,TUBE-7B1-039,7,scan_wait,dwell,0.0,0.0,scan_wait_time_s,1.0,scan_wait,Concept-level timing assumption.
forced_category_A_full,TASK-7B1-039,TUBE-7B1-039,8,z_lift,z_axis,35.0,35.0,abs(delta_z) / z_nominal_speed_mm_s + z_accel_allowance_s,0.442,z_motion,Concept-level timing assumption.
forced_category_A_full,TASK-7B1-039,TUBE-7B1-039,9,xy_move_at_safe_z,xy_axes,380.296,0.0,distance / xy_nominal_speed_mm_s + xy_accel_allowance_s,1.287,xy_motion,Concept-level timing assumption.
forced_category_A_full,TASK-7B1-039,TUBE-7B1-039,10,z_descend,z_axis,55.0,55.0,abs(delta_z) / z_nominal_speed_mm_s + z_accel_allowance_s,0.608,z_motion,Concept-level timing assumption.
forced_category_A_full,TASK-7B1-039,TUBE-7B1-039,11,gripper_action,gripper,0.0,0.0,grip_open_time_s,0.5,gripper_action,Concept-level timing assumption.
forced_category_A_full,TASK-7B1-039,TUBE-7B1-039,12,z_lift,z_axis,55.0,55.0,abs(delta_z) / z_nominal_speed_mm_s + z_accel_allowance_s,0.608,z_motion,Concept-level timing assumption.
forced_category_A_full,TASK-7B1-041,TUBE-7B1-041,1,xy_move_at_safe_z,xy_axes,190.591,0.0,distance / xy_nominal_speed_mm_s + xy_accel_allowance_s,0.745,xy_motion,Concept-level timing assumption.
forced_category_A_full,TASK-7B1-041,TUBE-7B1-041,2,z_descend,z_axis,45.0,45.0,abs(delta_z) / z_nominal_speed_mm_s + z_accel_allowance_s,0.525,z_motion,Concept-level timing assumption.
forced_category_A_full,TASK-7B1-041,TUBE-7B1-041,3,gripper_action,gripper,0.0,0.0,grip_close_time_s,0.6,gripper_action,Concept-level timing assumption.
forced_category_A_full,TASK-7B1-041,TUBE-7B1-041,4,z_lift,z_axis,45.0,45.0,abs(delta_z) / z_nominal_speed_mm_s + z_accel_allowance_s,0.525,z_motion,Concept-level timing assumption.
forced_category_A_full,TASK-7B1-041,TUBE-7B1-041,5,xy_move_at_safe_z,xy_axes,190.066,0.0,distance / xy_nominal_speed_mm_s + xy_accel_allowance_s,0.743,xy_motion,Concept-level timing assumption.
forced_category_A_full,TASK-7B1-041,TUBE-7B1-041,6,z_descend,z_axis,35.0,35.0,abs(delta_z) / z_nominal_speed_mm_s + z_accel_allowance_s,0.442,z_motion,Concept-level timing assumption.
forced_category_A_full,TASK-7B1-041,TUBE-7B1-041,7,scan_wait,dwell,0.0,0.0,scan_wait_time_s,1.0,scan_wait,Concept-level timing assumption.
forced_category_A_full,TASK-7B1-041,TUBE-7B1-041,8,z_lift,z_axis,35.0,35.0,abs(delta_z) / z_nominal_speed_mm_s + z_accel_allowance_s,0.442,z_motion,Concept-level timing assumption.
forced_category_A_full,TASK-7B1-041,TUBE-7B1-041,9,xy_move_at_safe_z,xy_axes,437.321,0.0,distance / xy_nominal_speed_mm_s + xy_accel_allowance_s,1.449,xy_motion,Concept-level timing assumption.
forced_category_A_full,TASK-7B1-041,TUBE-7B1-041,10,z_descend,z_axis,55.0,55.0,abs(delta_z) / z_nominal_speed_mm_s + z_accel_allowance_s,0.608,z_motion,Concept-level timing assumption.
forced_category_A_full,TASK-7B1-041,TUBE-7B1-041,11,gripper_action,gripper,0.0,0.0,grip_open_time_s,0.5,gripper_action,Concept-level timing assumption.
forced_category_A_full,TASK-7B1-041,TUBE-7B1-041,12,z_lift,z_axis,55.0,55.0,abs(delta_z) / z_nominal_speed_mm_s + z_accel_allowance_s,0.608,z_motion,Concept-level timing assumption.
forced_category_A_full,TASK-7B1-042,TUBE-7B1-042,1,xy_move_at_safe_z,xy_axes,165.68,0.0,distance / xy_nominal_speed_mm_s + xy_accel_allowance_s,0.673,xy_motion,Concept-level timing assumption.
forced_category_A_full,TASK-7B1-042,TUBE-7B1-042,2,z_descend,z_axis,45.0,45.0,abs(delta_z) / z_nominal_speed_mm_s + z_accel_allowance_s,0.525,z_motion,Concept-level timing assumption.
forced_category_A_full,TASK-7B1-042,TUBE-7B1-042,3,gripper_action,gripper,0.0,0.0,grip_close_time_s,0.6,gripper_action,Concept-level timing assumption.
forced_category_A_full,TASK-7B1-042,TUBE-7B1-042,4,z_lift,z_axis,45.0,45.0,abs(delta_z) / z_nominal_speed_mm_s + z_accel_allowance_s,0.525,z_motion,Concept-level timing assumption.
forced_category_A_full,TASK-7B1-042,TUBE-7B1-042,5,xy_move_at_safe_z,xy_axes,165.076,0.0,distance / xy_nominal_speed_mm_s + xy_accel_allowance_s,0.672,xy_motion,Concept-level timing assumption.
forced_category_A_full,TASK-7B1-042,TUBE-7B1-042,6,z_descend,z_axis,35.0,35.0,abs(delta_z) / z_nominal_speed_mm_s + z_accel_allowance_s,0.442,z_motion,Concept-level timing assumption.
forced_category_A_full,TASK-7B1-042,TUBE-7B1-042,7,scan_wait,dwell,0.0,0.0,scan_wait_time_s,1.0,scan_wait,Concept-level timing assumption.
forced_category_A_full,TASK-7B1-042,TUBE-7B1-042,8,z_lift,z_axis,35.0,35.0,abs(delta_z) / z_nominal_speed_mm_s + z_accel_allowance_s,0.442,z_motion,Concept-level timing assumption.
forced_category_A_full,TASK-7B1-042,TUBE-7B1-042,9,xy_move_at_safe_z,xy_axes,255.441,0.0,distance / xy_nominal_speed_mm_s + xy_accel_allowance_s,0.93,xy_motion,Concept-level timing assumption.
forced_category_A_full,TASK-7B1-042,TUBE-7B1-042,10,z_descend,z_axis,55.0,55.0,abs(delta_z) / z_nominal_speed_mm_s + z_accel_allowance_s,0.608,z_motion,Concept-level timing assumption.
forced_category_A_full,TASK-7B1-042,TUBE-7B1-042,11,gripper_action,gripper,0.0,0.0,grip_open_time_s,0.5,gripper_action,Concept-level timing assumption.
forced_category_A_full,TASK-7B1-042,TUBE-7B1-042,12,z_lift,z_axis,55.0,55.0,abs(delta_z) / z_nominal_speed_mm_s + z_accel_allowance_s,0.608,z_motion,Concept-level timing assumption.
forced_category_A_full,TASK-7B1-043,TUBE-7B1-043,1,xy_move_at_safe_z,xy_axes,140.801,0.0,distance / xy_nominal_speed_mm_s + xy_accel_allowance_s,0.602,xy_motion,Concept-level timing assumption.
forced_category_A_full,TASK-7B1-043,TUBE-7B1-043,2,z_descend,z_axis,45.0,45.0,abs(delta_z) / z_nominal_speed_mm_s + z_accel_allowance_s,0.525,z_motion,Concept-level timing assumption.
forced_category_A_full,TASK-7B1-043,TUBE-7B1-043,3,gripper_action,gripper,0.0,0.0,grip_close_time_s,0.6,gripper_action,Concept-level timing assumption.
forced_category_A_full,TASK-7B1-043,TUBE-7B1-043,4,z_lift,z_axis,45.0,45.0,abs(delta_z) / z_nominal_speed_mm_s + z_accel_allowance_s,0.525,z_motion,Concept-level timing assumption.
forced_category_A_full,TASK-7B1-043,TUBE-7B1-043,5,xy_move_at_safe_z,xy_axes,140.089,0.0,distance / xy_nominal_speed_mm_s + xy_accel_allowance_s,0.6,xy_motion,Concept-level timing assumption.
forced_category_A_full,TASK-7B1-043,TUBE-7B1-043,6,z_descend,z_axis,35.0,35.0,abs(delta_z) / z_nominal_speed_mm_s + z_accel_allowance_s,0.442,z_motion,Concept-level timing assumption.
forced_category_A_full,TASK-7B1-043,TUBE-7B1-043,7,scan_wait,dwell,0.0,0.0,scan_wait_time_s,1.0,scan_wait,Concept-level timing assumption.
forced_category_A_full,TASK-7B1-043,TUBE-7B1-043,8,z_lift,z_axis,35.0,35.0,abs(delta_z) / z_nominal_speed_mm_s + z_accel_allowance_s,0.442,z_motion,Concept-level timing assumption.
forced_category_A_full,TASK-7B1-043,TUBE-7B1-043,9,xy_move_at_safe_z,xy_axes,405.278,0.0,distance / xy_nominal_speed_mm_s + xy_accel_allowance_s,1.358,xy_motion,Concept-level timing assumption.
forced_category_A_full,TASK-7B1-043,TUBE-7B1-043,10,z_descend,z_axis,55.0,55.0,abs(delta_z) / z_nominal_speed_mm_s + z_accel_allowance_s,0.608,z_motion,Concept-level timing assumption.
forced_category_A_full,TASK-7B1-043,TUBE-7B1-043,11,gripper_action,gripper,0.0,0.0,grip_open_time_s,0.5,gripper_action,Concept-level timing assumption.
forced_category_A_full,TASK-7B1-043,TUBE-7B1-043,12,z_lift,z_axis,55.0,55.0,abs(delta_z) / z_nominal_speed_mm_s + z_accel_allowance_s,0.608,z_motion,Concept-level timing assumption.
forced_category_A_full,TASK-7B1-044,TUBE-7B1-044,1,xy_move_at_safe_z,xy_axes,243.311,0.0,distance / xy_nominal_speed_mm_s + xy_accel_allowance_s,0.895,xy_motion,Concept-level timing assumption.
forced_category_A_full,TASK-7B1-044,TUBE-7B1-044,2,z_descend,z_axis,45.0,45.0,abs(delta_z) / z_nominal_speed_mm_s + z_accel_allowance_s,0.525,z_motion,Concept-level timing assumption.
forced_category_A_full,TASK-7B1-044,TUBE-7B1-044,3,gripper_action,gripper,0.0,0.0,grip_close_time_s,0.6,gripper_action,Concept-level timing assumption.
forced_category_A_full,TASK-7B1-044,TUBE-7B1-044,4,z_lift,z_axis,45.0,45.0,abs(delta_z) / z_nominal_speed_mm_s + z_accel_allowance_s,0.525,z_motion,Concept-level timing assumption.
forced_category_A_full,TASK-7B1-044,TUBE-7B1-044,5,xy_move_at_safe_z,xy_axes,240.832,0.0,distance / xy_nominal_speed_mm_s + xy_accel_allowance_s,0.888,xy_motion,Concept-level timing assumption.
forced_category_A_full,TASK-7B1-044,TUBE-7B1-044,6,z_descend,z_axis,35.0,35.0,abs(delta_z) / z_nominal_speed_mm_s + z_accel_allowance_s,0.442,z_motion,Concept-level timing assumption.
forced_category_A_full,TASK-7B1-044,TUBE-7B1-044,7,scan_wait,dwell,0.0,0.0,scan_wait_time_s,1.0,scan_wait,Concept-level timing assumption.
forced_category_A_full,TASK-7B1-044,TUBE-7B1-044,8,z_lift,z_axis,35.0,35.0,abs(delta_z) / z_nominal_speed_mm_s + z_accel_allowance_s,0.442,z_motion,Concept-level timing assumption.
forced_category_A_full,TASK-7B1-044,TUBE-7B1-044,9,xy_move_at_safe_z,xy_axes,504.777,0.0,distance / xy_nominal_speed_mm_s + xy_accel_allowance_s,1.642,xy_motion,Concept-level timing assumption.
forced_category_A_full,TASK-7B1-044,TUBE-7B1-044,10,z_descend,z_axis,55.0,55.0,abs(delta_z) / z_nominal_speed_mm_s + z_accel_allowance_s,0.608,z_motion,Concept-level timing assumption.
forced_category_A_full,TASK-7B1-044,TUBE-7B1-044,11,gripper_action,gripper,0.0,0.0,grip_open_time_s,0.5,gripper_action,Concept-level timing assumption.
forced_category_A_full,TASK-7B1-044,TUBE-7B1-044,12,z_lift,z_axis,55.0,55.0,abs(delta_z) / z_nominal_speed_mm_s + z_accel_allowance_s,0.608,z_motion,Concept-level timing assumption.
forced_category_A_full,TASK-7B1-046,TUBE-7B1-046,1,xy_move_at_safe_z,xy_axes,194.165,0.0,distance / xy_nominal_speed_mm_s + xy_accel_allowance_s,0.755,xy_motion,Concept-level timing assumption.
forced_category_A_full,TASK-7B1-046,TUBE-7B1-046,2,z_descend,z_axis,45.0,45.0,abs(delta_z) / z_nominal_speed_mm_s + z_accel_allowance_s,0.525,z_motion,Concept-level timing assumption.
forced_category_A_full,TASK-7B1-046,TUBE-7B1-046,3,gripper_action,gripper,0.0,0.0,grip_close_time_s,0.6,gripper_action,Concept-level timing assumption.
forced_category_A_full,TASK-7B1-046,TUBE-7B1-046,4,z_lift,z_axis,45.0,45.0,abs(delta_z) / z_nominal_speed_mm_s + z_accel_allowance_s,0.525,z_motion,Concept-level timing assumption.
forced_category_A_full,TASK-7B1-046,TUBE-7B1-046,5,xy_move_at_safe_z,xy_axes,191.05,0.0,distance / xy_nominal_speed_mm_s + xy_accel_allowance_s,0.746,xy_motion,Concept-level timing assumption.
forced_category_A_full,TASK-7B1-046,TUBE-7B1-046,6,z_descend,z_axis,35.0,35.0,abs(delta_z) / z_nominal_speed_mm_s + z_accel_allowance_s,0.442,z_motion,Concept-level timing assumption.
forced_category_A_full,TASK-7B1-046,TUBE-7B1-046,7,scan_wait,dwell,0.0,0.0,scan_wait_time_s,1.0,scan_wait,Concept-level timing assumption.
forced_category_A_full,TASK-7B1-046,TUBE-7B1-046,8,z_lift,z_axis,35.0,35.0,abs(delta_z) / z_nominal_speed_mm_s + z_accel_allowance_s,0.442,z_motion,Concept-level timing assumption.
forced_category_A_full,TASK-7B1-046,TUBE-7B1-046,9,xy_move_at_safe_z,xy_axes,460.57,0.0,distance / xy_nominal_speed_mm_s + xy_accel_allowance_s,1.516,xy_motion,Concept-level timing assumption.
forced_category_A_full,TASK-7B1-046,TUBE-7B1-046,10,z_descend,z_axis,55.0,55.0,abs(delta_z) / z_nominal_speed_mm_s + z_accel_allowance_s,0.608,z_motion,Concept-level timing assumption.
forced_category_A_full,TASK-7B1-046,TUBE-7B1-046,11,gripper_action,gripper,0.0,0.0,grip_open_time_s,0.5,gripper_action,Concept-level timing assumption.
forced_category_A_full,TASK-7B1-046,TUBE-7B1-046,12,z_lift,z_axis,55.0,55.0,abs(delta_z) / z_nominal_speed_mm_s + z_accel_allowance_s,0.608,z_motion,Concept-level timing assumption.
forced_category_A_full,TASK-7B1-047,TUBE-7B1-047,1,xy_move_at_safe_z,xy_axes,145.602,0.0,distance / xy_nominal_speed_mm_s + xy_accel_allowance_s,0.616,xy_motion,Concept-level timing assumption.
forced_category_A_full,TASK-7B1-047,TUBE-7B1-047,2,z_descend,z_axis,45.0,45.0,abs(delta_z) / z_nominal_speed_mm_s + z_accel_allowance_s,0.525,z_motion,Concept-level timing assumption.
forced_category_A_full,TASK-7B1-047,TUBE-7B1-047,3,gripper_action,gripper,0.0,0.0,grip_close_time_s,0.6,gripper_action,Concept-level timing assumption.
forced_category_A_full,TASK-7B1-047,TUBE-7B1-047,4,z_lift,z_axis,45.0,45.0,abs(delta_z) / z_nominal_speed_mm_s + z_accel_allowance_s,0.525,z_motion,Concept-level timing assumption.
forced_category_A_full,TASK-7B1-047,TUBE-7B1-047,5,xy_move_at_safe_z,xy_axes,141.421,0.0,distance / xy_nominal_speed_mm_s + xy_accel_allowance_s,0.604,xy_motion,Concept-level timing assumption.
forced_category_A_full,TASK-7B1-047,TUBE-7B1-047,6,z_descend,z_axis,35.0,35.0,abs(delta_z) / z_nominal_speed_mm_s + z_accel_allowance_s,0.442,z_motion,Concept-level timing assumption.
forced_category_A_full,TASK-7B1-047,TUBE-7B1-047,7,scan_wait,dwell,0.0,0.0,scan_wait_time_s,1.0,scan_wait,Concept-level timing assumption.
forced_category_A_full,TASK-7B1-047,TUBE-7B1-047,8,z_lift,z_axis,35.0,35.0,abs(delta_z) / z_nominal_speed_mm_s + z_accel_allowance_s,0.442,z_motion,Concept-level timing assumption.
forced_category_A_full,TASK-7B1-047,TUBE-7B1-047,9,xy_move_at_safe_z,xy_axes,280.401,0.0,distance / xy_nominal_speed_mm_s + xy_accel_allowance_s,1.001,xy_motion,Concept-level timing assumption.
forced_category_A_full,TASK-7B1-047,TUBE-7B1-047,10,z_descend,z_axis,55.0,55.0,abs(delta_z) / z_nominal_speed_mm_s + z_accel_allowance_s,0.608,z_motion,Concept-level timing assumption.
forced_category_A_full,TASK-7B1-047,TUBE-7B1-047,11,gripper_action,gripper,0.0,0.0,grip_open_time_s,0.5,gripper_action,Concept-level timing assumption.
forced_category_A_full,TASK-7B1-047,TUBE-7B1-047,12,z_lift,z_axis,55.0,55.0,abs(delta_z) / z_nominal_speed_mm_s + z_accel_allowance_s,0.608,z_motion,Concept-level timing assumption.
forced_category_A_full,TASK-7B1-048,TUBE-7B1-048,1,xy_move_at_safe_z,xy_axes,121.758,0.0,distance / xy_nominal_speed_mm_s + xy_accel_allowance_s,0.548,xy_motion,Concept-level timing assumption.
forced_category_A_full,TASK-7B1-048,TUBE-7B1-048,2,z_descend,z_axis,45.0,45.0,abs(delta_z) / z_nominal_speed_mm_s + z_accel_allowance_s,0.525,z_motion,Concept-level timing assumption.
forced_category_A_full,TASK-7B1-048,TUBE-7B1-048,3,gripper_action,gripper,0.0,0.0,grip_close_time_s,0.6,gripper_action,Concept-level timing assumption.
forced_category_A_full,TASK-7B1-048,TUBE-7B1-048,4,z_lift,z_axis,45.0,45.0,abs(delta_z) / z_nominal_speed_mm_s + z_accel_allowance_s,0.525,z_motion,Concept-level timing assumption.
forced_category_A_full,TASK-7B1-048,TUBE-7B1-048,5,xy_move_at_safe_z,xy_axes,116.726,0.0,distance / xy_nominal_speed_mm_s + xy_accel_allowance_s,0.534,xy_motion,Concept-level timing assumption.
forced_category_A_full,TASK-7B1-048,TUBE-7B1-048,6,z_descend,z_axis,35.0,35.0,abs(delta_z) / z_nominal_speed_mm_s + z_accel_allowance_s,0.442,z_motion,Concept-level timing assumption.
forced_category_A_full,TASK-7B1-048,TUBE-7B1-048,7,scan_wait,dwell,0.0,0.0,scan_wait_time_s,1.0,scan_wait,Concept-level timing assumption.
forced_category_A_full,TASK-7B1-048,TUBE-7B1-048,8,z_lift,z_axis,35.0,35.0,abs(delta_z) / z_nominal_speed_mm_s + z_accel_allowance_s,0.442,z_motion,Concept-level timing assumption.
forced_category_A_full,TASK-7B1-048,TUBE-7B1-048,9,xy_move_at_safe_z,xy_axes,430.262,0.0,distance / xy_nominal_speed_mm_s + xy_accel_allowance_s,1.429,xy_motion,Concept-level timing assumption.
forced_category_A_full,TASK-7B1-048,TUBE-7B1-048,10,z_descend,z_axis,55.0,55.0,abs(delta_z) / z_nominal_speed_mm_s + z_accel_allowance_s,0.608,z_motion,Concept-level timing assumption.
forced_category_A_full,TASK-7B1-048,TUBE-7B1-048,11,gripper_action,gripper,0.0,0.0,grip_open_time_s,0.5,gripper_action,Concept-level timing assumption.
forced_category_A_full,TASK-7B1-048,TUBE-7B1-048,12,z_lift,z_axis,55.0,55.0,abs(delta_z) / z_nominal_speed_mm_s + z_accel_allowance_s,0.608,z_motion,Concept-level timing assumption.
forced_category_A_full,TASK-7B1-050,TUBE-7B1-050,1,xy_move_at_safe_z,xy_axes,200.811,0.0,distance / xy_nominal_speed_mm_s + xy_accel_allowance_s,0.774,xy_motion,Concept-level timing assumption.
forced_category_A_full,TASK-7B1-050,TUBE-7B1-050,2,z_descend,z_axis,45.0,45.0,abs(delta_z) / z_nominal_speed_mm_s + z_accel_allowance_s,0.525,z_motion,Concept-level timing assumption.
forced_category_A_full,TASK-7B1-050,TUBE-7B1-050,3,gripper_action,gripper,0.0,0.0,grip_close_time_s,0.6,gripper_action,Concept-level timing assumption.
forced_category_A_full,TASK-7B1-050,TUBE-7B1-050,4,z_lift,z_axis,45.0,45.0,abs(delta_z) / z_nominal_speed_mm_s + z_accel_allowance_s,0.525,z_motion,Concept-level timing assumption.
forced_category_A_full,TASK-7B1-050,TUBE-7B1-050,5,xy_move_at_safe_z,xy_axes,195.256,0.0,distance / xy_nominal_speed_mm_s + xy_accel_allowance_s,0.758,xy_motion,Concept-level timing assumption.
forced_category_A_full,TASK-7B1-050,TUBE-7B1-050,6,z_descend,z_axis,35.0,35.0,abs(delta_z) / z_nominal_speed_mm_s + z_accel_allowance_s,0.442,z_motion,Concept-level timing assumption.
forced_category_A_full,TASK-7B1-050,TUBE-7B1-050,7,scan_wait,dwell,0.0,0.0,scan_wait_time_s,1.0,scan_wait,Concept-level timing assumption.
forced_category_A_full,TASK-7B1-050,TUBE-7B1-050,8,z_lift,z_axis,35.0,35.0,abs(delta_z) / z_nominal_speed_mm_s + z_accel_allowance_s,0.442,z_motion,Concept-level timing assumption.
forced_category_A_full,TASK-7B1-050,TUBE-7B1-050,9,xy_move_at_safe_z,xy_axes,483.994,0.0,distance / xy_nominal_speed_mm_s + xy_accel_allowance_s,1.583,xy_motion,Concept-level timing assumption.
forced_category_A_full,TASK-7B1-050,TUBE-7B1-050,10,z_descend,z_axis,55.0,55.0,abs(delta_z) / z_nominal_speed_mm_s + z_accel_allowance_s,0.608,z_motion,Concept-level timing assumption.
forced_category_A_full,TASK-7B1-050,TUBE-7B1-050,11,gripper_action,gripper,0.0,0.0,grip_open_time_s,0.5,gripper_action,Concept-level timing assumption.
forced_category_A_full,TASK-7B1-050,TUBE-7B1-050,12,z_lift,z_axis,55.0,55.0,abs(delta_z) / z_nominal_speed_mm_s + z_accel_allowance_s,0.608,z_motion,Concept-level timing assumption.
forced_category_A_full,TASK-7B1-051,TUBE-7B1-051,1,xy_move_at_safe_z,xy_axes,177.341,0.0,distance / xy_nominal_speed_mm_s + xy_accel_allowance_s,0.707,xy_motion,Concept-level timing assumption.
forced_category_A_full,TASK-7B1-051,TUBE-7B1-051,2,z_descend,z_axis,45.0,45.0,abs(delta_z) / z_nominal_speed_mm_s + z_accel_allowance_s,0.525,z_motion,Concept-level timing assumption.
forced_category_A_full,TASK-7B1-051,TUBE-7B1-051,3,gripper_action,gripper,0.0,0.0,grip_close_time_s,0.6,gripper_action,Concept-level timing assumption.
forced_category_A_full,TASK-7B1-051,TUBE-7B1-051,4,z_lift,z_axis,45.0,45.0,abs(delta_z) / z_nominal_speed_mm_s + z_accel_allowance_s,0.525,z_motion,Concept-level timing assumption.
forced_category_A_full,TASK-7B1-051,TUBE-7B1-051,5,xy_move_at_safe_z,xy_axes,171.026,0.0,distance / xy_nominal_speed_mm_s + xy_accel_allowance_s,0.689,xy_motion,Concept-level timing assumption.
forced_category_A_full,TASK-7B1-051,TUBE-7B1-051,6,z_descend,z_axis,35.0,35.0,abs(delta_z) / z_nominal_speed_mm_s + z_accel_allowance_s,0.442,z_motion,Concept-level timing assumption.
forced_category_A_full,TASK-7B1-051,TUBE-7B1-051,7,scan_wait,dwell,0.0,0.0,scan_wait_time_s,1.0,scan_wait,Concept-level timing assumption.
forced_category_A_full,TASK-7B1-051,TUBE-7B1-051,8,z_lift,z_axis,35.0,35.0,abs(delta_z) / z_nominal_speed_mm_s + z_accel_allowance_s,0.442,z_motion,Concept-level timing assumption.
forced_category_A_full,TASK-7B1-051,TUBE-7B1-051,9,xy_move_at_safe_z,xy_axes,305.369,0.0,distance / xy_nominal_speed_mm_s + xy_accel_allowance_s,1.072,xy_motion,Concept-level timing assumption.
forced_category_A_full,TASK-7B1-051,TUBE-7B1-051,10,z_descend,z_axis,55.0,55.0,abs(delta_z) / z_nominal_speed_mm_s + z_accel_allowance_s,0.608,z_motion,Concept-level timing assumption.
forced_category_A_full,TASK-7B1-051,TUBE-7B1-051,11,gripper_action,gripper,0.0,0.0,grip_open_time_s,0.5,gripper_action,Concept-level timing assumption.
forced_category_A_full,TASK-7B1-051,TUBE-7B1-051,12,z_lift,z_axis,55.0,55.0,abs(delta_z) / z_nominal_speed_mm_s + z_accel_allowance_s,0.608,z_motion,Concept-level timing assumption.
forced_category_A_full,TASK-7B1-052,TUBE-7B1-052,1,xy_move_at_safe_z,xy_axes,154.353,0.0,distance / xy_nominal_speed_mm_s + xy_accel_allowance_s,0.641,xy_motion,Concept-level timing assumption.
forced_category_A_full,TASK-7B1-052,TUBE-7B1-052,2,z_descend,z_axis,45.0,45.0,abs(delta_z) / z_nominal_speed_mm_s + z_accel_allowance_s,0.525,z_motion,Concept-level timing assumption.
forced_category_A_full,TASK-7B1-052,TUBE-7B1-052,3,gripper_action,gripper,0.0,0.0,grip_close_time_s,0.6,gripper_action,Concept-level timing assumption.
forced_category_A_full,TASK-7B1-052,TUBE-7B1-052,4,z_lift,z_axis,45.0,45.0,abs(delta_z) / z_nominal_speed_mm_s + z_accel_allowance_s,0.525,z_motion,Concept-level timing assumption.
forced_category_A_full,TASK-7B1-052,TUBE-7B1-052,5,xy_move_at_safe_z,xy_axes,147.054,0.0,distance / xy_nominal_speed_mm_s + xy_accel_allowance_s,0.62,xy_motion,Concept-level timing assumption.
forced_category_A_full,TASK-7B1-052,TUBE-7B1-052,6,z_descend,z_axis,35.0,35.0,abs(delta_z) / z_nominal_speed_mm_s + z_accel_allowance_s,0.442,z_motion,Concept-level timing assumption.
forced_category_A_full,TASK-7B1-052,TUBE-7B1-052,7,scan_wait,dwell,0.0,0.0,scan_wait_time_s,1.0,scan_wait,Concept-level timing assumption.
forced_category_A_full,TASK-7B1-052,TUBE-7B1-052,8,z_lift,z_axis,35.0,35.0,abs(delta_z) / z_nominal_speed_mm_s + z_accel_allowance_s,0.442,z_motion,Concept-level timing assumption.
forced_category_A_full,TASK-7B1-052,TUBE-7B1-052,9,xy_move_at_safe_z,xy_axes,455.247,0.0,distance / xy_nominal_speed_mm_s + xy_accel_allowance_s,1.501,xy_motion,Concept-level timing assumption.
forced_category_A_full,TASK-7B1-052,TUBE-7B1-052,10,z_descend,z_axis,55.0,55.0,abs(delta_z) / z_nominal_speed_mm_s + z_accel_allowance_s,0.608,z_motion,Concept-level timing assumption.
forced_category_A_full,TASK-7B1-052,TUBE-7B1-052,11,gripper_action,gripper,0.0,0.0,grip_open_time_s,0.5,gripper_action,Concept-level timing assumption.
forced_category_A_full,TASK-7B1-052,TUBE-7B1-052,12,z_lift,z_axis,55.0,55.0,abs(delta_z) / z_nominal_speed_mm_s + z_accel_allowance_s,0.608,z_motion,Concept-level timing assumption.
forced_category_A_full,TASK-7B1-054,TUBE-7B1-054,1,xy_move_at_safe_z,xy_axes,14.142,0.0,distance / xy_nominal_speed_mm_s + xy_accel_allowance_s,0.24,xy_motion,Concept-level timing assumption.
forced_category_A_full,TASK-7B1-054,TUBE-7B1-054,2,z_descend,z_axis,45.0,45.0,abs(delta_z) / z_nominal_speed_mm_s + z_accel_allowance_s,0.525,z_motion,Concept-level timing assumption.
forced_category_A_full,TASK-7B1-054,TUBE-7B1-054,3,gripper_action,gripper,0.0,0.0,grip_close_time_s,0.6,gripper_action,Concept-level timing assumption.
forced_category_A_full,TASK-7B1-054,TUBE-7B1-054,4,z_lift,z_axis,45.0,45.0,abs(delta_z) / z_nominal_speed_mm_s + z_accel_allowance_s,0.525,z_motion,Concept-level timing assumption.
forced_category_A_full,TASK-7B1-054,TUBE-7B1-054,5,xy_move_at_safe_z,xy_axes,31.623,0.0,distance / xy_nominal_speed_mm_s + xy_accel_allowance_s,0.29,xy_motion,Concept-level timing assumption.
forced_category_A_full,TASK-7B1-054,TUBE-7B1-054,6,z_descend,z_axis,35.0,35.0,abs(delta_z) / z_nominal_speed_mm_s + z_accel_allowance_s,0.442,z_motion,Concept-level timing assumption.
forced_category_A_full,TASK-7B1-054,TUBE-7B1-054,7,scan_wait,dwell,0.0,0.0,scan_wait_time_s,1.0,scan_wait,Concept-level timing assumption.
forced_category_A_full,TASK-7B1-054,TUBE-7B1-054,8,z_lift,z_axis,35.0,35.0,abs(delta_z) / z_nominal_speed_mm_s + z_accel_allowance_s,0.442,z_motion,Concept-level timing assumption.
forced_category_A_full,TASK-7B1-054,TUBE-7B1-054,9,xy_move_at_safe_z,xy_axes,358.469,0.0,distance / xy_nominal_speed_mm_s + xy_accel_allowance_s,1.224,xy_motion,Concept-level timing assumption.
forced_category_A_full,TASK-7B1-054,TUBE-7B1-054,10,z_descend,z_axis,55.0,55.0,abs(delta_z) / z_nominal_speed_mm_s + z_accel_allowance_s,0.608,z_motion,Concept-level timing assumption.
forced_category_A_full,TASK-7B1-054,TUBE-7B1-054,11,gripper_action,gripper,0.0,0.0,grip_open_time_s,0.5,gripper_action,Concept-level timing assumption.
forced_category_A_full,TASK-7B1-054,TUBE-7B1-054,12,z_lift,z_axis,55.0,55.0,abs(delta_z) / z_nominal_speed_mm_s + z_accel_allowance_s,0.608,z_motion,Concept-level timing assumption.
forced_category_A_full,TASK-7B1-055,TUBE-7B1-055,1,xy_move_at_safe_z,xy_axes,41.231,0.0,distance / xy_nominal_speed_mm_s + xy_accel_allowance_s,0.318,xy_motion,Concept-level timing assumption.
forced_category_A_full,TASK-7B1-055,TUBE-7B1-055,2,z_descend,z_axis,45.0,45.0,abs(delta_z) / z_nominal_speed_mm_s + z_accel_allowance_s,0.525,z_motion,Concept-level timing assumption.
forced_category_A_full,TASK-7B1-055,TUBE-7B1-055,3,gripper_action,gripper,0.0,0.0,grip_close_time_s,0.6,gripper_action,Concept-level timing assumption.
forced_category_A_full,TASK-7B1-055,TUBE-7B1-055,4,z_lift,z_axis,45.0,45.0,abs(delta_z) / z_nominal_speed_mm_s + z_accel_allowance_s,0.525,z_motion,Concept-level timing assumption.
forced_category_A_full,TASK-7B1-055,TUBE-7B1-055,5,xy_move_at_safe_z,xy_axes,50.0,0.0,distance / xy_nominal_speed_mm_s + xy_accel_allowance_s,0.343,xy_motion,Concept-level timing assumption.
forced_category_A_full,TASK-7B1-055,TUBE-7B1-055,6,z_descend,z_axis,35.0,35.0,abs(delta_z) / z_nominal_speed_mm_s + z_accel_allowance_s,0.442,z_motion,Concept-level timing assumption.
forced_category_A_full,TASK-7B1-055,TUBE-7B1-055,7,scan_wait,dwell,0.0,0.0,scan_wait_time_s,1.0,scan_wait,Concept-level timing assumption.
forced_category_A_full,TASK-7B1-055,TUBE-7B1-055,8,z_lift,z_axis,35.0,35.0,abs(delta_z) / z_nominal_speed_mm_s + z_accel_allowance_s,0.442,z_motion,Concept-level timing assumption.
forced_category_A_full,TASK-7B1-055,TUBE-7B1-055,9,xy_move_at_safe_z,xy_axes,184.391,0.0,distance / xy_nominal_speed_mm_s + xy_accel_allowance_s,0.727,xy_motion,Concept-level timing assumption.
forced_category_A_full,TASK-7B1-055,TUBE-7B1-055,10,z_descend,z_axis,55.0,55.0,abs(delta_z) / z_nominal_speed_mm_s + z_accel_allowance_s,0.608,z_motion,Concept-level timing assumption.
forced_category_A_full,TASK-7B1-055,TUBE-7B1-055,11,gripper_action,gripper,0.0,0.0,grip_open_time_s,0.5,gripper_action,Concept-level timing assumption.
forced_category_A_full,TASK-7B1-055,TUBE-7B1-055,12,z_lift,z_axis,55.0,55.0,abs(delta_z) / z_nominal_speed_mm_s + z_accel_allowance_s,0.608,z_motion,Concept-level timing assumption.
forced_category_A_full,TASK-7B1-056,TUBE-7B1-056,1,xy_move_at_safe_z,xy_axes,65.765,0.0,distance / xy_nominal_speed_mm_s + xy_accel_allowance_s,0.388,xy_motion,Concept-level timing assumption.
forced_category_A_full,TASK-7B1-056,TUBE-7B1-056,2,z_descend,z_axis,45.0,45.0,abs(delta_z) / z_nominal_speed_mm_s + z_accel_allowance_s,0.525,z_motion,Concept-level timing assumption.
forced_category_A_full,TASK-7B1-056,TUBE-7B1-056,3,gripper_action,gripper,0.0,0.0,grip_close_time_s,0.6,gripper_action,Concept-level timing assumption.
forced_category_A_full,TASK-7B1-056,TUBE-7B1-056,4,z_lift,z_axis,45.0,45.0,abs(delta_z) / z_nominal_speed_mm_s + z_accel_allowance_s,0.525,z_motion,Concept-level timing assumption.
forced_category_A_full,TASK-7B1-056,TUBE-7B1-056,5,xy_move_at_safe_z,xy_axes,71.589,0.0,distance / xy_nominal_speed_mm_s + xy_accel_allowance_s,0.405,xy_motion,Concept-level timing assumption.
forced_category_A_full,TASK-7B1-056,TUBE-7B1-056,6,z_descend,z_axis,35.0,35.0,abs(delta_z) / z_nominal_speed_mm_s + z_accel_allowance_s,0.442,z_motion,Concept-level timing assumption.
forced_category_A_full,TASK-7B1-056,TUBE-7B1-056,7,scan_wait,dwell,0.0,0.0,scan_wait_time_s,1.0,scan_wait,Concept-level timing assumption.
forced_category_A_full,TASK-7B1-056,TUBE-7B1-056,8,z_lift,z_axis,35.0,35.0,abs(delta_z) / z_nominal_speed_mm_s + z_accel_allowance_s,0.442,z_motion,Concept-level timing assumption.
forced_category_A_full,TASK-7B1-056,TUBE-7B1-056,9,xy_move_at_safe_z,xy_axes,332.415,0.0,distance / xy_nominal_speed_mm_s + xy_accel_allowance_s,1.15,xy_motion,Concept-level timing assumption.
forced_category_A_full,TASK-7B1-056,TUBE-7B1-056,10,z_descend,z_axis,55.0,55.0,abs(delta_z) / z_nominal_speed_mm_s + z_accel_allowance_s,0.608,z_motion,Concept-level timing assumption.
forced_category_A_full,TASK-7B1-056,TUBE-7B1-056,11,gripper_action,gripper,0.0,0.0,grip_open_time_s,0.5,gripper_action,Concept-level timing assumption.
forced_category_A_full,TASK-7B1-056,TUBE-7B1-056,12,z_lift,z_axis,55.0,55.0,abs(delta_z) / z_nominal_speed_mm_s + z_accel_allowance_s,0.608,z_motion,Concept-level timing assumption.
forced_category_A_full,TASK-7B1-058,TUBE-7B1-058,1,xy_move_at_safe_z,xy_axes,18.028,0.0,distance / xy_nominal_speed_mm_s + xy_accel_allowance_s,0.252,xy_motion,Concept-level timing assumption.
forced_category_A_full,TASK-7B1-058,TUBE-7B1-058,2,z_descend,z_axis,45.0,45.0,abs(delta_z) / z_nominal_speed_mm_s + z_accel_allowance_s,0.525,z_motion,Concept-level timing assumption.
forced_category_A_full,TASK-7B1-058,TUBE-7B1-058,3,gripper_action,gripper,0.0,0.0,grip_close_time_s,0.6,gripper_action,Concept-level timing assumption.
forced_category_A_full,TASK-7B1-058,TUBE-7B1-058,4,z_lift,z_axis,45.0,45.0,abs(delta_z) / z_nominal_speed_mm_s + z_accel_allowance_s,0.525,z_motion,Concept-level timing assumption.
forced_category_A_full,TASK-7B1-058,TUBE-7B1-058,5,xy_move_at_safe_z,xy_axes,11.18,0.0,distance / xy_nominal_speed_mm_s + xy_accel_allowance_s,0.232,xy_motion,Concept-level timing assumption.
forced_category_A_full,TASK-7B1-058,TUBE-7B1-058,6,z_descend,z_axis,35.0,35.0,abs(delta_z) / z_nominal_speed_mm_s + z_accel_allowance_s,0.442,z_motion,Concept-level timing assumption.
forced_category_A_full,TASK-7B1-058,TUBE-7B1-058,7,scan_wait,dwell,0.0,0.0,scan_wait_time_s,1.0,scan_wait,Concept-level timing assumption.
forced_category_A_full,TASK-7B1-058,TUBE-7B1-058,8,z_lift,z_axis,35.0,35.0,abs(delta_z) / z_nominal_speed_mm_s + z_accel_allowance_s,0.442,z_motion,Concept-level timing assumption.
forced_category_A_full,TASK-7B1-058,TUBE-7B1-058,9,xy_move_at_safe_z,xy_axes,381.608,0.0,distance / xy_nominal_speed_mm_s + xy_accel_allowance_s,1.29,xy_motion,Concept-level timing assumption.
forced_category_A_full,TASK-7B1-058,TUBE-7B1-058,10,z_descend,z_axis,55.0,55.0,abs(delta_z) / z_nominal_speed_mm_s + z_accel_allowance_s,0.608,z_motion,Concept-level timing assumption.
forced_category_A_full,TASK-7B1-058,TUBE-7B1-058,11,gripper_action,gripper,0.0,0.0,grip_open_time_s,0.5,gripper_action,Concept-level timing assumption.
forced_category_A_full,TASK-7B1-058,TUBE-7B1-058,12,z_lift,z_axis,55.0,55.0,abs(delta_z) / z_nominal_speed_mm_s + z_accel_allowance_s,0.608,z_motion,Concept-level timing assumption.
forced_category_A_full,TASK-7B1-059,TUBE-7B1-059,1,xy_move_at_safe_z,xy_axes,21.213,0.0,distance / xy_nominal_speed_mm_s + xy_accel_allowance_s,0.261,xy_motion,Concept-level timing assumption.
forced_category_A_full,TASK-7B1-059,TUBE-7B1-059,2,z_descend,z_axis,45.0,45.0,abs(delta_z) / z_nominal_speed_mm_s + z_accel_allowance_s,0.525,z_motion,Concept-level timing assumption.
forced_category_A_full,TASK-7B1-059,TUBE-7B1-059,3,gripper_action,gripper,0.0,0.0,grip_close_time_s,0.6,gripper_action,Concept-level timing assumption.
forced_category_A_full,TASK-7B1-059,TUBE-7B1-059,4,z_lift,z_axis,45.0,45.0,abs(delta_z) / z_nominal_speed_mm_s + z_accel_allowance_s,0.525,z_motion,Concept-level timing assumption.
forced_category_A_full,TASK-7B1-059,TUBE-7B1-059,5,xy_move_at_safe_z,xy_axes,15.811,0.0,distance / xy_nominal_speed_mm_s + xy_accel_allowance_s,0.245,xy_motion,Concept-level timing assumption.
forced_category_A_full,TASK-7B1-059,TUBE-7B1-059,6,z_descend,z_axis,35.0,35.0,abs(delta_z) / z_nominal_speed_mm_s + z_accel_allowance_s,0.442,z_motion,Concept-level timing assumption.
forced_category_A_full,TASK-7B1-059,TUBE-7B1-059,7,scan_wait,dwell,0.0,0.0,scan_wait_time_s,1.0,scan_wait,Concept-level timing assumption.
forced_category_A_full,TASK-7B1-059,TUBE-7B1-059,8,z_lift,z_axis,35.0,35.0,abs(delta_z) / z_nominal_speed_mm_s + z_accel_allowance_s,0.442,z_motion,Concept-level timing assumption.
forced_category_A_full,TASK-7B1-059,TUBE-7B1-059,9,xy_move_at_safe_z,xy_axes,484.175,0.0,distance / xy_nominal_speed_mm_s + xy_accel_allowance_s,1.583,xy_motion,Concept-level timing assumption.
forced_category_A_full,TASK-7B1-059,TUBE-7B1-059,10,z_descend,z_axis,55.0,55.0,abs(delta_z) / z_nominal_speed_mm_s + z_accel_allowance_s,0.608,z_motion,Concept-level timing assumption.
forced_category_A_full,TASK-7B1-059,TUBE-7B1-059,11,gripper_action,gripper,0.0,0.0,grip_open_time_s,0.5,gripper_action,Concept-level timing assumption.
forced_category_A_full,TASK-7B1-059,TUBE-7B1-059,12,z_lift,z_axis,55.0,55.0,abs(delta_z) / z_nominal_speed_mm_s + z_accel_allowance_s,0.608,z_motion,Concept-level timing assumption.
forced_category_A_full,TASK-7B1-060,TUBE-7B1-060,1,xy_move_at_safe_z,xy_axes,42.72,0.0,distance / xy_nominal_speed_mm_s + xy_accel_allowance_s,0.322,xy_motion,Concept-level timing assumption.
forced_category_A_full,TASK-7B1-060,TUBE-7B1-060,2,z_descend,z_axis,45.0,45.0,abs(delta_z) / z_nominal_speed_mm_s + z_accel_allowance_s,0.525,z_motion,Concept-level timing assumption.
forced_category_A_full,TASK-7B1-060,TUBE-7B1-060,3,gripper_action,gripper,0.0,0.0,grip_close_time_s,0.6,gripper_action,Concept-level timing assumption.
forced_category_A_full,TASK-7B1-060,TUBE-7B1-060,4,z_lift,z_axis,45.0,45.0,abs(delta_z) / z_nominal_speed_mm_s + z_accel_allowance_s,0.525,z_motion,Concept-level timing assumption.
forced_category_A_full,TASK-7B1-060,TUBE-7B1-060,5,xy_move_at_safe_z,xy_axes,40.311,0.0,distance / xy_nominal_speed_mm_s + xy_accel_allowance_s,0.315,xy_motion,Concept-level timing assumption.
forced_category_A_full,TASK-7B1-060,TUBE-7B1-060,6,z_descend,z_axis,35.0,35.0,abs(delta_z) / z_nominal_speed_mm_s + z_accel_allowance_s,0.442,z_motion,Concept-level timing assumption.
forced_category_A_full,TASK-7B1-060,TUBE-7B1-060,7,scan_wait,dwell,0.0,0.0,scan_wait_time_s,1.0,scan_wait,Concept-level timing assumption.
forced_category_A_full,TASK-7B1-060,TUBE-7B1-060,8,z_lift,z_axis,35.0,35.0,abs(delta_z) / z_nominal_speed_mm_s + z_accel_allowance_s,0.442,z_motion,Concept-level timing assumption.
forced_category_A_full,TASK-7B1-060,TUBE-7B1-060,9,xy_move_at_safe_z,xy_axes,208.866,0.0,distance / xy_nominal_speed_mm_s + xy_accel_allowance_s,0.797,xy_motion,Concept-level timing assumption.
forced_category_A_full,TASK-7B1-060,TUBE-7B1-060,10,z_descend,z_axis,55.0,55.0,abs(delta_z) / z_nominal_speed_mm_s + z_accel_allowance_s,0.608,z_motion,Concept-level timing assumption.
forced_category_A_full,TASK-7B1-060,TUBE-7B1-060,11,gripper_action,gripper,0.0,0.0,grip_open_time_s,0.5,gripper_action,Concept-level timing assumption.
forced_category_A_full,TASK-7B1-060,TUBE-7B1-060,12,z_lift,z_axis,55.0,55.0,abs(delta_z) / z_nominal_speed_mm_s + z_accel_allowance_s,0.608,z_motion,Concept-level timing assumption.
forced_category_A_full,TASK-7B1-061,TUBE-7B1-061,1,xy_move_at_safe_z,xy_axes,72.111,0.0,distance / xy_nominal_speed_mm_s + xy_accel_allowance_s,0.406,xy_motion,Concept-level timing assumption.
forced_category_A_full,TASK-7B1-061,TUBE-7B1-061,2,z_descend,z_axis,45.0,45.0,abs(delta_z) / z_nominal_speed_mm_s + z_accel_allowance_s,0.525,z_motion,Concept-level timing assumption.
forced_category_A_full,TASK-7B1-061,TUBE-7B1-061,3,gripper_action,gripper,0.0,0.0,grip_close_time_s,0.6,gripper_action,Concept-level timing assumption.
forced_category_A_full,TASK-7B1-061,TUBE-7B1-061,4,z_lift,z_axis,45.0,45.0,abs(delta_z) / z_nominal_speed_mm_s + z_accel_allowance_s,0.525,z_motion,Concept-level timing assumption.
forced_category_A_full,TASK-7B1-061,TUBE-7B1-061,5,xy_move_at_safe_z,xy_axes,63.246,0.0,distance / xy_nominal_speed_mm_s + xy_accel_allowance_s,0.381,xy_motion,Concept-level timing assumption.
forced_category_A_full,TASK-7B1-061,TUBE-7B1-061,6,z_descend,z_axis,35.0,35.0,abs(delta_z) / z_nominal_speed_mm_s + z_accel_allowance_s,0.442,z_motion,Concept-level timing assumption.
forced_category_A_full,TASK-7B1-061,TUBE-7B1-061,7,scan_wait,dwell,0.0,0.0,scan_wait_time_s,1.0,scan_wait,Concept-level timing assumption.
forced_category_A_full,TASK-7B1-061,TUBE-7B1-061,8,z_lift,z_axis,35.0,35.0,abs(delta_z) / z_nominal_speed_mm_s + z_accel_allowance_s,0.442,z_motion,Concept-level timing assumption.
forced_category_A_full,TASK-7B1-061,TUBE-7B1-061,9,xy_move_at_safe_z,xy_axes,357.246,0.0,distance / xy_nominal_speed_mm_s + xy_accel_allowance_s,1.221,xy_motion,Concept-level timing assumption.
forced_category_A_full,TASK-7B1-061,TUBE-7B1-061,10,z_descend,z_axis,55.0,55.0,abs(delta_z) / z_nominal_speed_mm_s + z_accel_allowance_s,0.608,z_motion,Concept-level timing assumption.
forced_category_A_full,TASK-7B1-061,TUBE-7B1-061,11,gripper_action,gripper,0.0,0.0,grip_open_time_s,0.5,gripper_action,Concept-level timing assumption.
forced_category_A_full,TASK-7B1-061,TUBE-7B1-061,12,z_lift,z_axis,55.0,55.0,abs(delta_z) / z_nominal_speed_mm_s + z_accel_allowance_s,0.608,z_motion,Concept-level timing assumption.
forced_category_A_full,TASK-7B1-063,TUBE-7B1-063,1,xy_move_at_safe_z,xy_axes,41.231,0.0,distance / xy_nominal_speed_mm_s + xy_accel_allowance_s,0.318,xy_motion,Concept-level timing assumption.
forced_category_A_full,TASK-7B1-063,TUBE-7B1-063,2,z_descend,z_axis,45.0,45.0,abs(delta_z) / z_nominal_speed_mm_s + z_accel_allowance_s,0.525,z_motion,Concept-level timing assumption.
forced_category_A_full,TASK-7B1-063,TUBE-7B1-063,3,gripper_action,gripper,0.0,0.0,grip_close_time_s,0.6,gripper_action,Concept-level timing assumption.
forced_category_A_full,TASK-7B1-063,TUBE-7B1-063,4,z_lift,z_axis,45.0,45.0,abs(delta_z) / z_nominal_speed_mm_s + z_accel_allowance_s,0.525,z_motion,Concept-level timing assumption.
forced_category_A_full,TASK-7B1-063,TUBE-7B1-063,5,xy_move_at_safe_z,xy_axes,22.361,0.0,distance / xy_nominal_speed_mm_s + xy_accel_allowance_s,0.264,xy_motion,Concept-level timing assumption.
forced_category_A_full,TASK-7B1-063,TUBE-7B1-063,6,z_descend,z_axis,35.0,35.0,abs(delta_z) / z_nominal_speed_mm_s + z_accel_allowance_s,0.442,z_motion,Concept-level timing assumption.
forced_category_A_full,TASK-7B1-063,TUBE-7B1-063,7,scan_wait,dwell,0.0,0.0,scan_wait_time_s,1.0,scan_wait,Concept-level timing assumption.
forced_category_A_full,TASK-7B1-063,TUBE-7B1-063,8,z_lift,z_axis,35.0,35.0,abs(delta_z) / z_nominal_speed_mm_s + z_accel_allowance_s,0.442,z_motion,Concept-level timing assumption.
forced_category_A_full,TASK-7B1-063,TUBE-7B1-063,9,xy_move_at_safe_z,xy_axes,404.969,0.0,distance / xy_nominal_speed_mm_s + xy_accel_allowance_s,1.357,xy_motion,Concept-level timing assumption.
forced_category_A_full,TASK-7B1-063,TUBE-7B1-063,10,z_descend,z_axis,55.0,55.0,abs(delta_z) / z_nominal_speed_mm_s + z_accel_allowance_s,0.608,z_motion,Concept-level timing assumption.
forced_category_A_full,TASK-7B1-063,TUBE-7B1-063,11,gripper_action,gripper,0.0,0.0,grip_open_time_s,0.5,gripper_action,Concept-level timing assumption.
forced_category_A_full,TASK-7B1-063,TUBE-7B1-063,12,z_lift,z_axis,55.0,55.0,abs(delta_z) / z_nominal_speed_mm_s + z_accel_allowance_s,0.608,z_motion,Concept-level timing assumption.
forced_category_A_full,TASK-7B1-064,TUBE-7B1-064,1,xy_move_at_safe_z,xy_axes,56.569,0.0,distance / xy_nominal_speed_mm_s + xy_accel_allowance_s,0.362,xy_motion,Concept-level timing assumption.
forced_category_A_full,TASK-7B1-064,TUBE-7B1-064,2,z_descend,z_axis,45.0,45.0,abs(delta_z) / z_nominal_speed_mm_s + z_accel_allowance_s,0.525,z_motion,Concept-level timing assumption.
forced_category_A_full,TASK-7B1-064,TUBE-7B1-064,3,gripper_action,gripper,0.0,0.0,grip_close_time_s,0.6,gripper_action,Concept-level timing assumption.
forced_category_A_full,TASK-7B1-064,TUBE-7B1-064,4,z_lift,z_axis,45.0,45.0,abs(delta_z) / z_nominal_speed_mm_s + z_accel_allowance_s,0.525,z_motion,Concept-level timing assumption.
forced_category_A_full,TASK-7B1-064,TUBE-7B1-064,5,xy_move_at_safe_z,xy_axes,44.721,0.0,distance / xy_nominal_speed_mm_s + xy_accel_allowance_s,0.328,xy_motion,Concept-level timing assumption.
forced_category_A_full,TASK-7B1-064,TUBE-7B1-064,6,z_descend,z_axis,35.0,35.0,abs(delta_z) / z_nominal_speed_mm_s + z_accel_allowance_s,0.442,z_motion,Concept-level timing assumption.
forced_category_A_full,TASK-7B1-064,TUBE-7B1-064,7,scan_wait,dwell,0.0,0.0,scan_wait_time_s,1.0,scan_wait,Concept-level timing assumption.
forced_category_A_full,TASK-7B1-064,TUBE-7B1-064,8,z_lift,z_axis,35.0,35.0,abs(delta_z) / z_nominal_speed_mm_s + z_accel_allowance_s,0.442,z_motion,Concept-level timing assumption.
forced_category_A_full,TASK-7B1-064,TUBE-7B1-064,9,xy_move_at_safe_z,xy_axes,233.452,0.0,distance / xy_nominal_speed_mm_s + xy_accel_allowance_s,0.867,xy_motion,Concept-level timing assumption.
forced_category_A_full,TASK-7B1-064,TUBE-7B1-064,10,z_descend,z_axis,55.0,55.0,abs(delta_z) / z_nominal_speed_mm_s + z_accel_allowance_s,0.608,z_motion,Concept-level timing assumption.
forced_category_A_full,TASK-7B1-064,TUBE-7B1-064,11,gripper_action,gripper,0.0,0.0,grip_open_time_s,0.5,gripper_action,Concept-level timing assumption.
forced_category_A_full,TASK-7B1-064,TUBE-7B1-064,12,z_lift,z_axis,55.0,55.0,abs(delta_z) / z_nominal_speed_mm_s + z_accel_allowance_s,0.608,z_motion,Concept-level timing assumption.
forced_category_A_full,TASK-7B1-065,TUBE-7B1-065,1,xy_move_at_safe_z,xy_axes,76.322,0.0,distance / xy_nominal_speed_mm_s + xy_accel_allowance_s,0.418,xy_motion,Concept-level timing assumption.
forced_category_A_full,TASK-7B1-065,TUBE-7B1-065,2,z_descend,z_axis,45.0,45.0,abs(delta_z) / z_nominal_speed_mm_s + z_accel_allowance_s,0.525,z_motion,Concept-level timing assumption.
forced_category_A_full,TASK-7B1-065,TUBE-7B1-065,3,gripper_action,gripper,0.0,0.0,grip_close_time_s,0.6,gripper_action,Concept-level timing assumption.
forced_category_A_full,TASK-7B1-065,TUBE-7B1-065,4,z_lift,z_axis,45.0,45.0,abs(delta_z) / z_nominal_speed_mm_s + z_accel_allowance_s,0.525,z_motion,Concept-level timing assumption.
forced_category_A_full,TASK-7B1-065,TUBE-7B1-065,5,xy_move_at_safe_z,xy_axes,68.007,0.0,distance / xy_nominal_speed_mm_s + xy_accel_allowance_s,0.394,xy_motion,Concept-level timing assumption.
forced_category_A_full,TASK-7B1-065,TUBE-7B1-065,6,z_descend,z_axis,35.0,35.0,abs(delta_z) / z_nominal_speed_mm_s + z_accel_allowance_s,0.442,z_motion,Concept-level timing assumption.
forced_category_A_full,TASK-7B1-065,TUBE-7B1-065,7,scan_wait,dwell,0.0,0.0,scan_wait_time_s,1.0,scan_wait,Concept-level timing assumption.
forced_category_A_full,TASK-7B1-065,TUBE-7B1-065,8,z_lift,z_axis,35.0,35.0,abs(delta_z) / z_nominal_speed_mm_s + z_accel_allowance_s,0.442,z_motion,Concept-level timing assumption.
forced_category_A_full,TASK-7B1-065,TUBE-7B1-065,9,xy_move_at_safe_z,xy_axes,382.099,0.0,distance / xy_nominal_speed_mm_s + xy_accel_allowance_s,1.292,xy_motion,Concept-level timing assumption.
forced_category_A_full,TASK-7B1-065,TUBE-7B1-065,10,z_descend,z_axis,55.0,55.0,abs(delta_z) / z_nominal_speed_mm_s + z_accel_allowance_s,0.608,z_motion,Concept-level timing assumption.
forced_category_A_full,TASK-7B1-065,TUBE-7B1-065,11,gripper_action,gripper,0.0,0.0,grip_open_time_s,0.5,gripper_action,Concept-level timing assumption.
forced_category_A_full,TASK-7B1-065,TUBE-7B1-065,12,z_lift,z_axis,55.0,55.0,abs(delta_z) / z_nominal_speed_mm_s + z_accel_allowance_s,0.608,z_motion,Concept-level timing assumption.
forced_category_A_full,TASK-7B1-067,TUBE-7B1-067,1,xy_move_at_safe_z,xy_axes,65.765,0.0,distance / xy_nominal_speed_mm_s + xy_accel_allowance_s,0.388,xy_motion,Concept-level timing assumption.
forced_category_A_full,TASK-7B1-067,TUBE-7B1-067,2,z_descend,z_axis,45.0,45.0,abs(delta_z) / z_nominal_speed_mm_s + z_accel_allowance_s,0.525,z_motion,Concept-level timing assumption.
forced_category_A_full,TASK-7B1-067,TUBE-7B1-067,3,gripper_action,gripper,0.0,0.0,grip_close_time_s,0.6,gripper_action,Concept-level timing assumption.
forced_category_A_full,TASK-7B1-067,TUBE-7B1-067,4,z_lift,z_axis,45.0,45.0,abs(delta_z) / z_nominal_speed_mm_s + z_accel_allowance_s,0.525,z_motion,Concept-level timing assumption.
forced_category_A_full,TASK-7B1-067,TUBE-7B1-067,5,xy_move_at_safe_z,xy_axes,46.098,0.0,distance / xy_nominal_speed_mm_s + xy_accel_allowance_s,0.332,xy_motion,Concept-level timing assumption.
forced_category_A_full,TASK-7B1-067,TUBE-7B1-067,6,z_descend,z_axis,35.0,35.0,abs(delta_z) / z_nominal_speed_mm_s + z_accel_allowance_s,0.442,z_motion,Concept-level timing assumption.
forced_category_A_full,TASK-7B1-067,TUBE-7B1-067,7,scan_wait,dwell,0.0,0.0,scan_wait_time_s,1.0,scan_wait,Concept-level timing assumption.
forced_category_A_full,TASK-7B1-067,TUBE-7B1-067,8,z_lift,z_axis,35.0,35.0,abs(delta_z) / z_nominal_speed_mm_s + z_accel_allowance_s,0.442,z_motion,Concept-level timing assumption.
forced_category_A_full,TASK-7B1-067,TUBE-7B1-067,9,xy_move_at_safe_z,xy_axes,428.515,0.0,distance / xy_nominal_speed_mm_s + xy_accel_allowance_s,1.424,xy_motion,Concept-level timing assumption.
forced_category_A_full,TASK-7B1-067,TUBE-7B1-067,10,z_descend,z_axis,55.0,55.0,abs(delta_z) / z_nominal_speed_mm_s + z_accel_allowance_s,0.608,z_motion,Concept-level timing assumption.
forced_category_A_full,TASK-7B1-067,TUBE-7B1-067,11,gripper_action,gripper,0.0,0.0,grip_open_time_s,0.5,gripper_action,Concept-level timing assumption.
forced_category_A_full,TASK-7B1-067,TUBE-7B1-067,12,z_lift,z_axis,55.0,55.0,abs(delta_z) / z_nominal_speed_mm_s + z_accel_allowance_s,0.608,z_motion,Concept-level timing assumption.
forced_category_A_full,TASK-7B1-068,TUBE-7B1-068,1,xy_move_at_safe_z,xy_axes,66.708,0.0,distance / xy_nominal_speed_mm_s + xy_accel_allowance_s,0.391,xy_motion,Concept-level timing assumption.
forced_category_A_full,TASK-7B1-068,TUBE-7B1-068,2,z_descend,z_axis,45.0,45.0,abs(delta_z) / z_nominal_speed_mm_s + z_accel_allowance_s,0.525,z_motion,Concept-level timing assumption.
forced_category_A_full,TASK-7B1-068,TUBE-7B1-068,3,gripper_action,gripper,0.0,0.0,grip_close_time_s,0.6,gripper_action,Concept-level timing assumption.
forced_category_A_full,TASK-7B1-068,TUBE-7B1-068,4,z_lift,z_axis,45.0,45.0,abs(delta_z) / z_nominal_speed_mm_s + z_accel_allowance_s,0.525,z_motion,Concept-level timing assumption.
forced_category_A_full,TASK-7B1-068,TUBE-7B1-068,5,xy_move_at_safe_z,xy_axes,47.434,0.0,distance / xy_nominal_speed_mm_s + xy_accel_allowance_s,0.336,xy_motion,Concept-level timing assumption.
forced_category_A_full,TASK-7B1-068,TUBE-7B1-068,6,z_descend,z_axis,35.0,35.0,abs(delta_z) / z_nominal_speed_mm_s + z_accel_allowance_s,0.442,z_motion,Concept-level timing assumption.
forced_category_A_full,TASK-7B1-068,TUBE-7B1-068,7,scan_wait,dwell,0.0,0.0,scan_wait_time_s,1.0,scan_wait,Concept-level timing assumption.
forced_category_A_full,TASK-7B1-068,TUBE-7B1-068,8,z_lift,z_axis,35.0,35.0,abs(delta_z) / z_nominal_speed_mm_s + z_accel_allowance_s,0.442,z_motion,Concept-level timing assumption.
forced_category_A_full,TASK-7B1-068,TUBE-7B1-068,9,xy_move_at_safe_z,xy_axes,258.118,0.0,distance / xy_nominal_speed_mm_s + xy_accel_allowance_s,0.937,xy_motion,Concept-level timing assumption.
forced_category_A_full,TASK-7B1-068,TUBE-7B1-068,10,z_descend,z_axis,55.0,55.0,abs(delta_z) / z_nominal_speed_mm_s + z_accel_allowance_s,0.608,z_motion,Concept-level timing assumption.
forced_category_A_full,TASK-7B1-068,TUBE-7B1-068,11,gripper_action,gripper,0.0,0.0,grip_open_time_s,0.5,gripper_action,Concept-level timing assumption.
forced_category_A_full,TASK-7B1-068,TUBE-7B1-068,12,z_lift,z_axis,55.0,55.0,abs(delta_z) / z_nominal_speed_mm_s + z_accel_allowance_s,0.608,z_motion,Concept-level timing assumption.
forced_category_A_full,TASK-7B1-069,TUBE-7B1-069,1,xy_move_at_safe_z,xy_axes,76.322,0.0,distance / xy_nominal_speed_mm_s + xy_accel_allowance_s,0.418,xy_motion,Concept-level timing assumption.
forced_category_A_full,TASK-7B1-069,TUBE-7B1-069,2,z_descend,z_axis,45.0,45.0,abs(delta_z) / z_nominal_speed_mm_s + z_accel_allowance_s,0.525,z_motion,Concept-level timing assumption.
forced_category_A_full,TASK-7B1-069,TUBE-7B1-069,3,gripper_action,gripper,0.0,0.0,grip_close_time_s,0.6,gripper_action,Concept-level timing assumption.
forced_category_A_full,TASK-7B1-069,TUBE-7B1-069,4,z_lift,z_axis,45.0,45.0,abs(delta_z) / z_nominal_speed_mm_s + z_accel_allowance_s,0.525,z_motion,Concept-level timing assumption.
forced_category_A_full,TASK-7B1-069,TUBE-7B1-069,5,xy_move_at_safe_z,xy_axes,60.208,0.0,distance / xy_nominal_speed_mm_s + xy_accel_allowance_s,0.372,xy_motion,Concept-level timing assumption.
forced_category_A_full,TASK-7B1-069,TUBE-7B1-069,6,z_descend,z_axis,35.0,35.0,abs(delta_z) / z_nominal_speed_mm_s + z_accel_allowance_s,0.442,z_motion,Concept-level timing assumption.
forced_category_A_full,TASK-7B1-069,TUBE-7B1-069,7,scan_wait,dwell,0.0,0.0,scan_wait_time_s,1.0,scan_wait,Concept-level timing assumption.
forced_category_A_full,TASK-7B1-069,TUBE-7B1-069,8,z_lift,z_axis,35.0,35.0,abs(delta_z) / z_nominal_speed_mm_s + z_accel_allowance_s,0.442,z_motion,Concept-level timing assumption.
forced_category_A_full,TASK-7B1-069,TUBE-7B1-069,9,xy_move_at_safe_z,xy_axes,406.971,0.0,distance / xy_nominal_speed_mm_s + xy_accel_allowance_s,1.363,xy_motion,Concept-level timing assumption.
forced_category_A_full,TASK-7B1-069,TUBE-7B1-069,10,z_descend,z_axis,55.0,55.0,abs(delta_z) / z_nominal_speed_mm_s + z_accel_allowance_s,0.608,z_motion,Concept-level timing assumption.
forced_category_A_full,TASK-7B1-069,TUBE-7B1-069,11,gripper_action,gripper,0.0,0.0,grip_open_time_s,0.5,gripper_action,Concept-level timing assumption.
forced_category_A_full,TASK-7B1-069,TUBE-7B1-069,12,z_lift,z_axis,55.0,55.0,abs(delta_z) / z_nominal_speed_mm_s + z_accel_allowance_s,0.608,z_motion,Concept-level timing assumption.
forced_category_A_full,TASK-7B1-001,TUBE-7B1-001,1,xy_move_at_safe_z,xy_axes,294.109,0.0,distance / xy_nominal_speed_mm_s + xy_accel_allowance_s,1.04,xy_motion,Concept-level timing assumption.
forced_category_A_full,TASK-7B1-001,TUBE-7B1-001,2,z_descend,z_axis,45.0,45.0,abs(delta_z) / z_nominal_speed_mm_s + z_accel_allowance_s,0.525,z_motion,Concept-level timing assumption.
forced_category_A_full,TASK-7B1-001,TUBE-7B1-001,3,gripper_action,gripper,0.0,0.0,grip_close_time_s,0.6,gripper_action,Concept-level timing assumption.
forced_category_A_full,TASK-7B1-001,TUBE-7B1-001,4,z_lift,z_axis,45.0,45.0,abs(delta_z) / z_nominal_speed_mm_s + z_accel_allowance_s,0.525,z_motion,Concept-level timing assumption.
forced_category_A_full,TASK-7B1-001,TUBE-7B1-001,5,xy_move_at_safe_z,xy_axes,306.105,0.0,distance / xy_nominal_speed_mm_s + xy_accel_allowance_s,1.075,xy_motion,Concept-level timing assumption.
forced_category_A_full,TASK-7B1-001,TUBE-7B1-001,6,z_descend,z_axis,35.0,35.0,abs(delta_z) / z_nominal_speed_mm_s + z_accel_allowance_s,0.442,z_motion,Concept-level timing assumption.
forced_category_A_full,TASK-7B1-001,TUBE-7B1-001,7,scan_wait,dwell,0.0,0.0,scan_wait_time_s,1.0,scan_wait,Concept-level timing assumption.
forced_category_A_full,TASK-7B1-001,TUBE-7B1-001,8,z_lift,z_axis,35.0,35.0,abs(delta_z) / z_nominal_speed_mm_s + z_accel_allowance_s,0.442,z_motion,Concept-level timing assumption.
forced_category_A_full,TASK-7B1-001,TUBE-7B1-001,9,xy_move_at_safe_z,xy_axes,261.725,0.0,distance / xy_nominal_speed_mm_s + xy_accel_allowance_s,0.948,xy_motion,Concept-level timing assumption.
forced_category_A_full,TASK-7B1-001,TUBE-7B1-001,10,z_descend,z_axis,55.0,55.0,abs(delta_z) / z_nominal_speed_mm_s + z_accel_allowance_s,0.608,z_motion,Concept-level timing assumption.
forced_category_A_full,TASK-7B1-001,TUBE-7B1-001,11,gripper_action,gripper,0.0,0.0,grip_open_time_s,0.5,gripper_action,Concept-level timing assumption.
forced_category_A_full,TASK-7B1-001,TUBE-7B1-001,12,z_lift,z_axis,55.0,55.0,abs(delta_z) / z_nominal_speed_mm_s + z_accel_allowance_s,0.608,z_motion,Concept-level timing assumption.
forced_category_A_full,TASK-7B1-006,TUBE-7B1-006,1,xy_move_at_safe_z,xy_axes,280.401,0.0,distance / xy_nominal_speed_mm_s + xy_accel_allowance_s,1.001,xy_motion,Concept-level timing assumption.
forced_category_A_full,TASK-7B1-006,TUBE-7B1-006,2,z_descend,z_axis,45.0,45.0,abs(delta_z) / z_nominal_speed_mm_s + z_accel_allowance_s,0.525,z_motion,Concept-level timing assumption.
forced_category_A_full,TASK-7B1-006,TUBE-7B1-006,3,gripper_action,gripper,0.0,0.0,grip_close_time_s,0.6,gripper_action,Concept-level timing assumption.
forced_category_A_full,TASK-7B1-006,TUBE-7B1-006,4,z_lift,z_axis,45.0,45.0,abs(delta_z) / z_nominal_speed_mm_s + z_accel_allowance_s,0.525,z_motion,Concept-level timing assumption.
forced_category_A_full,TASK-7B1-006,TUBE-7B1-006,5,xy_move_at_safe_z,xy_axes,291.247,0.0,distance / xy_nominal_speed_mm_s + xy_accel_allowance_s,1.032,xy_motion,Concept-level timing assumption.
forced_category_A_full,TASK-7B1-006,TUBE-7B1-006,6,z_descend,z_axis,35.0,35.0,abs(delta_z) / z_nominal_speed_mm_s + z_accel_allowance_s,0.442,z_motion,Concept-level timing assumption.
forced_category_A_full,TASK-7B1-006,TUBE-7B1-006,7,scan_wait,dwell,0.0,0.0,scan_wait_time_s,1.0,scan_wait,Concept-level timing assumption.
forced_category_A_full,TASK-7B1-006,TUBE-7B1-006,8,z_lift,z_axis,35.0,35.0,abs(delta_z) / z_nominal_speed_mm_s + z_accel_allowance_s,0.442,z_motion,Concept-level timing assumption.
forced_category_A_full,TASK-7B1-006,TUBE-7B1-006,9,xy_move_at_safe_z,xy_axes,279.508,0.0,distance / xy_nominal_speed_mm_s + xy_accel_allowance_s,0.999,xy_motion,Concept-level timing assumption.
forced_category_A_full,TASK-7B1-006,TUBE-7B1-006,10,z_descend,z_axis,55.0,55.0,abs(delta_z) / z_nominal_speed_mm_s + z_accel_allowance_s,0.608,z_motion,Concept-level timing assumption.
forced_category_A_full,TASK-7B1-006,TUBE-7B1-006,11,gripper_action,gripper,0.0,0.0,grip_open_time_s,0.5,gripper_action,Concept-level timing assumption.
forced_category_A_full,TASK-7B1-006,TUBE-7B1-006,12,z_lift,z_axis,55.0,55.0,abs(delta_z) / z_nominal_speed_mm_s + z_accel_allowance_s,0.608,z_motion,Concept-level timing assumption.
forced_category_A_full,TASK-7B1-010,TUBE-7B1-010,1,xy_move_at_safe_z,xy_axes,268.328,0.0,distance / xy_nominal_speed_mm_s + xy_accel_allowance_s,0.967,xy_motion,Concept-level timing assumption.
forced_category_A_full,TASK-7B1-010,TUBE-7B1-010,2,z_descend,z_axis,45.0,45.0,abs(delta_z) / z_nominal_speed_mm_s + z_accel_allowance_s,0.525,z_motion,Concept-level timing assumption.
forced_category_A_full,TASK-7B1-010,TUBE-7B1-010,3,gripper_action,gripper,0.0,0.0,grip_close_time_s,0.6,gripper_action,Concept-level timing assumption.
forced_category_A_full,TASK-7B1-010,TUBE-7B1-010,4,z_lift,z_axis,45.0,45.0,abs(delta_z) / z_nominal_speed_mm_s + z_accel_allowance_s,0.525,z_motion,Concept-level timing assumption.
forced_category_A_full,TASK-7B1-010,TUBE-7B1-010,5,xy_move_at_safe_z,xy_axes,277.849,0.0,distance / xy_nominal_speed_mm_s + xy_accel_allowance_s,0.994,xy_motion,Concept-level timing assumption.
forced_category_A_full,TASK-7B1-010,TUBE-7B1-010,6,z_descend,z_axis,35.0,35.0,abs(delta_z) / z_nominal_speed_mm_s + z_accel_allowance_s,0.442,z_motion,Concept-level timing assumption.
forced_category_A_full,TASK-7B1-010,TUBE-7B1-010,7,scan_wait,dwell,0.0,0.0,scan_wait_time_s,1.0,scan_wait,Concept-level timing assumption.
forced_category_A_full,TASK-7B1-010,TUBE-7B1-010,8,z_lift,z_axis,35.0,35.0,abs(delta_z) / z_nominal_speed_mm_s + z_accel_allowance_s,0.442,z_motion,Concept-level timing assumption.
forced_category_A_full,TASK-7B1-010,TUBE-7B1-010,9,xy_move_at_safe_z,xy_axes,298.329,0.0,distance / xy_nominal_speed_mm_s + xy_accel_allowance_s,1.052,xy_motion,Concept-level timing assumption.
forced_category_A_full,TASK-7B1-010,TUBE-7B1-010,10,z_descend,z_axis,55.0,55.0,abs(delta_z) / z_nominal_speed_mm_s + z_accel_allowance_s,0.608,z_motion,Concept-level timing assumption.
forced_category_A_full,TASK-7B1-010,TUBE-7B1-010,11,gripper_action,gripper,0.0,0.0,grip_open_time_s,0.5,gripper_action,Concept-level timing assumption.
forced_category_A_full,TASK-7B1-010,TUBE-7B1-010,12,z_lift,z_axis,55.0,55.0,abs(delta_z) / z_nominal_speed_mm_s + z_accel_allowance_s,0.608,z_motion,Concept-level timing assumption.
forced_category_A_full,TASK-7B1-015,TUBE-7B1-015,1,xy_move_at_safe_z,xy_axes,258.118,0.0,distance / xy_nominal_speed_mm_s + xy_accel_allowance_s,0.937,xy_motion,Concept-level timing assumption.
forced_category_A_full,TASK-7B1-015,TUBE-7B1-015,2,z_descend,z_axis,45.0,45.0,abs(delta_z) / z_nominal_speed_mm_s + z_accel_allowance_s,0.525,z_motion,Concept-level timing assumption.
forced_category_A_full,TASK-7B1-015,TUBE-7B1-015,3,gripper_action,gripper,0.0,0.0,grip_close_time_s,0.6,gripper_action,Concept-level timing assumption.
forced_category_A_full,TASK-7B1-015,TUBE-7B1-015,4,z_lift,z_axis,45.0,45.0,abs(delta_z) / z_nominal_speed_mm_s + z_accel_allowance_s,0.525,z_motion,Concept-level timing assumption.
forced_category_A_full,TASK-7B1-015,TUBE-7B1-015,5,xy_move_at_safe_z,xy_axes,266.13,0.0,distance / xy_nominal_speed_mm_s + xy_accel_allowance_s,0.96,xy_motion,Concept-level timing assumption.
forced_category_A_full,TASK-7B1-015,TUBE-7B1-015,6,z_descend,z_axis,35.0,35.0,abs(delta_z) / z_nominal_speed_mm_s + z_accel_allowance_s,0.442,z_motion,Concept-level timing assumption.
forced_category_A_full,TASK-7B1-015,TUBE-7B1-015,7,scan_wait,dwell,0.0,0.0,scan_wait_time_s,1.0,scan_wait,Concept-level timing assumption.
forced_category_A_full,TASK-7B1-015,TUBE-7B1-015,8,z_lift,z_axis,35.0,35.0,abs(delta_z) / z_nominal_speed_mm_s + z_accel_allowance_s,0.442,z_motion,Concept-level timing assumption.
forced_category_A_full,TASK-7B1-015,TUBE-7B1-015,9,xy_move_at_safe_z,xy_axes,318.002,0.0,distance / xy_nominal_speed_mm_s + xy_accel_allowance_s,1.109,xy_motion,Concept-level timing assumption.
forced_category_A_full,TASK-7B1-015,TUBE-7B1-015,10,z_descend,z_axis,55.0,55.0,abs(delta_z) / z_nominal_speed_mm_s + z_accel_allowance_s,0.608,z_motion,Concept-level timing assumption.
forced_category_A_full,TASK-7B1-015,TUBE-7B1-015,11,gripper_action,gripper,0.0,0.0,grip_open_time_s,0.5,gripper_action,Concept-level timing assumption.
forced_category_A_full,TASK-7B1-015,TUBE-7B1-015,12,z_lift,z_axis,55.0,55.0,abs(delta_z) / z_nominal_speed_mm_s + z_accel_allowance_s,0.608,z_motion,Concept-level timing assumption.
forced_category_A_full,TASK-7B1-019,TUBE-7B1-019,1,xy_move_at_safe_z,xy_axes,180.278,0.0,distance / xy_nominal_speed_mm_s + xy_accel_allowance_s,0.715,xy_motion,Concept-level timing assumption.
forced_category_A_full,TASK-7B1-019,TUBE-7B1-019,2,z_descend,z_axis,45.0,45.0,abs(delta_z) / z_nominal_speed_mm_s + z_accel_allowance_s,0.525,z_motion,Concept-level timing assumption.
forced_category_A_full,TASK-7B1-019,TUBE-7B1-019,3,gripper_action,gripper,0.0,0.0,grip_close_time_s,0.6,gripper_action,Concept-level timing assumption.
forced_category_A_full,TASK-7B1-019,TUBE-7B1-019,4,z_lift,z_axis,45.0,45.0,abs(delta_z) / z_nominal_speed_mm_s + z_accel_allowance_s,0.525,z_motion,Concept-level timing assumption.
forced_category_A_full,TASK-7B1-019,TUBE-7B1-019,5,xy_move_at_safe_z,xy_axes,199.249,0.0,distance / xy_nominal_speed_mm_s + xy_accel_allowance_s,0.769,xy_motion,Concept-level timing assumption.
forced_category_A_full,TASK-7B1-019,TUBE-7B1-019,6,z_descend,z_axis,35.0,35.0,abs(delta_z) / z_nominal_speed_mm_s + z_accel_allowance_s,0.442,z_motion,Concept-level timing assumption.
forced_category_A_full,TASK-7B1-019,TUBE-7B1-019,7,scan_wait,dwell,0.0,0.0,scan_wait_time_s,1.0,scan_wait,Concept-level timing assumption.
forced_category_A_full,TASK-7B1-019,TUBE-7B1-019,8,z_lift,z_axis,35.0,35.0,abs(delta_z) / z_nominal_speed_mm_s + z_accel_allowance_s,0.442,z_motion,Concept-level timing assumption.
forced_category_A_full,TASK-7B1-019,TUBE-7B1-019,9,xy_move_at_safe_z,xy_axes,338.378,0.0,distance / xy_nominal_speed_mm_s + xy_accel_allowance_s,1.167,xy_motion,Concept-level timing assumption.
forced_category_A_full,TASK-7B1-019,TUBE-7B1-019,10,z_descend,z_axis,55.0,55.0,abs(delta_z) / z_nominal_speed_mm_s + z_accel_allowance_s,0.608,z_motion,Concept-level timing assumption.
forced_category_A_full,TASK-7B1-019,TUBE-7B1-019,11,gripper_action,gripper,0.0,0.0,grip_open_time_s,0.5,gripper_action,Concept-level timing assumption.
forced_category_A_full,TASK-7B1-019,TUBE-7B1-019,12,z_lift,z_axis,55.0,55.0,abs(delta_z) / z_nominal_speed_mm_s + z_accel_allowance_s,0.608,z_motion,Concept-level timing assumption.
forced_category_A_full,TASK-7B1-023,TUBE-7B1-023,1,xy_move_at_safe_z,xy_axes,182.003,0.0,distance / xy_nominal_speed_mm_s + xy_accel_allowance_s,0.72,xy_motion,Concept-level timing assumption.
forced_category_A_full,TASK-7B1-023,TUBE-7B1-023,2,z_descend,z_axis,45.0,45.0,abs(delta_z) / z_nominal_speed_mm_s + z_accel_allowance_s,0.525,z_motion,Concept-level timing assumption.
forced_category_A_full,TASK-7B1-023,TUBE-7B1-023,3,gripper_action,gripper,0.0,0.0,grip_close_time_s,0.6,gripper_action,Concept-level timing assumption.
forced_category_A_full,TASK-7B1-023,TUBE-7B1-023,4,z_lift,z_axis,45.0,45.0,abs(delta_z) / z_nominal_speed_mm_s + z_accel_allowance_s,0.525,z_motion,Concept-level timing assumption.
forced_category_A_full,TASK-7B1-023,TUBE-7B1-023,5,xy_move_at_safe_z,xy_axes,200.811,0.0,distance / xy_nominal_speed_mm_s + xy_accel_allowance_s,0.774,xy_motion,Concept-level timing assumption.
forced_category_A_full,TASK-7B1-023,TUBE-7B1-023,6,z_descend,z_axis,35.0,35.0,abs(delta_z) / z_nominal_speed_mm_s + z_accel_allowance_s,0.442,z_motion,Concept-level timing assumption.
forced_category_A_full,TASK-7B1-023,TUBE-7B1-023,7,scan_wait,dwell,0.0,0.0,scan_wait_time_s,1.0,scan_wait,Concept-level timing assumption.
forced_category_A_full,TASK-7B1-023,TUBE-7B1-023,8,z_lift,z_axis,35.0,35.0,abs(delta_z) / z_nominal_speed_mm_s + z_accel_allowance_s,0.442,z_motion,Concept-level timing assumption.
forced_category_A_full,TASK-7B1-023,TUBE-7B1-023,9,xy_move_at_safe_z,xy_axes,359.34,0.0,distance / xy_nominal_speed_mm_s + xy_accel_allowance_s,1.227,xy_motion,Concept-level timing assumption.
forced_category_A_full,TASK-7B1-023,TUBE-7B1-023,10,z_descend,z_axis,55.0,55.0,abs(delta_z) / z_nominal_speed_mm_s + z_accel_allowance_s,0.608,z_motion,Concept-level timing assumption.
forced_category_A_full,TASK-7B1-023,TUBE-7B1-023,11,gripper_action,gripper,0.0,0.0,grip_open_time_s,0.5,gripper_action,Concept-level timing assumption.
forced_category_A_full,TASK-7B1-023,TUBE-7B1-023,12,z_lift,z_axis,55.0,55.0,abs(delta_z) / z_nominal_speed_mm_s + z_accel_allowance_s,0.608,z_motion,Concept-level timing assumption.
forced_category_A_full,TASK-7B1-027,TUBE-7B1-027,1,xy_move_at_safe_z,xy_axes,134.164,0.0,distance / xy_nominal_speed_mm_s + xy_accel_allowance_s,0.583,xy_motion,Concept-level timing assumption.
forced_category_A_full,TASK-7B1-027,TUBE-7B1-027,2,z_descend,z_axis,45.0,45.0,abs(delta_z) / z_nominal_speed_mm_s + z_accel_allowance_s,0.525,z_motion,Concept-level timing assumption.
forced_category_A_full,TASK-7B1-027,TUBE-7B1-027,3,gripper_action,gripper,0.0,0.0,grip_close_time_s,0.6,gripper_action,Concept-level timing assumption.
forced_category_A_full,TASK-7B1-027,TUBE-7B1-027,4,z_lift,z_axis,45.0,45.0,abs(delta_z) / z_nominal_speed_mm_s + z_accel_allowance_s,0.525,z_motion,Concept-level timing assumption.
forced_category_A_full,TASK-7B1-027,TUBE-7B1-027,5,xy_move_at_safe_z,xy_axes,152.315,0.0,distance / xy_nominal_speed_mm_s + xy_accel_allowance_s,0.635,xy_motion,Concept-level timing assumption.
forced_category_A_full,TASK-7B1-027,TUBE-7B1-027,6,z_descend,z_axis,35.0,35.0,abs(delta_z) / z_nominal_speed_mm_s + z_accel_allowance_s,0.442,z_motion,Concept-level timing assumption.
forced_category_A_full,TASK-7B1-027,TUBE-7B1-027,7,scan_wait,dwell,0.0,0.0,scan_wait_time_s,1.0,scan_wait,Concept-level timing assumption.
forced_category_A_full,TASK-7B1-027,TUBE-7B1-027,8,z_lift,z_axis,35.0,35.0,abs(delta_z) / z_nominal_speed_mm_s + z_accel_allowance_s,0.442,z_motion,Concept-level timing assumption.
forced_category_A_full,TASK-7B1-027,TUBE-7B1-027,9,xy_move_at_safe_z,xy_axes,244.182,0.0,distance / xy_nominal_speed_mm_s + xy_accel_allowance_s,0.898,xy_motion,Concept-level timing assumption.
forced_category_A_full,TASK-7B1-027,TUBE-7B1-027,10,z_descend,z_axis,55.0,55.0,abs(delta_z) / z_nominal_speed_mm_s + z_accel_allowance_s,0.608,z_motion,Concept-level timing assumption.
forced_category_A_full,TASK-7B1-027,TUBE-7B1-027,11,gripper_action,gripper,0.0,0.0,grip_open_time_s,0.5,gripper_action,Concept-level timing assumption.
forced_category_A_full,TASK-7B1-027,TUBE-7B1-027,12,z_lift,z_axis,55.0,55.0,abs(delta_z) / z_nominal_speed_mm_s + z_accel_allowance_s,0.608,z_motion,Concept-level timing assumption.
forced_category_A_full,TASK-7B1-032,TUBE-7B1-032,1,xy_move_at_safe_z,xy_axes,112.361,0.0,distance / xy_nominal_speed_mm_s + xy_accel_allowance_s,0.521,xy_motion,Concept-level timing assumption.
forced_category_A_full,TASK-7B1-032,TUBE-7B1-032,2,z_descend,z_axis,45.0,45.0,abs(delta_z) / z_nominal_speed_mm_s + z_accel_allowance_s,0.525,z_motion,Concept-level timing assumption.
forced_category_A_full,TASK-7B1-032,TUBE-7B1-032,3,gripper_action,gripper,0.0,0.0,grip_close_time_s,0.6,gripper_action,Concept-level timing assumption.
forced_category_A_full,TASK-7B1-032,TUBE-7B1-032,4,z_lift,z_axis,45.0,45.0,abs(delta_z) / z_nominal_speed_mm_s + z_accel_allowance_s,0.525,z_motion,Concept-level timing assumption.
forced_category_A_full,TASK-7B1-032,TUBE-7B1-032,5,xy_move_at_safe_z,xy_axes,129.711,0.0,distance / xy_nominal_speed_mm_s + xy_accel_allowance_s,0.571,xy_motion,Concept-level timing assumption.
forced_category_A_full,TASK-7B1-032,TUBE-7B1-032,6,z_descend,z_axis,35.0,35.0,abs(delta_z) / z_nominal_speed_mm_s + z_accel_allowance_s,0.442,z_motion,Concept-level timing assumption.
forced_category_A_full,TASK-7B1-032,TUBE-7B1-032,7,scan_wait,dwell,0.0,0.0,scan_wait_time_s,1.0,scan_wait,Concept-level timing assumption.
forced_category_A_full,TASK-7B1-032,TUBE-7B1-032,8,z_lift,z_axis,35.0,35.0,abs(delta_z) / z_nominal_speed_mm_s + z_accel_allowance_s,0.442,z_motion,Concept-level timing assumption.
forced_category_A_full,TASK-7B1-032,TUBE-7B1-032,9,xy_move_at_safe_z,xy_axes,263.154,0.0,distance / xy_nominal_speed_mm_s + xy_accel_allowance_s,0.952,xy_motion,Concept-level timing assumption.
forced_category_A_full,TASK-7B1-032,TUBE-7B1-032,10,z_descend,z_axis,55.0,55.0,abs(delta_z) / z_nominal_speed_mm_s + z_accel_allowance_s,0.608,z_motion,Concept-level timing assumption.
forced_category_A_full,TASK-7B1-032,TUBE-7B1-032,11,gripper_action,gripper,0.0,0.0,grip_open_time_s,0.5,gripper_action,Concept-level timing assumption.
forced_category_A_full,TASK-7B1-032,TUBE-7B1-032,12,z_lift,z_axis,55.0,55.0,abs(delta_z) / z_nominal_speed_mm_s + z_accel_allowance_s,0.608,z_motion,Concept-level timing assumption.
forced_category_A_full,TASK-7B1-036,TUBE-7B1-036,1,xy_move_at_safe_z,xy_axes,215.232,0.0,distance / xy_nominal_speed_mm_s + xy_accel_allowance_s,0.815,xy_motion,Concept-level timing assumption.
forced_category_A_full,TASK-7B1-036,TUBE-7B1-036,2,z_descend,z_axis,45.0,45.0,abs(delta_z) / z_nominal_speed_mm_s + z_accel_allowance_s,0.525,z_motion,Concept-level timing assumption.
forced_category_A_full,TASK-7B1-036,TUBE-7B1-036,3,gripper_action,gripper,0.0,0.0,grip_close_time_s,0.6,gripper_action,Concept-level timing assumption.
forced_category_A_full,TASK-7B1-036,TUBE-7B1-036,4,z_lift,z_axis,45.0,45.0,abs(delta_z) / z_nominal_speed_mm_s + z_accel_allowance_s,0.525,z_motion,Concept-level timing assumption.
forced_category_A_full,TASK-7B1-036,TUBE-7B1-036,5,xy_move_at_safe_z,xy_axes,217.083,0.0,distance / xy_nominal_speed_mm_s + xy_accel_allowance_s,0.82,xy_motion,Concept-level timing assumption.
forced_category_A_full,TASK-7B1-036,TUBE-7B1-036,6,z_descend,z_axis,35.0,35.0,abs(delta_z) / z_nominal_speed_mm_s + z_accel_allowance_s,0.442,z_motion,Concept-level timing assumption.
forced_category_A_full,TASK-7B1-036,TUBE-7B1-036,7,scan_wait,dwell,0.0,0.0,scan_wait_time_s,1.0,scan_wait,Concept-level timing assumption.
forced_category_A_full,TASK-7B1-036,TUBE-7B1-036,8,z_lift,z_axis,35.0,35.0,abs(delta_z) / z_nominal_speed_mm_s + z_accel_allowance_s,0.442,z_motion,Concept-level timing assumption.
forced_category_A_full,TASK-7B1-036,TUBE-7B1-036,9,xy_move_at_safe_z,xy_axes,283.064,0.0,distance / xy_nominal_speed_mm_s + xy_accel_allowance_s,1.009,xy_motion,Concept-level timing assumption.
forced_category_A_full,TASK-7B1-036,TUBE-7B1-036,10,z_descend,z_axis,55.0,55.0,abs(delta_z) / z_nominal_speed_mm_s + z_accel_allowance_s,0.608,z_motion,Concept-level timing assumption.
forced_category_A_full,TASK-7B1-036,TUBE-7B1-036,11,gripper_action,gripper,0.0,0.0,grip_open_time_s,0.5,gripper_action,Concept-level timing assumption.
forced_category_A_full,TASK-7B1-036,TUBE-7B1-036,12,z_lift,z_axis,55.0,55.0,abs(delta_z) / z_nominal_speed_mm_s + z_accel_allowance_s,0.608,z_motion,Concept-level timing assumption.
forced_category_A_full,TASK-7B1-040,TUBE-7B1-040,1,xy_move_at_safe_z,xy_axes,240.468,0.0,distance / xy_nominal_speed_mm_s + xy_accel_allowance_s,0.887,xy_motion,Concept-level timing assumption.
forced_category_A_full,TASK-7B1-040,TUBE-7B1-040,2,z_descend,z_axis,45.0,45.0,abs(delta_z) / z_nominal_speed_mm_s + z_accel_allowance_s,0.525,z_motion,Concept-level timing assumption.
forced_category_A_full,TASK-7B1-040,TUBE-7B1-040,3,gripper_action,gripper,0.0,0.0,grip_close_time_s,0.6,gripper_action,Concept-level timing assumption.
forced_category_A_full,TASK-7B1-040,TUBE-7B1-040,4,z_lift,z_axis,45.0,45.0,abs(delta_z) / z_nominal_speed_mm_s + z_accel_allowance_s,0.525,z_motion,Concept-level timing assumption.
forced_category_A_full,TASK-7B1-040,TUBE-7B1-040,5,xy_move_at_safe_z,xy_axes,240.052,0.0,distance / xy_nominal_speed_mm_s + xy_accel_allowance_s,0.886,xy_motion,Concept-level timing assumption.
forced_category_A_full,TASK-7B1-040,TUBE-7B1-040,6,z_descend,z_axis,35.0,35.0,abs(delta_z) / z_nominal_speed_mm_s + z_accel_allowance_s,0.442,z_motion,Concept-level timing assumption.
forced_category_A_full,TASK-7B1-040,TUBE-7B1-040,7,scan_wait,dwell,0.0,0.0,scan_wait_time_s,1.0,scan_wait,Concept-level timing assumption.
forced_category_A_full,TASK-7B1-040,TUBE-7B1-040,8,z_lift,z_axis,35.0,35.0,abs(delta_z) / z_nominal_speed_mm_s + z_accel_allowance_s,0.442,z_motion,Concept-level timing assumption.
forced_category_A_full,TASK-7B1-040,TUBE-7B1-040,9,xy_move_at_safe_z,xy_axes,303.727,0.0,distance / xy_nominal_speed_mm_s + xy_accel_allowance_s,1.068,xy_motion,Concept-level timing assumption.
forced_category_A_full,TASK-7B1-040,TUBE-7B1-040,10,z_descend,z_axis,55.0,55.0,abs(delta_z) / z_nominal_speed_mm_s + z_accel_allowance_s,0.608,z_motion,Concept-level timing assumption.
forced_category_A_full,TASK-7B1-040,TUBE-7B1-040,11,gripper_action,gripper,0.0,0.0,grip_open_time_s,0.5,gripper_action,Concept-level timing assumption.
forced_category_A_full,TASK-7B1-040,TUBE-7B1-040,12,z_lift,z_axis,55.0,55.0,abs(delta_z) / z_nominal_speed_mm_s + z_accel_allowance_s,0.608,z_motion,Concept-level timing assumption.
forced_category_A_full,TASK-7B1-045,TUBE-7B1-045,1,xy_move_at_safe_z,xy_axes,218.689,0.0,distance / xy_nominal_speed_mm_s + xy_accel_allowance_s,0.825,xy_motion,Concept-level timing assumption.
forced_category_A_full,TASK-7B1-045,TUBE-7B1-045,2,z_descend,z_axis,45.0,45.0,abs(delta_z) / z_nominal_speed_mm_s + z_accel_allowance_s,0.525,z_motion,Concept-level timing assumption.
forced_category_A_full,TASK-7B1-045,TUBE-7B1-045,3,gripper_action,gripper,0.0,0.0,grip_close_time_s,0.6,gripper_action,Concept-level timing assumption.
forced_category_A_full,TASK-7B1-045,TUBE-7B1-045,4,z_lift,z_axis,45.0,45.0,abs(delta_z) / z_nominal_speed_mm_s + z_accel_allowance_s,0.525,z_motion,Concept-level timing assumption.
forced_category_A_full,TASK-7B1-045,TUBE-7B1-045,5,xy_move_at_safe_z,xy_axes,215.928,0.0,distance / xy_nominal_speed_mm_s + xy_accel_allowance_s,0.817,xy_motion,Concept-level timing assumption.
forced_category_A_full,TASK-7B1-045,TUBE-7B1-045,6,z_descend,z_axis,35.0,35.0,abs(delta_z) / z_nominal_speed_mm_s + z_accel_allowance_s,0.442,z_motion,Concept-level timing assumption.
forced_category_A_full,TASK-7B1-045,TUBE-7B1-045,7,scan_wait,dwell,0.0,0.0,scan_wait_time_s,1.0,scan_wait,Concept-level timing assumption.
forced_category_A_full,TASK-7B1-045,TUBE-7B1-045,8,z_lift,z_axis,35.0,35.0,abs(delta_z) / z_nominal_speed_mm_s + z_accel_allowance_s,0.442,z_motion,Concept-level timing assumption.
forced_category_A_full,TASK-7B1-045,TUBE-7B1-045,9,xy_move_at_safe_z,xy_axes,325.0,0.0,distance / xy_nominal_speed_mm_s + xy_accel_allowance_s,1.129,xy_motion,Concept-level timing assumption.
forced_category_A_full,TASK-7B1-045,TUBE-7B1-045,10,z_descend,z_axis,55.0,55.0,abs(delta_z) / z_nominal_speed_mm_s + z_accel_allowance_s,0.608,z_motion,Concept-level timing assumption.
forced_category_A_full,TASK-7B1-045,TUBE-7B1-045,11,gripper_action,gripper,0.0,0.0,grip_open_time_s,0.5,gripper_action,Concept-level timing assumption.
forced_category_A_full,TASK-7B1-045,TUBE-7B1-045,12,z_lift,z_axis,55.0,55.0,abs(delta_z) / z_nominal_speed_mm_s + z_accel_allowance_s,0.608,z_motion,Concept-level timing assumption.
forced_category_A_full,TASK-7B1-049,TUBE-7B1-049,1,xy_move_at_safe_z,xy_axes,248.646,0.0,distance / xy_nominal_speed_mm_s + xy_accel_allowance_s,0.91,xy_motion,Concept-level timing assumption.
forced_category_A_full,TASK-7B1-049,TUBE-7B1-049,2,z_descend,z_axis,45.0,45.0,abs(delta_z) / z_nominal_speed_mm_s + z_accel_allowance_s,0.525,z_motion,Concept-level timing assumption.
forced_category_A_full,TASK-7B1-049,TUBE-7B1-049,3,gripper_action,gripper,0.0,0.0,grip_close_time_s,0.6,gripper_action,Concept-level timing assumption.
forced_category_A_full,TASK-7B1-049,TUBE-7B1-049,4,z_lift,z_axis,45.0,45.0,abs(delta_z) / z_nominal_speed_mm_s + z_accel_allowance_s,0.525,z_motion,Concept-level timing assumption.
forced_category_A_full,TASK-7B1-049,TUBE-7B1-049,5,xy_move_at_safe_z,xy_axes,244.182,0.0,distance / xy_nominal_speed_mm_s + xy_accel_allowance_s,0.898,xy_motion,Concept-level timing assumption.
forced_category_A_full,TASK-7B1-049,TUBE-7B1-049,6,z_descend,z_axis,35.0,35.0,abs(delta_z) / z_nominal_speed_mm_s + z_accel_allowance_s,0.442,z_motion,Concept-level timing assumption.
forced_category_A_full,TASK-7B1-049,TUBE-7B1-049,7,scan_wait,dwell,0.0,0.0,scan_wait_time_s,1.0,scan_wait,Concept-level timing assumption.
forced_category_A_full,TASK-7B1-049,TUBE-7B1-049,8,z_lift,z_axis,35.0,35.0,abs(delta_z) / z_nominal_speed_mm_s + z_accel_allowance_s,0.442,z_motion,Concept-level timing assumption.
forced_category_A_full,TASK-7B1-049,TUBE-7B1-049,9,xy_move_at_safe_z,xy_axes,346.771,0.0,distance / xy_nominal_speed_mm_s + xy_accel_allowance_s,1.191,xy_motion,Concept-level timing assumption.
forced_category_A_full,TASK-7B1-049,TUBE-7B1-049,10,z_descend,z_axis,55.0,55.0,abs(delta_z) / z_nominal_speed_mm_s + z_accel_allowance_s,0.608,z_motion,Concept-level timing assumption.
forced_category_A_full,TASK-7B1-049,TUBE-7B1-049,11,gripper_action,gripper,0.0,0.0,grip_open_time_s,0.5,gripper_action,Concept-level timing assumption.
forced_category_A_full,TASK-7B1-049,TUBE-7B1-049,12,z_lift,z_axis,55.0,55.0,abs(delta_z) / z_nominal_speed_mm_s + z_accel_allowance_s,0.608,z_motion,Concept-level timing assumption.
forced_category_A_full,TASK-7B1-053,TUBE-7B1-053,1,xy_move_at_safe_z,xy_axes,36.401,0.0,distance / xy_nominal_speed_mm_s + xy_accel_allowance_s,0.304,xy_motion,Concept-level timing assumption.
forced_category_A_full,TASK-7B1-053,TUBE-7B1-053,2,z_descend,z_axis,45.0,45.0,abs(delta_z) / z_nominal_speed_mm_s + z_accel_allowance_s,0.525,z_motion,Concept-level timing assumption.
forced_category_A_full,TASK-7B1-053,TUBE-7B1-053,3,gripper_action,gripper,0.0,0.0,grip_close_time_s,0.6,gripper_action,Concept-level timing assumption.
forced_category_A_full,TASK-7B1-053,TUBE-7B1-053,4,z_lift,z_axis,45.0,45.0,abs(delta_z) / z_nominal_speed_mm_s + z_accel_allowance_s,0.525,z_motion,Concept-level timing assumption.
forced_category_A_full,TASK-7B1-053,TUBE-7B1-053,5,xy_move_at_safe_z,xy_axes,46.098,0.0,distance / xy_nominal_speed_mm_s + xy_accel_allowance_s,0.332,xy_motion,Concept-level timing assumption.
forced_category_A_full,TASK-7B1-053,TUBE-7B1-053,6,z_descend,z_axis,35.0,35.0,abs(delta_z) / z_nominal_speed_mm_s + z_accel_allowance_s,0.442,z_motion,Concept-level timing assumption.
forced_category_A_full,TASK-7B1-053,TUBE-7B1-053,7,scan_wait,dwell,0.0,0.0,scan_wait_time_s,1.0,scan_wait,Concept-level timing assumption.
forced_category_A_full,TASK-7B1-053,TUBE-7B1-053,8,z_lift,z_axis,35.0,35.0,abs(delta_z) / z_nominal_speed_mm_s + z_accel_allowance_s,0.442,z_motion,Concept-level timing assumption.
forced_category_A_full,TASK-7B1-053,TUBE-7B1-053,9,xy_move_at_safe_z,xy_axes,228.035,0.0,distance / xy_nominal_speed_mm_s + xy_accel_allowance_s,0.852,xy_motion,Concept-level timing assumption.
forced_category_A_full,TASK-7B1-053,TUBE-7B1-053,10,z_descend,z_axis,55.0,55.0,abs(delta_z) / z_nominal_speed_mm_s + z_accel_allowance_s,0.608,z_motion,Concept-level timing assumption.
forced_category_A_full,TASK-7B1-053,TUBE-7B1-053,11,gripper_action,gripper,0.0,0.0,grip_open_time_s,0.5,gripper_action,Concept-level timing assumption.
forced_category_A_full,TASK-7B1-053,TUBE-7B1-053,12,z_lift,z_axis,55.0,55.0,abs(delta_z) / z_nominal_speed_mm_s + z_accel_allowance_s,0.608,z_motion,Concept-level timing assumption.
forced_category_A_full,TASK-7B1-057,TUBE-7B1-057,1,xy_move_at_safe_z,xy_axes,61.847,0.0,distance / xy_nominal_speed_mm_s + xy_accel_allowance_s,0.377,xy_motion,Concept-level timing assumption.
forced_category_A_full,TASK-7B1-057,TUBE-7B1-057,2,z_descend,z_axis,45.0,45.0,abs(delta_z) / z_nominal_speed_mm_s + z_accel_allowance_s,0.525,z_motion,Concept-level timing assumption.
forced_category_A_full,TASK-7B1-057,TUBE-7B1-057,3,gripper_action,gripper,0.0,0.0,grip_close_time_s,0.6,gripper_action,Concept-level timing assumption.
forced_category_A_full,TASK-7B1-057,TUBE-7B1-057,4,z_lift,z_axis,45.0,45.0,abs(delta_z) / z_nominal_speed_mm_s + z_accel_allowance_s,0.525,z_motion,Concept-level timing assumption.
forced_category_A_full,TASK-7B1-057,TUBE-7B1-057,5,xy_move_at_safe_z,xy_axes,60.208,0.0,distance / xy_nominal_speed_mm_s + xy_accel_allowance_s,0.372,xy_motion,Concept-level timing assumption.
forced_category_A_full,TASK-7B1-057,TUBE-7B1-057,6,z_descend,z_axis,35.0,35.0,abs(delta_z) / z_nominal_speed_mm_s + z_accel_allowance_s,0.442,z_motion,Concept-level timing assumption.
forced_category_A_full,TASK-7B1-057,TUBE-7B1-057,7,scan_wait,dwell,0.0,0.0,scan_wait_time_s,1.0,scan_wait,Concept-level timing assumption.
forced_category_A_full,TASK-7B1-057,TUBE-7B1-057,8,z_lift,z_axis,35.0,35.0,abs(delta_z) / z_nominal_speed_mm_s + z_accel_allowance_s,0.442,z_motion,Concept-level timing assumption.
forced_category_A_full,TASK-7B1-057,TUBE-7B1-057,9,xy_move_at_safe_z,xy_axes,248.244,0.0,distance / xy_nominal_speed_mm_s + xy_accel_allowance_s,0.909,xy_motion,Concept-level timing assumption.
forced_category_A_full,TASK-7B1-057,TUBE-7B1-057,10,z_descend,z_axis,55.0,55.0,abs(delta_z) / z_nominal_speed_mm_s + z_accel_allowance_s,0.608,z_motion,Concept-level timing assumption.
forced_category_A_full,TASK-7B1-057,TUBE-7B1-057,11,gripper_action,gripper,0.0,0.0,grip_open_time_s,0.5,gripper_action,Concept-level timing assumption.
forced_category_A_full,TASK-7B1-057,TUBE-7B1-057,12,z_lift,z_axis,55.0,55.0,abs(delta_z) / z_nominal_speed_mm_s + z_accel_allowance_s,0.608,z_motion,Concept-level timing assumption.
forced_category_A_full,TASK-7B1-062,TUBE-7B1-062,1,xy_move_at_safe_z,xy_axes,53.151,0.0,distance / xy_nominal_speed_mm_s + xy_accel_allowance_s,0.352,xy_motion,Concept-level timing assumption.
forced_category_A_full,TASK-7B1-062,TUBE-7B1-062,2,z_descend,z_axis,45.0,45.0,abs(delta_z) / z_nominal_speed_mm_s + z_accel_allowance_s,0.525,z_motion,Concept-level timing assumption.
forced_category_A_full,TASK-7B1-062,TUBE-7B1-062,3,gripper_action,gripper,0.0,0.0,grip_close_time_s,0.6,gripper_action,Concept-level timing assumption.
forced_category_A_full,TASK-7B1-062,TUBE-7B1-062,4,z_lift,z_axis,45.0,45.0,abs(delta_z) / z_nominal_speed_mm_s + z_accel_allowance_s,0.525,z_motion,Concept-level timing assumption.
forced_category_A_full,TASK-7B1-062,TUBE-7B1-062,5,xy_move_at_safe_z,xy_axes,40.311,0.0,distance / xy_nominal_speed_mm_s + xy_accel_allowance_s,0.315,xy_motion,Concept-level timing assumption.
forced_category_A_full,TASK-7B1-062,TUBE-7B1-062,6,z_descend,z_axis,35.0,35.0,abs(delta_z) / z_nominal_speed_mm_s + z_accel_allowance_s,0.442,z_motion,Concept-level timing assumption.
forced_category_A_full,TASK-7B1-062,TUBE-7B1-062,7,scan_wait,dwell,0.0,0.0,scan_wait_time_s,1.0,scan_wait,Concept-level timing assumption.
forced_category_A_full,TASK-7B1-062,TUBE-7B1-062,8,z_lift,z_axis,35.0,35.0,abs(delta_z) / z_nominal_speed_mm_s + z_accel_allowance_s,0.442,z_motion,Concept-level timing assumption.
forced_category_A_full,TASK-7B1-062,TUBE-7B1-062,9,xy_move_at_safe_z,xy_axes,269.258,0.0,distance / xy_nominal_speed_mm_s + xy_accel_allowance_s,0.969,xy_motion,Concept-level timing assumption.
forced_category_A_full,TASK-7B1-062,TUBE-7B1-062,10,z_descend,z_axis,55.0,55.0,abs(delta_z) / z_nominal_speed_mm_s + z_accel_allowance_s,0.608,z_motion,Concept-level timing assumption.
forced_category_A_full,TASK-7B1-062,TUBE-7B1-062,11,gripper_action,gripper,0.0,0.0,grip_open_time_s,0.5,gripper_action,Concept-level timing assumption.
forced_category_A_full,TASK-7B1-062,TUBE-7B1-062,12,z_lift,z_axis,55.0,55.0,abs(delta_z) / z_nominal_speed_mm_s + z_accel_allowance_s,0.608,z_motion,Concept-level timing assumption.
forced_category_A_full,TASK-7B1-066,TUBE-7B1-066,1,xy_move_at_safe_z,xy_axes,88.459,0.0,distance / xy_nominal_speed_mm_s + xy_accel_allowance_s,0.453,xy_motion,Concept-level timing assumption.
forced_category_A_full,TASK-7B1-066,TUBE-7B1-066,2,z_descend,z_axis,45.0,45.0,abs(delta_z) / z_nominal_speed_mm_s + z_accel_allowance_s,0.525,z_motion,Concept-level timing assumption.
forced_category_A_full,TASK-7B1-066,TUBE-7B1-066,3,gripper_action,gripper,0.0,0.0,grip_close_time_s,0.6,gripper_action,Concept-level timing assumption.
forced_category_A_full,TASK-7B1-066,TUBE-7B1-066,4,z_lift,z_axis,45.0,45.0,abs(delta_z) / z_nominal_speed_mm_s + z_accel_allowance_s,0.525,z_motion,Concept-level timing assumption.
forced_category_A_full,TASK-7B1-066,TUBE-7B1-066,5,xy_move_at_safe_z,xy_axes,75.0,0.0,distance / xy_nominal_speed_mm_s + xy_accel_allowance_s,0.414,xy_motion,Concept-level timing assumption.
forced_category_A_full,TASK-7B1-066,TUBE-7B1-066,6,z_descend,z_axis,35.0,35.0,abs(delta_z) / z_nominal_speed_mm_s + z_accel_allowance_s,0.442,z_motion,Concept-level timing assumption.
forced_category_A_full,TASK-7B1-066,TUBE-7B1-066,7,scan_wait,dwell,0.0,0.0,scan_wait_time_s,1.0,scan_wait,Concept-level timing assumption.
forced_category_A_full,TASK-7B1-066,TUBE-7B1-066,8,z_lift,z_axis,35.0,35.0,abs(delta_z) / z_nominal_speed_mm_s + z_accel_allowance_s,0.442,z_motion,Concept-level timing assumption.
forced_category_A_full,TASK-7B1-066,TUBE-7B1-066,9,xy_move_at_safe_z,xy_axes,290.904,0.0,distance / xy_nominal_speed_mm_s + xy_accel_allowance_s,1.031,xy_motion,Concept-level timing assumption.
forced_category_A_full,TASK-7B1-066,TUBE-7B1-066,10,z_descend,z_axis,55.0,55.0,abs(delta_z) / z_nominal_speed_mm_s + z_accel_allowance_s,0.608,z_motion,Concept-level timing assumption.
forced_category_A_full,TASK-7B1-066,TUBE-7B1-066,11,gripper_action,gripper,0.0,0.0,grip_open_time_s,0.5,gripper_action,Concept-level timing assumption.
forced_category_A_full,TASK-7B1-066,TUBE-7B1-066,12,z_lift,z_axis,55.0,55.0,abs(delta_z) / z_nominal_speed_mm_s + z_accel_allowance_s,0.608,z_motion,Concept-level timing assumption.
manual_review_limited_capacity,TASK-7B1-001,TUBE-7B1-001,1,xy_move_at_safe_z,xy_axes,294.109,0.0,distance / xy_nominal_speed_mm_s + xy_accel_allowance_s,1.04,xy_motion,Concept-level timing assumption.
manual_review_limited_capacity,TASK-7B1-001,TUBE-7B1-001,2,z_descend,z_axis,45.0,45.0,abs(delta_z) / z_nominal_speed_mm_s + z_accel_allowance_s,0.525,z_motion,Concept-level timing assumption.
manual_review_limited_capacity,TASK-7B1-001,TUBE-7B1-001,3,gripper_action,gripper,0.0,0.0,grip_close_time_s,0.6,gripper_action,Concept-level timing assumption.
manual_review_limited_capacity,TASK-7B1-001,TUBE-7B1-001,4,z_lift,z_axis,45.0,45.0,abs(delta_z) / z_nominal_speed_mm_s + z_accel_allowance_s,0.525,z_motion,Concept-level timing assumption.
manual_review_limited_capacity,TASK-7B1-001,TUBE-7B1-001,5,xy_move_at_safe_z,xy_axes,306.105,0.0,distance / xy_nominal_speed_mm_s + xy_accel_allowance_s,1.075,xy_motion,Concept-level timing assumption.
manual_review_limited_capacity,TASK-7B1-001,TUBE-7B1-001,6,z_descend,z_axis,35.0,35.0,abs(delta_z) / z_nominal_speed_mm_s + z_accel_allowance_s,0.442,z_motion,Concept-level timing assumption.
manual_review_limited_capacity,TASK-7B1-001,TUBE-7B1-001,7,scan_wait,dwell,0.0,0.0,scan_wait_time_s,1.0,scan_wait,Concept-level timing assumption.
manual_review_limited_capacity,TASK-7B1-001,TUBE-7B1-001,8,z_lift,z_axis,35.0,35.0,abs(delta_z) / z_nominal_speed_mm_s + z_accel_allowance_s,0.442,z_motion,Concept-level timing assumption.
manual_review_limited_capacity,TASK-7B1-001,TUBE-7B1-001,9,xy_move_at_safe_z,xy_axes,261.725,0.0,distance / xy_nominal_speed_mm_s + xy_accel_allowance_s,0.948,xy_motion,Concept-level timing assumption.
manual_review_limited_capacity,TASK-7B1-001,TUBE-7B1-001,10,z_descend,z_axis,55.0,55.0,abs(delta_z) / z_nominal_speed_mm_s + z_accel_allowance_s,0.608,z_motion,Concept-level timing assumption.
manual_review_limited_capacity,TASK-7B1-001,TUBE-7B1-001,11,gripper_action,gripper,0.0,0.0,grip_open_time_s,0.5,gripper_action,Concept-level timing assumption.
manual_review_limited_capacity,TASK-7B1-001,TUBE-7B1-001,12,z_lift,z_axis,55.0,55.0,abs(delta_z) / z_nominal_speed_mm_s + z_accel_allowance_s,0.608,z_motion,Concept-level timing assumption.
manual_review_limited_capacity,TASK-7B1-002,TUBE-7B1-002,1,xy_move_at_safe_z,xy_axes,274.089,0.0,distance / xy_nominal_speed_mm_s + xy_accel_allowance_s,0.983,xy_motion,Concept-level timing assumption.
manual_review_limited_capacity,TASK-7B1-002,TUBE-7B1-002,2,z_descend,z_axis,45.0,45.0,abs(delta_z) / z_nominal_speed_mm_s + z_accel_allowance_s,0.525,z_motion,Concept-level timing assumption.
manual_review_limited_capacity,TASK-7B1-002,TUBE-7B1-002,3,gripper_action,gripper,0.0,0.0,grip_close_time_s,0.6,gripper_action,Concept-level timing assumption.
manual_review_limited_capacity,TASK-7B1-002,TUBE-7B1-002,4,z_lift,z_axis,45.0,45.0,abs(delta_z) / z_nominal_speed_mm_s + z_accel_allowance_s,0.525,z_motion,Concept-level timing assumption.
manual_review_limited_capacity,TASK-7B1-002,TUBE-7B1-002,5,xy_move_at_safe_z,xy_axes,286.923,0.0,distance / xy_nominal_speed_mm_s + xy_accel_allowance_s,1.02,xy_motion,Concept-level timing assumption.
manual_review_limited_capacity,TASK-7B1-002,TUBE-7B1-002,6,z_descend,z_axis,35.0,35.0,abs(delta_z) / z_nominal_speed_mm_s + z_accel_allowance_s,0.442,z_motion,Concept-level timing assumption.
manual_review_limited_capacity,TASK-7B1-002,TUBE-7B1-002,7,scan_wait,dwell,0.0,0.0,scan_wait_time_s,1.0,scan_wait,Concept-level timing assumption.
manual_review_limited_capacity,TASK-7B1-002,TUBE-7B1-002,8,z_lift,z_axis,35.0,35.0,abs(delta_z) / z_nominal_speed_mm_s + z_accel_allowance_s,0.442,z_motion,Concept-level timing assumption.
manual_review_limited_capacity,TASK-7B1-002,TUBE-7B1-002,9,xy_move_at_safe_z,xy_axes,380.789,0.0,distance / xy_nominal_speed_mm_s + xy_accel_allowance_s,1.288,xy_motion,Concept-level timing assumption.
manual_review_limited_capacity,TASK-7B1-002,TUBE-7B1-002,10,z_descend,z_axis,55.0,55.0,abs(delta_z) / z_nominal_speed_mm_s + z_accel_allowance_s,0.608,z_motion,Concept-level timing assumption.
manual_review_limited_capacity,TASK-7B1-002,TUBE-7B1-002,11,gripper_action,gripper,0.0,0.0,grip_open_time_s,0.5,gripper_action,Concept-level timing assumption.
manual_review_limited_capacity,TASK-7B1-002,TUBE-7B1-002,12,z_lift,z_axis,55.0,55.0,abs(delta_z) / z_nominal_speed_mm_s + z_accel_allowance_s,0.608,z_motion,Concept-level timing assumption.
manual_review_limited_capacity,TASK-7B1-003,TUBE-7B1-003,1,xy_move_at_safe_z,xy_axes,254.951,0.0,distance / xy_nominal_speed_mm_s + xy_accel_allowance_s,0.928,xy_motion,Concept-level timing assumption.
manual_review_limited_capacity,TASK-7B1-003,TUBE-7B1-003,2,z_descend,z_axis,45.0,45.0,abs(delta_z) / z_nominal_speed_mm_s + z_accel_allowance_s,0.525,z_motion,Concept-level timing assumption.
manual_review_limited_capacity,TASK-7B1-003,TUBE-7B1-003,3,gripper_action,gripper,0.0,0.0,grip_close_time_s,0.6,gripper_action,Concept-level timing assumption.
manual_review_limited_capacity,TASK-7B1-003,TUBE-7B1-003,4,z_lift,z_axis,45.0,45.0,abs(delta_z) / z_nominal_speed_mm_s + z_accel_allowance_s,0.525,z_motion,Concept-level timing assumption.
manual_review_limited_capacity,TASK-7B1-003,TUBE-7B1-003,5,xy_move_at_safe_z,xy_axes,268.701,0.0,distance / xy_nominal_speed_mm_s + xy_accel_allowance_s,0.968,xy_motion,Concept-level timing assumption.
manual_review_limited_capacity,TASK-7B1-003,TUBE-7B1-003,6,z_descend,z_axis,35.0,35.0,abs(delta_z) / z_nominal_speed_mm_s + z_accel_allowance_s,0.442,z_motion,Concept-level timing assumption.
manual_review_limited_capacity,TASK-7B1-003,TUBE-7B1-003,7,scan_wait,dwell,0.0,0.0,scan_wait_time_s,1.0,scan_wait,Concept-level timing assumption.
manual_review_limited_capacity,TASK-7B1-003,TUBE-7B1-003,8,z_lift,z_axis,35.0,35.0,abs(delta_z) / z_nominal_speed_mm_s + z_accel_allowance_s,0.442,z_motion,Concept-level timing assumption.
manual_review_limited_capacity,TASK-7B1-003,TUBE-7B1-003,9,xy_move_at_safe_z,xy_axes,180.278,0.0,distance / xy_nominal_speed_mm_s + xy_accel_allowance_s,0.715,xy_motion,Concept-level timing assumption.
manual_review_limited_capacity,TASK-7B1-003,TUBE-7B1-003,10,z_descend,z_axis,55.0,55.0,abs(delta_z) / z_nominal_speed_mm_s + z_accel_allowance_s,0.608,z_motion,Concept-level timing assumption.
manual_review_limited_capacity,TASK-7B1-003,TUBE-7B1-003,11,gripper_action,gripper,0.0,0.0,grip_open_time_s,0.5,gripper_action,Concept-level timing assumption.
manual_review_limited_capacity,TASK-7B1-003,TUBE-7B1-003,12,z_lift,z_axis,55.0,55.0,abs(delta_z) / z_nominal_speed_mm_s + z_accel_allowance_s,0.608,z_motion,Concept-level timing assumption.
manual_review_limited_capacity,TASK-7B1-004,TUBE-7B1-004,1,xy_move_at_safe_z,xy_axes,220.227,0.0,distance / xy_nominal_speed_mm_s + xy_accel_allowance_s,0.829,xy_motion,Concept-level timing assumption.
manual_review_limited_capacity,TASK-7B1-004,TUBE-7B1-004,2,z_descend,z_axis,45.0,45.0,abs(delta_z) / z_nominal_speed_mm_s + z_accel_allowance_s,0.525,z_motion,Concept-level timing assumption.
manual_review_limited_capacity,TASK-7B1-004,TUBE-7B1-004,3,gripper_action,gripper,0.0,0.0,grip_close_time_s,0.6,gripper_action,Concept-level timing assumption.
manual_review_limited_capacity,TASK-7B1-004,TUBE-7B1-004,4,z_lift,z_axis,45.0,45.0,abs(delta_z) / z_nominal_speed_mm_s + z_accel_allowance_s,0.525,z_motion,Concept-level timing assumption.
manual_review_limited_capacity,TASK-7B1-004,TUBE-7B1-004,5,xy_move_at_safe_z,xy_axes,236.008,0.0,distance / xy_nominal_speed_mm_s + xy_accel_allowance_s,0.874,xy_motion,Concept-level timing assumption.
manual_review_limited_capacity,TASK-7B1-004,TUBE-7B1-004,6,z_descend,z_axis,35.0,35.0,abs(delta_z) / z_nominal_speed_mm_s + z_accel_allowance_s,0.442,z_motion,Concept-level timing assumption.
manual_review_limited_capacity,TASK-7B1-004,TUBE-7B1-004,7,scan_wait,dwell,0.0,0.0,scan_wait_time_s,1.0,scan_wait,Concept-level timing assumption.
manual_review_limited_capacity,TASK-7B1-004,TUBE-7B1-004,8,z_lift,z_axis,35.0,35.0,abs(delta_z) / z_nominal_speed_mm_s + z_accel_allowance_s,0.442,z_motion,Concept-level timing assumption.
manual_review_limited_capacity,TASK-7B1-004,TUBE-7B1-004,9,xy_move_at_safe_z,xy_axes,491.35,0.0,distance / xy_nominal_speed_mm_s + xy_accel_allowance_s,1.604,xy_motion,Concept-level timing assumption.
manual_review_limited_capacity,TASK-7B1-004,TUBE-7B1-004,10,z_descend,z_axis,55.0,55.0,abs(delta_z) / z_nominal_speed_mm_s + z_accel_allowance_s,0.608,z_motion,Concept-level timing assumption.
manual_review_limited_capacity,TASK-7B1-004,TUBE-7B1-004,11,gripper_action,gripper,0.0,0.0,grip_open_time_s,0.5,gripper_action,Concept-level timing assumption.
manual_review_limited_capacity,TASK-7B1-004,TUBE-7B1-004,12,z_lift,z_axis,55.0,55.0,abs(delta_z) / z_nominal_speed_mm_s + z_accel_allowance_s,0.608,z_motion,Concept-level timing assumption.
manual_review_limited_capacity,TASK-7B1-005,TUBE-7B1-005,1,xy_move_at_safe_z,xy_axes,205.244,0.0,distance / xy_nominal_speed_mm_s + xy_accel_allowance_s,0.786,xy_motion,Concept-level timing assumption.
manual_review_limited_capacity,TASK-7B1-005,TUBE-7B1-005,2,z_descend,z_axis,45.0,45.0,abs(delta_z) / z_nominal_speed_mm_s + z_accel_allowance_s,0.525,z_motion,Concept-level timing assumption.
manual_review_limited_capacity,TASK-7B1-005,TUBE-7B1-005,3,gripper_action,gripper,0.0,0.0,grip_close_time_s,0.6,gripper_action,Concept-level timing assumption.
manual_review_limited_capacity,TASK-7B1-005,TUBE-7B1-005,4,z_lift,z_axis,45.0,45.0,abs(delta_z) / z_nominal_speed_mm_s + z_accel_allowance_s,0.525,z_motion,Concept-level timing assumption.
manual_review_limited_capacity,TASK-7B1-005,TUBE-7B1-005,5,xy_move_at_safe_z,xy_axes,222.092,0.0,distance / xy_nominal_speed_mm_s + xy_accel_allowance_s,0.835,xy_motion,Concept-level timing assumption.
manual_review_limited_capacity,TASK-7B1-005,TUBE-7B1-005,6,z_descend,z_axis,35.0,35.0,abs(delta_z) / z_nominal_speed_mm_s + z_accel_allowance_s,0.442,z_motion,Concept-level timing assumption.
manual_review_limited_capacity,TASK-7B1-005,TUBE-7B1-005,7,scan_wait,dwell,0.0,0.0,scan_wait_time_s,1.0,scan_wait,Concept-level timing assumption.
manual_review_limited_capacity,TASK-7B1-005,TUBE-7B1-005,8,z_lift,z_axis,35.0,35.0,abs(delta_z) / z_nominal_speed_mm_s + z_accel_allowance_s,0.442,z_motion,Concept-level timing assumption.
manual_review_limited_capacity,TASK-7B1-005,TUBE-7B1-005,9,xy_move_at_safe_z,xy_axes,330.151,0.0,distance / xy_nominal_speed_mm_s + xy_accel_allowance_s,1.143,xy_motion,Concept-level timing assumption.
manual_review_limited_capacity,TASK-7B1-005,TUBE-7B1-005,10,z_descend,z_axis,55.0,55.0,abs(delta_z) / z_nominal_speed_mm_s + z_accel_allowance_s,0.608,z_motion,Concept-level timing assumption.
manual_review_limited_capacity,TASK-7B1-005,TUBE-7B1-005,11,gripper_action,gripper,0.0,0.0,grip_open_time_s,0.5,gripper_action,Concept-level timing assumption.
manual_review_limited_capacity,TASK-7B1-005,TUBE-7B1-005,12,z_lift,z_axis,55.0,55.0,abs(delta_z) / z_nominal_speed_mm_s + z_accel_allowance_s,0.608,z_motion,Concept-level timing assumption.
manual_review_limited_capacity,TASK-7B1-006,TUBE-7B1-006,1,xy_move_at_safe_z,xy_axes,280.401,0.0,distance / xy_nominal_speed_mm_s + xy_accel_allowance_s,1.001,xy_motion,Concept-level timing assumption.
manual_review_limited_capacity,TASK-7B1-006,TUBE-7B1-006,2,z_descend,z_axis,45.0,45.0,abs(delta_z) / z_nominal_speed_mm_s + z_accel_allowance_s,0.525,z_motion,Concept-level timing assumption.
manual_review_limited_capacity,TASK-7B1-006,TUBE-7B1-006,3,gripper_action,gripper,0.0,0.0,grip_close_time_s,0.6,gripper_action,Concept-level timing assumption.
manual_review_limited_capacity,TASK-7B1-006,TUBE-7B1-006,4,z_lift,z_axis,45.0,45.0,abs(delta_z) / z_nominal_speed_mm_s + z_accel_allowance_s,0.525,z_motion,Concept-level timing assumption.
manual_review_limited_capacity,TASK-7B1-006,TUBE-7B1-006,5,xy_move_at_safe_z,xy_axes,291.247,0.0,distance / xy_nominal_speed_mm_s + xy_accel_allowance_s,1.032,xy_motion,Concept-level timing assumption.
manual_review_limited_capacity,TASK-7B1-006,TUBE-7B1-006,6,z_descend,z_axis,35.0,35.0,abs(delta_z) / z_nominal_speed_mm_s + z_accel_allowance_s,0.442,z_motion,Concept-level timing assumption.
manual_review_limited_capacity,TASK-7B1-006,TUBE-7B1-006,7,scan_wait,dwell,0.0,0.0,scan_wait_time_s,1.0,scan_wait,Concept-level timing assumption.
manual_review_limited_capacity,TASK-7B1-006,TUBE-7B1-006,8,z_lift,z_axis,35.0,35.0,abs(delta_z) / z_nominal_speed_mm_s + z_accel_allowance_s,0.442,z_motion,Concept-level timing assumption.
manual_review_limited_capacity,TASK-7B1-006,TUBE-7B1-006,9,xy_move_at_safe_z,xy_axes,279.508,0.0,distance / xy_nominal_speed_mm_s + xy_accel_allowance_s,0.999,xy_motion,Concept-level timing assumption.
manual_review_limited_capacity,TASK-7B1-006,TUBE-7B1-006,10,z_descend,z_axis,55.0,55.0,abs(delta_z) / z_nominal_speed_mm_s + z_accel_allowance_s,0.608,z_motion,Concept-level timing assumption.
manual_review_limited_capacity,TASK-7B1-006,TUBE-7B1-006,11,gripper_action,gripper,0.0,0.0,grip_open_time_s,0.5,gripper_action,Concept-level timing assumption.
manual_review_limited_capacity,TASK-7B1-006,TUBE-7B1-006,12,z_lift,z_axis,55.0,55.0,abs(delta_z) / z_nominal_speed_mm_s + z_accel_allowance_s,0.608,z_motion,Concept-level timing assumption.
manual_review_limited_capacity,TASK-7B1-007,TUBE-7B1-007,1,xy_move_at_safe_z,xy_axes,239.008,0.0,distance / xy_nominal_speed_mm_s + xy_accel_allowance_s,0.883,xy_motion,Concept-level timing assumption.
manual_review_limited_capacity,TASK-7B1-007,TUBE-7B1-007,2,z_descend,z_axis,45.0,45.0,abs(delta_z) / z_nominal_speed_mm_s + z_accel_allowance_s,0.525,z_motion,Concept-level timing assumption.
manual_review_limited_capacity,TASK-7B1-007,TUBE-7B1-007,3,gripper_action,gripper,0.0,0.0,grip_close_time_s,0.6,gripper_action,Concept-level timing assumption.
manual_review_limited_capacity,TASK-7B1-007,TUBE-7B1-007,4,z_lift,z_axis,45.0,45.0,abs(delta_z) / z_nominal_speed_mm_s + z_accel_allowance_s,0.525,z_motion,Concept-level timing assumption.
manual_review_limited_capacity,TASK-7B1-007,TUBE-7B1-007,5,xy_move_at_safe_z,xy_axes,251.645,0.0,distance / xy_nominal_speed_mm_s + xy_accel_allowance_s,0.919,xy_motion,Concept-level timing assumption.
manual_review_limited_capacity,TASK-7B1-007,TUBE-7B1-007,6,z_descend,z_axis,35.0,35.0,abs(delta_z) / z_nominal_speed_mm_s + z_accel_allowance_s,0.442,z_motion,Concept-level timing assumption.
manual_review_limited_capacity,TASK-7B1-007,TUBE-7B1-007,7,scan_wait,dwell,0.0,0.0,scan_wait_time_s,1.0,scan_wait,Concept-level timing assumption.
manual_review_limited_capacity,TASK-7B1-007,TUBE-7B1-007,8,z_lift,z_axis,35.0,35.0,abs(delta_z) / z_nominal_speed_mm_s + z_accel_allowance_s,0.442,z_motion,Concept-level timing assumption.
manual_review_limited_capacity,TASK-7B1-007,TUBE-7B1-007,9,xy_move_at_safe_z,xy_axes,402.647,0.0,distance / xy_nominal_speed_mm_s + xy_accel_allowance_s,1.35,xy_motion,Concept-level timing assumption.
manual_review_limited_capacity,TASK-7B1-007,TUBE-7B1-007,10,z_descend,z_axis,55.0,55.0,abs(delta_z) / z_nominal_speed_mm_s + z_accel_allowance_s,0.608,z_motion,Concept-level timing assumption.
manual_review_limited_capacity,TASK-7B1-007,TUBE-7B1-007,11,gripper_action,gripper,0.0,0.0,grip_open_time_s,0.5,gripper_action,Concept-level timing assumption.
manual_review_limited_capacity,TASK-7B1-007,TUBE-7B1-007,12,z_lift,z_axis,55.0,55.0,abs(delta_z) / z_nominal_speed_mm_s + z_accel_allowance_s,0.608,z_motion,Concept-level timing assumption.
manual_review_limited_capacity,TASK-7B1-008,TUBE-7B1-008,1,xy_move_at_safe_z,xy_axes,219.659,0.0,distance / xy_nominal_speed_mm_s + xy_accel_allowance_s,0.828,xy_motion,Concept-level timing assumption.
manual_review_limited_capacity,TASK-7B1-008,TUBE-7B1-008,2,z_descend,z_axis,45.0,45.0,abs(delta_z) / z_nominal_speed_mm_s + z_accel_allowance_s,0.525,z_motion,Concept-level timing assumption.
manual_review_limited_capacity,TASK-7B1-008,TUBE-7B1-008,3,gripper_action,gripper,0.0,0.0,grip_close_time_s,0.6,gripper_action,Concept-level timing assumption.
manual_review_limited_capacity,TASK-7B1-008,TUBE-7B1-008,4,z_lift,z_axis,45.0,45.0,abs(delta_z) / z_nominal_speed_mm_s + z_accel_allowance_s,0.525,z_motion,Concept-level timing assumption.
manual_review_limited_capacity,TASK-7B1-008,TUBE-7B1-008,5,xy_move_at_safe_z,xy_axes,233.345,0.0,distance / xy_nominal_speed_mm_s + xy_accel_allowance_s,0.867,xy_motion,Concept-level timing assumption.
manual_review_limited_capacity,TASK-7B1-008,TUBE-7B1-008,6,z_descend,z_axis,35.0,35.0,abs(delta_z) / z_nominal_speed_mm_s + z_accel_allowance_s,0.442,z_motion,Concept-level timing assumption.
manual_review_limited_capacity,TASK-7B1-008,TUBE-7B1-008,7,scan_wait,dwell,0.0,0.0,scan_wait_time_s,1.0,scan_wait,Concept-level timing assumption.
manual_review_limited_capacity,TASK-7B1-008,TUBE-7B1-008,8,z_lift,z_axis,35.0,35.0,abs(delta_z) / z_nominal_speed_mm_s + z_accel_allowance_s,0.442,z_motion,Concept-level timing assumption.
manual_review_limited_capacity,TASK-7B1-008,TUBE-7B1-008,9,xy_move_at_safe_z,xy_axes,205.244,0.0,distance / xy_nominal_speed_mm_s + xy_accel_allowance_s,0.786,xy_motion,Concept-level timing assumption.
manual_review_limited_capacity,TASK-7B1-008,TUBE-7B1-008,10,z_descend,z_axis,55.0,55.0,abs(delta_z) / z_nominal_speed_mm_s + z_accel_allowance_s,0.608,z_motion,Concept-level timing assumption.
manual_review_limited_capacity,TASK-7B1-008,TUBE-7B1-008,11,gripper_action,gripper,0.0,0.0,grip_open_time_s,0.5,gripper_action,Concept-level timing assumption.
manual_review_limited_capacity,TASK-7B1-008,TUBE-7B1-008,12,z_lift,z_axis,55.0,55.0,abs(delta_z) / z_nominal_speed_mm_s + z_accel_allowance_s,0.608,z_motion,Concept-level timing assumption.
manual_review_limited_capacity,TASK-7B1-009,TUBE-7B1-009,1,xy_move_at_safe_z,xy_axes,201.556,0.0,distance / xy_nominal_speed_mm_s + xy_accel_allowance_s,0.776,xy_motion,Concept-level timing assumption.
manual_review_limited_capacity,TASK-7B1-009,TUBE-7B1-009,2,z_descend,z_axis,45.0,45.0,abs(delta_z) / z_nominal_speed_mm_s + z_accel_allowance_s,0.525,z_motion,Concept-level timing assumption.
manual_review_limited_capacity,TASK-7B1-009,TUBE-7B1-009,3,gripper_action,gripper,0.0,0.0,grip_close_time_s,0.6,gripper_action,Concept-level timing assumption.
manual_review_limited_capacity,TASK-7B1-009,TUBE-7B1-009,4,z_lift,z_axis,45.0,45.0,abs(delta_z) / z_nominal_speed_mm_s + z_accel_allowance_s,0.525,z_motion,Concept-level timing assumption.
manual_review_limited_capacity,TASK-7B1-009,TUBE-7B1-009,5,xy_move_at_safe_z,xy_axes,216.391,0.0,distance / xy_nominal_speed_mm_s + xy_accel_allowance_s,0.818,xy_motion,Concept-level timing assumption.
manual_review_limited_capacity,TASK-7B1-009,TUBE-7B1-009,6,z_descend,z_axis,35.0,35.0,abs(delta_z) / z_nominal_speed_mm_s + z_accel_allowance_s,0.442,z_motion,Concept-level timing assumption.
manual_review_limited_capacity,TASK-7B1-009,TUBE-7B1-009,7,scan_wait,dwell,0.0,0.0,scan_wait_time_s,1.0,scan_wait,Concept-level timing assumption.
manual_review_limited_capacity,TASK-7B1-009,TUBE-7B1-009,8,z_lift,z_axis,35.0,35.0,abs(delta_z) / z_nominal_speed_mm_s + z_accel_allowance_s,0.442,z_motion,Concept-level timing assumption.
manual_review_limited_capacity,TASK-7B1-009,TUBE-7B1-009,9,xy_move_at_safe_z,xy_axes,355.141,0.0,distance / xy_nominal_speed_mm_s + xy_accel_allowance_s,1.215,xy_motion,Concept-level timing assumption.
manual_review_limited_capacity,TASK-7B1-009,TUBE-7B1-009,10,z_descend,z_axis,55.0,55.0,abs(delta_z) / z_nominal_speed_mm_s + z_accel_allowance_s,0.608,z_motion,Concept-level timing assumption.
manual_review_limited_capacity,TASK-7B1-009,TUBE-7B1-009,11,gripper_action,gripper,0.0,0.0,grip_open_time_s,0.5,gripper_action,Concept-level timing assumption.
manual_review_limited_capacity,TASK-7B1-009,TUBE-7B1-009,12,z_lift,z_axis,55.0,55.0,abs(delta_z) / z_nominal_speed_mm_s + z_accel_allowance_s,0.608,z_motion,Concept-level timing assumption.
manual_review_limited_capacity,TASK-7B1-010,TUBE-7B1-010,1,xy_move_at_safe_z,xy_axes,268.328,0.0,distance / xy_nominal_speed_mm_s + xy_accel_allowance_s,0.967,xy_motion,Concept-level timing assumption.
manual_review_limited_capacity,TASK-7B1-010,TUBE-7B1-010,2,z_descend,z_axis,45.0,45.0,abs(delta_z) / z_nominal_speed_mm_s + z_accel_allowance_s,0.525,z_motion,Concept-level timing assumption.
manual_review_limited_capacity,TASK-7B1-010,TUBE-7B1-010,3,gripper_action,gripper,0.0,0.0,grip_close_time_s,0.6,gripper_action,Concept-level timing assumption.
manual_review_limited_capacity,TASK-7B1-010,TUBE-7B1-010,4,z_lift,z_axis,45.0,45.0,abs(delta_z) / z_nominal_speed_mm_s + z_accel_allowance_s,0.525,z_motion,Concept-level timing assumption.
manual_review_limited_capacity,TASK-7B1-010,TUBE-7B1-010,5,xy_move_at_safe_z,xy_axes,277.849,0.0,distance / xy_nominal_speed_mm_s + xy_accel_allowance_s,0.994,xy_motion,Concept-level timing assumption.
manual_review_limited_capacity,TASK-7B1-010,TUBE-7B1-010,6,z_descend,z_axis,35.0,35.0,abs(delta_z) / z_nominal_speed_mm_s + z_accel_allowance_s,0.442,z_motion,Concept-level timing assumption.
manual_review_limited_capacity,TASK-7B1-010,TUBE-7B1-010,7,scan_wait,dwell,0.0,0.0,scan_wait_time_s,1.0,scan_wait,Concept-level timing assumption.
manual_review_limited_capacity,TASK-7B1-010,TUBE-7B1-010,8,z_lift,z_axis,35.0,35.0,abs(delta_z) / z_nominal_speed_mm_s + z_accel_allowance_s,0.442,z_motion,Concept-level timing assumption.
manual_review_limited_capacity,TASK-7B1-010,TUBE-7B1-010,9,xy_move_at_safe_z,xy_axes,298.329,0.0,distance / xy_nominal_speed_mm_s + xy_accel_allowance_s,1.052,xy_motion,Concept-level timing assumption.
manual_review_limited_capacity,TASK-7B1-010,TUBE-7B1-010,10,z_descend,z_axis,55.0,55.0,abs(delta_z) / z_nominal_speed_mm_s + z_accel_allowance_s,0.608,z_motion,Concept-level timing assumption.
manual_review_limited_capacity,TASK-7B1-010,TUBE-7B1-010,11,gripper_action,gripper,0.0,0.0,grip_open_time_s,0.5,gripper_action,Concept-level timing assumption.
manual_review_limited_capacity,TASK-7B1-010,TUBE-7B1-010,12,z_lift,z_axis,55.0,55.0,abs(delta_z) / z_nominal_speed_mm_s + z_accel_allowance_s,0.608,z_motion,Concept-level timing assumption.
manual_review_limited_capacity,TASK-7B1-011,TUBE-7B1-011,1,xy_move_at_safe_z,xy_axes,246.221,0.0,distance / xy_nominal_speed_mm_s + xy_accel_allowance_s,0.903,xy_motion,Concept-level timing assumption.
manual_review_limited_capacity,TASK-7B1-011,TUBE-7B1-011,2,z_descend,z_axis,45.0,45.0,abs(delta_z) / z_nominal_speed_mm_s + z_accel_allowance_s,0.525,z_motion,Concept-level timing assumption.
manual_review_limited_capacity,TASK-7B1-011,TUBE-7B1-011,3,gripper_action,gripper,0.0,0.0,grip_close_time_s,0.6,gripper_action,Concept-level timing assumption.
manual_review_limited_capacity,TASK-7B1-011,TUBE-7B1-011,4,z_lift,z_axis,45.0,45.0,abs(delta_z) / z_nominal_speed_mm_s + z_accel_allowance_s,0.525,z_motion,Concept-level timing assumption.
manual_review_limited_capacity,TASK-7B1-011,TUBE-7B1-011,5,xy_move_at_safe_z,xy_axes,256.564,0.0,distance / xy_nominal_speed_mm_s + xy_accel_allowance_s,0.933,xy_motion,Concept-level timing assumption.
manual_review_limited_capacity,TASK-7B1-011,TUBE-7B1-011,6,z_descend,z_axis,35.0,35.0,abs(delta_z) / z_nominal_speed_mm_s + z_accel_allowance_s,0.442,z_motion,Concept-level timing assumption.
manual_review_limited_capacity,TASK-7B1-011,TUBE-7B1-011,7,scan_wait,dwell,0.0,0.0,scan_wait_time_s,1.0,scan_wait,Concept-level timing assumption.
manual_review_limited_capacity,TASK-7B1-011,TUBE-7B1-011,8,z_lift,z_axis,35.0,35.0,abs(delta_z) / z_nominal_speed_mm_s + z_accel_allowance_s,0.442,z_motion,Concept-level timing assumption.
manual_review_limited_capacity,TASK-7B1-011,TUBE-7B1-011,9,xy_move_at_safe_z,xy_axes,424.853,0.0,distance / xy_nominal_speed_mm_s + xy_accel_allowance_s,1.414,xy_motion,Concept-level timing assumption.
manual_review_limited_capacity,TASK-7B1-011,TUBE-7B1-011,10,z_descend,z_axis,55.0,55.0,abs(delta_z) / z_nominal_speed_mm_s + z_accel_allowance_s,0.608,z_motion,Concept-level timing assumption.
manual_review_limited_capacity,TASK-7B1-011,TUBE-7B1-011,11,gripper_action,gripper,0.0,0.0,grip_open_time_s,0.5,gripper_action,Concept-level timing assumption.
manual_review_limited_capacity,TASK-7B1-011,TUBE-7B1-011,12,z_lift,z_axis,55.0,55.0,abs(delta_z) / z_nominal_speed_mm_s + z_accel_allowance_s,0.608,z_motion,Concept-level timing assumption.
manual_review_limited_capacity,TASK-7B1-012,TUBE-7B1-012,1,xy_move_at_safe_z,xy_axes,224.722,0.0,distance / xy_nominal_speed_mm_s + xy_accel_allowance_s,0.842,xy_motion,Concept-level timing assumption.
manual_review_limited_capacity,TASK-7B1-012,TUBE-7B1-012,2,z_descend,z_axis,45.0,45.0,abs(delta_z) / z_nominal_speed_mm_s + z_accel_allowance_s,0.525,z_motion,Concept-level timing assumption.
manual_review_limited_capacity,TASK-7B1-012,TUBE-7B1-012,3,gripper_action,gripper,0.0,0.0,grip_close_time_s,0.6,gripper_action,Concept-level timing assumption.
manual_review_limited_capacity,TASK-7B1-012,TUBE-7B1-012,4,z_lift,z_axis,45.0,45.0,abs(delta_z) / z_nominal_speed_mm_s + z_accel_allowance_s,0.525,z_motion,Concept-level timing assumption.
manual_review_limited_capacity,TASK-7B1-012,TUBE-7B1-012,5,xy_move_at_safe_z,xy_axes,236.008,0.0,distance / xy_nominal_speed_mm_s + xy_accel_allowance_s,0.874,xy_motion,Concept-level timing assumption.
manual_review_limited_capacity,TASK-7B1-012,TUBE-7B1-012,6,z_descend,z_axis,35.0,35.0,abs(delta_z) / z_nominal_speed_mm_s + z_accel_allowance_s,0.442,z_motion,Concept-level timing assumption.
manual_review_limited_capacity,TASK-7B1-012,TUBE-7B1-012,7,scan_wait,dwell,0.0,0.0,scan_wait_time_s,1.0,scan_wait,Concept-level timing assumption.
manual_review_limited_capacity,TASK-7B1-012,TUBE-7B1-012,8,z_lift,z_axis,35.0,35.0,abs(delta_z) / z_nominal_speed_mm_s + z_accel_allowance_s,0.442,z_motion,Concept-level timing assumption.
manual_review_limited_capacity,TASK-7B1-012,TUBE-7B1-012,9,xy_move_at_safe_z,xy_axes,230.217,0.0,distance / xy_nominal_speed_mm_s + xy_accel_allowance_s,0.858,xy_motion,Concept-level timing assumption.
manual_review_limited_capacity,TASK-7B1-012,TUBE-7B1-012,10,z_descend,z_axis,55.0,55.0,abs(delta_z) / z_nominal_speed_mm_s + z_accel_allowance_s,0.608,z_motion,Concept-level timing assumption.
manual_review_limited_capacity,TASK-7B1-012,TUBE-7B1-012,11,gripper_action,gripper,0.0,0.0,grip_open_time_s,0.5,gripper_action,Concept-level timing assumption.
manual_review_limited_capacity,TASK-7B1-012,TUBE-7B1-012,12,z_lift,z_axis,55.0,55.0,abs(delta_z) / z_nominal_speed_mm_s + z_accel_allowance_s,0.608,z_motion,Concept-level timing assumption.
manual_review_limited_capacity,TASK-7B1-013,TUBE-7B1-013,1,xy_move_at_safe_z,xy_axes,184.391,0.0,distance / xy_nominal_speed_mm_s + xy_accel_allowance_s,0.727,xy_motion,Concept-level timing assumption.
manual_review_limited_capacity,TASK-7B1-013,TUBE-7B1-013,2,z_descend,z_axis,45.0,45.0,abs(delta_z) / z_nominal_speed_mm_s + z_accel_allowance_s,0.525,z_motion,Concept-level timing assumption.
manual_review_limited_capacity,TASK-7B1-013,TUBE-7B1-013,3,gripper_action,gripper,0.0,0.0,grip_close_time_s,0.6,gripper_action,Concept-level timing assumption.
manual_review_limited_capacity,TASK-7B1-013,TUBE-7B1-013,4,z_lift,z_axis,45.0,45.0,abs(delta_z) / z_nominal_speed_mm_s + z_accel_allowance_s,0.525,z_motion,Concept-level timing assumption.
manual_review_limited_capacity,TASK-7B1-013,TUBE-7B1-013,5,xy_move_at_safe_z,xy_axes,197.99,0.0,distance / xy_nominal_speed_mm_s + xy_accel_allowance_s,0.766,xy_motion,Concept-level timing assumption.
manual_review_limited_capacity,TASK-7B1-013,TUBE-7B1-013,6,z_descend,z_axis,35.0,35.0,abs(delta_z) / z_nominal_speed_mm_s + z_accel_allowance_s,0.442,z_motion,Concept-level timing assumption.
manual_review_limited_capacity,TASK-7B1-013,TUBE-7B1-013,7,scan_wait,dwell,0.0,0.0,scan_wait_time_s,1.0,scan_wait,Concept-level timing assumption.
manual_review_limited_capacity,TASK-7B1-013,TUBE-7B1-013,8,z_lift,z_axis,35.0,35.0,abs(delta_z) / z_nominal_speed_mm_s + z_accel_allowance_s,0.442,z_motion,Concept-level timing assumption.
manual_review_limited_capacity,TASK-7B1-013,TUBE-7B1-013,9,xy_move_at_safe_z,xy_axes,470.16,0.0,distance / xy_nominal_speed_mm_s + xy_accel_allowance_s,1.543,xy_motion,Concept-level timing assumption.
manual_review_limited_capacity,TASK-7B1-013,TUBE-7B1-013,10,z_descend,z_axis,55.0,55.0,abs(delta_z) / z_nominal_speed_mm_s + z_accel_allowance_s,0.608,z_motion,Concept-level timing assumption.
manual_review_limited_capacity,TASK-7B1-013,TUBE-7B1-013,11,gripper_action,gripper,0.0,0.0,grip_open_time_s,0.5,gripper_action,Concept-level timing assumption.
manual_review_limited_capacity,TASK-7B1-013,TUBE-7B1-013,12,z_lift,z_axis,55.0,55.0,abs(delta_z) / z_nominal_speed_mm_s + z_accel_allowance_s,0.608,z_motion,Concept-level timing assumption.
manual_review_limited_capacity,TASK-7B1-014,TUBE-7B1-014,1,xy_move_at_safe_z,xy_axes,166.208,0.0,distance / xy_nominal_speed_mm_s + xy_accel_allowance_s,0.675,xy_motion,Concept-level timing assumption.
manual_review_limited_capacity,TASK-7B1-014,TUBE-7B1-014,2,z_descend,z_axis,45.0,45.0,abs(delta_z) / z_nominal_speed_mm_s + z_accel_allowance_s,0.525,z_motion,Concept-level timing assumption.
manual_review_limited_capacity,TASK-7B1-014,TUBE-7B1-014,3,gripper_action,gripper,0.0,0.0,grip_close_time_s,0.6,gripper_action,Concept-level timing assumption.
manual_review_limited_capacity,TASK-7B1-014,TUBE-7B1-014,4,z_lift,z_axis,45.0,45.0,abs(delta_z) / z_nominal_speed_mm_s + z_accel_allowance_s,0.525,z_motion,Concept-level timing assumption.
manual_review_limited_capacity,TASK-7B1-014,TUBE-7B1-014,5,xy_move_at_safe_z,xy_axes,181.177,0.0,distance / xy_nominal_speed_mm_s + xy_accel_allowance_s,0.718,xy_motion,Concept-level timing assumption.
manual_review_limited_capacity,TASK-7B1-014,TUBE-7B1-014,6,z_descend,z_axis,35.0,35.0,abs(delta_z) / z_nominal_speed_mm_s + z_accel_allowance_s,0.442,z_motion,Concept-level timing assumption.
manual_review_limited_capacity,TASK-7B1-014,TUBE-7B1-014,7,scan_wait,dwell,0.0,0.0,scan_wait_time_s,1.0,scan_wait,Concept-level timing assumption.
manual_review_limited_capacity,TASK-7B1-014,TUBE-7B1-014,8,z_lift,z_axis,35.0,35.0,abs(delta_z) / z_nominal_speed_mm_s + z_accel_allowance_s,0.442,z_motion,Concept-level timing assumption.
manual_review_limited_capacity,TASK-7B1-014,TUBE-7B1-014,9,xy_move_at_safe_z,xy_axes,380.132,0.0,distance / xy_nominal_speed_mm_s + xy_accel_allowance_s,1.286,xy_motion,Concept-level timing assumption.
manual_review_limited_capacity,TASK-7B1-014,TUBE-7B1-014,10,z_descend,z_axis,55.0,55.0,abs(delta_z) / z_nominal_speed_mm_s + z_accel_allowance_s,0.608,z_motion,Concept-level timing assumption.
manual_review_limited_capacity,TASK-7B1-014,TUBE-7B1-014,11,gripper_action,gripper,0.0,0.0,grip_open_time_s,0.5,gripper_action,Concept-level timing assumption.
manual_review_limited_capacity,TASK-7B1-014,TUBE-7B1-014,12,z_lift,z_axis,55.0,55.0,abs(delta_z) / z_nominal_speed_mm_s + z_accel_allowance_s,0.608,z_motion,Concept-level timing assumption.
manual_review_limited_capacity,TASK-7B1-015,TUBE-7B1-015,1,xy_move_at_safe_z,xy_axes,258.118,0.0,distance / xy_nominal_speed_mm_s + xy_accel_allowance_s,0.937,xy_motion,Concept-level timing assumption.
manual_review_limited_capacity,TASK-7B1-015,TUBE-7B1-015,2,z_descend,z_axis,45.0,45.0,abs(delta_z) / z_nominal_speed_mm_s + z_accel_allowance_s,0.525,z_motion,Concept-level timing assumption.
manual_review_limited_capacity,TASK-7B1-015,TUBE-7B1-015,3,gripper_action,gripper,0.0,0.0,grip_close_time_s,0.6,gripper_action,Concept-level timing assumption.
manual_review_limited_capacity,TASK-7B1-015,TUBE-7B1-015,4,z_lift,z_axis,45.0,45.0,abs(delta_z) / z_nominal_speed_mm_s + z_accel_allowance_s,0.525,z_motion,Concept-level timing assumption.
manual_review_limited_capacity,TASK-7B1-015,TUBE-7B1-015,5,xy_move_at_safe_z,xy_axes,266.13,0.0,distance / xy_nominal_speed_mm_s + xy_accel_allowance_s,0.96,xy_motion,Concept-level timing assumption.
manual_review_limited_capacity,TASK-7B1-015,TUBE-7B1-015,6,z_descend,z_axis,35.0,35.0,abs(delta_z) / z_nominal_speed_mm_s + z_accel_allowance_s,0.442,z_motion,Concept-level timing assumption.
manual_review_limited_capacity,TASK-7B1-015,TUBE-7B1-015,7,scan_wait,dwell,0.0,0.0,scan_wait_time_s,1.0,scan_wait,Concept-level timing assumption.
manual_review_limited_capacity,TASK-7B1-015,TUBE-7B1-015,8,z_lift,z_axis,35.0,35.0,abs(delta_z) / z_nominal_speed_mm_s + z_accel_allowance_s,0.442,z_motion,Concept-level timing assumption.
manual_review_limited_capacity,TASK-7B1-015,TUBE-7B1-015,9,xy_move_at_safe_z,xy_axes,318.002,0.0,distance / xy_nominal_speed_mm_s + xy_accel_allowance_s,1.109,xy_motion,Concept-level timing assumption.
manual_review_limited_capacity,TASK-7B1-015,TUBE-7B1-015,10,z_descend,z_axis,55.0,55.0,abs(delta_z) / z_nominal_speed_mm_s + z_accel_allowance_s,0.608,z_motion,Concept-level timing assumption.
manual_review_limited_capacity,TASK-7B1-015,TUBE-7B1-015,11,gripper_action,gripper,0.0,0.0,grip_open_time_s,0.5,gripper_action,Concept-level timing assumption.
manual_review_limited_capacity,TASK-7B1-015,TUBE-7B1-015,12,z_lift,z_axis,55.0,55.0,abs(delta_z) / z_nominal_speed_mm_s + z_accel_allowance_s,0.608,z_motion,Concept-level timing assumption.
manual_review_limited_capacity,TASK-7B1-016,TUBE-7B1-016,1,xy_move_at_safe_z,xy_axes,212.426,0.0,distance / xy_nominal_speed_mm_s + xy_accel_allowance_s,0.807,xy_motion,Concept-level timing assumption.
manual_review_limited_capacity,TASK-7B1-016,TUBE-7B1-016,2,z_descend,z_axis,45.0,45.0,abs(delta_z) / z_nominal_speed_mm_s + z_accel_allowance_s,0.525,z_motion,Concept-level timing assumption.
manual_review_limited_capacity,TASK-7B1-016,TUBE-7B1-016,3,gripper_action,gripper,0.0,0.0,grip_close_time_s,0.6,gripper_action,Concept-level timing assumption.
manual_review_limited_capacity,TASK-7B1-016,TUBE-7B1-016,4,z_lift,z_axis,45.0,45.0,abs(delta_z) / z_nominal_speed_mm_s + z_accel_allowance_s,0.525,z_motion,Concept-level timing assumption.
manual_review_limited_capacity,TASK-7B1-016,TUBE-7B1-016,5,xy_move_at_safe_z,xy_axes,222.092,0.0,distance / xy_nominal_speed_mm_s + xy_accel_allowance_s,0.835,xy_motion,Concept-level timing assumption.
manual_review_limited_capacity,TASK-7B1-016,TUBE-7B1-016,6,z_descend,z_axis,35.0,35.0,abs(delta_z) / z_nominal_speed_mm_s + z_accel_allowance_s,0.442,z_motion,Concept-level timing assumption.
manual_review_limited_capacity,TASK-7B1-016,TUBE-7B1-016,7,scan_wait,dwell,0.0,0.0,scan_wait_time_s,1.0,scan_wait,Concept-level timing assumption.
manual_review_limited_capacity,TASK-7B1-016,TUBE-7B1-016,8,z_lift,z_axis,35.0,35.0,abs(delta_z) / z_nominal_speed_mm_s + z_accel_allowance_s,0.442,z_motion,Concept-level timing assumption.
manual_review_limited_capacity,TASK-7B1-016,TUBE-7B1-016,9,xy_move_at_safe_z,xy_axes,447.353,0.0,distance / xy_nominal_speed_mm_s + xy_accel_allowance_s,1.478,xy_motion,Concept-level timing assumption.
manual_review_limited_capacity,TASK-7B1-016,TUBE-7B1-016,10,z_descend,z_axis,55.0,55.0,abs(delta_z) / z_nominal_speed_mm_s + z_accel_allowance_s,0.608,z_motion,Concept-level timing assumption.
manual_review_limited_capacity,TASK-7B1-016,TUBE-7B1-016,11,gripper_action,gripper,0.0,0.0,grip_open_time_s,0.5,gripper_action,Concept-level timing assumption.
manual_review_limited_capacity,TASK-7B1-016,TUBE-7B1-016,12,z_lift,z_axis,55.0,55.0,abs(delta_z) / z_nominal_speed_mm_s + z_accel_allowance_s,0.608,z_motion,Concept-level timing assumption.
manual_review_limited_capacity,TASK-7B1-017,TUBE-7B1-017,1,xy_move_at_safe_z,xy_axes,190.394,0.0,distance / xy_nominal_speed_mm_s + xy_accel_allowance_s,0.744,xy_motion,Concept-level timing assumption.
manual_review_limited_capacity,TASK-7B1-017,TUBE-7B1-017,2,z_descend,z_axis,45.0,45.0,abs(delta_z) / z_nominal_speed_mm_s + z_accel_allowance_s,0.525,z_motion,Concept-level timing assumption.
manual_review_limited_capacity,TASK-7B1-017,TUBE-7B1-017,3,gripper_action,gripper,0.0,0.0,grip_close_time_s,0.6,gripper_action,Concept-level timing assumption.
manual_review_limited_capacity,TASK-7B1-017,TUBE-7B1-017,4,z_lift,z_axis,45.0,45.0,abs(delta_z) / z_nominal_speed_mm_s + z_accel_allowance_s,0.525,z_motion,Concept-level timing assumption.
manual_review_limited_capacity,TASK-7B1-017,TUBE-7B1-017,5,xy_move_at_safe_z,xy_axes,201.122,0.0,distance / xy_nominal_speed_mm_s + xy_accel_allowance_s,0.775,xy_motion,Concept-level timing assumption.
manual_review_limited_capacity,TASK-7B1-017,TUBE-7B1-017,6,z_descend,z_axis,35.0,35.0,abs(delta_z) / z_nominal_speed_mm_s + z_accel_allowance_s,0.442,z_motion,Concept-level timing assumption.
manual_review_limited_capacity,TASK-7B1-017,TUBE-7B1-017,7,scan_wait,dwell,0.0,0.0,scan_wait_time_s,1.0,scan_wait,Concept-level timing assumption.
manual_review_limited_capacity,TASK-7B1-017,TUBE-7B1-017,8,z_lift,z_axis,35.0,35.0,abs(delta_z) / z_nominal_speed_mm_s + z_accel_allowance_s,0.442,z_motion,Concept-level timing assumption.
manual_review_limited_capacity,TASK-7B1-017,TUBE-7B1-017,9,xy_move_at_safe_z,xy_axes,255.196,0.0,distance / xy_nominal_speed_mm_s + xy_accel_allowance_s,0.929,xy_motion,Concept-level timing assumption.
manual_review_limited_capacity,TASK-7B1-017,TUBE-7B1-017,10,z_descend,z_axis,55.0,55.0,abs(delta_z) / z_nominal_speed_mm_s + z_accel_allowance_s,0.608,z_motion,Concept-level timing assumption.
manual_review_limited_capacity,TASK-7B1-017,TUBE-7B1-017,11,gripper_action,gripper,0.0,0.0,grip_open_time_s,0.5,gripper_action,Concept-level timing assumption.
manual_review_limited_capacity,TASK-7B1-017,TUBE-7B1-017,12,z_lift,z_axis,55.0,55.0,abs(delta_z) / z_nominal_speed_mm_s + z_accel_allowance_s,0.608,z_motion,Concept-level timing assumption.
manual_review_limited_capacity,TASK-7B1-018,TUBE-7B1-018,1,xy_move_at_safe_z,xy_axes,169.189,0.0,distance / xy_nominal_speed_mm_s + xy_accel_allowance_s,0.683,xy_motion,Concept-level timing assumption.
manual_review_limited_capacity,TASK-7B1-018,TUBE-7B1-018,2,z_descend,z_axis,45.0,45.0,abs(delta_z) / z_nominal_speed_mm_s + z_accel_allowance_s,0.525,z_motion,Concept-level timing assumption.
manual_review_limited_capacity,TASK-7B1-018,TUBE-7B1-018,3,gripper_action,gripper,0.0,0.0,grip_close_time_s,0.6,gripper_action,Concept-level timing assumption.
manual_review_limited_capacity,TASK-7B1-018,TUBE-7B1-018,4,z_lift,z_axis,45.0,45.0,abs(delta_z) / z_nominal_speed_mm_s + z_accel_allowance_s,0.525,z_motion,Concept-level timing assumption.
manual_review_limited_capacity,TASK-7B1-018,TUBE-7B1-018,5,xy_move_at_safe_z,xy_axes,181.177,0.0,distance / xy_nominal_speed_mm_s + xy_accel_allowance_s,0.718,xy_motion,Concept-level timing assumption.
manual_review_limited_capacity,TASK-7B1-018,TUBE-7B1-018,6,z_descend,z_axis,35.0,35.0,abs(delta_z) / z_nominal_speed_mm_s + z_accel_allowance_s,0.442,z_motion,Concept-level timing assumption.
manual_review_limited_capacity,TASK-7B1-018,TUBE-7B1-018,7,scan_wait,dwell,0.0,0.0,scan_wait_time_s,1.0,scan_wait,Concept-level timing assumption.
manual_review_limited_capacity,TASK-7B1-018,TUBE-7B1-018,8,z_lift,z_axis,35.0,35.0,abs(delta_z) / z_nominal_speed_mm_s + z_accel_allowance_s,0.442,z_motion,Concept-level timing assumption.
manual_review_limited_capacity,TASK-7B1-018,TUBE-7B1-018,9,xy_move_at_safe_z,xy_axes,405.123,0.0,distance / xy_nominal_speed_mm_s + xy_accel_allowance_s,1.357,xy_motion,Concept-level timing assumption.
manual_review_limited_capacity,TASK-7B1-018,TUBE-7B1-018,10,z_descend,z_axis,55.0,55.0,abs(delta_z) / z_nominal_speed_mm_s + z_accel_allowance_s,0.608,z_motion,Concept-level timing assumption.
manual_review_limited_capacity,TASK-7B1-018,TUBE-7B1-018,11,gripper_action,gripper,0.0,0.0,grip_open_time_s,0.5,gripper_action,Concept-level timing assumption.
manual_review_limited_capacity,TASK-7B1-018,TUBE-7B1-018,12,z_lift,z_axis,55.0,55.0,abs(delta_z) / z_nominal_speed_mm_s + z_accel_allowance_s,0.608,z_motion,Concept-level timing assumption.
manual_review_limited_capacity,TASK-7B1-019,TUBE-7B1-019,1,xy_move_at_safe_z,xy_axes,180.278,0.0,distance / xy_nominal_speed_mm_s + xy_accel_allowance_s,0.715,xy_motion,Concept-level timing assumption.
manual_review_limited_capacity,TASK-7B1-019,TUBE-7B1-019,2,z_descend,z_axis,45.0,45.0,abs(delta_z) / z_nominal_speed_mm_s + z_accel_allowance_s,0.525,z_motion,Concept-level timing assumption.
manual_review_limited_capacity,TASK-7B1-019,TUBE-7B1-019,3,gripper_action,gripper,0.0,0.0,grip_close_time_s,0.6,gripper_action,Concept-level timing assumption.
manual_review_limited_capacity,TASK-7B1-019,TUBE-7B1-019,4,z_lift,z_axis,45.0,45.0,abs(delta_z) / z_nominal_speed_mm_s + z_accel_allowance_s,0.525,z_motion,Concept-level timing assumption.
manual_review_limited_capacity,TASK-7B1-019,TUBE-7B1-019,5,xy_move_at_safe_z,xy_axes,199.249,0.0,distance / xy_nominal_speed_mm_s + xy_accel_allowance_s,0.769,xy_motion,Concept-level timing assumption.
manual_review_limited_capacity,TASK-7B1-019,TUBE-7B1-019,6,z_descend,z_axis,35.0,35.0,abs(delta_z) / z_nominal_speed_mm_s + z_accel_allowance_s,0.442,z_motion,Concept-level timing assumption.
manual_review_limited_capacity,TASK-7B1-019,TUBE-7B1-019,7,scan_wait,dwell,0.0,0.0,scan_wait_time_s,1.0,scan_wait,Concept-level timing assumption.
manual_review_limited_capacity,TASK-7B1-019,TUBE-7B1-019,8,z_lift,z_axis,35.0,35.0,abs(delta_z) / z_nominal_speed_mm_s + z_accel_allowance_s,0.442,z_motion,Concept-level timing assumption.
manual_review_limited_capacity,TASK-7B1-019,TUBE-7B1-019,9,xy_move_at_safe_z,xy_axes,338.378,0.0,distance / xy_nominal_speed_mm_s + xy_accel_allowance_s,1.167,xy_motion,Concept-level timing assumption.
manual_review_limited_capacity,TASK-7B1-019,TUBE-7B1-019,10,z_descend,z_axis,55.0,55.0,abs(delta_z) / z_nominal_speed_mm_s + z_accel_allowance_s,0.608,z_motion,Concept-level timing assumption.
manual_review_limited_capacity,TASK-7B1-019,TUBE-7B1-019,11,gripper_action,gripper,0.0,0.0,grip_open_time_s,0.5,gripper_action,Concept-level timing assumption.
manual_review_limited_capacity,TASK-7B1-019,TUBE-7B1-019,12,z_lift,z_axis,55.0,55.0,abs(delta_z) / z_nominal_speed_mm_s + z_accel_allowance_s,0.608,z_motion,Concept-level timing assumption.
manual_review_limited_capacity,TASK-7B1-020,TUBE-7B1-020,1,xy_move_at_safe_z,xy_axes,173.566,0.0,distance / xy_nominal_speed_mm_s + xy_accel_allowance_s,0.696,xy_motion,Concept-level timing assumption.
manual_review_limited_capacity,TASK-7B1-020,TUBE-7B1-020,2,z_descend,z_axis,45.0,45.0,abs(delta_z) / z_nominal_speed_mm_s + z_accel_allowance_s,0.525,z_motion,Concept-level timing assumption.
manual_review_limited_capacity,TASK-7B1-020,TUBE-7B1-020,3,gripper_action,gripper,0.0,0.0,grip_close_time_s,0.6,gripper_action,Concept-level timing assumption.
manual_review_limited_capacity,TASK-7B1-020,TUBE-7B1-020,4,z_lift,z_axis,45.0,45.0,abs(delta_z) / z_nominal_speed_mm_s + z_accel_allowance_s,0.525,z_motion,Concept-level timing assumption.
manual_review_limited_capacity,TASK-7B1-020,TUBE-7B1-020,5,xy_move_at_safe_z,xy_axes,193.197,0.0,distance / xy_nominal_speed_mm_s + xy_accel_allowance_s,0.752,xy_motion,Concept-level timing assumption.
manual_review_limited_capacity,TASK-7B1-020,TUBE-7B1-020,6,z_descend,z_axis,35.0,35.0,abs(delta_z) / z_nominal_speed_mm_s + z_accel_allowance_s,0.442,z_motion,Concept-level timing assumption.
manual_review_limited_capacity,TASK-7B1-020,TUBE-7B1-020,7,scan_wait,dwell,0.0,0.0,scan_wait_time_s,1.0,scan_wait,Concept-level timing assumption.
manual_review_limited_capacity,TASK-7B1-020,TUBE-7B1-020,8,z_lift,z_axis,35.0,35.0,abs(delta_z) / z_nominal_speed_mm_s + z_accel_allowance_s,0.442,z_motion,Concept-level timing assumption.
manual_review_limited_capacity,TASK-7B1-020,TUBE-7B1-020,9,xy_move_at_safe_z,xy_axes,470.106,0.0,distance / xy_nominal_speed_mm_s + xy_accel_allowance_s,1.543,xy_motion,Concept-level timing assumption.
manual_review_limited_capacity,TASK-7B1-020,TUBE-7B1-020,10,z_descend,z_axis,55.0,55.0,abs(delta_z) / z_nominal_speed_mm_s + z_accel_allowance_s,0.608,z_motion,Concept-level timing assumption.
manual_review_limited_capacity,TASK-7B1-020,TUBE-7B1-020,11,gripper_action,gripper,0.0,0.0,grip_open_time_s,0.5,gripper_action,Concept-level timing assumption.
manual_review_limited_capacity,TASK-7B1-020,TUBE-7B1-020,12,z_lift,z_axis,55.0,55.0,abs(delta_z) / z_nominal_speed_mm_s + z_accel_allowance_s,0.608,z_motion,Concept-level timing assumption.
manual_review_limited_capacity,TASK-7B1-021,TUBE-7B1-021,1,xy_move_at_safe_z,xy_axes,170.294,0.0,distance / xy_nominal_speed_mm_s + xy_accel_allowance_s,0.687,xy_motion,Concept-level timing assumption.
manual_review_limited_capacity,TASK-7B1-021,TUBE-7B1-021,2,z_descend,z_axis,45.0,45.0,abs(delta_z) / z_nominal_speed_mm_s + z_accel_allowance_s,0.525,z_motion,Concept-level timing assumption.
manual_review_limited_capacity,TASK-7B1-021,TUBE-7B1-021,3,gripper_action,gripper,0.0,0.0,grip_close_time_s,0.6,gripper_action,Concept-level timing assumption.
manual_review_limited_capacity,TASK-7B1-021,TUBE-7B1-021,4,z_lift,z_axis,45.0,45.0,abs(delta_z) / z_nominal_speed_mm_s + z_accel_allowance_s,0.525,z_motion,Concept-level timing assumption.
manual_review_limited_capacity,TASK-7B1-021,TUBE-7B1-021,5,xy_move_at_safe_z,xy_axes,190.263,0.0,distance / xy_nominal_speed_mm_s + xy_accel_allowance_s,0.744,xy_motion,Concept-level timing assumption.
manual_review_limited_capacity,TASK-7B1-021,TUBE-7B1-021,6,z_descend,z_axis,35.0,35.0,abs(delta_z) / z_nominal_speed_mm_s + z_accel_allowance_s,0.442,z_motion,Concept-level timing assumption.
manual_review_limited_capacity,TASK-7B1-021,TUBE-7B1-021,7,scan_wait,dwell,0.0,0.0,scan_wait_time_s,1.0,scan_wait,Concept-level timing assumption.
manual_review_limited_capacity,TASK-7B1-021,TUBE-7B1-021,8,z_lift,z_axis,35.0,35.0,abs(delta_z) / z_nominal_speed_mm_s + z_accel_allowance_s,0.442,z_motion,Concept-level timing assumption.
manual_review_limited_capacity,TASK-7B1-021,TUBE-7B1-021,9,xy_move_at_safe_z,xy_axes,280.179,0.0,distance / xy_nominal_speed_mm_s + xy_accel_allowance_s,1.001,xy_motion,Concept-level timing assumption.
manual_review_limited_capacity,TASK-7B1-021,TUBE-7B1-021,10,z_descend,z_axis,55.0,55.0,abs(delta_z) / z_nominal_speed_mm_s + z_accel_allowance_s,0.608,z_motion,Concept-level timing assumption.
manual_review_limited_capacity,TASK-7B1-021,TUBE-7B1-021,11,gripper_action,gripper,0.0,0.0,grip_open_time_s,0.5,gripper_action,Concept-level timing assumption.
manual_review_limited_capacity,TASK-7B1-021,TUBE-7B1-021,12,z_lift,z_axis,55.0,55.0,abs(delta_z) / z_nominal_speed_mm_s + z_accel_allowance_s,0.608,z_motion,Concept-level timing assumption.
manual_review_limited_capacity,TASK-7B1-022,TUBE-7B1-022,1,xy_move_at_safe_z,xy_axes,174.642,0.0,distance / xy_nominal_speed_mm_s + xy_accel_allowance_s,0.699,xy_motion,Concept-level timing assumption.
manual_review_limited_capacity,TASK-7B1-022,TUBE-7B1-022,2,z_descend,z_axis,45.0,45.0,abs(delta_z) / z_nominal_speed_mm_s + z_accel_allowance_s,0.525,z_motion,Concept-level timing assumption.
manual_review_limited_capacity,TASK-7B1-022,TUBE-7B1-022,3,gripper_action,gripper,0.0,0.0,grip_close_time_s,0.6,gripper_action,Concept-level timing assumption.
manual_review_limited_capacity,TASK-7B1-022,TUBE-7B1-022,4,z_lift,z_axis,45.0,45.0,abs(delta_z) / z_nominal_speed_mm_s + z_accel_allowance_s,0.525,z_motion,Concept-level timing assumption.
manual_review_limited_capacity,TASK-7B1-022,TUBE-7B1-022,5,xy_move_at_safe_z,xy_axes,194.165,0.0,distance / xy_nominal_speed_mm_s + xy_accel_allowance_s,0.755,xy_motion,Concept-level timing assumption.
manual_review_limited_capacity,TASK-7B1-022,TUBE-7B1-022,6,z_descend,z_axis,35.0,35.0,abs(delta_z) / z_nominal_speed_mm_s + z_accel_allowance_s,0.442,z_motion,Concept-level timing assumption.
manual_review_limited_capacity,TASK-7B1-022,TUBE-7B1-022,7,scan_wait,dwell,0.0,0.0,scan_wait_time_s,1.0,scan_wait,Concept-level timing assumption.
manual_review_limited_capacity,TASK-7B1-022,TUBE-7B1-022,8,z_lift,z_axis,35.0,35.0,abs(delta_z) / z_nominal_speed_mm_s + z_accel_allowance_s,0.442,z_motion,Concept-level timing assumption.
manual_review_limited_capacity,TASK-7B1-022,TUBE-7B1-022,9,xy_move_at_safe_z,xy_axes,430.116,0.0,distance / xy_nominal_speed_mm_s + xy_accel_allowance_s,1.429,xy_motion,Concept-level timing assumption.
manual_review_limited_capacity,TASK-7B1-022,TUBE-7B1-022,10,z_descend,z_axis,55.0,55.0,abs(delta_z) / z_nominal_speed_mm_s + z_accel_allowance_s,0.608,z_motion,Concept-level timing assumption.
manual_review_limited_capacity,TASK-7B1-022,TUBE-7B1-022,11,gripper_action,gripper,0.0,0.0,grip_open_time_s,0.5,gripper_action,Concept-level timing assumption.
manual_review_limited_capacity,TASK-7B1-022,TUBE-7B1-022,12,z_lift,z_axis,55.0,55.0,abs(delta_z) / z_nominal_speed_mm_s + z_accel_allowance_s,0.608,z_motion,Concept-level timing assumption.
manual_review_limited_capacity,TASK-7B1-023,TUBE-7B1-023,1,xy_move_at_safe_z,xy_axes,182.003,0.0,distance / xy_nominal_speed_mm_s + xy_accel_allowance_s,0.72,xy_motion,Concept-level timing assumption.
manual_review_limited_capacity,TASK-7B1-023,TUBE-7B1-023,2,z_descend,z_axis,45.0,45.0,abs(delta_z) / z_nominal_speed_mm_s + z_accel_allowance_s,0.525,z_motion,Concept-level timing assumption.
manual_review_limited_capacity,TASK-7B1-023,TUBE-7B1-023,3,gripper_action,gripper,0.0,0.0,grip_close_time_s,0.6,gripper_action,Concept-level timing assumption.
manual_review_limited_capacity,TASK-7B1-023,TUBE-7B1-023,4,z_lift,z_axis,45.0,45.0,abs(delta_z) / z_nominal_speed_mm_s + z_accel_allowance_s,0.525,z_motion,Concept-level timing assumption.
manual_review_limited_capacity,TASK-7B1-023,TUBE-7B1-023,5,xy_move_at_safe_z,xy_axes,200.811,0.0,distance / xy_nominal_speed_mm_s + xy_accel_allowance_s,0.774,xy_motion,Concept-level timing assumption.
manual_review_limited_capacity,TASK-7B1-023,TUBE-7B1-023,6,z_descend,z_axis,35.0,35.0,abs(delta_z) / z_nominal_speed_mm_s + z_accel_allowance_s,0.442,z_motion,Concept-level timing assumption.
manual_review_limited_capacity,TASK-7B1-023,TUBE-7B1-023,7,scan_wait,dwell,0.0,0.0,scan_wait_time_s,1.0,scan_wait,Concept-level timing assumption.
manual_review_limited_capacity,TASK-7B1-023,TUBE-7B1-023,8,z_lift,z_axis,35.0,35.0,abs(delta_z) / z_nominal_speed_mm_s + z_accel_allowance_s,0.442,z_motion,Concept-level timing assumption.
manual_review_limited_capacity,TASK-7B1-023,TUBE-7B1-023,9,xy_move_at_safe_z,xy_axes,359.34,0.0,distance / xy_nominal_speed_mm_s + xy_accel_allowance_s,1.227,xy_motion,Concept-level timing assumption.
manual_review_limited_capacity,TASK-7B1-023,TUBE-7B1-023,10,z_descend,z_axis,55.0,55.0,abs(delta_z) / z_nominal_speed_mm_s + z_accel_allowance_s,0.608,z_motion,Concept-level timing assumption.
manual_review_limited_capacity,TASK-7B1-023,TUBE-7B1-023,11,gripper_action,gripper,0.0,0.0,grip_open_time_s,0.5,gripper_action,Concept-level timing assumption.
manual_review_limited_capacity,TASK-7B1-023,TUBE-7B1-023,12,z_lift,z_axis,55.0,55.0,abs(delta_z) / z_nominal_speed_mm_s + z_accel_allowance_s,0.608,z_motion,Concept-level timing assumption.
manual_review_limited_capacity,TASK-7B1-024,TUBE-7B1-024,1,xy_move_at_safe_z,xy_axes,145.344,0.0,distance / xy_nominal_speed_mm_s + xy_accel_allowance_s,0.615,xy_motion,Concept-level timing assumption.
manual_review_limited_capacity,TASK-7B1-024,TUBE-7B1-024,2,z_descend,z_axis,45.0,45.0,abs(delta_z) / z_nominal_speed_mm_s + z_accel_allowance_s,0.525,z_motion,Concept-level timing assumption.
manual_review_limited_capacity,TASK-7B1-024,TUBE-7B1-024,3,gripper_action,gripper,0.0,0.0,grip_close_time_s,0.6,gripper_action,Concept-level timing assumption.
manual_review_limited_capacity,TASK-7B1-024,TUBE-7B1-024,4,z_lift,z_axis,45.0,45.0,abs(delta_z) / z_nominal_speed_mm_s + z_accel_allowance_s,0.525,z_motion,Concept-level timing assumption.
manual_review_limited_capacity,TASK-7B1-024,TUBE-7B1-024,5,xy_move_at_safe_z,xy_axes,165.303,0.0,distance / xy_nominal_speed_mm_s + xy_accel_allowance_s,0.672,xy_motion,Concept-level timing assumption.
manual_review_limited_capacity,TASK-7B1-024,TUBE-7B1-024,6,z_descend,z_axis,35.0,35.0,abs(delta_z) / z_nominal_speed_mm_s + z_accel_allowance_s,0.442,z_motion,Concept-level timing assumption.
manual_review_limited_capacity,TASK-7B1-024,TUBE-7B1-024,7,scan_wait,dwell,0.0,0.0,scan_wait_time_s,1.0,scan_wait,Concept-level timing assumption.
manual_review_limited_capacity,TASK-7B1-024,TUBE-7B1-024,8,z_lift,z_axis,35.0,35.0,abs(delta_z) / z_nominal_speed_mm_s + z_accel_allowance_s,0.442,z_motion,Concept-level timing assumption.
manual_review_limited_capacity,TASK-7B1-024,TUBE-7B1-024,9,xy_move_at_safe_z,xy_axes,493.077,0.0,distance / xy_nominal_speed_mm_s + xy_accel_allowance_s,1.609,xy_motion,Concept-level timing assumption.
manual_review_limited_capacity,TASK-7B1-024,TUBE-7B1-024,10,z_descend,z_axis,55.0,55.0,abs(delta_z) / z_nominal_speed_mm_s + z_accel_allowance_s,0.608,z_motion,Concept-level timing assumption.
manual_review_limited_capacity,TASK-7B1-024,TUBE-7B1-024,11,gripper_action,gripper,0.0,0.0,grip_open_time_s,0.5,gripper_action,Concept-level timing assumption.
manual_review_limited_capacity,TASK-7B1-024,TUBE-7B1-024,12,z_lift,z_axis,55.0,55.0,abs(delta_z) / z_nominal_speed_mm_s + z_accel_allowance_s,0.608,z_motion,Concept-level timing assumption.
manual_review_limited_capacity,TASK-7B1-025,TUBE-7B1-025,1,xy_move_at_safe_z,xy_axes,145.774,0.0,distance / xy_nominal_speed_mm_s + xy_accel_allowance_s,0.616,xy_motion,Concept-level timing assumption.
manual_review_limited_capacity,TASK-7B1-025,TUBE-7B1-025,2,z_descend,z_axis,45.0,45.0,abs(delta_z) / z_nominal_speed_mm_s + z_accel_allowance_s,0.525,z_motion,Concept-level timing assumption.
manual_review_limited_capacity,TASK-7B1-025,TUBE-7B1-025,3,gripper_action,gripper,0.0,0.0,grip_close_time_s,0.6,gripper_action,Concept-level timing assumption.
manual_review_limited_capacity,TASK-7B1-025,TUBE-7B1-025,4,z_lift,z_axis,45.0,45.0,abs(delta_z) / z_nominal_speed_mm_s + z_accel_allowance_s,0.525,z_motion,Concept-level timing assumption.
manual_review_limited_capacity,TASK-7B1-025,TUBE-7B1-025,5,xy_move_at_safe_z,xy_axes,165.68,0.0,distance / xy_nominal_speed_mm_s + xy_accel_allowance_s,0.673,xy_motion,Concept-level timing assumption.
manual_review_limited_capacity,TASK-7B1-025,TUBE-7B1-025,6,z_descend,z_axis,35.0,35.0,abs(delta_z) / z_nominal_speed_mm_s + z_accel_allowance_s,0.442,z_motion,Concept-level timing assumption.
manual_review_limited_capacity,TASK-7B1-025,TUBE-7B1-025,7,scan_wait,dwell,0.0,0.0,scan_wait_time_s,1.0,scan_wait,Concept-level timing assumption.
manual_review_limited_capacity,TASK-7B1-025,TUBE-7B1-025,8,z_lift,z_axis,35.0,35.0,abs(delta_z) / z_nominal_speed_mm_s + z_accel_allowance_s,0.442,z_motion,Concept-level timing assumption.
manual_review_limited_capacity,TASK-7B1-025,TUBE-7B1-025,9,xy_move_at_safe_z,xy_axes,305.164,0.0,distance / xy_nominal_speed_mm_s + xy_accel_allowance_s,1.072,xy_motion,Concept-level timing assumption.
manual_review_limited_capacity,TASK-7B1-025,TUBE-7B1-025,10,z_descend,z_axis,55.0,55.0,abs(delta_z) / z_nominal_speed_mm_s + z_accel_allowance_s,0.608,z_motion,Concept-level timing assumption.
manual_review_limited_capacity,TASK-7B1-025,TUBE-7B1-025,11,gripper_action,gripper,0.0,0.0,grip_open_time_s,0.5,gripper_action,Concept-level timing assumption.
manual_review_limited_capacity,TASK-7B1-025,TUBE-7B1-025,12,z_lift,z_axis,55.0,55.0,abs(delta_z) / z_nominal_speed_mm_s + z_accel_allowance_s,0.608,z_motion,Concept-level timing assumption.
manual_review_limited_capacity,TASK-7B1-026,TUBE-7B1-026,1,xy_move_at_safe_z,xy_axes,150.416,0.0,distance / xy_nominal_speed_mm_s + xy_accel_allowance_s,0.63,xy_motion,Concept-level timing assumption.
manual_review_limited_capacity,TASK-7B1-026,TUBE-7B1-026,2,z_descend,z_axis,45.0,45.0,abs(delta_z) / z_nominal_speed_mm_s + z_accel_allowance_s,0.525,z_motion,Concept-level timing assumption.
manual_review_limited_capacity,TASK-7B1-026,TUBE-7B1-026,3,gripper_action,gripper,0.0,0.0,grip_close_time_s,0.6,gripper_action,Concept-level timing assumption.
manual_review_limited_capacity,TASK-7B1-026,TUBE-7B1-026,4,z_lift,z_axis,45.0,45.0,abs(delta_z) / z_nominal_speed_mm_s + z_accel_allowance_s,0.525,z_motion,Concept-level timing assumption.
manual_review_limited_capacity,TASK-7B1-026,TUBE-7B1-026,5,xy_move_at_safe_z,xy_axes,169.779,0.0,distance / xy_nominal_speed_mm_s + xy_accel_allowance_s,0.685,xy_motion,Concept-level timing assumption.
manual_review_limited_capacity,TASK-7B1-026,TUBE-7B1-026,6,z_descend,z_axis,35.0,35.0,abs(delta_z) / z_nominal_speed_mm_s + z_accel_allowance_s,0.442,z_motion,Concept-level timing assumption.
manual_review_limited_capacity,TASK-7B1-026,TUBE-7B1-026,7,scan_wait,dwell,0.0,0.0,scan_wait_time_s,1.0,scan_wait,Concept-level timing assumption.
manual_review_limited_capacity,TASK-7B1-026,TUBE-7B1-026,8,z_lift,z_axis,35.0,35.0,abs(delta_z) / z_nominal_speed_mm_s + z_accel_allowance_s,0.442,z_motion,Concept-level timing assumption.
manual_review_limited_capacity,TASK-7B1-026,TUBE-7B1-026,9,xy_move_at_safe_z,xy_axes,455.11,0.0,distance / xy_nominal_speed_mm_s + xy_accel_allowance_s,1.5,xy_motion,Concept-level timing assumption.
manual_review_limited_capacity,TASK-7B1-026,TUBE-7B1-026,10,z_descend,z_axis,55.0,55.0,abs(delta_z) / z_nominal_speed_mm_s + z_accel_allowance_s,0.608,z_motion,Concept-level timing assumption.
manual_review_limited_capacity,TASK-7B1-026,TUBE-7B1-026,11,gripper_action,gripper,0.0,0.0,grip_open_time_s,0.5,gripper_action,Concept-level timing assumption.
manual_review_limited_capacity,TASK-7B1-026,TUBE-7B1-026,12,z_lift,z_axis,55.0,55.0,abs(delta_z) / z_nominal_speed_mm_s + z_accel_allowance_s,0.608,z_motion,Concept-level timing assumption.
manual_review_limited_capacity,TASK-7B1-027,TUBE-7B1-027,1,xy_move_at_safe_z,xy_axes,134.164,0.0,distance / xy_nominal_speed_mm_s + xy_accel_allowance_s,0.583,xy_motion,Concept-level timing assumption.
manual_review_limited_capacity,TASK-7B1-027,TUBE-7B1-027,2,z_descend,z_axis,45.0,45.0,abs(delta_z) / z_nominal_speed_mm_s + z_accel_allowance_s,0.525,z_motion,Concept-level timing assumption.
manual_review_limited_capacity,TASK-7B1-027,TUBE-7B1-027,3,gripper_action,gripper,0.0,0.0,grip_close_time_s,0.6,gripper_action,Concept-level timing assumption.
manual_review_limited_capacity,TASK-7B1-027,TUBE-7B1-027,4,z_lift,z_axis,45.0,45.0,abs(delta_z) / z_nominal_speed_mm_s + z_accel_allowance_s,0.525,z_motion,Concept-level timing assumption.
manual_review_limited_capacity,TASK-7B1-027,TUBE-7B1-027,5,xy_move_at_safe_z,xy_axes,152.315,0.0,distance / xy_nominal_speed_mm_s + xy_accel_allowance_s,0.635,xy_motion,Concept-level timing assumption.
manual_review_limited_capacity,TASK-7B1-027,TUBE-7B1-027,6,z_descend,z_axis,35.0,35.0,abs(delta_z) / z_nominal_speed_mm_s + z_accel_allowance_s,0.442,z_motion,Concept-level timing assumption.
manual_review_limited_capacity,TASK-7B1-027,TUBE-7B1-027,7,scan_wait,dwell,0.0,0.0,scan_wait_time_s,1.0,scan_wait,Concept-level timing assumption.
manual_review_limited_capacity,TASK-7B1-027,TUBE-7B1-027,8,z_lift,z_axis,35.0,35.0,abs(delta_z) / z_nominal_speed_mm_s + z_accel_allowance_s,0.442,z_motion,Concept-level timing assumption.
manual_review_limited_capacity,TASK-7B1-027,TUBE-7B1-027,9,xy_move_at_safe_z,xy_axes,244.182,0.0,distance / xy_nominal_speed_mm_s + xy_accel_allowance_s,0.898,xy_motion,Concept-level timing assumption.
manual_review_limited_capacity,TASK-7B1-027,TUBE-7B1-027,10,z_descend,z_axis,55.0,55.0,abs(delta_z) / z_nominal_speed_mm_s + z_accel_allowance_s,0.608,z_motion,Concept-level timing assumption.
manual_review_limited_capacity,TASK-7B1-027,TUBE-7B1-027,11,gripper_action,gripper,0.0,0.0,grip_open_time_s,0.5,gripper_action,Concept-level timing assumption.
manual_review_limited_capacity,TASK-7B1-027,TUBE-7B1-027,12,z_lift,z_axis,55.0,55.0,abs(delta_z) / z_nominal_speed_mm_s + z_accel_allowance_s,0.608,z_motion,Concept-level timing assumption.
manual_review_limited_capacity,TASK-7B1-028,TUBE-7B1-028,1,xy_move_at_safe_z,xy_axes,125.0,0.0,distance / xy_nominal_speed_mm_s + xy_accel_allowance_s,0.557,xy_motion,Concept-level timing assumption.
manual_review_limited_capacity,TASK-7B1-028,TUBE-7B1-028,2,z_descend,z_axis,45.0,45.0,abs(delta_z) / z_nominal_speed_mm_s + z_accel_allowance_s,0.525,z_motion,Concept-level timing assumption.
manual_review_limited_capacity,TASK-7B1-028,TUBE-7B1-028,3,gripper_action,gripper,0.0,0.0,grip_close_time_s,0.6,gripper_action,Concept-level timing assumption.
manual_review_limited_capacity,TASK-7B1-028,TUBE-7B1-028,4,z_lift,z_axis,45.0,45.0,abs(delta_z) / z_nominal_speed_mm_s + z_accel_allowance_s,0.525,z_motion,Concept-level timing assumption.
manual_review_limited_capacity,TASK-7B1-028,TUBE-7B1-028,5,xy_move_at_safe_z,xy_axes,144.309,0.0,distance / xy_nominal_speed_mm_s + xy_accel_allowance_s,0.612,xy_motion,Concept-level timing assumption.
manual_review_limited_capacity,TASK-7B1-028,TUBE-7B1-028,6,z_descend,z_axis,35.0,35.0,abs(delta_z) / z_nominal_speed_mm_s + z_accel_allowance_s,0.442,z_motion,Concept-level timing assumption.
manual_review_limited_capacity,TASK-7B1-028,TUBE-7B1-028,7,scan_wait,dwell,0.0,0.0,scan_wait_time_s,1.0,scan_wait,Concept-level timing assumption.
manual_review_limited_capacity,TASK-7B1-028,TUBE-7B1-028,8,z_lift,z_axis,35.0,35.0,abs(delta_z) / z_nominal_speed_mm_s + z_accel_allowance_s,0.442,z_motion,Concept-level timing assumption.
manual_review_limited_capacity,TASK-7B1-028,TUBE-7B1-028,9,xy_move_at_safe_z,xy_axes,449.361,0.0,distance / xy_nominal_speed_mm_s + xy_accel_allowance_s,1.484,xy_motion,Concept-level timing assumption.
manual_review_limited_capacity,TASK-7B1-028,TUBE-7B1-028,10,z_descend,z_axis,55.0,55.0,abs(delta_z) / z_nominal_speed_mm_s + z_accel_allowance_s,0.608,z_motion,Concept-level timing assumption.
manual_review_limited_capacity,TASK-7B1-028,TUBE-7B1-028,11,gripper_action,gripper,0.0,0.0,grip_open_time_s,0.5,gripper_action,Concept-level timing assumption.
manual_review_limited_capacity,TASK-7B1-028,TUBE-7B1-028,12,z_lift,z_axis,55.0,55.0,abs(delta_z) / z_nominal_speed_mm_s + z_accel_allowance_s,0.608,z_motion,Concept-level timing assumption.
manual_review_limited_capacity,TASK-7B1-029,TUBE-7B1-029,1,xy_move_at_safe_z,xy_axes,120.416,0.0,distance / xy_nominal_speed_mm_s + xy_accel_allowance_s,0.544,xy_motion,Concept-level timing assumption.
manual_review_limited_capacity,TASK-7B1-029,TUBE-7B1-029,2,z_descend,z_axis,45.0,45.0,abs(delta_z) / z_nominal_speed_mm_s + z_accel_allowance_s,0.525,z_motion,Concept-level timing assumption.
manual_review_limited_capacity,TASK-7B1-029,TUBE-7B1-029,3,gripper_action,gripper,0.0,0.0,grip_close_time_s,0.6,gripper_action,Concept-level timing assumption.
manual_review_limited_capacity,TASK-7B1-029,TUBE-7B1-029,4,z_lift,z_axis,45.0,45.0,abs(delta_z) / z_nominal_speed_mm_s + z_accel_allowance_s,0.525,z_motion,Concept-level timing assumption.
manual_review_limited_capacity,TASK-7B1-029,TUBE-7B1-029,5,xy_move_at_safe_z,xy_axes,140.357,0.0,distance / xy_nominal_speed_mm_s + xy_accel_allowance_s,0.601,xy_motion,Concept-level timing assumption.
manual_review_limited_capacity,TASK-7B1-029,TUBE-7B1-029,6,z_descend,z_axis,35.0,35.0,abs(delta_z) / z_nominal_speed_mm_s + z_accel_allowance_s,0.442,z_motion,Concept-level timing assumption.
manual_review_limited_capacity,TASK-7B1-029,TUBE-7B1-029,7,scan_wait,dwell,0.0,0.0,scan_wait_time_s,1.0,scan_wait,Concept-level timing assumption.
manual_review_limited_capacity,TASK-7B1-029,TUBE-7B1-029,8,z_lift,z_axis,35.0,35.0,abs(delta_z) / z_nominal_speed_mm_s + z_accel_allowance_s,0.442,z_motion,Concept-level timing assumption.
manual_review_limited_capacity,TASK-7B1-029,TUBE-7B1-029,9,xy_move_at_safe_z,xy_axes,368.951,0.0,distance / xy_nominal_speed_mm_s + xy_accel_allowance_s,1.254,xy_motion,Concept-level timing assumption.
manual_review_limited_capacity,TASK-7B1-029,TUBE-7B1-029,10,z_descend,z_axis,55.0,55.0,abs(delta_z) / z_nominal_speed_mm_s + z_accel_allowance_s,0.608,z_motion,Concept-level timing assumption.
manual_review_limited_capacity,TASK-7B1-029,TUBE-7B1-029,11,gripper_action,gripper,0.0,0.0,grip_open_time_s,0.5,gripper_action,Concept-level timing assumption.
manual_review_limited_capacity,TASK-7B1-029,TUBE-7B1-029,12,z_lift,z_axis,55.0,55.0,abs(delta_z) / z_nominal_speed_mm_s + z_accel_allowance_s,0.608,z_motion,Concept-level timing assumption.
manual_review_limited_capacity,TASK-7B1-030,TUBE-7B1-030,1,xy_move_at_safe_z,xy_axes,126.491,0.0,distance / xy_nominal_speed_mm_s + xy_accel_allowance_s,0.561,xy_motion,Concept-level timing assumption.
manual_review_limited_capacity,TASK-7B1-030,TUBE-7B1-030,2,z_descend,z_axis,45.0,45.0,abs(delta_z) / z_nominal_speed_mm_s + z_accel_allowance_s,0.525,z_motion,Concept-level timing assumption.
manual_review_limited_capacity,TASK-7B1-030,TUBE-7B1-030,3,gripper_action,gripper,0.0,0.0,grip_close_time_s,0.6,gripper_action,Concept-level timing assumption.
manual_review_limited_capacity,TASK-7B1-030,TUBE-7B1-030,4,z_lift,z_axis,45.0,45.0,abs(delta_z) / z_nominal_speed_mm_s + z_accel_allowance_s,0.525,z_motion,Concept-level timing assumption.
manual_review_limited_capacity,TASK-7B1-030,TUBE-7B1-030,5,xy_move_at_safe_z,xy_axes,145.602,0.0,distance / xy_nominal_speed_mm_s + xy_accel_allowance_s,0.616,xy_motion,Concept-level timing assumption.
manual_review_limited_capacity,TASK-7B1-030,TUBE-7B1-030,6,z_descend,z_axis,35.0,35.0,abs(delta_z) / z_nominal_speed_mm_s + z_accel_allowance_s,0.442,z_motion,Concept-level timing assumption.
manual_review_limited_capacity,TASK-7B1-030,TUBE-7B1-030,7,scan_wait,dwell,0.0,0.0,scan_wait_time_s,1.0,scan_wait,Concept-level timing assumption.
manual_review_limited_capacity,TASK-7B1-030,TUBE-7B1-030,8,z_lift,z_axis,35.0,35.0,abs(delta_z) / z_nominal_speed_mm_s + z_accel_allowance_s,0.442,z_motion,Concept-level timing assumption.
manual_review_limited_capacity,TASK-7B1-030,TUBE-7B1-030,9,xy_move_at_safe_z,xy_axes,180.624,0.0,distance / xy_nominal_speed_mm_s + xy_accel_allowance_s,0.716,xy_motion,Concept-level timing assumption.
manual_review_limited_capacity,TASK-7B1-030,TUBE-7B1-030,10,z_descend,z_axis,55.0,55.0,abs(delta_z) / z_nominal_speed_mm_s + z_accel_allowance_s,0.608,z_motion,Concept-level timing assumption.
manual_review_limited_capacity,TASK-7B1-030,TUBE-7B1-030,11,gripper_action,gripper,0.0,0.0,grip_open_time_s,0.5,gripper_action,Concept-level timing assumption.
manual_review_limited_capacity,TASK-7B1-030,TUBE-7B1-030,12,z_lift,z_axis,55.0,55.0,abs(delta_z) / z_nominal_speed_mm_s + z_accel_allowance_s,0.608,z_motion,Concept-level timing assumption.
manual_review_limited_capacity,TASK-7B1-031,TUBE-7B1-031,1,xy_move_at_safe_z,xy_axes,136.473,0.0,distance / xy_nominal_speed_mm_s + xy_accel_allowance_s,0.59,xy_motion,Concept-level timing assumption.
manual_review_limited_capacity,TASK-7B1-031,TUBE-7B1-031,2,z_descend,z_axis,45.0,45.0,abs(delta_z) / z_nominal_speed_mm_s + z_accel_allowance_s,0.525,z_motion,Concept-level timing assumption.
manual_review_limited_capacity,TASK-7B1-031,TUBE-7B1-031,3,gripper_action,gripper,0.0,0.0,grip_close_time_s,0.6,gripper_action,Concept-level timing assumption.
manual_review_limited_capacity,TASK-7B1-031,TUBE-7B1-031,4,z_lift,z_axis,45.0,45.0,abs(delta_z) / z_nominal_speed_mm_s + z_accel_allowance_s,0.525,z_motion,Concept-level timing assumption.
manual_review_limited_capacity,TASK-7B1-031,TUBE-7B1-031,5,xy_move_at_safe_z,xy_axes,154.353,0.0,distance / xy_nominal_speed_mm_s + xy_accel_allowance_s,0.641,xy_motion,Concept-level timing assumption.
manual_review_limited_capacity,TASK-7B1-031,TUBE-7B1-031,6,z_descend,z_axis,35.0,35.0,abs(delta_z) / z_nominal_speed_mm_s + z_accel_allowance_s,0.442,z_motion,Concept-level timing assumption.
manual_review_limited_capacity,TASK-7B1-031,TUBE-7B1-031,7,scan_wait,dwell,0.0,0.0,scan_wait_time_s,1.0,scan_wait,Concept-level timing assumption.
manual_review_limited_capacity,TASK-7B1-031,TUBE-7B1-031,8,z_lift,z_axis,35.0,35.0,abs(delta_z) / z_nominal_speed_mm_s + z_accel_allowance_s,0.442,z_motion,Concept-level timing assumption.
manual_review_limited_capacity,TASK-7B1-031,TUBE-7B1-031,9,xy_move_at_safe_z,xy_axes,330.341,0.0,distance / xy_nominal_speed_mm_s + xy_accel_allowance_s,1.144,xy_motion,Concept-level timing assumption.
manual_review_limited_capacity,TASK-7B1-031,TUBE-7B1-031,10,z_descend,z_axis,55.0,55.0,abs(delta_z) / z_nominal_speed_mm_s + z_accel_allowance_s,0.608,z_motion,Concept-level timing assumption.
manual_review_limited_capacity,TASK-7B1-031,TUBE-7B1-031,11,gripper_action,gripper,0.0,0.0,grip_open_time_s,0.5,gripper_action,Concept-level timing assumption.
manual_review_limited_capacity,TASK-7B1-031,TUBE-7B1-031,12,z_lift,z_axis,55.0,55.0,abs(delta_z) / z_nominal_speed_mm_s + z_accel_allowance_s,0.608,z_motion,Concept-level timing assumption.
manual_review_limited_capacity,TASK-7B1-032,TUBE-7B1-032,1,xy_move_at_safe_z,xy_axes,112.361,0.0,distance / xy_nominal_speed_mm_s + xy_accel_allowance_s,0.521,xy_motion,Concept-level timing assumption.
manual_review_limited_capacity,TASK-7B1-032,TUBE-7B1-032,2,z_descend,z_axis,45.0,45.0,abs(delta_z) / z_nominal_speed_mm_s + z_accel_allowance_s,0.525,z_motion,Concept-level timing assumption.
manual_review_limited_capacity,TASK-7B1-032,TUBE-7B1-032,3,gripper_action,gripper,0.0,0.0,grip_close_time_s,0.6,gripper_action,Concept-level timing assumption.
manual_review_limited_capacity,TASK-7B1-032,TUBE-7B1-032,4,z_lift,z_axis,45.0,45.0,abs(delta_z) / z_nominal_speed_mm_s + z_accel_allowance_s,0.525,z_motion,Concept-level timing assumption.
manual_review_limited_capacity,TASK-7B1-032,TUBE-7B1-032,5,xy_move_at_safe_z,xy_axes,129.711,0.0,distance / xy_nominal_speed_mm_s + xy_accel_allowance_s,0.571,xy_motion,Concept-level timing assumption.
manual_review_limited_capacity,TASK-7B1-032,TUBE-7B1-032,6,z_descend,z_axis,35.0,35.0,abs(delta_z) / z_nominal_speed_mm_s + z_accel_allowance_s,0.442,z_motion,Concept-level timing assumption.
manual_review_limited_capacity,TASK-7B1-032,TUBE-7B1-032,7,scan_wait,dwell,0.0,0.0,scan_wait_time_s,1.0,scan_wait,Concept-level timing assumption.
manual_review_limited_capacity,TASK-7B1-032,TUBE-7B1-032,8,z_lift,z_axis,35.0,35.0,abs(delta_z) / z_nominal_speed_mm_s + z_accel_allowance_s,0.442,z_motion,Concept-level timing assumption.
manual_review_limited_capacity,TASK-7B1-032,TUBE-7B1-032,9,xy_move_at_safe_z,xy_axes,263.154,0.0,distance / xy_nominal_speed_mm_s + xy_accel_allowance_s,0.952,xy_motion,Concept-level timing assumption.
manual_review_limited_capacity,TASK-7B1-032,TUBE-7B1-032,10,z_descend,z_axis,55.0,55.0,abs(delta_z) / z_nominal_speed_mm_s + z_accel_allowance_s,0.608,z_motion,Concept-level timing assumption.
manual_review_limited_capacity,TASK-7B1-032,TUBE-7B1-032,11,gripper_action,gripper,0.0,0.0,grip_open_time_s,0.5,gripper_action,Concept-level timing assumption.
manual_review_limited_capacity,TASK-7B1-032,TUBE-7B1-032,12,z_lift,z_axis,55.0,55.0,abs(delta_z) / z_nominal_speed_mm_s + z_accel_allowance_s,0.608,z_motion,Concept-level timing assumption.
manual_review_limited_capacity,TASK-7B1-033,TUBE-7B1-033,1,xy_move_at_safe_z,xy_axes,95.525,0.0,distance / xy_nominal_speed_mm_s + xy_accel_allowance_s,0.473,xy_motion,Concept-level timing assumption.
manual_review_limited_capacity,TASK-7B1-033,TUBE-7B1-033,2,z_descend,z_axis,45.0,45.0,abs(delta_z) / z_nominal_speed_mm_s + z_accel_allowance_s,0.525,z_motion,Concept-level timing assumption.
manual_review_limited_capacity,TASK-7B1-033,TUBE-7B1-033,3,gripper_action,gripper,0.0,0.0,grip_close_time_s,0.6,gripper_action,Concept-level timing assumption.
manual_review_limited_capacity,TASK-7B1-033,TUBE-7B1-033,4,z_lift,z_axis,45.0,45.0,abs(delta_z) / z_nominal_speed_mm_s + z_accel_allowance_s,0.525,z_motion,Concept-level timing assumption.
manual_review_limited_capacity,TASK-7B1-033,TUBE-7B1-033,5,xy_move_at_safe_z,xy_axes,115.434,0.0,distance / xy_nominal_speed_mm_s + xy_accel_allowance_s,0.53,xy_motion,Concept-level timing assumption.
manual_review_limited_capacity,TASK-7B1-033,TUBE-7B1-033,6,z_descend,z_axis,35.0,35.0,abs(delta_z) / z_nominal_speed_mm_s + z_accel_allowance_s,0.442,z_motion,Concept-level timing assumption.
manual_review_limited_capacity,TASK-7B1-033,TUBE-7B1-033,7,scan_wait,dwell,0.0,0.0,scan_wait_time_s,1.0,scan_wait,Concept-level timing assumption.
manual_review_limited_capacity,TASK-7B1-033,TUBE-7B1-033,8,z_lift,z_axis,35.0,35.0,abs(delta_z) / z_nominal_speed_mm_s + z_accel_allowance_s,0.442,z_motion,Concept-level timing assumption.
manual_review_limited_capacity,TASK-7B1-033,TUBE-7B1-033,9,xy_move_at_safe_z,xy_axes,391.472,0.0,distance / xy_nominal_speed_mm_s + xy_accel_allowance_s,1.318,xy_motion,Concept-level timing assumption.
manual_review_limited_capacity,TASK-7B1-033,TUBE-7B1-033,10,z_descend,z_axis,55.0,55.0,abs(delta_z) / z_nominal_speed_mm_s + z_accel_allowance_s,0.608,z_motion,Concept-level timing assumption.
manual_review_limited_capacity,TASK-7B1-033,TUBE-7B1-033,11,gripper_action,gripper,0.0,0.0,grip_open_time_s,0.5,gripper_action,Concept-level timing assumption.
manual_review_limited_capacity,TASK-7B1-033,TUBE-7B1-033,12,z_lift,z_axis,55.0,55.0,abs(delta_z) / z_nominal_speed_mm_s + z_accel_allowance_s,0.608,z_motion,Concept-level timing assumption.
manual_review_limited_capacity,TASK-7B1-034,TUBE-7B1-034,1,xy_move_at_safe_z,xy_axes,96.177,0.0,distance / xy_nominal_speed_mm_s + xy_accel_allowance_s,0.475,xy_motion,Concept-level timing assumption.
manual_review_limited_capacity,TASK-7B1-034,TUBE-7B1-034,2,z_descend,z_axis,45.0,45.0,abs(delta_z) / z_nominal_speed_mm_s + z_accel_allowance_s,0.525,z_motion,Concept-level timing assumption.
manual_review_limited_capacity,TASK-7B1-034,TUBE-7B1-034,3,gripper_action,gripper,0.0,0.0,grip_close_time_s,0.6,gripper_action,Concept-level timing assumption.
manual_review_limited_capacity,TASK-7B1-034,TUBE-7B1-034,4,z_lift,z_axis,45.0,45.0,abs(delta_z) / z_nominal_speed_mm_s + z_accel_allowance_s,0.525,z_motion,Concept-level timing assumption.
manual_review_limited_capacity,TASK-7B1-034,TUBE-7B1-034,5,xy_move_at_safe_z,xy_axes,115.974,0.0,distance / xy_nominal_speed_mm_s + xy_accel_allowance_s,0.531,xy_motion,Concept-level timing assumption.
manual_review_limited_capacity,TASK-7B1-034,TUBE-7B1-034,6,z_descend,z_axis,35.0,35.0,abs(delta_z) / z_nominal_speed_mm_s + z_accel_allowance_s,0.442,z_motion,Concept-level timing assumption.
manual_review_limited_capacity,TASK-7B1-034,TUBE-7B1-034,7,scan_wait,dwell,0.0,0.0,scan_wait_time_s,1.0,scan_wait,Concept-level timing assumption.
manual_review_limited_capacity,TASK-7B1-034,TUBE-7B1-034,8,z_lift,z_axis,35.0,35.0,abs(delta_z) / z_nominal_speed_mm_s + z_accel_allowance_s,0.442,z_motion,Concept-level timing assumption.
manual_review_limited_capacity,TASK-7B1-034,TUBE-7B1-034,9,xy_move_at_safe_z,xy_axes,205.548,0.0,distance / xy_nominal_speed_mm_s + xy_accel_allowance_s,0.787,xy_motion,Concept-level timing assumption.
manual_review_limited_capacity,TASK-7B1-034,TUBE-7B1-034,10,z_descend,z_axis,55.0,55.0,abs(delta_z) / z_nominal_speed_mm_s + z_accel_allowance_s,0.608,z_motion,Concept-level timing assumption.
manual_review_limited_capacity,TASK-7B1-034,TUBE-7B1-034,11,gripper_action,gripper,0.0,0.0,grip_open_time_s,0.5,gripper_action,Concept-level timing assumption.
manual_review_limited_capacity,TASK-7B1-034,TUBE-7B1-034,12,z_lift,z_axis,55.0,55.0,abs(delta_z) / z_nominal_speed_mm_s + z_accel_allowance_s,0.608,z_motion,Concept-level timing assumption.
manual_review_limited_capacity,TASK-7B1-035,TUBE-7B1-035,1,xy_move_at_safe_z,xy_axes,240.208,0.0,distance / xy_nominal_speed_mm_s + xy_accel_allowance_s,0.886,xy_motion,Concept-level timing assumption.
manual_review_limited_capacity,TASK-7B1-035,TUBE-7B1-035,2,z_descend,z_axis,45.0,45.0,abs(delta_z) / z_nominal_speed_mm_s + z_accel_allowance_s,0.525,z_motion,Concept-level timing assumption.
manual_review_limited_capacity,TASK-7B1-035,TUBE-7B1-035,3,gripper_action,gripper,0.0,0.0,grip_close_time_s,0.6,gripper_action,Concept-level timing assumption.
manual_review_limited_capacity,TASK-7B1-035,TUBE-7B1-035,4,z_lift,z_axis,45.0,45.0,abs(delta_z) / z_nominal_speed_mm_s + z_accel_allowance_s,0.525,z_motion,Concept-level timing assumption.
manual_review_limited_capacity,TASK-7B1-035,TUBE-7B1-035,5,xy_move_at_safe_z,xy_axes,241.868,0.0,distance / xy_nominal_speed_mm_s + xy_accel_allowance_s,0.891,xy_motion,Concept-level timing assumption.
manual_review_limited_capacity,TASK-7B1-035,TUBE-7B1-035,6,z_descend,z_axis,35.0,35.0,abs(delta_z) / z_nominal_speed_mm_s + z_accel_allowance_s,0.442,z_motion,Concept-level timing assumption.
manual_review_limited_capacity,TASK-7B1-035,TUBE-7B1-035,7,scan_wait,dwell,0.0,0.0,scan_wait_time_s,1.0,scan_wait,Concept-level timing assumption.
manual_review_limited_capacity,TASK-7B1-035,TUBE-7B1-035,8,z_lift,z_axis,35.0,35.0,abs(delta_z) / z_nominal_speed_mm_s + z_accel_allowance_s,0.442,z_motion,Concept-level timing assumption.
manual_review_limited_capacity,TASK-7B1-035,TUBE-7B1-035,9,xy_move_at_safe_z,xy_axes,355.317,0.0,distance / xy_nominal_speed_mm_s + xy_accel_allowance_s,1.215,xy_motion,Concept-level timing assumption.
manual_review_limited_capacity,TASK-7B1-035,TUBE-7B1-035,10,z_descend,z_axis,55.0,55.0,abs(delta_z) / z_nominal_speed_mm_s + z_accel_allowance_s,0.608,z_motion,Concept-level timing assumption.
manual_review_limited_capacity,TASK-7B1-035,TUBE-7B1-035,11,gripper_action,gripper,0.0,0.0,grip_open_time_s,0.5,gripper_action,Concept-level timing assumption.
manual_review_limited_capacity,TASK-7B1-035,TUBE-7B1-035,12,z_lift,z_axis,55.0,55.0,abs(delta_z) / z_nominal_speed_mm_s + z_accel_allowance_s,0.608,z_motion,Concept-level timing assumption.
manual_review_limited_capacity,TASK-7B1-036,TUBE-7B1-036,1,xy_move_at_safe_z,xy_axes,215.232,0.0,distance / xy_nominal_speed_mm_s + xy_accel_allowance_s,0.815,xy_motion,Concept-level timing assumption.
manual_review_limited_capacity,TASK-7B1-036,TUBE-7B1-036,2,z_descend,z_axis,45.0,45.0,abs(delta_z) / z_nominal_speed_mm_s + z_accel_allowance_s,0.525,z_motion,Concept-level timing assumption.
manual_review_limited_capacity,TASK-7B1-036,TUBE-7B1-036,3,gripper_action,gripper,0.0,0.0,grip_close_time_s,0.6,gripper_action,Concept-level timing assumption.
manual_review_limited_capacity,TASK-7B1-036,TUBE-7B1-036,4,z_lift,z_axis,45.0,45.0,abs(delta_z) / z_nominal_speed_mm_s + z_accel_allowance_s,0.525,z_motion,Concept-level timing assumption.
manual_review_limited_capacity,TASK-7B1-036,TUBE-7B1-036,5,xy_move_at_safe_z,xy_axes,217.083,0.0,distance / xy_nominal_speed_mm_s + xy_accel_allowance_s,0.82,xy_motion,Concept-level timing assumption.
manual_review_limited_capacity,TASK-7B1-036,TUBE-7B1-036,6,z_descend,z_axis,35.0,35.0,abs(delta_z) / z_nominal_speed_mm_s + z_accel_allowance_s,0.442,z_motion,Concept-level timing assumption.
manual_review_limited_capacity,TASK-7B1-036,TUBE-7B1-036,7,scan_wait,dwell,0.0,0.0,scan_wait_time_s,1.0,scan_wait,Concept-level timing assumption.
manual_review_limited_capacity,TASK-7B1-036,TUBE-7B1-036,8,z_lift,z_axis,35.0,35.0,abs(delta_z) / z_nominal_speed_mm_s + z_accel_allowance_s,0.442,z_motion,Concept-level timing assumption.
manual_review_limited_capacity,TASK-7B1-036,TUBE-7B1-036,9,xy_move_at_safe_z,xy_axes,283.064,0.0,distance / xy_nominal_speed_mm_s + xy_accel_allowance_s,1.009,xy_motion,Concept-level timing assumption.
manual_review_limited_capacity,TASK-7B1-036,TUBE-7B1-036,10,z_descend,z_axis,55.0,55.0,abs(delta_z) / z_nominal_speed_mm_s + z_accel_allowance_s,0.608,z_motion,Concept-level timing assumption.
manual_review_limited_capacity,TASK-7B1-036,TUBE-7B1-036,11,gripper_action,gripper,0.0,0.0,grip_open_time_s,0.5,gripper_action,Concept-level timing assumption.
manual_review_limited_capacity,TASK-7B1-036,TUBE-7B1-036,12,z_lift,z_axis,55.0,55.0,abs(delta_z) / z_nominal_speed_mm_s + z_accel_allowance_s,0.608,z_motion,Concept-level timing assumption.
manual_review_limited_capacity,TASK-7B1-037,TUBE-7B1-037,1,xy_move_at_safe_z,xy_axes,190.263,0.0,distance / xy_nominal_speed_mm_s + xy_accel_allowance_s,0.744,xy_motion,Concept-level timing assumption.
manual_review_limited_capacity,TASK-7B1-037,TUBE-7B1-037,2,z_descend,z_axis,45.0,45.0,abs(delta_z) / z_nominal_speed_mm_s + z_accel_allowance_s,0.525,z_motion,Concept-level timing assumption.
manual_review_limited_capacity,TASK-7B1-037,TUBE-7B1-037,3,gripper_action,gripper,0.0,0.0,grip_close_time_s,0.6,gripper_action,Concept-level timing assumption.
manual_review_limited_capacity,TASK-7B1-037,TUBE-7B1-037,4,z_lift,z_axis,45.0,45.0,abs(delta_z) / z_nominal_speed_mm_s + z_accel_allowance_s,0.525,z_motion,Concept-level timing assumption.
manual_review_limited_capacity,TASK-7B1-037,TUBE-7B1-037,5,xy_move_at_safe_z,xy_axes,192.354,0.0,distance / xy_nominal_speed_mm_s + xy_accel_allowance_s,0.75,xy_motion,Concept-level timing assumption.
manual_review_limited_capacity,TASK-7B1-037,TUBE-7B1-037,6,z_descend,z_axis,35.0,35.0,abs(delta_z) / z_nominal_speed_mm_s + z_accel_allowance_s,0.442,z_motion,Concept-level timing assumption.
manual_review_limited_capacity,TASK-7B1-037,TUBE-7B1-037,7,scan_wait,dwell,0.0,0.0,scan_wait_time_s,1.0,scan_wait,Concept-level timing assumption.
manual_review_limited_capacity,TASK-7B1-037,TUBE-7B1-037,8,z_lift,z_axis,35.0,35.0,abs(delta_z) / z_nominal_speed_mm_s + z_accel_allowance_s,0.442,z_motion,Concept-level timing assumption.
manual_review_limited_capacity,TASK-7B1-037,TUBE-7B1-037,9,xy_move_at_safe_z,xy_axes,414.276,0.0,distance / xy_nominal_speed_mm_s + xy_accel_allowance_s,1.384,xy_motion,Concept-level timing assumption.
manual_review_limited_capacity,TASK-7B1-037,TUBE-7B1-037,10,z_descend,z_axis,55.0,55.0,abs(delta_z) / z_nominal_speed_mm_s + z_accel_allowance_s,0.608,z_motion,Concept-level timing assumption.
manual_review_limited_capacity,TASK-7B1-037,TUBE-7B1-037,11,gripper_action,gripper,0.0,0.0,grip_open_time_s,0.5,gripper_action,Concept-level timing assumption.
manual_review_limited_capacity,TASK-7B1-037,TUBE-7B1-037,12,z_lift,z_axis,55.0,55.0,abs(delta_z) / z_nominal_speed_mm_s + z_accel_allowance_s,0.608,z_motion,Concept-level timing assumption.
manual_review_limited_capacity,TASK-7B1-038,TUBE-7B1-038,1,xy_move_at_safe_z,xy_axes,140.357,0.0,distance / xy_nominal_speed_mm_s + xy_accel_allowance_s,0.601,xy_motion,Concept-level timing assumption.
manual_review_limited_capacity,TASK-7B1-038,TUBE-7B1-038,2,z_descend,z_axis,45.0,45.0,abs(delta_z) / z_nominal_speed_mm_s + z_accel_allowance_s,0.525,z_motion,Concept-level timing assumption.
manual_review_limited_capacity,TASK-7B1-038,TUBE-7B1-038,3,gripper_action,gripper,0.0,0.0,grip_close_time_s,0.6,gripper_action,Concept-level timing assumption.
manual_review_limited_capacity,TASK-7B1-038,TUBE-7B1-038,4,z_lift,z_axis,45.0,45.0,abs(delta_z) / z_nominal_speed_mm_s + z_accel_allowance_s,0.525,z_motion,Concept-level timing assumption.
manual_review_limited_capacity,TASK-7B1-038,TUBE-7B1-038,5,xy_move_at_safe_z,xy_axes,143.178,0.0,distance / xy_nominal_speed_mm_s + xy_accel_allowance_s,0.609,xy_motion,Concept-level timing assumption.
manual_review_limited_capacity,TASK-7B1-038,TUBE-7B1-038,6,z_descend,z_axis,35.0,35.0,abs(delta_z) / z_nominal_speed_mm_s + z_accel_allowance_s,0.442,z_motion,Concept-level timing assumption.
manual_review_limited_capacity,TASK-7B1-038,TUBE-7B1-038,7,scan_wait,dwell,0.0,0.0,scan_wait_time_s,1.0,scan_wait,Concept-level timing assumption.
manual_review_limited_capacity,TASK-7B1-038,TUBE-7B1-038,8,z_lift,z_axis,35.0,35.0,abs(delta_z) / z_nominal_speed_mm_s + z_accel_allowance_s,0.442,z_motion,Concept-level timing assumption.
manual_review_limited_capacity,TASK-7B1-038,TUBE-7B1-038,9,xy_move_at_safe_z,xy_axes,230.489,0.0,distance / xy_nominal_speed_mm_s + xy_accel_allowance_s,0.859,xy_motion,Concept-level timing assumption.
manual_review_limited_capacity,TASK-7B1-038,TUBE-7B1-038,10,z_descend,z_axis,55.0,55.0,abs(delta_z) / z_nominal_speed_mm_s + z_accel_allowance_s,0.608,z_motion,Concept-level timing assumption.
manual_review_limited_capacity,TASK-7B1-038,TUBE-7B1-038,11,gripper_action,gripper,0.0,0.0,grip_open_time_s,0.5,gripper_action,Concept-level timing assumption.
manual_review_limited_capacity,TASK-7B1-038,TUBE-7B1-038,12,z_lift,z_axis,55.0,55.0,abs(delta_z) / z_nominal_speed_mm_s + z_accel_allowance_s,0.608,z_motion,Concept-level timing assumption.
manual_review_limited_capacity,TASK-7B1-039,TUBE-7B1-039,1,xy_move_at_safe_z,xy_axes,115.434,0.0,distance / xy_nominal_speed_mm_s + xy_accel_allowance_s,0.53,xy_motion,Concept-level timing assumption.
manual_review_limited_capacity,TASK-7B1-039,TUBE-7B1-039,2,z_descend,z_axis,45.0,45.0,abs(delta_z) / z_nominal_speed_mm_s + z_accel_allowance_s,0.525,z_motion,Concept-level timing assumption.
manual_review_limited_capacity,TASK-7B1-039,TUBE-7B1-039,3,gripper_action,gripper,0.0,0.0,grip_close_time_s,0.6,gripper_action,Concept-level timing assumption.
manual_review_limited_capacity,TASK-7B1-039,TUBE-7B1-039,4,z_lift,z_axis,45.0,45.0,abs(delta_z) / z_nominal_speed_mm_s + z_accel_allowance_s,0.525,z_motion,Concept-level timing assumption.
manual_review_limited_capacity,TASK-7B1-039,TUBE-7B1-039,5,xy_move_at_safe_z,xy_axes,118.849,0.0,distance / xy_nominal_speed_mm_s + xy_accel_allowance_s,0.54,xy_motion,Concept-level timing assumption.
manual_review_limited_capacity,TASK-7B1-039,TUBE-7B1-039,6,z_descend,z_axis,35.0,35.0,abs(delta_z) / z_nominal_speed_mm_s + z_accel_allowance_s,0.442,z_motion,Concept-level timing assumption.
manual_review_limited_capacity,TASK-7B1-039,TUBE-7B1-039,7,scan_wait,dwell,0.0,0.0,scan_wait_time_s,1.0,scan_wait,Concept-level timing assumption.
manual_review_limited_capacity,TASK-7B1-039,TUBE-7B1-039,8,z_lift,z_axis,35.0,35.0,abs(delta_z) / z_nominal_speed_mm_s + z_accel_allowance_s,0.442,z_motion,Concept-level timing assumption.
manual_review_limited_capacity,TASK-7B1-039,TUBE-7B1-039,9,xy_move_at_safe_z,xy_axes,380.296,0.0,distance / xy_nominal_speed_mm_s + xy_accel_allowance_s,1.287,xy_motion,Concept-level timing assumption.
manual_review_limited_capacity,TASK-7B1-039,TUBE-7B1-039,10,z_descend,z_axis,55.0,55.0,abs(delta_z) / z_nominal_speed_mm_s + z_accel_allowance_s,0.608,z_motion,Concept-level timing assumption.
manual_review_limited_capacity,TASK-7B1-039,TUBE-7B1-039,11,gripper_action,gripper,0.0,0.0,grip_open_time_s,0.5,gripper_action,Concept-level timing assumption.
manual_review_limited_capacity,TASK-7B1-039,TUBE-7B1-039,12,z_lift,z_axis,55.0,55.0,abs(delta_z) / z_nominal_speed_mm_s + z_accel_allowance_s,0.608,z_motion,Concept-level timing assumption.
manual_review_limited_capacity,TASK-7B1-040,TUBE-7B1-040,1,xy_move_at_safe_z,xy_axes,240.468,0.0,distance / xy_nominal_speed_mm_s + xy_accel_allowance_s,0.887,xy_motion,Concept-level timing assumption.
manual_review_limited_capacity,TASK-7B1-040,TUBE-7B1-040,2,z_descend,z_axis,45.0,45.0,abs(delta_z) / z_nominal_speed_mm_s + z_accel_allowance_s,0.525,z_motion,Concept-level timing assumption.
manual_review_limited_capacity,TASK-7B1-040,TUBE-7B1-040,3,gripper_action,gripper,0.0,0.0,grip_close_time_s,0.6,gripper_action,Concept-level timing assumption.
manual_review_limited_capacity,TASK-7B1-040,TUBE-7B1-040,4,z_lift,z_axis,45.0,45.0,abs(delta_z) / z_nominal_speed_mm_s + z_accel_allowance_s,0.525,z_motion,Concept-level timing assumption.
manual_review_limited_capacity,TASK-7B1-040,TUBE-7B1-040,5,xy_move_at_safe_z,xy_axes,240.052,0.0,distance / xy_nominal_speed_mm_s + xy_accel_allowance_s,0.886,xy_motion,Concept-level timing assumption.
manual_review_limited_capacity,TASK-7B1-040,TUBE-7B1-040,6,z_descend,z_axis,35.0,35.0,abs(delta_z) / z_nominal_speed_mm_s + z_accel_allowance_s,0.442,z_motion,Concept-level timing assumption.
manual_review_limited_capacity,TASK-7B1-040,TUBE-7B1-040,7,scan_wait,dwell,0.0,0.0,scan_wait_time_s,1.0,scan_wait,Concept-level timing assumption.
manual_review_limited_capacity,TASK-7B1-040,TUBE-7B1-040,8,z_lift,z_axis,35.0,35.0,abs(delta_z) / z_nominal_speed_mm_s + z_accel_allowance_s,0.442,z_motion,Concept-level timing assumption.
manual_review_limited_capacity,TASK-7B1-040,TUBE-7B1-040,9,xy_move_at_safe_z,xy_axes,303.727,0.0,distance / xy_nominal_speed_mm_s + xy_accel_allowance_s,1.068,xy_motion,Concept-level timing assumption.
manual_review_limited_capacity,TASK-7B1-040,TUBE-7B1-040,10,z_descend,z_axis,55.0,55.0,abs(delta_z) / z_nominal_speed_mm_s + z_accel_allowance_s,0.608,z_motion,Concept-level timing assumption.
manual_review_limited_capacity,TASK-7B1-040,TUBE-7B1-040,11,gripper_action,gripper,0.0,0.0,grip_open_time_s,0.5,gripper_action,Concept-level timing assumption.
manual_review_limited_capacity,TASK-7B1-040,TUBE-7B1-040,12,z_lift,z_axis,55.0,55.0,abs(delta_z) / z_nominal_speed_mm_s + z_accel_allowance_s,0.608,z_motion,Concept-level timing assumption.
manual_review_limited_capacity,TASK-7B1-041,TUBE-7B1-041,1,xy_move_at_safe_z,xy_axes,190.591,0.0,distance / xy_nominal_speed_mm_s + xy_accel_allowance_s,0.745,xy_motion,Concept-level timing assumption.
manual_review_limited_capacity,TASK-7B1-041,TUBE-7B1-041,2,z_descend,z_axis,45.0,45.0,abs(delta_z) / z_nominal_speed_mm_s + z_accel_allowance_s,0.525,z_motion,Concept-level timing assumption.
manual_review_limited_capacity,TASK-7B1-041,TUBE-7B1-041,3,gripper_action,gripper,0.0,0.0,grip_close_time_s,0.6,gripper_action,Concept-level timing assumption.
manual_review_limited_capacity,TASK-7B1-041,TUBE-7B1-041,4,z_lift,z_axis,45.0,45.0,abs(delta_z) / z_nominal_speed_mm_s + z_accel_allowance_s,0.525,z_motion,Concept-level timing assumption.
manual_review_limited_capacity,TASK-7B1-041,TUBE-7B1-041,5,xy_move_at_safe_z,xy_axes,190.066,0.0,distance / xy_nominal_speed_mm_s + xy_accel_allowance_s,0.743,xy_motion,Concept-level timing assumption.
manual_review_limited_capacity,TASK-7B1-041,TUBE-7B1-041,6,z_descend,z_axis,35.0,35.0,abs(delta_z) / z_nominal_speed_mm_s + z_accel_allowance_s,0.442,z_motion,Concept-level timing assumption.
manual_review_limited_capacity,TASK-7B1-041,TUBE-7B1-041,7,scan_wait,dwell,0.0,0.0,scan_wait_time_s,1.0,scan_wait,Concept-level timing assumption.
manual_review_limited_capacity,TASK-7B1-041,TUBE-7B1-041,8,z_lift,z_axis,35.0,35.0,abs(delta_z) / z_nominal_speed_mm_s + z_accel_allowance_s,0.442,z_motion,Concept-level timing assumption.
manual_review_limited_capacity,TASK-7B1-041,TUBE-7B1-041,9,xy_move_at_safe_z,xy_axes,437.321,0.0,distance / xy_nominal_speed_mm_s + xy_accel_allowance_s,1.449,xy_motion,Concept-level timing assumption.
manual_review_limited_capacity,TASK-7B1-041,TUBE-7B1-041,10,z_descend,z_axis,55.0,55.0,abs(delta_z) / z_nominal_speed_mm_s + z_accel_allowance_s,0.608,z_motion,Concept-level timing assumption.
manual_review_limited_capacity,TASK-7B1-041,TUBE-7B1-041,11,gripper_action,gripper,0.0,0.0,grip_open_time_s,0.5,gripper_action,Concept-level timing assumption.
manual_review_limited_capacity,TASK-7B1-041,TUBE-7B1-041,12,z_lift,z_axis,55.0,55.0,abs(delta_z) / z_nominal_speed_mm_s + z_accel_allowance_s,0.608,z_motion,Concept-level timing assumption.
manual_review_limited_capacity,TASK-7B1-042,TUBE-7B1-042,1,xy_move_at_safe_z,xy_axes,165.68,0.0,distance / xy_nominal_speed_mm_s + xy_accel_allowance_s,0.673,xy_motion,Concept-level timing assumption.
manual_review_limited_capacity,TASK-7B1-042,TUBE-7B1-042,2,z_descend,z_axis,45.0,45.0,abs(delta_z) / z_nominal_speed_mm_s + z_accel_allowance_s,0.525,z_motion,Concept-level timing assumption.
manual_review_limited_capacity,TASK-7B1-042,TUBE-7B1-042,3,gripper_action,gripper,0.0,0.0,grip_close_time_s,0.6,gripper_action,Concept-level timing assumption.
manual_review_limited_capacity,TASK-7B1-042,TUBE-7B1-042,4,z_lift,z_axis,45.0,45.0,abs(delta_z) / z_nominal_speed_mm_s + z_accel_allowance_s,0.525,z_motion,Concept-level timing assumption.
manual_review_limited_capacity,TASK-7B1-042,TUBE-7B1-042,5,xy_move_at_safe_z,xy_axes,165.076,0.0,distance / xy_nominal_speed_mm_s + xy_accel_allowance_s,0.672,xy_motion,Concept-level timing assumption.
manual_review_limited_capacity,TASK-7B1-042,TUBE-7B1-042,6,z_descend,z_axis,35.0,35.0,abs(delta_z) / z_nominal_speed_mm_s + z_accel_allowance_s,0.442,z_motion,Concept-level timing assumption.
manual_review_limited_capacity,TASK-7B1-042,TUBE-7B1-042,7,scan_wait,dwell,0.0,0.0,scan_wait_time_s,1.0,scan_wait,Concept-level timing assumption.
manual_review_limited_capacity,TASK-7B1-042,TUBE-7B1-042,8,z_lift,z_axis,35.0,35.0,abs(delta_z) / z_nominal_speed_mm_s + z_accel_allowance_s,0.442,z_motion,Concept-level timing assumption.
manual_review_limited_capacity,TASK-7B1-042,TUBE-7B1-042,9,xy_move_at_safe_z,xy_axes,255.441,0.0,distance / xy_nominal_speed_mm_s + xy_accel_allowance_s,0.93,xy_motion,Concept-level timing assumption.
manual_review_limited_capacity,TASK-7B1-042,TUBE-7B1-042,10,z_descend,z_axis,55.0,55.0,abs(delta_z) / z_nominal_speed_mm_s + z_accel_allowance_s,0.608,z_motion,Concept-level timing assumption.
manual_review_limited_capacity,TASK-7B1-042,TUBE-7B1-042,11,gripper_action,gripper,0.0,0.0,grip_open_time_s,0.5,gripper_action,Concept-level timing assumption.
manual_review_limited_capacity,TASK-7B1-042,TUBE-7B1-042,12,z_lift,z_axis,55.0,55.0,abs(delta_z) / z_nominal_speed_mm_s + z_accel_allowance_s,0.608,z_motion,Concept-level timing assumption.
manual_review_limited_capacity,TASK-7B1-043,TUBE-7B1-043,1,xy_move_at_safe_z,xy_axes,140.801,0.0,distance / xy_nominal_speed_mm_s + xy_accel_allowance_s,0.602,xy_motion,Concept-level timing assumption.
manual_review_limited_capacity,TASK-7B1-043,TUBE-7B1-043,2,z_descend,z_axis,45.0,45.0,abs(delta_z) / z_nominal_speed_mm_s + z_accel_allowance_s,0.525,z_motion,Concept-level timing assumption.
manual_review_limited_capacity,TASK-7B1-043,TUBE-7B1-043,3,gripper_action,gripper,0.0,0.0,grip_close_time_s,0.6,gripper_action,Concept-level timing assumption.
manual_review_limited_capacity,TASK-7B1-043,TUBE-7B1-043,4,z_lift,z_axis,45.0,45.0,abs(delta_z) / z_nominal_speed_mm_s + z_accel_allowance_s,0.525,z_motion,Concept-level timing assumption.
manual_review_limited_capacity,TASK-7B1-043,TUBE-7B1-043,5,xy_move_at_safe_z,xy_axes,140.089,0.0,distance / xy_nominal_speed_mm_s + xy_accel_allowance_s,0.6,xy_motion,Concept-level timing assumption.
manual_review_limited_capacity,TASK-7B1-043,TUBE-7B1-043,6,z_descend,z_axis,35.0,35.0,abs(delta_z) / z_nominal_speed_mm_s + z_accel_allowance_s,0.442,z_motion,Concept-level timing assumption.
manual_review_limited_capacity,TASK-7B1-043,TUBE-7B1-043,7,scan_wait,dwell,0.0,0.0,scan_wait_time_s,1.0,scan_wait,Concept-level timing assumption.
manual_review_limited_capacity,TASK-7B1-043,TUBE-7B1-043,8,z_lift,z_axis,35.0,35.0,abs(delta_z) / z_nominal_speed_mm_s + z_accel_allowance_s,0.442,z_motion,Concept-level timing assumption.
manual_review_limited_capacity,TASK-7B1-043,TUBE-7B1-043,9,xy_move_at_safe_z,xy_axes,405.278,0.0,distance / xy_nominal_speed_mm_s + xy_accel_allowance_s,1.358,xy_motion,Concept-level timing assumption.
manual_review_limited_capacity,TASK-7B1-043,TUBE-7B1-043,10,z_descend,z_axis,55.0,55.0,abs(delta_z) / z_nominal_speed_mm_s + z_accel_allowance_s,0.608,z_motion,Concept-level timing assumption.
manual_review_limited_capacity,TASK-7B1-043,TUBE-7B1-043,11,gripper_action,gripper,0.0,0.0,grip_open_time_s,0.5,gripper_action,Concept-level timing assumption.
manual_review_limited_capacity,TASK-7B1-043,TUBE-7B1-043,12,z_lift,z_axis,55.0,55.0,abs(delta_z) / z_nominal_speed_mm_s + z_accel_allowance_s,0.608,z_motion,Concept-level timing assumption.
manual_review_limited_capacity,TASK-7B1-045,TUBE-7B1-045,1,xy_move_at_safe_z,xy_axes,218.689,0.0,distance / xy_nominal_speed_mm_s + xy_accel_allowance_s,0.825,xy_motion,Concept-level timing assumption.
manual_review_limited_capacity,TASK-7B1-045,TUBE-7B1-045,2,z_descend,z_axis,45.0,45.0,abs(delta_z) / z_nominal_speed_mm_s + z_accel_allowance_s,0.525,z_motion,Concept-level timing assumption.
manual_review_limited_capacity,TASK-7B1-045,TUBE-7B1-045,3,gripper_action,gripper,0.0,0.0,grip_close_time_s,0.6,gripper_action,Concept-level timing assumption.
manual_review_limited_capacity,TASK-7B1-045,TUBE-7B1-045,4,z_lift,z_axis,45.0,45.0,abs(delta_z) / z_nominal_speed_mm_s + z_accel_allowance_s,0.525,z_motion,Concept-level timing assumption.
manual_review_limited_capacity,TASK-7B1-045,TUBE-7B1-045,5,xy_move_at_safe_z,xy_axes,215.928,0.0,distance / xy_nominal_speed_mm_s + xy_accel_allowance_s,0.817,xy_motion,Concept-level timing assumption.
manual_review_limited_capacity,TASK-7B1-045,TUBE-7B1-045,6,z_descend,z_axis,35.0,35.0,abs(delta_z) / z_nominal_speed_mm_s + z_accel_allowance_s,0.442,z_motion,Concept-level timing assumption.
manual_review_limited_capacity,TASK-7B1-045,TUBE-7B1-045,7,scan_wait,dwell,0.0,0.0,scan_wait_time_s,1.0,scan_wait,Concept-level timing assumption.
manual_review_limited_capacity,TASK-7B1-045,TUBE-7B1-045,8,z_lift,z_axis,35.0,35.0,abs(delta_z) / z_nominal_speed_mm_s + z_accel_allowance_s,0.442,z_motion,Concept-level timing assumption.
manual_review_limited_capacity,TASK-7B1-045,TUBE-7B1-045,9,xy_move_at_safe_z,xy_axes,325.0,0.0,distance / xy_nominal_speed_mm_s + xy_accel_allowance_s,1.129,xy_motion,Concept-level timing assumption.
manual_review_limited_capacity,TASK-7B1-045,TUBE-7B1-045,10,z_descend,z_axis,55.0,55.0,abs(delta_z) / z_nominal_speed_mm_s + z_accel_allowance_s,0.608,z_motion,Concept-level timing assumption.
manual_review_limited_capacity,TASK-7B1-045,TUBE-7B1-045,11,gripper_action,gripper,0.0,0.0,grip_open_time_s,0.5,gripper_action,Concept-level timing assumption.
manual_review_limited_capacity,TASK-7B1-045,TUBE-7B1-045,12,z_lift,z_axis,55.0,55.0,abs(delta_z) / z_nominal_speed_mm_s + z_accel_allowance_s,0.608,z_motion,Concept-level timing assumption.
manual_review_limited_capacity,TASK-7B1-046,TUBE-7B1-046,1,xy_move_at_safe_z,xy_axes,194.165,0.0,distance / xy_nominal_speed_mm_s + xy_accel_allowance_s,0.755,xy_motion,Concept-level timing assumption.
manual_review_limited_capacity,TASK-7B1-046,TUBE-7B1-046,2,z_descend,z_axis,45.0,45.0,abs(delta_z) / z_nominal_speed_mm_s + z_accel_allowance_s,0.525,z_motion,Concept-level timing assumption.
manual_review_limited_capacity,TASK-7B1-046,TUBE-7B1-046,3,gripper_action,gripper,0.0,0.0,grip_close_time_s,0.6,gripper_action,Concept-level timing assumption.
manual_review_limited_capacity,TASK-7B1-046,TUBE-7B1-046,4,z_lift,z_axis,45.0,45.0,abs(delta_z) / z_nominal_speed_mm_s + z_accel_allowance_s,0.525,z_motion,Concept-level timing assumption.
manual_review_limited_capacity,TASK-7B1-046,TUBE-7B1-046,5,xy_move_at_safe_z,xy_axes,191.05,0.0,distance / xy_nominal_speed_mm_s + xy_accel_allowance_s,0.746,xy_motion,Concept-level timing assumption.
manual_review_limited_capacity,TASK-7B1-046,TUBE-7B1-046,6,z_descend,z_axis,35.0,35.0,abs(delta_z) / z_nominal_speed_mm_s + z_accel_allowance_s,0.442,z_motion,Concept-level timing assumption.
manual_review_limited_capacity,TASK-7B1-046,TUBE-7B1-046,7,scan_wait,dwell,0.0,0.0,scan_wait_time_s,1.0,scan_wait,Concept-level timing assumption.
manual_review_limited_capacity,TASK-7B1-046,TUBE-7B1-046,8,z_lift,z_axis,35.0,35.0,abs(delta_z) / z_nominal_speed_mm_s + z_accel_allowance_s,0.442,z_motion,Concept-level timing assumption.
manual_review_limited_capacity,TASK-7B1-046,TUBE-7B1-046,9,xy_move_at_safe_z,xy_axes,460.57,0.0,distance / xy_nominal_speed_mm_s + xy_accel_allowance_s,1.516,xy_motion,Concept-level timing assumption.
manual_review_limited_capacity,TASK-7B1-046,TUBE-7B1-046,10,z_descend,z_axis,55.0,55.0,abs(delta_z) / z_nominal_speed_mm_s + z_accel_allowance_s,0.608,z_motion,Concept-level timing assumption.
manual_review_limited_capacity,TASK-7B1-046,TUBE-7B1-046,11,gripper_action,gripper,0.0,0.0,grip_open_time_s,0.5,gripper_action,Concept-level timing assumption.
manual_review_limited_capacity,TASK-7B1-046,TUBE-7B1-046,12,z_lift,z_axis,55.0,55.0,abs(delta_z) / z_nominal_speed_mm_s + z_accel_allowance_s,0.608,z_motion,Concept-level timing assumption.
manual_review_limited_capacity,TASK-7B1-047,TUBE-7B1-047,1,xy_move_at_safe_z,xy_axes,145.602,0.0,distance / xy_nominal_speed_mm_s + xy_accel_allowance_s,0.616,xy_motion,Concept-level timing assumption.
manual_review_limited_capacity,TASK-7B1-047,TUBE-7B1-047,2,z_descend,z_axis,45.0,45.0,abs(delta_z) / z_nominal_speed_mm_s + z_accel_allowance_s,0.525,z_motion,Concept-level timing assumption.
manual_review_limited_capacity,TASK-7B1-047,TUBE-7B1-047,3,gripper_action,gripper,0.0,0.0,grip_close_time_s,0.6,gripper_action,Concept-level timing assumption.
manual_review_limited_capacity,TASK-7B1-047,TUBE-7B1-047,4,z_lift,z_axis,45.0,45.0,abs(delta_z) / z_nominal_speed_mm_s + z_accel_allowance_s,0.525,z_motion,Concept-level timing assumption.
manual_review_limited_capacity,TASK-7B1-047,TUBE-7B1-047,5,xy_move_at_safe_z,xy_axes,141.421,0.0,distance / xy_nominal_speed_mm_s + xy_accel_allowance_s,0.604,xy_motion,Concept-level timing assumption.
manual_review_limited_capacity,TASK-7B1-047,TUBE-7B1-047,6,z_descend,z_axis,35.0,35.0,abs(delta_z) / z_nominal_speed_mm_s + z_accel_allowance_s,0.442,z_motion,Concept-level timing assumption.
manual_review_limited_capacity,TASK-7B1-047,TUBE-7B1-047,7,scan_wait,dwell,0.0,0.0,scan_wait_time_s,1.0,scan_wait,Concept-level timing assumption.
manual_review_limited_capacity,TASK-7B1-047,TUBE-7B1-047,8,z_lift,z_axis,35.0,35.0,abs(delta_z) / z_nominal_speed_mm_s + z_accel_allowance_s,0.442,z_motion,Concept-level timing assumption.
manual_review_limited_capacity,TASK-7B1-047,TUBE-7B1-047,9,xy_move_at_safe_z,xy_axes,280.401,0.0,distance / xy_nominal_speed_mm_s + xy_accel_allowance_s,1.001,xy_motion,Concept-level timing assumption.
manual_review_limited_capacity,TASK-7B1-047,TUBE-7B1-047,10,z_descend,z_axis,55.0,55.0,abs(delta_z) / z_nominal_speed_mm_s + z_accel_allowance_s,0.608,z_motion,Concept-level timing assumption.
manual_review_limited_capacity,TASK-7B1-047,TUBE-7B1-047,11,gripper_action,gripper,0.0,0.0,grip_open_time_s,0.5,gripper_action,Concept-level timing assumption.
manual_review_limited_capacity,TASK-7B1-047,TUBE-7B1-047,12,z_lift,z_axis,55.0,55.0,abs(delta_z) / z_nominal_speed_mm_s + z_accel_allowance_s,0.608,z_motion,Concept-level timing assumption.
manual_review_limited_capacity,TASK-7B1-048,TUBE-7B1-048,1,xy_move_at_safe_z,xy_axes,121.758,0.0,distance / xy_nominal_speed_mm_s + xy_accel_allowance_s,0.548,xy_motion,Concept-level timing assumption.
manual_review_limited_capacity,TASK-7B1-048,TUBE-7B1-048,2,z_descend,z_axis,45.0,45.0,abs(delta_z) / z_nominal_speed_mm_s + z_accel_allowance_s,0.525,z_motion,Concept-level timing assumption.
manual_review_limited_capacity,TASK-7B1-048,TUBE-7B1-048,3,gripper_action,gripper,0.0,0.0,grip_close_time_s,0.6,gripper_action,Concept-level timing assumption.
manual_review_limited_capacity,TASK-7B1-048,TUBE-7B1-048,4,z_lift,z_axis,45.0,45.0,abs(delta_z) / z_nominal_speed_mm_s + z_accel_allowance_s,0.525,z_motion,Concept-level timing assumption.
manual_review_limited_capacity,TASK-7B1-048,TUBE-7B1-048,5,xy_move_at_safe_z,xy_axes,116.726,0.0,distance / xy_nominal_speed_mm_s + xy_accel_allowance_s,0.534,xy_motion,Concept-level timing assumption.
manual_review_limited_capacity,TASK-7B1-048,TUBE-7B1-048,6,z_descend,z_axis,35.0,35.0,abs(delta_z) / z_nominal_speed_mm_s + z_accel_allowance_s,0.442,z_motion,Concept-level timing assumption.
manual_review_limited_capacity,TASK-7B1-048,TUBE-7B1-048,7,scan_wait,dwell,0.0,0.0,scan_wait_time_s,1.0,scan_wait,Concept-level timing assumption.
manual_review_limited_capacity,TASK-7B1-048,TUBE-7B1-048,8,z_lift,z_axis,35.0,35.0,abs(delta_z) / z_nominal_speed_mm_s + z_accel_allowance_s,0.442,z_motion,Concept-level timing assumption.
manual_review_limited_capacity,TASK-7B1-048,TUBE-7B1-048,9,xy_move_at_safe_z,xy_axes,430.262,0.0,distance / xy_nominal_speed_mm_s + xy_accel_allowance_s,1.429,xy_motion,Concept-level timing assumption.
manual_review_limited_capacity,TASK-7B1-048,TUBE-7B1-048,10,z_descend,z_axis,55.0,55.0,abs(delta_z) / z_nominal_speed_mm_s + z_accel_allowance_s,0.608,z_motion,Concept-level timing assumption.
manual_review_limited_capacity,TASK-7B1-048,TUBE-7B1-048,11,gripper_action,gripper,0.0,0.0,grip_open_time_s,0.5,gripper_action,Concept-level timing assumption.
manual_review_limited_capacity,TASK-7B1-048,TUBE-7B1-048,12,z_lift,z_axis,55.0,55.0,abs(delta_z) / z_nominal_speed_mm_s + z_accel_allowance_s,0.608,z_motion,Concept-level timing assumption.
manual_review_limited_capacity,TASK-7B1-049,TUBE-7B1-049,1,xy_move_at_safe_z,xy_axes,248.646,0.0,distance / xy_nominal_speed_mm_s + xy_accel_allowance_s,0.91,xy_motion,Concept-level timing assumption.
manual_review_limited_capacity,TASK-7B1-049,TUBE-7B1-049,2,z_descend,z_axis,45.0,45.0,abs(delta_z) / z_nominal_speed_mm_s + z_accel_allowance_s,0.525,z_motion,Concept-level timing assumption.
manual_review_limited_capacity,TASK-7B1-049,TUBE-7B1-049,3,gripper_action,gripper,0.0,0.0,grip_close_time_s,0.6,gripper_action,Concept-level timing assumption.
manual_review_limited_capacity,TASK-7B1-049,TUBE-7B1-049,4,z_lift,z_axis,45.0,45.0,abs(delta_z) / z_nominal_speed_mm_s + z_accel_allowance_s,0.525,z_motion,Concept-level timing assumption.
manual_review_limited_capacity,TASK-7B1-049,TUBE-7B1-049,5,xy_move_at_safe_z,xy_axes,244.182,0.0,distance / xy_nominal_speed_mm_s + xy_accel_allowance_s,0.898,xy_motion,Concept-level timing assumption.
manual_review_limited_capacity,TASK-7B1-049,TUBE-7B1-049,6,z_descend,z_axis,35.0,35.0,abs(delta_z) / z_nominal_speed_mm_s + z_accel_allowance_s,0.442,z_motion,Concept-level timing assumption.
manual_review_limited_capacity,TASK-7B1-049,TUBE-7B1-049,7,scan_wait,dwell,0.0,0.0,scan_wait_time_s,1.0,scan_wait,Concept-level timing assumption.
manual_review_limited_capacity,TASK-7B1-049,TUBE-7B1-049,8,z_lift,z_axis,35.0,35.0,abs(delta_z) / z_nominal_speed_mm_s + z_accel_allowance_s,0.442,z_motion,Concept-level timing assumption.
manual_review_limited_capacity,TASK-7B1-049,TUBE-7B1-049,9,xy_move_at_safe_z,xy_axes,346.771,0.0,distance / xy_nominal_speed_mm_s + xy_accel_allowance_s,1.191,xy_motion,Concept-level timing assumption.
manual_review_limited_capacity,TASK-7B1-049,TUBE-7B1-049,10,z_descend,z_axis,55.0,55.0,abs(delta_z) / z_nominal_speed_mm_s + z_accel_allowance_s,0.608,z_motion,Concept-level timing assumption.
manual_review_limited_capacity,TASK-7B1-049,TUBE-7B1-049,11,gripper_action,gripper,0.0,0.0,grip_open_time_s,0.5,gripper_action,Concept-level timing assumption.
manual_review_limited_capacity,TASK-7B1-049,TUBE-7B1-049,12,z_lift,z_axis,55.0,55.0,abs(delta_z) / z_nominal_speed_mm_s + z_accel_allowance_s,0.608,z_motion,Concept-level timing assumption.
manual_review_limited_capacity,TASK-7B1-050,TUBE-7B1-050,1,xy_move_at_safe_z,xy_axes,200.811,0.0,distance / xy_nominal_speed_mm_s + xy_accel_allowance_s,0.774,xy_motion,Concept-level timing assumption.
manual_review_limited_capacity,TASK-7B1-050,TUBE-7B1-050,2,z_descend,z_axis,45.0,45.0,abs(delta_z) / z_nominal_speed_mm_s + z_accel_allowance_s,0.525,z_motion,Concept-level timing assumption.
manual_review_limited_capacity,TASK-7B1-050,TUBE-7B1-050,3,gripper_action,gripper,0.0,0.0,grip_close_time_s,0.6,gripper_action,Concept-level timing assumption.
manual_review_limited_capacity,TASK-7B1-050,TUBE-7B1-050,4,z_lift,z_axis,45.0,45.0,abs(delta_z) / z_nominal_speed_mm_s + z_accel_allowance_s,0.525,z_motion,Concept-level timing assumption.
manual_review_limited_capacity,TASK-7B1-050,TUBE-7B1-050,5,xy_move_at_safe_z,xy_axes,195.256,0.0,distance / xy_nominal_speed_mm_s + xy_accel_allowance_s,0.758,xy_motion,Concept-level timing assumption.
manual_review_limited_capacity,TASK-7B1-050,TUBE-7B1-050,6,z_descend,z_axis,35.0,35.0,abs(delta_z) / z_nominal_speed_mm_s + z_accel_allowance_s,0.442,z_motion,Concept-level timing assumption.
manual_review_limited_capacity,TASK-7B1-050,TUBE-7B1-050,7,scan_wait,dwell,0.0,0.0,scan_wait_time_s,1.0,scan_wait,Concept-level timing assumption.
manual_review_limited_capacity,TASK-7B1-050,TUBE-7B1-050,8,z_lift,z_axis,35.0,35.0,abs(delta_z) / z_nominal_speed_mm_s + z_accel_allowance_s,0.442,z_motion,Concept-level timing assumption.
manual_review_limited_capacity,TASK-7B1-050,TUBE-7B1-050,9,xy_move_at_safe_z,xy_axes,483.994,0.0,distance / xy_nominal_speed_mm_s + xy_accel_allowance_s,1.583,xy_motion,Concept-level timing assumption.
manual_review_limited_capacity,TASK-7B1-050,TUBE-7B1-050,10,z_descend,z_axis,55.0,55.0,abs(delta_z) / z_nominal_speed_mm_s + z_accel_allowance_s,0.608,z_motion,Concept-level timing assumption.
manual_review_limited_capacity,TASK-7B1-050,TUBE-7B1-050,11,gripper_action,gripper,0.0,0.0,grip_open_time_s,0.5,gripper_action,Concept-level timing assumption.
manual_review_limited_capacity,TASK-7B1-050,TUBE-7B1-050,12,z_lift,z_axis,55.0,55.0,abs(delta_z) / z_nominal_speed_mm_s + z_accel_allowance_s,0.608,z_motion,Concept-level timing assumption.
manual_review_limited_capacity,TASK-7B1-051,TUBE-7B1-051,1,xy_move_at_safe_z,xy_axes,177.341,0.0,distance / xy_nominal_speed_mm_s + xy_accel_allowance_s,0.707,xy_motion,Concept-level timing assumption.
manual_review_limited_capacity,TASK-7B1-051,TUBE-7B1-051,2,z_descend,z_axis,45.0,45.0,abs(delta_z) / z_nominal_speed_mm_s + z_accel_allowance_s,0.525,z_motion,Concept-level timing assumption.
manual_review_limited_capacity,TASK-7B1-051,TUBE-7B1-051,3,gripper_action,gripper,0.0,0.0,grip_close_time_s,0.6,gripper_action,Concept-level timing assumption.
manual_review_limited_capacity,TASK-7B1-051,TUBE-7B1-051,4,z_lift,z_axis,45.0,45.0,abs(delta_z) / z_nominal_speed_mm_s + z_accel_allowance_s,0.525,z_motion,Concept-level timing assumption.
manual_review_limited_capacity,TASK-7B1-051,TUBE-7B1-051,5,xy_move_at_safe_z,xy_axes,171.026,0.0,distance / xy_nominal_speed_mm_s + xy_accel_allowance_s,0.689,xy_motion,Concept-level timing assumption.
manual_review_limited_capacity,TASK-7B1-051,TUBE-7B1-051,6,z_descend,z_axis,35.0,35.0,abs(delta_z) / z_nominal_speed_mm_s + z_accel_allowance_s,0.442,z_motion,Concept-level timing assumption.
manual_review_limited_capacity,TASK-7B1-051,TUBE-7B1-051,7,scan_wait,dwell,0.0,0.0,scan_wait_time_s,1.0,scan_wait,Concept-level timing assumption.
manual_review_limited_capacity,TASK-7B1-051,TUBE-7B1-051,8,z_lift,z_axis,35.0,35.0,abs(delta_z) / z_nominal_speed_mm_s + z_accel_allowance_s,0.442,z_motion,Concept-level timing assumption.
manual_review_limited_capacity,TASK-7B1-051,TUBE-7B1-051,9,xy_move_at_safe_z,xy_axes,305.369,0.0,distance / xy_nominal_speed_mm_s + xy_accel_allowance_s,1.072,xy_motion,Concept-level timing assumption.
manual_review_limited_capacity,TASK-7B1-051,TUBE-7B1-051,10,z_descend,z_axis,55.0,55.0,abs(delta_z) / z_nominal_speed_mm_s + z_accel_allowance_s,0.608,z_motion,Concept-level timing assumption.
manual_review_limited_capacity,TASK-7B1-051,TUBE-7B1-051,11,gripper_action,gripper,0.0,0.0,grip_open_time_s,0.5,gripper_action,Concept-level timing assumption.
manual_review_limited_capacity,TASK-7B1-051,TUBE-7B1-051,12,z_lift,z_axis,55.0,55.0,abs(delta_z) / z_nominal_speed_mm_s + z_accel_allowance_s,0.608,z_motion,Concept-level timing assumption.
manual_review_limited_capacity,TASK-7B1-052,TUBE-7B1-052,1,xy_move_at_safe_z,xy_axes,154.353,0.0,distance / xy_nominal_speed_mm_s + xy_accel_allowance_s,0.641,xy_motion,Concept-level timing assumption.
manual_review_limited_capacity,TASK-7B1-052,TUBE-7B1-052,2,z_descend,z_axis,45.0,45.0,abs(delta_z) / z_nominal_speed_mm_s + z_accel_allowance_s,0.525,z_motion,Concept-level timing assumption.
manual_review_limited_capacity,TASK-7B1-052,TUBE-7B1-052,3,gripper_action,gripper,0.0,0.0,grip_close_time_s,0.6,gripper_action,Concept-level timing assumption.
manual_review_limited_capacity,TASK-7B1-052,TUBE-7B1-052,4,z_lift,z_axis,45.0,45.0,abs(delta_z) / z_nominal_speed_mm_s + z_accel_allowance_s,0.525,z_motion,Concept-level timing assumption.
manual_review_limited_capacity,TASK-7B1-052,TUBE-7B1-052,5,xy_move_at_safe_z,xy_axes,147.054,0.0,distance / xy_nominal_speed_mm_s + xy_accel_allowance_s,0.62,xy_motion,Concept-level timing assumption.
manual_review_limited_capacity,TASK-7B1-052,TUBE-7B1-052,6,z_descend,z_axis,35.0,35.0,abs(delta_z) / z_nominal_speed_mm_s + z_accel_allowance_s,0.442,z_motion,Concept-level timing assumption.
manual_review_limited_capacity,TASK-7B1-052,TUBE-7B1-052,7,scan_wait,dwell,0.0,0.0,scan_wait_time_s,1.0,scan_wait,Concept-level timing assumption.
manual_review_limited_capacity,TASK-7B1-052,TUBE-7B1-052,8,z_lift,z_axis,35.0,35.0,abs(delta_z) / z_nominal_speed_mm_s + z_accel_allowance_s,0.442,z_motion,Concept-level timing assumption.
manual_review_limited_capacity,TASK-7B1-052,TUBE-7B1-052,9,xy_move_at_safe_z,xy_axes,455.247,0.0,distance / xy_nominal_speed_mm_s + xy_accel_allowance_s,1.501,xy_motion,Concept-level timing assumption.
manual_review_limited_capacity,TASK-7B1-052,TUBE-7B1-052,10,z_descend,z_axis,55.0,55.0,abs(delta_z) / z_nominal_speed_mm_s + z_accel_allowance_s,0.608,z_motion,Concept-level timing assumption.
manual_review_limited_capacity,TASK-7B1-052,TUBE-7B1-052,11,gripper_action,gripper,0.0,0.0,grip_open_time_s,0.5,gripper_action,Concept-level timing assumption.
manual_review_limited_capacity,TASK-7B1-052,TUBE-7B1-052,12,z_lift,z_axis,55.0,55.0,abs(delta_z) / z_nominal_speed_mm_s + z_accel_allowance_s,0.608,z_motion,Concept-level timing assumption.
manual_review_limited_capacity,TASK-7B1-053,TUBE-7B1-053,1,xy_move_at_safe_z,xy_axes,36.401,0.0,distance / xy_nominal_speed_mm_s + xy_accel_allowance_s,0.304,xy_motion,Concept-level timing assumption.
manual_review_limited_capacity,TASK-7B1-053,TUBE-7B1-053,2,z_descend,z_axis,45.0,45.0,abs(delta_z) / z_nominal_speed_mm_s + z_accel_allowance_s,0.525,z_motion,Concept-level timing assumption.
manual_review_limited_capacity,TASK-7B1-053,TUBE-7B1-053,3,gripper_action,gripper,0.0,0.0,grip_close_time_s,0.6,gripper_action,Concept-level timing assumption.
manual_review_limited_capacity,TASK-7B1-053,TUBE-7B1-053,4,z_lift,z_axis,45.0,45.0,abs(delta_z) / z_nominal_speed_mm_s + z_accel_allowance_s,0.525,z_motion,Concept-level timing assumption.
manual_review_limited_capacity,TASK-7B1-053,TUBE-7B1-053,5,xy_move_at_safe_z,xy_axes,46.098,0.0,distance / xy_nominal_speed_mm_s + xy_accel_allowance_s,0.332,xy_motion,Concept-level timing assumption.
manual_review_limited_capacity,TASK-7B1-053,TUBE-7B1-053,6,z_descend,z_axis,35.0,35.0,abs(delta_z) / z_nominal_speed_mm_s + z_accel_allowance_s,0.442,z_motion,Concept-level timing assumption.
manual_review_limited_capacity,TASK-7B1-053,TUBE-7B1-053,7,scan_wait,dwell,0.0,0.0,scan_wait_time_s,1.0,scan_wait,Concept-level timing assumption.
manual_review_limited_capacity,TASK-7B1-053,TUBE-7B1-053,8,z_lift,z_axis,35.0,35.0,abs(delta_z) / z_nominal_speed_mm_s + z_accel_allowance_s,0.442,z_motion,Concept-level timing assumption.
manual_review_limited_capacity,TASK-7B1-053,TUBE-7B1-053,9,xy_move_at_safe_z,xy_axes,228.035,0.0,distance / xy_nominal_speed_mm_s + xy_accel_allowance_s,0.852,xy_motion,Concept-level timing assumption.
manual_review_limited_capacity,TASK-7B1-053,TUBE-7B1-053,10,z_descend,z_axis,55.0,55.0,abs(delta_z) / z_nominal_speed_mm_s + z_accel_allowance_s,0.608,z_motion,Concept-level timing assumption.
manual_review_limited_capacity,TASK-7B1-053,TUBE-7B1-053,11,gripper_action,gripper,0.0,0.0,grip_open_time_s,0.5,gripper_action,Concept-level timing assumption.
manual_review_limited_capacity,TASK-7B1-053,TUBE-7B1-053,12,z_lift,z_axis,55.0,55.0,abs(delta_z) / z_nominal_speed_mm_s + z_accel_allowance_s,0.608,z_motion,Concept-level timing assumption.
manual_review_limited_capacity,TASK-7B1-054,TUBE-7B1-054,1,xy_move_at_safe_z,xy_axes,14.142,0.0,distance / xy_nominal_speed_mm_s + xy_accel_allowance_s,0.24,xy_motion,Concept-level timing assumption.
manual_review_limited_capacity,TASK-7B1-054,TUBE-7B1-054,2,z_descend,z_axis,45.0,45.0,abs(delta_z) / z_nominal_speed_mm_s + z_accel_allowance_s,0.525,z_motion,Concept-level timing assumption.
manual_review_limited_capacity,TASK-7B1-054,TUBE-7B1-054,3,gripper_action,gripper,0.0,0.0,grip_close_time_s,0.6,gripper_action,Concept-level timing assumption.
manual_review_limited_capacity,TASK-7B1-054,TUBE-7B1-054,4,z_lift,z_axis,45.0,45.0,abs(delta_z) / z_nominal_speed_mm_s + z_accel_allowance_s,0.525,z_motion,Concept-level timing assumption.
manual_review_limited_capacity,TASK-7B1-054,TUBE-7B1-054,5,xy_move_at_safe_z,xy_axes,31.623,0.0,distance / xy_nominal_speed_mm_s + xy_accel_allowance_s,0.29,xy_motion,Concept-level timing assumption.
manual_review_limited_capacity,TASK-7B1-054,TUBE-7B1-054,6,z_descend,z_axis,35.0,35.0,abs(delta_z) / z_nominal_speed_mm_s + z_accel_allowance_s,0.442,z_motion,Concept-level timing assumption.
manual_review_limited_capacity,TASK-7B1-054,TUBE-7B1-054,7,scan_wait,dwell,0.0,0.0,scan_wait_time_s,1.0,scan_wait,Concept-level timing assumption.
manual_review_limited_capacity,TASK-7B1-054,TUBE-7B1-054,8,z_lift,z_axis,35.0,35.0,abs(delta_z) / z_nominal_speed_mm_s + z_accel_allowance_s,0.442,z_motion,Concept-level timing assumption.
manual_review_limited_capacity,TASK-7B1-054,TUBE-7B1-054,9,xy_move_at_safe_z,xy_axes,358.469,0.0,distance / xy_nominal_speed_mm_s + xy_accel_allowance_s,1.224,xy_motion,Concept-level timing assumption.
manual_review_limited_capacity,TASK-7B1-054,TUBE-7B1-054,10,z_descend,z_axis,55.0,55.0,abs(delta_z) / z_nominal_speed_mm_s + z_accel_allowance_s,0.608,z_motion,Concept-level timing assumption.
manual_review_limited_capacity,TASK-7B1-054,TUBE-7B1-054,11,gripper_action,gripper,0.0,0.0,grip_open_time_s,0.5,gripper_action,Concept-level timing assumption.
manual_review_limited_capacity,TASK-7B1-054,TUBE-7B1-054,12,z_lift,z_axis,55.0,55.0,abs(delta_z) / z_nominal_speed_mm_s + z_accel_allowance_s,0.608,z_motion,Concept-level timing assumption.
manual_review_limited_capacity,TASK-7B1-055,TUBE-7B1-055,1,xy_move_at_safe_z,xy_axes,41.231,0.0,distance / xy_nominal_speed_mm_s + xy_accel_allowance_s,0.318,xy_motion,Concept-level timing assumption.
manual_review_limited_capacity,TASK-7B1-055,TUBE-7B1-055,2,z_descend,z_axis,45.0,45.0,abs(delta_z) / z_nominal_speed_mm_s + z_accel_allowance_s,0.525,z_motion,Concept-level timing assumption.
manual_review_limited_capacity,TASK-7B1-055,TUBE-7B1-055,3,gripper_action,gripper,0.0,0.0,grip_close_time_s,0.6,gripper_action,Concept-level timing assumption.
manual_review_limited_capacity,TASK-7B1-055,TUBE-7B1-055,4,z_lift,z_axis,45.0,45.0,abs(delta_z) / z_nominal_speed_mm_s + z_accel_allowance_s,0.525,z_motion,Concept-level timing assumption.
manual_review_limited_capacity,TASK-7B1-055,TUBE-7B1-055,5,xy_move_at_safe_z,xy_axes,50.0,0.0,distance / xy_nominal_speed_mm_s + xy_accel_allowance_s,0.343,xy_motion,Concept-level timing assumption.
manual_review_limited_capacity,TASK-7B1-055,TUBE-7B1-055,6,z_descend,z_axis,35.0,35.0,abs(delta_z) / z_nominal_speed_mm_s + z_accel_allowance_s,0.442,z_motion,Concept-level timing assumption.
manual_review_limited_capacity,TASK-7B1-055,TUBE-7B1-055,7,scan_wait,dwell,0.0,0.0,scan_wait_time_s,1.0,scan_wait,Concept-level timing assumption.
manual_review_limited_capacity,TASK-7B1-055,TUBE-7B1-055,8,z_lift,z_axis,35.0,35.0,abs(delta_z) / z_nominal_speed_mm_s + z_accel_allowance_s,0.442,z_motion,Concept-level timing assumption.
manual_review_limited_capacity,TASK-7B1-055,TUBE-7B1-055,9,xy_move_at_safe_z,xy_axes,184.391,0.0,distance / xy_nominal_speed_mm_s + xy_accel_allowance_s,0.727,xy_motion,Concept-level timing assumption.
manual_review_limited_capacity,TASK-7B1-055,TUBE-7B1-055,10,z_descend,z_axis,55.0,55.0,abs(delta_z) / z_nominal_speed_mm_s + z_accel_allowance_s,0.608,z_motion,Concept-level timing assumption.
manual_review_limited_capacity,TASK-7B1-055,TUBE-7B1-055,11,gripper_action,gripper,0.0,0.0,grip_open_time_s,0.5,gripper_action,Concept-level timing assumption.
manual_review_limited_capacity,TASK-7B1-055,TUBE-7B1-055,12,z_lift,z_axis,55.0,55.0,abs(delta_z) / z_nominal_speed_mm_s + z_accel_allowance_s,0.608,z_motion,Concept-level timing assumption.
manual_review_limited_capacity,TASK-7B1-056,TUBE-7B1-056,1,xy_move_at_safe_z,xy_axes,65.765,0.0,distance / xy_nominal_speed_mm_s + xy_accel_allowance_s,0.388,xy_motion,Concept-level timing assumption.
manual_review_limited_capacity,TASK-7B1-056,TUBE-7B1-056,2,z_descend,z_axis,45.0,45.0,abs(delta_z) / z_nominal_speed_mm_s + z_accel_allowance_s,0.525,z_motion,Concept-level timing assumption.
manual_review_limited_capacity,TASK-7B1-056,TUBE-7B1-056,3,gripper_action,gripper,0.0,0.0,grip_close_time_s,0.6,gripper_action,Concept-level timing assumption.
manual_review_limited_capacity,TASK-7B1-056,TUBE-7B1-056,4,z_lift,z_axis,45.0,45.0,abs(delta_z) / z_nominal_speed_mm_s + z_accel_allowance_s,0.525,z_motion,Concept-level timing assumption.
manual_review_limited_capacity,TASK-7B1-056,TUBE-7B1-056,5,xy_move_at_safe_z,xy_axes,71.589,0.0,distance / xy_nominal_speed_mm_s + xy_accel_allowance_s,0.405,xy_motion,Concept-level timing assumption.
manual_review_limited_capacity,TASK-7B1-056,TUBE-7B1-056,6,z_descend,z_axis,35.0,35.0,abs(delta_z) / z_nominal_speed_mm_s + z_accel_allowance_s,0.442,z_motion,Concept-level timing assumption.
manual_review_limited_capacity,TASK-7B1-056,TUBE-7B1-056,7,scan_wait,dwell,0.0,0.0,scan_wait_time_s,1.0,scan_wait,Concept-level timing assumption.
manual_review_limited_capacity,TASK-7B1-056,TUBE-7B1-056,8,z_lift,z_axis,35.0,35.0,abs(delta_z) / z_nominal_speed_mm_s + z_accel_allowance_s,0.442,z_motion,Concept-level timing assumption.
manual_review_limited_capacity,TASK-7B1-056,TUBE-7B1-056,9,xy_move_at_safe_z,xy_axes,332.415,0.0,distance / xy_nominal_speed_mm_s + xy_accel_allowance_s,1.15,xy_motion,Concept-level timing assumption.
manual_review_limited_capacity,TASK-7B1-056,TUBE-7B1-056,10,z_descend,z_axis,55.0,55.0,abs(delta_z) / z_nominal_speed_mm_s + z_accel_allowance_s,0.608,z_motion,Concept-level timing assumption.
manual_review_limited_capacity,TASK-7B1-056,TUBE-7B1-056,11,gripper_action,gripper,0.0,0.0,grip_open_time_s,0.5,gripper_action,Concept-level timing assumption.
manual_review_limited_capacity,TASK-7B1-056,TUBE-7B1-056,12,z_lift,z_axis,55.0,55.0,abs(delta_z) / z_nominal_speed_mm_s + z_accel_allowance_s,0.608,z_motion,Concept-level timing assumption.
manual_review_limited_capacity,TASK-7B1-057,TUBE-7B1-057,1,xy_move_at_safe_z,xy_axes,61.847,0.0,distance / xy_nominal_speed_mm_s + xy_accel_allowance_s,0.377,xy_motion,Concept-level timing assumption.
manual_review_limited_capacity,TASK-7B1-057,TUBE-7B1-057,2,z_descend,z_axis,45.0,45.0,abs(delta_z) / z_nominal_speed_mm_s + z_accel_allowance_s,0.525,z_motion,Concept-level timing assumption.
manual_review_limited_capacity,TASK-7B1-057,TUBE-7B1-057,3,gripper_action,gripper,0.0,0.0,grip_close_time_s,0.6,gripper_action,Concept-level timing assumption.
manual_review_limited_capacity,TASK-7B1-057,TUBE-7B1-057,4,z_lift,z_axis,45.0,45.0,abs(delta_z) / z_nominal_speed_mm_s + z_accel_allowance_s,0.525,z_motion,Concept-level timing assumption.
manual_review_limited_capacity,TASK-7B1-057,TUBE-7B1-057,5,xy_move_at_safe_z,xy_axes,60.208,0.0,distance / xy_nominal_speed_mm_s + xy_accel_allowance_s,0.372,xy_motion,Concept-level timing assumption.
manual_review_limited_capacity,TASK-7B1-057,TUBE-7B1-057,6,z_descend,z_axis,35.0,35.0,abs(delta_z) / z_nominal_speed_mm_s + z_accel_allowance_s,0.442,z_motion,Concept-level timing assumption.
manual_review_limited_capacity,TASK-7B1-057,TUBE-7B1-057,7,scan_wait,dwell,0.0,0.0,scan_wait_time_s,1.0,scan_wait,Concept-level timing assumption.
manual_review_limited_capacity,TASK-7B1-057,TUBE-7B1-057,8,z_lift,z_axis,35.0,35.0,abs(delta_z) / z_nominal_speed_mm_s + z_accel_allowance_s,0.442,z_motion,Concept-level timing assumption.
manual_review_limited_capacity,TASK-7B1-057,TUBE-7B1-057,9,xy_move_at_safe_z,xy_axes,248.244,0.0,distance / xy_nominal_speed_mm_s + xy_accel_allowance_s,0.909,xy_motion,Concept-level timing assumption.
manual_review_limited_capacity,TASK-7B1-057,TUBE-7B1-057,10,z_descend,z_axis,55.0,55.0,abs(delta_z) / z_nominal_speed_mm_s + z_accel_allowance_s,0.608,z_motion,Concept-level timing assumption.
manual_review_limited_capacity,TASK-7B1-057,TUBE-7B1-057,11,gripper_action,gripper,0.0,0.0,grip_open_time_s,0.5,gripper_action,Concept-level timing assumption.
manual_review_limited_capacity,TASK-7B1-057,TUBE-7B1-057,12,z_lift,z_axis,55.0,55.0,abs(delta_z) / z_nominal_speed_mm_s + z_accel_allowance_s,0.608,z_motion,Concept-level timing assumption.
manual_review_limited_capacity,TASK-7B1-058,TUBE-7B1-058,1,xy_move_at_safe_z,xy_axes,18.028,0.0,distance / xy_nominal_speed_mm_s + xy_accel_allowance_s,0.252,xy_motion,Concept-level timing assumption.
manual_review_limited_capacity,TASK-7B1-058,TUBE-7B1-058,2,z_descend,z_axis,45.0,45.0,abs(delta_z) / z_nominal_speed_mm_s + z_accel_allowance_s,0.525,z_motion,Concept-level timing assumption.
manual_review_limited_capacity,TASK-7B1-058,TUBE-7B1-058,3,gripper_action,gripper,0.0,0.0,grip_close_time_s,0.6,gripper_action,Concept-level timing assumption.
manual_review_limited_capacity,TASK-7B1-058,TUBE-7B1-058,4,z_lift,z_axis,45.0,45.0,abs(delta_z) / z_nominal_speed_mm_s + z_accel_allowance_s,0.525,z_motion,Concept-level timing assumption.
manual_review_limited_capacity,TASK-7B1-058,TUBE-7B1-058,5,xy_move_at_safe_z,xy_axes,11.18,0.0,distance / xy_nominal_speed_mm_s + xy_accel_allowance_s,0.232,xy_motion,Concept-level timing assumption.
manual_review_limited_capacity,TASK-7B1-058,TUBE-7B1-058,6,z_descend,z_axis,35.0,35.0,abs(delta_z) / z_nominal_speed_mm_s + z_accel_allowance_s,0.442,z_motion,Concept-level timing assumption.
manual_review_limited_capacity,TASK-7B1-058,TUBE-7B1-058,7,scan_wait,dwell,0.0,0.0,scan_wait_time_s,1.0,scan_wait,Concept-level timing assumption.
manual_review_limited_capacity,TASK-7B1-058,TUBE-7B1-058,8,z_lift,z_axis,35.0,35.0,abs(delta_z) / z_nominal_speed_mm_s + z_accel_allowance_s,0.442,z_motion,Concept-level timing assumption.
manual_review_limited_capacity,TASK-7B1-058,TUBE-7B1-058,9,xy_move_at_safe_z,xy_axes,381.608,0.0,distance / xy_nominal_speed_mm_s + xy_accel_allowance_s,1.29,xy_motion,Concept-level timing assumption.
manual_review_limited_capacity,TASK-7B1-058,TUBE-7B1-058,10,z_descend,z_axis,55.0,55.0,abs(delta_z) / z_nominal_speed_mm_s + z_accel_allowance_s,0.608,z_motion,Concept-level timing assumption.
manual_review_limited_capacity,TASK-7B1-058,TUBE-7B1-058,11,gripper_action,gripper,0.0,0.0,grip_open_time_s,0.5,gripper_action,Concept-level timing assumption.
manual_review_limited_capacity,TASK-7B1-058,TUBE-7B1-058,12,z_lift,z_axis,55.0,55.0,abs(delta_z) / z_nominal_speed_mm_s + z_accel_allowance_s,0.608,z_motion,Concept-level timing assumption.
manual_review_limited_capacity,TASK-7B1-060,TUBE-7B1-060,1,xy_move_at_safe_z,xy_axes,42.72,0.0,distance / xy_nominal_speed_mm_s + xy_accel_allowance_s,0.322,xy_motion,Concept-level timing assumption.
manual_review_limited_capacity,TASK-7B1-060,TUBE-7B1-060,2,z_descend,z_axis,45.0,45.0,abs(delta_z) / z_nominal_speed_mm_s + z_accel_allowance_s,0.525,z_motion,Concept-level timing assumption.
manual_review_limited_capacity,TASK-7B1-060,TUBE-7B1-060,3,gripper_action,gripper,0.0,0.0,grip_close_time_s,0.6,gripper_action,Concept-level timing assumption.
manual_review_limited_capacity,TASK-7B1-060,TUBE-7B1-060,4,z_lift,z_axis,45.0,45.0,abs(delta_z) / z_nominal_speed_mm_s + z_accel_allowance_s,0.525,z_motion,Concept-level timing assumption.
manual_review_limited_capacity,TASK-7B1-060,TUBE-7B1-060,5,xy_move_at_safe_z,xy_axes,40.311,0.0,distance / xy_nominal_speed_mm_s + xy_accel_allowance_s,0.315,xy_motion,Concept-level timing assumption.
manual_review_limited_capacity,TASK-7B1-060,TUBE-7B1-060,6,z_descend,z_axis,35.0,35.0,abs(delta_z) / z_nominal_speed_mm_s + z_accel_allowance_s,0.442,z_motion,Concept-level timing assumption.
manual_review_limited_capacity,TASK-7B1-060,TUBE-7B1-060,7,scan_wait,dwell,0.0,0.0,scan_wait_time_s,1.0,scan_wait,Concept-level timing assumption.
manual_review_limited_capacity,TASK-7B1-060,TUBE-7B1-060,8,z_lift,z_axis,35.0,35.0,abs(delta_z) / z_nominal_speed_mm_s + z_accel_allowance_s,0.442,z_motion,Concept-level timing assumption.
manual_review_limited_capacity,TASK-7B1-060,TUBE-7B1-060,9,xy_move_at_safe_z,xy_axes,208.866,0.0,distance / xy_nominal_speed_mm_s + xy_accel_allowance_s,0.797,xy_motion,Concept-level timing assumption.
manual_review_limited_capacity,TASK-7B1-060,TUBE-7B1-060,10,z_descend,z_axis,55.0,55.0,abs(delta_z) / z_nominal_speed_mm_s + z_accel_allowance_s,0.608,z_motion,Concept-level timing assumption.
manual_review_limited_capacity,TASK-7B1-060,TUBE-7B1-060,11,gripper_action,gripper,0.0,0.0,grip_open_time_s,0.5,gripper_action,Concept-level timing assumption.
manual_review_limited_capacity,TASK-7B1-060,TUBE-7B1-060,12,z_lift,z_axis,55.0,55.0,abs(delta_z) / z_nominal_speed_mm_s + z_accel_allowance_s,0.608,z_motion,Concept-level timing assumption.
manual_review_limited_capacity,TASK-7B1-061,TUBE-7B1-061,1,xy_move_at_safe_z,xy_axes,72.111,0.0,distance / xy_nominal_speed_mm_s + xy_accel_allowance_s,0.406,xy_motion,Concept-level timing assumption.
manual_review_limited_capacity,TASK-7B1-061,TUBE-7B1-061,2,z_descend,z_axis,45.0,45.0,abs(delta_z) / z_nominal_speed_mm_s + z_accel_allowance_s,0.525,z_motion,Concept-level timing assumption.
manual_review_limited_capacity,TASK-7B1-061,TUBE-7B1-061,3,gripper_action,gripper,0.0,0.0,grip_close_time_s,0.6,gripper_action,Concept-level timing assumption.
manual_review_limited_capacity,TASK-7B1-061,TUBE-7B1-061,4,z_lift,z_axis,45.0,45.0,abs(delta_z) / z_nominal_speed_mm_s + z_accel_allowance_s,0.525,z_motion,Concept-level timing assumption.
manual_review_limited_capacity,TASK-7B1-061,TUBE-7B1-061,5,xy_move_at_safe_z,xy_axes,63.246,0.0,distance / xy_nominal_speed_mm_s + xy_accel_allowance_s,0.381,xy_motion,Concept-level timing assumption.
manual_review_limited_capacity,TASK-7B1-061,TUBE-7B1-061,6,z_descend,z_axis,35.0,35.0,abs(delta_z) / z_nominal_speed_mm_s + z_accel_allowance_s,0.442,z_motion,Concept-level timing assumption.
manual_review_limited_capacity,TASK-7B1-061,TUBE-7B1-061,7,scan_wait,dwell,0.0,0.0,scan_wait_time_s,1.0,scan_wait,Concept-level timing assumption.
manual_review_limited_capacity,TASK-7B1-061,TUBE-7B1-061,8,z_lift,z_axis,35.0,35.0,abs(delta_z) / z_nominal_speed_mm_s + z_accel_allowance_s,0.442,z_motion,Concept-level timing assumption.
manual_review_limited_capacity,TASK-7B1-061,TUBE-7B1-061,9,xy_move_at_safe_z,xy_axes,357.246,0.0,distance / xy_nominal_speed_mm_s + xy_accel_allowance_s,1.221,xy_motion,Concept-level timing assumption.
manual_review_limited_capacity,TASK-7B1-061,TUBE-7B1-061,10,z_descend,z_axis,55.0,55.0,abs(delta_z) / z_nominal_speed_mm_s + z_accel_allowance_s,0.608,z_motion,Concept-level timing assumption.
manual_review_limited_capacity,TASK-7B1-061,TUBE-7B1-061,11,gripper_action,gripper,0.0,0.0,grip_open_time_s,0.5,gripper_action,Concept-level timing assumption.
manual_review_limited_capacity,TASK-7B1-061,TUBE-7B1-061,12,z_lift,z_axis,55.0,55.0,abs(delta_z) / z_nominal_speed_mm_s + z_accel_allowance_s,0.608,z_motion,Concept-level timing assumption.
manual_review_limited_capacity,TASK-7B1-062,TUBE-7B1-062,1,xy_move_at_safe_z,xy_axes,53.151,0.0,distance / xy_nominal_speed_mm_s + xy_accel_allowance_s,0.352,xy_motion,Concept-level timing assumption.
manual_review_limited_capacity,TASK-7B1-062,TUBE-7B1-062,2,z_descend,z_axis,45.0,45.0,abs(delta_z) / z_nominal_speed_mm_s + z_accel_allowance_s,0.525,z_motion,Concept-level timing assumption.
manual_review_limited_capacity,TASK-7B1-062,TUBE-7B1-062,3,gripper_action,gripper,0.0,0.0,grip_close_time_s,0.6,gripper_action,Concept-level timing assumption.
manual_review_limited_capacity,TASK-7B1-062,TUBE-7B1-062,4,z_lift,z_axis,45.0,45.0,abs(delta_z) / z_nominal_speed_mm_s + z_accel_allowance_s,0.525,z_motion,Concept-level timing assumption.
manual_review_limited_capacity,TASK-7B1-062,TUBE-7B1-062,5,xy_move_at_safe_z,xy_axes,40.311,0.0,distance / xy_nominal_speed_mm_s + xy_accel_allowance_s,0.315,xy_motion,Concept-level timing assumption.
manual_review_limited_capacity,TASK-7B1-062,TUBE-7B1-062,6,z_descend,z_axis,35.0,35.0,abs(delta_z) / z_nominal_speed_mm_s + z_accel_allowance_s,0.442,z_motion,Concept-level timing assumption.
manual_review_limited_capacity,TASK-7B1-062,TUBE-7B1-062,7,scan_wait,dwell,0.0,0.0,scan_wait_time_s,1.0,scan_wait,Concept-level timing assumption.
manual_review_limited_capacity,TASK-7B1-062,TUBE-7B1-062,8,z_lift,z_axis,35.0,35.0,abs(delta_z) / z_nominal_speed_mm_s + z_accel_allowance_s,0.442,z_motion,Concept-level timing assumption.
manual_review_limited_capacity,TASK-7B1-062,TUBE-7B1-062,9,xy_move_at_safe_z,xy_axes,269.258,0.0,distance / xy_nominal_speed_mm_s + xy_accel_allowance_s,0.969,xy_motion,Concept-level timing assumption.
manual_review_limited_capacity,TASK-7B1-062,TUBE-7B1-062,10,z_descend,z_axis,55.0,55.0,abs(delta_z) / z_nominal_speed_mm_s + z_accel_allowance_s,0.608,z_motion,Concept-level timing assumption.
manual_review_limited_capacity,TASK-7B1-062,TUBE-7B1-062,11,gripper_action,gripper,0.0,0.0,grip_open_time_s,0.5,gripper_action,Concept-level timing assumption.
manual_review_limited_capacity,TASK-7B1-062,TUBE-7B1-062,12,z_lift,z_axis,55.0,55.0,abs(delta_z) / z_nominal_speed_mm_s + z_accel_allowance_s,0.608,z_motion,Concept-level timing assumption.
manual_review_limited_capacity,TASK-7B1-063,TUBE-7B1-063,1,xy_move_at_safe_z,xy_axes,41.231,0.0,distance / xy_nominal_speed_mm_s + xy_accel_allowance_s,0.318,xy_motion,Concept-level timing assumption.
manual_review_limited_capacity,TASK-7B1-063,TUBE-7B1-063,2,z_descend,z_axis,45.0,45.0,abs(delta_z) / z_nominal_speed_mm_s + z_accel_allowance_s,0.525,z_motion,Concept-level timing assumption.
manual_review_limited_capacity,TASK-7B1-063,TUBE-7B1-063,3,gripper_action,gripper,0.0,0.0,grip_close_time_s,0.6,gripper_action,Concept-level timing assumption.
manual_review_limited_capacity,TASK-7B1-063,TUBE-7B1-063,4,z_lift,z_axis,45.0,45.0,abs(delta_z) / z_nominal_speed_mm_s + z_accel_allowance_s,0.525,z_motion,Concept-level timing assumption.
manual_review_limited_capacity,TASK-7B1-063,TUBE-7B1-063,5,xy_move_at_safe_z,xy_axes,22.361,0.0,distance / xy_nominal_speed_mm_s + xy_accel_allowance_s,0.264,xy_motion,Concept-level timing assumption.
manual_review_limited_capacity,TASK-7B1-063,TUBE-7B1-063,6,z_descend,z_axis,35.0,35.0,abs(delta_z) / z_nominal_speed_mm_s + z_accel_allowance_s,0.442,z_motion,Concept-level timing assumption.
manual_review_limited_capacity,TASK-7B1-063,TUBE-7B1-063,7,scan_wait,dwell,0.0,0.0,scan_wait_time_s,1.0,scan_wait,Concept-level timing assumption.
manual_review_limited_capacity,TASK-7B1-063,TUBE-7B1-063,8,z_lift,z_axis,35.0,35.0,abs(delta_z) / z_nominal_speed_mm_s + z_accel_allowance_s,0.442,z_motion,Concept-level timing assumption.
manual_review_limited_capacity,TASK-7B1-063,TUBE-7B1-063,9,xy_move_at_safe_z,xy_axes,404.969,0.0,distance / xy_nominal_speed_mm_s + xy_accel_allowance_s,1.357,xy_motion,Concept-level timing assumption.
manual_review_limited_capacity,TASK-7B1-063,TUBE-7B1-063,10,z_descend,z_axis,55.0,55.0,abs(delta_z) / z_nominal_speed_mm_s + z_accel_allowance_s,0.608,z_motion,Concept-level timing assumption.
manual_review_limited_capacity,TASK-7B1-063,TUBE-7B1-063,11,gripper_action,gripper,0.0,0.0,grip_open_time_s,0.5,gripper_action,Concept-level timing assumption.
manual_review_limited_capacity,TASK-7B1-063,TUBE-7B1-063,12,z_lift,z_axis,55.0,55.0,abs(delta_z) / z_nominal_speed_mm_s + z_accel_allowance_s,0.608,z_motion,Concept-level timing assumption.
manual_review_limited_capacity,TASK-7B1-064,TUBE-7B1-064,1,xy_move_at_safe_z,xy_axes,56.569,0.0,distance / xy_nominal_speed_mm_s + xy_accel_allowance_s,0.362,xy_motion,Concept-level timing assumption.
manual_review_limited_capacity,TASK-7B1-064,TUBE-7B1-064,2,z_descend,z_axis,45.0,45.0,abs(delta_z) / z_nominal_speed_mm_s + z_accel_allowance_s,0.525,z_motion,Concept-level timing assumption.
manual_review_limited_capacity,TASK-7B1-064,TUBE-7B1-064,3,gripper_action,gripper,0.0,0.0,grip_close_time_s,0.6,gripper_action,Concept-level timing assumption.
manual_review_limited_capacity,TASK-7B1-064,TUBE-7B1-064,4,z_lift,z_axis,45.0,45.0,abs(delta_z) / z_nominal_speed_mm_s + z_accel_allowance_s,0.525,z_motion,Concept-level timing assumption.
manual_review_limited_capacity,TASK-7B1-064,TUBE-7B1-064,5,xy_move_at_safe_z,xy_axes,44.721,0.0,distance / xy_nominal_speed_mm_s + xy_accel_allowance_s,0.328,xy_motion,Concept-level timing assumption.
manual_review_limited_capacity,TASK-7B1-064,TUBE-7B1-064,6,z_descend,z_axis,35.0,35.0,abs(delta_z) / z_nominal_speed_mm_s + z_accel_allowance_s,0.442,z_motion,Concept-level timing assumption.
manual_review_limited_capacity,TASK-7B1-064,TUBE-7B1-064,7,scan_wait,dwell,0.0,0.0,scan_wait_time_s,1.0,scan_wait,Concept-level timing assumption.
manual_review_limited_capacity,TASK-7B1-064,TUBE-7B1-064,8,z_lift,z_axis,35.0,35.0,abs(delta_z) / z_nominal_speed_mm_s + z_accel_allowance_s,0.442,z_motion,Concept-level timing assumption.
manual_review_limited_capacity,TASK-7B1-064,TUBE-7B1-064,9,xy_move_at_safe_z,xy_axes,233.452,0.0,distance / xy_nominal_speed_mm_s + xy_accel_allowance_s,0.867,xy_motion,Concept-level timing assumption.
manual_review_limited_capacity,TASK-7B1-064,TUBE-7B1-064,10,z_descend,z_axis,55.0,55.0,abs(delta_z) / z_nominal_speed_mm_s + z_accel_allowance_s,0.608,z_motion,Concept-level timing assumption.
manual_review_limited_capacity,TASK-7B1-064,TUBE-7B1-064,11,gripper_action,gripper,0.0,0.0,grip_open_time_s,0.5,gripper_action,Concept-level timing assumption.
manual_review_limited_capacity,TASK-7B1-064,TUBE-7B1-064,12,z_lift,z_axis,55.0,55.0,abs(delta_z) / z_nominal_speed_mm_s + z_accel_allowance_s,0.608,z_motion,Concept-level timing assumption.
manual_review_limited_capacity,TASK-7B1-065,TUBE-7B1-065,1,xy_move_at_safe_z,xy_axes,76.322,0.0,distance / xy_nominal_speed_mm_s + xy_accel_allowance_s,0.418,xy_motion,Concept-level timing assumption.
manual_review_limited_capacity,TASK-7B1-065,TUBE-7B1-065,2,z_descend,z_axis,45.0,45.0,abs(delta_z) / z_nominal_speed_mm_s + z_accel_allowance_s,0.525,z_motion,Concept-level timing assumption.
manual_review_limited_capacity,TASK-7B1-065,TUBE-7B1-065,3,gripper_action,gripper,0.0,0.0,grip_close_time_s,0.6,gripper_action,Concept-level timing assumption.
manual_review_limited_capacity,TASK-7B1-065,TUBE-7B1-065,4,z_lift,z_axis,45.0,45.0,abs(delta_z) / z_nominal_speed_mm_s + z_accel_allowance_s,0.525,z_motion,Concept-level timing assumption.
manual_review_limited_capacity,TASK-7B1-065,TUBE-7B1-065,5,xy_move_at_safe_z,xy_axes,68.007,0.0,distance / xy_nominal_speed_mm_s + xy_accel_allowance_s,0.394,xy_motion,Concept-level timing assumption.
manual_review_limited_capacity,TASK-7B1-065,TUBE-7B1-065,6,z_descend,z_axis,35.0,35.0,abs(delta_z) / z_nominal_speed_mm_s + z_accel_allowance_s,0.442,z_motion,Concept-level timing assumption.
manual_review_limited_capacity,TASK-7B1-065,TUBE-7B1-065,7,scan_wait,dwell,0.0,0.0,scan_wait_time_s,1.0,scan_wait,Concept-level timing assumption.
manual_review_limited_capacity,TASK-7B1-065,TUBE-7B1-065,8,z_lift,z_axis,35.0,35.0,abs(delta_z) / z_nominal_speed_mm_s + z_accel_allowance_s,0.442,z_motion,Concept-level timing assumption.
manual_review_limited_capacity,TASK-7B1-065,TUBE-7B1-065,9,xy_move_at_safe_z,xy_axes,382.099,0.0,distance / xy_nominal_speed_mm_s + xy_accel_allowance_s,1.292,xy_motion,Concept-level timing assumption.
manual_review_limited_capacity,TASK-7B1-065,TUBE-7B1-065,10,z_descend,z_axis,55.0,55.0,abs(delta_z) / z_nominal_speed_mm_s + z_accel_allowance_s,0.608,z_motion,Concept-level timing assumption.
manual_review_limited_capacity,TASK-7B1-065,TUBE-7B1-065,11,gripper_action,gripper,0.0,0.0,grip_open_time_s,0.5,gripper_action,Concept-level timing assumption.
manual_review_limited_capacity,TASK-7B1-065,TUBE-7B1-065,12,z_lift,z_axis,55.0,55.0,abs(delta_z) / z_nominal_speed_mm_s + z_accel_allowance_s,0.608,z_motion,Concept-level timing assumption.
manual_review_limited_capacity,TASK-7B1-066,TUBE-7B1-066,1,xy_move_at_safe_z,xy_axes,88.459,0.0,distance / xy_nominal_speed_mm_s + xy_accel_allowance_s,0.453,xy_motion,Concept-level timing assumption.
manual_review_limited_capacity,TASK-7B1-066,TUBE-7B1-066,2,z_descend,z_axis,45.0,45.0,abs(delta_z) / z_nominal_speed_mm_s + z_accel_allowance_s,0.525,z_motion,Concept-level timing assumption.
manual_review_limited_capacity,TASK-7B1-066,TUBE-7B1-066,3,gripper_action,gripper,0.0,0.0,grip_close_time_s,0.6,gripper_action,Concept-level timing assumption.
manual_review_limited_capacity,TASK-7B1-066,TUBE-7B1-066,4,z_lift,z_axis,45.0,45.0,abs(delta_z) / z_nominal_speed_mm_s + z_accel_allowance_s,0.525,z_motion,Concept-level timing assumption.
manual_review_limited_capacity,TASK-7B1-066,TUBE-7B1-066,5,xy_move_at_safe_z,xy_axes,75.0,0.0,distance / xy_nominal_speed_mm_s + xy_accel_allowance_s,0.414,xy_motion,Concept-level timing assumption.
manual_review_limited_capacity,TASK-7B1-066,TUBE-7B1-066,6,z_descend,z_axis,35.0,35.0,abs(delta_z) / z_nominal_speed_mm_s + z_accel_allowance_s,0.442,z_motion,Concept-level timing assumption.
manual_review_limited_capacity,TASK-7B1-066,TUBE-7B1-066,7,scan_wait,dwell,0.0,0.0,scan_wait_time_s,1.0,scan_wait,Concept-level timing assumption.
manual_review_limited_capacity,TASK-7B1-066,TUBE-7B1-066,8,z_lift,z_axis,35.0,35.0,abs(delta_z) / z_nominal_speed_mm_s + z_accel_allowance_s,0.442,z_motion,Concept-level timing assumption.
manual_review_limited_capacity,TASK-7B1-066,TUBE-7B1-066,9,xy_move_at_safe_z,xy_axes,290.904,0.0,distance / xy_nominal_speed_mm_s + xy_accel_allowance_s,1.031,xy_motion,Concept-level timing assumption.
manual_review_limited_capacity,TASK-7B1-066,TUBE-7B1-066,10,z_descend,z_axis,55.0,55.0,abs(delta_z) / z_nominal_speed_mm_s + z_accel_allowance_s,0.608,z_motion,Concept-level timing assumption.
manual_review_limited_capacity,TASK-7B1-066,TUBE-7B1-066,11,gripper_action,gripper,0.0,0.0,grip_open_time_s,0.5,gripper_action,Concept-level timing assumption.
manual_review_limited_capacity,TASK-7B1-066,TUBE-7B1-066,12,z_lift,z_axis,55.0,55.0,abs(delta_z) / z_nominal_speed_mm_s + z_accel_allowance_s,0.608,z_motion,Concept-level timing assumption.
manual_review_limited_capacity,TASK-7B1-067,TUBE-7B1-067,1,xy_move_at_safe_z,xy_axes,65.765,0.0,distance / xy_nominal_speed_mm_s + xy_accel_allowance_s,0.388,xy_motion,Concept-level timing assumption.
manual_review_limited_capacity,TASK-7B1-067,TUBE-7B1-067,2,z_descend,z_axis,45.0,45.0,abs(delta_z) / z_nominal_speed_mm_s + z_accel_allowance_s,0.525,z_motion,Concept-level timing assumption.
manual_review_limited_capacity,TASK-7B1-067,TUBE-7B1-067,3,gripper_action,gripper,0.0,0.0,grip_close_time_s,0.6,gripper_action,Concept-level timing assumption.
manual_review_limited_capacity,TASK-7B1-067,TUBE-7B1-067,4,z_lift,z_axis,45.0,45.0,abs(delta_z) / z_nominal_speed_mm_s + z_accel_allowance_s,0.525,z_motion,Concept-level timing assumption.
manual_review_limited_capacity,TASK-7B1-067,TUBE-7B1-067,5,xy_move_at_safe_z,xy_axes,46.098,0.0,distance / xy_nominal_speed_mm_s + xy_accel_allowance_s,0.332,xy_motion,Concept-level timing assumption.
manual_review_limited_capacity,TASK-7B1-067,TUBE-7B1-067,6,z_descend,z_axis,35.0,35.0,abs(delta_z) / z_nominal_speed_mm_s + z_accel_allowance_s,0.442,z_motion,Concept-level timing assumption.
manual_review_limited_capacity,TASK-7B1-067,TUBE-7B1-067,7,scan_wait,dwell,0.0,0.0,scan_wait_time_s,1.0,scan_wait,Concept-level timing assumption.
manual_review_limited_capacity,TASK-7B1-067,TUBE-7B1-067,8,z_lift,z_axis,35.0,35.0,abs(delta_z) / z_nominal_speed_mm_s + z_accel_allowance_s,0.442,z_motion,Concept-level timing assumption.
manual_review_limited_capacity,TASK-7B1-067,TUBE-7B1-067,9,xy_move_at_safe_z,xy_axes,428.515,0.0,distance / xy_nominal_speed_mm_s + xy_accel_allowance_s,1.424,xy_motion,Concept-level timing assumption.
manual_review_limited_capacity,TASK-7B1-067,TUBE-7B1-067,10,z_descend,z_axis,55.0,55.0,abs(delta_z) / z_nominal_speed_mm_s + z_accel_allowance_s,0.608,z_motion,Concept-level timing assumption.
manual_review_limited_capacity,TASK-7B1-067,TUBE-7B1-067,11,gripper_action,gripper,0.0,0.0,grip_open_time_s,0.5,gripper_action,Concept-level timing assumption.
manual_review_limited_capacity,TASK-7B1-067,TUBE-7B1-067,12,z_lift,z_axis,55.0,55.0,abs(delta_z) / z_nominal_speed_mm_s + z_accel_allowance_s,0.608,z_motion,Concept-level timing assumption.
manual_review_limited_capacity,TASK-7B1-068,TUBE-7B1-068,1,xy_move_at_safe_z,xy_axes,66.708,0.0,distance / xy_nominal_speed_mm_s + xy_accel_allowance_s,0.391,xy_motion,Concept-level timing assumption.
manual_review_limited_capacity,TASK-7B1-068,TUBE-7B1-068,2,z_descend,z_axis,45.0,45.0,abs(delta_z) / z_nominal_speed_mm_s + z_accel_allowance_s,0.525,z_motion,Concept-level timing assumption.
manual_review_limited_capacity,TASK-7B1-068,TUBE-7B1-068,3,gripper_action,gripper,0.0,0.0,grip_close_time_s,0.6,gripper_action,Concept-level timing assumption.
manual_review_limited_capacity,TASK-7B1-068,TUBE-7B1-068,4,z_lift,z_axis,45.0,45.0,abs(delta_z) / z_nominal_speed_mm_s + z_accel_allowance_s,0.525,z_motion,Concept-level timing assumption.
manual_review_limited_capacity,TASK-7B1-068,TUBE-7B1-068,5,xy_move_at_safe_z,xy_axes,47.434,0.0,distance / xy_nominal_speed_mm_s + xy_accel_allowance_s,0.336,xy_motion,Concept-level timing assumption.
manual_review_limited_capacity,TASK-7B1-068,TUBE-7B1-068,6,z_descend,z_axis,35.0,35.0,abs(delta_z) / z_nominal_speed_mm_s + z_accel_allowance_s,0.442,z_motion,Concept-level timing assumption.
manual_review_limited_capacity,TASK-7B1-068,TUBE-7B1-068,7,scan_wait,dwell,0.0,0.0,scan_wait_time_s,1.0,scan_wait,Concept-level timing assumption.
manual_review_limited_capacity,TASK-7B1-068,TUBE-7B1-068,8,z_lift,z_axis,35.0,35.0,abs(delta_z) / z_nominal_speed_mm_s + z_accel_allowance_s,0.442,z_motion,Concept-level timing assumption.
manual_review_limited_capacity,TASK-7B1-068,TUBE-7B1-068,9,xy_move_at_safe_z,xy_axes,258.118,0.0,distance / xy_nominal_speed_mm_s + xy_accel_allowance_s,0.937,xy_motion,Concept-level timing assumption.
manual_review_limited_capacity,TASK-7B1-068,TUBE-7B1-068,10,z_descend,z_axis,55.0,55.0,abs(delta_z) / z_nominal_speed_mm_s + z_accel_allowance_s,0.608,z_motion,Concept-level timing assumption.
manual_review_limited_capacity,TASK-7B1-068,TUBE-7B1-068,11,gripper_action,gripper,0.0,0.0,grip_open_time_s,0.5,gripper_action,Concept-level timing assumption.
manual_review_limited_capacity,TASK-7B1-068,TUBE-7B1-068,12,z_lift,z_axis,55.0,55.0,abs(delta_z) / z_nominal_speed_mm_s + z_accel_allowance_s,0.608,z_motion,Concept-level timing assumption.
manual_review_limited_capacity,TASK-7B1-069,TUBE-7B1-069,1,xy_move_at_safe_z,xy_axes,76.322,0.0,distance / xy_nominal_speed_mm_s + xy_accel_allowance_s,0.418,xy_motion,Concept-level timing assumption.
manual_review_limited_capacity,TASK-7B1-069,TUBE-7B1-069,2,z_descend,z_axis,45.0,45.0,abs(delta_z) / z_nominal_speed_mm_s + z_accel_allowance_s,0.525,z_motion,Concept-level timing assumption.
manual_review_limited_capacity,TASK-7B1-069,TUBE-7B1-069,3,gripper_action,gripper,0.0,0.0,grip_close_time_s,0.6,gripper_action,Concept-level timing assumption.
manual_review_limited_capacity,TASK-7B1-069,TUBE-7B1-069,4,z_lift,z_axis,45.0,45.0,abs(delta_z) / z_nominal_speed_mm_s + z_accel_allowance_s,0.525,z_motion,Concept-level timing assumption.
manual_review_limited_capacity,TASK-7B1-069,TUBE-7B1-069,5,xy_move_at_safe_z,xy_axes,60.208,0.0,distance / xy_nominal_speed_mm_s + xy_accel_allowance_s,0.372,xy_motion,Concept-level timing assumption.
manual_review_limited_capacity,TASK-7B1-069,TUBE-7B1-069,6,z_descend,z_axis,35.0,35.0,abs(delta_z) / z_nominal_speed_mm_s + z_accel_allowance_s,0.442,z_motion,Concept-level timing assumption.
manual_review_limited_capacity,TASK-7B1-069,TUBE-7B1-069,7,scan_wait,dwell,0.0,0.0,scan_wait_time_s,1.0,scan_wait,Concept-level timing assumption.
manual_review_limited_capacity,TASK-7B1-069,TUBE-7B1-069,8,z_lift,z_axis,35.0,35.0,abs(delta_z) / z_nominal_speed_mm_s + z_accel_allowance_s,0.442,z_motion,Concept-level timing assumption.
manual_review_limited_capacity,TASK-7B1-069,TUBE-7B1-069,9,xy_move_at_safe_z,xy_axes,406.971,0.0,distance / xy_nominal_speed_mm_s + xy_accel_allowance_s,1.363,xy_motion,Concept-level timing assumption.
manual_review_limited_capacity,TASK-7B1-069,TUBE-7B1-069,10,z_descend,z_axis,55.0,55.0,abs(delta_z) / z_nominal_speed_mm_s + z_accel_allowance_s,0.608,z_motion,Concept-level timing assumption.
manual_review_limited_capacity,TASK-7B1-069,TUBE-7B1-069,11,gripper_action,gripper,0.0,0.0,grip_open_time_s,0.5,gripper_action,Concept-level timing assumption.
manual_review_limited_capacity,TASK-7B1-069,TUBE-7B1-069,12,z_lift,z_axis,55.0,55.0,abs(delta_z) / z_nominal_speed_mm_s + z_accel_allowance_s,0.608,z_motion,Concept-level timing assumption.
pick_failure_test,TASK-7B1-001,TUBE-7B1-001,1,xy_move_at_safe_z,xy_axes,294.109,0.0,distance / xy_nominal_speed_mm_s + xy_accel_allowance_s,1.04,xy_motion,Concept-level timing assumption.
pick_failure_test,TASK-7B1-001,TUBE-7B1-001,2,z_descend,z_axis,45.0,45.0,abs(delta_z) / z_nominal_speed_mm_s + z_accel_allowance_s,0.525,z_motion,Concept-level timing assumption.
pick_failure_test,TASK-7B1-001,TUBE-7B1-001,3,gripper_action,gripper,0.0,0.0,grip_close_time_s,0.6,gripper_action,Concept-level timing assumption.
pick_failure_test,TASK-7B1-001,TUBE-7B1-001,4,z_lift,z_axis,45.0,45.0,abs(delta_z) / z_nominal_speed_mm_s + z_accel_allowance_s,0.525,z_motion,Concept-level timing assumption.
pick_failure_test,TASK-7B1-001,TUBE-7B1-001,5,xy_move_at_safe_z,xy_axes,306.105,0.0,distance / xy_nominal_speed_mm_s + xy_accel_allowance_s,1.075,xy_motion,Concept-level timing assumption.
pick_failure_test,TASK-7B1-001,TUBE-7B1-001,6,z_descend,z_axis,35.0,35.0,abs(delta_z) / z_nominal_speed_mm_s + z_accel_allowance_s,0.442,z_motion,Concept-level timing assumption.
pick_failure_test,TASK-7B1-001,TUBE-7B1-001,7,scan_wait,dwell,0.0,0.0,scan_wait_time_s,1.0,scan_wait,Concept-level timing assumption.
pick_failure_test,TASK-7B1-001,TUBE-7B1-001,8,z_lift,z_axis,35.0,35.0,abs(delta_z) / z_nominal_speed_mm_s + z_accel_allowance_s,0.442,z_motion,Concept-level timing assumption.
pick_failure_test,TASK-7B1-001,TUBE-7B1-001,9,xy_move_at_safe_z,xy_axes,261.725,0.0,distance / xy_nominal_speed_mm_s + xy_accel_allowance_s,0.948,xy_motion,Concept-level timing assumption.
pick_failure_test,TASK-7B1-001,TUBE-7B1-001,10,z_descend,z_axis,55.0,55.0,abs(delta_z) / z_nominal_speed_mm_s + z_accel_allowance_s,0.608,z_motion,Concept-level timing assumption.
pick_failure_test,TASK-7B1-001,TUBE-7B1-001,11,gripper_action,gripper,0.0,0.0,grip_open_time_s,0.5,gripper_action,Concept-level timing assumption.
pick_failure_test,TASK-7B1-001,TUBE-7B1-001,12,z_lift,z_axis,55.0,55.0,abs(delta_z) / z_nominal_speed_mm_s + z_accel_allowance_s,0.608,z_motion,Concept-level timing assumption.
pick_failure_test,TASK-7B1-002,TUBE-7B1-002,1,xy_move_at_safe_z,xy_axes,274.089,0.0,distance / xy_nominal_speed_mm_s + xy_accel_allowance_s,0.983,xy_motion,Concept-level timing assumption.
pick_failure_test,TASK-7B1-002,TUBE-7B1-002,2,z_descend,z_axis,45.0,45.0,abs(delta_z) / z_nominal_speed_mm_s + z_accel_allowance_s,0.525,z_motion,Concept-level timing assumption.
pick_failure_test,TASK-7B1-002,TUBE-7B1-002,3,gripper_action,gripper,0.0,0.0,grip_close_time_s,0.6,gripper_action,Concept-level timing assumption.
pick_failure_test,TASK-7B1-002,TUBE-7B1-002,4,z_lift,z_axis,45.0,45.0,abs(delta_z) / z_nominal_speed_mm_s + z_accel_allowance_s,0.525,z_motion,Concept-level timing assumption.
pick_failure_test,TASK-7B1-002,TUBE-7B1-002,5,z_descend,z_axis,45.0,45.0,abs(delta_z) / z_nominal_speed_mm_s + z_accel_allowance_s,0.525,z_motion,Concept-level timing assumption.
pick_failure_test,TASK-7B1-002,TUBE-7B1-002,6,gripper_action,gripper,0.0,0.0,grip_close_time_s,0.6,gripper_action,Concept-level timing assumption.
pick_failure_test,TASK-7B1-002,TUBE-7B1-002,7,z_lift,z_axis,45.0,45.0,abs(delta_z) / z_nominal_speed_mm_s + z_accel_allowance_s,0.525,z_motion,Concept-level timing assumption.
pick_failure_test,TASK-7B1-002,TUBE-7B1-002,8,xy_move_at_safe_z,xy_axes,286.923,0.0,distance / xy_nominal_speed_mm_s + xy_accel_allowance_s,1.02,xy_motion,Concept-level timing assumption.
pick_failure_test,TASK-7B1-002,TUBE-7B1-002,9,z_descend,z_axis,35.0,35.0,abs(delta_z) / z_nominal_speed_mm_s + z_accel_allowance_s,0.442,z_motion,Concept-level timing assumption.
pick_failure_test,TASK-7B1-002,TUBE-7B1-002,10,scan_wait,dwell,0.0,0.0,scan_wait_time_s,1.0,scan_wait,Concept-level timing assumption.
pick_failure_test,TASK-7B1-002,TUBE-7B1-002,11,z_lift,z_axis,35.0,35.0,abs(delta_z) / z_nominal_speed_mm_s + z_accel_allowance_s,0.442,z_motion,Concept-level timing assumption.
pick_failure_test,TASK-7B1-002,TUBE-7B1-002,12,xy_move_at_safe_z,xy_axes,380.789,0.0,distance / xy_nominal_speed_mm_s + xy_accel_allowance_s,1.288,xy_motion,Concept-level timing assumption.
pick_failure_test,TASK-7B1-002,TUBE-7B1-002,13,z_descend,z_axis,55.0,55.0,abs(delta_z) / z_nominal_speed_mm_s + z_accel_allowance_s,0.608,z_motion,Concept-level timing assumption.
pick_failure_test,TASK-7B1-002,TUBE-7B1-002,14,gripper_action,gripper,0.0,0.0,grip_open_time_s,0.5,gripper_action,Concept-level timing assumption.
pick_failure_test,TASK-7B1-002,TUBE-7B1-002,15,z_lift,z_axis,55.0,55.0,abs(delta_z) / z_nominal_speed_mm_s + z_accel_allowance_s,0.608,z_motion,Concept-level timing assumption.
pick_failure_test,TASK-7B1-003,TUBE-7B1-003,1,xy_move_at_safe_z,xy_axes,254.951,0.0,distance / xy_nominal_speed_mm_s + xy_accel_allowance_s,0.928,xy_motion,Concept-level timing assumption.
pick_failure_test,TASK-7B1-003,TUBE-7B1-003,2,z_descend,z_axis,45.0,45.0,abs(delta_z) / z_nominal_speed_mm_s + z_accel_allowance_s,0.525,z_motion,Concept-level timing assumption.
pick_failure_test,TASK-7B1-003,TUBE-7B1-003,3,gripper_action,gripper,0.0,0.0,grip_close_time_s,0.6,gripper_action,Concept-level timing assumption.
pick_failure_test,TASK-7B1-003,TUBE-7B1-003,4,z_lift,z_axis,45.0,45.0,abs(delta_z) / z_nominal_speed_mm_s + z_accel_allowance_s,0.525,z_motion,Concept-level timing assumption.
pick_failure_test,TASK-7B1-003,TUBE-7B1-003,5,xy_move_at_safe_z,xy_axes,268.701,0.0,distance / xy_nominal_speed_mm_s + xy_accel_allowance_s,0.968,xy_motion,Concept-level timing assumption.
pick_failure_test,TASK-7B1-003,TUBE-7B1-003,6,z_descend,z_axis,35.0,35.0,abs(delta_z) / z_nominal_speed_mm_s + z_accel_allowance_s,0.442,z_motion,Concept-level timing assumption.
pick_failure_test,TASK-7B1-003,TUBE-7B1-003,7,scan_wait,dwell,0.0,0.0,scan_wait_time_s,1.0,scan_wait,Concept-level timing assumption.
pick_failure_test,TASK-7B1-003,TUBE-7B1-003,8,z_lift,z_axis,35.0,35.0,abs(delta_z) / z_nominal_speed_mm_s + z_accel_allowance_s,0.442,z_motion,Concept-level timing assumption.
pick_failure_test,TASK-7B1-003,TUBE-7B1-003,9,xy_move_at_safe_z,xy_axes,180.278,0.0,distance / xy_nominal_speed_mm_s + xy_accel_allowance_s,0.715,xy_motion,Concept-level timing assumption.
pick_failure_test,TASK-7B1-003,TUBE-7B1-003,10,z_descend,z_axis,55.0,55.0,abs(delta_z) / z_nominal_speed_mm_s + z_accel_allowance_s,0.608,z_motion,Concept-level timing assumption.
pick_failure_test,TASK-7B1-003,TUBE-7B1-003,11,gripper_action,gripper,0.0,0.0,grip_open_time_s,0.5,gripper_action,Concept-level timing assumption.
pick_failure_test,TASK-7B1-003,TUBE-7B1-003,12,z_lift,z_axis,55.0,55.0,abs(delta_z) / z_nominal_speed_mm_s + z_accel_allowance_s,0.608,z_motion,Concept-level timing assumption.
pick_failure_test,TASK-7B1-004,TUBE-7B1-004,1,xy_move_at_safe_z,xy_axes,220.227,0.0,distance / xy_nominal_speed_mm_s + xy_accel_allowance_s,0.829,xy_motion,Concept-level timing assumption.
pick_failure_test,TASK-7B1-004,TUBE-7B1-004,2,z_descend,z_axis,45.0,45.0,abs(delta_z) / z_nominal_speed_mm_s + z_accel_allowance_s,0.525,z_motion,Concept-level timing assumption.
pick_failure_test,TASK-7B1-004,TUBE-7B1-004,3,gripper_action,gripper,0.0,0.0,grip_close_time_s,0.6,gripper_action,Concept-level timing assumption.
pick_failure_test,TASK-7B1-004,TUBE-7B1-004,4,z_lift,z_axis,45.0,45.0,abs(delta_z) / z_nominal_speed_mm_s + z_accel_allowance_s,0.525,z_motion,Concept-level timing assumption.
pick_failure_test,TASK-7B1-004,TUBE-7B1-004,5,xy_move_at_safe_z,xy_axes,236.008,0.0,distance / xy_nominal_speed_mm_s + xy_accel_allowance_s,0.874,xy_motion,Concept-level timing assumption.
pick_failure_test,TASK-7B1-004,TUBE-7B1-004,6,z_descend,z_axis,35.0,35.0,abs(delta_z) / z_nominal_speed_mm_s + z_accel_allowance_s,0.442,z_motion,Concept-level timing assumption.
pick_failure_test,TASK-7B1-004,TUBE-7B1-004,7,scan_wait,dwell,0.0,0.0,scan_wait_time_s,1.0,scan_wait,Concept-level timing assumption.
pick_failure_test,TASK-7B1-004,TUBE-7B1-004,8,z_lift,z_axis,35.0,35.0,abs(delta_z) / z_nominal_speed_mm_s + z_accel_allowance_s,0.442,z_motion,Concept-level timing assumption.
pick_failure_test,TASK-7B1-004,TUBE-7B1-004,9,xy_move_at_safe_z,xy_axes,491.35,0.0,distance / xy_nominal_speed_mm_s + xy_accel_allowance_s,1.604,xy_motion,Concept-level timing assumption.
pick_failure_test,TASK-7B1-004,TUBE-7B1-004,10,z_descend,z_axis,55.0,55.0,abs(delta_z) / z_nominal_speed_mm_s + z_accel_allowance_s,0.608,z_motion,Concept-level timing assumption.
pick_failure_test,TASK-7B1-004,TUBE-7B1-004,11,gripper_action,gripper,0.0,0.0,grip_open_time_s,0.5,gripper_action,Concept-level timing assumption.
pick_failure_test,TASK-7B1-004,TUBE-7B1-004,12,z_lift,z_axis,55.0,55.0,abs(delta_z) / z_nominal_speed_mm_s + z_accel_allowance_s,0.608,z_motion,Concept-level timing assumption.
pick_failure_test,TASK-7B1-005,TUBE-7B1-005,1,xy_move_at_safe_z,xy_axes,205.244,0.0,distance / xy_nominal_speed_mm_s + xy_accel_allowance_s,0.786,xy_motion,Concept-level timing assumption.
pick_failure_test,TASK-7B1-005,TUBE-7B1-005,2,z_descend,z_axis,45.0,45.0,abs(delta_z) / z_nominal_speed_mm_s + z_accel_allowance_s,0.525,z_motion,Concept-level timing assumption.
pick_failure_test,TASK-7B1-005,TUBE-7B1-005,3,gripper_action,gripper,0.0,0.0,grip_close_time_s,0.6,gripper_action,Concept-level timing assumption.
pick_failure_test,TASK-7B1-005,TUBE-7B1-005,4,z_lift,z_axis,45.0,45.0,abs(delta_z) / z_nominal_speed_mm_s + z_accel_allowance_s,0.525,z_motion,Concept-level timing assumption.
pick_failure_test,TASK-7B1-005,TUBE-7B1-005,5,xy_move_at_safe_z,xy_axes,222.092,0.0,distance / xy_nominal_speed_mm_s + xy_accel_allowance_s,0.835,xy_motion,Concept-level timing assumption.
pick_failure_test,TASK-7B1-005,TUBE-7B1-005,6,z_descend,z_axis,35.0,35.0,abs(delta_z) / z_nominal_speed_mm_s + z_accel_allowance_s,0.442,z_motion,Concept-level timing assumption.
pick_failure_test,TASK-7B1-005,TUBE-7B1-005,7,scan_wait,dwell,0.0,0.0,scan_wait_time_s,1.0,scan_wait,Concept-level timing assumption.
pick_failure_test,TASK-7B1-005,TUBE-7B1-005,8,z_lift,z_axis,35.0,35.0,abs(delta_z) / z_nominal_speed_mm_s + z_accel_allowance_s,0.442,z_motion,Concept-level timing assumption.
pick_failure_test,TASK-7B1-005,TUBE-7B1-005,9,xy_move_at_safe_z,xy_axes,330.151,0.0,distance / xy_nominal_speed_mm_s + xy_accel_allowance_s,1.143,xy_motion,Concept-level timing assumption.
pick_failure_test,TASK-7B1-005,TUBE-7B1-005,10,z_descend,z_axis,55.0,55.0,abs(delta_z) / z_nominal_speed_mm_s + z_accel_allowance_s,0.608,z_motion,Concept-level timing assumption.
pick_failure_test,TASK-7B1-005,TUBE-7B1-005,11,gripper_action,gripper,0.0,0.0,grip_open_time_s,0.5,gripper_action,Concept-level timing assumption.
pick_failure_test,TASK-7B1-005,TUBE-7B1-005,12,z_lift,z_axis,55.0,55.0,abs(delta_z) / z_nominal_speed_mm_s + z_accel_allowance_s,0.608,z_motion,Concept-level timing assumption.
pick_failure_test,TASK-7B1-006,TUBE-7B1-006,1,xy_move_at_safe_z,xy_axes,280.401,0.0,distance / xy_nominal_speed_mm_s + xy_accel_allowance_s,1.001,xy_motion,Concept-level timing assumption.
pick_failure_test,TASK-7B1-006,TUBE-7B1-006,2,z_descend,z_axis,45.0,45.0,abs(delta_z) / z_nominal_speed_mm_s + z_accel_allowance_s,0.525,z_motion,Concept-level timing assumption.
pick_failure_test,TASK-7B1-006,TUBE-7B1-006,3,gripper_action,gripper,0.0,0.0,grip_close_time_s,0.6,gripper_action,Concept-level timing assumption.
pick_failure_test,TASK-7B1-006,TUBE-7B1-006,4,z_lift,z_axis,45.0,45.0,abs(delta_z) / z_nominal_speed_mm_s + z_accel_allowance_s,0.525,z_motion,Concept-level timing assumption.
pick_failure_test,TASK-7B1-006,TUBE-7B1-006,5,xy_move_at_safe_z,xy_axes,291.247,0.0,distance / xy_nominal_speed_mm_s + xy_accel_allowance_s,1.032,xy_motion,Concept-level timing assumption.
pick_failure_test,TASK-7B1-006,TUBE-7B1-006,6,z_descend,z_axis,35.0,35.0,abs(delta_z) / z_nominal_speed_mm_s + z_accel_allowance_s,0.442,z_motion,Concept-level timing assumption.
pick_failure_test,TASK-7B1-006,TUBE-7B1-006,7,scan_wait,dwell,0.0,0.0,scan_wait_time_s,1.0,scan_wait,Concept-level timing assumption.
pick_failure_test,TASK-7B1-006,TUBE-7B1-006,8,z_lift,z_axis,35.0,35.0,abs(delta_z) / z_nominal_speed_mm_s + z_accel_allowance_s,0.442,z_motion,Concept-level timing assumption.
pick_failure_test,TASK-7B1-006,TUBE-7B1-006,9,xy_move_at_safe_z,xy_axes,279.508,0.0,distance / xy_nominal_speed_mm_s + xy_accel_allowance_s,0.999,xy_motion,Concept-level timing assumption.
pick_failure_test,TASK-7B1-006,TUBE-7B1-006,10,z_descend,z_axis,55.0,55.0,abs(delta_z) / z_nominal_speed_mm_s + z_accel_allowance_s,0.608,z_motion,Concept-level timing assumption.
pick_failure_test,TASK-7B1-006,TUBE-7B1-006,11,gripper_action,gripper,0.0,0.0,grip_open_time_s,0.5,gripper_action,Concept-level timing assumption.
pick_failure_test,TASK-7B1-006,TUBE-7B1-006,12,z_lift,z_axis,55.0,55.0,abs(delta_z) / z_nominal_speed_mm_s + z_accel_allowance_s,0.608,z_motion,Concept-level timing assumption.
pick_failure_test,TASK-7B1-007,TUBE-7B1-007,1,xy_move_at_safe_z,xy_axes,239.008,0.0,distance / xy_nominal_speed_mm_s + xy_accel_allowance_s,0.883,xy_motion,Concept-level timing assumption.
pick_failure_test,TASK-7B1-007,TUBE-7B1-007,2,z_descend,z_axis,45.0,45.0,abs(delta_z) / z_nominal_speed_mm_s + z_accel_allowance_s,0.525,z_motion,Concept-level timing assumption.
pick_failure_test,TASK-7B1-007,TUBE-7B1-007,3,gripper_action,gripper,0.0,0.0,grip_close_time_s,0.6,gripper_action,Concept-level timing assumption.
pick_failure_test,TASK-7B1-007,TUBE-7B1-007,4,z_lift,z_axis,45.0,45.0,abs(delta_z) / z_nominal_speed_mm_s + z_accel_allowance_s,0.525,z_motion,Concept-level timing assumption.
pick_failure_test,TASK-7B1-007,TUBE-7B1-007,5,xy_move_at_safe_z,xy_axes,251.645,0.0,distance / xy_nominal_speed_mm_s + xy_accel_allowance_s,0.919,xy_motion,Concept-level timing assumption.
pick_failure_test,TASK-7B1-007,TUBE-7B1-007,6,z_descend,z_axis,35.0,35.0,abs(delta_z) / z_nominal_speed_mm_s + z_accel_allowance_s,0.442,z_motion,Concept-level timing assumption.
pick_failure_test,TASK-7B1-007,TUBE-7B1-007,7,scan_wait,dwell,0.0,0.0,scan_wait_time_s,1.0,scan_wait,Concept-level timing assumption.
pick_failure_test,TASK-7B1-007,TUBE-7B1-007,8,z_lift,z_axis,35.0,35.0,abs(delta_z) / z_nominal_speed_mm_s + z_accel_allowance_s,0.442,z_motion,Concept-level timing assumption.
pick_failure_test,TASK-7B1-007,TUBE-7B1-007,9,xy_move_at_safe_z,xy_axes,402.647,0.0,distance / xy_nominal_speed_mm_s + xy_accel_allowance_s,1.35,xy_motion,Concept-level timing assumption.
pick_failure_test,TASK-7B1-007,TUBE-7B1-007,10,z_descend,z_axis,55.0,55.0,abs(delta_z) / z_nominal_speed_mm_s + z_accel_allowance_s,0.608,z_motion,Concept-level timing assumption.
pick_failure_test,TASK-7B1-007,TUBE-7B1-007,11,gripper_action,gripper,0.0,0.0,grip_open_time_s,0.5,gripper_action,Concept-level timing assumption.
pick_failure_test,TASK-7B1-007,TUBE-7B1-007,12,z_lift,z_axis,55.0,55.0,abs(delta_z) / z_nominal_speed_mm_s + z_accel_allowance_s,0.608,z_motion,Concept-level timing assumption.
pick_failure_test,TASK-7B1-008,TUBE-7B1-008,1,xy_move_at_safe_z,xy_axes,219.659,0.0,distance / xy_nominal_speed_mm_s + xy_accel_allowance_s,0.828,xy_motion,Concept-level timing assumption.
pick_failure_test,TASK-7B1-008,TUBE-7B1-008,2,z_descend,z_axis,45.0,45.0,abs(delta_z) / z_nominal_speed_mm_s + z_accel_allowance_s,0.525,z_motion,Concept-level timing assumption.
pick_failure_test,TASK-7B1-008,TUBE-7B1-008,3,gripper_action,gripper,0.0,0.0,grip_close_time_s,0.6,gripper_action,Concept-level timing assumption.
pick_failure_test,TASK-7B1-008,TUBE-7B1-008,4,z_lift,z_axis,45.0,45.0,abs(delta_z) / z_nominal_speed_mm_s + z_accel_allowance_s,0.525,z_motion,Concept-level timing assumption.
pick_failure_test,TASK-7B1-008,TUBE-7B1-008,5,xy_move_at_safe_z,xy_axes,233.345,0.0,distance / xy_nominal_speed_mm_s + xy_accel_allowance_s,0.867,xy_motion,Concept-level timing assumption.
pick_failure_test,TASK-7B1-008,TUBE-7B1-008,6,z_descend,z_axis,35.0,35.0,abs(delta_z) / z_nominal_speed_mm_s + z_accel_allowance_s,0.442,z_motion,Concept-level timing assumption.
pick_failure_test,TASK-7B1-008,TUBE-7B1-008,7,scan_wait,dwell,0.0,0.0,scan_wait_time_s,1.0,scan_wait,Concept-level timing assumption.
pick_failure_test,TASK-7B1-008,TUBE-7B1-008,8,z_lift,z_axis,35.0,35.0,abs(delta_z) / z_nominal_speed_mm_s + z_accel_allowance_s,0.442,z_motion,Concept-level timing assumption.
pick_failure_test,TASK-7B1-008,TUBE-7B1-008,9,xy_move_at_safe_z,xy_axes,205.244,0.0,distance / xy_nominal_speed_mm_s + xy_accel_allowance_s,0.786,xy_motion,Concept-level timing assumption.
pick_failure_test,TASK-7B1-008,TUBE-7B1-008,10,z_descend,z_axis,55.0,55.0,abs(delta_z) / z_nominal_speed_mm_s + z_accel_allowance_s,0.608,z_motion,Concept-level timing assumption.
pick_failure_test,TASK-7B1-008,TUBE-7B1-008,11,gripper_action,gripper,0.0,0.0,grip_open_time_s,0.5,gripper_action,Concept-level timing assumption.
pick_failure_test,TASK-7B1-008,TUBE-7B1-008,12,z_lift,z_axis,55.0,55.0,abs(delta_z) / z_nominal_speed_mm_s + z_accel_allowance_s,0.608,z_motion,Concept-level timing assumption.
pick_failure_test,TASK-7B1-009,TUBE-7B1-009,1,xy_move_at_safe_z,xy_axes,0.0,0.0,distance / xy_nominal_speed_mm_s + xy_accel_allowance_s,0.2,xy_motion,Concept-level timing assumption.
pick_failure_test,TASK-7B1-009,TUBE-7B1-009,2,z_descend,z_axis,45.0,45.0,abs(delta_z) / z_nominal_speed_mm_s + z_accel_allowance_s,0.525,z_motion,Concept-level timing assumption.
pick_failure_test,TASK-7B1-009,TUBE-7B1-009,3,gripper_action,gripper,0.0,0.0,grip_close_time_s,0.6,gripper_action,Concept-level timing assumption.
pick_failure_test,TASK-7B1-009,TUBE-7B1-009,4,z_lift,z_axis,45.0,45.0,abs(delta_z) / z_nominal_speed_mm_s + z_accel_allowance_s,0.525,z_motion,Concept-level timing assumption.
pick_failure_test,TASK-7B1-009,TUBE-7B1-009,5,z_descend,z_axis,45.0,45.0,abs(delta_z) / z_nominal_speed_mm_s + z_accel_allowance_s,0.525,z_motion,Concept-level timing assumption.
pick_failure_test,TASK-7B1-009,TUBE-7B1-009,6,gripper_action,gripper,0.0,0.0,grip_close_time_s,0.6,gripper_action,Concept-level timing assumption.
pick_failure_test,TASK-7B1-009,TUBE-7B1-009,7,z_lift,z_axis,45.0,45.0,abs(delta_z) / z_nominal_speed_mm_s + z_accel_allowance_s,0.525,z_motion,Concept-level timing assumption.
pick_failure_test,TASK-7B1-010,TUBE-7B1-010,1,xy_move_at_safe_z,xy_axes,268.328,0.0,distance / xy_nominal_speed_mm_s + xy_accel_allowance_s,0.967,xy_motion,Concept-level timing assumption.
pick_failure_test,TASK-7B1-010,TUBE-7B1-010,2,z_descend,z_axis,45.0,45.0,abs(delta_z) / z_nominal_speed_mm_s + z_accel_allowance_s,0.525,z_motion,Concept-level timing assumption.
pick_failure_test,TASK-7B1-010,TUBE-7B1-010,3,gripper_action,gripper,0.0,0.0,grip_close_time_s,0.6,gripper_action,Concept-level timing assumption.
pick_failure_test,TASK-7B1-010,TUBE-7B1-010,4,z_lift,z_axis,45.0,45.0,abs(delta_z) / z_nominal_speed_mm_s + z_accel_allowance_s,0.525,z_motion,Concept-level timing assumption.
pick_failure_test,TASK-7B1-010,TUBE-7B1-010,5,xy_move_at_safe_z,xy_axes,277.849,0.0,distance / xy_nominal_speed_mm_s + xy_accel_allowance_s,0.994,xy_motion,Concept-level timing assumption.
pick_failure_test,TASK-7B1-010,TUBE-7B1-010,6,z_descend,z_axis,35.0,35.0,abs(delta_z) / z_nominal_speed_mm_s + z_accel_allowance_s,0.442,z_motion,Concept-level timing assumption.
pick_failure_test,TASK-7B1-010,TUBE-7B1-010,7,scan_wait,dwell,0.0,0.0,scan_wait_time_s,1.0,scan_wait,Concept-level timing assumption.
pick_failure_test,TASK-7B1-010,TUBE-7B1-010,8,z_lift,z_axis,35.0,35.0,abs(delta_z) / z_nominal_speed_mm_s + z_accel_allowance_s,0.442,z_motion,Concept-level timing assumption.
pick_failure_test,TASK-7B1-010,TUBE-7B1-010,9,xy_move_at_safe_z,xy_axes,298.329,0.0,distance / xy_nominal_speed_mm_s + xy_accel_allowance_s,1.052,xy_motion,Concept-level timing assumption.
pick_failure_test,TASK-7B1-010,TUBE-7B1-010,10,z_descend,z_axis,55.0,55.0,abs(delta_z) / z_nominal_speed_mm_s + z_accel_allowance_s,0.608,z_motion,Concept-level timing assumption.
pick_failure_test,TASK-7B1-010,TUBE-7B1-010,11,gripper_action,gripper,0.0,0.0,grip_open_time_s,0.5,gripper_action,Concept-level timing assumption.
pick_failure_test,TASK-7B1-010,TUBE-7B1-010,12,z_lift,z_axis,55.0,55.0,abs(delta_z) / z_nominal_speed_mm_s + z_accel_allowance_s,0.608,z_motion,Concept-level timing assumption.
pick_failure_test,TASK-7B1-011,TUBE-7B1-011,1,xy_move_at_safe_z,xy_axes,246.221,0.0,distance / xy_nominal_speed_mm_s + xy_accel_allowance_s,0.903,xy_motion,Concept-level timing assumption.
pick_failure_test,TASK-7B1-011,TUBE-7B1-011,2,z_descend,z_axis,45.0,45.0,abs(delta_z) / z_nominal_speed_mm_s + z_accel_allowance_s,0.525,z_motion,Concept-level timing assumption.
pick_failure_test,TASK-7B1-011,TUBE-7B1-011,3,gripper_action,gripper,0.0,0.0,grip_close_time_s,0.6,gripper_action,Concept-level timing assumption.
pick_failure_test,TASK-7B1-011,TUBE-7B1-011,4,z_lift,z_axis,45.0,45.0,abs(delta_z) / z_nominal_speed_mm_s + z_accel_allowance_s,0.525,z_motion,Concept-level timing assumption.
pick_failure_test,TASK-7B1-011,TUBE-7B1-011,5,xy_move_at_safe_z,xy_axes,256.564,0.0,distance / xy_nominal_speed_mm_s + xy_accel_allowance_s,0.933,xy_motion,Concept-level timing assumption.
pick_failure_test,TASK-7B1-011,TUBE-7B1-011,6,z_descend,z_axis,35.0,35.0,abs(delta_z) / z_nominal_speed_mm_s + z_accel_allowance_s,0.442,z_motion,Concept-level timing assumption.
pick_failure_test,TASK-7B1-011,TUBE-7B1-011,7,scan_wait,dwell,0.0,0.0,scan_wait_time_s,1.0,scan_wait,Concept-level timing assumption.
pick_failure_test,TASK-7B1-011,TUBE-7B1-011,8,z_lift,z_axis,35.0,35.0,abs(delta_z) / z_nominal_speed_mm_s + z_accel_allowance_s,0.442,z_motion,Concept-level timing assumption.
pick_failure_test,TASK-7B1-011,TUBE-7B1-011,9,xy_move_at_safe_z,xy_axes,424.853,0.0,distance / xy_nominal_speed_mm_s + xy_accel_allowance_s,1.414,xy_motion,Concept-level timing assumption.
pick_failure_test,TASK-7B1-011,TUBE-7B1-011,10,z_descend,z_axis,55.0,55.0,abs(delta_z) / z_nominal_speed_mm_s + z_accel_allowance_s,0.608,z_motion,Concept-level timing assumption.
pick_failure_test,TASK-7B1-011,TUBE-7B1-011,11,gripper_action,gripper,0.0,0.0,grip_open_time_s,0.5,gripper_action,Concept-level timing assumption.
pick_failure_test,TASK-7B1-011,TUBE-7B1-011,12,z_lift,z_axis,55.0,55.0,abs(delta_z) / z_nominal_speed_mm_s + z_accel_allowance_s,0.608,z_motion,Concept-level timing assumption.
pick_failure_test,TASK-7B1-012,TUBE-7B1-012,1,xy_move_at_safe_z,xy_axes,224.722,0.0,distance / xy_nominal_speed_mm_s + xy_accel_allowance_s,0.842,xy_motion,Concept-level timing assumption.
pick_failure_test,TASK-7B1-012,TUBE-7B1-012,2,z_descend,z_axis,45.0,45.0,abs(delta_z) / z_nominal_speed_mm_s + z_accel_allowance_s,0.525,z_motion,Concept-level timing assumption.
pick_failure_test,TASK-7B1-012,TUBE-7B1-012,3,gripper_action,gripper,0.0,0.0,grip_close_time_s,0.6,gripper_action,Concept-level timing assumption.
pick_failure_test,TASK-7B1-012,TUBE-7B1-012,4,z_lift,z_axis,45.0,45.0,abs(delta_z) / z_nominal_speed_mm_s + z_accel_allowance_s,0.525,z_motion,Concept-level timing assumption.
pick_failure_test,TASK-7B1-012,TUBE-7B1-012,5,xy_move_at_safe_z,xy_axes,236.008,0.0,distance / xy_nominal_speed_mm_s + xy_accel_allowance_s,0.874,xy_motion,Concept-level timing assumption.
pick_failure_test,TASK-7B1-012,TUBE-7B1-012,6,z_descend,z_axis,35.0,35.0,abs(delta_z) / z_nominal_speed_mm_s + z_accel_allowance_s,0.442,z_motion,Concept-level timing assumption.
pick_failure_test,TASK-7B1-012,TUBE-7B1-012,7,scan_wait,dwell,0.0,0.0,scan_wait_time_s,1.0,scan_wait,Concept-level timing assumption.
pick_failure_test,TASK-7B1-012,TUBE-7B1-012,8,z_lift,z_axis,35.0,35.0,abs(delta_z) / z_nominal_speed_mm_s + z_accel_allowance_s,0.442,z_motion,Concept-level timing assumption.
pick_failure_test,TASK-7B1-012,TUBE-7B1-012,9,xy_move_at_safe_z,xy_axes,230.217,0.0,distance / xy_nominal_speed_mm_s + xy_accel_allowance_s,0.858,xy_motion,Concept-level timing assumption.
pick_failure_test,TASK-7B1-012,TUBE-7B1-012,10,z_descend,z_axis,55.0,55.0,abs(delta_z) / z_nominal_speed_mm_s + z_accel_allowance_s,0.608,z_motion,Concept-level timing assumption.
pick_failure_test,TASK-7B1-012,TUBE-7B1-012,11,gripper_action,gripper,0.0,0.0,grip_open_time_s,0.5,gripper_action,Concept-level timing assumption.
pick_failure_test,TASK-7B1-012,TUBE-7B1-012,12,z_lift,z_axis,55.0,55.0,abs(delta_z) / z_nominal_speed_mm_s + z_accel_allowance_s,0.608,z_motion,Concept-level timing assumption.
pick_failure_test,TASK-7B1-013,TUBE-7B1-013,1,xy_move_at_safe_z,xy_axes,184.391,0.0,distance / xy_nominal_speed_mm_s + xy_accel_allowance_s,0.727,xy_motion,Concept-level timing assumption.
pick_failure_test,TASK-7B1-013,TUBE-7B1-013,2,z_descend,z_axis,45.0,45.0,abs(delta_z) / z_nominal_speed_mm_s + z_accel_allowance_s,0.525,z_motion,Concept-level timing assumption.
pick_failure_test,TASK-7B1-013,TUBE-7B1-013,3,gripper_action,gripper,0.0,0.0,grip_close_time_s,0.6,gripper_action,Concept-level timing assumption.
pick_failure_test,TASK-7B1-013,TUBE-7B1-013,4,z_lift,z_axis,45.0,45.0,abs(delta_z) / z_nominal_speed_mm_s + z_accel_allowance_s,0.525,z_motion,Concept-level timing assumption.
pick_failure_test,TASK-7B1-013,TUBE-7B1-013,5,xy_move_at_safe_z,xy_axes,197.99,0.0,distance / xy_nominal_speed_mm_s + xy_accel_allowance_s,0.766,xy_motion,Concept-level timing assumption.
pick_failure_test,TASK-7B1-013,TUBE-7B1-013,6,z_descend,z_axis,35.0,35.0,abs(delta_z) / z_nominal_speed_mm_s + z_accel_allowance_s,0.442,z_motion,Concept-level timing assumption.
pick_failure_test,TASK-7B1-013,TUBE-7B1-013,7,scan_wait,dwell,0.0,0.0,scan_wait_time_s,1.0,scan_wait,Concept-level timing assumption.
pick_failure_test,TASK-7B1-013,TUBE-7B1-013,8,z_lift,z_axis,35.0,35.0,abs(delta_z) / z_nominal_speed_mm_s + z_accel_allowance_s,0.442,z_motion,Concept-level timing assumption.
pick_failure_test,TASK-7B1-013,TUBE-7B1-013,9,xy_move_at_safe_z,xy_axes,470.16,0.0,distance / xy_nominal_speed_mm_s + xy_accel_allowance_s,1.543,xy_motion,Concept-level timing assumption.
pick_failure_test,TASK-7B1-013,TUBE-7B1-013,10,z_descend,z_axis,55.0,55.0,abs(delta_z) / z_nominal_speed_mm_s + z_accel_allowance_s,0.608,z_motion,Concept-level timing assumption.
pick_failure_test,TASK-7B1-013,TUBE-7B1-013,11,gripper_action,gripper,0.0,0.0,grip_open_time_s,0.5,gripper_action,Concept-level timing assumption.
pick_failure_test,TASK-7B1-013,TUBE-7B1-013,12,z_lift,z_axis,55.0,55.0,abs(delta_z) / z_nominal_speed_mm_s + z_accel_allowance_s,0.608,z_motion,Concept-level timing assumption.
pick_failure_test,TASK-7B1-014,TUBE-7B1-014,1,xy_move_at_safe_z,xy_axes,166.208,0.0,distance / xy_nominal_speed_mm_s + xy_accel_allowance_s,0.675,xy_motion,Concept-level timing assumption.
pick_failure_test,TASK-7B1-014,TUBE-7B1-014,2,z_descend,z_axis,45.0,45.0,abs(delta_z) / z_nominal_speed_mm_s + z_accel_allowance_s,0.525,z_motion,Concept-level timing assumption.
pick_failure_test,TASK-7B1-014,TUBE-7B1-014,3,gripper_action,gripper,0.0,0.0,grip_close_time_s,0.6,gripper_action,Concept-level timing assumption.
pick_failure_test,TASK-7B1-014,TUBE-7B1-014,4,z_lift,z_axis,45.0,45.0,abs(delta_z) / z_nominal_speed_mm_s + z_accel_allowance_s,0.525,z_motion,Concept-level timing assumption.
pick_failure_test,TASK-7B1-014,TUBE-7B1-014,5,xy_move_at_safe_z,xy_axes,181.177,0.0,distance / xy_nominal_speed_mm_s + xy_accel_allowance_s,0.718,xy_motion,Concept-level timing assumption.
pick_failure_test,TASK-7B1-014,TUBE-7B1-014,6,z_descend,z_axis,35.0,35.0,abs(delta_z) / z_nominal_speed_mm_s + z_accel_allowance_s,0.442,z_motion,Concept-level timing assumption.
pick_failure_test,TASK-7B1-014,TUBE-7B1-014,7,scan_wait,dwell,0.0,0.0,scan_wait_time_s,1.0,scan_wait,Concept-level timing assumption.
pick_failure_test,TASK-7B1-014,TUBE-7B1-014,8,z_lift,z_axis,35.0,35.0,abs(delta_z) / z_nominal_speed_mm_s + z_accel_allowance_s,0.442,z_motion,Concept-level timing assumption.
pick_failure_test,TASK-7B1-014,TUBE-7B1-014,9,xy_move_at_safe_z,xy_axes,355.141,0.0,distance / xy_nominal_speed_mm_s + xy_accel_allowance_s,1.215,xy_motion,Concept-level timing assumption.
pick_failure_test,TASK-7B1-014,TUBE-7B1-014,10,z_descend,z_axis,55.0,55.0,abs(delta_z) / z_nominal_speed_mm_s + z_accel_allowance_s,0.608,z_motion,Concept-level timing assumption.
pick_failure_test,TASK-7B1-014,TUBE-7B1-014,11,gripper_action,gripper,0.0,0.0,grip_open_time_s,0.5,gripper_action,Concept-level timing assumption.
pick_failure_test,TASK-7B1-014,TUBE-7B1-014,12,z_lift,z_axis,55.0,55.0,abs(delta_z) / z_nominal_speed_mm_s + z_accel_allowance_s,0.608,z_motion,Concept-level timing assumption.
pick_failure_test,TASK-7B1-015,TUBE-7B1-015,1,xy_move_at_safe_z,xy_axes,258.118,0.0,distance / xy_nominal_speed_mm_s + xy_accel_allowance_s,0.937,xy_motion,Concept-level timing assumption.
pick_failure_test,TASK-7B1-015,TUBE-7B1-015,2,z_descend,z_axis,45.0,45.0,abs(delta_z) / z_nominal_speed_mm_s + z_accel_allowance_s,0.525,z_motion,Concept-level timing assumption.
pick_failure_test,TASK-7B1-015,TUBE-7B1-015,3,gripper_action,gripper,0.0,0.0,grip_close_time_s,0.6,gripper_action,Concept-level timing assumption.
pick_failure_test,TASK-7B1-015,TUBE-7B1-015,4,z_lift,z_axis,45.0,45.0,abs(delta_z) / z_nominal_speed_mm_s + z_accel_allowance_s,0.525,z_motion,Concept-level timing assumption.
pick_failure_test,TASK-7B1-015,TUBE-7B1-015,5,xy_move_at_safe_z,xy_axes,266.13,0.0,distance / xy_nominal_speed_mm_s + xy_accel_allowance_s,0.96,xy_motion,Concept-level timing assumption.
pick_failure_test,TASK-7B1-015,TUBE-7B1-015,6,z_descend,z_axis,35.0,35.0,abs(delta_z) / z_nominal_speed_mm_s + z_accel_allowance_s,0.442,z_motion,Concept-level timing assumption.
pick_failure_test,TASK-7B1-015,TUBE-7B1-015,7,scan_wait,dwell,0.0,0.0,scan_wait_time_s,1.0,scan_wait,Concept-level timing assumption.
pick_failure_test,TASK-7B1-015,TUBE-7B1-015,8,z_lift,z_axis,35.0,35.0,abs(delta_z) / z_nominal_speed_mm_s + z_accel_allowance_s,0.442,z_motion,Concept-level timing assumption.
pick_failure_test,TASK-7B1-015,TUBE-7B1-015,9,xy_move_at_safe_z,xy_axes,318.002,0.0,distance / xy_nominal_speed_mm_s + xy_accel_allowance_s,1.109,xy_motion,Concept-level timing assumption.
pick_failure_test,TASK-7B1-015,TUBE-7B1-015,10,z_descend,z_axis,55.0,55.0,abs(delta_z) / z_nominal_speed_mm_s + z_accel_allowance_s,0.608,z_motion,Concept-level timing assumption.
pick_failure_test,TASK-7B1-015,TUBE-7B1-015,11,gripper_action,gripper,0.0,0.0,grip_open_time_s,0.5,gripper_action,Concept-level timing assumption.
pick_failure_test,TASK-7B1-015,TUBE-7B1-015,12,z_lift,z_axis,55.0,55.0,abs(delta_z) / z_nominal_speed_mm_s + z_accel_allowance_s,0.608,z_motion,Concept-level timing assumption.
pick_failure_test,TASK-7B1-016,TUBE-7B1-016,1,xy_move_at_safe_z,xy_axes,212.426,0.0,distance / xy_nominal_speed_mm_s + xy_accel_allowance_s,0.807,xy_motion,Concept-level timing assumption.
pick_failure_test,TASK-7B1-016,TUBE-7B1-016,2,z_descend,z_axis,45.0,45.0,abs(delta_z) / z_nominal_speed_mm_s + z_accel_allowance_s,0.525,z_motion,Concept-level timing assumption.
pick_failure_test,TASK-7B1-016,TUBE-7B1-016,3,gripper_action,gripper,0.0,0.0,grip_close_time_s,0.6,gripper_action,Concept-level timing assumption.
pick_failure_test,TASK-7B1-016,TUBE-7B1-016,4,z_lift,z_axis,45.0,45.0,abs(delta_z) / z_nominal_speed_mm_s + z_accel_allowance_s,0.525,z_motion,Concept-level timing assumption.
pick_failure_test,TASK-7B1-016,TUBE-7B1-016,5,xy_move_at_safe_z,xy_axes,222.092,0.0,distance / xy_nominal_speed_mm_s + xy_accel_allowance_s,0.835,xy_motion,Concept-level timing assumption.
pick_failure_test,TASK-7B1-016,TUBE-7B1-016,6,z_descend,z_axis,35.0,35.0,abs(delta_z) / z_nominal_speed_mm_s + z_accel_allowance_s,0.442,z_motion,Concept-level timing assumption.
pick_failure_test,TASK-7B1-016,TUBE-7B1-016,7,scan_wait,dwell,0.0,0.0,scan_wait_time_s,1.0,scan_wait,Concept-level timing assumption.
pick_failure_test,TASK-7B1-016,TUBE-7B1-016,8,z_lift,z_axis,35.0,35.0,abs(delta_z) / z_nominal_speed_mm_s + z_accel_allowance_s,0.442,z_motion,Concept-level timing assumption.
pick_failure_test,TASK-7B1-016,TUBE-7B1-016,9,xy_move_at_safe_z,xy_axes,447.353,0.0,distance / xy_nominal_speed_mm_s + xy_accel_allowance_s,1.478,xy_motion,Concept-level timing assumption.
pick_failure_test,TASK-7B1-016,TUBE-7B1-016,10,z_descend,z_axis,55.0,55.0,abs(delta_z) / z_nominal_speed_mm_s + z_accel_allowance_s,0.608,z_motion,Concept-level timing assumption.
pick_failure_test,TASK-7B1-016,TUBE-7B1-016,11,gripper_action,gripper,0.0,0.0,grip_open_time_s,0.5,gripper_action,Concept-level timing assumption.
pick_failure_test,TASK-7B1-016,TUBE-7B1-016,12,z_lift,z_axis,55.0,55.0,abs(delta_z) / z_nominal_speed_mm_s + z_accel_allowance_s,0.608,z_motion,Concept-level timing assumption.
pick_failure_test,TASK-7B1-017,TUBE-7B1-017,1,xy_move_at_safe_z,xy_axes,190.394,0.0,distance / xy_nominal_speed_mm_s + xy_accel_allowance_s,0.744,xy_motion,Concept-level timing assumption.
pick_failure_test,TASK-7B1-017,TUBE-7B1-017,2,z_descend,z_axis,45.0,45.0,abs(delta_z) / z_nominal_speed_mm_s + z_accel_allowance_s,0.525,z_motion,Concept-level timing assumption.
pick_failure_test,TASK-7B1-017,TUBE-7B1-017,3,gripper_action,gripper,0.0,0.0,grip_close_time_s,0.6,gripper_action,Concept-level timing assumption.
pick_failure_test,TASK-7B1-017,TUBE-7B1-017,4,z_lift,z_axis,45.0,45.0,abs(delta_z) / z_nominal_speed_mm_s + z_accel_allowance_s,0.525,z_motion,Concept-level timing assumption.
pick_failure_test,TASK-7B1-017,TUBE-7B1-017,5,xy_move_at_safe_z,xy_axes,201.122,0.0,distance / xy_nominal_speed_mm_s + xy_accel_allowance_s,0.775,xy_motion,Concept-level timing assumption.
pick_failure_test,TASK-7B1-017,TUBE-7B1-017,6,z_descend,z_axis,35.0,35.0,abs(delta_z) / z_nominal_speed_mm_s + z_accel_allowance_s,0.442,z_motion,Concept-level timing assumption.
pick_failure_test,TASK-7B1-017,TUBE-7B1-017,7,scan_wait,dwell,0.0,0.0,scan_wait_time_s,1.0,scan_wait,Concept-level timing assumption.
pick_failure_test,TASK-7B1-017,TUBE-7B1-017,8,z_lift,z_axis,35.0,35.0,abs(delta_z) / z_nominal_speed_mm_s + z_accel_allowance_s,0.442,z_motion,Concept-level timing assumption.
pick_failure_test,TASK-7B1-017,TUBE-7B1-017,9,xy_move_at_safe_z,xy_axes,255.196,0.0,distance / xy_nominal_speed_mm_s + xy_accel_allowance_s,0.929,xy_motion,Concept-level timing assumption.
pick_failure_test,TASK-7B1-017,TUBE-7B1-017,10,z_descend,z_axis,55.0,55.0,abs(delta_z) / z_nominal_speed_mm_s + z_accel_allowance_s,0.608,z_motion,Concept-level timing assumption.
pick_failure_test,TASK-7B1-017,TUBE-7B1-017,11,gripper_action,gripper,0.0,0.0,grip_open_time_s,0.5,gripper_action,Concept-level timing assumption.
pick_failure_test,TASK-7B1-017,TUBE-7B1-017,12,z_lift,z_axis,55.0,55.0,abs(delta_z) / z_nominal_speed_mm_s + z_accel_allowance_s,0.608,z_motion,Concept-level timing assumption.
pick_failure_test,TASK-7B1-018,TUBE-7B1-018,1,xy_move_at_safe_z,xy_axes,169.189,0.0,distance / xy_nominal_speed_mm_s + xy_accel_allowance_s,0.683,xy_motion,Concept-level timing assumption.
pick_failure_test,TASK-7B1-018,TUBE-7B1-018,2,z_descend,z_axis,45.0,45.0,abs(delta_z) / z_nominal_speed_mm_s + z_accel_allowance_s,0.525,z_motion,Concept-level timing assumption.
pick_failure_test,TASK-7B1-018,TUBE-7B1-018,3,gripper_action,gripper,0.0,0.0,grip_close_time_s,0.6,gripper_action,Concept-level timing assumption.
pick_failure_test,TASK-7B1-018,TUBE-7B1-018,4,z_lift,z_axis,45.0,45.0,abs(delta_z) / z_nominal_speed_mm_s + z_accel_allowance_s,0.525,z_motion,Concept-level timing assumption.
pick_failure_test,TASK-7B1-018,TUBE-7B1-018,5,xy_move_at_safe_z,xy_axes,181.177,0.0,distance / xy_nominal_speed_mm_s + xy_accel_allowance_s,0.718,xy_motion,Concept-level timing assumption.
pick_failure_test,TASK-7B1-018,TUBE-7B1-018,6,z_descend,z_axis,35.0,35.0,abs(delta_z) / z_nominal_speed_mm_s + z_accel_allowance_s,0.442,z_motion,Concept-level timing assumption.
pick_failure_test,TASK-7B1-018,TUBE-7B1-018,7,scan_wait,dwell,0.0,0.0,scan_wait_time_s,1.0,scan_wait,Concept-level timing assumption.
pick_failure_test,TASK-7B1-018,TUBE-7B1-018,8,z_lift,z_axis,35.0,35.0,abs(delta_z) / z_nominal_speed_mm_s + z_accel_allowance_s,0.442,z_motion,Concept-level timing assumption.
pick_failure_test,TASK-7B1-018,TUBE-7B1-018,9,xy_move_at_safe_z,xy_axes,380.132,0.0,distance / xy_nominal_speed_mm_s + xy_accel_allowance_s,1.286,xy_motion,Concept-level timing assumption.
pick_failure_test,TASK-7B1-018,TUBE-7B1-018,10,z_descend,z_axis,55.0,55.0,abs(delta_z) / z_nominal_speed_mm_s + z_accel_allowance_s,0.608,z_motion,Concept-level timing assumption.
pick_failure_test,TASK-7B1-018,TUBE-7B1-018,11,gripper_action,gripper,0.0,0.0,grip_open_time_s,0.5,gripper_action,Concept-level timing assumption.
pick_failure_test,TASK-7B1-018,TUBE-7B1-018,12,z_lift,z_axis,55.0,55.0,abs(delta_z) / z_nominal_speed_mm_s + z_accel_allowance_s,0.608,z_motion,Concept-level timing assumption.
pick_failure_test,TASK-7B1-019,TUBE-7B1-019,1,xy_move_at_safe_z,xy_axes,180.278,0.0,distance / xy_nominal_speed_mm_s + xy_accel_allowance_s,0.715,xy_motion,Concept-level timing assumption.
pick_failure_test,TASK-7B1-019,TUBE-7B1-019,2,z_descend,z_axis,45.0,45.0,abs(delta_z) / z_nominal_speed_mm_s + z_accel_allowance_s,0.525,z_motion,Concept-level timing assumption.
pick_failure_test,TASK-7B1-019,TUBE-7B1-019,3,gripper_action,gripper,0.0,0.0,grip_close_time_s,0.6,gripper_action,Concept-level timing assumption.
pick_failure_test,TASK-7B1-019,TUBE-7B1-019,4,z_lift,z_axis,45.0,45.0,abs(delta_z) / z_nominal_speed_mm_s + z_accel_allowance_s,0.525,z_motion,Concept-level timing assumption.
pick_failure_test,TASK-7B1-019,TUBE-7B1-019,5,xy_move_at_safe_z,xy_axes,199.249,0.0,distance / xy_nominal_speed_mm_s + xy_accel_allowance_s,0.769,xy_motion,Concept-level timing assumption.
pick_failure_test,TASK-7B1-019,TUBE-7B1-019,6,z_descend,z_axis,35.0,35.0,abs(delta_z) / z_nominal_speed_mm_s + z_accel_allowance_s,0.442,z_motion,Concept-level timing assumption.
pick_failure_test,TASK-7B1-019,TUBE-7B1-019,7,scan_wait,dwell,0.0,0.0,scan_wait_time_s,1.0,scan_wait,Concept-level timing assumption.
pick_failure_test,TASK-7B1-019,TUBE-7B1-019,8,z_lift,z_axis,35.0,35.0,abs(delta_z) / z_nominal_speed_mm_s + z_accel_allowance_s,0.442,z_motion,Concept-level timing assumption.
pick_failure_test,TASK-7B1-019,TUBE-7B1-019,9,xy_move_at_safe_z,xy_axes,338.378,0.0,distance / xy_nominal_speed_mm_s + xy_accel_allowance_s,1.167,xy_motion,Concept-level timing assumption.
pick_failure_test,TASK-7B1-019,TUBE-7B1-019,10,z_descend,z_axis,55.0,55.0,abs(delta_z) / z_nominal_speed_mm_s + z_accel_allowance_s,0.608,z_motion,Concept-level timing assumption.
pick_failure_test,TASK-7B1-019,TUBE-7B1-019,11,gripper_action,gripper,0.0,0.0,grip_open_time_s,0.5,gripper_action,Concept-level timing assumption.
pick_failure_test,TASK-7B1-019,TUBE-7B1-019,12,z_lift,z_axis,55.0,55.0,abs(delta_z) / z_nominal_speed_mm_s + z_accel_allowance_s,0.608,z_motion,Concept-level timing assumption.
pick_failure_test,TASK-7B1-020,TUBE-7B1-020,1,xy_move_at_safe_z,xy_axes,173.566,0.0,distance / xy_nominal_speed_mm_s + xy_accel_allowance_s,0.696,xy_motion,Concept-level timing assumption.
pick_failure_test,TASK-7B1-020,TUBE-7B1-020,2,z_descend,z_axis,45.0,45.0,abs(delta_z) / z_nominal_speed_mm_s + z_accel_allowance_s,0.525,z_motion,Concept-level timing assumption.
pick_failure_test,TASK-7B1-020,TUBE-7B1-020,3,gripper_action,gripper,0.0,0.0,grip_close_time_s,0.6,gripper_action,Concept-level timing assumption.
pick_failure_test,TASK-7B1-020,TUBE-7B1-020,4,z_lift,z_axis,45.0,45.0,abs(delta_z) / z_nominal_speed_mm_s + z_accel_allowance_s,0.525,z_motion,Concept-level timing assumption.
pick_failure_test,TASK-7B1-020,TUBE-7B1-020,5,xy_move_at_safe_z,xy_axes,193.197,0.0,distance / xy_nominal_speed_mm_s + xy_accel_allowance_s,0.752,xy_motion,Concept-level timing assumption.
pick_failure_test,TASK-7B1-020,TUBE-7B1-020,6,z_descend,z_axis,35.0,35.0,abs(delta_z) / z_nominal_speed_mm_s + z_accel_allowance_s,0.442,z_motion,Concept-level timing assumption.
pick_failure_test,TASK-7B1-020,TUBE-7B1-020,7,scan_wait,dwell,0.0,0.0,scan_wait_time_s,1.0,scan_wait,Concept-level timing assumption.
pick_failure_test,TASK-7B1-020,TUBE-7B1-020,8,z_lift,z_axis,35.0,35.0,abs(delta_z) / z_nominal_speed_mm_s + z_accel_allowance_s,0.442,z_motion,Concept-level timing assumption.
pick_failure_test,TASK-7B1-020,TUBE-7B1-020,9,xy_move_at_safe_z,xy_axes,470.106,0.0,distance / xy_nominal_speed_mm_s + xy_accel_allowance_s,1.543,xy_motion,Concept-level timing assumption.
pick_failure_test,TASK-7B1-020,TUBE-7B1-020,10,z_descend,z_axis,55.0,55.0,abs(delta_z) / z_nominal_speed_mm_s + z_accel_allowance_s,0.608,z_motion,Concept-level timing assumption.
pick_failure_test,TASK-7B1-020,TUBE-7B1-020,11,gripper_action,gripper,0.0,0.0,grip_open_time_s,0.5,gripper_action,Concept-level timing assumption.
pick_failure_test,TASK-7B1-020,TUBE-7B1-020,12,z_lift,z_axis,55.0,55.0,abs(delta_z) / z_nominal_speed_mm_s + z_accel_allowance_s,0.608,z_motion,Concept-level timing assumption.
pick_failure_test,TASK-7B1-021,TUBE-7B1-021,1,xy_move_at_safe_z,xy_axes,170.294,0.0,distance / xy_nominal_speed_mm_s + xy_accel_allowance_s,0.687,xy_motion,Concept-level timing assumption.
pick_failure_test,TASK-7B1-021,TUBE-7B1-021,2,z_descend,z_axis,45.0,45.0,abs(delta_z) / z_nominal_speed_mm_s + z_accel_allowance_s,0.525,z_motion,Concept-level timing assumption.
pick_failure_test,TASK-7B1-021,TUBE-7B1-021,3,gripper_action,gripper,0.0,0.0,grip_close_time_s,0.6,gripper_action,Concept-level timing assumption.
pick_failure_test,TASK-7B1-021,TUBE-7B1-021,4,z_lift,z_axis,45.0,45.0,abs(delta_z) / z_nominal_speed_mm_s + z_accel_allowance_s,0.525,z_motion,Concept-level timing assumption.
pick_failure_test,TASK-7B1-021,TUBE-7B1-021,5,xy_move_at_safe_z,xy_axes,190.263,0.0,distance / xy_nominal_speed_mm_s + xy_accel_allowance_s,0.744,xy_motion,Concept-level timing assumption.
pick_failure_test,TASK-7B1-021,TUBE-7B1-021,6,z_descend,z_axis,35.0,35.0,abs(delta_z) / z_nominal_speed_mm_s + z_accel_allowance_s,0.442,z_motion,Concept-level timing assumption.
pick_failure_test,TASK-7B1-021,TUBE-7B1-021,7,scan_wait,dwell,0.0,0.0,scan_wait_time_s,1.0,scan_wait,Concept-level timing assumption.
pick_failure_test,TASK-7B1-021,TUBE-7B1-021,8,z_lift,z_axis,35.0,35.0,abs(delta_z) / z_nominal_speed_mm_s + z_accel_allowance_s,0.442,z_motion,Concept-level timing assumption.
pick_failure_test,TASK-7B1-021,TUBE-7B1-021,9,xy_move_at_safe_z,xy_axes,280.179,0.0,distance / xy_nominal_speed_mm_s + xy_accel_allowance_s,1.001,xy_motion,Concept-level timing assumption.
pick_failure_test,TASK-7B1-021,TUBE-7B1-021,10,z_descend,z_axis,55.0,55.0,abs(delta_z) / z_nominal_speed_mm_s + z_accel_allowance_s,0.608,z_motion,Concept-level timing assumption.
pick_failure_test,TASK-7B1-021,TUBE-7B1-021,11,gripper_action,gripper,0.0,0.0,grip_open_time_s,0.5,gripper_action,Concept-level timing assumption.
pick_failure_test,TASK-7B1-021,TUBE-7B1-021,12,z_lift,z_axis,55.0,55.0,abs(delta_z) / z_nominal_speed_mm_s + z_accel_allowance_s,0.608,z_motion,Concept-level timing assumption.
pick_failure_test,TASK-7B1-022,TUBE-7B1-022,1,xy_move_at_safe_z,xy_axes,174.642,0.0,distance / xy_nominal_speed_mm_s + xy_accel_allowance_s,0.699,xy_motion,Concept-level timing assumption.
pick_failure_test,TASK-7B1-022,TUBE-7B1-022,2,z_descend,z_axis,45.0,45.0,abs(delta_z) / z_nominal_speed_mm_s + z_accel_allowance_s,0.525,z_motion,Concept-level timing assumption.
pick_failure_test,TASK-7B1-022,TUBE-7B1-022,3,gripper_action,gripper,0.0,0.0,grip_close_time_s,0.6,gripper_action,Concept-level timing assumption.
pick_failure_test,TASK-7B1-022,TUBE-7B1-022,4,z_lift,z_axis,45.0,45.0,abs(delta_z) / z_nominal_speed_mm_s + z_accel_allowance_s,0.525,z_motion,Concept-level timing assumption.
pick_failure_test,TASK-7B1-022,TUBE-7B1-022,5,xy_move_at_safe_z,xy_axes,194.165,0.0,distance / xy_nominal_speed_mm_s + xy_accel_allowance_s,0.755,xy_motion,Concept-level timing assumption.
pick_failure_test,TASK-7B1-022,TUBE-7B1-022,6,z_descend,z_axis,35.0,35.0,abs(delta_z) / z_nominal_speed_mm_s + z_accel_allowance_s,0.442,z_motion,Concept-level timing assumption.
pick_failure_test,TASK-7B1-022,TUBE-7B1-022,7,scan_wait,dwell,0.0,0.0,scan_wait_time_s,1.0,scan_wait,Concept-level timing assumption.
pick_failure_test,TASK-7B1-022,TUBE-7B1-022,8,z_lift,z_axis,35.0,35.0,abs(delta_z) / z_nominal_speed_mm_s + z_accel_allowance_s,0.442,z_motion,Concept-level timing assumption.
pick_failure_test,TASK-7B1-022,TUBE-7B1-022,9,xy_move_at_safe_z,xy_axes,405.123,0.0,distance / xy_nominal_speed_mm_s + xy_accel_allowance_s,1.357,xy_motion,Concept-level timing assumption.
pick_failure_test,TASK-7B1-022,TUBE-7B1-022,10,z_descend,z_axis,55.0,55.0,abs(delta_z) / z_nominal_speed_mm_s + z_accel_allowance_s,0.608,z_motion,Concept-level timing assumption.
pick_failure_test,TASK-7B1-022,TUBE-7B1-022,11,gripper_action,gripper,0.0,0.0,grip_open_time_s,0.5,gripper_action,Concept-level timing assumption.
pick_failure_test,TASK-7B1-022,TUBE-7B1-022,12,z_lift,z_axis,55.0,55.0,abs(delta_z) / z_nominal_speed_mm_s + z_accel_allowance_s,0.608,z_motion,Concept-level timing assumption.
pick_failure_test,TASK-7B1-023,TUBE-7B1-023,1,xy_move_at_safe_z,xy_axes,182.003,0.0,distance / xy_nominal_speed_mm_s + xy_accel_allowance_s,0.72,xy_motion,Concept-level timing assumption.
pick_failure_test,TASK-7B1-023,TUBE-7B1-023,2,z_descend,z_axis,45.0,45.0,abs(delta_z) / z_nominal_speed_mm_s + z_accel_allowance_s,0.525,z_motion,Concept-level timing assumption.
pick_failure_test,TASK-7B1-023,TUBE-7B1-023,3,gripper_action,gripper,0.0,0.0,grip_close_time_s,0.6,gripper_action,Concept-level timing assumption.
pick_failure_test,TASK-7B1-023,TUBE-7B1-023,4,z_lift,z_axis,45.0,45.0,abs(delta_z) / z_nominal_speed_mm_s + z_accel_allowance_s,0.525,z_motion,Concept-level timing assumption.
pick_failure_test,TASK-7B1-023,TUBE-7B1-023,5,xy_move_at_safe_z,xy_axes,200.811,0.0,distance / xy_nominal_speed_mm_s + xy_accel_allowance_s,0.774,xy_motion,Concept-level timing assumption.
pick_failure_test,TASK-7B1-023,TUBE-7B1-023,6,z_descend,z_axis,35.0,35.0,abs(delta_z) / z_nominal_speed_mm_s + z_accel_allowance_s,0.442,z_motion,Concept-level timing assumption.
pick_failure_test,TASK-7B1-023,TUBE-7B1-023,7,scan_wait,dwell,0.0,0.0,scan_wait_time_s,1.0,scan_wait,Concept-level timing assumption.
pick_failure_test,TASK-7B1-023,TUBE-7B1-023,8,z_lift,z_axis,35.0,35.0,abs(delta_z) / z_nominal_speed_mm_s + z_accel_allowance_s,0.442,z_motion,Concept-level timing assumption.
pick_failure_test,TASK-7B1-023,TUBE-7B1-023,9,xy_move_at_safe_z,xy_axes,359.34,0.0,distance / xy_nominal_speed_mm_s + xy_accel_allowance_s,1.227,xy_motion,Concept-level timing assumption.
pick_failure_test,TASK-7B1-023,TUBE-7B1-023,10,z_descend,z_axis,55.0,55.0,abs(delta_z) / z_nominal_speed_mm_s + z_accel_allowance_s,0.608,z_motion,Concept-level timing assumption.
pick_failure_test,TASK-7B1-023,TUBE-7B1-023,11,gripper_action,gripper,0.0,0.0,grip_open_time_s,0.5,gripper_action,Concept-level timing assumption.
pick_failure_test,TASK-7B1-023,TUBE-7B1-023,12,z_lift,z_axis,55.0,55.0,abs(delta_z) / z_nominal_speed_mm_s + z_accel_allowance_s,0.608,z_motion,Concept-level timing assumption.
pick_failure_test,TASK-7B1-024,TUBE-7B1-024,1,xy_move_at_safe_z,xy_axes,145.344,0.0,distance / xy_nominal_speed_mm_s + xy_accel_allowance_s,0.615,xy_motion,Concept-level timing assumption.
pick_failure_test,TASK-7B1-024,TUBE-7B1-024,2,z_descend,z_axis,45.0,45.0,abs(delta_z) / z_nominal_speed_mm_s + z_accel_allowance_s,0.525,z_motion,Concept-level timing assumption.
pick_failure_test,TASK-7B1-024,TUBE-7B1-024,3,gripper_action,gripper,0.0,0.0,grip_close_time_s,0.6,gripper_action,Concept-level timing assumption.
pick_failure_test,TASK-7B1-024,TUBE-7B1-024,4,z_lift,z_axis,45.0,45.0,abs(delta_z) / z_nominal_speed_mm_s + z_accel_allowance_s,0.525,z_motion,Concept-level timing assumption.
pick_failure_test,TASK-7B1-024,TUBE-7B1-024,5,xy_move_at_safe_z,xy_axes,165.303,0.0,distance / xy_nominal_speed_mm_s + xy_accel_allowance_s,0.672,xy_motion,Concept-level timing assumption.
pick_failure_test,TASK-7B1-024,TUBE-7B1-024,6,z_descend,z_axis,35.0,35.0,abs(delta_z) / z_nominal_speed_mm_s + z_accel_allowance_s,0.442,z_motion,Concept-level timing assumption.
pick_failure_test,TASK-7B1-024,TUBE-7B1-024,7,scan_wait,dwell,0.0,0.0,scan_wait_time_s,1.0,scan_wait,Concept-level timing assumption.
pick_failure_test,TASK-7B1-024,TUBE-7B1-024,8,z_lift,z_axis,35.0,35.0,abs(delta_z) / z_nominal_speed_mm_s + z_accel_allowance_s,0.442,z_motion,Concept-level timing assumption.
pick_failure_test,TASK-7B1-024,TUBE-7B1-024,9,xy_move_at_safe_z,xy_axes,493.077,0.0,distance / xy_nominal_speed_mm_s + xy_accel_allowance_s,1.609,xy_motion,Concept-level timing assumption.
pick_failure_test,TASK-7B1-024,TUBE-7B1-024,10,z_descend,z_axis,55.0,55.0,abs(delta_z) / z_nominal_speed_mm_s + z_accel_allowance_s,0.608,z_motion,Concept-level timing assumption.
pick_failure_test,TASK-7B1-024,TUBE-7B1-024,11,gripper_action,gripper,0.0,0.0,grip_open_time_s,0.5,gripper_action,Concept-level timing assumption.
pick_failure_test,TASK-7B1-024,TUBE-7B1-024,12,z_lift,z_axis,55.0,55.0,abs(delta_z) / z_nominal_speed_mm_s + z_accel_allowance_s,0.608,z_motion,Concept-level timing assumption.
pick_failure_test,TASK-7B1-025,TUBE-7B1-025,1,xy_move_at_safe_z,xy_axes,145.774,0.0,distance / xy_nominal_speed_mm_s + xy_accel_allowance_s,0.616,xy_motion,Concept-level timing assumption.
pick_failure_test,TASK-7B1-025,TUBE-7B1-025,2,z_descend,z_axis,45.0,45.0,abs(delta_z) / z_nominal_speed_mm_s + z_accel_allowance_s,0.525,z_motion,Concept-level timing assumption.
pick_failure_test,TASK-7B1-025,TUBE-7B1-025,3,gripper_action,gripper,0.0,0.0,grip_close_time_s,0.6,gripper_action,Concept-level timing assumption.
pick_failure_test,TASK-7B1-025,TUBE-7B1-025,4,z_lift,z_axis,45.0,45.0,abs(delta_z) / z_nominal_speed_mm_s + z_accel_allowance_s,0.525,z_motion,Concept-level timing assumption.
pick_failure_test,TASK-7B1-025,TUBE-7B1-025,5,xy_move_at_safe_z,xy_axes,165.68,0.0,distance / xy_nominal_speed_mm_s + xy_accel_allowance_s,0.673,xy_motion,Concept-level timing assumption.
pick_failure_test,TASK-7B1-025,TUBE-7B1-025,6,z_descend,z_axis,35.0,35.0,abs(delta_z) / z_nominal_speed_mm_s + z_accel_allowance_s,0.442,z_motion,Concept-level timing assumption.
pick_failure_test,TASK-7B1-025,TUBE-7B1-025,7,scan_wait,dwell,0.0,0.0,scan_wait_time_s,1.0,scan_wait,Concept-level timing assumption.
pick_failure_test,TASK-7B1-025,TUBE-7B1-025,8,z_lift,z_axis,35.0,35.0,abs(delta_z) / z_nominal_speed_mm_s + z_accel_allowance_s,0.442,z_motion,Concept-level timing assumption.
pick_failure_test,TASK-7B1-025,TUBE-7B1-025,9,xy_move_at_safe_z,xy_axes,305.164,0.0,distance / xy_nominal_speed_mm_s + xy_accel_allowance_s,1.072,xy_motion,Concept-level timing assumption.
pick_failure_test,TASK-7B1-025,TUBE-7B1-025,10,z_descend,z_axis,55.0,55.0,abs(delta_z) / z_nominal_speed_mm_s + z_accel_allowance_s,0.608,z_motion,Concept-level timing assumption.
pick_failure_test,TASK-7B1-025,TUBE-7B1-025,11,gripper_action,gripper,0.0,0.0,grip_open_time_s,0.5,gripper_action,Concept-level timing assumption.
pick_failure_test,TASK-7B1-025,TUBE-7B1-025,12,z_lift,z_axis,55.0,55.0,abs(delta_z) / z_nominal_speed_mm_s + z_accel_allowance_s,0.608,z_motion,Concept-level timing assumption.
pick_failure_test,TASK-7B1-026,TUBE-7B1-026,1,xy_move_at_safe_z,xy_axes,150.416,0.0,distance / xy_nominal_speed_mm_s + xy_accel_allowance_s,0.63,xy_motion,Concept-level timing assumption.
pick_failure_test,TASK-7B1-026,TUBE-7B1-026,2,z_descend,z_axis,45.0,45.0,abs(delta_z) / z_nominal_speed_mm_s + z_accel_allowance_s,0.525,z_motion,Concept-level timing assumption.
pick_failure_test,TASK-7B1-026,TUBE-7B1-026,3,gripper_action,gripper,0.0,0.0,grip_close_time_s,0.6,gripper_action,Concept-level timing assumption.
pick_failure_test,TASK-7B1-026,TUBE-7B1-026,4,z_lift,z_axis,45.0,45.0,abs(delta_z) / z_nominal_speed_mm_s + z_accel_allowance_s,0.525,z_motion,Concept-level timing assumption.
pick_failure_test,TASK-7B1-026,TUBE-7B1-026,5,xy_move_at_safe_z,xy_axes,169.779,0.0,distance / xy_nominal_speed_mm_s + xy_accel_allowance_s,0.685,xy_motion,Concept-level timing assumption.
pick_failure_test,TASK-7B1-026,TUBE-7B1-026,6,z_descend,z_axis,35.0,35.0,abs(delta_z) / z_nominal_speed_mm_s + z_accel_allowance_s,0.442,z_motion,Concept-level timing assumption.
pick_failure_test,TASK-7B1-026,TUBE-7B1-026,7,scan_wait,dwell,0.0,0.0,scan_wait_time_s,1.0,scan_wait,Concept-level timing assumption.
pick_failure_test,TASK-7B1-026,TUBE-7B1-026,8,z_lift,z_axis,35.0,35.0,abs(delta_z) / z_nominal_speed_mm_s + z_accel_allowance_s,0.442,z_motion,Concept-level timing assumption.
pick_failure_test,TASK-7B1-026,TUBE-7B1-026,9,xy_move_at_safe_z,xy_axes,430.116,0.0,distance / xy_nominal_speed_mm_s + xy_accel_allowance_s,1.429,xy_motion,Concept-level timing assumption.
pick_failure_test,TASK-7B1-026,TUBE-7B1-026,10,z_descend,z_axis,55.0,55.0,abs(delta_z) / z_nominal_speed_mm_s + z_accel_allowance_s,0.608,z_motion,Concept-level timing assumption.
pick_failure_test,TASK-7B1-026,TUBE-7B1-026,11,gripper_action,gripper,0.0,0.0,grip_open_time_s,0.5,gripper_action,Concept-level timing assumption.
pick_failure_test,TASK-7B1-026,TUBE-7B1-026,12,z_lift,z_axis,55.0,55.0,abs(delta_z) / z_nominal_speed_mm_s + z_accel_allowance_s,0.608,z_motion,Concept-level timing assumption.
pick_failure_test,TASK-7B1-027,TUBE-7B1-027,1,xy_move_at_safe_z,xy_axes,134.164,0.0,distance / xy_nominal_speed_mm_s + xy_accel_allowance_s,0.583,xy_motion,Concept-level timing assumption.
pick_failure_test,TASK-7B1-027,TUBE-7B1-027,2,z_descend,z_axis,45.0,45.0,abs(delta_z) / z_nominal_speed_mm_s + z_accel_allowance_s,0.525,z_motion,Concept-level timing assumption.
pick_failure_test,TASK-7B1-027,TUBE-7B1-027,3,gripper_action,gripper,0.0,0.0,grip_close_time_s,0.6,gripper_action,Concept-level timing assumption.
pick_failure_test,TASK-7B1-027,TUBE-7B1-027,4,z_lift,z_axis,45.0,45.0,abs(delta_z) / z_nominal_speed_mm_s + z_accel_allowance_s,0.525,z_motion,Concept-level timing assumption.
pick_failure_test,TASK-7B1-027,TUBE-7B1-027,5,xy_move_at_safe_z,xy_axes,152.315,0.0,distance / xy_nominal_speed_mm_s + xy_accel_allowance_s,0.635,xy_motion,Concept-level timing assumption.
pick_failure_test,TASK-7B1-027,TUBE-7B1-027,6,z_descend,z_axis,35.0,35.0,abs(delta_z) / z_nominal_speed_mm_s + z_accel_allowance_s,0.442,z_motion,Concept-level timing assumption.
pick_failure_test,TASK-7B1-027,TUBE-7B1-027,7,scan_wait,dwell,0.0,0.0,scan_wait_time_s,1.0,scan_wait,Concept-level timing assumption.
pick_failure_test,TASK-7B1-027,TUBE-7B1-027,8,z_lift,z_axis,35.0,35.0,abs(delta_z) / z_nominal_speed_mm_s + z_accel_allowance_s,0.442,z_motion,Concept-level timing assumption.
pick_failure_test,TASK-7B1-027,TUBE-7B1-027,9,xy_move_at_safe_z,xy_axes,244.182,0.0,distance / xy_nominal_speed_mm_s + xy_accel_allowance_s,0.898,xy_motion,Concept-level timing assumption.
pick_failure_test,TASK-7B1-027,TUBE-7B1-027,10,z_descend,z_axis,55.0,55.0,abs(delta_z) / z_nominal_speed_mm_s + z_accel_allowance_s,0.608,z_motion,Concept-level timing assumption.
pick_failure_test,TASK-7B1-027,TUBE-7B1-027,11,gripper_action,gripper,0.0,0.0,grip_open_time_s,0.5,gripper_action,Concept-level timing assumption.
pick_failure_test,TASK-7B1-027,TUBE-7B1-027,12,z_lift,z_axis,55.0,55.0,abs(delta_z) / z_nominal_speed_mm_s + z_accel_allowance_s,0.608,z_motion,Concept-level timing assumption.
pick_failure_test,TASK-7B1-028,TUBE-7B1-028,1,xy_move_at_safe_z,xy_axes,125.0,0.0,distance / xy_nominal_speed_mm_s + xy_accel_allowance_s,0.557,xy_motion,Concept-level timing assumption.
pick_failure_test,TASK-7B1-028,TUBE-7B1-028,2,z_descend,z_axis,45.0,45.0,abs(delta_z) / z_nominal_speed_mm_s + z_accel_allowance_s,0.525,z_motion,Concept-level timing assumption.
pick_failure_test,TASK-7B1-028,TUBE-7B1-028,3,gripper_action,gripper,0.0,0.0,grip_close_time_s,0.6,gripper_action,Concept-level timing assumption.
pick_failure_test,TASK-7B1-028,TUBE-7B1-028,4,z_lift,z_axis,45.0,45.0,abs(delta_z) / z_nominal_speed_mm_s + z_accel_allowance_s,0.525,z_motion,Concept-level timing assumption.
pick_failure_test,TASK-7B1-028,TUBE-7B1-028,5,xy_move_at_safe_z,xy_axes,144.309,0.0,distance / xy_nominal_speed_mm_s + xy_accel_allowance_s,0.612,xy_motion,Concept-level timing assumption.
pick_failure_test,TASK-7B1-028,TUBE-7B1-028,6,z_descend,z_axis,35.0,35.0,abs(delta_z) / z_nominal_speed_mm_s + z_accel_allowance_s,0.442,z_motion,Concept-level timing assumption.
pick_failure_test,TASK-7B1-028,TUBE-7B1-028,7,scan_wait,dwell,0.0,0.0,scan_wait_time_s,1.0,scan_wait,Concept-level timing assumption.
pick_failure_test,TASK-7B1-028,TUBE-7B1-028,8,z_lift,z_axis,35.0,35.0,abs(delta_z) / z_nominal_speed_mm_s + z_accel_allowance_s,0.442,z_motion,Concept-level timing assumption.
pick_failure_test,TASK-7B1-028,TUBE-7B1-028,9,xy_move_at_safe_z,xy_axes,449.361,0.0,distance / xy_nominal_speed_mm_s + xy_accel_allowance_s,1.484,xy_motion,Concept-level timing assumption.
pick_failure_test,TASK-7B1-028,TUBE-7B1-028,10,z_descend,z_axis,55.0,55.0,abs(delta_z) / z_nominal_speed_mm_s + z_accel_allowance_s,0.608,z_motion,Concept-level timing assumption.
pick_failure_test,TASK-7B1-028,TUBE-7B1-028,11,gripper_action,gripper,0.0,0.0,grip_open_time_s,0.5,gripper_action,Concept-level timing assumption.
pick_failure_test,TASK-7B1-028,TUBE-7B1-028,12,z_lift,z_axis,55.0,55.0,abs(delta_z) / z_nominal_speed_mm_s + z_accel_allowance_s,0.608,z_motion,Concept-level timing assumption.
pick_failure_test,TASK-7B1-029,TUBE-7B1-029,1,xy_move_at_safe_z,xy_axes,120.416,0.0,distance / xy_nominal_speed_mm_s + xy_accel_allowance_s,0.544,xy_motion,Concept-level timing assumption.
pick_failure_test,TASK-7B1-029,TUBE-7B1-029,2,z_descend,z_axis,45.0,45.0,abs(delta_z) / z_nominal_speed_mm_s + z_accel_allowance_s,0.525,z_motion,Concept-level timing assumption.
pick_failure_test,TASK-7B1-029,TUBE-7B1-029,3,gripper_action,gripper,0.0,0.0,grip_close_time_s,0.6,gripper_action,Concept-level timing assumption.
pick_failure_test,TASK-7B1-029,TUBE-7B1-029,4,z_lift,z_axis,45.0,45.0,abs(delta_z) / z_nominal_speed_mm_s + z_accel_allowance_s,0.525,z_motion,Concept-level timing assumption.
pick_failure_test,TASK-7B1-029,TUBE-7B1-029,5,xy_move_at_safe_z,xy_axes,140.357,0.0,distance / xy_nominal_speed_mm_s + xy_accel_allowance_s,0.601,xy_motion,Concept-level timing assumption.
pick_failure_test,TASK-7B1-029,TUBE-7B1-029,6,z_descend,z_axis,35.0,35.0,abs(delta_z) / z_nominal_speed_mm_s + z_accel_allowance_s,0.442,z_motion,Concept-level timing assumption.
pick_failure_test,TASK-7B1-029,TUBE-7B1-029,7,scan_wait,dwell,0.0,0.0,scan_wait_time_s,1.0,scan_wait,Concept-level timing assumption.
pick_failure_test,TASK-7B1-029,TUBE-7B1-029,8,z_lift,z_axis,35.0,35.0,abs(delta_z) / z_nominal_speed_mm_s + z_accel_allowance_s,0.442,z_motion,Concept-level timing assumption.
pick_failure_test,TASK-7B1-029,TUBE-7B1-029,9,xy_move_at_safe_z,xy_axes,368.951,0.0,distance / xy_nominal_speed_mm_s + xy_accel_allowance_s,1.254,xy_motion,Concept-level timing assumption.
pick_failure_test,TASK-7B1-029,TUBE-7B1-029,10,z_descend,z_axis,55.0,55.0,abs(delta_z) / z_nominal_speed_mm_s + z_accel_allowance_s,0.608,z_motion,Concept-level timing assumption.
pick_failure_test,TASK-7B1-029,TUBE-7B1-029,11,gripper_action,gripper,0.0,0.0,grip_open_time_s,0.5,gripper_action,Concept-level timing assumption.
pick_failure_test,TASK-7B1-029,TUBE-7B1-029,12,z_lift,z_axis,55.0,55.0,abs(delta_z) / z_nominal_speed_mm_s + z_accel_allowance_s,0.608,z_motion,Concept-level timing assumption.
pick_failure_test,TASK-7B1-030,TUBE-7B1-030,1,xy_move_at_safe_z,xy_axes,126.491,0.0,distance / xy_nominal_speed_mm_s + xy_accel_allowance_s,0.561,xy_motion,Concept-level timing assumption.
pick_failure_test,TASK-7B1-030,TUBE-7B1-030,2,z_descend,z_axis,45.0,45.0,abs(delta_z) / z_nominal_speed_mm_s + z_accel_allowance_s,0.525,z_motion,Concept-level timing assumption.
pick_failure_test,TASK-7B1-030,TUBE-7B1-030,3,gripper_action,gripper,0.0,0.0,grip_close_time_s,0.6,gripper_action,Concept-level timing assumption.
pick_failure_test,TASK-7B1-030,TUBE-7B1-030,4,z_lift,z_axis,45.0,45.0,abs(delta_z) / z_nominal_speed_mm_s + z_accel_allowance_s,0.525,z_motion,Concept-level timing assumption.
pick_failure_test,TASK-7B1-030,TUBE-7B1-030,5,xy_move_at_safe_z,xy_axes,145.602,0.0,distance / xy_nominal_speed_mm_s + xy_accel_allowance_s,0.616,xy_motion,Concept-level timing assumption.
pick_failure_test,TASK-7B1-030,TUBE-7B1-030,6,z_descend,z_axis,35.0,35.0,abs(delta_z) / z_nominal_speed_mm_s + z_accel_allowance_s,0.442,z_motion,Concept-level timing assumption.
pick_failure_test,TASK-7B1-030,TUBE-7B1-030,7,scan_wait,dwell,0.0,0.0,scan_wait_time_s,1.0,scan_wait,Concept-level timing assumption.
pick_failure_test,TASK-7B1-030,TUBE-7B1-030,8,z_lift,z_axis,35.0,35.0,abs(delta_z) / z_nominal_speed_mm_s + z_accel_allowance_s,0.442,z_motion,Concept-level timing assumption.
pick_failure_test,TASK-7B1-030,TUBE-7B1-030,9,xy_move_at_safe_z,xy_axes,180.624,0.0,distance / xy_nominal_speed_mm_s + xy_accel_allowance_s,0.716,xy_motion,Concept-level timing assumption.
pick_failure_test,TASK-7B1-030,TUBE-7B1-030,10,z_descend,z_axis,55.0,55.0,abs(delta_z) / z_nominal_speed_mm_s + z_accel_allowance_s,0.608,z_motion,Concept-level timing assumption.
pick_failure_test,TASK-7B1-030,TUBE-7B1-030,11,gripper_action,gripper,0.0,0.0,grip_open_time_s,0.5,gripper_action,Concept-level timing assumption.
pick_failure_test,TASK-7B1-030,TUBE-7B1-030,12,z_lift,z_axis,55.0,55.0,abs(delta_z) / z_nominal_speed_mm_s + z_accel_allowance_s,0.608,z_motion,Concept-level timing assumption.
pick_failure_test,TASK-7B1-031,TUBE-7B1-031,1,xy_move_at_safe_z,xy_axes,136.473,0.0,distance / xy_nominal_speed_mm_s + xy_accel_allowance_s,0.59,xy_motion,Concept-level timing assumption.
pick_failure_test,TASK-7B1-031,TUBE-7B1-031,2,z_descend,z_axis,45.0,45.0,abs(delta_z) / z_nominal_speed_mm_s + z_accel_allowance_s,0.525,z_motion,Concept-level timing assumption.
pick_failure_test,TASK-7B1-031,TUBE-7B1-031,3,gripper_action,gripper,0.0,0.0,grip_close_time_s,0.6,gripper_action,Concept-level timing assumption.
pick_failure_test,TASK-7B1-031,TUBE-7B1-031,4,z_lift,z_axis,45.0,45.0,abs(delta_z) / z_nominal_speed_mm_s + z_accel_allowance_s,0.525,z_motion,Concept-level timing assumption.
pick_failure_test,TASK-7B1-031,TUBE-7B1-031,5,xy_move_at_safe_z,xy_axes,154.353,0.0,distance / xy_nominal_speed_mm_s + xy_accel_allowance_s,0.641,xy_motion,Concept-level timing assumption.
pick_failure_test,TASK-7B1-031,TUBE-7B1-031,6,z_descend,z_axis,35.0,35.0,abs(delta_z) / z_nominal_speed_mm_s + z_accel_allowance_s,0.442,z_motion,Concept-level timing assumption.
pick_failure_test,TASK-7B1-031,TUBE-7B1-031,7,scan_wait,dwell,0.0,0.0,scan_wait_time_s,1.0,scan_wait,Concept-level timing assumption.
pick_failure_test,TASK-7B1-031,TUBE-7B1-031,8,z_lift,z_axis,35.0,35.0,abs(delta_z) / z_nominal_speed_mm_s + z_accel_allowance_s,0.442,z_motion,Concept-level timing assumption.
pick_failure_test,TASK-7B1-031,TUBE-7B1-031,9,xy_move_at_safe_z,xy_axes,455.11,0.0,distance / xy_nominal_speed_mm_s + xy_accel_allowance_s,1.5,xy_motion,Concept-level timing assumption.
pick_failure_test,TASK-7B1-031,TUBE-7B1-031,10,z_descend,z_axis,55.0,55.0,abs(delta_z) / z_nominal_speed_mm_s + z_accel_allowance_s,0.608,z_motion,Concept-level timing assumption.
pick_failure_test,TASK-7B1-031,TUBE-7B1-031,11,gripper_action,gripper,0.0,0.0,grip_open_time_s,0.5,gripper_action,Concept-level timing assumption.
pick_failure_test,TASK-7B1-031,TUBE-7B1-031,12,z_lift,z_axis,55.0,55.0,abs(delta_z) / z_nominal_speed_mm_s + z_accel_allowance_s,0.608,z_motion,Concept-level timing assumption.
pick_failure_test,TASK-7B1-032,TUBE-7B1-032,1,xy_move_at_safe_z,xy_axes,112.361,0.0,distance / xy_nominal_speed_mm_s + xy_accel_allowance_s,0.521,xy_motion,Concept-level timing assumption.
pick_failure_test,TASK-7B1-032,TUBE-7B1-032,2,z_descend,z_axis,45.0,45.0,abs(delta_z) / z_nominal_speed_mm_s + z_accel_allowance_s,0.525,z_motion,Concept-level timing assumption.
pick_failure_test,TASK-7B1-032,TUBE-7B1-032,3,gripper_action,gripper,0.0,0.0,grip_close_time_s,0.6,gripper_action,Concept-level timing assumption.
pick_failure_test,TASK-7B1-032,TUBE-7B1-032,4,z_lift,z_axis,45.0,45.0,abs(delta_z) / z_nominal_speed_mm_s + z_accel_allowance_s,0.525,z_motion,Concept-level timing assumption.
pick_failure_test,TASK-7B1-032,TUBE-7B1-032,5,xy_move_at_safe_z,xy_axes,129.711,0.0,distance / xy_nominal_speed_mm_s + xy_accel_allowance_s,0.571,xy_motion,Concept-level timing assumption.
pick_failure_test,TASK-7B1-032,TUBE-7B1-032,6,z_descend,z_axis,35.0,35.0,abs(delta_z) / z_nominal_speed_mm_s + z_accel_allowance_s,0.442,z_motion,Concept-level timing assumption.
pick_failure_test,TASK-7B1-032,TUBE-7B1-032,7,scan_wait,dwell,0.0,0.0,scan_wait_time_s,1.0,scan_wait,Concept-level timing assumption.
pick_failure_test,TASK-7B1-032,TUBE-7B1-032,8,z_lift,z_axis,35.0,35.0,abs(delta_z) / z_nominal_speed_mm_s + z_accel_allowance_s,0.442,z_motion,Concept-level timing assumption.
pick_failure_test,TASK-7B1-032,TUBE-7B1-032,9,xy_move_at_safe_z,xy_axes,263.154,0.0,distance / xy_nominal_speed_mm_s + xy_accel_allowance_s,0.952,xy_motion,Concept-level timing assumption.
pick_failure_test,TASK-7B1-032,TUBE-7B1-032,10,z_descend,z_axis,55.0,55.0,abs(delta_z) / z_nominal_speed_mm_s + z_accel_allowance_s,0.608,z_motion,Concept-level timing assumption.
pick_failure_test,TASK-7B1-032,TUBE-7B1-032,11,gripper_action,gripper,0.0,0.0,grip_open_time_s,0.5,gripper_action,Concept-level timing assumption.
pick_failure_test,TASK-7B1-032,TUBE-7B1-032,12,z_lift,z_axis,55.0,55.0,abs(delta_z) / z_nominal_speed_mm_s + z_accel_allowance_s,0.608,z_motion,Concept-level timing assumption.
pick_failure_test,TASK-7B1-033,TUBE-7B1-033,1,xy_move_at_safe_z,xy_axes,95.525,0.0,distance / xy_nominal_speed_mm_s + xy_accel_allowance_s,0.473,xy_motion,Concept-level timing assumption.
pick_failure_test,TASK-7B1-033,TUBE-7B1-033,2,z_descend,z_axis,45.0,45.0,abs(delta_z) / z_nominal_speed_mm_s + z_accel_allowance_s,0.525,z_motion,Concept-level timing assumption.
pick_failure_test,TASK-7B1-033,TUBE-7B1-033,3,gripper_action,gripper,0.0,0.0,grip_close_time_s,0.6,gripper_action,Concept-level timing assumption.
pick_failure_test,TASK-7B1-033,TUBE-7B1-033,4,z_lift,z_axis,45.0,45.0,abs(delta_z) / z_nominal_speed_mm_s + z_accel_allowance_s,0.525,z_motion,Concept-level timing assumption.
pick_failure_test,TASK-7B1-033,TUBE-7B1-033,5,xy_move_at_safe_z,xy_axes,115.434,0.0,distance / xy_nominal_speed_mm_s + xy_accel_allowance_s,0.53,xy_motion,Concept-level timing assumption.
pick_failure_test,TASK-7B1-033,TUBE-7B1-033,6,z_descend,z_axis,35.0,35.0,abs(delta_z) / z_nominal_speed_mm_s + z_accel_allowance_s,0.442,z_motion,Concept-level timing assumption.
pick_failure_test,TASK-7B1-033,TUBE-7B1-033,7,scan_wait,dwell,0.0,0.0,scan_wait_time_s,1.0,scan_wait,Concept-level timing assumption.
pick_failure_test,TASK-7B1-033,TUBE-7B1-033,8,z_lift,z_axis,35.0,35.0,abs(delta_z) / z_nominal_speed_mm_s + z_accel_allowance_s,0.442,z_motion,Concept-level timing assumption.
pick_failure_test,TASK-7B1-033,TUBE-7B1-033,9,xy_move_at_safe_z,xy_axes,391.472,0.0,distance / xy_nominal_speed_mm_s + xy_accel_allowance_s,1.318,xy_motion,Concept-level timing assumption.
pick_failure_test,TASK-7B1-033,TUBE-7B1-033,10,z_descend,z_axis,55.0,55.0,abs(delta_z) / z_nominal_speed_mm_s + z_accel_allowance_s,0.608,z_motion,Concept-level timing assumption.
pick_failure_test,TASK-7B1-033,TUBE-7B1-033,11,gripper_action,gripper,0.0,0.0,grip_open_time_s,0.5,gripper_action,Concept-level timing assumption.
pick_failure_test,TASK-7B1-033,TUBE-7B1-033,12,z_lift,z_axis,55.0,55.0,abs(delta_z) / z_nominal_speed_mm_s + z_accel_allowance_s,0.608,z_motion,Concept-level timing assumption.
pick_failure_test,TASK-7B1-034,TUBE-7B1-034,1,xy_move_at_safe_z,xy_axes,96.177,0.0,distance / xy_nominal_speed_mm_s + xy_accel_allowance_s,0.475,xy_motion,Concept-level timing assumption.
pick_failure_test,TASK-7B1-034,TUBE-7B1-034,2,z_descend,z_axis,45.0,45.0,abs(delta_z) / z_nominal_speed_mm_s + z_accel_allowance_s,0.525,z_motion,Concept-level timing assumption.
pick_failure_test,TASK-7B1-034,TUBE-7B1-034,3,gripper_action,gripper,0.0,0.0,grip_close_time_s,0.6,gripper_action,Concept-level timing assumption.
pick_failure_test,TASK-7B1-034,TUBE-7B1-034,4,z_lift,z_axis,45.0,45.0,abs(delta_z) / z_nominal_speed_mm_s + z_accel_allowance_s,0.525,z_motion,Concept-level timing assumption.
pick_failure_test,TASK-7B1-034,TUBE-7B1-034,5,xy_move_at_safe_z,xy_axes,115.974,0.0,distance / xy_nominal_speed_mm_s + xy_accel_allowance_s,0.531,xy_motion,Concept-level timing assumption.
pick_failure_test,TASK-7B1-034,TUBE-7B1-034,6,z_descend,z_axis,35.0,35.0,abs(delta_z) / z_nominal_speed_mm_s + z_accel_allowance_s,0.442,z_motion,Concept-level timing assumption.
pick_failure_test,TASK-7B1-034,TUBE-7B1-034,7,scan_wait,dwell,0.0,0.0,scan_wait_time_s,1.0,scan_wait,Concept-level timing assumption.
pick_failure_test,TASK-7B1-034,TUBE-7B1-034,8,z_lift,z_axis,35.0,35.0,abs(delta_z) / z_nominal_speed_mm_s + z_accel_allowance_s,0.442,z_motion,Concept-level timing assumption.
pick_failure_test,TASK-7B1-034,TUBE-7B1-034,9,xy_move_at_safe_z,xy_axes,205.548,0.0,distance / xy_nominal_speed_mm_s + xy_accel_allowance_s,0.787,xy_motion,Concept-level timing assumption.
pick_failure_test,TASK-7B1-034,TUBE-7B1-034,10,z_descend,z_axis,55.0,55.0,abs(delta_z) / z_nominal_speed_mm_s + z_accel_allowance_s,0.608,z_motion,Concept-level timing assumption.
pick_failure_test,TASK-7B1-034,TUBE-7B1-034,11,gripper_action,gripper,0.0,0.0,grip_open_time_s,0.5,gripper_action,Concept-level timing assumption.
pick_failure_test,TASK-7B1-034,TUBE-7B1-034,12,z_lift,z_axis,55.0,55.0,abs(delta_z) / z_nominal_speed_mm_s + z_accel_allowance_s,0.608,z_motion,Concept-level timing assumption.
pick_failure_test,TASK-7B1-035,TUBE-7B1-035,1,xy_move_at_safe_z,xy_axes,240.208,0.0,distance / xy_nominal_speed_mm_s + xy_accel_allowance_s,0.886,xy_motion,Concept-level timing assumption.
pick_failure_test,TASK-7B1-035,TUBE-7B1-035,2,z_descend,z_axis,45.0,45.0,abs(delta_z) / z_nominal_speed_mm_s + z_accel_allowance_s,0.525,z_motion,Concept-level timing assumption.
pick_failure_test,TASK-7B1-035,TUBE-7B1-035,3,gripper_action,gripper,0.0,0.0,grip_close_time_s,0.6,gripper_action,Concept-level timing assumption.
pick_failure_test,TASK-7B1-035,TUBE-7B1-035,4,z_lift,z_axis,45.0,45.0,abs(delta_z) / z_nominal_speed_mm_s + z_accel_allowance_s,0.525,z_motion,Concept-level timing assumption.
pick_failure_test,TASK-7B1-035,TUBE-7B1-035,5,xy_move_at_safe_z,xy_axes,241.868,0.0,distance / xy_nominal_speed_mm_s + xy_accel_allowance_s,0.891,xy_motion,Concept-level timing assumption.
pick_failure_test,TASK-7B1-035,TUBE-7B1-035,6,z_descend,z_axis,35.0,35.0,abs(delta_z) / z_nominal_speed_mm_s + z_accel_allowance_s,0.442,z_motion,Concept-level timing assumption.
pick_failure_test,TASK-7B1-035,TUBE-7B1-035,7,scan_wait,dwell,0.0,0.0,scan_wait_time_s,1.0,scan_wait,Concept-level timing assumption.
pick_failure_test,TASK-7B1-035,TUBE-7B1-035,8,z_lift,z_axis,35.0,35.0,abs(delta_z) / z_nominal_speed_mm_s + z_accel_allowance_s,0.442,z_motion,Concept-level timing assumption.
pick_failure_test,TASK-7B1-035,TUBE-7B1-035,9,xy_move_at_safe_z,xy_axes,330.341,0.0,distance / xy_nominal_speed_mm_s + xy_accel_allowance_s,1.144,xy_motion,Concept-level timing assumption.
pick_failure_test,TASK-7B1-035,TUBE-7B1-035,10,z_descend,z_axis,55.0,55.0,abs(delta_z) / z_nominal_speed_mm_s + z_accel_allowance_s,0.608,z_motion,Concept-level timing assumption.
pick_failure_test,TASK-7B1-035,TUBE-7B1-035,11,gripper_action,gripper,0.0,0.0,grip_open_time_s,0.5,gripper_action,Concept-level timing assumption.
pick_failure_test,TASK-7B1-035,TUBE-7B1-035,12,z_lift,z_axis,55.0,55.0,abs(delta_z) / z_nominal_speed_mm_s + z_accel_allowance_s,0.608,z_motion,Concept-level timing assumption.
pick_failure_test,TASK-7B1-036,TUBE-7B1-036,1,xy_move_at_safe_z,xy_axes,215.232,0.0,distance / xy_nominal_speed_mm_s + xy_accel_allowance_s,0.815,xy_motion,Concept-level timing assumption.
pick_failure_test,TASK-7B1-036,TUBE-7B1-036,2,z_descend,z_axis,45.0,45.0,abs(delta_z) / z_nominal_speed_mm_s + z_accel_allowance_s,0.525,z_motion,Concept-level timing assumption.
pick_failure_test,TASK-7B1-036,TUBE-7B1-036,3,gripper_action,gripper,0.0,0.0,grip_close_time_s,0.6,gripper_action,Concept-level timing assumption.
pick_failure_test,TASK-7B1-036,TUBE-7B1-036,4,z_lift,z_axis,45.0,45.0,abs(delta_z) / z_nominal_speed_mm_s + z_accel_allowance_s,0.525,z_motion,Concept-level timing assumption.
pick_failure_test,TASK-7B1-036,TUBE-7B1-036,5,xy_move_at_safe_z,xy_axes,217.083,0.0,distance / xy_nominal_speed_mm_s + xy_accel_allowance_s,0.82,xy_motion,Concept-level timing assumption.
pick_failure_test,TASK-7B1-036,TUBE-7B1-036,6,z_descend,z_axis,35.0,35.0,abs(delta_z) / z_nominal_speed_mm_s + z_accel_allowance_s,0.442,z_motion,Concept-level timing assumption.
pick_failure_test,TASK-7B1-036,TUBE-7B1-036,7,scan_wait,dwell,0.0,0.0,scan_wait_time_s,1.0,scan_wait,Concept-level timing assumption.
pick_failure_test,TASK-7B1-036,TUBE-7B1-036,8,z_lift,z_axis,35.0,35.0,abs(delta_z) / z_nominal_speed_mm_s + z_accel_allowance_s,0.442,z_motion,Concept-level timing assumption.
pick_failure_test,TASK-7B1-036,TUBE-7B1-036,9,xy_move_at_safe_z,xy_axes,283.064,0.0,distance / xy_nominal_speed_mm_s + xy_accel_allowance_s,1.009,xy_motion,Concept-level timing assumption.
pick_failure_test,TASK-7B1-036,TUBE-7B1-036,10,z_descend,z_axis,55.0,55.0,abs(delta_z) / z_nominal_speed_mm_s + z_accel_allowance_s,0.608,z_motion,Concept-level timing assumption.
pick_failure_test,TASK-7B1-036,TUBE-7B1-036,11,gripper_action,gripper,0.0,0.0,grip_open_time_s,0.5,gripper_action,Concept-level timing assumption.
pick_failure_test,TASK-7B1-036,TUBE-7B1-036,12,z_lift,z_axis,55.0,55.0,abs(delta_z) / z_nominal_speed_mm_s + z_accel_allowance_s,0.608,z_motion,Concept-level timing assumption.
pick_failure_test,TASK-7B1-037,TUBE-7B1-037,1,xy_move_at_safe_z,xy_axes,190.263,0.0,distance / xy_nominal_speed_mm_s + xy_accel_allowance_s,0.744,xy_motion,Concept-level timing assumption.
pick_failure_test,TASK-7B1-037,TUBE-7B1-037,2,z_descend,z_axis,45.0,45.0,abs(delta_z) / z_nominal_speed_mm_s + z_accel_allowance_s,0.525,z_motion,Concept-level timing assumption.
pick_failure_test,TASK-7B1-037,TUBE-7B1-037,3,gripper_action,gripper,0.0,0.0,grip_close_time_s,0.6,gripper_action,Concept-level timing assumption.
pick_failure_test,TASK-7B1-037,TUBE-7B1-037,4,z_lift,z_axis,45.0,45.0,abs(delta_z) / z_nominal_speed_mm_s + z_accel_allowance_s,0.525,z_motion,Concept-level timing assumption.
pick_failure_test,TASK-7B1-037,TUBE-7B1-037,5,xy_move_at_safe_z,xy_axes,192.354,0.0,distance / xy_nominal_speed_mm_s + xy_accel_allowance_s,0.75,xy_motion,Concept-level timing assumption.
pick_failure_test,TASK-7B1-037,TUBE-7B1-037,6,z_descend,z_axis,35.0,35.0,abs(delta_z) / z_nominal_speed_mm_s + z_accel_allowance_s,0.442,z_motion,Concept-level timing assumption.
pick_failure_test,TASK-7B1-037,TUBE-7B1-037,7,scan_wait,dwell,0.0,0.0,scan_wait_time_s,1.0,scan_wait,Concept-level timing assumption.
pick_failure_test,TASK-7B1-037,TUBE-7B1-037,8,z_lift,z_axis,35.0,35.0,abs(delta_z) / z_nominal_speed_mm_s + z_accel_allowance_s,0.442,z_motion,Concept-level timing assumption.
pick_failure_test,TASK-7B1-037,TUBE-7B1-037,9,xy_move_at_safe_z,xy_axes,414.276,0.0,distance / xy_nominal_speed_mm_s + xy_accel_allowance_s,1.384,xy_motion,Concept-level timing assumption.
pick_failure_test,TASK-7B1-037,TUBE-7B1-037,10,z_descend,z_axis,55.0,55.0,abs(delta_z) / z_nominal_speed_mm_s + z_accel_allowance_s,0.608,z_motion,Concept-level timing assumption.
pick_failure_test,TASK-7B1-037,TUBE-7B1-037,11,gripper_action,gripper,0.0,0.0,grip_open_time_s,0.5,gripper_action,Concept-level timing assumption.
pick_failure_test,TASK-7B1-037,TUBE-7B1-037,12,z_lift,z_axis,55.0,55.0,abs(delta_z) / z_nominal_speed_mm_s + z_accel_allowance_s,0.608,z_motion,Concept-level timing assumption.
pick_failure_test,TASK-7B1-038,TUBE-7B1-038,1,xy_move_at_safe_z,xy_axes,140.357,0.0,distance / xy_nominal_speed_mm_s + xy_accel_allowance_s,0.601,xy_motion,Concept-level timing assumption.
pick_failure_test,TASK-7B1-038,TUBE-7B1-038,2,z_descend,z_axis,45.0,45.0,abs(delta_z) / z_nominal_speed_mm_s + z_accel_allowance_s,0.525,z_motion,Concept-level timing assumption.
pick_failure_test,TASK-7B1-038,TUBE-7B1-038,3,gripper_action,gripper,0.0,0.0,grip_close_time_s,0.6,gripper_action,Concept-level timing assumption.
pick_failure_test,TASK-7B1-038,TUBE-7B1-038,4,z_lift,z_axis,45.0,45.0,abs(delta_z) / z_nominal_speed_mm_s + z_accel_allowance_s,0.525,z_motion,Concept-level timing assumption.
pick_failure_test,TASK-7B1-038,TUBE-7B1-038,5,xy_move_at_safe_z,xy_axes,143.178,0.0,distance / xy_nominal_speed_mm_s + xy_accel_allowance_s,0.609,xy_motion,Concept-level timing assumption.
pick_failure_test,TASK-7B1-038,TUBE-7B1-038,6,z_descend,z_axis,35.0,35.0,abs(delta_z) / z_nominal_speed_mm_s + z_accel_allowance_s,0.442,z_motion,Concept-level timing assumption.
pick_failure_test,TASK-7B1-038,TUBE-7B1-038,7,scan_wait,dwell,0.0,0.0,scan_wait_time_s,1.0,scan_wait,Concept-level timing assumption.
pick_failure_test,TASK-7B1-038,TUBE-7B1-038,8,z_lift,z_axis,35.0,35.0,abs(delta_z) / z_nominal_speed_mm_s + z_accel_allowance_s,0.442,z_motion,Concept-level timing assumption.
pick_failure_test,TASK-7B1-038,TUBE-7B1-038,9,xy_move_at_safe_z,xy_axes,230.489,0.0,distance / xy_nominal_speed_mm_s + xy_accel_allowance_s,0.859,xy_motion,Concept-level timing assumption.
pick_failure_test,TASK-7B1-038,TUBE-7B1-038,10,z_descend,z_axis,55.0,55.0,abs(delta_z) / z_nominal_speed_mm_s + z_accel_allowance_s,0.608,z_motion,Concept-level timing assumption.
pick_failure_test,TASK-7B1-038,TUBE-7B1-038,11,gripper_action,gripper,0.0,0.0,grip_open_time_s,0.5,gripper_action,Concept-level timing assumption.
pick_failure_test,TASK-7B1-038,TUBE-7B1-038,12,z_lift,z_axis,55.0,55.0,abs(delta_z) / z_nominal_speed_mm_s + z_accel_allowance_s,0.608,z_motion,Concept-level timing assumption.
pick_failure_test,TASK-7B1-039,TUBE-7B1-039,1,xy_move_at_safe_z,xy_axes,115.434,0.0,distance / xy_nominal_speed_mm_s + xy_accel_allowance_s,0.53,xy_motion,Concept-level timing assumption.
pick_failure_test,TASK-7B1-039,TUBE-7B1-039,2,z_descend,z_axis,45.0,45.0,abs(delta_z) / z_nominal_speed_mm_s + z_accel_allowance_s,0.525,z_motion,Concept-level timing assumption.
pick_failure_test,TASK-7B1-039,TUBE-7B1-039,3,gripper_action,gripper,0.0,0.0,grip_close_time_s,0.6,gripper_action,Concept-level timing assumption.
pick_failure_test,TASK-7B1-039,TUBE-7B1-039,4,z_lift,z_axis,45.0,45.0,abs(delta_z) / z_nominal_speed_mm_s + z_accel_allowance_s,0.525,z_motion,Concept-level timing assumption.
pick_failure_test,TASK-7B1-039,TUBE-7B1-039,5,xy_move_at_safe_z,xy_axes,118.849,0.0,distance / xy_nominal_speed_mm_s + xy_accel_allowance_s,0.54,xy_motion,Concept-level timing assumption.
pick_failure_test,TASK-7B1-039,TUBE-7B1-039,6,z_descend,z_axis,35.0,35.0,abs(delta_z) / z_nominal_speed_mm_s + z_accel_allowance_s,0.442,z_motion,Concept-level timing assumption.
pick_failure_test,TASK-7B1-039,TUBE-7B1-039,7,scan_wait,dwell,0.0,0.0,scan_wait_time_s,1.0,scan_wait,Concept-level timing assumption.
pick_failure_test,TASK-7B1-039,TUBE-7B1-039,8,z_lift,z_axis,35.0,35.0,abs(delta_z) / z_nominal_speed_mm_s + z_accel_allowance_s,0.442,z_motion,Concept-level timing assumption.
pick_failure_test,TASK-7B1-039,TUBE-7B1-039,9,xy_move_at_safe_z,xy_axes,355.317,0.0,distance / xy_nominal_speed_mm_s + xy_accel_allowance_s,1.215,xy_motion,Concept-level timing assumption.
pick_failure_test,TASK-7B1-039,TUBE-7B1-039,10,z_descend,z_axis,55.0,55.0,abs(delta_z) / z_nominal_speed_mm_s + z_accel_allowance_s,0.608,z_motion,Concept-level timing assumption.
pick_failure_test,TASK-7B1-039,TUBE-7B1-039,11,gripper_action,gripper,0.0,0.0,grip_open_time_s,0.5,gripper_action,Concept-level timing assumption.
pick_failure_test,TASK-7B1-039,TUBE-7B1-039,12,z_lift,z_axis,55.0,55.0,abs(delta_z) / z_nominal_speed_mm_s + z_accel_allowance_s,0.608,z_motion,Concept-level timing assumption.
pick_failure_test,TASK-7B1-040,TUBE-7B1-040,1,xy_move_at_safe_z,xy_axes,240.468,0.0,distance / xy_nominal_speed_mm_s + xy_accel_allowance_s,0.887,xy_motion,Concept-level timing assumption.
pick_failure_test,TASK-7B1-040,TUBE-7B1-040,2,z_descend,z_axis,45.0,45.0,abs(delta_z) / z_nominal_speed_mm_s + z_accel_allowance_s,0.525,z_motion,Concept-level timing assumption.
pick_failure_test,TASK-7B1-040,TUBE-7B1-040,3,gripper_action,gripper,0.0,0.0,grip_close_time_s,0.6,gripper_action,Concept-level timing assumption.
pick_failure_test,TASK-7B1-040,TUBE-7B1-040,4,z_lift,z_axis,45.0,45.0,abs(delta_z) / z_nominal_speed_mm_s + z_accel_allowance_s,0.525,z_motion,Concept-level timing assumption.
pick_failure_test,TASK-7B1-040,TUBE-7B1-040,5,xy_move_at_safe_z,xy_axes,240.052,0.0,distance / xy_nominal_speed_mm_s + xy_accel_allowance_s,0.886,xy_motion,Concept-level timing assumption.
pick_failure_test,TASK-7B1-040,TUBE-7B1-040,6,z_descend,z_axis,35.0,35.0,abs(delta_z) / z_nominal_speed_mm_s + z_accel_allowance_s,0.442,z_motion,Concept-level timing assumption.
pick_failure_test,TASK-7B1-040,TUBE-7B1-040,7,scan_wait,dwell,0.0,0.0,scan_wait_time_s,1.0,scan_wait,Concept-level timing assumption.
pick_failure_test,TASK-7B1-040,TUBE-7B1-040,8,z_lift,z_axis,35.0,35.0,abs(delta_z) / z_nominal_speed_mm_s + z_accel_allowance_s,0.442,z_motion,Concept-level timing assumption.
pick_failure_test,TASK-7B1-040,TUBE-7B1-040,9,xy_move_at_safe_z,xy_axes,303.727,0.0,distance / xy_nominal_speed_mm_s + xy_accel_allowance_s,1.068,xy_motion,Concept-level timing assumption.
pick_failure_test,TASK-7B1-040,TUBE-7B1-040,10,z_descend,z_axis,55.0,55.0,abs(delta_z) / z_nominal_speed_mm_s + z_accel_allowance_s,0.608,z_motion,Concept-level timing assumption.
pick_failure_test,TASK-7B1-040,TUBE-7B1-040,11,gripper_action,gripper,0.0,0.0,grip_open_time_s,0.5,gripper_action,Concept-level timing assumption.
pick_failure_test,TASK-7B1-040,TUBE-7B1-040,12,z_lift,z_axis,55.0,55.0,abs(delta_z) / z_nominal_speed_mm_s + z_accel_allowance_s,0.608,z_motion,Concept-level timing assumption.
pick_failure_test,TASK-7B1-041,TUBE-7B1-041,1,xy_move_at_safe_z,xy_axes,190.591,0.0,distance / xy_nominal_speed_mm_s + xy_accel_allowance_s,0.745,xy_motion,Concept-level timing assumption.
pick_failure_test,TASK-7B1-041,TUBE-7B1-041,2,z_descend,z_axis,45.0,45.0,abs(delta_z) / z_nominal_speed_mm_s + z_accel_allowance_s,0.525,z_motion,Concept-level timing assumption.
pick_failure_test,TASK-7B1-041,TUBE-7B1-041,3,gripper_action,gripper,0.0,0.0,grip_close_time_s,0.6,gripper_action,Concept-level timing assumption.
pick_failure_test,TASK-7B1-041,TUBE-7B1-041,4,z_lift,z_axis,45.0,45.0,abs(delta_z) / z_nominal_speed_mm_s + z_accel_allowance_s,0.525,z_motion,Concept-level timing assumption.
pick_failure_test,TASK-7B1-041,TUBE-7B1-041,5,xy_move_at_safe_z,xy_axes,190.066,0.0,distance / xy_nominal_speed_mm_s + xy_accel_allowance_s,0.743,xy_motion,Concept-level timing assumption.
pick_failure_test,TASK-7B1-041,TUBE-7B1-041,6,z_descend,z_axis,35.0,35.0,abs(delta_z) / z_nominal_speed_mm_s + z_accel_allowance_s,0.442,z_motion,Concept-level timing assumption.
pick_failure_test,TASK-7B1-041,TUBE-7B1-041,7,scan_wait,dwell,0.0,0.0,scan_wait_time_s,1.0,scan_wait,Concept-level timing assumption.
pick_failure_test,TASK-7B1-041,TUBE-7B1-041,8,z_lift,z_axis,35.0,35.0,abs(delta_z) / z_nominal_speed_mm_s + z_accel_allowance_s,0.442,z_motion,Concept-level timing assumption.
pick_failure_test,TASK-7B1-041,TUBE-7B1-041,9,xy_move_at_safe_z,xy_axes,437.321,0.0,distance / xy_nominal_speed_mm_s + xy_accel_allowance_s,1.449,xy_motion,Concept-level timing assumption.
pick_failure_test,TASK-7B1-041,TUBE-7B1-041,10,z_descend,z_axis,55.0,55.0,abs(delta_z) / z_nominal_speed_mm_s + z_accel_allowance_s,0.608,z_motion,Concept-level timing assumption.
pick_failure_test,TASK-7B1-041,TUBE-7B1-041,11,gripper_action,gripper,0.0,0.0,grip_open_time_s,0.5,gripper_action,Concept-level timing assumption.
pick_failure_test,TASK-7B1-041,TUBE-7B1-041,12,z_lift,z_axis,55.0,55.0,abs(delta_z) / z_nominal_speed_mm_s + z_accel_allowance_s,0.608,z_motion,Concept-level timing assumption.
pick_failure_test,TASK-7B1-042,TUBE-7B1-042,1,xy_move_at_safe_z,xy_axes,165.68,0.0,distance / xy_nominal_speed_mm_s + xy_accel_allowance_s,0.673,xy_motion,Concept-level timing assumption.
pick_failure_test,TASK-7B1-042,TUBE-7B1-042,2,z_descend,z_axis,45.0,45.0,abs(delta_z) / z_nominal_speed_mm_s + z_accel_allowance_s,0.525,z_motion,Concept-level timing assumption.
pick_failure_test,TASK-7B1-042,TUBE-7B1-042,3,gripper_action,gripper,0.0,0.0,grip_close_time_s,0.6,gripper_action,Concept-level timing assumption.
pick_failure_test,TASK-7B1-042,TUBE-7B1-042,4,z_lift,z_axis,45.0,45.0,abs(delta_z) / z_nominal_speed_mm_s + z_accel_allowance_s,0.525,z_motion,Concept-level timing assumption.
pick_failure_test,TASK-7B1-042,TUBE-7B1-042,5,xy_move_at_safe_z,xy_axes,165.076,0.0,distance / xy_nominal_speed_mm_s + xy_accel_allowance_s,0.672,xy_motion,Concept-level timing assumption.
pick_failure_test,TASK-7B1-042,TUBE-7B1-042,6,z_descend,z_axis,35.0,35.0,abs(delta_z) / z_nominal_speed_mm_s + z_accel_allowance_s,0.442,z_motion,Concept-level timing assumption.
pick_failure_test,TASK-7B1-042,TUBE-7B1-042,7,scan_wait,dwell,0.0,0.0,scan_wait_time_s,1.0,scan_wait,Concept-level timing assumption.
pick_failure_test,TASK-7B1-042,TUBE-7B1-042,8,z_lift,z_axis,35.0,35.0,abs(delta_z) / z_nominal_speed_mm_s + z_accel_allowance_s,0.442,z_motion,Concept-level timing assumption.
pick_failure_test,TASK-7B1-042,TUBE-7B1-042,9,xy_move_at_safe_z,xy_axes,255.441,0.0,distance / xy_nominal_speed_mm_s + xy_accel_allowance_s,0.93,xy_motion,Concept-level timing assumption.
pick_failure_test,TASK-7B1-042,TUBE-7B1-042,10,z_descend,z_axis,55.0,55.0,abs(delta_z) / z_nominal_speed_mm_s + z_accel_allowance_s,0.608,z_motion,Concept-level timing assumption.
pick_failure_test,TASK-7B1-042,TUBE-7B1-042,11,gripper_action,gripper,0.0,0.0,grip_open_time_s,0.5,gripper_action,Concept-level timing assumption.
pick_failure_test,TASK-7B1-042,TUBE-7B1-042,12,z_lift,z_axis,55.0,55.0,abs(delta_z) / z_nominal_speed_mm_s + z_accel_allowance_s,0.608,z_motion,Concept-level timing assumption.
pick_failure_test,TASK-7B1-043,TUBE-7B1-043,1,xy_move_at_safe_z,xy_axes,140.801,0.0,distance / xy_nominal_speed_mm_s + xy_accel_allowance_s,0.602,xy_motion,Concept-level timing assumption.
pick_failure_test,TASK-7B1-043,TUBE-7B1-043,2,z_descend,z_axis,45.0,45.0,abs(delta_z) / z_nominal_speed_mm_s + z_accel_allowance_s,0.525,z_motion,Concept-level timing assumption.
pick_failure_test,TASK-7B1-043,TUBE-7B1-043,3,gripper_action,gripper,0.0,0.0,grip_close_time_s,0.6,gripper_action,Concept-level timing assumption.
pick_failure_test,TASK-7B1-043,TUBE-7B1-043,4,z_lift,z_axis,45.0,45.0,abs(delta_z) / z_nominal_speed_mm_s + z_accel_allowance_s,0.525,z_motion,Concept-level timing assumption.
pick_failure_test,TASK-7B1-043,TUBE-7B1-043,5,xy_move_at_safe_z,xy_axes,140.089,0.0,distance / xy_nominal_speed_mm_s + xy_accel_allowance_s,0.6,xy_motion,Concept-level timing assumption.
pick_failure_test,TASK-7B1-043,TUBE-7B1-043,6,z_descend,z_axis,35.0,35.0,abs(delta_z) / z_nominal_speed_mm_s + z_accel_allowance_s,0.442,z_motion,Concept-level timing assumption.
pick_failure_test,TASK-7B1-043,TUBE-7B1-043,7,scan_wait,dwell,0.0,0.0,scan_wait_time_s,1.0,scan_wait,Concept-level timing assumption.
pick_failure_test,TASK-7B1-043,TUBE-7B1-043,8,z_lift,z_axis,35.0,35.0,abs(delta_z) / z_nominal_speed_mm_s + z_accel_allowance_s,0.442,z_motion,Concept-level timing assumption.
pick_failure_test,TASK-7B1-043,TUBE-7B1-043,9,xy_move_at_safe_z,xy_axes,380.296,0.0,distance / xy_nominal_speed_mm_s + xy_accel_allowance_s,1.287,xy_motion,Concept-level timing assumption.
pick_failure_test,TASK-7B1-043,TUBE-7B1-043,10,z_descend,z_axis,55.0,55.0,abs(delta_z) / z_nominal_speed_mm_s + z_accel_allowance_s,0.608,z_motion,Concept-level timing assumption.
pick_failure_test,TASK-7B1-043,TUBE-7B1-043,11,gripper_action,gripper,0.0,0.0,grip_open_time_s,0.5,gripper_action,Concept-level timing assumption.
pick_failure_test,TASK-7B1-043,TUBE-7B1-043,12,z_lift,z_axis,55.0,55.0,abs(delta_z) / z_nominal_speed_mm_s + z_accel_allowance_s,0.608,z_motion,Concept-level timing assumption.
pick_failure_test,TASK-7B1-044,TUBE-7B1-044,1,xy_move_at_safe_z,xy_axes,243.311,0.0,distance / xy_nominal_speed_mm_s + xy_accel_allowance_s,0.895,xy_motion,Concept-level timing assumption.
pick_failure_test,TASK-7B1-044,TUBE-7B1-044,2,z_descend,z_axis,45.0,45.0,abs(delta_z) / z_nominal_speed_mm_s + z_accel_allowance_s,0.525,z_motion,Concept-level timing assumption.
pick_failure_test,TASK-7B1-044,TUBE-7B1-044,3,gripper_action,gripper,0.0,0.0,grip_close_time_s,0.6,gripper_action,Concept-level timing assumption.
pick_failure_test,TASK-7B1-044,TUBE-7B1-044,4,z_lift,z_axis,45.0,45.0,abs(delta_z) / z_nominal_speed_mm_s + z_accel_allowance_s,0.525,z_motion,Concept-level timing assumption.
pick_failure_test,TASK-7B1-044,TUBE-7B1-044,5,xy_move_at_safe_z,xy_axes,240.832,0.0,distance / xy_nominal_speed_mm_s + xy_accel_allowance_s,0.888,xy_motion,Concept-level timing assumption.
pick_failure_test,TASK-7B1-044,TUBE-7B1-044,6,z_descend,z_axis,35.0,35.0,abs(delta_z) / z_nominal_speed_mm_s + z_accel_allowance_s,0.442,z_motion,Concept-level timing assumption.
pick_failure_test,TASK-7B1-044,TUBE-7B1-044,7,scan_wait,dwell,0.0,0.0,scan_wait_time_s,1.0,scan_wait,Concept-level timing assumption.
pick_failure_test,TASK-7B1-044,TUBE-7B1-044,8,z_lift,z_axis,35.0,35.0,abs(delta_z) / z_nominal_speed_mm_s + z_accel_allowance_s,0.442,z_motion,Concept-level timing assumption.
pick_failure_test,TASK-7B1-044,TUBE-7B1-044,9,xy_move_at_safe_z,xy_axes,504.777,0.0,distance / xy_nominal_speed_mm_s + xy_accel_allowance_s,1.642,xy_motion,Concept-level timing assumption.
pick_failure_test,TASK-7B1-044,TUBE-7B1-044,10,z_descend,z_axis,55.0,55.0,abs(delta_z) / z_nominal_speed_mm_s + z_accel_allowance_s,0.608,z_motion,Concept-level timing assumption.
pick_failure_test,TASK-7B1-044,TUBE-7B1-044,11,gripper_action,gripper,0.0,0.0,grip_open_time_s,0.5,gripper_action,Concept-level timing assumption.
pick_failure_test,TASK-7B1-044,TUBE-7B1-044,12,z_lift,z_axis,55.0,55.0,abs(delta_z) / z_nominal_speed_mm_s + z_accel_allowance_s,0.608,z_motion,Concept-level timing assumption.
pick_failure_test,TASK-7B1-045,TUBE-7B1-045,1,xy_move_at_safe_z,xy_axes,218.689,0.0,distance / xy_nominal_speed_mm_s + xy_accel_allowance_s,0.825,xy_motion,Concept-level timing assumption.
pick_failure_test,TASK-7B1-045,TUBE-7B1-045,2,z_descend,z_axis,45.0,45.0,abs(delta_z) / z_nominal_speed_mm_s + z_accel_allowance_s,0.525,z_motion,Concept-level timing assumption.
pick_failure_test,TASK-7B1-045,TUBE-7B1-045,3,gripper_action,gripper,0.0,0.0,grip_close_time_s,0.6,gripper_action,Concept-level timing assumption.
pick_failure_test,TASK-7B1-045,TUBE-7B1-045,4,z_lift,z_axis,45.0,45.0,abs(delta_z) / z_nominal_speed_mm_s + z_accel_allowance_s,0.525,z_motion,Concept-level timing assumption.
pick_failure_test,TASK-7B1-045,TUBE-7B1-045,5,xy_move_at_safe_z,xy_axes,215.928,0.0,distance / xy_nominal_speed_mm_s + xy_accel_allowance_s,0.817,xy_motion,Concept-level timing assumption.
pick_failure_test,TASK-7B1-045,TUBE-7B1-045,6,z_descend,z_axis,35.0,35.0,abs(delta_z) / z_nominal_speed_mm_s + z_accel_allowance_s,0.442,z_motion,Concept-level timing assumption.
pick_failure_test,TASK-7B1-045,TUBE-7B1-045,7,scan_wait,dwell,0.0,0.0,scan_wait_time_s,1.0,scan_wait,Concept-level timing assumption.
pick_failure_test,TASK-7B1-045,TUBE-7B1-045,8,z_lift,z_axis,35.0,35.0,abs(delta_z) / z_nominal_speed_mm_s + z_accel_allowance_s,0.442,z_motion,Concept-level timing assumption.
pick_failure_test,TASK-7B1-045,TUBE-7B1-045,9,xy_move_at_safe_z,xy_axes,325.0,0.0,distance / xy_nominal_speed_mm_s + xy_accel_allowance_s,1.129,xy_motion,Concept-level timing assumption.
pick_failure_test,TASK-7B1-045,TUBE-7B1-045,10,z_descend,z_axis,55.0,55.0,abs(delta_z) / z_nominal_speed_mm_s + z_accel_allowance_s,0.608,z_motion,Concept-level timing assumption.
pick_failure_test,TASK-7B1-045,TUBE-7B1-045,11,gripper_action,gripper,0.0,0.0,grip_open_time_s,0.5,gripper_action,Concept-level timing assumption.
pick_failure_test,TASK-7B1-045,TUBE-7B1-045,12,z_lift,z_axis,55.0,55.0,abs(delta_z) / z_nominal_speed_mm_s + z_accel_allowance_s,0.608,z_motion,Concept-level timing assumption.
pick_failure_test,TASK-7B1-046,TUBE-7B1-046,1,xy_move_at_safe_z,xy_axes,194.165,0.0,distance / xy_nominal_speed_mm_s + xy_accel_allowance_s,0.755,xy_motion,Concept-level timing assumption.
pick_failure_test,TASK-7B1-046,TUBE-7B1-046,2,z_descend,z_axis,45.0,45.0,abs(delta_z) / z_nominal_speed_mm_s + z_accel_allowance_s,0.525,z_motion,Concept-level timing assumption.
pick_failure_test,TASK-7B1-046,TUBE-7B1-046,3,gripper_action,gripper,0.0,0.0,grip_close_time_s,0.6,gripper_action,Concept-level timing assumption.
pick_failure_test,TASK-7B1-046,TUBE-7B1-046,4,z_lift,z_axis,45.0,45.0,abs(delta_z) / z_nominal_speed_mm_s + z_accel_allowance_s,0.525,z_motion,Concept-level timing assumption.
pick_failure_test,TASK-7B1-046,TUBE-7B1-046,5,xy_move_at_safe_z,xy_axes,191.05,0.0,distance / xy_nominal_speed_mm_s + xy_accel_allowance_s,0.746,xy_motion,Concept-level timing assumption.
pick_failure_test,TASK-7B1-046,TUBE-7B1-046,6,z_descend,z_axis,35.0,35.0,abs(delta_z) / z_nominal_speed_mm_s + z_accel_allowance_s,0.442,z_motion,Concept-level timing assumption.
pick_failure_test,TASK-7B1-046,TUBE-7B1-046,7,scan_wait,dwell,0.0,0.0,scan_wait_time_s,1.0,scan_wait,Concept-level timing assumption.
pick_failure_test,TASK-7B1-046,TUBE-7B1-046,8,z_lift,z_axis,35.0,35.0,abs(delta_z) / z_nominal_speed_mm_s + z_accel_allowance_s,0.442,z_motion,Concept-level timing assumption.
pick_failure_test,TASK-7B1-046,TUBE-7B1-046,9,xy_move_at_safe_z,xy_axes,460.57,0.0,distance / xy_nominal_speed_mm_s + xy_accel_allowance_s,1.516,xy_motion,Concept-level timing assumption.
pick_failure_test,TASK-7B1-046,TUBE-7B1-046,10,z_descend,z_axis,55.0,55.0,abs(delta_z) / z_nominal_speed_mm_s + z_accel_allowance_s,0.608,z_motion,Concept-level timing assumption.
pick_failure_test,TASK-7B1-046,TUBE-7B1-046,11,gripper_action,gripper,0.0,0.0,grip_open_time_s,0.5,gripper_action,Concept-level timing assumption.
pick_failure_test,TASK-7B1-046,TUBE-7B1-046,12,z_lift,z_axis,55.0,55.0,abs(delta_z) / z_nominal_speed_mm_s + z_accel_allowance_s,0.608,z_motion,Concept-level timing assumption.
pick_failure_test,TASK-7B1-047,TUBE-7B1-047,1,xy_move_at_safe_z,xy_axes,145.602,0.0,distance / xy_nominal_speed_mm_s + xy_accel_allowance_s,0.616,xy_motion,Concept-level timing assumption.
pick_failure_test,TASK-7B1-047,TUBE-7B1-047,2,z_descend,z_axis,45.0,45.0,abs(delta_z) / z_nominal_speed_mm_s + z_accel_allowance_s,0.525,z_motion,Concept-level timing assumption.
pick_failure_test,TASK-7B1-047,TUBE-7B1-047,3,gripper_action,gripper,0.0,0.0,grip_close_time_s,0.6,gripper_action,Concept-level timing assumption.
pick_failure_test,TASK-7B1-047,TUBE-7B1-047,4,z_lift,z_axis,45.0,45.0,abs(delta_z) / z_nominal_speed_mm_s + z_accel_allowance_s,0.525,z_motion,Concept-level timing assumption.
pick_failure_test,TASK-7B1-047,TUBE-7B1-047,5,xy_move_at_safe_z,xy_axes,141.421,0.0,distance / xy_nominal_speed_mm_s + xy_accel_allowance_s,0.604,xy_motion,Concept-level timing assumption.
pick_failure_test,TASK-7B1-047,TUBE-7B1-047,6,z_descend,z_axis,35.0,35.0,abs(delta_z) / z_nominal_speed_mm_s + z_accel_allowance_s,0.442,z_motion,Concept-level timing assumption.
pick_failure_test,TASK-7B1-047,TUBE-7B1-047,7,scan_wait,dwell,0.0,0.0,scan_wait_time_s,1.0,scan_wait,Concept-level timing assumption.
pick_failure_test,TASK-7B1-047,TUBE-7B1-047,8,z_lift,z_axis,35.0,35.0,abs(delta_z) / z_nominal_speed_mm_s + z_accel_allowance_s,0.442,z_motion,Concept-level timing assumption.
pick_failure_test,TASK-7B1-047,TUBE-7B1-047,9,xy_move_at_safe_z,xy_axes,280.401,0.0,distance / xy_nominal_speed_mm_s + xy_accel_allowance_s,1.001,xy_motion,Concept-level timing assumption.
pick_failure_test,TASK-7B1-047,TUBE-7B1-047,10,z_descend,z_axis,55.0,55.0,abs(delta_z) / z_nominal_speed_mm_s + z_accel_allowance_s,0.608,z_motion,Concept-level timing assumption.
pick_failure_test,TASK-7B1-047,TUBE-7B1-047,11,gripper_action,gripper,0.0,0.0,grip_open_time_s,0.5,gripper_action,Concept-level timing assumption.
pick_failure_test,TASK-7B1-047,TUBE-7B1-047,12,z_lift,z_axis,55.0,55.0,abs(delta_z) / z_nominal_speed_mm_s + z_accel_allowance_s,0.608,z_motion,Concept-level timing assumption.
pick_failure_test,TASK-7B1-048,TUBE-7B1-048,1,xy_move_at_safe_z,xy_axes,121.758,0.0,distance / xy_nominal_speed_mm_s + xy_accel_allowance_s,0.548,xy_motion,Concept-level timing assumption.
pick_failure_test,TASK-7B1-048,TUBE-7B1-048,2,z_descend,z_axis,45.0,45.0,abs(delta_z) / z_nominal_speed_mm_s + z_accel_allowance_s,0.525,z_motion,Concept-level timing assumption.
pick_failure_test,TASK-7B1-048,TUBE-7B1-048,3,gripper_action,gripper,0.0,0.0,grip_close_time_s,0.6,gripper_action,Concept-level timing assumption.
pick_failure_test,TASK-7B1-048,TUBE-7B1-048,4,z_lift,z_axis,45.0,45.0,abs(delta_z) / z_nominal_speed_mm_s + z_accel_allowance_s,0.525,z_motion,Concept-level timing assumption.
pick_failure_test,TASK-7B1-048,TUBE-7B1-048,5,xy_move_at_safe_z,xy_axes,116.726,0.0,distance / xy_nominal_speed_mm_s + xy_accel_allowance_s,0.534,xy_motion,Concept-level timing assumption.
pick_failure_test,TASK-7B1-048,TUBE-7B1-048,6,z_descend,z_axis,35.0,35.0,abs(delta_z) / z_nominal_speed_mm_s + z_accel_allowance_s,0.442,z_motion,Concept-level timing assumption.
pick_failure_test,TASK-7B1-048,TUBE-7B1-048,7,scan_wait,dwell,0.0,0.0,scan_wait_time_s,1.0,scan_wait,Concept-level timing assumption.
pick_failure_test,TASK-7B1-048,TUBE-7B1-048,8,z_lift,z_axis,35.0,35.0,abs(delta_z) / z_nominal_speed_mm_s + z_accel_allowance_s,0.442,z_motion,Concept-level timing assumption.
pick_failure_test,TASK-7B1-048,TUBE-7B1-048,9,xy_move_at_safe_z,xy_axes,405.278,0.0,distance / xy_nominal_speed_mm_s + xy_accel_allowance_s,1.358,xy_motion,Concept-level timing assumption.
pick_failure_test,TASK-7B1-048,TUBE-7B1-048,10,z_descend,z_axis,55.0,55.0,abs(delta_z) / z_nominal_speed_mm_s + z_accel_allowance_s,0.608,z_motion,Concept-level timing assumption.
pick_failure_test,TASK-7B1-048,TUBE-7B1-048,11,gripper_action,gripper,0.0,0.0,grip_open_time_s,0.5,gripper_action,Concept-level timing assumption.
pick_failure_test,TASK-7B1-048,TUBE-7B1-048,12,z_lift,z_axis,55.0,55.0,abs(delta_z) / z_nominal_speed_mm_s + z_accel_allowance_s,0.608,z_motion,Concept-level timing assumption.
pick_failure_test,TASK-7B1-049,TUBE-7B1-049,1,xy_move_at_safe_z,xy_axes,248.646,0.0,distance / xy_nominal_speed_mm_s + xy_accel_allowance_s,0.91,xy_motion,Concept-level timing assumption.
pick_failure_test,TASK-7B1-049,TUBE-7B1-049,2,z_descend,z_axis,45.0,45.0,abs(delta_z) / z_nominal_speed_mm_s + z_accel_allowance_s,0.525,z_motion,Concept-level timing assumption.
pick_failure_test,TASK-7B1-049,TUBE-7B1-049,3,gripper_action,gripper,0.0,0.0,grip_close_time_s,0.6,gripper_action,Concept-level timing assumption.
pick_failure_test,TASK-7B1-049,TUBE-7B1-049,4,z_lift,z_axis,45.0,45.0,abs(delta_z) / z_nominal_speed_mm_s + z_accel_allowance_s,0.525,z_motion,Concept-level timing assumption.
pick_failure_test,TASK-7B1-049,TUBE-7B1-049,5,xy_move_at_safe_z,xy_axes,244.182,0.0,distance / xy_nominal_speed_mm_s + xy_accel_allowance_s,0.898,xy_motion,Concept-level timing assumption.
pick_failure_test,TASK-7B1-049,TUBE-7B1-049,6,z_descend,z_axis,35.0,35.0,abs(delta_z) / z_nominal_speed_mm_s + z_accel_allowance_s,0.442,z_motion,Concept-level timing assumption.
pick_failure_test,TASK-7B1-049,TUBE-7B1-049,7,scan_wait,dwell,0.0,0.0,scan_wait_time_s,1.0,scan_wait,Concept-level timing assumption.
pick_failure_test,TASK-7B1-049,TUBE-7B1-049,8,z_lift,z_axis,35.0,35.0,abs(delta_z) / z_nominal_speed_mm_s + z_accel_allowance_s,0.442,z_motion,Concept-level timing assumption.
pick_failure_test,TASK-7B1-049,TUBE-7B1-049,9,xy_move_at_safe_z,xy_axes,346.771,0.0,distance / xy_nominal_speed_mm_s + xy_accel_allowance_s,1.191,xy_motion,Concept-level timing assumption.
pick_failure_test,TASK-7B1-049,TUBE-7B1-049,10,z_descend,z_axis,55.0,55.0,abs(delta_z) / z_nominal_speed_mm_s + z_accel_allowance_s,0.608,z_motion,Concept-level timing assumption.
pick_failure_test,TASK-7B1-049,TUBE-7B1-049,11,gripper_action,gripper,0.0,0.0,grip_open_time_s,0.5,gripper_action,Concept-level timing assumption.
pick_failure_test,TASK-7B1-049,TUBE-7B1-049,12,z_lift,z_axis,55.0,55.0,abs(delta_z) / z_nominal_speed_mm_s + z_accel_allowance_s,0.608,z_motion,Concept-level timing assumption.
pick_failure_test,TASK-7B1-050,TUBE-7B1-050,1,xy_move_at_safe_z,xy_axes,200.811,0.0,distance / xy_nominal_speed_mm_s + xy_accel_allowance_s,0.774,xy_motion,Concept-level timing assumption.
pick_failure_test,TASK-7B1-050,TUBE-7B1-050,2,z_descend,z_axis,45.0,45.0,abs(delta_z) / z_nominal_speed_mm_s + z_accel_allowance_s,0.525,z_motion,Concept-level timing assumption.
pick_failure_test,TASK-7B1-050,TUBE-7B1-050,3,gripper_action,gripper,0.0,0.0,grip_close_time_s,0.6,gripper_action,Concept-level timing assumption.
pick_failure_test,TASK-7B1-050,TUBE-7B1-050,4,z_lift,z_axis,45.0,45.0,abs(delta_z) / z_nominal_speed_mm_s + z_accel_allowance_s,0.525,z_motion,Concept-level timing assumption.
pick_failure_test,TASK-7B1-050,TUBE-7B1-050,5,xy_move_at_safe_z,xy_axes,195.256,0.0,distance / xy_nominal_speed_mm_s + xy_accel_allowance_s,0.758,xy_motion,Concept-level timing assumption.
pick_failure_test,TASK-7B1-050,TUBE-7B1-050,6,z_descend,z_axis,35.0,35.0,abs(delta_z) / z_nominal_speed_mm_s + z_accel_allowance_s,0.442,z_motion,Concept-level timing assumption.
pick_failure_test,TASK-7B1-050,TUBE-7B1-050,7,scan_wait,dwell,0.0,0.0,scan_wait_time_s,1.0,scan_wait,Concept-level timing assumption.
pick_failure_test,TASK-7B1-050,TUBE-7B1-050,8,z_lift,z_axis,35.0,35.0,abs(delta_z) / z_nominal_speed_mm_s + z_accel_allowance_s,0.442,z_motion,Concept-level timing assumption.
pick_failure_test,TASK-7B1-050,TUBE-7B1-050,9,xy_move_at_safe_z,xy_axes,483.994,0.0,distance / xy_nominal_speed_mm_s + xy_accel_allowance_s,1.583,xy_motion,Concept-level timing assumption.
pick_failure_test,TASK-7B1-050,TUBE-7B1-050,10,z_descend,z_axis,55.0,55.0,abs(delta_z) / z_nominal_speed_mm_s + z_accel_allowance_s,0.608,z_motion,Concept-level timing assumption.
pick_failure_test,TASK-7B1-050,TUBE-7B1-050,11,gripper_action,gripper,0.0,0.0,grip_open_time_s,0.5,gripper_action,Concept-level timing assumption.
pick_failure_test,TASK-7B1-050,TUBE-7B1-050,12,z_lift,z_axis,55.0,55.0,abs(delta_z) / z_nominal_speed_mm_s + z_accel_allowance_s,0.608,z_motion,Concept-level timing assumption.
pick_failure_test,TASK-7B1-051,TUBE-7B1-051,1,xy_move_at_safe_z,xy_axes,177.341,0.0,distance / xy_nominal_speed_mm_s + xy_accel_allowance_s,0.707,xy_motion,Concept-level timing assumption.
pick_failure_test,TASK-7B1-051,TUBE-7B1-051,2,z_descend,z_axis,45.0,45.0,abs(delta_z) / z_nominal_speed_mm_s + z_accel_allowance_s,0.525,z_motion,Concept-level timing assumption.
pick_failure_test,TASK-7B1-051,TUBE-7B1-051,3,gripper_action,gripper,0.0,0.0,grip_close_time_s,0.6,gripper_action,Concept-level timing assumption.
pick_failure_test,TASK-7B1-051,TUBE-7B1-051,4,z_lift,z_axis,45.0,45.0,abs(delta_z) / z_nominal_speed_mm_s + z_accel_allowance_s,0.525,z_motion,Concept-level timing assumption.
pick_failure_test,TASK-7B1-051,TUBE-7B1-051,5,xy_move_at_safe_z,xy_axes,171.026,0.0,distance / xy_nominal_speed_mm_s + xy_accel_allowance_s,0.689,xy_motion,Concept-level timing assumption.
pick_failure_test,TASK-7B1-051,TUBE-7B1-051,6,z_descend,z_axis,35.0,35.0,abs(delta_z) / z_nominal_speed_mm_s + z_accel_allowance_s,0.442,z_motion,Concept-level timing assumption.
pick_failure_test,TASK-7B1-051,TUBE-7B1-051,7,scan_wait,dwell,0.0,0.0,scan_wait_time_s,1.0,scan_wait,Concept-level timing assumption.
pick_failure_test,TASK-7B1-051,TUBE-7B1-051,8,z_lift,z_axis,35.0,35.0,abs(delta_z) / z_nominal_speed_mm_s + z_accel_allowance_s,0.442,z_motion,Concept-level timing assumption.
pick_failure_test,TASK-7B1-051,TUBE-7B1-051,9,xy_move_at_safe_z,xy_axes,305.369,0.0,distance / xy_nominal_speed_mm_s + xy_accel_allowance_s,1.072,xy_motion,Concept-level timing assumption.
pick_failure_test,TASK-7B1-051,TUBE-7B1-051,10,z_descend,z_axis,55.0,55.0,abs(delta_z) / z_nominal_speed_mm_s + z_accel_allowance_s,0.608,z_motion,Concept-level timing assumption.
pick_failure_test,TASK-7B1-051,TUBE-7B1-051,11,gripper_action,gripper,0.0,0.0,grip_open_time_s,0.5,gripper_action,Concept-level timing assumption.
pick_failure_test,TASK-7B1-051,TUBE-7B1-051,12,z_lift,z_axis,55.0,55.0,abs(delta_z) / z_nominal_speed_mm_s + z_accel_allowance_s,0.608,z_motion,Concept-level timing assumption.
pick_failure_test,TASK-7B1-052,TUBE-7B1-052,1,xy_move_at_safe_z,xy_axes,154.353,0.0,distance / xy_nominal_speed_mm_s + xy_accel_allowance_s,0.641,xy_motion,Concept-level timing assumption.
pick_failure_test,TASK-7B1-052,TUBE-7B1-052,2,z_descend,z_axis,45.0,45.0,abs(delta_z) / z_nominal_speed_mm_s + z_accel_allowance_s,0.525,z_motion,Concept-level timing assumption.
pick_failure_test,TASK-7B1-052,TUBE-7B1-052,3,gripper_action,gripper,0.0,0.0,grip_close_time_s,0.6,gripper_action,Concept-level timing assumption.
pick_failure_test,TASK-7B1-052,TUBE-7B1-052,4,z_lift,z_axis,45.0,45.0,abs(delta_z) / z_nominal_speed_mm_s + z_accel_allowance_s,0.525,z_motion,Concept-level timing assumption.
pick_failure_test,TASK-7B1-052,TUBE-7B1-052,5,xy_move_at_safe_z,xy_axes,147.054,0.0,distance / xy_nominal_speed_mm_s + xy_accel_allowance_s,0.62,xy_motion,Concept-level timing assumption.
pick_failure_test,TASK-7B1-052,TUBE-7B1-052,6,z_descend,z_axis,35.0,35.0,abs(delta_z) / z_nominal_speed_mm_s + z_accel_allowance_s,0.442,z_motion,Concept-level timing assumption.
pick_failure_test,TASK-7B1-052,TUBE-7B1-052,7,scan_wait,dwell,0.0,0.0,scan_wait_time_s,1.0,scan_wait,Concept-level timing assumption.
pick_failure_test,TASK-7B1-052,TUBE-7B1-052,8,z_lift,z_axis,35.0,35.0,abs(delta_z) / z_nominal_speed_mm_s + z_accel_allowance_s,0.442,z_motion,Concept-level timing assumption.
pick_failure_test,TASK-7B1-052,TUBE-7B1-052,9,xy_move_at_safe_z,xy_axes,430.262,0.0,distance / xy_nominal_speed_mm_s + xy_accel_allowance_s,1.429,xy_motion,Concept-level timing assumption.
pick_failure_test,TASK-7B1-052,TUBE-7B1-052,10,z_descend,z_axis,55.0,55.0,abs(delta_z) / z_nominal_speed_mm_s + z_accel_allowance_s,0.608,z_motion,Concept-level timing assumption.
pick_failure_test,TASK-7B1-052,TUBE-7B1-052,11,gripper_action,gripper,0.0,0.0,grip_open_time_s,0.5,gripper_action,Concept-level timing assumption.
pick_failure_test,TASK-7B1-052,TUBE-7B1-052,12,z_lift,z_axis,55.0,55.0,abs(delta_z) / z_nominal_speed_mm_s + z_accel_allowance_s,0.608,z_motion,Concept-level timing assumption.
pick_failure_test,TASK-7B1-053,TUBE-7B1-053,1,xy_move_at_safe_z,xy_axes,36.401,0.0,distance / xy_nominal_speed_mm_s + xy_accel_allowance_s,0.304,xy_motion,Concept-level timing assumption.
pick_failure_test,TASK-7B1-053,TUBE-7B1-053,2,z_descend,z_axis,45.0,45.0,abs(delta_z) / z_nominal_speed_mm_s + z_accel_allowance_s,0.525,z_motion,Concept-level timing assumption.
pick_failure_test,TASK-7B1-053,TUBE-7B1-053,3,gripper_action,gripper,0.0,0.0,grip_close_time_s,0.6,gripper_action,Concept-level timing assumption.
pick_failure_test,TASK-7B1-053,TUBE-7B1-053,4,z_lift,z_axis,45.0,45.0,abs(delta_z) / z_nominal_speed_mm_s + z_accel_allowance_s,0.525,z_motion,Concept-level timing assumption.
pick_failure_test,TASK-7B1-053,TUBE-7B1-053,5,xy_move_at_safe_z,xy_axes,46.098,0.0,distance / xy_nominal_speed_mm_s + xy_accel_allowance_s,0.332,xy_motion,Concept-level timing assumption.
pick_failure_test,TASK-7B1-053,TUBE-7B1-053,6,z_descend,z_axis,35.0,35.0,abs(delta_z) / z_nominal_speed_mm_s + z_accel_allowance_s,0.442,z_motion,Concept-level timing assumption.
pick_failure_test,TASK-7B1-053,TUBE-7B1-053,7,scan_wait,dwell,0.0,0.0,scan_wait_time_s,1.0,scan_wait,Concept-level timing assumption.
pick_failure_test,TASK-7B1-053,TUBE-7B1-053,8,z_lift,z_axis,35.0,35.0,abs(delta_z) / z_nominal_speed_mm_s + z_accel_allowance_s,0.442,z_motion,Concept-level timing assumption.
pick_failure_test,TASK-7B1-053,TUBE-7B1-053,9,xy_move_at_safe_z,xy_axes,228.035,0.0,distance / xy_nominal_speed_mm_s + xy_accel_allowance_s,0.852,xy_motion,Concept-level timing assumption.
pick_failure_test,TASK-7B1-053,TUBE-7B1-053,10,z_descend,z_axis,55.0,55.0,abs(delta_z) / z_nominal_speed_mm_s + z_accel_allowance_s,0.608,z_motion,Concept-level timing assumption.
pick_failure_test,TASK-7B1-053,TUBE-7B1-053,11,gripper_action,gripper,0.0,0.0,grip_open_time_s,0.5,gripper_action,Concept-level timing assumption.
pick_failure_test,TASK-7B1-053,TUBE-7B1-053,12,z_lift,z_axis,55.0,55.0,abs(delta_z) / z_nominal_speed_mm_s + z_accel_allowance_s,0.608,z_motion,Concept-level timing assumption.
pick_failure_test,TASK-7B1-054,TUBE-7B1-054,1,xy_move_at_safe_z,xy_axes,14.142,0.0,distance / xy_nominal_speed_mm_s + xy_accel_allowance_s,0.24,xy_motion,Concept-level timing assumption.
pick_failure_test,TASK-7B1-054,TUBE-7B1-054,2,z_descend,z_axis,45.0,45.0,abs(delta_z) / z_nominal_speed_mm_s + z_accel_allowance_s,0.525,z_motion,Concept-level timing assumption.
pick_failure_test,TASK-7B1-054,TUBE-7B1-054,3,gripper_action,gripper,0.0,0.0,grip_close_time_s,0.6,gripper_action,Concept-level timing assumption.
pick_failure_test,TASK-7B1-054,TUBE-7B1-054,4,z_lift,z_axis,45.0,45.0,abs(delta_z) / z_nominal_speed_mm_s + z_accel_allowance_s,0.525,z_motion,Concept-level timing assumption.
pick_failure_test,TASK-7B1-054,TUBE-7B1-054,5,xy_move_at_safe_z,xy_axes,31.623,0.0,distance / xy_nominal_speed_mm_s + xy_accel_allowance_s,0.29,xy_motion,Concept-level timing assumption.
pick_failure_test,TASK-7B1-054,TUBE-7B1-054,6,z_descend,z_axis,35.0,35.0,abs(delta_z) / z_nominal_speed_mm_s + z_accel_allowance_s,0.442,z_motion,Concept-level timing assumption.
pick_failure_test,TASK-7B1-054,TUBE-7B1-054,7,scan_wait,dwell,0.0,0.0,scan_wait_time_s,1.0,scan_wait,Concept-level timing assumption.
pick_failure_test,TASK-7B1-054,TUBE-7B1-054,8,z_lift,z_axis,35.0,35.0,abs(delta_z) / z_nominal_speed_mm_s + z_accel_allowance_s,0.442,z_motion,Concept-level timing assumption.
pick_failure_test,TASK-7B1-054,TUBE-7B1-054,9,xy_move_at_safe_z,xy_axes,358.469,0.0,distance / xy_nominal_speed_mm_s + xy_accel_allowance_s,1.224,xy_motion,Concept-level timing assumption.
pick_failure_test,TASK-7B1-054,TUBE-7B1-054,10,z_descend,z_axis,55.0,55.0,abs(delta_z) / z_nominal_speed_mm_s + z_accel_allowance_s,0.608,z_motion,Concept-level timing assumption.
pick_failure_test,TASK-7B1-054,TUBE-7B1-054,11,gripper_action,gripper,0.0,0.0,grip_open_time_s,0.5,gripper_action,Concept-level timing assumption.
pick_failure_test,TASK-7B1-054,TUBE-7B1-054,12,z_lift,z_axis,55.0,55.0,abs(delta_z) / z_nominal_speed_mm_s + z_accel_allowance_s,0.608,z_motion,Concept-level timing assumption.
pick_failure_test,TASK-7B1-055,TUBE-7B1-055,1,xy_move_at_safe_z,xy_axes,41.231,0.0,distance / xy_nominal_speed_mm_s + xy_accel_allowance_s,0.318,xy_motion,Concept-level timing assumption.
pick_failure_test,TASK-7B1-055,TUBE-7B1-055,2,z_descend,z_axis,45.0,45.0,abs(delta_z) / z_nominal_speed_mm_s + z_accel_allowance_s,0.525,z_motion,Concept-level timing assumption.
pick_failure_test,TASK-7B1-055,TUBE-7B1-055,3,gripper_action,gripper,0.0,0.0,grip_close_time_s,0.6,gripper_action,Concept-level timing assumption.
pick_failure_test,TASK-7B1-055,TUBE-7B1-055,4,z_lift,z_axis,45.0,45.0,abs(delta_z) / z_nominal_speed_mm_s + z_accel_allowance_s,0.525,z_motion,Concept-level timing assumption.
pick_failure_test,TASK-7B1-055,TUBE-7B1-055,5,xy_move_at_safe_z,xy_axes,50.0,0.0,distance / xy_nominal_speed_mm_s + xy_accel_allowance_s,0.343,xy_motion,Concept-level timing assumption.
pick_failure_test,TASK-7B1-055,TUBE-7B1-055,6,z_descend,z_axis,35.0,35.0,abs(delta_z) / z_nominal_speed_mm_s + z_accel_allowance_s,0.442,z_motion,Concept-level timing assumption.
pick_failure_test,TASK-7B1-055,TUBE-7B1-055,7,scan_wait,dwell,0.0,0.0,scan_wait_time_s,1.0,scan_wait,Concept-level timing assumption.
pick_failure_test,TASK-7B1-055,TUBE-7B1-055,8,z_lift,z_axis,35.0,35.0,abs(delta_z) / z_nominal_speed_mm_s + z_accel_allowance_s,0.442,z_motion,Concept-level timing assumption.
pick_failure_test,TASK-7B1-055,TUBE-7B1-055,9,xy_move_at_safe_z,xy_axes,184.391,0.0,distance / xy_nominal_speed_mm_s + xy_accel_allowance_s,0.727,xy_motion,Concept-level timing assumption.
pick_failure_test,TASK-7B1-055,TUBE-7B1-055,10,z_descend,z_axis,55.0,55.0,abs(delta_z) / z_nominal_speed_mm_s + z_accel_allowance_s,0.608,z_motion,Concept-level timing assumption.
pick_failure_test,TASK-7B1-055,TUBE-7B1-055,11,gripper_action,gripper,0.0,0.0,grip_open_time_s,0.5,gripper_action,Concept-level timing assumption.
pick_failure_test,TASK-7B1-055,TUBE-7B1-055,12,z_lift,z_axis,55.0,55.0,abs(delta_z) / z_nominal_speed_mm_s + z_accel_allowance_s,0.608,z_motion,Concept-level timing assumption.
pick_failure_test,TASK-7B1-056,TUBE-7B1-056,1,xy_move_at_safe_z,xy_axes,65.765,0.0,distance / xy_nominal_speed_mm_s + xy_accel_allowance_s,0.388,xy_motion,Concept-level timing assumption.
pick_failure_test,TASK-7B1-056,TUBE-7B1-056,2,z_descend,z_axis,45.0,45.0,abs(delta_z) / z_nominal_speed_mm_s + z_accel_allowance_s,0.525,z_motion,Concept-level timing assumption.
pick_failure_test,TASK-7B1-056,TUBE-7B1-056,3,gripper_action,gripper,0.0,0.0,grip_close_time_s,0.6,gripper_action,Concept-level timing assumption.
pick_failure_test,TASK-7B1-056,TUBE-7B1-056,4,z_lift,z_axis,45.0,45.0,abs(delta_z) / z_nominal_speed_mm_s + z_accel_allowance_s,0.525,z_motion,Concept-level timing assumption.
pick_failure_test,TASK-7B1-056,TUBE-7B1-056,5,xy_move_at_safe_z,xy_axes,71.589,0.0,distance / xy_nominal_speed_mm_s + xy_accel_allowance_s,0.405,xy_motion,Concept-level timing assumption.
pick_failure_test,TASK-7B1-056,TUBE-7B1-056,6,z_descend,z_axis,35.0,35.0,abs(delta_z) / z_nominal_speed_mm_s + z_accel_allowance_s,0.442,z_motion,Concept-level timing assumption.
pick_failure_test,TASK-7B1-056,TUBE-7B1-056,7,scan_wait,dwell,0.0,0.0,scan_wait_time_s,1.0,scan_wait,Concept-level timing assumption.
pick_failure_test,TASK-7B1-056,TUBE-7B1-056,8,z_lift,z_axis,35.0,35.0,abs(delta_z) / z_nominal_speed_mm_s + z_accel_allowance_s,0.442,z_motion,Concept-level timing assumption.
pick_failure_test,TASK-7B1-056,TUBE-7B1-056,9,xy_move_at_safe_z,xy_axes,455.247,0.0,distance / xy_nominal_speed_mm_s + xy_accel_allowance_s,1.501,xy_motion,Concept-level timing assumption.
pick_failure_test,TASK-7B1-056,TUBE-7B1-056,10,z_descend,z_axis,55.0,55.0,abs(delta_z) / z_nominal_speed_mm_s + z_accel_allowance_s,0.608,z_motion,Concept-level timing assumption.
pick_failure_test,TASK-7B1-056,TUBE-7B1-056,11,gripper_action,gripper,0.0,0.0,grip_open_time_s,0.5,gripper_action,Concept-level timing assumption.
pick_failure_test,TASK-7B1-056,TUBE-7B1-056,12,z_lift,z_axis,55.0,55.0,abs(delta_z) / z_nominal_speed_mm_s + z_accel_allowance_s,0.608,z_motion,Concept-level timing assumption.
pick_failure_test,TASK-7B1-057,TUBE-7B1-057,1,xy_move_at_safe_z,xy_axes,61.847,0.0,distance / xy_nominal_speed_mm_s + xy_accel_allowance_s,0.377,xy_motion,Concept-level timing assumption.
pick_failure_test,TASK-7B1-057,TUBE-7B1-057,2,z_descend,z_axis,45.0,45.0,abs(delta_z) / z_nominal_speed_mm_s + z_accel_allowance_s,0.525,z_motion,Concept-level timing assumption.
pick_failure_test,TASK-7B1-057,TUBE-7B1-057,3,gripper_action,gripper,0.0,0.0,grip_close_time_s,0.6,gripper_action,Concept-level timing assumption.
pick_failure_test,TASK-7B1-057,TUBE-7B1-057,4,z_lift,z_axis,45.0,45.0,abs(delta_z) / z_nominal_speed_mm_s + z_accel_allowance_s,0.525,z_motion,Concept-level timing assumption.
pick_failure_test,TASK-7B1-057,TUBE-7B1-057,5,xy_move_at_safe_z,xy_axes,60.208,0.0,distance / xy_nominal_speed_mm_s + xy_accel_allowance_s,0.372,xy_motion,Concept-level timing assumption.
pick_failure_test,TASK-7B1-057,TUBE-7B1-057,6,z_descend,z_axis,35.0,35.0,abs(delta_z) / z_nominal_speed_mm_s + z_accel_allowance_s,0.442,z_motion,Concept-level timing assumption.
pick_failure_test,TASK-7B1-057,TUBE-7B1-057,7,scan_wait,dwell,0.0,0.0,scan_wait_time_s,1.0,scan_wait,Concept-level timing assumption.
pick_failure_test,TASK-7B1-057,TUBE-7B1-057,8,z_lift,z_axis,35.0,35.0,abs(delta_z) / z_nominal_speed_mm_s + z_accel_allowance_s,0.442,z_motion,Concept-level timing assumption.
pick_failure_test,TASK-7B1-057,TUBE-7B1-057,9,xy_move_at_safe_z,xy_axes,248.244,0.0,distance / xy_nominal_speed_mm_s + xy_accel_allowance_s,0.909,xy_motion,Concept-level timing assumption.
pick_failure_test,TASK-7B1-057,TUBE-7B1-057,10,z_descend,z_axis,55.0,55.0,abs(delta_z) / z_nominal_speed_mm_s + z_accel_allowance_s,0.608,z_motion,Concept-level timing assumption.
pick_failure_test,TASK-7B1-057,TUBE-7B1-057,11,gripper_action,gripper,0.0,0.0,grip_open_time_s,0.5,gripper_action,Concept-level timing assumption.
pick_failure_test,TASK-7B1-057,TUBE-7B1-057,12,z_lift,z_axis,55.0,55.0,abs(delta_z) / z_nominal_speed_mm_s + z_accel_allowance_s,0.608,z_motion,Concept-level timing assumption.
pick_failure_test,TASK-7B1-058,TUBE-7B1-058,1,xy_move_at_safe_z,xy_axes,18.028,0.0,distance / xy_nominal_speed_mm_s + xy_accel_allowance_s,0.252,xy_motion,Concept-level timing assumption.
pick_failure_test,TASK-7B1-058,TUBE-7B1-058,2,z_descend,z_axis,45.0,45.0,abs(delta_z) / z_nominal_speed_mm_s + z_accel_allowance_s,0.525,z_motion,Concept-level timing assumption.
pick_failure_test,TASK-7B1-058,TUBE-7B1-058,3,gripper_action,gripper,0.0,0.0,grip_close_time_s,0.6,gripper_action,Concept-level timing assumption.
pick_failure_test,TASK-7B1-058,TUBE-7B1-058,4,z_lift,z_axis,45.0,45.0,abs(delta_z) / z_nominal_speed_mm_s + z_accel_allowance_s,0.525,z_motion,Concept-level timing assumption.
pick_failure_test,TASK-7B1-058,TUBE-7B1-058,5,xy_move_at_safe_z,xy_axes,11.18,0.0,distance / xy_nominal_speed_mm_s + xy_accel_allowance_s,0.232,xy_motion,Concept-level timing assumption.
pick_failure_test,TASK-7B1-058,TUBE-7B1-058,6,z_descend,z_axis,35.0,35.0,abs(delta_z) / z_nominal_speed_mm_s + z_accel_allowance_s,0.442,z_motion,Concept-level timing assumption.
pick_failure_test,TASK-7B1-058,TUBE-7B1-058,7,scan_wait,dwell,0.0,0.0,scan_wait_time_s,1.0,scan_wait,Concept-level timing assumption.
pick_failure_test,TASK-7B1-058,TUBE-7B1-058,8,z_lift,z_axis,35.0,35.0,abs(delta_z) / z_nominal_speed_mm_s + z_accel_allowance_s,0.442,z_motion,Concept-level timing assumption.
pick_failure_test,TASK-7B1-058,TUBE-7B1-058,9,xy_move_at_safe_z,xy_axes,381.608,0.0,distance / xy_nominal_speed_mm_s + xy_accel_allowance_s,1.29,xy_motion,Concept-level timing assumption.
pick_failure_test,TASK-7B1-058,TUBE-7B1-058,10,z_descend,z_axis,55.0,55.0,abs(delta_z) / z_nominal_speed_mm_s + z_accel_allowance_s,0.608,z_motion,Concept-level timing assumption.
pick_failure_test,TASK-7B1-058,TUBE-7B1-058,11,gripper_action,gripper,0.0,0.0,grip_open_time_s,0.5,gripper_action,Concept-level timing assumption.
pick_failure_test,TASK-7B1-058,TUBE-7B1-058,12,z_lift,z_axis,55.0,55.0,abs(delta_z) / z_nominal_speed_mm_s + z_accel_allowance_s,0.608,z_motion,Concept-level timing assumption.
pick_failure_test,TASK-7B1-059,TUBE-7B1-059,1,xy_move_at_safe_z,xy_axes,21.213,0.0,distance / xy_nominal_speed_mm_s + xy_accel_allowance_s,0.261,xy_motion,Concept-level timing assumption.
pick_failure_test,TASK-7B1-059,TUBE-7B1-059,2,z_descend,z_axis,45.0,45.0,abs(delta_z) / z_nominal_speed_mm_s + z_accel_allowance_s,0.525,z_motion,Concept-level timing assumption.
pick_failure_test,TASK-7B1-059,TUBE-7B1-059,3,gripper_action,gripper,0.0,0.0,grip_close_time_s,0.6,gripper_action,Concept-level timing assumption.
pick_failure_test,TASK-7B1-059,TUBE-7B1-059,4,z_lift,z_axis,45.0,45.0,abs(delta_z) / z_nominal_speed_mm_s + z_accel_allowance_s,0.525,z_motion,Concept-level timing assumption.
pick_failure_test,TASK-7B1-059,TUBE-7B1-059,5,xy_move_at_safe_z,xy_axes,15.811,0.0,distance / xy_nominal_speed_mm_s + xy_accel_allowance_s,0.245,xy_motion,Concept-level timing assumption.
pick_failure_test,TASK-7B1-059,TUBE-7B1-059,6,z_descend,z_axis,35.0,35.0,abs(delta_z) / z_nominal_speed_mm_s + z_accel_allowance_s,0.442,z_motion,Concept-level timing assumption.
pick_failure_test,TASK-7B1-059,TUBE-7B1-059,7,scan_wait,dwell,0.0,0.0,scan_wait_time_s,1.0,scan_wait,Concept-level timing assumption.
pick_failure_test,TASK-7B1-059,TUBE-7B1-059,8,z_lift,z_axis,35.0,35.0,abs(delta_z) / z_nominal_speed_mm_s + z_accel_allowance_s,0.442,z_motion,Concept-level timing assumption.
pick_failure_test,TASK-7B1-059,TUBE-7B1-059,9,xy_move_at_safe_z,xy_axes,484.175,0.0,distance / xy_nominal_speed_mm_s + xy_accel_allowance_s,1.583,xy_motion,Concept-level timing assumption.
pick_failure_test,TASK-7B1-059,TUBE-7B1-059,10,z_descend,z_axis,55.0,55.0,abs(delta_z) / z_nominal_speed_mm_s + z_accel_allowance_s,0.608,z_motion,Concept-level timing assumption.
pick_failure_test,TASK-7B1-059,TUBE-7B1-059,11,gripper_action,gripper,0.0,0.0,grip_open_time_s,0.5,gripper_action,Concept-level timing assumption.
pick_failure_test,TASK-7B1-059,TUBE-7B1-059,12,z_lift,z_axis,55.0,55.0,abs(delta_z) / z_nominal_speed_mm_s + z_accel_allowance_s,0.608,z_motion,Concept-level timing assumption.
pick_failure_test,TASK-7B1-060,TUBE-7B1-060,1,xy_move_at_safe_z,xy_axes,42.72,0.0,distance / xy_nominal_speed_mm_s + xy_accel_allowance_s,0.322,xy_motion,Concept-level timing assumption.
pick_failure_test,TASK-7B1-060,TUBE-7B1-060,2,z_descend,z_axis,45.0,45.0,abs(delta_z) / z_nominal_speed_mm_s + z_accel_allowance_s,0.525,z_motion,Concept-level timing assumption.
pick_failure_test,TASK-7B1-060,TUBE-7B1-060,3,gripper_action,gripper,0.0,0.0,grip_close_time_s,0.6,gripper_action,Concept-level timing assumption.
pick_failure_test,TASK-7B1-060,TUBE-7B1-060,4,z_lift,z_axis,45.0,45.0,abs(delta_z) / z_nominal_speed_mm_s + z_accel_allowance_s,0.525,z_motion,Concept-level timing assumption.
pick_failure_test,TASK-7B1-060,TUBE-7B1-060,5,xy_move_at_safe_z,xy_axes,40.311,0.0,distance / xy_nominal_speed_mm_s + xy_accel_allowance_s,0.315,xy_motion,Concept-level timing assumption.
pick_failure_test,TASK-7B1-060,TUBE-7B1-060,6,z_descend,z_axis,35.0,35.0,abs(delta_z) / z_nominal_speed_mm_s + z_accel_allowance_s,0.442,z_motion,Concept-level timing assumption.
pick_failure_test,TASK-7B1-060,TUBE-7B1-060,7,scan_wait,dwell,0.0,0.0,scan_wait_time_s,1.0,scan_wait,Concept-level timing assumption.
pick_failure_test,TASK-7B1-060,TUBE-7B1-060,8,z_lift,z_axis,35.0,35.0,abs(delta_z) / z_nominal_speed_mm_s + z_accel_allowance_s,0.442,z_motion,Concept-level timing assumption.
pick_failure_test,TASK-7B1-060,TUBE-7B1-060,9,xy_move_at_safe_z,xy_axes,208.866,0.0,distance / xy_nominal_speed_mm_s + xy_accel_allowance_s,0.797,xy_motion,Concept-level timing assumption.
pick_failure_test,TASK-7B1-060,TUBE-7B1-060,10,z_descend,z_axis,55.0,55.0,abs(delta_z) / z_nominal_speed_mm_s + z_accel_allowance_s,0.608,z_motion,Concept-level timing assumption.
pick_failure_test,TASK-7B1-060,TUBE-7B1-060,11,gripper_action,gripper,0.0,0.0,grip_open_time_s,0.5,gripper_action,Concept-level timing assumption.
pick_failure_test,TASK-7B1-060,TUBE-7B1-060,12,z_lift,z_axis,55.0,55.0,abs(delta_z) / z_nominal_speed_mm_s + z_accel_allowance_s,0.608,z_motion,Concept-level timing assumption.
pick_failure_test,TASK-7B1-061,TUBE-7B1-061,1,xy_move_at_safe_z,xy_axes,72.111,0.0,distance / xy_nominal_speed_mm_s + xy_accel_allowance_s,0.406,xy_motion,Concept-level timing assumption.
pick_failure_test,TASK-7B1-061,TUBE-7B1-061,2,z_descend,z_axis,45.0,45.0,abs(delta_z) / z_nominal_speed_mm_s + z_accel_allowance_s,0.525,z_motion,Concept-level timing assumption.
pick_failure_test,TASK-7B1-061,TUBE-7B1-061,3,gripper_action,gripper,0.0,0.0,grip_close_time_s,0.6,gripper_action,Concept-level timing assumption.
pick_failure_test,TASK-7B1-061,TUBE-7B1-061,4,z_lift,z_axis,45.0,45.0,abs(delta_z) / z_nominal_speed_mm_s + z_accel_allowance_s,0.525,z_motion,Concept-level timing assumption.
pick_failure_test,TASK-7B1-061,TUBE-7B1-061,5,xy_move_at_safe_z,xy_axes,63.246,0.0,distance / xy_nominal_speed_mm_s + xy_accel_allowance_s,0.381,xy_motion,Concept-level timing assumption.
pick_failure_test,TASK-7B1-061,TUBE-7B1-061,6,z_descend,z_axis,35.0,35.0,abs(delta_z) / z_nominal_speed_mm_s + z_accel_allowance_s,0.442,z_motion,Concept-level timing assumption.
pick_failure_test,TASK-7B1-061,TUBE-7B1-061,7,scan_wait,dwell,0.0,0.0,scan_wait_time_s,1.0,scan_wait,Concept-level timing assumption.
pick_failure_test,TASK-7B1-061,TUBE-7B1-061,8,z_lift,z_axis,35.0,35.0,abs(delta_z) / z_nominal_speed_mm_s + z_accel_allowance_s,0.442,z_motion,Concept-level timing assumption.
pick_failure_test,TASK-7B1-061,TUBE-7B1-061,9,xy_move_at_safe_z,xy_axes,332.415,0.0,distance / xy_nominal_speed_mm_s + xy_accel_allowance_s,1.15,xy_motion,Concept-level timing assumption.
pick_failure_test,TASK-7B1-061,TUBE-7B1-061,10,z_descend,z_axis,55.0,55.0,abs(delta_z) / z_nominal_speed_mm_s + z_accel_allowance_s,0.608,z_motion,Concept-level timing assumption.
pick_failure_test,TASK-7B1-061,TUBE-7B1-061,11,gripper_action,gripper,0.0,0.0,grip_open_time_s,0.5,gripper_action,Concept-level timing assumption.
pick_failure_test,TASK-7B1-061,TUBE-7B1-061,12,z_lift,z_axis,55.0,55.0,abs(delta_z) / z_nominal_speed_mm_s + z_accel_allowance_s,0.608,z_motion,Concept-level timing assumption.
pick_failure_test,TASK-7B1-062,TUBE-7B1-062,1,xy_move_at_safe_z,xy_axes,53.151,0.0,distance / xy_nominal_speed_mm_s + xy_accel_allowance_s,0.352,xy_motion,Concept-level timing assumption.
pick_failure_test,TASK-7B1-062,TUBE-7B1-062,2,z_descend,z_axis,45.0,45.0,abs(delta_z) / z_nominal_speed_mm_s + z_accel_allowance_s,0.525,z_motion,Concept-level timing assumption.
pick_failure_test,TASK-7B1-062,TUBE-7B1-062,3,gripper_action,gripper,0.0,0.0,grip_close_time_s,0.6,gripper_action,Concept-level timing assumption.
pick_failure_test,TASK-7B1-062,TUBE-7B1-062,4,z_lift,z_axis,45.0,45.0,abs(delta_z) / z_nominal_speed_mm_s + z_accel_allowance_s,0.525,z_motion,Concept-level timing assumption.
pick_failure_test,TASK-7B1-062,TUBE-7B1-062,5,xy_move_at_safe_z,xy_axes,40.311,0.0,distance / xy_nominal_speed_mm_s + xy_accel_allowance_s,0.315,xy_motion,Concept-level timing assumption.
pick_failure_test,TASK-7B1-062,TUBE-7B1-062,6,z_descend,z_axis,35.0,35.0,abs(delta_z) / z_nominal_speed_mm_s + z_accel_allowance_s,0.442,z_motion,Concept-level timing assumption.
pick_failure_test,TASK-7B1-062,TUBE-7B1-062,7,scan_wait,dwell,0.0,0.0,scan_wait_time_s,1.0,scan_wait,Concept-level timing assumption.
pick_failure_test,TASK-7B1-062,TUBE-7B1-062,8,z_lift,z_axis,35.0,35.0,abs(delta_z) / z_nominal_speed_mm_s + z_accel_allowance_s,0.442,z_motion,Concept-level timing assumption.
pick_failure_test,TASK-7B1-062,TUBE-7B1-062,9,xy_move_at_safe_z,xy_axes,269.258,0.0,distance / xy_nominal_speed_mm_s + xy_accel_allowance_s,0.969,xy_motion,Concept-level timing assumption.
pick_failure_test,TASK-7B1-062,TUBE-7B1-062,10,z_descend,z_axis,55.0,55.0,abs(delta_z) / z_nominal_speed_mm_s + z_accel_allowance_s,0.608,z_motion,Concept-level timing assumption.
pick_failure_test,TASK-7B1-062,TUBE-7B1-062,11,gripper_action,gripper,0.0,0.0,grip_open_time_s,0.5,gripper_action,Concept-level timing assumption.
pick_failure_test,TASK-7B1-062,TUBE-7B1-062,12,z_lift,z_axis,55.0,55.0,abs(delta_z) / z_nominal_speed_mm_s + z_accel_allowance_s,0.608,z_motion,Concept-level timing assumption.
pick_failure_test,TASK-7B1-063,TUBE-7B1-063,1,xy_move_at_safe_z,xy_axes,41.231,0.0,distance / xy_nominal_speed_mm_s + xy_accel_allowance_s,0.318,xy_motion,Concept-level timing assumption.
pick_failure_test,TASK-7B1-063,TUBE-7B1-063,2,z_descend,z_axis,45.0,45.0,abs(delta_z) / z_nominal_speed_mm_s + z_accel_allowance_s,0.525,z_motion,Concept-level timing assumption.
pick_failure_test,TASK-7B1-063,TUBE-7B1-063,3,gripper_action,gripper,0.0,0.0,grip_close_time_s,0.6,gripper_action,Concept-level timing assumption.
pick_failure_test,TASK-7B1-063,TUBE-7B1-063,4,z_lift,z_axis,45.0,45.0,abs(delta_z) / z_nominal_speed_mm_s + z_accel_allowance_s,0.525,z_motion,Concept-level timing assumption.
pick_failure_test,TASK-7B1-063,TUBE-7B1-063,5,xy_move_at_safe_z,xy_axes,22.361,0.0,distance / xy_nominal_speed_mm_s + xy_accel_allowance_s,0.264,xy_motion,Concept-level timing assumption.
pick_failure_test,TASK-7B1-063,TUBE-7B1-063,6,z_descend,z_axis,35.0,35.0,abs(delta_z) / z_nominal_speed_mm_s + z_accel_allowance_s,0.442,z_motion,Concept-level timing assumption.
pick_failure_test,TASK-7B1-063,TUBE-7B1-063,7,scan_wait,dwell,0.0,0.0,scan_wait_time_s,1.0,scan_wait,Concept-level timing assumption.
pick_failure_test,TASK-7B1-063,TUBE-7B1-063,8,z_lift,z_axis,35.0,35.0,abs(delta_z) / z_nominal_speed_mm_s + z_accel_allowance_s,0.442,z_motion,Concept-level timing assumption.
pick_failure_test,TASK-7B1-063,TUBE-7B1-063,9,xy_move_at_safe_z,xy_axes,404.969,0.0,distance / xy_nominal_speed_mm_s + xy_accel_allowance_s,1.357,xy_motion,Concept-level timing assumption.
pick_failure_test,TASK-7B1-063,TUBE-7B1-063,10,z_descend,z_axis,55.0,55.0,abs(delta_z) / z_nominal_speed_mm_s + z_accel_allowance_s,0.608,z_motion,Concept-level timing assumption.
pick_failure_test,TASK-7B1-063,TUBE-7B1-063,11,gripper_action,gripper,0.0,0.0,grip_open_time_s,0.5,gripper_action,Concept-level timing assumption.
pick_failure_test,TASK-7B1-063,TUBE-7B1-063,12,z_lift,z_axis,55.0,55.0,abs(delta_z) / z_nominal_speed_mm_s + z_accel_allowance_s,0.608,z_motion,Concept-level timing assumption.
pick_failure_test,TASK-7B1-064,TUBE-7B1-064,1,xy_move_at_safe_z,xy_axes,56.569,0.0,distance / xy_nominal_speed_mm_s + xy_accel_allowance_s,0.362,xy_motion,Concept-level timing assumption.
pick_failure_test,TASK-7B1-064,TUBE-7B1-064,2,z_descend,z_axis,45.0,45.0,abs(delta_z) / z_nominal_speed_mm_s + z_accel_allowance_s,0.525,z_motion,Concept-level timing assumption.
pick_failure_test,TASK-7B1-064,TUBE-7B1-064,3,gripper_action,gripper,0.0,0.0,grip_close_time_s,0.6,gripper_action,Concept-level timing assumption.
pick_failure_test,TASK-7B1-064,TUBE-7B1-064,4,z_lift,z_axis,45.0,45.0,abs(delta_z) / z_nominal_speed_mm_s + z_accel_allowance_s,0.525,z_motion,Concept-level timing assumption.
pick_failure_test,TASK-7B1-064,TUBE-7B1-064,5,xy_move_at_safe_z,xy_axes,44.721,0.0,distance / xy_nominal_speed_mm_s + xy_accel_allowance_s,0.328,xy_motion,Concept-level timing assumption.
pick_failure_test,TASK-7B1-064,TUBE-7B1-064,6,z_descend,z_axis,35.0,35.0,abs(delta_z) / z_nominal_speed_mm_s + z_accel_allowance_s,0.442,z_motion,Concept-level timing assumption.
pick_failure_test,TASK-7B1-064,TUBE-7B1-064,7,scan_wait,dwell,0.0,0.0,scan_wait_time_s,1.0,scan_wait,Concept-level timing assumption.
pick_failure_test,TASK-7B1-064,TUBE-7B1-064,8,z_lift,z_axis,35.0,35.0,abs(delta_z) / z_nominal_speed_mm_s + z_accel_allowance_s,0.442,z_motion,Concept-level timing assumption.
pick_failure_test,TASK-7B1-064,TUBE-7B1-064,9,xy_move_at_safe_z,xy_axes,233.452,0.0,distance / xy_nominal_speed_mm_s + xy_accel_allowance_s,0.867,xy_motion,Concept-level timing assumption.
pick_failure_test,TASK-7B1-064,TUBE-7B1-064,10,z_descend,z_axis,55.0,55.0,abs(delta_z) / z_nominal_speed_mm_s + z_accel_allowance_s,0.608,z_motion,Concept-level timing assumption.
pick_failure_test,TASK-7B1-064,TUBE-7B1-064,11,gripper_action,gripper,0.0,0.0,grip_open_time_s,0.5,gripper_action,Concept-level timing assumption.
pick_failure_test,TASK-7B1-064,TUBE-7B1-064,12,z_lift,z_axis,55.0,55.0,abs(delta_z) / z_nominal_speed_mm_s + z_accel_allowance_s,0.608,z_motion,Concept-level timing assumption.
pick_failure_test,TASK-7B1-065,TUBE-7B1-065,1,xy_move_at_safe_z,xy_axes,76.322,0.0,distance / xy_nominal_speed_mm_s + xy_accel_allowance_s,0.418,xy_motion,Concept-level timing assumption.
pick_failure_test,TASK-7B1-065,TUBE-7B1-065,2,z_descend,z_axis,45.0,45.0,abs(delta_z) / z_nominal_speed_mm_s + z_accel_allowance_s,0.525,z_motion,Concept-level timing assumption.
pick_failure_test,TASK-7B1-065,TUBE-7B1-065,3,gripper_action,gripper,0.0,0.0,grip_close_time_s,0.6,gripper_action,Concept-level timing assumption.
pick_failure_test,TASK-7B1-065,TUBE-7B1-065,4,z_lift,z_axis,45.0,45.0,abs(delta_z) / z_nominal_speed_mm_s + z_accel_allowance_s,0.525,z_motion,Concept-level timing assumption.
pick_failure_test,TASK-7B1-065,TUBE-7B1-065,5,xy_move_at_safe_z,xy_axes,68.007,0.0,distance / xy_nominal_speed_mm_s + xy_accel_allowance_s,0.394,xy_motion,Concept-level timing assumption.
pick_failure_test,TASK-7B1-065,TUBE-7B1-065,6,z_descend,z_axis,35.0,35.0,abs(delta_z) / z_nominal_speed_mm_s + z_accel_allowance_s,0.442,z_motion,Concept-level timing assumption.
pick_failure_test,TASK-7B1-065,TUBE-7B1-065,7,scan_wait,dwell,0.0,0.0,scan_wait_time_s,1.0,scan_wait,Concept-level timing assumption.
pick_failure_test,TASK-7B1-065,TUBE-7B1-065,8,z_lift,z_axis,35.0,35.0,abs(delta_z) / z_nominal_speed_mm_s + z_accel_allowance_s,0.442,z_motion,Concept-level timing assumption.
pick_failure_test,TASK-7B1-065,TUBE-7B1-065,9,xy_move_at_safe_z,xy_axes,357.246,0.0,distance / xy_nominal_speed_mm_s + xy_accel_allowance_s,1.221,xy_motion,Concept-level timing assumption.
pick_failure_test,TASK-7B1-065,TUBE-7B1-065,10,z_descend,z_axis,55.0,55.0,abs(delta_z) / z_nominal_speed_mm_s + z_accel_allowance_s,0.608,z_motion,Concept-level timing assumption.
pick_failure_test,TASK-7B1-065,TUBE-7B1-065,11,gripper_action,gripper,0.0,0.0,grip_open_time_s,0.5,gripper_action,Concept-level timing assumption.
pick_failure_test,TASK-7B1-065,TUBE-7B1-065,12,z_lift,z_axis,55.0,55.0,abs(delta_z) / z_nominal_speed_mm_s + z_accel_allowance_s,0.608,z_motion,Concept-level timing assumption.
pick_failure_test,TASK-7B1-066,TUBE-7B1-066,1,xy_move_at_safe_z,xy_axes,88.459,0.0,distance / xy_nominal_speed_mm_s + xy_accel_allowance_s,0.453,xy_motion,Concept-level timing assumption.
pick_failure_test,TASK-7B1-066,TUBE-7B1-066,2,z_descend,z_axis,45.0,45.0,abs(delta_z) / z_nominal_speed_mm_s + z_accel_allowance_s,0.525,z_motion,Concept-level timing assumption.
pick_failure_test,TASK-7B1-066,TUBE-7B1-066,3,gripper_action,gripper,0.0,0.0,grip_close_time_s,0.6,gripper_action,Concept-level timing assumption.
pick_failure_test,TASK-7B1-066,TUBE-7B1-066,4,z_lift,z_axis,45.0,45.0,abs(delta_z) / z_nominal_speed_mm_s + z_accel_allowance_s,0.525,z_motion,Concept-level timing assumption.
pick_failure_test,TASK-7B1-066,TUBE-7B1-066,5,xy_move_at_safe_z,xy_axes,75.0,0.0,distance / xy_nominal_speed_mm_s + xy_accel_allowance_s,0.414,xy_motion,Concept-level timing assumption.
pick_failure_test,TASK-7B1-066,TUBE-7B1-066,6,z_descend,z_axis,35.0,35.0,abs(delta_z) / z_nominal_speed_mm_s + z_accel_allowance_s,0.442,z_motion,Concept-level timing assumption.
pick_failure_test,TASK-7B1-066,TUBE-7B1-066,7,scan_wait,dwell,0.0,0.0,scan_wait_time_s,1.0,scan_wait,Concept-level timing assumption.
pick_failure_test,TASK-7B1-066,TUBE-7B1-066,8,z_lift,z_axis,35.0,35.0,abs(delta_z) / z_nominal_speed_mm_s + z_accel_allowance_s,0.442,z_motion,Concept-level timing assumption.
pick_failure_test,TASK-7B1-066,TUBE-7B1-066,9,xy_move_at_safe_z,xy_axes,290.904,0.0,distance / xy_nominal_speed_mm_s + xy_accel_allowance_s,1.031,xy_motion,Concept-level timing assumption.
pick_failure_test,TASK-7B1-066,TUBE-7B1-066,10,z_descend,z_axis,55.0,55.0,abs(delta_z) / z_nominal_speed_mm_s + z_accel_allowance_s,0.608,z_motion,Concept-level timing assumption.
pick_failure_test,TASK-7B1-066,TUBE-7B1-066,11,gripper_action,gripper,0.0,0.0,grip_open_time_s,0.5,gripper_action,Concept-level timing assumption.
pick_failure_test,TASK-7B1-066,TUBE-7B1-066,12,z_lift,z_axis,55.0,55.0,abs(delta_z) / z_nominal_speed_mm_s + z_accel_allowance_s,0.608,z_motion,Concept-level timing assumption.
pick_failure_test,TASK-7B1-067,TUBE-7B1-067,1,xy_move_at_safe_z,xy_axes,65.765,0.0,distance / xy_nominal_speed_mm_s + xy_accel_allowance_s,0.388,xy_motion,Concept-level timing assumption.
pick_failure_test,TASK-7B1-067,TUBE-7B1-067,2,z_descend,z_axis,45.0,45.0,abs(delta_z) / z_nominal_speed_mm_s + z_accel_allowance_s,0.525,z_motion,Concept-level timing assumption.
pick_failure_test,TASK-7B1-067,TUBE-7B1-067,3,gripper_action,gripper,0.0,0.0,grip_close_time_s,0.6,gripper_action,Concept-level timing assumption.
pick_failure_test,TASK-7B1-067,TUBE-7B1-067,4,z_lift,z_axis,45.0,45.0,abs(delta_z) / z_nominal_speed_mm_s + z_accel_allowance_s,0.525,z_motion,Concept-level timing assumption.
pick_failure_test,TASK-7B1-067,TUBE-7B1-067,5,xy_move_at_safe_z,xy_axes,46.098,0.0,distance / xy_nominal_speed_mm_s + xy_accel_allowance_s,0.332,xy_motion,Concept-level timing assumption.
pick_failure_test,TASK-7B1-067,TUBE-7B1-067,6,z_descend,z_axis,35.0,35.0,abs(delta_z) / z_nominal_speed_mm_s + z_accel_allowance_s,0.442,z_motion,Concept-level timing assumption.
pick_failure_test,TASK-7B1-067,TUBE-7B1-067,7,scan_wait,dwell,0.0,0.0,scan_wait_time_s,1.0,scan_wait,Concept-level timing assumption.
pick_failure_test,TASK-7B1-067,TUBE-7B1-067,8,z_lift,z_axis,35.0,35.0,abs(delta_z) / z_nominal_speed_mm_s + z_accel_allowance_s,0.442,z_motion,Concept-level timing assumption.
pick_failure_test,TASK-7B1-067,TUBE-7B1-067,9,xy_move_at_safe_z,xy_axes,428.515,0.0,distance / xy_nominal_speed_mm_s + xy_accel_allowance_s,1.424,xy_motion,Concept-level timing assumption.
pick_failure_test,TASK-7B1-067,TUBE-7B1-067,10,z_descend,z_axis,55.0,55.0,abs(delta_z) / z_nominal_speed_mm_s + z_accel_allowance_s,0.608,z_motion,Concept-level timing assumption.
pick_failure_test,TASK-7B1-067,TUBE-7B1-067,11,gripper_action,gripper,0.0,0.0,grip_open_time_s,0.5,gripper_action,Concept-level timing assumption.
pick_failure_test,TASK-7B1-067,TUBE-7B1-067,12,z_lift,z_axis,55.0,55.0,abs(delta_z) / z_nominal_speed_mm_s + z_accel_allowance_s,0.608,z_motion,Concept-level timing assumption.
pick_failure_test,TASK-7B1-068,TUBE-7B1-068,1,xy_move_at_safe_z,xy_axes,66.708,0.0,distance / xy_nominal_speed_mm_s + xy_accel_allowance_s,0.391,xy_motion,Concept-level timing assumption.
pick_failure_test,TASK-7B1-068,TUBE-7B1-068,2,z_descend,z_axis,45.0,45.0,abs(delta_z) / z_nominal_speed_mm_s + z_accel_allowance_s,0.525,z_motion,Concept-level timing assumption.
pick_failure_test,TASK-7B1-068,TUBE-7B1-068,3,gripper_action,gripper,0.0,0.0,grip_close_time_s,0.6,gripper_action,Concept-level timing assumption.
pick_failure_test,TASK-7B1-068,TUBE-7B1-068,4,z_lift,z_axis,45.0,45.0,abs(delta_z) / z_nominal_speed_mm_s + z_accel_allowance_s,0.525,z_motion,Concept-level timing assumption.
pick_failure_test,TASK-7B1-068,TUBE-7B1-068,5,xy_move_at_safe_z,xy_axes,47.434,0.0,distance / xy_nominal_speed_mm_s + xy_accel_allowance_s,0.336,xy_motion,Concept-level timing assumption.
pick_failure_test,TASK-7B1-068,TUBE-7B1-068,6,z_descend,z_axis,35.0,35.0,abs(delta_z) / z_nominal_speed_mm_s + z_accel_allowance_s,0.442,z_motion,Concept-level timing assumption.
pick_failure_test,TASK-7B1-068,TUBE-7B1-068,7,scan_wait,dwell,0.0,0.0,scan_wait_time_s,1.0,scan_wait,Concept-level timing assumption.
pick_failure_test,TASK-7B1-068,TUBE-7B1-068,8,z_lift,z_axis,35.0,35.0,abs(delta_z) / z_nominal_speed_mm_s + z_accel_allowance_s,0.442,z_motion,Concept-level timing assumption.
pick_failure_test,TASK-7B1-068,TUBE-7B1-068,9,xy_move_at_safe_z,xy_axes,258.118,0.0,distance / xy_nominal_speed_mm_s + xy_accel_allowance_s,0.937,xy_motion,Concept-level timing assumption.
pick_failure_test,TASK-7B1-068,TUBE-7B1-068,10,z_descend,z_axis,55.0,55.0,abs(delta_z) / z_nominal_speed_mm_s + z_accel_allowance_s,0.608,z_motion,Concept-level timing assumption.
pick_failure_test,TASK-7B1-068,TUBE-7B1-068,11,gripper_action,gripper,0.0,0.0,grip_open_time_s,0.5,gripper_action,Concept-level timing assumption.
pick_failure_test,TASK-7B1-068,TUBE-7B1-068,12,z_lift,z_axis,55.0,55.0,abs(delta_z) / z_nominal_speed_mm_s + z_accel_allowance_s,0.608,z_motion,Concept-level timing assumption.
pick_failure_test,TASK-7B1-069,TUBE-7B1-069,1,xy_move_at_safe_z,xy_axes,76.322,0.0,distance / xy_nominal_speed_mm_s + xy_accel_allowance_s,0.418,xy_motion,Concept-level timing assumption.
pick_failure_test,TASK-7B1-069,TUBE-7B1-069,2,z_descend,z_axis,45.0,45.0,abs(delta_z) / z_nominal_speed_mm_s + z_accel_allowance_s,0.525,z_motion,Concept-level timing assumption.
pick_failure_test,TASK-7B1-069,TUBE-7B1-069,3,gripper_action,gripper,0.0,0.0,grip_close_time_s,0.6,gripper_action,Concept-level timing assumption.
pick_failure_test,TASK-7B1-069,TUBE-7B1-069,4,z_lift,z_axis,45.0,45.0,abs(delta_z) / z_nominal_speed_mm_s + z_accel_allowance_s,0.525,z_motion,Concept-level timing assumption.
pick_failure_test,TASK-7B1-069,TUBE-7B1-069,5,xy_move_at_safe_z,xy_axes,60.208,0.0,distance / xy_nominal_speed_mm_s + xy_accel_allowance_s,0.372,xy_motion,Concept-level timing assumption.
pick_failure_test,TASK-7B1-069,TUBE-7B1-069,6,z_descend,z_axis,35.0,35.0,abs(delta_z) / z_nominal_speed_mm_s + z_accel_allowance_s,0.442,z_motion,Concept-level timing assumption.
pick_failure_test,TASK-7B1-069,TUBE-7B1-069,7,scan_wait,dwell,0.0,0.0,scan_wait_time_s,1.0,scan_wait,Concept-level timing assumption.
pick_failure_test,TASK-7B1-069,TUBE-7B1-069,8,z_lift,z_axis,35.0,35.0,abs(delta_z) / z_nominal_speed_mm_s + z_accel_allowance_s,0.442,z_motion,Concept-level timing assumption.
pick_failure_test,TASK-7B1-069,TUBE-7B1-069,9,xy_move_at_safe_z,xy_axes,382.099,0.0,distance / xy_nominal_speed_mm_s + xy_accel_allowance_s,1.292,xy_motion,Concept-level timing assumption.
pick_failure_test,TASK-7B1-069,TUBE-7B1-069,10,z_descend,z_axis,55.0,55.0,abs(delta_z) / z_nominal_speed_mm_s + z_accel_allowance_s,0.608,z_motion,Concept-level timing assumption.
pick_failure_test,TASK-7B1-069,TUBE-7B1-069,11,gripper_action,gripper,0.0,0.0,grip_open_time_s,0.5,gripper_action,Concept-level timing assumption.
pick_failure_test,TASK-7B1-069,TUBE-7B1-069,12,z_lift,z_axis,55.0,55.0,abs(delta_z) / z_nominal_speed_mm_s + z_accel_allowance_s,0.608,z_motion,Concept-level timing assumption.
