t,x_ref,y_ref,z_ref,x,y,z,vx_ref,vy_ref,vz_ref,vx,vy,vz,ux,uy,uz
0.0,88.0,98.0,95.0,88.0,98.0,95.0,0.0,0.0,0.0,0.0,0.0,0.0,0.0,0.0,0.0
0.01,88.0,98.0,95.0,88.0,98.0,95.0,0.0,0.0,0.0,0.0,0.0,0.0,0.0,0.0,0.0
0.02,88.0,98.0,95.0,88.0,98.0,95.0,0.0,0.0,0.0,0.0,0.0,0.0,0.0,0.0,0.0
0.03,88.0,98.0,95.0,88.0,98.0,95.0,0.0,0.0,0.0,0.0,0.0,0.0,0.0,0.0,0.0
0.04,88.0,98.0,95.0,88.0,98.0,95.0,0.0,0.0,0.0,0.0,0.0,0.0,0.0,0.0,0.0
0.05,88.0,98.0,95.0,88.0,98.0,95.0,0.0,0.0,0.0,0.0,0.0,0.0,0.0,0.0,0.0
0.06,88.0,98.0,95.0,88.0,98.0,95.0,0.0,0.0,0.0,0.0,0.0,0.0,0.0,0.0,0.0
0.07,88.0,98.0,95.0,88.0,98.0,95.0,0.0,0.0,0.0,0.0,0.0,0.0,0.0,0.0,0.0
0.08,88.0,98.0,95.0,88.0,98.0,95.0,0.0,0.0,0.0,0.0,0.0,0.0,0.0,0.0,0.0
0.09,88.0,98.0,95.0,88.0,98.0,95.0,0.0,0.0,0.0,0.0,0.0,0.0,0.0,0.0,0.0
0.1,88.0,98.0,95.0,88.0,98.0,95.0,0.0,0.0,0.0,0.0,0.0,0.0,0.0,0.0,0.0
0.11,88.0,98.0,95.0,88.0,98.0,95.0,0.0,0.0,0.0,0.0,0.0,0.0,0.0,0.0,0.0
0.12,88.0,98.0,95.0,88.0,98.0,95.0,0.0,0.0,0.0,0.0,0.0,0.0,0.0,0.0,0.0
0.13,88.0,98.0,95.0,88.0,98.0,95.0,0.0,0.0,0.0,0.0,0.0,0.0,0.0,0.0,0.0
0.14,88.0,98.0,95.0,88.0,98.0,95.0,0.0,0.0,0.0,0.0,0.0,0.0,0.0,0.0,0.0
0.15,88.0,98.0,95.0,88.0,98.0,95.0,0.0,0.0,0.0,0.0,0.0,0.0,0.0,0.0,0.0
0.16,88.0,98.0,95.0,88.0,98.0,95.0,0.0,0.0,0.0,0.0,0.0,0.0,0.0,0.0,0.0
0.17,88.0,98.0,95.0,88.0,98.0,95.0,0.0,0.0,0.0,0.0,0.0,0.0,0.0,0.0,0.0
0.18,88.0,98.0,95.0,88.0,98.0,95.0,0.0,0.0,0.0,0.0,0.0,0.0,0.0,0.0,0.0
0.19,88.0,98.0,95.0,88.0,98.0,95.0,0.0,0.0,0.0,0.0,0.0,0.0,0.0,0.0,0.0
0.2,88.0,98.0,95.0,88.0,98.0,95.0,0.0,0.0,0.0,0.0,0.0,0.0,0.0,0.0,0.0
0.21,88.0,98.0,95.0,88.0,98.0,95.0,0.0,0.0,0.0,0.0,0.0,0.0,0.0,0.0,0.0
0.22,88.0,98.0,95.0,88.0,98.0,95.0,0.0,0.0,0.0,0.0,0.0,0.0,0.0,0.0,0.0
0.23,88.0,98.0,95.0,88.0,98.0,95.0,0.0,0.0,0.0,0.0,0.0,0.0,0.0,0.0,0.0
0.24,88.0,98.0,95.0,88.0,98.0,95.0,0.0,0.0,0.0,0.0,0.0,0.0,0.0,0.0,0.0
0.25,88.0,98.0,95.0,88.0,98.0,95.0,0.0,0.0,0.0,0.0,0.0,0.0,0.0,0.0,0.0
0.26,88.0,98.0,95.0,88.0,98.0,95.0,0.0,0.0,0.0,0.0,0.0,0.0,0.0,0.0,0.0
0.27,88.0,98.0,95.0,88.0,98.0,95.0,0.0,0.0,0.0,0.0,0.0,0.0,0.0,0.0,0.0
0.28,88.0,98.0,95.0,88.0,98.0,95.0,0.0,0.0,0.0,0.0,0.0,0.0,0.0,0.0,0.0
0.29,88.0,98.0,95.0,88.0,98.0,95.0,0.0,0.0,0.0,0.0,0.0,0.0,0.0,0.0,0.0
0.3,88.0,98.0,95.0,88.0,98.0,95.0,0.0,0.0,0.0,0.0,0.0,0.0,0.0,0.0,0.0
0.31,88.0,98.0,95.0,88.0,98.0,95.0,0.0,0.0,0.0,0.0,0.0,0.0,0.0,0.0,0.0
0.32,88.0,98.0,95.0,88.0,98.0,95.0,0.0,0.0,0.0,0.0,0.0,0.0,0.0,0.0,0.0
0.33,88.0,98.0,95.0,88.0,98.0,95.0,0.0,0.0,0.0,0.0,0.0,0.0,0.0,0.0,0.0
0.34,88.0,98.0,95.0,88.0,98.0,95.0,0.0,0.0,0.0,0.0,0.0,0.0,0.0,0.0,0.0
0.35,88.0,98.0,95.0,88.0,98.0,95.0,0.0,0.0,0.0,0.0,0.0,0.0,0.0,0.0,0.0
0.36,88.0,98.0,95.0,88.0,98.0,95.0,0.0,0.0,0.0,0.0,0.0,0.0,0.0,0.0,0.0
0.37,88.0,98.0,95.0,88.0,98.0,95.0,0.0,0.0,0.0,0.0,0.0,0.0,0.0,0.0,0.0
0.38,88.0,98.0,95.0,88.0,98.0,95.0,0.0,0.0,0.0,0.0,0.0,0.0,0.0,0.0,0.0
0.39,88.0,98.0,95.0,88.0,98.0,95.0,0.0,0.0,0.0,0.0,0.0,0.0,0.0,0.0,0.0
0.4,88.0,98.0,95.0,88.0,98.0,95.0,0.0,0.0,0.0,0.0,0.0,0.0,0.0,0.0,0.0
0.41,88.0,98.0,95.0,88.0,98.0,95.0,0.0,0.0,0.0,0.0,0.0,0.0,0.0,0.0,0.0
0.42,88.0,98.0,95.0,88.0,98.0,95.0,0.0,0.0,0.0,0.0,0.0,0.0,0.0,0.0,0.0
0.43,88.0,98.0,95.0,88.0,98.0,95.0,0.0,0.0,0.0,0.0,0.0,0.0,0.0,0.0,0.0
0.44,88.0,98.0,95.0,88.0,98.0,95.0,0.0,0.0,0.0,0.0,0.0,0.0,0.0,0.0,0.0
0.45,88.0,98.0,95.0,88.0,98.0,95.0,0.0,0.0,0.0,0.0,0.0,0.0,0.0,0.0,0.0
0.46,88.0,98.0,95.0,88.0,98.0,95.0,0.0,0.0,0.0,0.0,0.0,0.0,0.0,0.0,0.0
0.47,88.0,98.0,95.0,88.0,98.0,95.0,0.0,0.0,0.0,0.0,0.0,0.0,0.0,0.0,0.0
0.48,88.0,98.0,95.0,88.0,98.0,95.0,0.0,0.0,0.0,0.0,0.0,0.0,0.0,0.0,0.0
0.49,88.0,98.0,95.0,88.0,98.0,95.0,0.0,0.0,0.0,0.0,0.0,0.0,0.0,0.0,0.0
0.5,88.0,98.0,95.0,88.0,98.0,95.0,0.0,0.0,0.0,0.0,0.0,0.0,0.0,0.0,0.0
0.51,88.0,98.0,95.0,88.0,98.0,95.0,0.0,0.0,0.0,0.0,0.0,0.0,0.0,0.0,0.0
0.52,88.0,98.0,95.0,88.0,98.0,95.0,0.0,0.0,0.0,0.0,0.0,0.0,0.0,0.0,0.0
0.53,88.0,98.0,95.0,88.0,98.0,95.0,0.0,0.0,0.0,0.0,0.0,0.0,0.0,0.0,0.0
0.54,88.0,98.0,95.0,88.0,98.0,95.0,0.0,0.0,0.0,0.0,0.0,0.0,0.0,0.0,0.0
0.55,88.0,98.0,95.0,88.0,98.0,95.0,0.0,0.0,0.0,0.0,0.0,0.0,0.0,0.0,0.0
0.56,88.0,98.0,95.0,88.0,98.0,95.0,0.0,0.0,0.0,0.0,0.0,0.0,0.0,0.0,0.0
0.57,88.0,98.0,95.0,88.0,98.0,95.0,0.0,0.0,0.0,0.0,0.0,0.0,0.0,0.0,0.0
0.58,88.0,98.0,95.0,88.0,98.0,95.0,0.0,0.0,0.0,0.0,0.0,0.0,0.0,0.0,0.0
0.59,88.0,98.0,95.0,88.0,98.0,95.0,0.0,0.0,0.0,0.0,0.0,0.0,0.0,0.0,0.0
0.6,88.0,98.0,95.0,88.0,98.0,95.0,0.0,0.0,0.0,0.0,0.0,0.0,0.0,0.0,0.0
0.61,88.0,98.0,95.0,88.0,98.0,95.0,0.0,0.0,0.0,0.0,0.0,0.0,0.0,0.0,0.0
0.62,88.0,98.0,95.0,88.0,98.0,95.0,0.0,0.0,0.0,0.0,0.0,0.0,0.0,0.0,0.0
0.63,88.0,98.0,95.0,88.0,98.0,95.0,0.0,0.0,0.0,0.0,0.0,0.0,0.0,0.0,0.0
0.64,88.0,98.0,95.0,88.0,98.0,95.0,0.0,0.0,0.0,0.0,0.0,0.0,0.0,0.0,0.0
0.65,88.0,98.0,95.0,88.0,98.0,95.0,0.0,0.0,-0.0,0.0,0.0,0.0,0.0,0.0,0.0
0.66,88.0,98.0,94.99955,88.0,98.0,95.0,0.0,0.0,-0.135277,0.0,0.0,0.0,0.0,0.0,0.0
0.67,88.0,98.0,94.996447,88.0,98.0,94.999882,0.0,0.0,-0.531818,0.0,0.0,-0.011812,0.0,0.0,-0.944931
0.68,88.0,98.0,94.988162,88.0,98.0,94.998989,0.0,0.0,-1.175872,0.0,0.0,-0.089264,0.0,0.0,-6.314304
0.69,88.0,98.0,94.972305,88.0,98.0,94.996225,0.0,0.0,-2.053925,0.0,0.0,-0.276434,0.0,0.0,-15.866251
0.7,88.0,98.0,94.946616,88.0,98.0,94.990234,0.0,0.0,-3.152708,0.0,0.0,-0.599102,0.0,0.0,-28.577809
0.71,88.0,98.0,94.908967,88.0,98.0,94.979522,0.0,0.0,-4.459192,0.0,0.0,-1.071185,0.0,0.0,-43.757655
0.72,88.0,98.0,94.857358,88.0,98.0,94.962533,0.0,0.0,-5.960589,0.0,0.0,-1.698907,0.0,0.0,-60.929562
0.73,88.0,98.0,94.789915,88.0,98.0,94.937698,0.0,0.0,-7.644352,0.0,0.0,-2.483505,0.0,0.0,-79.756897
0.74,88.0,98.0,94.704888,88.0,98.0,94.903468,0.0,0.0,-9.498177,0.0,0.0,-3.422988,0.0,0.0,-99.993714
0.75,88.0,98.0,94.600646,88.0,98.0,94.858335,0.0,0.0,-11.509998,0.0,0.0,-4.513278,0.0,0.0,-121.453088
0.76,88.0,98.0,94.47568,88.0,98.0,94.800846,0.0,0.0,-13.667995,0.0,0.0,-5.748951,0.0,0.0,-143.986616
0.77,88.0,98.0,94.328593,88.0,98.0,94.729609,0.0,0.0,-15.960585,0.0,0.0,-7.123721,0.0,0.0,-167.47115
0.78,88.0,98.0,94.158106,88.0,98.0,94.643301,0.0,0.0,-18.376428,0.0,0.0,-8.630759,0.0,0.0,-191.800222
0.79,88.0,98.0,93.963049,88.0,98.0,94.540672,0.0,0.0,-20.904425,0.0,0.0,-10.262895,0.0,0.0,-216.878505
0.8,88.0,98.0,93.742362,88.0,98.0,94.420544,0.0,0.0,-23.533719,0.0,0.0,-12.012762,0.0,0.0,-242.618244
0.81,88.0,98.0,93.495092,88.0,98.0,94.281816,0.0,0.0,-26.253694,0.0,0.0,-13.872878,0.0,0.0,-268.936959
0.82,88.0,98.0,93.220388,88.0,98.0,94.123458,0.0,0.0,-29.053974,0.0,0.0,-15.835718,0.0,0.0,-295.75597
0.83,88.0,98.0,92.917505,88.0,98.0,93.944521,0.0,0.0,-31.924427,0.0,0.0,-17.893747,0.0,0.0,-322.999465
0.84,88.0,98.0,92.585793,88.0,98.0,93.744126,0.0,0.0,-34.855158,0.0,0.0,-20.039452,0.0,0.0,-350.593906
0.85,88.0,98.0,92.224702,88.0,98.0,93.521473,0.0,0.0,-37.836518,0.0,0.0,-22.265366,0.0,0.0,-378.467662
0.86,88.0,98.0,91.833777,88.0,98.0,93.275832,0.0,0.0,-40.859097,0.0,0.0,-24.56408,0.0,0.0,-406.550783
0.87,88.0,98.0,91.412653,88.0,98.0,93.006549,0.0,0.0,-43.913725,0.0,0.0,-26.928256,0.0,0.0,-434.774871
0.88,88.0,98.0,90.961056,88.0,98.0,92.713043,0.0,0.0,-46.991476,0.0,0.0,-29.350637,0.0,0.0,-463.073007
0.89,88.0,98.0,90.4788,88.0,98.0,92.394802,0.0,0.0,-50.083663,0.0,0.0,-31.824054,0.0,0.0,-491.37972
0.9,88.0,98.0,89.965784,88.0,98.0,92.051388,0.0,0.0,-53.181842,0.0,0.0,-34.341434,0.0,0.0,-519.630975
0.91,88.0,98.0,89.421989,88.0,98.0,91.68243,0.0,0.0,-56.27781,0.0,0.0,-36.895807,0.0,0.0,-547.764183
0.92,88.0,98.0,88.847476,88.0,98.0,91.287627,0.0,0.0,-59.363603,0.0,0.0,-39.480309,0.0,0.0,-575.718215
0.93,88.0,98.0,88.242386,88.0,98.0,90.866745,0.0,0.0,-62.431502,0.0,0.0,-42.088188,0.0,0.0,-603.433424
0.94,88.0,98.0,87.606934,88.0,98.0,90.419617,0.0,0.0,-65.474026,0.0,0.0,-44.712811,0.0,0.0,-630.85167
0.95,88.0,98.0,86.941408,88.0,98.0,89.94614,0.0,0.0,-68.483937,0.0,0.0,-47.347664,0.0,0.0,-657.916348
0.96,88.0,98.0,86.246167,88.0,98.0,89.446277,0.0,0.0,-71.454239,0.0,0.0,-49.986361,0.0,0.0,-684.572411
0.97,88.0,98.0,85.521638,88.0,98.0,88.92005,0.0,0.0,-74.378174,0.0,0.0,-52.622646,0.0,0.0,-710.766405
0.98,88.0,98.0,84.768314,88.0,98.0,88.367546,0.0,0.0,-77.24923,0.0,0.0,-55.250396,0.0,0.0,-736.44649
0.99,88.0,98.0,83.986753,88.0,98.0,87.78891,0.0,0.0,-80.061132,0.0,0.0,-57.863627,0.0,0.0,-761.56247
1.0,88.0,98.0,83.177572,88.0,98.0,87.184345,0.0,0.0,-82.807848,0.0,0.0,-60.456497,0.0,0.0,-786.065818
1.01,88.0,98.0,82.341447,88.0,98.0,86.554112,0.0,0.0,-85.483589,0.0,0.0,-63.023306,0.0,0.0,-809.909702
1.02,88.0,98.0,81.479113,88.0,98.0,85.898527,0.0,0.0,-88.082803,0.0,0.0,-65.558505,0.0,0.0,-833.04901
1.03,88.0,98.0,80.591355,88.0,98.0,85.21796,0.0,0.0,-90.600185,0.0,0.0,-68.056697,0.0,0.0,-855.440373
1.04,88.0,98.0,79.679012,88.0,98.0,84.512834,0.0,0.0,-93.030665,0.0,0.0,-70.512637,0.0,0.0,-877.04219
1.05,88.0,98.0,78.742973,88.0,98.0,83.783621,0.0,0.0,-95.36942,0.0,0.0,-72.921241,0.0,0.0,-897.814648
1.06,88.0,98.0,77.78417,88.0,98.0,83.030845,0.0,0.0,-97.611864,0.0,0.0,-75.277582,0.0,0.0,-917.719744
1.07,88.0,98.0,76.803583,88.0,98.0,82.255076,0.0,0.0,-99.753654,0.0,0.0,-77.576901,0.0,0.0,-936.721307
1.08,88.0,98.0,75.802233,88.0,98.0,81.45693,0.0,0.0,-101.79069,0.0,0.0,-79.814601,0.0,0.0,-954.785018
1.09,88.0,98.0,74.781179,88.0,98.0,80.637068,0.0,0.0,-103.71911,0.0,0.0,-81.986256,0.0,0.0,-971.878428
1.1,88.0,98.0,73.74152,88.0,98.0,79.796192,0.0,0.0,-105.535295,0.0,0.0,-84.087611,0.0,0.0,-987.970979
1.11,88.0,98.0,72.684386,88.0,98.0,78.935046,0.0,0.0,-107.235867,0.0,0.0,-86.114585,0.0,0.0,-1003.034018
1.12,88.0,98.0,71.610944,88.0,98.0,78.054413,0.0,0.0,-108.81769,0.0,0.0,-88.063272,0.0,0.0,-1017.04082
1.13,88.0,98.0,70.522386,88.0,98.0,77.155114,0.0,0.0,-110.277868,0.0,0.0,-89.929946,0.0,0.0,-1029.966599
1.14,88.0,98.0,69.419936,88.0,98.0,76.238003,0.0,0.0,-111.613748,0.0,0.0,-91.711059,0.0,0.0,-1041.788528
1.15,88.0,98.0,68.304841,88.0,98.0,75.303971,0.0,0.0,-112.822916,0.0,0.0,-93.403249,0.0,0.0,-1052.485754
1.16,88.0,98.0,67.178369,88.0,98.0,74.353937,0.0,0.0,-113.903201,0.0,0.0,-95.003335,0.0,0.0,-1062.039413
1.17,88.0,98.0,66.041813,88.0,98.0,73.388854,0.0,0.0,-114.852673,0.0,0.0,-96.508326,0.0,0.0,-1070.432641
1.18,88.0,98.0,64.896479,88.0,98.0,72.4097,0.0,0.0,-115.669643,0.0,0.0,-97.915418,0.0,0.0,-1077.650596
1.19,88.0,98.0,63.743693,88.0,98.0,71.41748,0.0,0.0,-116.352662,0.0,0.0,-99.221997,0.0,0.0,-1083.680461
1.2,88.0,98.0,62.584791,88.0,98.0,70.413223,0.0,0.0,-116.900526,0.0,0.0,-100.42564,0.0,0.0,-1088.511468
1.21,88.0,98.0,61.421121,88.0,98.0,69.397982,0.0,0.0,-117.312268,0.0,0.0,-101.524122,0.0,0.0,-1092.134901
1.22,88.0,98.0,60.254039,88.0,98.0,68.372828,0.0,0.0,-117.587165,0.0,0.0,-102.515408,0.0,0.0,-1094.544115
1.23,88.0,98.0,59.084907,88.0,98.0,67.338851,0.0,0.0,-117.724734,0.0,0.0,-103.397664,0.0,0.0,-1095.734543
1.24,88.0,98.0,57.915093,88.0,98.0,66.297159,0.0,0.0,-117.724734,0.0,0.0,-104.169252,0.0,0.0,-1095.70371
1.25,88.0,98.0,56.745961,88.0,98.0,65.248872,0.0,0.0,-117.587165,0.0,0.0,-104.828736,0.0,0.0,-1094.451243
1.26,88.0,98.0,55.578879,88.0,98.0,64.195123,0.0,0.0,-117.312268,0.0,0.0,-105.37488,0.0,0.0,-1091.978883
1.27,88.0,98.0,54.415209,88.0,98.0,63.137056,0.0,0.0,-116.900526,0.0,0.0,-105.806651,0.0,0.0,-1088.290492
1.28,88.0,98.0,53.256307,88.0,98.0,62.075824,0.0,0.0,-116.352662,0.0,0.0,-106.123221,0.0,0.0,-1083.392064
1.29,88.0,98.0,52.103521,88.0,98.0,61.012584,0.0,0.0,-115.669643,0.0,0.0,-106.323965,0.0,0.0,-1077.291737
1.3,88.0,98.0,50.958187,88.0,98.0,59.9485,0.0,0.0,-114.852673,0.0,0.0,-106.408467,0.0,0.0,-1069.999798
1.31,88.0,98.0,49.821631,88.0,98.0,58.884735,0.0,0.0,-113.903201,0.0,0.0,-106.376517,0.0,0.0,-1061.528695
1.32,88.0,98.0,48.695159,88.0,98.0,57.822453,0.0,0.0,-112.822916,0.0,0.0,-106.228115,0.0,0.0,-1051.893043
1.33,88.0,98.0,47.580064,88.0,98.0,56.762819,0.0,0.0,-111.613748,0.0,0.0,-105.963471,0.0,0.0,-1041.109634
1.34,88.0,98.0,46.477614,88.0,98.0,55.706989,0.0,0.0,-110.277868,0.0,0.0,-105.583006,0.0,0.0,-1029.197443
1.35,88.0,98.0,45.389056,88.0,98.0,54.656115,0.0,0.0,-108.81769,0.0,0.0,-105.08735,0.0,0.0,-1016.177639
1.36,88.0,98.0,44.315614,88.0,98.0,53.611342,0.0,0.0,-107.235867,0.0,0.0,-104.477351,0.0,0.0,-1002.073587
1.37,88.0,98.0,43.25848,88.0,98.0,52.573801,0.0,0.0,-105.535295,0.0,0.0,-103.754068,0.0,0.0,-986.910861
1.38,88.0,98.0,42.218821,88.0,98.0,51.544613,0.0,0.0,-103.71911,0.0,0.0,-102.918775,0.0,0.0,-970.717246
1.39,88.0,98.0,41.197767,88.0,98.0,50.524884,0.0,0.0,-101.79069,0.0,0.0,-101.972963,0.0,0.0,-953.522746
1.4,88.0,98.0,40.196417,88.0,98.0,49.5157,0.0,0.0,-99.753654,0.0,0.0,-100.918337,0.0,0.0,-935.359593
1.41,88.0,98.0,39.21583,88.0,98.0,48.518132,0.0,0.0,-97.611864,0.0,0.0,-99.756823,0.0,0.0,-916.262247
1.42,88.0,98.0,38.257027,88.0,98.0,47.533226,0.0,0.0,-95.36942,0.0,0.0,-98.490563,0.0,0.0,-896.26741
1.43,88.0,98.0,37.320988,88.0,98.0,46.562007,0.0,0.0,-93.030665,0.0,0.0,-97.121918,0.0,0.0,-875.414024
1.44,88.0,98.0,36.408645,88.0,98.0,45.605473,0.0,0.0,-90.600185,0.0,0.0,-95.653469,0.0,0.0,-853.743281
1.45,88.0,98.0,35.520887,88.0,98.0,44.664592,0.0,0.0,-88.082803,0.0,0.0,-94.088018,0.0,0.0,-831.298628
1.46,88.0,98.0,34.658553,88.0,98.0,43.740306,0.0,0.0,-85.483589,0.0,0.0,-92.428588,0.0,0.0,-808.12577
1.47,88.0,98.0,33.822428,88.0,98.0,42.833522,0.0,0.0,-82.807848,0.0,0.0,-90.678423,0.0,0.0,-784.272676
1.48,88.0,98.0,33.013247,88.0,98.0,41.945112,0.0,0.0,-80.061132,0.0,0.0,-88.84099,0.0,0.0,-759.789584
1.49,88.0,98.0,32.231686,88.0,98.0,41.075913,0.0,0.0,-77.24923,0.0,0.0,-86.919979,0.0,0.0,-734.729006
1.5,88.0,98.0,31.478362,88.0,98.0,40.226719,0.0,0.0,-74.378174,0.0,0.0,-84.919303,0.0,0.0,-709.145731
1.51,88.0,98.0,30.753833,88.0,98.0,39.398288,0.0,0.0,-71.454239,0.0,0.0,-82.843101,0.0,0.0,-683.096831
1.52,88.0,98.0,30.058592,88.0,98.0,38.591331,0.0,0.0,-68.483937,0.0,0.0,-80.695734,0.0,0.0,-656.641662
1.53,88.0,98.0,29.393066,88.0,98.0,37.806513,0.0,0.0,-65.474026,0.0,0.0,-78.48179,0.0,0.0,-629.841872
1.54,88.0,98.0,28.757614,88.0,98.0,37.044452,0.0,0.0,-62.431502,0.0,0.0,-76.206084,0.0,0.0,-602.761404
1.55,88.0,98.0,28.152524,88.0,98.0,36.305716,0.0,0.0,-59.363603,0.0,0.0,-73.873655,0.0,0.0,-575.466494
1.56,88.0,98.0,27.578011,88.0,98.0,35.590818,0.0,0.0,-56.27781,0.0,0.0,-71.489769,0.0,0.0,-548.025685
1.57,88.0,98.0,27.034216,88.0,98.0,34.900219,0.0,0.0,-53.181842,0.0,0.0,-69.059921,0.0,0.0,-520.509819
1.58,88.0,98.0,26.5212,88.0,98.0,34.234321,0.0,0.0,-50.083663,0.0,0.0,-66.589831,0.0,0.0,-492.992049
1.59,88.0,98.0,26.038944,88.0,98.0,33.593466,0.0,0.0,-46.991476,0.0,0.0,-64.08545,0.0,0.0,-465.547839
1.6,88.0,98.0,25.587347,88.0,98.0,32.977937,0.0,0.0,-43.913725,0.0,0.0,-61.552956,0.0,0.0,-438.254965
1.61,88.0,98.0,25.166223,88.0,98.0,32.387949,0.0,0.0,-40.859097,0.0,0.0,-58.998756,0.0,0.0,-411.193523
1.62,88.0,98.0,24.775298,88.0,98.0,31.823654,0.0,0.0,-37.836518,0.0,0.0,-56.429485,0.0,0.0,-384.445926
1.63,88.0,98.0,24.414207,88.0,98.0,31.285134,0.0,0.0,-34.855158,0.0,0.0,-53.852011,0.0,0.0,-358.09691
1.64,88.0,98.0,24.082495,88.0,98.0,30.7724,0.0,0.0,-31.924427,0.0,0.0,-51.273429,0.0,0.0,-332.233539
1.65,88.0,98.0,23.779612,88.0,98.0,30.285389,0.0,0.0,-29.053974,0.0,0.0,-48.701065,0.0,0.0,-306.945201
1.66,88.0,98.0,23.504908,88.0,98.0,29.823964,0.0,0.0,-26.253694,0.0,0.0,-46.142477,0.0,0.0,-282.323617
1.67,88.0,98.0,23.257638,88.0,98.0,29.38791,0.0,0.0,-23.533719,0.0,0.0,-43.605453,0.0,0.0,-258.462839
1.68,88.0,98.0,23.036951,88.0,98.0,28.97693,0.0,0.0,-20.904425,0.0,0.0,-41.098012,0.0,0.0,-235.459256
1.69,88.0,98.0,22.841894,88.0,98.0,28.590646,0.0,0.0,-18.376428,0.0,0.0,-38.628406,0.0,0.0,-213.411592
1.7,88.0,98.0,22.671407,88.0,98.0,28.228594,0.0,0.0,-15.960585,0.0,0.0,-36.205116,0.0,0.0,-192.420912
1.71,88.0,98.0,22.52432,88.0,98.0,27.890226,0.0,0.0,-13.667995,0.0,0.0,-33.836859,0.0,0.0,-172.590621
1.72,88.0,98.0,22.399354,88.0,98.0,27.5749,0.0,0.0,-11.509998,0.0,0.0,-31.532583,0.0,0.0,-154.026467
1.73,88.0,98.0,22.295112,88.0,98.0,27.281885,0.0,0.0,-9.498177,0.0,0.0,-29.301467,0.0,0.0,-136.836546
1.74,88.0,98.0,22.210085,88.0,98.0,27.010356,0.0,0.0,-7.644352,0.0,0.0,-27.152925,0.0,0.0,-121.131299
1.75,88.0,98.0,22.142642,88.0,98.0,26.75939,0.0,0.0,-5.960589,0.0,0.0,-25.096603,0.0,0.0,-107.023515
1.76,88.0,98.0,22.091033,88.0,98.0,26.527966,0.0,0.0,-4.459192,0.0,0.0,-23.142382,0.0,0.0,-94.628336
1.77,88.0,98.0,22.053384,88.0,98.0,26.314963,0.0,0.0,-3.152708,0.0,0.0,-21.300375,0.0,0.0,-84.063255
1.78,88.0,98.0,22.027695,88.0,98.0,26.119153,0.0,0.0,-2.053925,0.0,0.0,-19.580929,0.0,0.0,-75.448119
1.79,88.0,98.0,22.011838,88.0,98.0,25.939207,0.0,0.0,-1.175872,0.0,0.0,-17.994627,0.0,0.0,-68.905131
1.8,88.0,98.0,22.003553,88.0,98.0,25.773684,0.0,0.0,-0.531818,0.0,0.0,-16.552285,0.0,0.0,-64.558849
1.81,88.0,98.0,22.00045,88.0,98.0,25.621035,0.0,0.0,-0.135277,0.0,0.0,-15.264951,0.0,0.0,-62.536192
1.82,88.0,98.0,22.0,88.0,98.0,25.479595,0.0,0.0,0.0,0.0,0.0,-14.143913,0.0,0.0,-62.966437
1.83,88.0,98.0,22.0,88.0,98.0,25.347589,0.0,0.0,0.0,0.0,0.0,-13.200689,0.0,0.0,-65.981222
1.84,88.0,98.0,22.0,88.0,98.0,25.223239,0.0,0.0,0.0,0.0,0.0,-12.434916,0.0,0.0,-70.745076
1.85,88.0,98.0,22.0,88.0,98.0,25.105231,0.0,0.0,0.0,0.0,0.0,-11.800872,0.0,0.0,-73.625613
1.86,88.0,98.0,22.0,88.0,98.0,24.99266,0.0,0.0,0.0,0.0,0.0,-11.257083,0.0,0.0,-74.505629
1.87,88.0,98.0,22.0,88.0,98.0,24.884895,0.0,0.0,0.0,0.0,0.0,-10.776502,0.0,0.0,-74.124319
1.88,88.0,98.0,22.0,88.0,98.0,24.781481,0.0,0.0,0.0,0.0,0.0,-10.341432,0.0,0.0,-72.959446
1.89,88.0,98.0,22.0,88.0,98.0,24.682078,0.0,0.0,0.0,0.0,0.0,-9.940246,0.0,0.0,-71.319407
1.9,88.0,98.0,22.0,88.0,98.0,24.586426,0.0,0.0,0.0,0.0,0.0,-9.565251,0.0,0.0,-69.40289
1.91,88.0,98.0,22.0,88.0,98.0,24.494312,0.0,0.0,0.0,0.0,0.0,-9.211314,0.0,0.0,-67.337531
1.92,88.0,98.0,22.0,88.0,98.0,24.405563,0.0,0.0,0.0,0.0,0.0,-8.874962,0.0,0.0,-65.204962
1.93,88.0,98.0,22.0,88.0,98.0,24.320025,0.0,0.0,0.0,0.0,0.0,-8.553805,0.0,0.0,-63.057045
1.94,88.0,98.0,22.0,88.0,98.0,24.237563,0.0,0.0,0.0,0.0,0.0,-8.246159,0.0,0.0,-60.926383
1.95,88.0,98.0,22.0,88.0,98.0,24.158055,0.0,0.0,0.0,0.0,0.0,-7.950803,0.0,0.0,-58.83314
1.96,88.0,98.0,22.0,88.0,98.0,24.081387,0.0,0.0,0.0,0.0,0.0,-7.666821,0.0,0.0,-56.789449
1.97,88.0,98.0,22.0,88.0,98.0,24.007452,0.0,0.0,0.0,0.0,0.0,-7.393497,0.0,0.0,-54.802274
1.98,88.0,98.0,22.0,88.0,98.0,23.936149,0.0,0.0,0.0,0.0,0.0,-7.13025,0.0,0.0,-52.875261
1.99,88.0,98.0,22.0,88.0,98.0,23.867384,0.0,0.0,0.0,0.0,0.0,-6.876593,0.0,0.0,-51.009937
2.0,88.0,98.0,22.0,88.0,98.0,23.801063,0.0,0.0,0.0,0.0,0.0,-6.6321,0.0,0.0,-49.206486
2.01,88.0,98.0,22.0,88.0,98.0,23.737099,0.0,0.0,0.0,0.0,0.0,-6.396391,0.0,0.0,-47.464247
2.02,88.0,98.0,22.0,88.0,98.0,23.675407,0.0,0.0,0.0,0.0,0.0,-6.169118,0.0,0.0,-45.782045
2.03,88.0,98.0,22.00045,88.0,98.0,23.615908,0.0,0.0,0.135277,0.0,0.0,-5.949958,0.0,0.0,-44.158393
2.04,88.0,98.0,22.003553,88.0,98.0,23.55864,0.0,0.0,0.531818,0.0,0.0,-5.726797,0.0,0.0,-41.6467
2.05,88.0,98.0,22.011838,88.0,98.0,23.504185,0.0,0.0,1.175872,0.0,0.0,-5.445518,0.0,0.0,-34.765705
2.06,88.0,98.0,22.027695,88.0,98.0,23.453567,0.0,0.0,2.053925,0.0,0.0,-5.061772,0.0,0.0,-23.755494
2.07,88.0,98.0,22.053384,88.0,98.0,23.408072,0.0,0.0,3.152708,0.0,0.0,-4.549516,0.0,0.0,-9.63725
2.08,88.0,98.0,22.091033,88.0,98.0,23.369126,0.0,0.0,4.459192,0.0,0.0,-3.894584,0.0,0.0,6.899463
2.09,88.0,98.0,22.142642,88.0,98.0,23.338221,0.0,0.0,5.960589,0.0,0.0,-3.090509,0.0,0.0,25.38014
2.1,88.0,98.0,22.210085,88.0,98.0,23.316863,0.0,0.0,7.644352,0.0,0.0,-2.135822,0.0,0.0,45.469824
2.11,88.0,98.0,22.295112,88.0,98.0,23.30654,0.0,0.0,9.498177,0.0,0.0,-1.032292,0.0,0.0,66.924197
2.12,88.0,98.0,22.399354,88.0,98.0,23.308702,0.0,0.0,11.509998,0.0,0.0,0.216218,0.0,0.0,89.557913
2.13,88.0,98.0,22.52432,88.0,98.0,23.324747,0.0,0.0,13.667995,0.0,0.0,1.604492,0.0,0.0,113.224094
2.14,88.0,98.0,22.671407,88.0,98.0,23.356011,0.0,0.0,15.960585,0.0,0.0,3.126444,0.0,0.0,137.801068
2.15,88.0,98.0,22.841894,88.0,98.0,23.403766,0.0,0.0,18.376428,0.0,0.0,4.775436,0.0,0.0,163.183791
2.16,88.0,98.0,23.036951,88.0,98.0,23.46921,0.0,0.0,20.904425,0.0,0.0,6.544485,0.0,0.0,189.278311
2.17,88.0,98.0,23.257638,88.0,98.0,23.553475,0.0,0.0,23.533719,0.0,0.0,8.426402,0.0,0.0,215.998201
2.18,88.0,98.0,23.504908,88.0,98.0,23.657613,0.0,0.0,26.253694,0.0,0.0,10.41388,0.0,0.0,243.26226
2.19,88.0,98.0,23.779612,88.0,98.0,23.782609,0.0,0.0,29.053974,0.0,0.0,12.499558,0.0,0.0,270.993045
2.2,88.0,98.0,24.082495,88.0,98.0,23.92937,0.0,0.0,31.924427,0.0,0.0,14.676063,0.0,0.0,299.115936
2.21,88.0,98.0,24.414207,88.0,98.0,24.09873,0.0,0.0,34.855158,0.0,0.0,16.936037,0.0,0.0,327.558544
2.22,88.0,98.0,24.775298,88.0,98.0,24.291452,0.0,0.0,37.836518,0.0,0.0,19.272161,0.0,0.0,356.250346
2.23,88.0,98.0,25.166223,88.0,98.0,24.508223,0.0,0.0,40.859097,0.0,0.0,21.677172,0.0,0.0,385.122462
2.24,88.0,98.0,25.587347,88.0,98.0,24.749662,0.0,0.0,43.913725,0.0,0.0,24.143869,0.0,0.0,414.107526
2.25,88.0,98.0,26.038944,88.0,98.0,25.016313,0.0,0.0,46.991476,0.0,0.0,26.665131,0.0,0.0,443.139613
2.26,88.0,98.0,26.5212,88.0,98.0,25.308652,0.0,0.0,50.083663,0.0,0.0,29.233917,0.0,0.0,472.154213
2.27,88.0,98.0,27.034216,88.0,98.0,25.627085,0.0,0.0,53.181842,0.0,0.0,31.84328,0.0,0.0,501.088216
2.28,88.0,98.0,27.578011,88.0,98.0,25.971949,0.0,0.0,56.27781,0.0,0.0,34.486369,0.0,0.0,529.879927
2.29,88.0,98.0,28.152524,88.0,98.0,26.343513,0.0,0.0,59.363603,0.0,0.0,37.156437,0.0,0.0,558.469076
2.3,88.0,98.0,28.757614,88.0,98.0,26.741982,0.0,0.0,62.431502,0.0,0.0,39.846843,0.0,0.0,586.796848
2.31,88.0,98.0,29.393066,88.0,98.0,27.167492,0.0,0.0,65.474026,0.0,0.0,42.551061,0.0,0.0,614.805903
2.32,88.0,98.0,30.058592,88.0,98.0,27.620119,0.0,0.0,68.483937,0.0,0.0,45.262684,0.0,0.0,642.440407
2.33,88.0,98.0,30.753833,88.0,98.0,28.099873,0.0,0.0,71.454239,0.0,0.0,47.975424,0.0,0.0,669.646063
2.34,88.0,98.0,31.478362,88.0,98.0,28.606705,0.0,0.0,74.378174,0.0,0.0,50.683123,0.0,0.0,696.370131
2.35,88.0,98.0,32.231686,88.0,98.0,29.140502,0.0,0.0,77.24923,0.0,0.0,53.379751,0.0,0.0,722.561465
2.36,88.0,98.0,33.013247,88.0,98.0,29.701096,0.0,0.0,80.061132,0.0,0.0,56.059413,0.0,0.0,748.170539
2.37,88.0,98.0,33.822428,88.0,98.0,30.28826,0.0,0.0,82.807848,0.0,0.0,58.716355,0.0,0.0,773.14947
2.38,88.0,98.0,34.658553,88.0,98.0,30.901709,0.0,0.0,85.483589,0.0,0.0,61.344961,0.0,0.0,797.452047
2.39,88.0,98.0,35.520887,88.0,98.0,31.541107,0.0,0.0,88.082803,0.0,0.0,63.939763,0.0,0.0,821.033759
2.4,88.0,98.0,36.408645,88.0,98.0,32.206061,0.0,0.0,90.600185,0.0,0.0,66.49544,0.0,0.0,843.851816
2.41,88.0,98.0,37.320988,88.0,98.0,32.89613,0.0,0.0,93.030665,0.0,0.0,69.006825,0.0,0.0,865.865173
2.42,88.0,98.0,38.257027,88.0,98.0,33.610819,0.0,0.0,95.36942,0.0,0.0,71.468904,0.0,0.0,887.034556
2.43,88.0,98.0,39.21583,88.0,98.0,34.349587,0.0,0.0,97.611864,0.0,0.0,73.876822,0.0,0.0,907.322481
2.44,88.0,98.0,40.196417,88.0,98.0,35.111846,0.0,0.0,99.753654,0.0,0.0,76.225885,0.0,0.0,926.693279
2.45,88.0,98.0,41.197767,88.0,98.0,35.896961,0.0,0.0,101.79069,0.0,0.0,78.511563,0.0,0.0,945.113112
2.46,88.0,98.0,42.218821,88.0,98.0,36.704256,0.0,0.0,103.71911,0.0,0.0,80.729493,0.0,0.0,962.549997
2.47,88.0,98.0,43.25848,88.0,98.0,37.533011,0.0,0.0,105.535295,0.0,0.0,82.875479,0.0,0.0,978.973825
2.48,88.0,98.0,44.315614,88.0,98.0,38.382466,0.0,0.0,107.235867,0.0,0.0,84.945499,0.0,0.0,994.356377
2.49,88.0,98.0,45.389056,88.0,98.0,39.251823,0.0,0.0,108.81769,0.0,0.0,86.935703,0.0,0.0,1008.671344
2.5,88.0,98.0,46.477614,88.0,98.0,40.140247,0.0,0.0,110.277868,0.0,0.0,88.84242,0.0,0.0,1021.894346
2.51,88.0,98.0,47.580064,88.0,98.0,41.046869,0.0,0.0,111.613748,0.0,0.0,90.662154,0.0,0.0,1034.002942
2.52,88.0,98.0,48.695159,88.0,98.0,41.970785,0.0,0.0,112.822916,0.0,0.0,92.391593,0.0,0.0,1044.976655
2.53,88.0,98.0,49.821631,88.0,98.0,42.911061,0.0,0.0,113.903201,0.0,0.0,94.027606,0.0,0.0,1054.796981
2.54,88.0,98.0,50.958187,88.0,98.0,43.866733,0.0,0.0,114.852673,0.0,0.0,95.567248,0.0,0.0,1063.447408
2.55,88.0,98.0,52.103521,88.0,98.0,44.836811,0.0,0.0,115.669643,0.0,0.0,97.00776,0.0,0.0,1070.913426
2.56,88.0,98.0,53.256307,88.0,98.0,45.820277,0.0,0.0,116.352662,0.0,0.0,98.346572,0.0,0.0,1077.182547
2.57,88.0,98.0,54.415209,88.0,98.0,46.81609,0.0,0.0,116.900526,0.0,0.0,99.581304,0.0,0.0,1082.244311
2.58,88.0,98.0,55.578879,88.0,98.0,47.823187,0.0,0.0,117.312268,0.0,0.0,100.70977,0.0,0.0,1086.090308
2.59,88.0,98.0,56.745961,88.0,98.0,48.840487,0.0,0.0,117.587165,0.0,0.0,101.729976,0.0,0.0,1088.714181
2.6,88.0,98.0,57.915093,88.0,98.0,49.866888,0.0,0.0,117.724734,0.0,0.0,102.640125,0.0,0.0,1090.111645
2.61,88.0,98.0,59.084907,88.0,98.0,50.901275,0.0,0.0,117.724734,0.0,0.0,103.438615,0.0,0.0,1090.280496
2.62,88.0,98.0,60.254039,88.0,98.0,51.942515,0.0,0.0,117.587165,0.0,0.0,104.124046,0.0,0.0,1089.220622
2.63,88.0,98.0,61.421121,88.0,98.0,52.989467,0.0,0.0,117.312268,0.0,0.0,104.695215,0.0,0.0,1086.934015
2.64,88.0,98.0,62.584791,88.0,98.0,54.040978,0.0,0.0,116.900526,0.0,0.0,105.151123,0.0,0.0,1083.42478
2.65,88.0,98.0,63.743693,88.0,98.0,55.095888,0.0,0.0,116.352662,0.0,0.0,105.490972,0.0,0.0,1078.699147
2.66,88.0,98.0,64.896479,88.0,98.0,56.15303,0.0,0.0,115.669643,0.0,0.0,105.714169,0.0,0.0,1072.765478
2.67,88.0,98.0,66.041813,88.0,98.0,57.211233,0.0,0.0,114.852673,0.0,0.0,105.820326,0.0,0.0,1065.634278
2.68,88.0,98.0,67.178369,88.0,98.0,58.269326,0.0,0.0,113.903201,0.0,0.0,105.809263,0.0,0.0,1057.318206
2.69,88.0,98.0,68.304841,88.0,98.0,59.326136,0.0,0.0,112.822916,0.0,0.0,105.681006,0.0,0.0,1047.83208
2.7,88.0,98.0,69.419936,88.0,98.0,60.380494,0.0,0.0,111.613748,0.0,0.0,105.435792,0.0,0.0,1037.192886
2.71,88.0,98.0,70.522386,88.0,98.0,61.431234,0.0,0.0,110.277868,0.0,0.0,105.074065,0.0,0.0,1025.419789
2.72,88.0,98.0,71.610944,88.0,98.0,62.477199,0.0,0.0,108.81769,0.0,0.0,104.596484,0.0,0.0,1012.53414
2.73,88.0,98.0,72.684386,88.0,98.0,63.517238,0.0,0.0,107.235867,0.0,0.0,104.003917,0.0,0.0,998.559478
2.74,88.0,98.0,73.74152,88.0,98.0,64.550213,0.0,0.0,105.535295,0.0,0.0,103.297446,0.0,0.0,983.521548
2.75,88.0,98.0,74.781179,88.0,98.0,65.574997,0.0,0.0,103.71911,0.0,0.0,102.478369,0.0,0.0,967.448296
2.76,88.0,98.0,75.802233,88.0,98.0,66.590479,0.0,0.0,101.79069,0.0,0.0,101.548197,0.0,0.0,950.369885
2.77,88.0,98.0,76.803583,88.0,98.0,67.595565,0.0,0.0,99.753654,0.0,0.0,100.508656,0.0,0.0,932.318698
2.78,88.0,98.0,77.78417,88.0,98.0,68.589182,0.0,0.0,97.611864,0.0,0.0,99.361691,0.0,0.0,913.329343
2.79,88.0,98.0,78.742973,88.0,98.0,69.570277,0.0,0.0,95.36942,0.0,0.0,98.109463,0.0,0.0,893.43866
2.8,88.0,98.0,79.679012,88.0,98.0,70.53782,0.0,0.0,93.030665,0.0,0.0,96.754351,0.0,0.0,872.685731
2.81,88.0,98.0,80.591355,88.0,98.0,71.49081,0.0,0.0,90.600185,0.0,0.0,95.298956,0.0,0.0,851.111877
2.82,88.0,98.0,81.479113,88.0,98.0,72.428271,0.0,0.0,88.082803,0.0,0.0,93.746095,0.0,0.0,828.760672
2.83,88.0,98.0,82.341447,88.0,98.0,73.349259,0.0,0.0,85.483589,0.0,0.0,92.098807,0.0,0.0,805.677943
2.84,88.0,98.0,83.177572,88.0,98.0,74.252862,0.0,0.0,82.807848,0.0,0.0,90.360354,0.0,0.0,781.911778
2.85,88.0,98.0,83.986753,88.0,98.0,75.138204,0.0,0.0,80.061132,0.0,0.0,88.534216,0.0,0.0,757.512528
2.86,88.0,98.0,84.768314,88.0,98.0,76.004445,0.0,0.0,77.24923,0.0,0.0,86.624099,0.0,0.0,732.532814
2.87,88.0,98.0,85.521638,88.0,98.0,76.850785,0.0,0.0,74.378174,0.0,0.0,84.633931,0.0,0.0,707.027532
2.88,88.0,98.0,86.246167,88.0,98.0,77.676463,0.0,0.0,71.454239,0.0,0.0,82.567863,0.0,0.0,681.053854
2.89,88.0,98.0,86.941408,88.0,98.0,78.480766,0.0,0.0,68.483937,0.0,0.0,80.43027,0.0,0.0,654.671237
2.9,88.0,98.0,87.606934,88.0,98.0,79.263024,0.0,0.0,65.474026,0.0,0.0,78.225754,0.0,0.0,627.941423
2.91,88.0,98.0,88.242386,88.0,98.0,80.022615,0.0,0.0,62.431502,0.0,0.0,75.959141,0.0,0.0,600.928444
2.92,88.0,98.0,88.847476,88.0,98.0,80.75897,0.0,0.0,59.363603,0.0,0.0,73.635481,0.0,0.0,573.698628
2.93,88.0,98.0,89.421989,88.0,98.0,81.47157,0.0,0.0,56.27781,0.0,0.0,71.260053,0.0,0.0,546.3206
2.94,88.0,98.0,89.965784,88.0,98.0,82.159954,0.0,0.0,53.181842,0.0,0.0,68.838363,0.0,0.0,518.865286
2.95,88.0,98.0,90.4788,88.0,98.0,82.823715,0.0,0.0,50.083663,0.0,0.0,66.376141,0.0,0.0,491.405918
2.96,88.0,98.0,90.961056,88.0,98.0,83.462509,0.0,0.0,46.991476,0.0,0.0,63.879349,0.0,0.0,464.018035
2.97,88.0,98.0,91.412653,88.0,98.0,84.076051,0.0,0.0,43.913725,0.0,0.0,61.354174,0.0,0.0,436.779489
2.98,88.0,98.0,91.833777,88.0,98.0,84.664121,0.0,0.0,40.859097,0.0,0.0,58.807033,0.0,0.0,409.770445
2.99,88.0,98.0,92.224702,88.0,98.0,85.226567,0.0,0.0,37.836518,0.0,0.0,56.244571,0.0,0.0,383.073385
3.0,88.0,98.0,92.585793,88.0,98.0,85.763303,0.0,0.0,34.855158,0.0,0.0,53.673664,0.0,0.0,356.773112
3.01,88.0,98.0,92.917505,88.0,98.0,86.274317,0.0,0.0,31.924427,0.0,0.0,51.101415,0.0,0.0,330.956752
3.02,88.0,98.0,93.220388,88.0,98.0,86.759669,0.0,0.0,29.053974,0.0,0.0,48.53516,0.0,0.0,305.713756
3.03,88.0,98.0,93.495092,88.0,98.0,87.219494,0.0,0.0,26.253694,0.0,0.0,45.982464,0.0,0.0,281.135904
3.04,88.0,98.0,93.742362,88.0,98.0,87.654005,0.0,0.0,23.533719,0.0,0.0,43.451122,0.0,0.0,257.317305
3.05,88.0,98.0,93.963049,88.0,98.0,88.063497,0.0,0.0,20.904425,0.0,0.0,40.949162,0.0,0.0,234.354403
3.06,88.0,98.0,94.158106,88.0,98.0,88.448345,0.0,0.0,18.376428,0.0,0.0,38.484841,0.0,0.0,212.345976
3.07,88.0,98.0,94.328593,88.0,98.0,88.809011,0.0,0.0,15.960585,0.0,0.0,36.06665,0.0,0.0,191.393138
3.08,88.0,98.0,94.47568,88.0,98.0,89.146045,0.0,0.0,13.667995,0.0,0.0,33.703311,0.0,0.0,171.599346
3.09,88.0,98.0,94.600646,88.0,98.0,89.460082,0.0,0.0,11.509998,0.0,0.0,31.403777,0.0,0.0,153.070395
3.1,88.0,98.0,94.704888,88.0,98.0,89.751855,0.0,0.0,9.498177,0.0,0.0,29.177235,0.0,0.0,135.914427
3.11,88.0,98.0,94.789915,88.0,98.0,90.022186,0.0,0.0,7.644352,0.0,0.0,27.033105,0.0,0.0,120.241926
3.12,88.0,98.0,94.857358,88.0,98.0,90.271996,0.0,0.0,5.960589,0.0,0.0,24.981038,0.0,0.0,106.165727
3.13,88.0,98.0,94.908967,88.0,98.0,90.502305,0.0,0.0,4.459192,0.0,0.0,23.030921,0.0,0.0,93.80101
3.14,88.0,98.0,94.946616,88.0,98.0,90.714234,0.0,0.0,3.152708,0.0,0.0,21.192872,0.0,0.0,83.26531
3.15,88.0,98.0,94.972305,88.0,98.0,90.909006,0.0,0.0,2.053925,0.0,0.0,19.477245,0.0,0.0,74.678511
3.16,88.0,98.0,94.988162,88.0,98.0,91.087953,0.0,0.0,1.175872,0.0,0.0,17.894625,0.0,0.0,68.162853
3.17,88.0,98.0,94.996447,88.0,98.0,91.252511,0.0,0.0,0.531818,0.0,0.0,16.455833,0.0,0.0,63.842932
3.18,88.0,98.0,94.99955,88.0,98.0,91.40423,0.0,0.0,0.135277,0.0,0.0,15.171925,0.0,0.0,61.845699
3.19,88.0,98.0,95.0,88.0,98.0,91.544772,0.0,0.0,0.0,0.0,0.0,14.054191,0.0,0.0,62.300465
3.2,88.0,98.0,95.0,88.0,98.0,91.675914,0.0,0.0,0.0,0.0,0.0,13.114153,0.0,0.0,65.338901
3.21,88.0,98.0,95.0,88.0,98.0,91.799428,0.0,0.0,0.0,0.0,0.0,12.351453,0.0,0.0,70.125565
3.22,88.0,98.0,95.0,88.0,98.0,91.916632,0.0,0.0,0.0,0.0,0.0,11.720373,0.0,0.0,73.028103
3.23,88.0,98.0,95.0,88.0,98.0,92.028426,0.0,0.0,0.0,0.0,0.0,11.179443,0.0,0.0,73.929338
3.24,88.0,98.0,95.0,88.0,98.0,92.135443,0.0,0.0,0.0,0.0,0.0,10.701619,0.0,0.0,73.568493
3.25,88.0,98.0,95.0,88.0,98.0,92.238135,0.0,0.0,0.0,0.0,0.0,10.269209,0.0,0.0,72.423358
3.26,88.0,98.0,95.0,88.0,98.0,92.336841,0.0,0.0,0.0,0.0,0.0,9.870587,0.0,0.0,70.802358
3.27,88.0,98.0,95.0,88.0,98.0,92.431821,0.0,0.0,0.0,0.0,0.0,9.498066,0.0,0.0,68.904203
3.28,88.0,98.0,95.0,88.0,98.0,92.523286,0.0,0.0,0.0,0.0,0.0,9.146515,0.0,0.0,66.856553
3.29,88.0,98.0,95.0,88.0,98.0,92.611411,0.0,0.0,0.0,0.0,0.0,8.812464,0.0,0.0,64.741065
3.3,88.0,98.0,95.0,88.0,98.0,92.696346,0.0,0.0,0.0,0.0,0.0,8.493526,0.0,0.0,62.609622
3.31,88.0,98.0,95.0,88.0,98.0,92.778227,0.0,0.0,0.0,0.0,0.0,8.188021,0.0,0.0,60.49485
3.32,88.0,98.0,95.0,88.0,98.0,92.857174,0.0,0.0,0.0,0.0,0.0,7.89473,0.0,0.0,58.416932
3.33,88.0,98.0,95.0,88.0,98.0,92.933301,0.0,0.0,0.0,0.0,0.0,7.612739,0.0,0.0,56.388021
3.34,88.0,98.0,95.0,88.0,98.0,93.006715,0.0,0.0,0.0,0.0,0.0,7.341335,0.0,0.0,54.415102
3.35,88.0,98.0,95.0,88.0,98.0,93.077514,0.0,0.0,0.0,0.0,0.0,7.079941,0.0,0.0,52.501838
3.36,88.0,98.0,95.0,88.0,98.0,93.145795,0.0,0.0,0.0,0.0,0.0,6.828071,0.0,0.0,50.649776
3.37,88.0,98.0,95.0,88.0,98.0,93.211648,0.0,0.0,0.0,0.0,0.0,6.585301,0.0,0.0,48.859114
3.38,88.0,98.0,95.0,88.0,98.0,93.27516,0.0,0.0,0.0,0.0,0.0,6.351254,0.0,0.0,47.129212
3.39,88.0,98.0,95.0,88.0,98.0,93.336416,0.0,0.0,0.0,0.0,0.0,6.125583,0.0,0.0,45.458908
3.4,88.000063,98.000009,95.0,88.0,98.0,93.395496,0.018829,0.002636,0.0,0.0,0.0,5.907969,0.0,0.0,43.846732
3.41,88.0005,98.00007,95.0,88.000007,98.000001,93.452477,0.074873,0.010482,0.0,0.000661,0.000116,5.698111,0.099179,0.013885,42.291037
3.42,88.00168,98.000235,95.0,88.000059,98.00001,93.507434,0.167472,0.023446,0.0,0.005195,0.000905,5.495723,0.685338,0.095582,40.79009
3.43,88.003964,98.000555,95.0,88.000229,98.00004,93.560439,0.295969,0.041436,0.0,0.017063,0.002954,5.300535,1.82174,0.25221,39.342122
3.44,88.007709,98.001079,95.0,88.000622,98.000107,93.611562,0.459711,0.064359,0.0,0.039284,0.006754,5.112285,3.469669,0.476656,37.945366
3.45,88.013262,98.001857,95.0,88.001367,98.000234,93.66087,0.658049,0.092127,0.0,0.074483,0.012716,4.930725,5.594166,0.762749,36.598076
3.46,88.020965,98.002935,95.0,88.002616,98.000446,93.708426,0.890338,0.124647,0.0,0.124935,0.021184,4.755616,8.163624,1.105127,35.298544
3.47,88.031156,98.004362,95.0,88.004542,98.000771,93.754293,1.155937,0.161831,0.0,0.192601,0.032441,4.586728,11.149418,1.499118,34.045104
3.48,88.044162,98.006183,95.0,88.007334,98.001238,93.798531,1.45421,0.203589,0.0,0.279166,0.046721,4.423839,14.525581,1.940645,32.836141
3.49,88.060308,98.008443,95.0,88.011195,98.00188,93.841199,1.784522,0.249833,0.0,0.386067,0.064213,4.266735,18.268512,2.426138,31.670087
3.5,88.07991,98.011187,95.0,88.01634,98.002731,93.882351,2.146244,0.300474,0.0,0.514522,0.085071,4.115211,22.356719,2.952462,30.545427
3.51,88.103278,98.014459,95.0,88.022995,98.003825,93.922042,2.538751,0.355425,0.0,0.665551,0.109416,3.969068,26.77059,3.516856,29.460697
3.52,88.130718,98.018301,95.0,88.031395,98.005198,93.960323,2.961422,0.414599,0.0,0.840003,0.137341,3.828116,31.492186,4.116881,28.414482
3.53,88.162527,98.022754,95.0,88.041781,98.006887,93.997244,3.413638,0.477909,0.0,1.03857,0.168915,3.692169,36.505064,4.750369,27.405417
3.54,88.198996,98.027859,95.0,88.054399,98.008929,94.032855,3.894786,0.54527,0.0,1.261807,0.20419,3.56105,41.794112,5.415391,26.432183
3.55,88.240413,98.033658,95.0,88.069501,98.011361,94.067201,4.404256,0.616596,0.0,1.510147,0.243198,3.434588,47.345405,6.110217,25.49351
3.56,88.287057,98.040188,95.0,88.08734,98.014221,94.100327,4.941442,0.691802,0.0,1.783913,0.285955,3.312616,53.14608,6.833292,24.58817
3.57,88.339201,98.047488,95.0,88.108173,98.017546,94.132277,5.505743,0.770804,0.0,2.083332,0.332468,3.194977,59.184218,7.583211,23.714981
3.58,88.397114,98.055596,95.0,88.132258,98.021373,94.163092,6.09656,0.853518,0.0,2.408546,0.38273,3.081515,65.448748,8.358694,22.8728
3.59,88.461057,98.064548,95.0,88.159855,98.02574,94.192813,6.713298,0.939862,0.0,2.759619,0.436725,2.972082,71.929351,9.158574,22.060527
3.6,88.531286,98.07438,95.0,88.19122,98.030684,94.221478,7.355368,1.029752,0.0,3.136549,0.494431,2.866535,78.616385,9.981776,21.2771
3.61,88.608052,98.085127,95.0,88.226613,98.036243,94.249125,8.022184,1.123106,0.0,3.539272,0.555817,2.764737,85.500813,10.827309,20.521494
3.62,88.691597,98.096824,95.0,88.26629,98.042451,94.275791,8.713162,1.219843,0.0,3.967672,0.620846,2.666554,92.574135,11.694251,19.792722
3.63,88.782162,98.109503,95.0,88.310505,98.049346,94.301509,9.427724,1.319881,0.0,4.421585,0.689478,2.571858,99.828339,12.581739,19.08983
3.64,88.879978,98.123197,95.0,88.359513,98.056963,94.326315,10.165297,1.423142,0.0,4.900806,0.761667,2.480524,107.255844,13.488966,18.4119
3.65,88.985273,98.137938,95.0,88.413564,98.065336,94.350239,10.925308,1.529543,0.0,5.405092,0.837362,2.392434,114.849459,14.415166,17.758045
3.66,89.098267,98.153757,95.0,88.472906,98.074501,94.373314,11.707191,1.639007,0.0,5.93417,0.916513,2.307473,122.602343,15.359615,17.12741
3.67,89.219177,98.170685,95.0,88.537783,98.084492,94.395569,12.510383,1.751454,0.0,6.487734,0.999063,2.225528,130.507971,16.321622,16.51917
3.68,89.348212,98.18875,95.0,88.608438,98.095341,94.417034,13.334326,1.866806,0.0,7.065455,1.084956,2.146494,138.560097,17.300526,15.932531
3.69,89.485577,98.207981,95.0,88.685108,98.107083,94.437737,14.178463,1.984985,0.0,7.666983,1.174131,2.070266,146.752735,18.295691,15.366725
3.7,89.631471,98.228406,95.0,88.768027,98.119748,94.457704,15.042245,2.105914,0.0,8.291944,1.266527,1.996745,155.080124,19.306506,14.821012
3.71,89.786087,98.250052,95.0,88.857427,98.133369,94.476962,15.925123,2.229517,0.0,8.939952,1.362083,1.925836,163.536717,20.332375,14.294679
3.72,89.949612,98.272946,95.0,88.953533,98.147976,94.495537,16.826554,2.355718,0.0,9.610602,1.460734,1.857444,172.11715,21.372725,13.787037
3.73,90.122231,98.297112,95.0,89.056568,98.1636,94.513452,17.745999,2.48444,0.0,10.303479,1.562416,1.791482,180.816233,22.426994,13.297423
3.74,90.30412,98.322577,95.0,89.166749,98.180271,94.53073,18.682923,2.615609,0.0,11.018153,1.667064,1.727861,189.628931,23.494636,12.825196
3.75,90.49545,98.349363,95.0,89.284291,98.198017,94.547395,19.636793,2.749151,0.0,11.754187,1.774611,1.6665,198.550352,24.575117,12.36974
3.76,90.696389,98.377495,95.0,89.409402,98.216867,94.563469,20.607082,2.884991,0.0,12.511135,1.884992,1.607319,207.575731,25.667914,11.930458
3.77,90.907098,98.406994,95.0,89.542288,98.236848,94.578971,21.593265,3.023057,0.0,13.288544,1.998138,1.550238,216.700423,26.772511,11.506776
3.78,91.127733,98.437883,95.0,89.683147,98.257988,94.593923,22.594825,3.163275,0.0,14.085954,2.113983,1.495185,225.919891,27.888406,11.09814
3.79,91.358445,98.470182,95.0,89.832176,98.280313,94.608344,23.611243,3.305574,0.0,14.902901,2.23246,1.442087,235.229698,29.015101,10.704015
3.8,91.599379,98.503913,95.0,89.989566,98.303848,94.622252,24.642008,3.449881,0.0,15.738917,2.353501,1.390875,244.625502,30.152107,10.323888
3.81,91.850677,98.539095,95.0,90.155501,98.328618,94.635667,25.686612,3.596126,0.0,16.593528,2.477038,1.341481,254.103043,31.298942,9.957259
3.82,92.112474,98.575746,95.0,90.330163,98.354648,94.648606,26.744551,3.744237,0.0,17.466261,2.603003,1.293842,263.658142,32.45513,9.603651
3.83,92.384901,98.613886,95.0,90.51373,98.381962,94.661085,27.815324,3.894145,0.0,18.356638,2.73133,1.247894,273.286695,33.620202,9.2626
3.84,92.668084,98.653532,95.0,90.706372,98.410581,94.67312,28.898435,4.045781,0.0,19.264182,2.86195,1.203578,282.984666,34.793692,8.93366
3.85,92.962143,98.6947,95.0,90.908256,98.440529,94.684729,29.993391,4.199075,0.0,20.188413,2.994795,1.160836,292.748086,35.975144,8.616402
3.86,93.267194,98.737407,95.0,91.119544,98.471827,94.695925,31.099704,4.353959,0.0,21.128851,3.1298,1.119612,302.573044,37.164102,8.310411
3.87,93.583348,98.781669,95.0,91.340394,98.504496,94.706723,32.216888,4.510364,0.0,22.085017,3.266896,1.079851,312.455691,38.360117,8.015287
3.88,93.910711,98.8275,95.0,91.570959,98.538556,94.717138,33.344464,4.668225,0.0,23.056431,3.406017,1.041503,322.39223,39.562746,7.730643
3.89,94.249385,98.874914,95.0,91.811385,98.574027,94.727184,34.481953,4.827473,0.0,24.042614,3.547095,1.004516,332.378916,40.77155,7.456107
3.9,94.599467,98.923925,95.0,92.061816,98.610928,94.736872,35.628884,4.988044,0.0,25.043088,3.690065,0.968843,342.412056,41.986091,7.191321
3.91,94.961048,98.974547,95.0,92.32239,98.649276,94.746216,36.784787,5.14987,0.0,26.057377,3.834861,0.934437,352.488004,43.20594,6.935938
3.92,95.334215,99.02679,95.0,92.59324,98.689091,94.755229,37.949197,5.312888,0.0,27.085005,3.981416,0.901253,362.603159,44.43067,6.689625
3.93,95.719052,99.080667,95.0,92.874495,98.730387,94.763921,39.121652,5.477031,0.0,28.125497,4.129666,0.869247,372.753965,45.659858,6.452059
3.94,96.115635,99.136189,95.0,93.166278,98.773183,94.772305,40.301696,5.642237,0.0,29.178384,4.279544,0.838378,382.936908,46.893085,6.222929
3.95,96.52404,99.193366,95.0,93.46871,98.817493,94.780391,41.488874,5.808442,0.0,30.243193,4.430987,0.808605,393.148517,48.129937,6.001936
3.96,96.944334,99.252207,95.0,93.781905,98.863332,94.78819,42.682737,5.975583,0.0,31.319459,4.58393,0.779889,403.385361,49.370002,5.788792
3.97,97.376583,99.312722,95.0,94.105972,98.910715,94.795712,43.882841,6.143598,0.0,32.406715,4.738308,0.752193,413.644045,50.612875,5.583216
3.98,97.820846,99.374918,95.0,94.441017,98.959655,94.802967,45.088742,6.312424,0.0,33.504498,4.894058,0.725481,423.921218,51.858151,5.384942
3.99,98.277179,99.438805,95.0,94.787141,99.010167,94.809964,46.300002,6.482,0.0,34.612348,5.051116,0.699717,434.213561,53.105432,5.193708
4.0,98.745634,99.504389,95.0,95.144439,99.062261,94.816713,47.51619,6.652267,0.0,35.729808,5.20942,0.674868,444.517796,54.354323,5.009266
4.01,99.226258,99.571676,95.0,95.513003,99.11595,94.823222,48.736873,6.823162,0.0,36.856423,5.368908,0.650902,454.830678,55.604431,4.831374
4.02,99.719092,99.640673,95.0,95.89292,99.171245,94.8295,49.961626,6.994628,0.0,37.991741,5.529516,0.627787,465.149,56.855369,4.659799
4.03,100.224177,99.711385,95.0,96.284273,99.228157,94.835554,51.190027,7.166604,0.0,39.135312,5.691184,0.605492,475.469589,58.106753,4.494317
4.04,100.741545,99.783816,95.0,96.68714,99.286695,94.841394,52.421658,7.339032,0.0,40.28669,5.85385,0.58399,485.789307,59.358203,4.334712
4.05,101.271228,99.857972,95.0,97.101595,99.34687,94.847027,53.656104,7.511855,0.0,41.445434,6.017453,0.563251,496.105049,60.609343,4.180775
4.06,101.813252,99.933855,95.0,97.527706,99.408689,94.852459,54.892954,7.685014,0.0,42.611102,6.181934,0.543248,506.413745,61.859798,4.032305
4.07,102.367638,100.011469,95.0,97.965538,99.472162,94.857699,56.131803,7.858452,0.0,43.783259,6.347231,0.523956,516.71236,63.109202,3.889107
4.08,102.934404,100.090817,95.0,98.415153,99.537294,94.862752,57.372247,8.032115,0.0,44.961471,6.513286,0.505349,526.997888,64.357187,3.750994
4.09,103.513564,100.171899,95.0,98.876606,99.604095,94.867626,58.613889,8.205944,0.0,46.145309,6.680039,0.487403,537.26736,65.603394,3.617787
4.1,104.105129,100.254718,95.0,99.349949,99.672569,94.872327,59.856332,8.379886,0.0,47.334345,6.847432,0.470094,547.517839,66.847463,3.48931
4.11,104.709104,100.339275,95.0,99.835231,99.742723,94.876861,61.099186,8.553886,0.0,48.528156,7.015407,0.453399,557.74642,68.089042,3.365395
4.12,105.325492,100.425569,95.0,100.332494,99.814562,94.881234,62.342065,8.727889,0.0,49.726322,7.183907,0.437298,567.95023,69.327779,3.245881
4.13,105.95429,100.513601,95.0,100.841779,99.888091,94.885452,63.584584,8.901842,0.0,50.928428,7.352873,0.421768,578.126429,70.563328,3.130611
4.14,106.595494,100.603369,95.0,101.363119,99.963314,94.88952,64.826366,9.075691,0.0,52.13406,7.52225,0.40679,588.27221,71.795347,3.019435
4.15,107.249094,100.694873,95.0,101.896547,100.040233,94.893443,66.067033,9.249385,0.0,53.342809,7.691981,0.392344,598.384796,73.023496,2.912207
4.16,107.915077,100.788111,95.0,102.44209,100.118853,94.897227,67.306216,9.42287,0.0,54.554268,7.862011,0.378411,608.461444,74.247441,2.808787
4.17,108.593427,100.88308,95.0,102.99977,100.199176,94.900877,68.543547,9.596097,0.0,55.768037,8.032284,0.364972,618.499441,75.466849,2.709039
4.18,109.284122,100.979777,95.0,103.569607,100.281204,94.904397,69.778662,9.769013,0.0,56.983716,8.202746,0.352011,628.496108,76.681393,2.612834
4.19,109.98714,101.0782,95.0,104.151617,100.364937,94.907792,71.011202,9.941568,0.0,58.20091,8.373342,0.339511,638.448795,77.890748,2.520045
4.2,110.702452,101.178343,95.0,104.745809,100.450377,94.911067,72.24081,10.113713,0.0,59.419227,8.544019,0.327454,648.354886,79.094596,2.430552
4.21,111.430029,101.280204,95.0,105.352192,100.537525,94.914225,73.467135,10.285399,0.0,60.63828,8.714723,0.315825,658.211796,80.292618,2.344237
4.22,112.169834,101.383777,95.0,105.970768,100.626379,94.917271,74.68983,10.456576,0.0,61.857685,8.885401,0.304609,668.01697,81.484502,2.260987
4.23,112.92183,101.489056,95.0,106.601539,100.716939,94.920209,75.908549,10.627197,0.0,63.077061,9.056002,0.293792,677.767887,82.66994,2.180693
4.24,113.685976,101.596037,95.0,107.244499,100.809203,94.923043,77.122954,10.797214,0.0,64.296032,9.226474,0.283358,687.462055,83.848626,2.103251
4.25,114.462228,101.704712,95.0,107.899642,100.903171,94.925776,78.332707,10.966579,0.0,65.514223,9.396765,0.273295,697.097015,85.020258,2.028559
4.26,115.250536,101.815075,95.0,108.566954,100.998839,94.928412,79.537477,11.135247,0.0,66.731267,9.566825,0.26359,706.670339,86.18454,1.956519
4.27,116.050849,101.927119,95.0,109.246422,101.096205,94.930954,80.736935,11.303171,0.0,67.946797,9.736604,0.254229,716.179631,87.341176,1.887038
4.28,116.863114,102.040836,95.0,109.938027,101.195266,94.933406,81.930757,11.470306,0.0,69.160451,9.906051,0.245201,725.622524,88.489878,1.820024
4.29,117.687271,102.156218,95.0,110.641745,101.296017,94.935771,83.118622,11.636607,0.0,70.371872,10.075117,0.236493,734.996686,89.630358,1.755391
4.3,118.52326,102.273256,95.0,111.357552,101.398455,94.938052,84.300214,11.80203,0.0,71.580704,10.243755,0.228095,744.299812,90.762334,1.693052
4.31,119.371017,102.391942,95.0,112.085418,101.502574,94.940252,85.475219,11.966531,0.0,72.786597,10.411915,0.219994,753.529633,91.885527,1.632927
4.32,120.230474,102.512266,95.0,112.825311,101.608369,94.942374,86.643329,12.130066,0.0,73.989205,10.579551,0.212182,762.683907,92.999663,1.574938
4.33,121.10156,102.634218,95.0,113.577192,101.715835,94.94442,87.80424,12.292594,0.0,75.188183,10.746614,0.204647,771.760427,94.10447,1.519008
4.34,121.984204,102.757789,95.0,114.341024,101.824966,94.946394,88.957649,12.454071,0.0,76.383194,10.913059,0.197379,780.757013,95.19968,1.465064
4.35,122.878327,102.882966,95.0,115.116763,101.935754,94.948298,90.103261,12.614457,0.0,77.5739,11.078839,0.19037,789.671521,96.285031,1.413035
4.36,123.783852,103.009739,95.0,115.904363,102.048193,94.950134,91.240781,12.773709,0.0,78.759971,11.243909,0.183609,798.501834,97.360262,1.362855
4.37,124.700694,103.138097,95.0,116.703774,102.162276,94.951904,92.369921,12.931789,0.0,79.941078,11.408224,0.177089,807.24587,98.425117,1.314456
4.38,125.62877,103.268028,95.0,117.514943,102.277993,94.953612,93.490395,13.088655,0.0,81.116898,11.571739,0.1708,815.901574,99.479343,1.267776
4.39,126.567992,103.399519,95.0,118.337814,102.395337,94.95526,94.601922,13.244269,0.0,82.28711,11.73441,0.164734,824.466927,100.522694,1.222754
4.4,127.518268,103.532558,95.0,119.172328,102.514299,94.956849,95.704224,13.398591,0.0,83.451397,11.896193,0.158884,832.939937,101.554923,1.179331
4.41,128.479506,103.667131,95.0,120.018422,102.63487,94.958381,96.797027,13.551584,0.0,84.609447,12.057047,0.153242,841.318646,102.575789,1.13745
4.42,129.451608,103.803225,95.0,120.876032,102.757039,94.959859,97.880062,13.703209,0.0,85.76095,12.216928,0.1478,849.601126,103.585057,1.097056
4.43,130.434477,103.940827,95.0,121.745088,102.880797,94.961285,98.953064,13.853429,0.0,86.905603,12.375795,0.142551,857.78548,104.582492,1.058097
4.44,131.42801,104.079921,95.0,122.625519,103.006133,94.962659,100.015769,14.002208,0.0,88.043103,12.533606,0.137489,865.869844,105.567866,1.020521
4.45,132.432103,104.220494,95.0,123.51725,103.133036,94.963986,101.06792,14.149509,0.0,89.173153,12.69032,0.132606,873.852382,106.540952,0.984279
4.46,133.446651,104.362531,95.0,124.420205,103.261495,94.965265,102.109264,14.295297,0.0,90.29546,12.845897,0.127897,881.731293,107.501528,0.949325
4.47,134.471543,104.506016,95.0,125.334302,103.391498,94.966498,103.139549,14.439537,0.0,91.409735,13.000298,0.123355,889.504804,108.449377,0.915612
4.48,135.506668,104.650933,95.0,126.259459,103.523033,94.967688,104.158529,14.582194,0.0,92.51569,13.153483,0.118974,897.171175,109.384285,0.883096
4.49,136.551911,104.797268,95.0,127.19559,103.656087,94.968835,105.165963,14.723235,0.0,93.613044,13.305414,0.114749,904.728697,110.30604,0.851735
4.5,137.607157,104.945002,95.0,128.142605,103.790647,94.969942,106.161612,14.862626,0.0,94.70152,13.456051,0.110674,912.175691,111.214437,0.821488
4.51,138.672287,105.09412,95.0,129.100413,103.926701,94.971009,107.14524,15.000334,0.0,95.780842,13.605359,0.106744,919.510512,112.109271,0.792315
4.52,139.747179,105.244605,95.0,130.068921,104.064234,94.972039,108.116619,15.136327,0.0,96.850741,13.753299,0.102953,926.731542,112.990346,0.764177
4.53,140.831709,105.396439,95.0,131.04803,104.203232,94.973032,109.07552,15.270573,0.0,97.910949,13.899836,0.099297,933.837198,113.857464,0.737039
4.54,141.925753,105.549605,95.0,132.037642,104.343682,94.97399,110.021721,15.403041,0.0,98.961205,14.044932,0.095771,940.825926,114.710436,0.710865
4.55,143.029182,105.704085,95.0,133.037655,104.485567,94.974913,110.955003,15.5337,0.0,100.001249,14.188553,0.09237,947.696205,115.549072,0.685621
4.56,144.141865,105.859861,95.0,134.047963,104.628874,94.975804,111.875151,15.662521,0.0,101.030826,14.330664,0.089089,954.446544,116.37319,0.661272
4.57,145.263672,106.016914,95.0,135.06846,104.773586,94.976664,112.781954,15.789474,0.0,102.049685,14.471231,0.085925,961.075483,117.18261,0.637789
4.58,146.394467,106.175225,95.0,136.099036,104.919688,94.977492,113.675205,15.914529,0.0,103.057579,14.610219,0.082874,967.581593,117.977155,0.615139
4.59,147.534114,106.334776,95.0,137.139578,105.067164,94.978292,114.5547,16.037658,0.0,104.054265,14.747595,0.079931,973.963479,118.756653,0.593294
4.6,148.682475,106.495547,95.0,138.189973,105.215998,94.979062,115.420241,16.158834,0.0,105.039502,14.883326,0.077092,980.219772,119.520936,0.572225
4.61,149.83941,106.657517,95.0,139.250104,105.366171,94.979806,116.271631,16.278028,0.0,106.013057,15.017381,0.074355,986.34914,120.269838,0.551903
4.62,151.004775,106.820669,95.0,140.319851,105.517669,94.980523,117.108679,16.395215,0.0,106.974695,15.149727,0.071714,992.350278,121.003199,0.532304
4.63,152.178428,106.98498,95.0,141.399093,105.670472,94.981215,117.931198,16.510368,0.0,107.924191,15.280333,0.069167,998.221914,121.720863,0.5134
4.64,153.360221,107.150431,95.0,142.487706,105.824564,94.981882,118.739004,16.623461,0.0,108.86132,15.409169,0.066711,1003.962807,122.422674,0.495168
4.65,154.550008,107.317001,95.0,143.585565,105.979926,94.982525,119.531917,16.734468,0.0,109.785861,15.536205,0.064342,1009.571747,123.108486,0.477583
4.66,155.747638,107.484669,95.0,144.692541,106.13654,94.983146,120.309761,16.843366,0.0,110.697599,15.661411,0.062057,1015.047556,123.77815,0.460623
4.67,156.952961,107.653414,95.0,145.808504,106.294387,94.983744,121.072363,16.950131,0.0,111.596321,15.784758,0.059853,1020.389086,124.431527,0.444265
4.68,158.165822,107.823215,95.0,146.933322,106.45345,94.984322,121.819557,17.054738,0.0,112.481818,15.906218,0.057728,1025.59522,125.068477,0.428488
4.69,159.386068,107.99405,95.0,148.066861,106.613707,94.984879,122.551178,17.157165,0.0,113.353887,16.025763,0.055678,1030.664874,125.688867,0.413271
4.7,160.613542,108.165896,95.0,149.208984,106.775141,94.985416,123.267065,17.257389,0.0,114.212327,16.143364,0.0537,1035.596995,126.292566,0.398595
4.71,161.848086,108.338732,95.0,150.359553,106.937731,94.985933,123.967062,17.355389,0.0,115.056939,16.258997,0.051793,1040.390558,126.879448,0.38444
4.72,163.089541,108.512536,95.0,151.518429,107.101457,94.986433,124.651017,17.451142,0.0,115.887533,16.372634,0.049954,1045.044574,127.44939,0.370787
4.73,164.337745,108.687284,95.0,152.685468,107.2663,94.986915,125.318781,17.544629,0.0,116.703919,16.484249,0.04818,1049.558082,128.002273,0.35762
4.74,165.592537,108.862955,95.0,153.860527,107.432238,94.987379,125.970209,17.635829,0.0,117.505911,16.593818,0.046469,1053.930153,128.537983,0.34492
4.75,166.853752,109.039525,95.0,155.04346,107.599251,94.987828,126.605162,17.724723,0.0,118.293328,16.701315,0.044819,1058.159889,129.056407,0.332671
4.76,168.121226,109.216972,95.0,156.23412,107.767318,94.98826,127.223501,17.81129,0.0,119.065993,16.806717,0.043227,1062.246424,129.557438,0.320857
4.77,169.394791,109.395271,95.0,157.432358,107.936418,94.988677,127.825094,17.895513,0.0,119.823733,16.91,0.041692,1066.188922,130.040974,0.309462
4.78,170.67428,109.574399,95.0,158.638021,108.10653,94.989079,128.409813,17.977374,0.0,120.566378,17.011141,0.040211,1069.986581,130.506914,0.298472
4.79,171.959524,109.754333,95.0,159.850959,108.277631,94.989467,128.977531,18.056854,0.0,121.293762,17.110117,0.038783,1073.638626,130.955161,0.287873
4.8,173.250352,109.935049,95.0,161.071016,108.4497,94.989841,129.528128,18.133938,0.0,122.005723,17.206907,0.037406,1077.144316,131.385625,0.27765
4.81,174.546592,110.116523,95.0,162.298037,108.622715,94.990202,130.061487,18.208608,0.0,122.702104,17.30149,0.036078,1080.502942,131.798216,0.26779
4.82,175.848073,110.29873,95.0,163.531865,108.796653,94.99055,130.577494,18.280849,0.0,123.382751,17.393843,0.034796,1083.713823,132.192851,0.25828
4.83,177.15462,110.481647,95.0,164.77234,108.971493,94.990885,131.076039,18.350646,0.0,124.047513,17.483948,0.033561,1086.776312,132.569448,0.249108
4.84,178.466058,110.665248,95.0,166.019302,109.14721,94.991209,131.557018,18.417983,0.0,124.696244,17.571783,0.032369,1089.689792,132.92793,0.240261
4.85,179.782211,110.84951,95.0,167.27259,109.323784,94.991521,132.020328,18.482846,0.0,125.328802,17.657331,0.031219,1092.453678,133.268225,0.231729
4.86,181.102903,111.034406,95.0,168.532041,109.50119,94.991822,132.465872,18.545222,0.0,125.945049,17.740572,0.030111,1095.067415,133.590264,0.2235
4.87,182.427954,111.219914,95.0,169.797489,109.679404,94.992113,132.893556,18.605098,0.0,126.54485,17.821489,0.029041,1097.530481,133.893981,0.215562
4.88,183.757188,111.406006,95.0,171.06877,109.858405,94.992393,133.30329,18.662461,0.0,127.128074,17.900063,0.02801,1099.842384,134.179314,0.207907
4.89,185.090423,111.592659,95.0,172.345716,110.038168,94.992663,133.694988,18.717298,0.0,127.694594,17.976278,0.027015,1102.002663,134.446205,0.200524
4.9,186.42748,111.779847,95.0,173.628159,110.218669,94.992923,134.068568,18.769599,0.0,128.244288,18.050117,0.026056,1104.010889,134.694602,0.193403
4.91,187.768177,111.967545,95.0,174.915929,110.399885,94.993175,134.423952,18.819353,0.0,128.777037,18.121564,0.025131,1105.866663,134.924453,0.186535
4.92,189.112332,112.155726,95.0,176.208857,110.581791,94.993417,134.761065,18.866549,0.0,129.292726,18.190603,0.024238,1107.569619,135.135713,0.17991
4.93,190.459762,112.344367,95.0,177.506769,110.764363,94.993651,135.079837,18.911177,0.0,129.791244,18.257221,0.023377,1109.119422,135.328338,0.173521
4.94,191.810284,112.53344,95.0,178.809494,110.947577,94.993876,135.380202,18.953228,0.0,130.272482,18.321402,0.022547,1110.515766,135.502291,0.167359
4.95,193.163713,112.72292,95.0,180.116857,111.131408,94.994094,135.662097,18.992694,0.0,130.736339,18.383133,0.021747,1111.75838,135.657537,0.161416
4.96,194.519865,112.912781,95.0,181.428684,111.315832,94.994304,135.925464,19.029565,0.0,131.182715,18.442401,0.020974,1112.847019,135.794044,0.155683
4.97,195.878554,113.102998,95.0,182.7448,111.500824,94.994506,136.170248,19.063835,0.0,131.611513,18.499192,0.020229,1113.781475,135.911785,0.150155
4.98,197.239595,113.293543,95.0,184.065026,111.686359,94.994701,136.396397,19.095496,0.0,132.022643,18.553495,0.019511,1114.561567,136.010738,0.144822
4.99,198.602801,113.484392,95.0,185.389186,111.872412,94.994889,136.603865,19.124541,0.0,132.416016,18.605299,0.018818,1115.187147,136.090882,0.139679
5.0,199.967985,113.675518,95.0,186.717102,112.058958,94.995071,136.79261,19.150965,0.0,132.791549,18.654592,0.01815,1115.658098,136.152202,0.134719
5.01,201.334961,113.866895,95.0,188.048593,112.245972,94.995246,136.962591,19.174763,0.0,133.149162,18.701363,0.017505,1115.974335,136.194687,0.129935
5.02,202.703541,114.058496,95.0,189.383481,112.433428,94.995415,137.113775,19.195928,0.0,133.488779,18.745603,0.016884,1116.135802,136.218327,0.12532
5.03,204.073536,114.250295,95.0,190.721584,112.621301,94.995577,137.246128,19.214458,0.0,133.810327,18.787302,0.016284,1116.142476,136.223119,0.12087
5.04,205.444759,114.442266,95.0,192.062722,112.809565,94.995734,137.359625,19.230348,0.0,134.113739,18.826451,0.015706,1115.994366,136.209063,0.116577
5.05,206.817022,114.634383,95.0,193.406711,112.998196,94.995886,137.454242,19.243594,0.0,134.398949,18.863043,0.015148,1115.69151,136.176161,0.112437
5.06,208.190134,114.826619,95.0,194.75337,113.187166,94.996032,137.529959,19.254194,0.0,134.665899,18.897069,0.01461,1115.233978,136.124422,0.108444
5.07,209.563909,115.018947,95.0,196.102515,113.376452,94.996173,137.58676,19.262146,0.0,134.91453,18.928522,0.014091,1114.621873,136.053856,0.104593
5.08,210.938156,115.211342,95.0,197.453963,113.566025,94.996309,137.624634,19.267449,0.0,135.14479,18.957396,0.013591,1113.855326,135.964478,0.100879
5.09,212.312687,115.403776,95.0,198.80753,113.755862,94.99644,137.643573,19.2701,0.0,135.356632,18.983683,0.013108,1112.934502,135.856307,0.097296
5.1,213.687313,115.596224,95.0,200.16303,113.945936,94.996566,137.643573,19.2701,0.0,135.550009,19.00738,0.012643,1111.859597,135.729365,0.093841
5.11,215.061844,115.788658,95.0,201.520279,114.136221,94.996688,137.624634,19.267449,0.0,135.72488,19.02848,0.012194,1110.630836,135.58368,0.090509
5.12,216.436091,115.981053,95.0,202.879091,114.326691,94.996806,137.58676,19.262146,0.0,135.88121,19.046979,0.011761,1109.248477,135.41928,0.087294
5.13,217.809866,116.173381,95.0,204.23928,114.517319,94.996919,137.529959,19.254194,0.0,136.018964,19.062874,0.011343,1107.712809,135.236201,0.084194
5.14,219.182978,116.365617,95.0,205.600661,114.708081,94.997029,137.454242,19.243594,0.0,136.138114,19.07616,0.01094,1106.024153,135.03448,0.081204
5.15,220.555241,116.557734,95.0,206.963048,114.898949,94.997134,137.359625,19.230348,0.0,136.238633,19.086836,0.010552,1104.182859,134.814158,0.078321
5.16,221.926464,116.749705,95.0,208.326253,115.089898,94.997236,137.246128,19.214458,0.0,136.320502,19.094898,0.010177,1102.189311,134.575281,0.075539
5.17,223.296459,116.941504,95.0,209.69009,115.280902,94.997334,137.113775,19.195928,0.0,136.383701,19.100344,0.009816,1100.043922,134.3179,0.072857
5.18,224.665039,117.133105,95.0,211.054372,115.471934,94.997429,136.962591,19.174763,0.0,136.428218,19.103175,0.009467,1097.747138,134.042065,0.070269
5.19,226.032015,117.324482,95.0,212.418912,115.662967,94.99752,136.79261,19.150965,0.0,136.454043,19.103388,0.009131,1095.299433,133.747836,0.067774
5.2,227.397199,117.515608,95.0,213.783524,115.853977,94.997608,136.603865,19.124541,0.0,136.461169,19.100985,0.008807,1092.701317,133.435272,0.065367
5.21,228.760405,117.706457,95.0,215.14802,116.044937,94.997693,136.396397,19.095496,0.0,136.449596,19.095964,0.008494,1089.953328,133.104438,0.063046
5.22,230.121446,117.897002,95.0,216.512213,116.23582,94.997775,136.170248,19.063835,0.0,136.419324,19.088328,0.008192,1087.056036,132.755403,0.060807
5.23,231.480135,118.087219,95.0,217.875917,116.426601,94.997854,135.925464,19.029565,0.0,136.37036,19.078077,0.007901,1084.010042,132.388239,0.058647
5.24,232.836287,118.27708,95.0,219.238944,116.617253,94.99793,135.662097,18.992694,0.0,136.302714,19.065215,0.007621,1080.815978,132.003022,0.056565
5.25,234.189716,118.46656,95.0,220.601108,116.807751,94.998004,135.380202,18.953228,0.0,136.2164,19.049743,0.00735,1077.474509,131.599832,0.054556
5.26,235.540238,118.655633,95.0,221.962222,116.998067,94.998075,135.079837,18.911177,0.0,136.111434,19.031664,0.007089,1073.986328,131.178752,0.052618
5.27,236.887668,118.844274,95.0,223.322101,117.188177,94.998143,134.761065,18.866549,0.0,135.987838,19.010982,0.006837,1070.352163,130.739871,0.05075
5.28,238.231823,119.032455,95.0,224.680557,117.378054,94.998209,134.423952,18.819353,0.0,135.845639,18.987702,0.006594,1066.572771,130.28328,0.048948
5.29,239.57252,119.220153,95.0,226.037406,117.567672,94.998273,134.068568,18.769599,0.0,135.684864,18.961829,0.00636,1062.64894,129.809074,0.047209
5.3,240.909577,119.407341,95.0,227.392461,117.757006,94.998334,133.694988,18.717298,0.0,135.505548,18.933367,0.006134,1058.58149,129.317351,0.045533
5.31,242.242812,119.593994,95.0,228.745539,117.946029,94.998393,133.30329,18.662461,0.0,135.307727,18.902322,0.005917,1054.371272,128.808216,0.043916
5.32,243.572046,119.780086,95.0,230.096453,118.134716,94.99845,132.893556,18.605098,0.0,135.091443,18.868701,0.005706,1050.019169,128.281775,0.042356
5.33,244.897097,119.965594,95.0,231.44502,118.323041,94.998505,132.465872,18.545222,0.0,134.85674,18.832512,0.005504,1045.526093,127.738138,0.040852
5.34,246.217789,120.15049,95.0,232.791057,118.510979,94.998558,132.020328,18.482846,0.0,134.603667,18.79376,0.005308,1040.892991,127.177419,0.039401
5.35,247.533942,120.334752,95.0,234.13438,118.698504,94.99861,131.557018,18.417983,0.0,134.332277,18.752455,0.00512,1036.120837,126.599737,0.038002
5.36,248.84538,120.518353,95.0,235.474806,118.88559,94.998659,131.076039,18.350646,0.0,134.042627,18.708606,0.004938,1031.210639,126.005214,0.036653
5.37,250.151927,120.70127,95.0,236.812154,119.072212,94.998707,130.577494,18.280849,0.0,133.734776,18.66222,0.004763,1026.163435,125.393976,0.035351
5.38,251.453408,120.883477,95.0,238.146242,119.258345,94.998752,130.061487,18.208608,0.0,133.40879,18.613308,0.004593,1020.980296,124.766152,0.034095
5.39,252.749648,121.064951,95.0,239.476889,119.443964,94.998797,129.528128,18.133938,0.0,133.064737,18.561881,0.00443,1015.662322,124.121876,0.032885
5.4,254.040476,121.245667,95.0,240.803916,119.629043,94.998839,128.977531,18.056854,0.0,132.702688,18.507949,0.004273,1010.210644,123.461286,0.031717
5.41,255.32572,121.425601,95.0,242.127143,119.813558,94.998881,128.409813,17.977374,0.0,132.322721,18.451523,0.004121,1004.626428,122.784521,0.03059
5.42,256.605209,121.604729,95.0,243.446392,119.997485,94.99892,127.825094,17.895513,0.0,131.924915,18.392615,0.003975,998.910866,122.091728,0.029504
5.43,257.878774,121.783028,95.0,244.761486,120.180797,94.998959,127.223501,17.81129,0.0,131.509354,18.331238,0.003834,993.065186,121.383055,0.028456
5.44,259.146248,121.960475,95.0,246.072247,120.363471,94.998996,126.605162,17.724723,0.0,131.076126,18.267405,0.003698,987.090643,120.658655,0.027446
5.45,260.407463,122.137045,95.0,247.3785,120.545482,94.999031,125.970209,17.635829,0.0,130.625323,18.201128,0.003566,980.988527,119.918684,0.026471
5.46,261.662255,122.312716,95.0,248.680071,120.726806,94.999066,125.318781,17.544629,0.0,130.15704,18.132423,0.00344,974.760157,119.163302,0.025531
5.47,262.910459,122.487464,95.0,249.976785,120.90742,94.999099,124.651017,17.451142,0.0,129.671377,18.061304,0.003317,968.406883,118.392674,0.024624
5.48,264.151914,122.661268,95.0,251.268469,121.087297,94.999131,123.967062,17.355389,0.0,129.168438,17.987786,0.0032,961.930088,117.606968,0.02375
5.49,265.386458,122.834104,95.0,252.554952,121.266416,94.999162,123.267065,17.257389,0.0,128.648329,17.911885,0.003086,955.331185,116.806355,0.022906
5.5,266.613932,123.00595,95.0,253.836064,121.444752,94.999192,122.551178,17.157165,0.0,128.111162,17.833617,0.002976,948.611619,115.99101,0.022093
5.51,267.834178,123.176785,95.0,255.111634,121.622282,94.99922,121.819557,17.054738,0.0,127.557053,17.752998,0.002871,941.772864,115.161114,0.021308
5.52,269.047039,123.346586,95.0,256.381496,121.798983,94.999248,121.072363,16.950131,0.0,126.986119,17.670047,0.002769,934.816428,114.31685,0.020552
5.53,270.252362,123.515331,95.0,257.64548,121.974831,94.999275,120.309761,16.843366,0.0,126.398485,17.584781,0.00267,927.743849,113.458404,0.019822
5.54,271.449992,123.682999,95.0,258.903423,122.149803,94.9993,119.531917,16.734468,0.0,125.794277,17.497219,0.002576,920.556697,112.585967,0.019118
5.55,272.639779,123.849569,95.0,260.15516,122.323877,94.999325,118.739004,16.623461,0.0,125.173626,17.407379,0.002484,913.256572,111.699735,0.018439
5.56,273.821572,124.01502,95.0,261.400526,122.497029,94.999349,117.931198,16.510368,0.0,124.536667,17.315281,0.002396,905.845105,110.799905,0.017784
5.57,274.995225,124.179331,95.0,262.639362,122.669239,94.999372,117.108679,16.395215,0.0,123.883538,17.220945,0.002311,898.323961,109.886681,0.017153
5.58,276.16059,124.342483,95.0,263.871505,122.840483,94.999395,116.271631,16.278028,0.0,123.214381,17.124392,0.002229,890.694833,108.960267,0.016544
5.59,277.317525,124.504453,95.0,265.096799,123.010739,94.999416,115.420241,16.158834,0.0,122.529344,17.025643,0.00215,882.959446,108.020875,0.015956
5.6,278.465886,124.665224,95.0,266.315085,123.179986,94.999437,114.5547,16.037658,0.0,121.828576,16.92472,0.002073,875.119558,107.068718,0.015389
5.61,279.605533,124.824775,95.0,267.526207,123.348203,94.999457,113.675205,15.914529,0.0,121.112232,16.821645,0.002,867.176957,106.104014,0.014843
5.62,280.736328,124.983086,95.0,268.730012,123.515367,94.999476,112.781954,15.789474,0.0,120.380469,16.71644,0.001929,859.133462,105.126984,0.014316
5.63,281.858135,125.140139,95.0,269.926346,123.681459,94.999495,111.875151,15.662521,0.0,119.63345,16.60913,0.00186,850.990923,104.137853,0.013807
5.64,282.970818,125.295915,95.0,271.11506,123.846456,94.999513,110.955003,15.5337,0.0,118.871341,16.499738,0.001794,842.751222,103.136851,0.013317
5.65,284.074247,125.450395,95.0,272.296003,124.010339,94.99953,110.021721,15.403041,0.0,118.094311,16.388288,0.00173,834.416271,102.124211,0.012844
5.66,285.168291,125.603561,95.0,273.469028,124.173087,94.999547,109.07552,15.270573,0.0,117.302535,16.274806,0.001669,825.988016,101.10017,0.012388
5.67,286.252821,125.755395,95.0,274.63399,124.33468,94.999563,108.116619,15.136327,0.0,116.496189,16.159317,0.00161,817.468431,100.064967,0.011948
5.68,287.327713,125.90588,95.0,275.790744,124.495099,94.999578,107.14524,15.000334,0.0,115.675456,16.041848,0.001553,808.859523,99.018848,0.011524
5.69,288.392843,126.054998,95.0,276.93915,124.654323,94.999593,106.161612,14.862626,0.0,114.840521,15.922424,0.001497,800.16333,97.962061,0.011114
5.7,289.448089,126.202732,95.0,278.079065,124.812334,94.999608,105.165963,14.723235,0.0,113.991572,15.801073,0.001444,791.381921,96.894858,0.01072
5.71,290.493332,126.349067,95.0,279.210353,124.969112,94.999622,104.158529,14.582194,0.0,113.128804,15.677823,0.001393,782.517397,95.817494,0.010339
5.72,291.528457,126.493984,95.0,280.332878,125.124639,94.999635,103.139549,14.439537,0.0,112.252414,15.552702,0.001343,773.571888,94.73023,0.009972
5.73,292.553349,126.637469,95.0,281.446504,125.278896,94.999648,102.109264,14.295297,0.0,111.362602,15.425738,0.001296,764.547557,93.633329,0.009618
5.74,293.567897,126.779506,95.0,282.551099,125.431866,94.999661,101.06792,14.149509,0.0,110.459574,15.296962,0.00125,755.4466,92.527059,0.009276
5.75,294.57199,126.920079,95.0,283.646535,125.58353,94.999673,100.015769,14.002208,0.0,109.543539,15.166404,0.001205,746.27124,91.411691,0.008947
5.76,295.565523,127.059173,95.0,284.732682,125.733871,94.999684,98.953064,13.853429,0.0,108.614708,15.034093,0.001163,737.023734,90.287499,0.008629
5.77,296.548392,127.196775,95.0,285.809415,125.882871,94.999695,97.880062,13.703209,0.0,107.673299,14.90006,0.001121,727.70637,89.154763,0.008323
5.78,297.520494,127.332869,95.0,286.87661,126.030515,94.999706,96.797027,13.551584,0.0,106.719533,14.764338,0.001081,718.321467,88.013766,0.008027
5.79,298.481732,127.467442,95.0,287.934146,126.176784,94.999717,95.704224,13.398591,0.0,105.753634,14.626958,0.001043,708.871376,86.864793,0.007742
5.8,299.432008,127.600481,95.0,288.981905,126.321664,94.999727,94.601922,13.244269,0.0,104.77583,14.487954,0.001006,699.358476,85.708136,0.007467
5.81,300.37123,127.731972,95.0,290.019768,126.465137,94.999736,93.490395,13.088655,0.0,103.786354,14.347357,0.00097,689.785182,84.544088,0.007202
5.82,301.299306,127.861903,95.0,291.047623,126.607189,94.999746,92.369921,12.931789,0.0,102.785441,14.205202,0.000936,680.153937,83.372948,0.006946
5.83,302.216148,127.990261,95.0,292.065356,126.747805,94.999755,91.240781,12.773709,0.0,101.773332,14.061524,0.000903,670.467215,82.195016,0.006699
5.84,303.121673,128.117034,95.0,293.072859,126.886968,94.999764,90.103261,12.614457,0.0,100.750271,13.916357,0.000871,660.727524,81.0106,0.006462
5.85,304.015796,128.242211,95.0,294.070024,127.024666,94.999772,88.957649,12.454071,0.0,99.716506,13.769736,0.00084,650.937401,79.820009,0.006232
5.86,304.89844,128.365782,95.0,295.056747,127.160883,94.99978,87.80424,12.292594,0.0,98.672289,13.621698,0.00081,641.099415,78.623555,0.006011
5.87,305.769526,128.487734,95.0,296.032925,127.295605,94.999788,86.643329,12.130066,0.0,97.617874,13.472278,0.000781,631.216165,77.421556,0.005797
5.88,306.628983,128.608058,95.0,296.998461,127.428821,94.999795,85.475219,11.966531,0.0,96.553523,13.321515,0.000753,621.290283,76.214333,0.005591
5.89,307.47674,128.726744,95.0,297.953256,127.560515,94.999803,84.300214,11.80203,0.0,95.479498,13.169445,0.000727,611.324432,75.00221,0.005393
5.9,308.312729,128.843782,95.0,298.897216,127.690676,94.99981,83.118622,11.636607,0.0,94.396067,13.016107,0.000701,601.321304,73.785517,0.005201
5.91,309.136886,128.959164,95.0,299.830251,127.819291,94.999816,81.930757,11.470306,0.0,93.303501,12.861539,0.000676,591.283626,72.564585,0.005017
5.92,309.949151,129.072881,95.0,300.752272,127.946349,94.999823,80.736935,11.303171,0.0,92.202075,12.70578,0.000652,581.214153,71.339752,0.004838
5.93,310.749464,129.184925,95.0,301.663193,128.071838,94.999829,79.537477,11.135247,0.0,91.092069,12.548871,0.000629,571.115672,70.111356,0.004667
5.94,311.537772,129.295288,95.0,302.56293,128.195746,94.999835,78.332707,10.966579,0.0,89.973765,12.390851,0.000606,560.991003,68.879742,0.004501
5.95,312.314024,129.403963,95.0,303.451405,128.318064,94.999841,77.122954,10.797214,0.0,88.847451,12.231762,0.000585,550.842994,67.645258,0.004341
5.96,313.07817,129.510944,95.0,304.328539,128.438781,94.999847,75.908549,10.627197,0.0,87.713417,12.071645,0.000564,540.674528,66.408256,0.004187
5.97,313.830166,129.616223,95.0,305.194259,128.557886,94.999852,74.68983,10.456576,0.0,86.571958,11.910541,0.000544,530.488517,65.16909,0.004038
5.98,314.569971,129.719796,95.0,306.048492,128.675371,94.999857,73.467135,10.285399,0.0,85.423373,11.748494,0.000525,520.287903,63.92812,0.003895
5.99,315.297548,129.821657,95.0,306.891172,128.791226,94.999863,72.24081,10.113713,0.0,84.267964,11.585546,0.000506,510.075662,62.685709,0.003757
6.0,316.01286,129.9218,95.0,307.722232,128.905444,94.999867,71.011202,9.941568,0.0,83.106038,11.421741,0.000488,499.8548,61.442223,0.003623
6.01,316.715878,130.020223,95.0,308.541611,129.018015,94.999872,69.778662,9.769013,0.0,81.937905,11.257123,0.000471,489.628354,60.198034,0.003494
6.02,317.406573,130.11692,95.0,309.34925,129.128932,94.999877,68.543547,9.596097,0.0,80.76388,11.091737,0.000454,479.399393,58.953516,0.00337
6.03,318.084923,130.211889,95.0,310.145093,129.238189,94.999881,67.306216,9.42287,0.0,79.584279,10.925628,0.000438,469.171016,57.709048,0.003251
6.04,318.750906,130.305127,95.0,310.929087,129.345777,94.999885,66.067033,9.249385,0.0,78.399427,10.758841,0.000422,458.946354,56.465011,0.003135
6.05,319.404506,130.396631,95.0,311.701184,129.451691,94.999889,64.826366,9.075691,0.0,77.209648,10.591424,0.000407,448.728569,55.221792,0.003024
6.06,320.04571,130.486399,95.0,312.461337,129.555926,94.999893,63.584584,8.901842,0.0,76.015272,10.423422,0.000393,438.520856,53.979779,0.002916
6.07,320.674508,130.574431,95.0,313.209503,129.658474,94.999897,62.342065,8.727889,0.0,74.816634,10.254884,0.000379,428.326438,52.739368,0.002813
6.08,321.290896,130.660725,95.0,313.945644,129.759333,94.999901,61.099186,8.553886,0.0,73.614071,10.085857,0.000366,418.148571,51.500956,0.002713
6.09,321.894871,130.745282,95.0,314.669723,129.858497,94.999904,59.856332,8.379886,0.0,72.407924,9.91639,0.000353,407.990542,50.264943,0.002617
6.1,322.486436,130.828101,95.0,315.381708,129.955962,94.999908,58.613889,8.205944,0.0,71.198539,9.746532,0.00034,397.85567,49.031735,0.002524
6.11,323.065596,130.909183,95.0,316.081571,130.051725,94.999911,57.372247,8.032115,0.0,69.986266,9.576332,0.000328,387.747305,47.801741,0.002434
6.12,323.632362,130.988531,95.0,316.769285,130.145784,94.999914,56.131803,7.858452,0.0,68.771457,9.405841,0.000316,377.668826,46.575374,0.002348
6.13,324.186748,131.066145,95.0,317.44483,130.238135,94.999917,54.892954,7.685014,0.0,67.55447,9.235109,0.000305,367.623647,45.35305,0.002264
6.14,324.728772,131.142028,95.0,318.108187,130.328777,94.99992,53.656104,7.511855,0.0,66.335667,9.064187,0.000294,357.61521,44.13519,0.002184
6.15,325.258455,131.216184,95.0,318.759341,130.417708,94.999923,52.421658,7.339032,0.0,65.115411,8.893128,0.000284,347.64699,42.922218,0.002106
6.16,325.775823,131.288615,95.0,319.398282,130.504928,94.999926,51.190027,7.166604,0.0,63.894072,8.721984,0.000274,337.722493,41.714561,0.002032
6.17,326.280908,131.359327,95.0,320.025002,130.590436,94.999928,49.961626,6.994628,0.0,62.672024,8.550807,0.000264,327.845255,40.512653,0.001959
6.18,326.773742,131.428324,95.0,320.639498,130.674233,94.999931,48.736873,6.823162,0.0,61.449641,8.379651,0.000255,318.018844,39.316928,0.00189
6.19,327.254366,131.495611,95.0,321.241771,130.756318,94.999933,47.51619,6.652267,0.0,60.227306,8.20857,0.000246,308.246861,38.127827,0.001823
6.2,327.722821,131.561195,95.0,321.831825,130.836694,94.999936,46.300002,6.482,0.0,59.005403,8.037618,0.000237,298.532936,36.945792,0.001758
6.21,328.179154,131.625082,95.0,322.409669,130.915363,94.999938,45.088742,6.312424,0.0,57.784319,7.866851,0.000228,288.88073,35.771271,0.001696
6.22,328.623417,131.687278,95.0,322.975313,130.992326,94.99994,43.882841,6.143598,0.0,56.564449,7.696324,0.00022,279.293937,34.604715,0.001635
6.23,329.055666,131.747793,95.0,323.528775,131.067587,94.999942,42.682737,5.975583,0.0,55.346187,7.526093,0.000212,269.776281,33.446579,0.001577
6.24,329.47596,131.806634,95.0,324.070074,131.141149,94.999944,41.488874,5.808442,0.0,54.129933,7.356215,0.000205,260.331517,32.297321,0.001521
6.25,329.884365,131.863811,95.0,324.599235,131.213017,94.999946,40.301696,5.642237,0.0,52.916093,7.186748,0.000198,250.963434,31.157404,0.001467
6.26,330.280948,131.919333,95.0,325.116286,131.283194,94.999948,39.121652,5.477031,0.0,51.705074,7.017748,0.000191,241.675847,30.027295,0.001415
6.27,330.665785,131.97321,95.0,325.621259,131.351687,94.99995,37.949197,5.312888,0.0,50.497287,6.849275,0.000184,232.472607,28.907463,0.001365
6.28,331.038952,132.025453,95.0,326.11419,131.418501,94.999952,36.784787,5.14987,0.0,49.293149,6.681387,0.000177,223.357595,27.798382,0.001316
6.29,331.400533,132.076075,95.0,326.595121,131.483642,94.999954,35.628884,4.988044,0.0,48.093079,6.514144,0.000171,214.334721,26.700531,0.00127
6.3,331.750615,132.125086,95.0,327.064096,131.547118,94.999955,34.481953,4.827473,0.0,46.897501,6.347606,0.000165,205.40793,25.614391,0.001225
6.31,332.089289,132.1725,95.0,327.521165,131.608937,94.999957,33.344464,4.668225,0.0,45.706843,6.181832,0.000159,196.581194,24.540447,0.001181
6.32,332.416652,132.218331,95.0,327.96638,131.669105,94.999958,32.216888,4.510364,0.0,44.521535,6.016885,0.000153,187.85852,23.479189,0.001139
6.33,332.732806,132.262593,95.0,328.3998,131.727634,94.99996,31.099704,4.353959,0.0,43.342012,5.852826,0.000148,179.243944,22.431109,0.001099
6.34,333.037857,132.3053,95.0,328.821487,131.784531,94.999961,29.993391,4.199075,0.0,42.168715,5.689717,0.000143,170.741535,21.396706,0.00106
6.35,333.331916,132.346468,95.0,329.231508,131.839807,94.999963,28.898435,4.045781,0.0,41.002086,5.527621,0.000138,162.35539,20.376478,0.001022
6.36,333.615099,132.386114,95.0,329.629934,131.893473,94.999964,27.815324,3.894145,0.0,39.842573,5.366601,0.000133,154.089641,19.370933,0.000986
6.37,333.887526,132.424254,95.0,330.01684,131.94554,94.999965,26.744551,3.744237,0.0,38.690625,5.206721,0.000128,145.948449,18.380576,0.000951
6.38,334.149323,132.460905,95.0,330.392307,131.996021,94.999966,25.686612,3.596126,0.0,37.546699,5.048045,0.000124,137.936007,17.405922,0.000917
6.39,334.400621,132.496087,95.0,330.756419,132.044927,94.999968,24.642008,3.449881,0.0,36.411252,4.890638,0.000119,130.056538,16.447485,0.000884
6.4,334.641555,132.529818,95.0,331.109267,132.092273,94.999969,23.611243,3.305574,0.0,35.284747,4.734566,0.000115,122.314299,15.505786,0.000853
6.41,334.872267,132.562117,95.0,331.450943,132.138072,94.99997,22.594825,3.163275,0.0,34.167651,4.579894,0.000111,114.713576,14.581349,0.000823
6.42,335.092902,132.593006,95.0,331.781548,132.182339,94.999971,21.593265,3.023057,0.0,33.060434,4.426689,0.000107,107.258686,13.674701,0.000793
6.43,335.303611,132.622505,95.0,332.101184,132.225089,94.999972,20.607082,2.884991,0.0,31.963571,4.275019,0.000103,99.953979,12.786373,0.000765
6.44,335.50455,132.650637,95.0,332.409959,132.266338,94.999973,19.636793,2.749151,0.0,30.877539,4.12495,9.9e-05,92.803834,11.916902,0.000738
6.45,335.69588,132.677423,95.0,332.707987,132.306104,94.999974,18.682923,2.615609,0.0,29.802821,3.976552,9.6e-05,85.812663,11.066824,0.000712
6.46,335.877769,132.702888,95.0,332.995386,132.344403,94.999975,17.745999,2.48444,0.0,28.739904,3.829892,9.3e-05,78.984909,10.236685,0.000687
6.47,336.050388,132.727054,95.0,333.272279,132.381253,94.999976,16.826554,2.355718,0.0,27.689276,3.68504,8.9e-05,72.325045,9.427029,0.000662
6.48,336.213913,132.749948,95.0,333.538793,132.416674,94.999977,15.925123,2.229517,0.0,26.651432,3.542066,8.6e-05,65.837577,8.638409,0.000639
6.49,336.368529,132.771594,95.0,333.795062,132.450684,94.999977,15.042245,2.105914,0.0,25.626869,3.40104,8.3e-05,59.527041,7.871377,0.000616
6.5,336.514423,132.792019,95.0,334.041223,132.483305,94.999978,14.178463,1.984985,0.0,24.616089,3.262034,8e-05,53.398005,7.126493,0.000594
6.51,336.651788,132.81125,95.0,334.277419,132.514556,94.999979,13.334326,1.866806,0.0,23.619598,3.125118,7.7e-05,47.455067,6.404318,0.000573
6.52,336.780823,132.829315,95.0,334.503798,132.544459,94.99998,12.510383,1.751454,0.0,22.637905,2.990364,7.4e-05,41.702858,5.705418,0.000553
6.53,336.901733,132.846243,95.0,334.720513,132.573038,94.99998,11.707191,1.639007,0.0,21.671524,2.857846,7.2e-05,36.146038,5.030363,0.000533
6.54,337.014727,132.862062,95.0,334.927723,132.600314,94.999981,10.925308,1.529543,0.0,20.720971,2.727636,6.9e-05,30.789301,4.379726,0.000514
6.55,337.120022,132.876803,95.0,335.12559,132.626312,94.999982,10.165297,1.423142,0.0,19.786769,2.599808,6.7e-05,25.637369,3.754085,0.000496
6.56,337.217838,132.890497,95.0,335.314285,132.651057,94.999982,9.427724,1.319881,0.0,18.869441,2.474436,6.4e-05,20.694999,3.15402,0.000478
6.57,337.308403,132.903176,95.0,335.49398,132.674573,94.999983,8.713162,1.219843,0.0,17.969517,2.351595,6.2e-05,15.966976,2.580117,0.000461
6.58,337.391948,132.914873,95.0,335.664855,132.696886,94.999984,8.022184,1.123106,0.0,17.087531,2.23136,6e-05,11.458117,2.032964,0.000445
6.59,337.468714,132.92562,95.0,335.827096,132.718024,94.999984,7.355368,1.029752,0.0,16.224017,2.113807,5.8e-05,7.173272,1.513154,0.000429
6.6,337.538943,132.935452,95.0,335.980891,132.738014,94.999985,6.713298,0.939862,0.0,15.379519,1.999012,5.6e-05,3.11732,1.021283,0.000414
6.61,337.602886,132.944404,95.0,336.126437,132.756885,94.999985,6.09656,0.853518,0.0,14.554579,1.887053,5.4e-05,-0.704828,0.557952,0.000399
6.62,337.660799,132.952512,95.0,336.263934,132.774665,94.999986,5.505743,0.770804,0.0,13.749746,1.778006,5.2e-05,-4.288229,0.123764,0.000385
6.63,337.712943,132.959812,95.0,336.39359,132.791385,94.999986,4.941442,0.691802,0.0,12.965574,1.67195,5e-05,-7.62791,-0.280672,0.000371
6.64,337.759587,132.966342,95.0,336.515616,132.807074,94.999987,4.404256,0.616596,0.0,12.202617,1.568964,4.8e-05,-10.718866,-0.654744,0.000358
6.65,337.801004,132.972141,95.0,336.63023,132.821765,94.999987,3.894786,0.54527,0.0,11.461437,1.469125,4.7e-05,-13.55606,-0.997838,0.000345
6.66,337.837473,132.977246,95.0,336.737656,132.835491,94.999988,3.413638,0.477909,0.0,10.742598,1.372515,4.5e-05,-16.134427,-1.309334,0.000333
6.67,337.869282,132.981699,95.0,336.838123,132.848283,94.999988,2.961422,0.414599,0.0,10.046667,1.279213,4.3e-05,-18.448866,-1.588608,0.000321
6.68,337.896722,132.985541,95.0,336.931865,132.860176,94.999989,2.538751,0.355425,0.0,9.374216,1.189301,4.2e-05,-20.494249,-1.835034,0.00031
6.69,337.92009,132.988813,95.0,337.019123,132.871204,94.999989,2.146244,0.300474,0.0,8.725822,1.102858,4e-05,-22.265414,-2.047981,0.000299
6.7,337.939692,132.991557,95.0,337.100144,132.881404,94.999989,1.784522,0.249833,0.0,8.102064,1.019968,3.9e-05,-23.757169,-2.226813,0.000288
6.71,337.955838,132.993817,95.0,337.175179,132.890811,94.99999,1.45421,0.203589,0.0,7.503525,0.940713,3.7e-05,-24.964291,-2.370893,0.000278
6.72,337.968844,132.995638,95.0,337.244487,132.899463,94.99999,1.155937,0.161831,0.0,6.930794,0.865175,3.6e-05,-25.881524,-2.479579,0.000268
6.73,337.979035,132.997065,95.0,337.308332,132.907397,94.999991,0.890338,0.124647,0.0,6.384461,0.793437,3.5e-05,-26.503584,-2.552223,0.000259
6.74,337.986738,132.998143,95.0,337.366983,132.914653,94.999991,0.658049,0.092127,0.0,5.865122,0.725585,3.4e-05,-26.825153,-2.588177,0.000249
6.75,337.992291,132.998921,95.0,337.420717,132.92127,94.999991,0.459711,0.064359,0.0,5.373376,0.661703,3.2e-05,-26.840883,-2.586785,0.000241
6.76,337.996036,132.999445,95.0,337.469815,132.927289,94.999992,0.295969,0.041436,0.0,4.909827,0.601875,3.1e-05,-26.545393,-2.547392,0.000232
6.77,337.99832,132.999765,95.0,337.514566,132.932751,94.999992,0.167472,0.023446,0.0,4.475081,0.546188,3e-05,-25.933274,-2.469334,0.000224
6.78,337.9995,132.99993,95.0,337.555263,132.937698,94.999992,0.074873,0.010482,0.0,4.069749,0.494728,2.9e-05,-24.999083,-2.351948,0.000216
6.79,337.999937,132.999991,95.0,337.592208,132.942174,94.999992,0.018829,0.002636,0.0,3.694447,0.447581,2.8e-05,-23.737347,-2.194563,0.000208
6.8,338.0,133.0,95.0,337.625706,132.946222,94.999993,0.0,0.0,0.0,3.349793,0.404834,2.7e-05,-22.142561,-1.996507,0.000201
6.81,338.0,133.0,95.0,337.65607,132.949888,94.999993,0.0,0.0,0.0,3.036409,0.366576,2.6e-05,-20.209189,-1.757103,0.000194
6.82,338.0,133.0,95.0,337.683612,132.953216,94.999993,0.0,0.0,0.0,2.754256,0.332779,2.5e-05,-18.031721,-1.489678,0.000187
6.83,338.0,133.0,95.0,337.708619,132.956245,94.999993,0.0,0.0,0.0,2.500677,0.302959,2.4e-05,-16.002826,-1.248937,0.00018
6.84,338.0,133.0,95.0,337.731346,132.959011,94.999994,0.0,0.0,0.0,2.272643,0.276586,2.3e-05,-14.19968,-1.044006,0.000174
6.85,338.0,133.0,95.0,337.75202,132.961543,94.999994,0.0,0.0,0.0,2.067453,0.253205,2.3e-05,-12.597285,-0.869685,0.000168
6.86,338.0,133.0,95.0,337.770847,132.963867,94.999994,0.0,0.0,0.0,1.8827,0.232422,2.2e-05,-11.173405,-0.721525,0.000162
6.87,338.0,133.0,95.0,337.788009,132.966006,94.999994,0.0,0.0,0.0,1.716234,0.213899,2.1e-05,-9.908262,-0.595718,0.000156
6.88,338.0,133.0,95.0,337.803671,132.96798,94.999994,0.0,0.0,0.0,1.56614,0.197347,2e-05,-8.784263,-0.489004,0.00015
6.89,338.0,133.0,95.0,337.817978,132.969805,94.999995,0.0,0.0,0.0,1.430707,0.182513,2e-05,-7.785761,-0.398594,0.000145
6.9,338.0,133.0,95.0,337.831062,132.971497,94.999995,0.0,0.0,0.0,1.308411,0.169183,1.9e-05,-6.898839,-0.322102,0.00014
6.91,338.0,133.0,95.0,337.843041,132.973069,94.999995,0.0,0.0,0.0,1.197888,0.157168,1.8e-05,-6.111118,-0.257486,0.000135
6.92,338.0,133.0,95.0,337.85402,132.974532,94.999995,0.0,0.0,0.0,1.097923,0.146308,1.8e-05,-5.411588,-0.203,0.00013
6.93,338.0,133.0,95.0,337.864094,132.975896,94.999995,0.0,0.0,0.0,1.007431,0.136464,1.7e-05,-4.790457,-0.157149,0.000126
6.94,338.0,133.0,95.0,337.873349,132.977171,94.999996,0.0,0.0,0.0,0.925441,0.127515,1.6e-05,-4.239018,-0.118657,0.000121
6.95,338.0,133.0,95.0,337.88186,132.978365,94.999996,0.0,0.0,0.0,0.851088,0.119356,1.6e-05,-3.749524,-0.086431,0.000117
6.96,338.0,133.0,95.0,337.889696,132.979484,94.999996,0.0,0.0,0.0,0.783596,0.111897,1.5e-05,-3.315089,-0.059537,0.000113
6.97,338.0,133.0,95.0,337.896918,132.980535,94.999996,0.0,0.0,0.0,0.722273,0.10506,1.5e-05,-2.929586,-0.037176,0.000109
6.98,338.0,133.0,95.0,337.903583,132.981522,94.999996,0.0,0.0,0.0,0.666502,0.098776,1.4e-05,-2.58757,-0.018667,0.000105
6.99,338.0,133.0,95.0,337.909741,132.982452,94.999996,0.0,0.0,0.0,0.615727,0.092986,1.4e-05,-2.284196,-0.003427,0.000101
7.0,338.0,133.0,95.0,337.915435,132.983329,94.999996,0.0,0.0,-0.0,0.569454,0.087637,1.3e-05,-2.015156,0.009042,9.7e-05
7.01,338.0,133.0,94.99955,337.920708,132.984155,94.999997,0.0,0.0,-0.135277,0.527239,0.082684,1.3e-05,-1.776622,0.019165,9.4e-05
7.02,338.0,133.0,94.996447,337.925594,132.984936,94.999879,0.0,0.0,-0.531818,0.488685,0.078089,-0.011799,-1.565188,0.027304,-0.94484
7.03,338.0,133.0,94.988162,337.930129,132.985674,94.998986,0.0,0.0,-1.175872,0.453436,0.073815,-0.089252,-1.377826,0.033769,-6.314217
7.04,338.0,133.0,94.972305,337.934341,132.986373,94.996222,0.0,0.0,-2.053925,0.421174,0.069833,-0.276423,-1.211844,0.038824,-15.866167
7.05,338.0,133.0,94.946616,337.938257,132.987034,94.990231,0.0,0.0,-3.152708,0.391612,0.066115,-0.599092,-1.06485,0.042693,-28.577727
7.06,338.0,133.0,94.908967,337.941902,132.98766,94.979519,0.0,0.0,-4.459192,0.364495,0.062638,-1.071175,-0.934716,0.045568,-43.757576
7.07,338.0,133.0,94.857358,337.945298,132.988254,94.96253,0.0,0.0,-5.960589,0.339591,0.059381,-1.698897,-0.81955,0.047612,-60.929486
7.08,338.0,133.0,94.789915,337.948464,132.988817,94.937695,0.0,0.0,-7.644352,0.316695,0.056325,-2.483495,-0.717673,0.048964,-79.756824
7.09,338.0,133.0,94.704888,337.951421,132.989352,94.903465,0.0,0.0,-9.498177,0.295621,0.053454,-3.422978,-0.627589,0.049742,-99.993643
7.1,338.0,133.0,94.600646,337.954183,132.989859,94.858333,0.0,0.0,-11.509998,0.276201,0.050753,-4.513269,-0.54797,0.050045,-121.45302
7.11,338.0,133.0,94.47568,337.956766,132.990341,94.800843,0.0,0.0,-13.667995,0.258286,0.048208,-5.748942,-0.477637,0.04996,-143.986551
7.12,338.0,133.0,94.328593,337.959183,132.9908,94.729606,0.0,0.0,-15.960585,0.241741,0.045809,-7.123713,-0.415542,0.049556,-167.471087
7.13,338.0,133.0,94.158106,337.961447,132.991235,94.643299,0.0,0.0,-18.376428,0.226443,0.043545,-8.630751,-0.360751,0.048897,-191.800161
7.14,338.0,133.0,93.963049,337.96357,132.991649,94.54067,0.0,0.0,-20.904425,0.212283,0.041405,-10.262888,-0.312438,0.048032,-216.878446
7.15,338.0,133.0,93.742362,337.965562,132.992043,94.420542,0.0,0.0,-23.533719,0.199162,0.039381,-12.012754,-0.269866,0.047006,-242.618188
7.16,338.0,133.0,93.495092,337.967432,132.992418,94.281814,0.0,0.0,-26.253694,0.186991,0.037466,-13.872871,-0.232383,0.045854,-268.936904
7.17,338.0,133.0,93.220388,337.969189,132.992774,94.123456,0.0,0.0,-29.053974,0.175689,0.035652,-15.835711,-0.199408,0.044608,-295.755917
7.18,338.0,133.0,92.917505,337.97084,132.993113,93.944519,0.0,0.0,-31.924427,0.165183,0.033933,-17.89374,-0.170425,0.043293,-322.999414
7.19,338.0,133.0,92.585793,337.972395,132.993436,93.744125,0.0,0.0,-34.855158,0.155406,0.032303,-20.039446,-0.144977,0.041931,-350.593857
7.2,338.0,133.0,92.224702,337.973858,132.993744,93.521471,0.0,0.0,-37.836518,0.1463,0.030757,-22.26536,-0.122659,0.040538,-378.467615
7.21,338.0,133.0,91.833777,337.975236,132.994037,93.27583,0.0,0.0,-40.859097,0.13781,0.029289,-24.564074,-0.103108,0.039131,-406.550738
7.22,338.0,133.0,91.412653,337.976535,132.994316,93.006548,0.0,0.0,-43.913725,0.129887,0.027895,-26.92825,-0.086005,0.037721,-434.774827
7.23,338.0,133.0,90.961056,337.977759,132.994582,92.713041,0.0,0.0,-46.991476,0.122486,0.02657,-29.350631,-0.071066,0.036318,-463.072965
7.24,338.0,133.0,90.4788,337.978915,132.994835,92.394801,0.0,0.0,-50.083663,0.115566,0.025311,-31.824048,-0.058039,0.03493,-491.379679
7.25,338.0,133.0,89.965784,337.980006,132.995076,92.051387,0.0,0.0,-53.181842,0.109092,0.024114,-34.341429,-0.046699,0.033563,-519.630935
7.26,338.0,133.0,89.421989,337.981036,132.995306,91.682429,0.0,0.0,-56.27781,0.103028,0.022976,-36.895802,-0.036849,0.032224,-547.764144
7.27,338.0,133.0,88.847476,337.98201,132.995524,91.287626,0.0,0.0,-59.363603,0.097344,0.021894,-39.480304,-0.028313,0.030915,-575.718178
7.28,338.0,133.0,88.242386,337.98293,132.995733,90.866744,0.0,0.0,-62.431502,0.092013,0.020863,-42.088183,-0.020935,0.02964,-603.433388
7.29,338.0,133.0,87.606934,337.9838,132.995932,90.419616,0.0,0.0,-65.474026,0.087008,0.019883,-44.712806,-0.014577,0.028401,-630.851636
7.3,338.0,133.0,86.941408,337.984623,132.996121,89.946139,0.0,0.0,-68.483937,0.082307,0.01895,-47.347659,-0.009115,0.0272,-657.916315
7.31,338.0,133.0,86.246167,337.985402,132.996302,89.446276,0.0,0.0,-71.454239,0.077888,0.018061,-49.986356,-0.004443,0.026038,-684.572379
7.32,338.0,133.0,85.521638,337.986139,132.996474,88.920049,0.0,0.0,-74.378174,0.073731,0.017216,-52.622642,-0.000463,0.024915,-710.766375
7.33,338.0,133.0,84.768314,337.986837,132.996638,88.367545,0.0,0.0,-77.24923,0.069818,0.01641,-55.250392,0.002909,0.023832,-736.446461
7.34,338.0,133.0,83.986753,337.987499,132.996795,87.788909,0.0,0.0,-80.061132,0.066132,0.015643,-57.863624,0.005748,0.022789,-761.562442
7.35,338.0,133.0,83.177572,337.988125,132.996944,87.184344,0.0,0.0,-82.807848,0.06266,0.014912,-60.456493,0.008122,0.021785,-786.06579
7.36,338.0,133.0,82.341447,337.988719,132.997086,86.554111,0.0,0.0,-85.483589,0.059385,0.014215,-63.023302,0.010088,0.02082,-809.909675
7.37,338.0,133.0,81.479113,337.989282,132.997222,85.898526,0.0,0.0,-88.082803,0.056296,0.013552,-65.558502,0.011699,0.019893,-833.048984
7.38,338.0,133.0,80.591355,337.989816,132.997351,85.217959,0.0,0.0,-90.600185,0.05338,0.01292,-68.056694,0.013,0.019003,-855.440349
7.39,338.0,133.0,79.679012,337.990322,132.997474,84.512833,0.0,0.0,-93.030665,0.050627,0.012317,-70.512634,0.014033,0.01815,-877.042166
7.4,338.0,133.0,78.742973,337.990802,132.997591,83.78362,0.0,0.0,-95.36942,0.048025,0.011743,-72.921237,0.014832,0.017332,-897.814625
7.41,338.0,133.0,77.78417,337.991258,132.997703,83.030845,0.0,0.0,-97.611864,0.045567,0.011196,-75.277579,0.01543,0.016548,-917.719721
7.42,338.0,133.0,76.803583,337.99169,132.99781,82.255076,0.0,0.0,-99.753654,0.043242,0.010675,-77.576898,0.015854,0.015798,-936.721285
7.43,338.0,133.0,75.802233,337.992101,132.997912,81.45693,0.0,0.0,-101.79069,0.041044,0.010178,-79.814598,0.016128,0.01508,-954.784997
7.44,338.0,133.0,74.781179,337.992491,132.998009,80.637067,0.0,0.0,-103.71911,0.038963,0.009704,-81.986254,0.016274,0.014394,-971.878408
7.45,338.0,133.0,73.74152,337.99286,132.998101,79.796191,0.0,0.0,-105.535295,0.036994,0.009252,-84.087609,0.016311,0.013737,-987.97096
7.46,338.0,133.0,72.684386,337.993212,132.99819,78.935045,0.0,0.0,-107.235867,0.035129,0.008822,-86.114583,0.016256,0.013109,-1003.034
7.47,338.0,133.0,71.610944,337.993545,132.998274,78.054412,0.0,0.0,-108.81769,0.033363,0.008411,-88.06327,0.016122,0.012508,-1017.040802
7.48,338.0,133.0,70.522386,337.993862,132.998354,77.155113,0.0,0.0,-110.277868,0.03169,0.00802,-89.929943,0.015922,0.011935,-1029.966582
7.49,338.0,133.0,69.419936,337.994163,132.99843,76.238002,0.0,0.0,-111.613748,0.030104,0.007647,-91.711057,0.015669,0.011387,-1041.788511
7.5,338.0,133.0,68.304841,337.994449,132.998503,75.30397,0.0,0.0,-112.822916,0.028601,0.007292,-93.403247,0.01537,0.010863,-1052.485738
7.51,338.0,133.0,67.178369,337.994721,132.998573,74.353937,0.0,0.0,-113.903201,0.027176,0.006953,-95.003333,0.015036,0.010363,-1062.039397
7.52,338.0,133.0,66.041813,337.994979,132.998639,73.388853,0.0,0.0,-114.852673,0.025824,0.00663,-96.508324,0.014672,0.009886,-1070.432627
7.53,338.0,133.0,64.896479,337.995225,132.998702,72.409699,0.0,0.0,-115.669643,0.024542,0.006321,-97.915416,0.014286,0.00943,-1077.650581
7.54,338.0,133.0,63.743693,337.995458,132.998763,71.417479,0.0,0.0,-116.352662,0.023326,0.006028,-99.221995,0.013883,0.008995,-1083.680448
7.55,338.0,133.0,62.584791,337.99568,132.99882,70.413223,0.0,0.0,-116.900526,0.022172,0.005747,-100.425639,0.013468,0.00858,-1088.511455
7.56,338.0,133.0,61.421121,337.995891,132.998875,69.397982,0.0,0.0,-117.312268,0.021076,0.00548,-101.52412,0.013045,0.008184,-1092.134888
7.57,338.0,133.0,60.254039,337.996091,132.998927,68.372828,0.0,0.0,-117.587165,0.020036,0.005226,-102.515406,0.012617,0.007805,-1094.544102
7.58,338.0,133.0,59.084907,337.996281,132.998977,67.338851,0.0,0.0,-117.724734,0.019049,0.004983,-103.397662,0.012187,0.007444,-1095.734531
7.59,338.0,133.0,57.915093,337.996462,132.999024,66.297159,0.0,0.0,-117.724734,0.018111,0.004751,-104.16925,0.011758,0.0071,-1095.703698
7.6,338.0,133.0,56.745961,337.996635,132.99907,65.248871,0.0,0.0,-117.587165,0.017221,0.004531,-104.828735,0.011332,0.006771,-1094.451232
7.61,338.0,133.0,55.578879,337.996798,132.999113,64.195122,0.0,0.0,-117.312268,0.016375,0.00432,-105.374879,0.010911,0.006458,-1091.978872
7.62,338.0,133.0,54.415209,337.996954,132.999154,63.137056,0.0,0.0,-116.900526,0.015572,0.00412,-105.80665,0.010497,0.006159,-1088.290482
7.63,338.0,133.0,53.256307,337.997102,132.999193,62.075824,0.0,0.0,-116.352662,0.014809,0.003928,-106.123219,0.01009,0.005874,-1083.392054
7.64,338.0,133.0,52.103521,337.997243,132.999231,61.012584,0.0,0.0,-115.669643,0.014083,0.003746,-106.323963,0.009691,0.005601,-1077.291728
7.65,338.0,133.0,50.958187,337.997377,132.999267,59.948499,0.0,0.0,-114.852673,0.013394,0.003572,-106.408465,0.009302,0.005342,-1069.999789
7.66,338.0,133.0,49.821631,337.997504,132.999301,58.884734,0.0,0.0,-113.903201,0.012739,0.003406,-106.376516,0.008924,0.005094,-1061.528686
7.67,338.0,133.0,48.695159,337.997626,132.999333,57.822453,0.0,0.0,-112.822916,0.012117,0.003248,-106.228114,0.008555,0.004858,-1051.893034
7.68,338.0,133.0,47.580064,337.997741,132.999364,56.762818,0.0,0.0,-111.613748,0.011525,0.003097,-105.96347,0.008197,0.004633,-1041.109625
7.69,338.0,133.0,46.477614,337.99785,132.999394,55.706988,0.0,0.0,-110.277868,0.010963,0.002953,-105.583004,0.007851,0.004418,-1029.197435
7.7,338.0,133.0,45.389056,337.997955,132.999422,54.656115,0.0,0.0,-108.81769,0.010429,0.002816,-105.087349,0.007516,0.004213,-1016.177631
7.71,338.0,133.0,44.315614,337.998054,132.999449,53.611341,0.0,0.0,-107.235867,0.00992,0.002685,-104.47735,0.007192,0.004018,-1002.07358
7.72,338.0,133.0,43.25848,337.998148,132.999474,52.573801,0.0,0.0,-105.535295,0.009437,0.00256,-103.754067,0.006879,0.003831,-986.910854
7.73,338.0,133.0,42.218821,337.998238,132.999499,51.544613,0.0,0.0,-103.71911,0.008978,0.002441,-102.918774,0.006578,0.003653,-970.717239
7.74,338.0,133.0,41.197767,337.998324,132.999522,50.524883,0.0,0.0,-101.79069,0.008541,0.002328,-101.972962,0.006288,0.003484,-953.52274
7.75,338.0,133.0,40.196417,337.998405,132.999544,49.5157,0.0,0.0,-99.753654,0.008125,0.00222,-100.918336,0.006008,0.003322,-935.359586
7.76,338.0,133.0,39.21583,337.998482,132.999565,48.518132,0.0,0.0,-97.611864,0.00773,0.002117,-99.756822,0.00574,0.003168,-916.262241
7.77,338.0,133.0,38.257027,337.998556,132.999586,47.533226,0.0,0.0,-95.36942,0.007354,0.002019,-98.490562,0.005482,0.003021,-896.267404
7.78,338.0,133.0,37.320988,337.998626,132.999605,46.562007,0.0,0.0,-93.030665,0.006997,0.001925,-97.121917,0.005234,0.002881,-875.414018
7.79,338.0,133.0,36.408645,337.998692,132.999623,45.605472,0.0,0.0,-90.600185,0.006657,0.001835,-95.653468,0.004997,0.002747,-853.743276
7.8,338.0,133.0,35.520887,337.998755,132.999641,44.664592,0.0,0.0,-88.082803,0.006334,0.00175,-94.088018,0.004769,0.00262,-831.298623
7.81,338.0,133.0,34.658553,337.998816,132.999657,43.740306,0.0,0.0,-85.483589,0.006027,0.001669,-92.428587,0.004551,0.002498,-808.125765
7.82,338.0,133.0,33.822428,337.998873,132.999673,42.833522,0.0,0.0,-82.807848,0.005734,0.001591,-90.678422,0.004342,0.002382,-784.272671
7.83,338.0,133.0,33.013247,337.998928,132.999688,41.945112,0.0,0.0,-80.061132,0.005456,0.001517,-88.840989,0.004141,0.002271,-759.789579
7.84,338.0,133.0,32.231686,337.99898,132.999703,41.075912,0.0,0.0,-77.24923,0.005191,0.001447,-86.919978,0.00395,0.002166,-734.729001
7.85,338.0,133.0,31.478362,337.999029,132.999717,40.226719,0.0,0.0,-74.378174,0.004939,0.00138,-84.919303,0.003767,0.002065,-709.145726
7.86,338.0,133.0,30.753833,337.999076,132.99973,39.398288,0.0,0.0,-71.454239,0.0047,0.001316,-82.8431,0.003591,0.00197,-683.096826
7.87,338.0,133.0,30.058592,337.999121,132.999742,38.591331,0.0,0.0,-68.483937,0.004472,0.001255,-80.695733,0.003424,0.001878,-656.641658
7.88,338.0,133.0,29.393066,337.999163,132.999754,37.806513,0.0,0.0,-65.474026,0.004255,0.001196,-78.48179,0.003264,0.001791,-629.841868
7.89,338.0,133.0,28.757614,337.999204,132.999766,37.044452,0.0,0.0,-62.431502,0.004049,0.001141,-76.206084,0.003111,0.001708,-602.7614
7.9,338.0,133.0,28.152524,337.999242,132.999777,36.305716,0.0,0.0,-59.363603,0.003853,0.001088,-73.873654,0.002965,0.001628,-575.466491
7.91,338.0,133.0,27.578011,337.999279,132.999787,35.590818,0.0,0.0,-56.27781,0.003666,0.001037,-71.489769,0.002825,0.001553,-548.025681
7.92,338.0,133.0,27.034216,337.999314,132.999797,34.900219,0.0,0.0,-53.181842,0.003489,0.000989,-69.05992,0.002692,0.001481,-520.509815
7.93,338.0,133.0,26.5212,337.999347,132.999806,34.234321,0.0,0.0,-50.083663,0.00332,0.000943,-66.589831,0.002565,0.001412,-492.992046
7.94,338.0,133.0,26.038944,337.999379,132.999815,33.593466,0.0,0.0,-46.991476,0.003159,0.000899,-64.08545,0.002444,0.001346,-465.547836
7.95,338.0,133.0,25.587347,337.999409,132.999824,32.977936,0.0,0.0,-43.913725,0.003006,0.000858,-61.552956,0.002328,0.001284,-438.254962
7.96,338.0,133.0,25.166223,337.999437,132.999832,32.387949,0.0,0.0,-40.859097,0.00286,0.000818,-58.998755,0.002217,0.001224,-411.19352
7.97,338.0,133.0,24.775298,337.999464,132.99984,31.823654,0.0,0.0,-37.836518,0.002722,0.00078,-56.429485,0.002112,0.001167,-384.445923
7.98,338.0,133.0,24.414207,337.99949,132.999847,31.285134,0.0,0.0,-34.855158,0.00259,0.000744,-53.852011,0.002012,0.001113,-358.096907
7.99,338.0,133.0,24.082495,337.999515,132.999854,30.7724,0.0,0.0,-31.924427,0.002465,0.000709,-51.273428,0.001916,0.001062,-332.233536
8.0,338.0,133.0,23.779612,337.999538,132.999861,30.285389,0.0,0.0,-29.053974,0.002346,0.000676,-48.701065,0.001825,0.001012,-306.945198
8.01,338.0,133.0,23.504908,337.999561,132.999868,29.823964,0.0,0.0,-26.253694,0.002232,0.000645,-46.142477,0.001738,0.000965,-282.323614
8.02,338.0,133.0,23.257638,337.999582,132.999874,29.38791,0.0,0.0,-23.533719,0.002124,0.000615,-43.605453,0.001655,0.00092,-258.462837
8.03,338.0,133.0,23.036951,337.999602,132.99988,28.97693,0.0,0.0,-20.904425,0.002021,0.000586,-41.098012,0.001576,0.000878,-235.459254
8.04,338.0,133.0,22.841894,337.999621,132.999885,28.590646,0.0,0.0,-18.376428,0.001923,0.000559,-38.628405,0.0015,0.000837,-213.41159
8.05,338.0,133.0,22.671407,337.99964,132.999891,28.228594,0.0,0.0,-15.960585,0.00183,0.000533,-36.205116,0.001428,0.000798,-192.42091
8.06,338.0,133.0,22.52432,337.999657,132.999896,27.890226,0.0,0.0,-13.667995,0.001742,0.000508,-33.836859,0.00136,0.000761,-172.590619
8.07,338.0,133.0,22.399354,337.999674,132.9999,27.5749,0.0,0.0,-11.509998,0.001658,0.000485,-31.532583,0.001295,0.000726,-154.026465
8.08,338.0,133.0,22.295112,337.99969,132.999905,27.281885,0.0,0.0,-9.498177,0.001577,0.000462,-29.301467,0.001233,0.000692,-136.836544
8.09,338.0,133.0,22.210085,337.999705,132.999909,27.010356,0.0,0.0,-7.644352,0.001501,0.000441,-27.152924,0.001174,0.00066,-121.131297
8.1,338.0,133.0,22.142642,337.999719,132.999914,26.75939,0.0,0.0,-5.960589,0.001428,0.00042,-25.096603,0.001117,0.000629,-107.023513
8.11,338.0,133.0,22.091033,337.999732,132.999918,26.527966,0.0,0.0,-4.459192,0.001359,0.000401,-23.142382,0.001064,0.0006,-94.628335
8.12,338.0,133.0,22.053384,337.999745,132.999922,26.314962,0.0,0.0,-3.152708,0.001294,0.000382,-21.300375,0.001013,0.000572,-84.063254
8.13,338.0,133.0,22.027695,337.999758,132.999925,26.119153,0.0,0.0,-2.053925,0.001231,0.000364,-19.580929,0.000964,0.000546,-75.448118
8.14,338.0,133.0,22.011838,337.999769,132.999929,25.939207,0.0,0.0,-1.175872,0.001172,0.000347,-17.994627,0.000918,0.00052,-68.905129
8.15,338.0,133.0,22.003553,337.999781,132.999932,25.773684,0.0,0.0,-0.531818,0.001115,0.000331,-16.552284,0.000873,0.000496,-64.558848
8.16,338.0,133.0,22.00045,337.999791,132.999935,25.621035,0.0,0.0,-0.135277,0.001061,0.000316,-15.264951,0.000831,0.000473,-62.536191
8.17,338.0,133.0,22.0,337.999801,132.999938,25.479595,0.0,0.0,0.0,0.00101,0.000301,-14.143913,0.000791,0.000451,-62.966435
8.18,338.0,133.0,22.0,337.999811,132.999941,25.347589,0.0,0.0,0.0,0.000961,0.000287,-13.200689,0.000753,0.00043,-65.981221
8.19,338.0,133.0,22.0,337.99982,132.999944,25.223239,0.0,0.0,0.0,0.000914,0.000274,-12.434916,0.000717,0.00041,-70.745075
8.2,338.0,133.0,22.0,337.999829,132.999946,25.105231,0.0,0.0,0.0,0.00087,0.000261,-11.800872,0.000683,0.000391,-73.625612
8.21,338.0,133.0,22.0,337.999837,132.999949,24.99266,0.0,0.0,0.0,0.000828,0.000249,-11.257083,0.00065,0.000373,-74.505628
8.22,338.0,133.0,22.0,337.999845,132.999951,24.884895,0.0,0.0,0.0,0.000788,0.000238,-10.776502,0.000618,0.000356,-74.124317
8.23,338.0,133.0,22.0,337.999852,132.999953,24.78148,0.0,0.0,0.0,0.00075,0.000227,-10.341432,0.000589,0.000339,-72.959444
8.24,338.0,133.0,22.0,337.99986,132.999956,24.682078,0.0,0.0,0.0,0.000714,0.000216,-9.940246,0.00056,0.000323,-71.319406
8.25,338.0,133.0,22.0,337.999866,132.999958,24.586426,0.0,0.0,0.0,0.000679,0.000206,-9.565251,0.000533,0.000308,-69.402889
8.26,338.0,133.0,22.0,337.999873,132.99996,24.494312,0.0,0.0,0.0,0.000646,0.000196,-9.211314,0.000507,0.000294,-67.33753
8.27,338.0,133.0,22.0,337.999879,132.999962,24.405563,0.0,0.0,0.0,0.000615,0.000187,-8.874962,0.000483,0.00028,-65.204961
8.28,338.0,133.0,22.0,337.999885,132.999963,24.320025,0.0,0.0,0.0,0.000585,0.000179,-8.553804,0.00046,0.000267,-63.057044
8.29,338.0,133.0,22.0,337.99989,132.999965,24.237563,0.0,0.0,0.0,0.000557,0.00017,-8.246159,0.000438,0.000255,-60.926383
8.3,338.0,133.0,22.0,337.999896,132.999967,24.158055,0.0,0.0,0.0,0.00053,0.000162,-7.950803,0.000416,0.000243,-58.833139
8.31,338.0,133.0,22.0,337.999901,132.999968,24.081387,0.0,0.0,0.0,0.000504,0.000155,-7.666821,0.000396,0.000232,-56.789448
8.32,338.0,133.0,22.0,337.999905,132.99997,24.007452,0.0,0.0,0.0,0.00048,0.000148,-7.393497,0.000377,0.000221,-54.802273
8.33,338.0,133.0,22.0,337.99991,132.999971,23.936149,0.0,0.0,0.0,0.000457,0.000141,-7.13025,0.000359,0.000211,-52.87526
8.34,338.0,133.0,22.0,337.999914,132.999972,23.867383,0.0,0.0,0.0,0.000435,0.000134,-6.876593,0.000342,0.000201,-51.009936
8.35,338.0,133.0,22.0,337.999919,132.999974,23.801062,0.0,0.0,0.0,0.000414,0.000128,-6.6321,0.000325,0.000192,-49.206485
8.36,338.0,133.0,22.0,337.999922,132.999975,23.737099,0.0,0.0,0.0,0.000394,0.000122,-6.396391,0.000309,0.000183,-47.464247
8.37,338.0,133.0,22.0,337.999926,132.999976,23.675407,0.0,0.0,0.0,0.000375,0.000116,-6.169117,0.000295,0.000174,-45.782045
8.38,338.0,133.0,22.00045,337.99993,132.999977,23.615908,0.0,0.0,0.135277,0.000357,0.000111,-5.949958,0.00028,0.000166,-44.158393
8.39,338.0,133.0,22.003553,337.999933,132.999978,23.55864,0.0,0.0,0.531818,0.000339,0.000106,-5.726797,0.000267,0.000158,-41.6467
8.4,338.0,133.0,22.011838,337.999936,132.999979,23.504185,0.0,0.0,1.175872,0.000323,0.000101,-5.445518,0.000254,0.000151,-34.765704
8.41,338.0,133.0,22.027695,337.99994,132.99998,23.453567,0.0,0.0,2.053925,0.000307,9.6e-05,-5.061772,0.000242,0.000144,-23.755493
8.42,338.0,133.0,22.053384,337.999942,132.999981,23.408072,0.0,0.0,3.152708,0.000292,9.2e-05,-4.549516,0.00023,0.000137,-9.63725
8.43,338.0,133.0,22.091033,337.999945,132.999982,23.369126,0.0,0.0,4.459192,0.000278,8.8e-05,-3.894584,0.000219,0.000131,6.899464
8.44,338.0,133.0,22.142642,337.999948,132.999983,23.338221,0.0,0.0,5.960589,0.000265,8.3e-05,-3.090509,0.000208,0.000125,25.380141
8.45,338.0,133.0,22.210085,337.99995,132.999984,23.316863,0.0,0.0,7.644352,0.000252,8e-05,-2.135822,0.000198,0.000119,45.469824
8.46,338.0,133.0,22.295112,337.999953,132.999984,23.30654,0.0,0.0,9.498177,0.00024,7.6e-05,-1.032292,0.000189,0.000114,66.924197
8.47,338.0,133.0,22.399354,337.999955,132.999985,23.308702,0.0,0.0,11.509998,0.000228,7.2e-05,0.216218,0.00018,0.000108,89.557913
8.48,338.0,133.0,22.52432,337.999957,132.999986,23.324747,0.0,0.0,13.667995,0.000217,6.9e-05,1.604492,0.000171,0.000103,113.224095
8.49,338.0,133.0,22.671407,337.999959,132.999986,23.356011,0.0,0.0,15.960585,0.000207,6.6e-05,3.126444,0.000163,9.8e-05,137.801068
8.5,338.0,133.0,22.841894,337.999961,132.999987,23.403766,0.0,0.0,18.376428,0.000197,6.3e-05,4.775436,0.000155,9.4e-05,163.183791
8.51,338.0,133.0,23.036951,337.999963,132.999988,23.46921,0.0,0.0,20.904425,0.000187,6e-05,6.544485,0.000147,9e-05,189.278312
8.52,338.0,133.0,23.257638,337.999965,132.999988,23.553475,0.0,0.0,23.533719,0.000178,5.7e-05,8.426402,0.00014,8.5e-05,215.998202
8.53,338.0,133.0,23.504908,337.999967,132.999989,23.657613,0.0,0.0,26.253694,0.00017,5.4e-05,10.41388,0.000133,8.1e-05,243.262261
8.54,338.0,133.0,23.779612,337.999968,132.999989,23.782609,0.0,0.0,29.053974,0.000161,5.2e-05,12.499558,0.000127,7.8e-05,270.993046
8.55,338.0,133.0,24.082495,337.99997,132.99999,23.92937,0.0,0.0,31.924427,0.000154,4.9e-05,14.676063,0.000121,7.4e-05,299.115936
8.56,338.0,133.0,24.414207,337.999971,132.99999,24.09873,0.0,0.0,34.855158,0.000146,4.7e-05,16.936037,0.000115,7.1e-05,327.558544
8.57,338.0,133.0,24.775298,337.999973,132.999991,24.291451,0.0,0.0,37.836518,0.000139,4.5e-05,19.272161,0.000109,6.7e-05,356.250346
8.58,338.0,133.0,25.166223,337.999974,132.999991,24.508223,0.0,0.0,40.859097,0.000132,4.3e-05,21.677172,0.000104,6.4e-05,385.122462
8.59,338.0,133.0,25.587347,337.999975,132.999992,24.749662,0.0,0.0,43.913725,0.000126,4.1e-05,24.14387,9.9e-05,6.1e-05,414.107526
8.6,338.0,133.0,26.038944,337.999976,132.999992,25.016313,0.0,0.0,46.991476,0.00012,3.9e-05,26.665131,9.4e-05,5.8e-05,443.139614
8.61,338.0,133.0,26.5212,337.999978,132.999992,25.308652,0.0,0.0,50.083663,0.000114,3.7e-05,29.233917,9e-05,5.6e-05,472.154213
8.62,338.0,133.0,27.034216,337.999979,132.999993,25.627085,0.0,0.0,53.181842,0.000109,3.5e-05,31.84328,8.5e-05,5.3e-05,501.088217
8.63,338.0,133.0,27.578011,337.99998,132.999993,25.971949,0.0,0.0,56.27781,0.000103,3.4e-05,34.486369,8.1e-05,5.1e-05,529.879927
8.64,338.0,133.0,28.152524,337.999981,132.999993,26.343513,0.0,0.0,59.363603,9.8e-05,3.2e-05,37.156437,7.7e-05,4.8e-05,558.469076
8.65,338.0,133.0,28.757614,337.999982,132.999994,26.741982,0.0,0.0,62.431502,9.4e-05,3.1e-05,39.846843,7.4e-05,4.6e-05,586.796848
8.66,338.0,133.0,29.393066,337.999982,132.999994,27.167492,0.0,0.0,65.474026,8.9e-05,2.9e-05,42.551061,7e-05,4.4e-05,614.805903
8.67,338.0,133.0,30.058592,337.999983,132.999994,27.620119,0.0,0.0,68.483937,8.5e-05,2.8e-05,45.262684,6.7e-05,4.2e-05,642.440408
8.68,338.0,133.0,30.753833,337.999984,132.999995,28.099873,0.0,0.0,71.454239,8.1e-05,2.7e-05,47.975424,6.3e-05,4e-05,669.646063
8.69,338.0,133.0,31.478362,337.999985,132.999995,28.606705,0.0,0.0,74.378174,7.7e-05,2.5e-05,50.683123,6e-05,3.8e-05,696.370131
8.7,338.0,133.0,32.231686,337.999986,132.999995,29.140502,0.0,0.0,77.24923,7.3e-05,2.4e-05,53.379751,5.7e-05,3.6e-05,722.561466
8.71,338.0,133.0,33.013247,337.999986,132.999995,29.701096,0.0,0.0,80.061132,7e-05,2.3e-05,56.059413,5.5e-05,3.5e-05,748.170539
8.72,338.0,133.0,33.822428,337.999987,132.999995,30.28826,0.0,0.0,82.807848,6.6e-05,2.2e-05,58.716355,5.2e-05,3.3e-05,773.14947
8.73,338.0,133.0,34.658553,337.999988,132.999996,30.901709,0.0,0.0,85.483589,6.3e-05,2.1e-05,61.344961,5e-05,3.1e-05,797.452047
8.74,338.0,133.0,35.520887,337.999988,132.999996,31.541107,0.0,0.0,88.082803,6e-05,2e-05,63.939763,4.7e-05,3e-05,821.03376
8.75,338.0,133.0,36.408645,337.999989,132.999996,32.206061,0.0,0.0,90.600185,5.7e-05,1.9e-05,66.495441,4.5e-05,2.9e-05,843.851816
8.76,338.0,133.0,37.320988,337.999989,132.999996,32.89613,0.0,0.0,93.030665,5.4e-05,1.8e-05,69.006825,4.3e-05,2.7e-05,865.865173
8.77,338.0,133.0,38.257027,337.99999,132.999996,33.610819,0.0,0.0,95.36942,5.2e-05,1.7e-05,71.468904,4.1e-05,2.6e-05,887.034556
8.78,338.0,133.0,39.21583,337.99999,132.999997,34.349587,0.0,0.0,97.611864,4.9e-05,1.7e-05,73.876822,3.9e-05,2.5e-05,907.322482
8.79,338.0,133.0,40.196417,337.999991,132.999997,35.111846,0.0,0.0,99.753654,4.7e-05,1.6e-05,76.225885,3.7e-05,2.4e-05,926.693279
8.8,338.0,133.0,41.197767,337.999991,132.999997,35.896961,0.0,0.0,101.79069,4.4e-05,1.5e-05,78.511563,3.5e-05,2.3e-05,945.113112
8.81,338.0,133.0,42.218821,337.999992,132.999997,36.704256,0.0,0.0,103.71911,4.2e-05,1.4e-05,80.729493,3.3e-05,2.2e-05,962.549997
8.82,338.0,133.0,43.25848,337.999992,132.999997,37.533011,0.0,0.0,105.535295,4e-05,1.4e-05,82.875479,3.2e-05,2.1e-05,978.973825
8.83,338.0,133.0,44.315614,337.999992,132.999997,38.382466,0.0,0.0,107.235867,3.8e-05,1.3e-05,84.945499,3e-05,2e-05,994.356377
8.84,338.0,133.0,45.389056,337.999993,132.999997,39.251823,0.0,0.0,108.81769,3.6e-05,1.2e-05,86.935703,2.9e-05,1.9e-05,1008.671345
8.85,338.0,133.0,46.477614,337.999993,132.999998,40.140247,0.0,0.0,110.277868,3.5e-05,1.2e-05,88.84242,2.7e-05,1.8e-05,1021.894346
8.86,338.0,133.0,47.580064,337.999993,132.999998,41.046869,0.0,0.0,111.613748,3.3e-05,1.1e-05,90.662154,2.6e-05,1.7e-05,1034.002942
8.87,338.0,133.0,48.695159,337.999994,132.999998,41.970785,0.0,0.0,112.822916,3.1e-05,1.1e-05,92.391593,2.5e-05,1.6e-05,1044.976655
8.88,338.0,133.0,49.821631,337.999994,132.999998,42.911061,0.0,0.0,113.903201,3e-05,1e-05,94.027606,2.4e-05,1.5e-05,1054.796981
8.89,338.0,133.0,50.958187,337.999994,132.999998,43.866733,0.0,0.0,114.852673,2.8e-05,1e-05,95.567248,2.2e-05,1.5e-05,1063.447408
8.9,338.0,133.0,52.103521,337.999995,132.999998,44.836811,0.0,0.0,115.669643,2.7e-05,9e-06,97.00776,2.1e-05,1.4e-05,1070.913426
8.91,338.0,133.0,53.256307,337.999995,132.999998,45.820277,0.0,0.0,116.352662,2.6e-05,9e-06,98.346572,2e-05,1.3e-05,1077.182547
8.92,338.0,133.0,54.415209,337.999995,132.999998,46.81609,0.0,0.0,116.900526,2.5e-05,9e-06,99.581304,1.9e-05,1.3e-05,1082.244311
8.93,338.0,133.0,55.578879,337.999995,132.999998,47.823187,0.0,0.0,117.312268,2.3e-05,8e-06,100.70977,1.8e-05,1.2e-05,1086.090308
8.94,338.0,133.0,56.745961,337.999996,132.999998,48.840487,0.0,0.0,117.587165,2.2e-05,8e-06,101.729976,1.7e-05,1.2e-05,1088.714181
8.95,338.0,133.0,57.915093,337.999996,132.999998,49.866888,0.0,0.0,117.724734,2.1e-05,7e-06,102.640125,1.7e-05,1.1e-05,1090.111645
8.96,338.0,133.0,59.084907,337.999996,132.999999,50.901275,0.0,0.0,117.724734,2e-05,7e-06,103.438615,1.6e-05,1.1e-05,1090.280496
8.97,338.0,133.0,60.254039,337.999996,132.999999,51.942515,0.0,0.0,117.587165,1.9e-05,7e-06,104.124046,1.5e-05,1e-05,1089.220622
8.98,338.0,133.0,61.421121,337.999996,132.999999,52.989467,0.0,0.0,117.312268,1.8e-05,6e-06,104.695215,1.4e-05,1e-05,1086.934015
8.99,338.0,133.0,62.584791,337.999997,132.999999,54.040978,0.0,0.0,116.900526,1.7e-05,6e-06,105.151123,1.4e-05,9e-06,1083.424781
9.0,338.0,133.0,63.743693,337.999997,132.999999,55.095888,0.0,0.0,116.352662,1.7e-05,6e-06,105.490972,1.3e-05,9e-06,1078.699147
9.01,338.0,133.0,64.896479,337.999997,132.999999,56.15303,0.0,0.0,115.669643,1.6e-05,6e-06,105.714169,1.2e-05,8e-06,1072.765478
9.02,338.0,133.0,66.041813,337.999997,132.999999,57.211233,0.0,0.0,114.852673,1.5e-05,5e-06,105.820327,1.2e-05,8e-06,1065.634279
9.03,338.0,133.0,67.178369,337.999997,132.999999,58.269326,0.0,0.0,113.903201,1.4e-05,5e-06,105.809263,1.1e-05,8e-06,1057.318206
9.04,338.0,133.0,68.304841,337.999997,132.999999,59.326136,0.0,0.0,112.822916,1.4e-05,5e-06,105.681006,1.1e-05,7e-06,1047.83208
9.05,338.0,133.0,69.419936,337.999997,132.999999,60.380494,0.0,0.0,111.613748,1.3e-05,5e-06,105.435792,1e-05,7e-06,1037.192886
9.06,338.0,133.0,70.522386,337.999998,132.999999,61.431234,0.0,0.0,110.277868,1.2e-05,4e-06,105.074065,1e-05,7e-06,1025.419789
9.07,338.0,133.0,71.610944,337.999998,132.999999,62.477199,0.0,0.0,108.81769,1.2e-05,4e-06,104.596484,9e-06,6e-06,1012.53414
9.08,338.0,133.0,72.684386,337.999998,132.999999,63.517238,0.0,0.0,107.235867,1.1e-05,4e-06,104.003917,9e-06,6e-06,998.559478
9.09,338.0,133.0,73.74152,337.999998,132.999999,64.550213,0.0,0.0,105.535295,1.1e-05,4e-06,103.297446,8e-06,6e-06,983.521548
9.1,338.0,133.0,74.781179,337.999998,132.999999,65.574997,0.0,0.0,103.71911,1e-05,4e-06,102.478369,8e-06,5e-06,967.448296
9.11,338.0,133.0,75.802233,337.999998,132.999999,66.590479,0.0,0.0,101.79069,1e-05,3e-06,101.548197,8e-06,5e-06,950.369885
9.12,338.0,133.0,76.803583,337.999998,132.999999,67.595565,0.0,0.0,99.753654,9e-06,3e-06,100.508656,7e-06,5e-06,932.318698
9.13,338.0,133.0,77.78417,337.999998,132.999999,68.589182,0.0,0.0,97.611864,9e-06,3e-06,99.361691,7e-06,5e-06,913.329343
9.14,338.0,133.0,78.742973,337.999998,132.999999,69.570277,0.0,0.0,95.36942,8e-06,3e-06,98.109463,6e-06,4e-06,893.43866
9.15,338.0,133.0,79.679012,337.999998,132.999999,70.53782,0.0,0.0,93.030665,8e-06,3e-06,96.754351,6e-06,4e-06,872.685731
9.16,338.0,133.0,80.591355,337.999999,132.999999,71.49081,0.0,0.0,90.600185,7e-06,3e-06,95.298956,6e-06,4e-06,851.111877
9.17,338.0,133.0,81.479113,337.999999,132.999999,72.428271,0.0,0.0,88.082803,7e-06,3e-06,93.746095,6e-06,4e-06,828.760672
9.18,338.0,133.0,82.341447,337.999999,132.999999,73.349259,0.0,0.0,85.483589,7e-06,2e-06,92.098807,5e-06,4e-06,805.677943
9.19,338.0,133.0,83.177572,337.999999,133.0,74.252862,0.0,0.0,82.807848,6e-06,2e-06,90.360354,5e-06,4e-06,781.911778
9.2,338.0,133.0,83.986753,337.999999,133.0,75.138204,0.0,0.0,80.061132,6e-06,2e-06,88.534216,5e-06,3e-06,757.512528
9.21,338.0,133.0,84.768314,337.999999,133.0,76.004445,0.0,0.0,77.24923,6e-06,2e-06,86.624099,5e-06,3e-06,732.532814
9.22,338.0,133.0,85.521638,337.999999,133.0,76.850785,0.0,0.0,74.378174,6e-06,2e-06,84.633931,4e-06,3e-06,707.027532
9.23,338.0,133.0,86.246167,337.999999,133.0,77.676463,0.0,0.0,71.454239,5e-06,2e-06,82.567863,4e-06,3e-06,681.053854
9.24,338.0,133.0,86.941408,337.999999,133.0,78.480766,0.0,0.0,68.483937,5e-06,2e-06,80.43027,4e-06,3e-06,654.671237
9.25,338.0,133.0,87.606934,337.999999,133.0,79.263024,0.0,0.0,65.474026,5e-06,2e-06,78.225754,4e-06,3e-06,627.941423
9.26,338.0,133.0,88.242386,337.999999,133.0,80.022615,0.0,0.0,62.431502,5e-06,2e-06,75.959141,4e-06,3e-06,600.928444
9.27,338.0,133.0,88.847476,337.999999,133.0,80.75897,0.0,0.0,59.363603,4e-06,2e-06,73.635481,3e-06,2e-06,573.698628
9.28,338.0,133.0,89.421989,337.999999,133.0,81.47157,0.0,0.0,56.27781,4e-06,2e-06,71.260053,3e-06,2e-06,546.3206
9.29,338.0,133.0,89.965784,337.999999,133.0,82.159954,0.0,0.0,53.181842,4e-06,1e-06,68.838363,3e-06,2e-06,518.865286
9.3,338.0,133.0,90.4788,337.999999,133.0,82.823715,0.0,0.0,50.083663,4e-06,1e-06,66.376141,3e-06,2e-06,491.405918
9.31,338.0,133.0,90.961056,337.999999,133.0,83.462509,0.0,0.0,46.991476,4e-06,1e-06,63.879349,3e-06,2e-06,464.018035
9.32,338.0,133.0,91.412653,337.999999,133.0,84.076051,0.0,0.0,43.913725,3e-06,1e-06,61.354174,3e-06,2e-06,436.779489
9.33,338.0,133.0,91.833777,337.999999,133.0,84.664121,0.0,0.0,40.859097,3e-06,1e-06,58.807033,3e-06,2e-06,409.770445
9.34,338.0,133.0,92.224702,337.999999,133.0,85.226567,0.0,0.0,37.836518,3e-06,1e-06,56.244571,2e-06,2e-06,383.073385
9.35,338.0,133.0,92.585793,337.999999,133.0,85.763303,0.0,0.0,34.855158,3e-06,1e-06,53.673664,2e-06,2e-06,356.773112
9.36,338.0,133.0,92.917505,337.999999,133.0,86.274317,0.0,0.0,31.924427,3e-06,1e-06,51.101415,2e-06,2e-06,330.956752
9.37,338.0,133.0,93.220388,337.999999,133.0,86.759669,0.0,0.0,29.053974,3e-06,1e-06,48.53516,2e-06,2e-06,305.713756
9.38,338.0,133.0,93.495092,338.0,133.0,87.219494,0.0,0.0,26.253694,3e-06,1e-06,45.982464,2e-06,1e-06,281.135904
9.39,338.0,133.0,93.742362,338.0,133.0,87.654005,0.0,0.0,23.533719,2e-06,1e-06,43.451122,2e-06,1e-06,257.317305
9.4,338.0,133.0,93.963049,338.0,133.0,88.063497,0.0,0.0,20.904425,2e-06,1e-06,40.949162,2e-06,1e-06,234.354403
9.41,338.0,133.0,94.158106,338.0,133.0,88.448345,0.0,0.0,18.376428,2e-06,1e-06,38.484841,2e-06,1e-06,212.345976
9.42,338.0,133.0,94.328593,338.0,133.0,88.809011,0.0,0.0,15.960585,2e-06,1e-06,36.06665,2e-06,1e-06,191.393138
9.43,338.0,133.0,94.47568,338.0,133.0,89.146045,0.0,0.0,13.667995,2e-06,1e-06,33.703311,2e-06,1e-06,171.599346
9.44,338.0,133.0,94.600646,338.0,133.0,89.460082,0.0,0.0,11.509998,2e-06,1e-06,31.403777,1e-06,1e-06,153.070395
9.45,338.0,133.0,94.704888,338.0,133.0,89.751855,0.0,0.0,9.498177,2e-06,1e-06,29.177235,1e-06,1e-06,135.914427
9.46,338.0,133.0,94.789915,338.0,133.0,90.022186,0.0,0.0,7.644352,2e-06,1e-06,27.033105,1e-06,1e-06,120.241926
9.47,338.0,133.0,94.857358,338.0,133.0,90.271996,0.0,0.0,5.960589,2e-06,1e-06,24.981038,1e-06,1e-06,106.165727
9.48,338.0,133.0,94.908967,338.0,133.0,90.502305,0.0,0.0,4.459192,2e-06,1e-06,23.030921,1e-06,1e-06,93.80101
9.49,338.0,133.0,94.946616,338.0,133.0,90.714234,0.0,0.0,3.152708,1e-06,1e-06,21.192872,1e-06,1e-06,83.26531
9.5,338.0,133.0,94.972305,338.0,133.0,90.909006,0.0,0.0,2.053925,1e-06,1e-06,19.477245,1e-06,1e-06,74.678511
9.51,338.0,133.0,94.988162,338.0,133.0,91.087953,0.0,0.0,1.175872,1e-06,1e-06,17.894625,1e-06,1e-06,68.162853
9.52,338.0,133.0,94.996447,338.0,133.0,91.252511,0.0,0.0,0.531818,1e-06,0.0,16.455833,1e-06,1e-06,63.842932
9.53,338.0,133.0,94.99955,338.0,133.0,91.40423,0.0,0.0,0.135277,1e-06,0.0,15.171925,1e-06,1e-06,61.845699
9.54,338.0,133.0,95.0,338.0,133.0,91.544772,0.0,0.0,0.0,1e-06,0.0,14.054191,1e-06,1e-06,62.300465
9.55,338.0,133.0,95.0,338.0,133.0,91.675914,0.0,0.0,0.0,1e-06,0.0,13.114153,1e-06,1e-06,65.338901
9.56,338.0,133.0,95.0,338.0,133.0,91.799428,0.0,0.0,0.0,1e-06,0.0,12.351453,1e-06,1e-06,70.125565
9.57,338.0,133.0,95.0,338.0,133.0,91.916632,0.0,0.0,0.0,1e-06,0.0,11.720373,1e-06,1e-06,73.028103
9.58,338.0,133.0,95.0,338.0,133.0,92.028426,0.0,0.0,0.0,1e-06,0.0,11.179443,1e-06,1e-06,73.929338
9.59,338.0,133.0,95.0,338.0,133.0,92.135443,0.0,0.0,0.0,1e-06,0.0,10.701619,1e-06,1e-06,73.568493
9.6,338.0,133.0,95.0,338.0,133.0,92.238135,0.0,0.0,0.0,1e-06,0.0,10.269209,1e-06,1e-06,72.423358
9.61,338.0,133.0,95.0,338.0,133.0,92.336841,0.0,0.0,0.0,1e-06,0.0,9.870587,1e-06,0.0,70.802358
9.62,338.0,133.0,95.0,338.0,133.0,92.431821,0.0,0.0,0.0,1e-06,0.0,9.498066,1e-06,0.0,68.904203
9.63,338.0,133.0,95.0,338.0,133.0,92.523286,0.0,0.0,0.0,1e-06,0.0,9.146515,1e-06,0.0,66.856553
9.64,338.0,133.0,95.0,338.0,133.0,92.611411,0.0,0.0,0.0,1e-06,0.0,8.812464,1e-06,0.0,64.741065
9.65,338.0,133.0,95.0,338.0,133.0,92.696346,0.0,0.0,0.0,1e-06,0.0,8.493526,1e-06,0.0,62.609622
9.66,338.0,133.0,95.0,338.0,133.0,92.778227,0.0,0.0,0.0,1e-06,0.0,8.188021,0.0,0.0,60.49485
9.67,338.0,133.0,95.0,338.0,133.0,92.857174,0.0,0.0,0.0,1e-06,0.0,7.89473,0.0,0.0,58.416932
9.68,338.0,133.0,95.0,338.0,133.0,92.933301,0.0,0.0,0.0,1e-06,0.0,7.612739,0.0,0.0,56.388021
9.69,338.0,133.0,95.0,338.0,133.0,93.006715,0.0,0.0,0.0,1e-06,0.0,7.341335,0.0,0.0,54.415102
9.7,338.0,133.0,95.0,338.0,133.0,93.077514,0.0,0.0,0.0,1e-06,0.0,7.079941,0.0,0.0,52.501838
9.71,338.0,133.0,95.0,338.0,133.0,93.145795,0.0,0.0,0.0,0.0,0.0,6.828071,0.0,0.0,50.649776
9.72,338.0,133.0,95.0,338.0,133.0,93.211648,0.0,0.0,0.0,0.0,0.0,6.585301,0.0,0.0,48.859114
9.73,338.0,133.0,95.0,338.0,133.0,93.27516,0.0,0.0,0.0,0.0,0.0,6.351254,0.0,0.0,47.129212
9.74,338.0,133.0,95.0,338.0,133.0,93.336416,-0.0,-0.0,0.0,0.0,0.0,6.125583,0.0,0.0,45.458908
9.75,337.999919,132.999987,95.0,338.0,133.0,93.395496,-0.024268,-0.003951,0.0,0.0,0.0,5.907969,0.0,0.0,43.846732
9.76,337.999357,132.999895,95.0,337.999991,132.999998,93.452477,-0.096419,-0.015696,0.0,-0.000851,-0.000173,5.698111,-0.127719,-0.020791,42.291037
9.77,337.997839,132.999648,95.0,337.999925,132.999985,93.507434,-0.215479,-0.035078,0.0,-0.006685,-0.001355,5.495723,-0.881904,-0.143018,40.79009
9.78,337.994905,132.999171,95.0,337.999705,132.999941,93.560439,-0.38048,-0.061939,0.0,-0.021944,-0.004418,5.300535,-2.342283,-0.377061,39.342122
9.79,337.990098,132.998388,95.0,337.9992,132.99984,93.611562,-0.590463,-0.096122,0.0,-0.050488,-0.010093,5.112285,-4.457211,-0.711987,37.945366
9.8,337.982977,132.997229,95.0,337.998244,132.99965,93.66087,-0.844473,-0.137472,0.0,-0.095662,-0.018991,4.930725,-7.180001,-1.138301,36.598076
9.81,337.973106,132.995622,95.0,337.99664,132.999334,93.708426,-1.141562,-0.185836,0.0,-0.160349,-0.031614,4.755616,-10.468382,-1.647738,35.298544
9.82,337.96006,132.993498,95.0,337.99417,132.99885,93.754293,-1.48079,-0.241059,0.0,-0.247024,-0.048379,4.586728,-14.284019,-2.233086,34.045104
9.83,337.943424,132.99079,95.0,337.990592,132.998154,93.798531,-1.861223,-0.30299,0.0,-0.357797,-0.069624,4.423839,-18.592082,-2.888041,32.836141
9.84,337.922791,132.987431,95.0,337.985647,132.997197,93.841199,-2.281931,-0.371477,0.0,-0.494453,-0.095621,4.266735,-23.360869,-3.60707,31.670087
9.85,337.897764,132.983357,95.0,337.979062,132.995931,93.882351,-2.741996,-0.446371,0.0,-0.658492,-0.126588,4.115211,-28.561459,-4.385308,30.545427
9.86,337.867954,132.978504,95.0,337.970551,132.994305,93.922042,-3.240501,-0.527523,0.0,-0.851155,-0.16269,3.969068,-34.167418,-5.218458,29.460697
9.87,337.832984,132.972811,95.0,337.959816,132.992264,93.960323,-3.77654,-0.614786,0.0,-1.073457,-0.204056,3.828116,-40.154525,-6.102713,28.414482
9.88,337.792482,132.966218,95.0,337.946554,132.989756,93.997244,-4.34921,-0.708011,0.0,-1.32621,-0.250775,3.692169,-46.500535,-7.034684,27.405417
9.89,337.746089,132.958666,95.0,337.930454,132.986727,94.032855,-4.957618,-0.807054,0.0,-1.610045,-0.302908,3.56105,-53.184966,-8.011343,26.432183
9.9,337.693451,132.950097,95.0,337.911199,132.983122,94.067201,-5.600874,-0.91177,0.0,-1.925435,-0.360488,3.434588,-60.188912,-9.02997,25.49351
9.91,337.634226,132.940455,95.0,337.888472,132.978887,94.100327,-6.278098,-1.022016,0.0,-2.272711,-0.423527,3.312616,-67.49487,-10.088114,24.58817
9.92,337.568079,132.929687,95.0,337.861952,132.973967,94.132277,-6.988415,-1.137649,0.0,-2.652077,-0.492018,3.194977,-75.086595,-11.183547,23.714981
9.93,337.494684,132.917739,95.0,337.831315,132.968307,94.163092,-7.730957,-1.258528,0.0,-3.063626,-0.565935,3.081515,-82.948966,-12.314243,22.8728
9.94,337.413725,132.90456,95.0,337.796242,132.961855,94.192813,-8.504861,-1.384512,0.0,-3.507352,-0.645242,2.972082,-91.067865,-13.47834,22.060527
9.95,337.324892,132.890099,95.0,337.75641,132.954556,94.221478,-9.309273,-1.515463,0.0,-3.98316,-0.729887,2.866535,-99.430075,-14.674125,21.2771
9.96,337.227886,132.874307,95.0,337.711501,132.946358,94.249125,-10.143344,-1.651242,0.0,-4.49088,-0.81981,2.764737,-108.023184,-15.900009,20.521494
9.97,337.122414,132.857137,95.0,337.661199,132.937209,94.275791,-11.006233,-1.791712,0.0,-5.03027,-0.914942,2.666554,-116.835503,-17.154513,19.792722
9.98,337.008194,132.838543,95.0,337.605188,132.927057,94.301509,-11.897103,-1.936738,0.0,-5.601028,-1.015206,2.571858,-125.855989,-18.43625,19.08983
9.99,336.884951,132.81848,95.0,337.54316,132.915851,94.326315,-12.815128,-2.086184,0.0,-6.202801,-1.120518,2.480524,-135.074184,-19.743914,18.4119
10.0,336.752417,132.796905,95.0,337.474808,132.903543,94.350239,-13.759483,-2.239916,0.0,-6.835186,-1.230791,2.392434,-144.480153,-21.076272,17.758045
10.01,336.610334,132.773775,95.0,337.399831,132.890084,94.373314,-14.729355,-2.397802,0.0,-7.497739,-1.345929,2.307473,-154.064432,-22.432151,17.12741
10.02,336.458452,132.74905,95.0,337.317931,132.875426,94.395569,-15.723934,-2.55971,0.0,-8.18998,-1.465837,2.225528,-163.817981,-23.810429,16.51917
10.03,336.296527,132.722691,95.0,337.228817,132.859522,94.417034,-16.742418,-2.72551,0.0,-8.911395,-1.590413,2.146494,-173.732148,-25.210035,15.932531
10.04,336.124327,132.694658,95.0,337.132203,132.842326,94.437737,-17.784011,-2.895072,0.0,-9.661445,-1.719555,2.070266,-183.798622,-26.629935,15.366725
10.05,335.941623,132.664915,95.0,337.027807,132.823795,94.457704,-18.847925,-3.068267,0.0,-10.439564,-1.853157,1.996745,-194.009411,-28.069133,14.821012
10.06,335.748198,132.633428,95.0,336.915356,132.803883,94.476962,-19.933376,-3.244968,0.0,-11.245166,-1.991112,1.925836,-204.356807,-29.526666,14.294679
10.07,335.543839,132.60016,95.0,336.794579,132.78255,94.495537,-21.039589,-3.425049,0.0,-12.077646,-2.13331,1.857444,-214.83336,-31.001595,13.787037
10.08,335.328345,132.565079,95.0,336.665215,132.759754,94.513452,-22.165795,-3.608385,0.0,-12.936384,-2.279642,1.791482,-225.43186,-32.493011,13.297423
10.09,335.101519,132.528154,95.0,336.527008,132.735454,94.53073,-23.311231,-3.794852,0.0,-13.820746,-2.429997,1.727861,-236.14531,-34.000024,12.825196
10.1,334.863173,132.489354,95.0,336.379707,132.709611,94.547395,-24.475142,-3.984325,0.0,-14.730085,-2.584262,1.6665,-246.966912,-35.521765,12.36974
10.11,334.613127,132.448649,95.0,336.22307,132.682188,94.563469,-25.656776,-4.176685,0.0,-15.663748,-2.742325,1.607319,-257.89005,-37.057385,11.930458
10.12,334.351208,132.406011,95.0,336.056859,132.653147,94.578971,-26.855393,-4.371808,0.0,-16.62107,-2.904073,1.550238,-268.908275,-38.606049,11.506776
10.13,334.077249,132.361413,95.0,335.880845,132.622453,94.593923,-28.070256,-4.569577,0.0,-17.601381,-3.069393,1.495185,-280.015293,-40.166939,11.09814
10.14,333.791093,132.314829,95.0,335.694805,132.590072,94.608344,-29.300634,-4.769871,0.0,-18.604007,-3.238172,1.442087,-291.204954,-41.739251,10.704015
10.15,333.492588,132.266235,95.0,335.498522,132.555969,94.622252,-30.545806,-4.972573,0.0,-19.628269,-3.410297,1.390875,-302.471239,-43.322192,10.323888
10.16,333.18159,132.215608,95.0,335.291787,132.520112,94.635667,-31.805054,-5.177567,0.0,-20.673483,-3.585655,1.341481,-313.808256,-44.914985,9.957259
10.17,332.857963,132.162924,95.0,335.074398,132.482471,94.648606,-33.077669,-5.384737,0.0,-21.738965,-3.764132,1.293842,-325.210226,-46.51686,9.603651
10.18,332.521576,132.108163,95.0,334.846157,132.443015,94.661085,-34.362948,-5.593968,0.0,-22.82403,-3.945616,1.247894,-336.671483,-48.127061,9.2626
10.19,332.172306,132.051306,95.0,334.606878,132.401715,94.67312,-35.660194,-5.805148,0.0,-23.927992,-4.129996,1.203578,-348.18646,-49.744841,8.93366
10.2,331.810039,131.992332,95.0,334.356376,132.358543,94.684729,-36.968716,-6.018163,0.0,-25.050163,-4.317158,1.160836,-359.74969,-51.369463,8.616402
10.21,331.434664,131.931224,95.0,334.094477,132.313473,94.695925,-38.287833,-6.232903,0.0,-26.18986,-4.506992,1.119612,-371.355797,-53.0002,8.310411
10.22,331.046079,131.867966,95.0,333.821013,132.266479,94.706723,-39.616866,-6.449257,0.0,-27.346397,-4.699387,1.079851,-382.999491,-54.636332,8.015287
10.23,330.64419,131.802543,95.0,333.535822,132.217537,94.717138,-40.955146,-6.667117,0.0,-28.519093,-4.894233,1.041503,-394.67557,-56.277151,7.730643
10.24,330.228906,131.734938,95.0,333.23875,132.166623,94.727184,-42.302009,-6.886374,0.0,-29.707268,-5.091419,1.004516,-406.378909,-57.921954,7.456107
10.25,329.800145,131.66514,95.0,332.929647,132.113714,94.736872,-43.656799,-7.106921,0.0,-30.910243,-5.290836,0.968843,-418.10446,-59.570048,7.191321
10.26,329.357832,131.593136,95.0,332.608374,132.058791,94.746216,-45.018864,-7.328652,0.0,-32.127345,-5.492377,0.934437,-429.847253,-61.22075,6.935938
10.27,328.901898,131.518914,95.0,332.274795,132.001831,94.755229,-46.387561,-7.551463,0.0,-33.357903,-5.695933,0.901253,-441.602385,-62.873382,6.689625
10.28,328.432279,131.442464,95.0,331.928782,131.942817,94.763921,-47.762252,-7.77525,0.0,-34.601248,-5.901398,0.869247,-453.365027,-64.527276,6.452059
10.29,327.948918,131.363777,95.0,331.570215,131.881731,94.772305,-49.142308,-7.999911,0.0,-35.856718,-6.108664,0.838378,-465.130416,-66.181771,6.222929
10.3,327.451766,131.282846,95.0,331.198979,131.818554,94.780391,-50.527105,-8.225343,0.0,-37.123652,-6.317627,0.808605,-476.893854,-67.836213,6.001936
10.31,326.940778,131.199661,95.0,330.814965,131.753273,94.78819,-51.916024,-8.451446,0.0,-38.401395,-6.528182,0.779889,-488.650711,-69.489957,5.788792
10.32,326.415915,131.114219,95.0,330.418072,131.68587,94.795712,-53.308455,-8.678121,0.0,-39.689297,-6.740224,0.752193,-500.396416,-71.142365,5.583216
10.33,325.877147,131.026512,95.0,330.008205,131.616334,94.802967,-54.703795,-8.905269,0.0,-40.986711,-6.953651,0.725481,-512.126464,-72.792807,5.384942
10.34,325.324447,130.936538,95.0,329.585275,131.54465,94.809964,-56.101444,-9.132793,0.0,-42.292995,-7.168361,0.699717,-523.836407,-74.440659,5.193708
10.35,324.757794,130.844292,95.0,329.1492,131.470808,94.816713,-57.500814,-9.360598,0.0,-43.607515,-7.38425,0.674868,-535.521861,-76.085307,5.009266
10.36,324.177175,130.749773,95.0,328.699903,131.394796,94.823222,-58.901318,-9.588587,0.0,-44.929637,-7.60122,0.650902,-547.178499,-77.726141,4.831374
10.37,323.582581,130.652978,95.0,328.237316,131.316604,94.8295,-60.30238,-9.816666,0.0,-46.258737,-7.819171,0.627787,-558.802051,-79.362563,4.659799
10.38,322.97401,130.553909,95.0,327.761374,131.236224,94.835554,-61.703428,-10.044744,0.0,-47.594193,-8.038002,0.605492,-570.388309,-80.993979,4.494317
10.39,322.351464,130.452564,95.0,327.27202,131.153648,94.841394,-63.103897,-10.272727,0.0,-48.93539,-8.257617,0.58399,-581.933117,-82.619802,4.334712
10.4,321.714952,130.348946,95.0,326.769203,131.068869,94.847027,-64.503231,-10.500526,0.0,-50.281719,-8.477918,0.563251,-593.43238,-84.239456,4.180775
10.41,321.064489,130.243056,95.0,326.252877,130.98188,94.852459,-65.900877,-10.72805,0.0,-51.632574,-8.698809,0.543248,-604.882057,-85.852368,4.032305
10.42,320.400092,130.134899,95.0,325.723003,130.892678,94.857699,-67.29629,-10.95521,0.0,-52.987358,-8.920195,0.523956,-616.278162,-87.457975,3.889107
10.43,319.721789,130.024477,95.0,325.179549,130.801259,94.862752,-68.688934,-11.181919,0.0,-54.345477,-9.141982,0.505349,-627.616767,-89.055722,3.750994
10.44,319.029608,129.911797,95.0,324.622485,130.707618,94.867626,-70.078275,-11.408091,0.0,-55.706345,-9.364075,0.487403,-638.893997,-90.645059,3.617787
10.45,318.323586,129.796863,95.0,324.051791,130.611754,94.872327,-71.463789,-11.63364,0.0,-57.06938,-9.586382,0.470094,-650.106032,-92.225445,3.48931
10.46,317.603763,129.679682,95.0,323.467451,130.513666,94.876861,-72.844958,-11.858482,0.0,-58.434007,-9.808813,0.453399,-661.249106,-93.796346,3.365395
10.47,316.870185,129.560263,95.0,322.869455,130.413353,94.881234,-74.22127,-12.082532,0.0,-59.799657,-10.031276,0.437298,-672.319511,-95.357235,3.245881
10.48,316.122903,129.438612,95.0,322.257797,130.310816,94.885452,-75.592221,-12.30571,0.0,-61.165766,-10.253681,0.421768,-683.313587,-96.907593,3.130611
10.49,315.361973,129.31474,95.0,321.632479,130.206057,94.88952,-76.95731,-12.527934,0.0,-62.531777,-10.475941,0.40679,-694.227734,-98.446908,3.019435
10.5,314.587457,129.188656,95.0,320.993508,130.099077,94.893443,-78.316047,-12.749124,0.0,-63.897138,-10.697967,0.392344,-705.0584,-99.974675,2.912207
10.51,313.799419,129.060371,95.0,320.340895,129.989881,94.897227,-79.667947,-12.969201,0.0,-65.261304,-10.919672,0.378411,-715.802093,-101.490398,2.808787
10.52,312.99793,128.929896,95.0,319.674658,129.878471,94.900877,-81.01253,-13.188086,0.0,-66.623737,-11.140971,0.364972,-726.455368,-102.993587,2.709039
10.53,312.183067,128.797243,95.0,318.994819,129.764853,94.904397,-82.349324,-13.405704,0.0,-67.983904,-11.361779,0.352011,-737.014839,-104.483759,2.612834
10.54,311.354908,128.662427,95.0,318.301406,129.649033,94.907792,-83.677865,-13.621978,0.0,-69.341276,-11.582012,0.339511,-747.477169,-105.96044,2.520045
10.55,310.513538,128.52546,95.0,317.594452,129.531017,94.911067,-84.997692,-13.836834,0.0,-70.695336,-11.801588,0.327454,-757.839077,-107.423161,2.430552
10.56,309.659047,128.386357,95.0,316.873997,129.410813,94.914225,-86.308354,-14.050197,0.0,-72.045567,-12.020424,0.315825,-768.097334,-108.871463,2.344237
10.57,308.791529,128.245133,95.0,316.140082,129.288428,94.917271,-87.609405,-14.261996,0.0,-73.391461,-12.23844,0.304609,-778.248764,-110.304893,2.260987
10.58,307.911081,128.101804,95.0,315.392757,129.163873,94.920209,-88.900406,-14.472159,0.0,-74.732518,-12.455556,0.293792,-788.290245,-111.723005,2.180693
10.59,307.017805,127.956387,95.0,314.632075,129.037156,94.923043,-90.180925,-14.680616,0.0,-76.068242,-12.671693,0.283358,-798.218706,-113.125362,2.103251
10.6,306.111809,127.808899,95.0,313.858093,128.908288,94.925776,-91.450535,-14.887296,0.0,-77.398143,-12.886774,0.273295,-808.031133,-114.511533,2.028559
10.61,305.193203,127.659359,95.0,313.070876,128.777281,94.928412,-92.708818,-15.092133,0.0,-78.72174,-13.100721,0.26359,-817.724559,-115.881095,1.956519
10.62,304.262103,127.507784,95.0,312.27049,128.644146,94.930954,-93.95536,-15.295059,0.0,-80.038554,-13.31346,0.254229,-827.296075,-117.233633,1.887038
10.63,303.318628,127.354195,95.0,311.457009,128.508897,94.933406,-95.189756,-15.496007,0.0,-81.348117,-13.524914,0.245201,-836.742822,-118.568737,1.820024
10.64,302.3629,127.198612,95.0,310.630509,128.371547,94.935771,-96.411606,-15.694913,0.0,-82.649964,-13.735011,0.236493,-846.061995,-119.886008,1.755391
10.65,301.395047,127.041054,95.0,309.791073,128.23211,94.938052,-97.620517,-15.891712,0.0,-83.943638,-13.943677,0.228095,-855.250842,-121.185052,1.693052
10.66,300.4152,126.881544,95.0,308.938786,128.090602,94.940252,-98.816103,-16.086342,0.0,-85.228688,-14.150842,0.219994,-864.306663,-122.465483,1.632927
10.67,299.423494,126.720104,95.0,308.073739,127.947038,94.942374,-99.997985,-16.278742,0.0,-86.50467,-14.356434,0.212182,-873.22681,-123.726923,1.574938
10.68,298.420068,126.556755,95.0,307.196028,127.801434,94.94442,-101.165788,-16.468849,0.0,-87.771146,-14.560383,0.204647,-882.00869,-124.969,1.519008
10.69,297.405063,126.391522,95.0,306.305751,127.653808,94.946394,-102.319148,-16.656605,0.0,-89.027683,-14.762622,0.197379,-890.649761,-126.191351,1.465064
10.7,296.378625,126.224427,95.0,305.403013,127.504177,94.948298,-103.457703,-16.841952,0.0,-90.273857,-14.963083,0.19037,-899.147535,-127.39362,1.413035
10.71,295.340904,126.055496,95.0,304.48792,127.35256,94.950134,-104.581101,-17.02483,0.0,-91.509248,-15.161698,0.183609,-907.499574,-128.575458,1.362855
10.72,294.292054,125.884753,95.0,303.560586,127.198976,94.951904,-105.688996,-17.205185,0.0,-92.733445,-15.358404,0.177089,-915.703497,-129.736524,1.314456
10.73,293.232229,125.712223,95.0,302.621125,127.043444,94.953612,-106.781046,-17.382961,0.0,-93.946041,-15.553134,0.1708,-923.756971,-130.876483,1.267776
10.74,292.161591,125.537933,95.0,301.669659,126.885986,94.95526,-107.856918,-17.558103,0.0,-95.146637,-15.745826,0.164734,-931.65772,-131.995011,1.222754
10.75,291.080301,125.36191,95.0,300.70631,126.726622,94.956849,-108.916287,-17.730558,0.0,-96.33484,-15.936418,0.158884,-939.403517,-133.091787,1.179331
10.76,289.988527,125.184179,95.0,299.731208,126.565373,94.958381,-109.958831,-17.900275,0.0,-97.510263,-16.124848,0.153242,-946.992191,-134.166501,1.13745
10.77,288.886438,125.004769,95.0,298.744483,126.402263,94.959859,-110.984237,-18.067201,0.0,-98.672526,-16.311055,0.1478,-954.421621,-135.218848,1.097056
10.78,287.774206,124.823708,95.0,297.74627,126.237313,94.961285,-111.992197,-18.231288,0.0,-99.821257,-16.494982,0.142551,-961.689739,-136.248533,1.058097
10.79,286.652006,124.641024,95.0,296.736709,126.070547,94.962659,-112.982412,-18.392486,0.0,-100.956087,-16.676568,0.137489,-968.794532,-137.255265,1.020521
10.8,285.520018,124.456747,95.0,295.715943,125.90199,94.963986,-113.954588,-18.550747,0.0,-102.076656,-16.855758,0.132606,-975.734038,-138.238764,0.984279
10.81,284.378423,124.270906,95.0,294.684116,125.731665,94.965265,-114.908437,-18.706025,0.0,-103.18261,-17.032495,0.127897,-982.506347,-139.198755,0.949325
10.82,283.227404,124.083531,95.0,293.64138,125.559598,94.966498,-115.843679,-18.858273,0.0,-104.273601,-17.206724,0.123355,-989.109602,-140.134972,0.915612
10.83,282.067149,123.894652,95.0,292.587888,125.385814,94.967688,-116.760039,-19.007448,0.0,-105.349289,-17.378392,0.118974,-995.541999,-141.047155,0.883096
10.84,280.897848,123.704301,95.0,291.523794,125.210339,94.968835,-117.657251,-19.153506,0.0,-106.409339,-17.547444,0.114749,-1001.801789,-141.935054,0.851735
10.85,279.719693,123.512508,95.0,290.44926,125.033201,94.969942,-118.535053,-19.296404,0.0,-107.453423,-17.71383,0.110674,-1007.88727,-142.798424,0.821488
10.86,278.532879,123.319306,95.0,289.364448,124.854426,94.971009,-119.393191,-19.436101,0.0,-108.481219,-17.877499,0.106744,-1013.796799,-143.637027,0.792315
10.87,277.337603,123.124726,95.0,288.269524,124.674042,94.972039,-120.231419,-19.572557,0.0,-109.492412,-18.0384,0.102953,-1019.528781,-144.450636,0.764177
10.88,276.134065,122.928801,95.0,287.164657,124.492077,94.973032,-121.049493,-19.705731,0.0,-110.486695,-18.196485,0.099297,-1025.081676,-145.239028,0.737039
10.89,274.922467,122.731564,95.0,286.050019,124.30856,94.97399,-121.847181,-19.835588,0.0,-111.463764,-18.351707,0.095771,-1030.453995,-146.001989,0.710865
10.9,273.703014,122.533049,95.0,284.925786,124.12352,94.974913,-122.624255,-19.962088,0.0,-112.423326,-18.504018,0.09237,-1035.644305,-146.739313,0.685621
10.91,272.475913,122.333288,95.0,283.792135,123.936986,94.975804,-123.380493,-20.085197,0.0,-113.36509,-18.653374,0.089089,-1040.651222,-147.450799,0.661272
10.92,271.241372,122.132316,95.0,282.649247,123.748989,94.976664,-124.11568,-20.204878,0.0,-114.288774,-18.799729,0.085925,-1045.473415,-148.136256,0.637789
10.93,269.999603,121.930168,95.0,281.497306,123.559558,94.977492,-124.82961,-20.321099,0.0,-115.194104,-18.943041,0.082874,-1050.109609,-148.795501,0.615139
10.94,268.750818,121.726877,95.0,280.336498,123.368726,94.978292,-125.522079,-20.433827,0.0,-116.080809,-19.083266,0.079931,-1054.558578,-149.428355,0.593294
10.95,267.495233,121.52248,95.0,279.167012,123.176522,94.979062,-126.192894,-20.543029,0.0,-116.948627,-19.220365,0.077092,-1058.81915,-150.034651,0.572225
10.96,266.233065,121.317011,95.0,277.989039,122.982979,94.979806,-126.841867,-20.648676,0.0,-117.797301,-19.354295,0.074355,-1062.890207,-150.614225,0.551903
10.97,264.964532,121.110505,95.0,276.802773,122.788129,94.980523,-127.468815,-20.750737,0.0,-118.626583,-19.485019,0.071714,-1066.770681,-151.166923,0.532304
10.98,263.689856,120.903,95.0,275.608411,122.592004,94.981215,-128.073564,-20.849185,0.0,-119.436229,-19.612498,0.069167,-1070.459559,-151.6926,0.5134
10.99,262.409257,120.69453,95.0,274.406151,122.394637,94.981882,-128.655945,-20.943991,0.0,-120.226003,-19.736695,0.066711,-1073.955879,-152.191115,0.495168
11.0,261.122962,120.485133,95.0,273.196194,122.196061,94.982525,-129.215797,-21.03513,0.0,-120.995674,-19.857574,0.064342,-1077.258733,-152.662336,0.477583
11.01,259.831194,120.274845,95.0,271.978744,121.99631,94.983146,-129.752965,-21.122576,0.0,-121.74502,-19.9751,0.062057,-1080.367265,-153.106139,0.460623
11.02,258.53418,120.063704,95.0,270.754005,121.795418,94.983744,-130.267299,-21.206305,0.0,-122.473823,-20.089239,0.059853,-1083.280672,-153.522408,0.444265
11.03,257.232151,119.851745,95.0,269.522187,121.593418,94.984322,-130.758659,-21.286293,0.0,-123.181874,-20.199959,0.057728,-1085.998203,-153.911033,0.428488
11.04,255.925335,119.639008,95.0,268.283497,121.390346,94.984879,-131.226908,-21.36252,0.0,-123.868969,-20.307227,0.055678,-1088.519161,-154.271911,0.413271
11.05,254.613963,119.425529,95.0,267.038148,121.186236,94.985416,-131.671918,-21.434963,0.0,-124.53491,-20.411013,0.0537,-1090.8429,-154.604949,0.398595
11.06,253.298268,119.211346,95.0,265.786353,120.981123,94.985933,-132.093566,-21.503604,0.0,-125.179507,-20.511288,0.051793,-1092.968827,-154.910059,0.38444
11.07,251.978484,118.996497,95.0,264.528327,120.775043,94.986433,-132.491738,-21.568423,0.0,-125.802576,-20.608023,0.049954,-1094.896404,-155.187163,0.370787
11.08,250.654845,118.781021,95.0,263.264288,120.568031,94.986915,-132.866324,-21.629402,0.0,-126.403939,-20.70119,0.04818,-1096.625143,-155.436188,0.35762
11.09,249.327587,118.564956,95.0,261.994453,120.360123,94.987379,-133.217222,-21.686525,0.0,-126.983426,-20.790762,0.046469,-1098.154609,-155.65707,0.34492
11.1,247.996948,118.34834,95.0,260.719045,120.151356,94.987828,-133.544336,-21.739776,0.0,-127.540873,-20.876716,0.044819,-1099.484421,-155.849752,0.332671
11.11,246.663164,118.131213,95.0,259.438283,119.941766,94.98826,-133.847577,-21.78914,0.0,-128.076122,-20.959026,0.043227,-1100.614249,-156.014184,0.320857
11.12,245.326474,117.913612,95.0,258.152393,119.731389,94.988677,-134.126863,-21.834606,0.0,-128.589021,-21.037669,0.041692,-1101.543818,-156.150325,0.309462
11.13,243.987118,117.695577,95.0,256.861599,119.520263,94.989079,-134.382116,-21.876158,0.0,-129.079426,-21.112622,0.040211,-1102.272903,-156.25814,0.298472
11.14,242.645335,117.477148,95.0,255.566127,119.308424,94.989467,-134.61327,-21.913788,0.0,-129.547198,-21.183866,0.038783,-1102.801334,-156.337602,0.287873
11.15,241.301367,117.258362,95.0,254.266205,119.095911,94.989841,-134.820259,-21.947484,0.0,-129.992208,-21.25138,0.037406,-1103.128992,-156.388693,0.27765
11.16,239.955455,117.03926,95.0,252.962062,118.882759,94.990202,-135.003029,-21.977237,0.0,-130.414329,-21.315144,0.036078,-1103.255811,-156.411399,0.26779
11.17,238.607841,116.819881,95.0,251.653927,118.669008,94.99055,-135.16153,-22.00304,0.0,-130.813443,-21.375142,0.034796,-1103.181779,-156.405716,0.25828
11.18,237.258766,116.600264,95.0,250.342033,118.454694,94.990885,-135.295719,-22.024884,0.0,-131.189439,-21.431356,0.033561,-1102.906935,-156.371648,0.249108
11.19,235.908475,116.380449,95.0,249.026611,118.239856,94.991209,-135.405559,-22.042765,0.0,-131.542211,-21.48377,0.032369,-1102.431372,-156.309205,0.240261
11.2,234.557209,116.160476,95.0,247.707894,118.024533,94.991521,-135.491021,-22.056678,0.0,-131.871662,-21.53237,0.031219,-1101.755234,-156.218406,0.231729
11.21,233.205212,115.940383,95.0,246.386117,117.808761,94.991822,-135.552082,-22.066618,0.0,-132.177698,-21.577142,0.030111,-1100.878721,-156.099275,0.2235
11.22,231.852728,115.720212,95.0,245.061515,117.592581,94.992113,-135.588725,-22.072583,0.0,-132.460235,-21.618074,0.029041,-1099.802081,-155.951846,0.215562
11.23,230.5,115.5,95.0,243.734323,117.376029,94.992393,-135.60094,-22.074572,0.0,-132.719193,-21.655155,0.02801,-1098.525618,-155.776159,0.207907
11.24,229.147272,115.279788,95.0,242.404778,117.159145,94.992663,-135.588725,-22.072583,0.0,-132.9545,-21.688373,0.027015,-1097.049688,-155.572263,0.200524
11.25,227.794788,115.059617,95.0,241.073117,116.941968,94.992923,-135.552082,-22.066618,0.0,-133.166092,-21.71772,0.026056,-1095.3747,-155.340213,0.193403
11.26,226.442791,114.839524,95.0,239.739578,116.724536,94.993175,-135.491021,-22.056678,0.0,-133.353908,-21.743187,0.025131,-1093.501115,-155.080072,0.186535
11.27,225.091525,114.619551,95.0,238.404399,116.506889,94.993417,-135.405559,-22.042765,0.0,-133.517896,-21.764767,0.024238,-1091.429446,-154.79191,0.17991
11.28,223.741234,114.399736,95.0,237.067819,116.289064,94.993651,-135.295719,-22.024884,0.0,-133.658009,-21.782454,0.023377,-1089.160261,-154.475807,0.173521
11.29,222.392159,114.180119,95.0,235.730077,116.071102,94.993876,-135.16153,-22.00304,0.0,-133.77421,-21.796243,0.022547,-1086.694178,-154.131847,0.167359
11.3,221.044545,113.96074,95.0,234.391412,115.85304,94.994094,-135.003029,-21.977237,0.0,-133.866465,-21.806129,0.021747,-1084.03187,-153.760123,0.161416
11.31,219.698633,113.741638,95.0,233.052065,115.634919,94.994304,-134.820259,-21.947484,0.0,-133.934747,-21.812111,0.020974,-1081.174061,-153.360737,0.155683
11.32,218.354665,113.522852,95.0,231.712274,115.416777,94.994506,-134.61327,-21.913788,0.0,-133.979037,-21.814186,0.020229,-1078.121529,-152.933796,0.150155
11.33,217.012882,113.304423,95.0,230.372281,115.198654,94.994701,-134.382116,-21.876158,0.0,-133.999323,-21.812354,0.019511,-1074.875103,-152.479415,0.144822
11.34,215.673526,113.086388,95.0,229.032325,114.980588,94.994889,-134.126863,-21.834606,0.0,-133.995597,-21.806614,0.018818,-1071.435667,-151.997719,0.139679
11.35,214.336836,112.868787,95.0,227.692646,114.762618,94.995071,-133.847577,-21.78914,0.0,-133.967859,-21.796969,0.01815,-1067.804156,-151.488837,0.134719
11.36,213.003052,112.65166,95.0,226.353485,114.544784,94.995246,-133.544336,-21.739776,0.0,-133.916117,-21.78342,0.017505,-1063.981558,-150.952907,0.129935
11.37,211.672413,112.435044,95.0,225.015081,114.327124,94.995415,-133.217222,-21.686525,0.0,-133.840384,-21.765971,0.016884,-1059.968913,-150.390076,0.12532
11.38,210.345155,112.218979,95.0,223.677675,114.109678,94.995577,-132.866324,-21.629402,0.0,-133.740679,-21.744627,0.016284,-1055.767316,-149.800496,0.12087
11.39,209.021516,112.003503,95.0,222.341504,113.892484,94.995734,-132.491738,-21.568423,0.0,-133.617028,-21.719393,0.015706,-1051.377913,-149.184328,0.116577
11.4,207.701732,111.788654,95.0,221.00681,113.675581,94.995886,-132.093566,-21.503604,0.0,-133.469466,-21.690276,0.015148,-1046.801902,-148.54174,0.112437
11.41,206.386037,111.574471,95.0,219.673829,113.459008,94.996032,-131.671918,-21.434963,0.0,-133.298032,-21.657284,0.01461,-1042.040535,-147.872908,0.108444
11.42,205.074665,111.360992,95.0,218.342802,113.242804,94.996173,-131.226908,-21.36252,0.0,-133.102771,-21.620426,0.014091,-1037.095117,-147.178015,0.104593
11.43,203.767849,111.148255,95.0,217.013964,113.027007,94.996309,-130.758659,-21.286293,0.0,-132.883736,-21.579712,0.013591,-1031.967004,-146.457251,0.100879
11.44,202.46582,110.936296,95.0,215.687554,112.811655,94.99644,-130.267299,-21.206305,0.0,-132.640988,-21.535152,0.013108,-1026.657606,-145.710815,0.097296
11.45,201.168806,110.725155,95.0,214.363808,112.596788,94.996566,-129.752965,-21.122576,0.0,-132.374591,-21.486759,0.012643,-1021.168385,-144.938912,0.093841
11.46,199.877038,110.514867,95.0,213.042962,112.382442,94.996688,-129.215797,-21.03513,0.0,-132.084619,-21.434546,0.012194,-1015.500857,-144.141756,0.090509
11.47,198.590743,110.30547,95.0,211.725251,112.168657,94.996806,-128.655945,-20.943991,0.0,-131.771149,-21.378527,0.011761,-1009.65659,-143.319567,0.087294
11.48,197.310144,110.097,95.0,210.410908,111.95547,94.996919,-128.073564,-20.849185,0.0,-131.43427,-21.318718,0.011343,-1003.637203,-142.472573,0.084194
11.49,196.035468,109.889495,95.0,209.100167,111.742918,94.997029,-127.468815,-20.750737,0.0,-131.074071,-21.255135,0.01094,-997.44437,-141.60101,0.081204
11.5,194.766935,109.682989,95.0,207.793261,111.531041,94.997134,-126.841867,-20.648676,0.0,-130.690653,-21.187794,0.010552,-991.079816,-140.705121,0.078321
11.51,193.504767,109.47752,95.0,206.49042,111.319873,94.997236,-126.192894,-20.543029,0.0,-130.28412,-21.116716,0.010177,-984.545321,-139.785157,0.075539
11.52,192.249182,109.273123,95.0,205.191874,111.109454,94.997334,-125.522079,-20.433827,0.0,-129.854585,-21.041919,0.009816,-977.842715,-138.841376,0.072857
11.53,191.000397,109.069832,95.0,203.897852,110.89982,94.997429,-124.82961,-20.321099,0.0,-129.402166,-20.963424,0.009467,-970.973883,-137.874044,0.070269
11.54,189.758628,108.867684,95.0,202.608582,110.691007,94.99752,-124.11568,-20.204878,0.0,-128.926989,-20.881253,0.009131,-963.940761,-136.883433,0.067774
11.55,188.524087,108.666712,95.0,201.32429,110.483053,94.997608,-123.380493,-20.085197,0.0,-128.429185,-20.795428,0.008807,-956.745338,-135.869825,0.065367
11.56,187.296986,108.466951,95.0,200.045201,110.275993,94.997693,-122.624255,-19.962088,0.0,-127.908893,-20.705974,0.008494,-949.389656,-134.833508,0.063046
11.57,186.077533,108.268436,95.0,198.771539,110.069864,94.997775,-121.847181,-19.835588,0.0,-127.366258,-20.612916,0.008192,-941.87581,-133.774777,0.060807
11.58,184.865935,108.071199,95.0,197.503525,109.864701,94.997854,-121.049493,-19.705731,0.0,-126.80143,-20.516278,0.007901,-934.205948,-132.693936,0.058647
11.59,183.662397,107.875274,95.0,196.241379,109.660541,94.99793,-120.231419,-19.572557,0.0,-126.214569,-20.41609,0.007621,-926.38227,-131.591295,0.056565
11.6,182.467121,107.680694,95.0,194.985321,109.457417,94.998004,-119.393191,-19.436101,0.0,-125.605839,-20.312378,0.00735,-918.407028,-130.467173,0.054556
11.61,181.280307,107.487492,95.0,193.735566,109.255365,94.998075,-118.535053,-19.296404,0.0,-124.975411,-20.205171,0.007089,-910.282527,-129.321896,0.052618
11.62,180.102152,107.295699,95.0,192.492332,109.05442,94.998143,-117.657251,-19.153506,0.0,-124.323463,-20.094501,0.006837,-902.011127,-128.155795,0.05075
11.63,178.932851,107.105348,95.0,191.25583,108.854616,94.998209,-116.760039,-19.007448,0.0,-123.65018,-19.980399,0.006594,-893.595237,-126.969214,0.048948
11.64,177.772596,106.916469,95.0,190.026272,108.655987,94.998273,-115.843679,-18.858273,0.0,-122.955753,-19.862896,0.00636,-885.037322,-125.762498,0.047209
11.65,176.621577,106.729094,95.0,188.803869,108.458567,94.998334,-114.908437,-18.706025,0.0,-122.240379,-19.742027,0.006134,-876.339898,-124.536005,0.045533
11.66,175.479982,106.543253,95.0,187.588826,108.262389,94.998393,-113.954588,-18.550747,0.0,-121.504262,-19.617827,0.005917,-867.505533,-123.290098,0.043916
11.67,174.347994,106.358976,95.0,186.38135,108.067485,94.99845,-112.982412,-18.392486,0.0,-120.747614,-19.49033,0.005706,-858.53685,-122.025147,0.042356
11.68,173.225794,106.176292,95.0,185.181643,107.87389,94.998505,-111.992197,-18.231288,0.0,-119.970651,-19.359573,0.005504,-849.436522,-120.741531,0.040852
11.69,172.113562,105.995231,95.0,183.989907,107.681634,94.998558,-110.984237,-18.067201,0.0,-119.173598,-19.225595,0.005308,-840.207277,-119.439634,0.039401
11.7,171.011473,105.815821,95.0,182.806341,107.490749,94.99861,-109.958831,-17.900275,0.0,-118.356686,-19.088434,0.00512,-830.851895,-118.119852,0.038002
11.71,169.919699,105.63809,95.0,181.631139,107.301268,94.998659,-108.916287,-17.730558,0.0,-117.52015,-18.94813,0.004938,-821.373207,-116.782584,0.036653
11.72,168.838409,105.462067,95.0,180.464497,107.113221,94.998707,-107.856918,-17.558103,0.0,-116.664236,-18.804725,0.004763,-811.7741,-115.428239,0.035351
11.73,167.767771,105.287777,95.0,179.306605,106.926638,94.998752,-106.781046,-17.382961,0.0,-115.789194,-18.658259,0.004593,-802.05751,-114.057232,0.034095
11.74,166.707946,105.115247,95.0,178.157652,106.74155,94.998797,-105.688996,-17.205185,0.0,-114.89528,-18.508777,0.00443,-792.226429,-112.669987,0.032885
11.75,165.659096,104.944504,95.0,177.017824,106.557987,94.998839,-104.581101,-17.02483,0.0,-113.982757,-18.356323,0.004273,-782.283899,-111.266935,0.031717
11.76,164.621375,104.775573,95.0,175.887305,106.375978,94.998881,-103.457703,-16.841952,0.0,-113.051897,-18.200942,0.004121,-772.233017,-109.848514,0.03059
11.77,163.594937,104.608478,95.0,174.766276,106.195551,94.99892,-102.319148,-16.656605,0.0,-112.102975,-18.04268,0.003975,-762.076931,-108.415169,0.029504
11.78,162.579932,104.443245,95.0,173.654913,106.016735,94.998959,-101.165788,-16.468849,0.0,-111.136276,-17.881585,0.003834,-751.818842,-106.967355,0.028456
11.79,161.576506,104.279896,95.0,172.553392,105.839558,94.998996,-99.997985,-16.278742,0.0,-110.152088,-17.717705,0.003698,-741.462005,-105.505532,0.027446
11.8,160.5848,104.118456,95.0,171.461885,105.664047,94.999031,-98.816103,-16.086342,0.0,-109.150708,-17.551091,0.003566,-731.009726,-104.030167,0.026471
11.81,159.604953,103.958946,95.0,170.380561,105.490229,94.999066,-97.620517,-15.891712,0.0,-108.132439,-17.381791,0.00344,-720.465365,-102.541738,0.025531
11.82,158.6371,103.801388,95.0,169.309585,105.318131,94.999099,-96.411606,-15.694913,0.0,-107.097591,-17.20986,0.003317,-709.832333,-101.040728,0.024624
11.83,157.681372,103.645805,95.0,168.24912,105.147777,94.999131,-95.189756,-15.496007,0.0,-106.04648,-17.035348,0.0032,-699.114095,-99.527626,0.02375
11.84,156.737897,103.492216,95.0,167.199326,104.979194,94.999162,-93.95536,-15.295059,0.0,-104.979429,-16.858311,0.003086,-688.31417,-98.002933,0.022906
11.85,155.806797,103.340641,95.0,166.160358,104.812406,94.999192,-92.708818,-15.092133,0.0,-103.896767,-16.678802,0.002976,-677.436127,-96.467152,0.022093
11.86,154.888191,103.191101,95.0,165.13237,104.647437,94.99922,-91.450535,-14.887296,0.0,-102.79883,-16.496879,0.002871,-666.483588,-94.920799,0.021308
11.87,153.982195,103.043613,95.0,164.11551,104.484311,94.999248,-90.180925,-14.680616,0.0,-101.685961,-16.312597,0.002769,-655.46023,-93.364394,0.020552
11.88,153.088919,102.898196,95.0,163.109925,104.323051,94.999275,-88.900406,-14.472159,0.0,-100.558508,-16.126016,0.00267,-644.369781,-91.798465,0.019822
11.89,152.208471,102.754867,95.0,162.115757,104.163679,94.9993,-87.609405,-14.261996,0.0,-99.416828,-15.937195,0.002576,-633.216021,-90.223547,0.019118
11.9,151.340953,102.613643,95.0,161.133144,104.006217,94.999325,-86.308354,-14.050197,0.0,-98.261282,-15.746193,0.002484,-622.002785,-88.640186,0.018439
11.91,150.486462,102.47454,95.0,160.162221,103.850686,94.999349,-84.997692,-13.836834,0.0,-97.09224,-15.553073,0.002396,-610.733959,-87.04893,0.017784
11.92,149.645092,102.337573,95.0,159.203121,103.697107,94.999372,-83.677865,-13.621978,0.0,-95.910077,-15.357897,0.002311,-599.413482,-85.45034,0.017153
11.93,148.816933,102.202757,95.0,158.255969,103.5455,94.999395,-82.349324,-13.405704,0.0,-94.715175,-15.160728,0.002229,-588.045345,-83.84498,0.016544
11.94,148.00207,102.070104,95.0,157.32089,103.395884,94.999416,-81.01253,-13.188086,0.0,-93.507923,-14.96163,0.00215,-576.633593,-82.233424,0.015956
11.95,147.200581,101.939629,95.0,156.398002,103.248277,94.999437,-79.667947,-12.969201,0.0,-92.288716,-14.760671,0.002073,-565.182323,-80.616253,0.015389
11.96,146.412543,101.811344,95.0,155.487423,103.102698,94.999457,-78.316047,-12.749124,0.0,-91.057956,-14.557915,0.002,-553.695685,-78.994056,0.014843
11.97,145.638027,101.68526,95.0,154.589262,102.959164,94.999476,-76.95731,-12.527934,0.0,-89.816051,-14.353432,0.001929,-542.177882,-77.367428,0.014316
11.98,144.877097,101.561388,95.0,153.703628,102.817691,94.999495,-75.592221,-12.30571,0.0,-88.563416,-14.14729,0.00186,-530.633168,-75.736972,0.013807
11.99,144.129815,101.439737,95.0,152.830624,102.678295,94.999513,-74.22127,-12.082532,0.0,-87.300473,-13.939559,0.001794,-519.065852,-74.103301,0.013317
12.0,143.396237,101.320318,95.0,151.970347,102.540992,94.99953,-72.844958,-11.858482,0.0,-86.02765,-13.73031,0.00173,-507.480294,-72.467032,0.012844
12.01,142.676414,101.203137,95.0,151.122893,102.405796,94.999547,-71.463789,-11.63364,0.0,-84.745381,-13.519615,0.001669,-495.880908,-70.828791,0.012388
12.02,141.970392,101.088203,95.0,150.288352,102.27272,94.999563,-70.078275,-11.408091,0.0,-83.454108,-13.307548,0.00161,-484.272159,-69.189212,0.011948
12.03,141.278211,100.975523,95.0,149.466809,102.141779,94.999578,-68.688934,-11.181919,0.0,-82.15428,-13.094182,0.001553,-472.658567,-67.548935,0.011524
12.04,140.599908,100.865101,95.0,148.658346,102.012983,94.999593,-67.29629,-10.95521,0.0,-80.846349,-12.879593,0.001497,-461.044702,-65.90861,0.011114
12.05,139.935511,100.756944,95.0,147.863038,101.886344,94.999608,-65.900877,-10.72805,0.0,-79.530779,-12.663858,0.001444,-449.435189,-64.268891,0.01072
12.06,139.285048,100.651054,95.0,147.080958,101.761874,94.999622,-64.503231,-10.500526,0.0,-78.208035,-12.447053,0.001393,-437.834705,-62.630443,0.010339
12.07,138.648536,100.547436,95.0,146.312172,101.639581,94.999635,-63.103897,-10.272727,0.0,-76.878593,-12.229258,0.001343,-426.247978,-60.993937,0.009972
12.08,138.02599,100.446091,95.0,145.556742,101.519476,94.999648,-61.703428,-10.044744,0.0,-75.542934,-12.010551,0.001296,-414.679792,-59.360051,0.009618
12.09,137.417419,100.347022,95.0,144.814727,101.401565,94.999661,-60.30238,-9.816666,0.0,-74.201544,-11.791015,0.00125,-403.134981,-57.729471,0.009276
12.1,136.822825,100.250227,95.0,144.086178,101.285858,94.999673,-58.901318,-9.588587,0.0,-72.854918,-11.57073,0.001205,-391.618433,-56.102891,0.008947
12.11,136.242206,100.155708,95.0,143.371142,101.17236,94.999684,-57.500814,-9.360598,0.0,-71.503556,-11.349779,0.001163,-380.135088,-54.481011,0.008629
12.12,135.675553,100.063462,95.0,142.669663,101.061078,94.999695,-56.101444,-9.132793,0.0,-70.147966,-11.128246,0.001121,-368.689939,-52.864541,0.008323
12.13,135.122853,99.973488,95.0,141.981776,100.952016,94.999706,-54.703795,-8.905269,0.0,-68.788661,-10.906217,0.001081,-357.288031,-51.254195,0.008027
12.14,134.584085,99.885781,95.0,141.307514,100.845178,94.999717,-53.308455,-8.678121,0.0,-67.426162,-10.683777,0.001043,-345.934463,-49.650699,0.007742
12.15,134.059222,99.800339,95.0,140.646904,100.740568,94.999727,-51.916024,-8.451446,0.0,-66.060996,-10.461013,0.001006,-334.634387,-48.054782,0.007467
12.16,133.548234,99.717154,95.0,139.999967,100.638188,94.999736,-50.527105,-8.225343,0.0,-64.693696,-10.238014,0.00097,-323.393005,-46.467184,0.007202
12.17,133.051082,99.636223,95.0,139.366719,100.538039,94.999746,-49.142308,-7.999911,0.0,-63.324803,-10.014868,0.000936,-312.215574,-44.88865,0.006946
12.18,132.567721,99.557536,95.0,138.747171,100.440122,94.999755,-47.762252,-7.77525,0.0,-61.954863,-9.791667,0.000903,-301.107404,-43.319934,0.006699
12.19,132.098102,99.481086,95.0,138.141326,100.344437,94.999764,-46.387561,-7.551463,0.0,-60.584429,-9.568501,0.000871,-290.073856,-41.761797,0.006462
12.2,131.642168,99.406864,95.0,137.549186,100.250983,94.999772,-45.018864,-7.328652,0.0,-59.214062,-9.345464,0.00084,-279.120345,-40.215007,0.006232
12.21,131.199855,99.33486,95.0,136.970743,100.159756,94.99978,-43.656799,-7.106921,0.0,-57.844328,-9.122648,0.00081,-268.252338,-38.680342,0.006011
12.22,130.771094,99.265062,95.0,136.405985,100.070755,94.999788,-42.302009,-6.886374,0.0,-56.475799,-8.900148,0.000781,-257.475355,-37.158583,0.005797
12.23,130.35581,99.197457,95.0,135.854894,99.983974,94.999795,-40.955146,-6.667117,0.0,-55.109056,-8.678061,0.000753,-246.794968,-35.650523,0.005591
12.24,129.953921,99.132034,95.0,135.317447,99.899409,94.999803,-39.616866,-6.449257,0.0,-53.744685,-8.456482,0.000727,-236.216803,-34.156961,0.005393
12.25,129.565336,99.068776,95.0,134.793614,99.817054,94.99981,-38.287833,-6.232903,0.0,-52.383279,-8.23551,0.000701,-225.746538,-32.678701,0.005201
12.26,129.189961,99.007668,95.0,134.28336,99.736902,94.999816,-36.968716,-6.018163,0.0,-51.025437,-8.015243,0.000676,-215.389904,-31.216558,0.005017
12.27,128.827694,98.948694,95.0,133.786642,99.658944,94.999823,-35.660194,-5.805148,0.0,-49.671765,-7.795782,0.000652,-205.152684,-29.771352,0.004838
12.28,128.478424,98.891837,95.0,133.303414,99.583172,94.999829,-34.362948,-5.593968,0.0,-48.322875,-7.577227,0.000629,-195.040714,-28.343914,0.004667
12.29,128.142037,98.837076,95.0,132.83362,99.509575,94.999835,-33.077669,-5.384737,0.0,-46.979388,-7.359681,0.000606,-185.059883,-26.935077,0.004501
12.3,127.81841,98.784392,95.0,132.3772,99.438142,94.999841,-31.805054,-5.177567,0.0,-45.641928,-7.143247,0.000585,-175.216133,-25.545687,0.004341
12.31,127.507412,98.733765,95.0,131.934089,99.368862,94.999847,-30.545806,-4.972573,0.0,-44.311128,-6.928029,0.000564,-165.515457,-24.176595,0.004187
12.32,127.208907,98.685171,95.0,131.504213,99.301721,94.999852,-29.300634,-4.769871,0.0,-42.987628,-6.714133,0.000544,-155.963903,-22.828658,0.004038
12.33,126.922751,98.638587,95.0,131.087492,99.236704,94.999857,-28.070256,-4.569577,0.0,-41.672071,-6.501665,0.000525,-146.567569,-21.502744,0.003895
12.34,126.648792,98.593989,95.0,130.683841,99.173797,94.999863,-26.855393,-4.371808,0.0,-40.365112,-6.290732,0.000506,-137.33261,-20.199725,0.003757
12.35,126.386873,98.551351,95.0,130.293167,99.112982,94.999867,-25.656776,-4.176685,0.0,-39.067407,-6.081443,0.000488,-128.265228,-18.920484,0.003623
12.36,126.136827,98.510646,95.0,129.915371,99.054243,94.999872,-24.475142,-3.984325,0.0,-37.779623,-5.873908,0.000471,-119.371683,-17.665908,0.003494
12.37,125.898481,98.471846,95.0,129.550346,98.997561,94.999877,-23.311231,-3.794852,0.0,-36.502432,-5.668238,0.000454,-110.658285,-16.436894,0.00337
12.38,125.671655,98.434921,95.0,129.197981,98.942915,94.999881,-22.165795,-3.608385,0.0,-35.236512,-5.464544,0.000438,-102.131395,-15.234346,0.003251
12.39,125.456161,98.39984,95.0,128.858156,98.890286,94.999885,-21.039589,-3.425049,0.0,-33.982547,-5.262938,0.000422,-93.797432,-14.059174,0.003135
12.4,125.251802,98.366572,95.0,128.530744,98.839651,94.999889,-19.933376,-3.244968,0.0,-32.74123,-5.063536,0.000407,-85.662861,-12.912298,0.003024
12.41,125.058377,98.335085,95.0,128.215611,98.790986,94.999893,-18.847925,-3.068267,0.0,-31.513259,-4.866452,0.000393,-77.734206,-11.794643,0.002916
12.42,124.875673,98.305342,95.0,127.912618,98.744268,94.999897,-17.784011,-2.895072,0.0,-30.299339,-4.671802,0.000379,-70.01804,-10.707144,0.002813
12.43,124.703473,98.277309,95.0,127.621616,98.699471,94.999901,-16.742418,-2.72551,0.0,-29.100181,-4.479703,0.000366,-62.520989,-9.650742,0.002713
12.44,124.541548,98.25095,95.0,127.342451,98.656568,94.999904,-15.723934,-2.55971,0.0,-27.916503,-4.290273,0.000353,-55.249733,-8.626384,0.002617
12.45,124.389666,98.226225,95.0,127.07496,98.615532,94.999908,-14.729355,-2.397802,0.0,-26.749029,-4.103633,0.00034,-48.211003,-7.635029,0.002524
12.46,124.247583,98.203095,95.0,126.818976,98.576333,94.999911,-13.759483,-2.239916,0.0,-25.598492,-3.919901,0.000328,-41.411584,-6.677638,0.002434
12.47,124.115049,98.18152,95.0,126.574319,98.538941,94.999914,-12.815128,-2.086184,0.0,-24.465628,-3.7392,0.000316,-34.858314,-5.755184,0.002348
12.48,123.991806,98.161457,95.0,126.340807,98.503324,94.999917,-11.897103,-1.936738,0.0,-23.351181,-3.561652,0.000305,-28.558082,-4.868646,0.002264
12.49,123.877586,98.142863,95.0,126.118248,98.469451,94.99992,-11.006233,-1.791712,0.0,-22.255904,-3.387381,0.000294,-22.517832,-4.019009,0.002184
12.5,123.772114,98.125693,95.0,125.906443,98.437286,94.999923,-10.143344,-1.651242,0.0,-21.180553,-3.216511,0.000284,-16.744558,-3.207267,0.002106
12.51,123.675108,98.109901,95.0,125.705184,98.406794,94.999926,-9.309273,-1.515463,0.0,-20.125892,-3.049168,0.000274,-11.24531,-2.434422,0.002032
12.52,123.586275,98.09544,95.0,125.514257,98.377939,94.999928,-8.504861,-1.384512,0.0,-19.092692,-2.885479,0.000264,-6.027186,-1.701482,0.001959
12.53,123.505316,98.082261,95.0,125.33344,98.350683,94.999931,-7.730957,-1.258528,0.0,-18.081731,-2.725571,0.000255,-1.097342,-1.009463,0.00189
12.54,123.431921,98.070313,95.0,125.162502,98.324988,94.999933,-6.988415,-1.137649,0.0,-17.093792,-2.569575,0.000246,3.537016,-0.35939,0.001823
12.55,123.365774,98.059545,95.0,125.001205,98.300811,94.999936,-6.278098,-1.022016,0.0,-16.129666,-2.417619,0.000237,7.86863,0.247706,0.001758
12.56,123.306549,98.049903,95.0,124.849304,98.278113,94.999938,-5.600874,-0.91177,0.0,-15.190149,-2.269834,0.000228,11.890189,0.810787,0.001696
12.57,123.253911,98.041334,95.0,124.706543,98.25685,94.99994,-4.957618,-0.807054,0.0,-14.276045,-2.126354,0.00022,15.594327,1.328806,0.001635
12.58,123.207518,98.033782,95.0,124.572662,98.236976,94.999942,-4.34921,-0.708011,0.0,-13.388165,-1.987311,0.000212,18.973628,1.800709,0.001577
12.59,123.167016,98.027189,95.0,124.447388,98.218448,94.999944,-3.77654,-0.614786,0.0,-12.527326,-1.852839,0.000205,22.020622,2.225435,0.001521
12.6,123.132046,98.021496,95.0,124.330445,98.201217,94.999946,-3.240501,-0.527523,0.0,-11.69435,-1.723074,0.000198,24.727787,2.601916,0.001467
12.61,123.102236,98.016643,95.0,124.221544,98.185236,94.999948,-2.741996,-0.446371,0.0,-10.890067,-1.598152,0.000191,27.087548,2.929075,0.001415
12.62,123.077209,98.012569,95.0,124.120391,98.170454,94.99995,-2.281931,-0.371477,0.0,-10.115315,-1.478212,0.000184,29.092276,3.205828,0.001365
12.63,123.056576,98.00921,95.0,124.026682,98.15682,94.999952,-1.861223,-0.30299,0.0,-9.370937,-1.36339,0.000177,30.734292,3.431083,0.001316
12.64,123.03994,98.006502,95.0,123.940104,98.144282,94.999954,-1.48079,-0.241059,0.0,-8.657781,-1.253828,0.000171,32.005862,3.603743,0.00127
12.65,123.026894,98.004378,95.0,123.860337,98.132785,94.999955,-1.141562,-0.185836,0.0,-7.976705,-1.149665,0.000165,32.899201,3.7227,0.001225
12.66,123.017023,98.002771,95.0,123.787051,98.122274,94.999957,-0.844473,-0.137472,0.0,-7.328571,-1.051045,0.000159,33.406469,3.78684,0.001181
12.67,123.009902,98.001612,95.0,123.719909,98.112693,94.999958,-0.590463,-0.096122,0.0,-6.714248,-0.958108,0.000153,33.519776,3.795043,0.001139
12.68,123.005095,98.000829,95.0,123.658562,98.103983,94.99996,-0.38048,-0.061939,0.0,-6.134614,-0.871001,0.000148,33.231177,3.74618,0.001099
12.69,123.002161,98.000352,95.0,123.602657,98.096085,94.999961,-0.215479,-0.035078,0.0,-5.59055,-0.789866,0.000143,32.532676,3.639114,0.00106
12.7,123.000643,98.000105,95.0,123.551827,98.088936,94.999963,-0.096419,-0.015696,0.0,-5.082946,-0.714852,0.000138,31.416224,3.4727,0.001022
12.71,123.000081,98.000013,95.0,123.5057,98.082475,94.999964,-0.024268,-0.003951,0.0,-4.612697,-0.646104,0.000133,29.873718,3.245789,0.000986
12.72,123.0,98.0,95.0,123.463893,98.076637,94.999965,0.0,0.0,0.0,-4.180707,-0.583771,0.000128,27.897004,2.957221,0.000951
12.73,123.0,98.0,95.0,123.426015,98.071357,94.999966,0.0,0.0,0.0,-3.787883,-0.528002,0.000124,25.477875,2.605829,0.000917
12.74,123.0,98.0,95.0,123.391672,98.06657,94.999968,0.0,0.0,0.0,-3.434282,-0.478773,0.000119,22.737081,2.211441,0.000884
12.75,123.0,98.0,95.0,123.360506,98.062216,94.999969,0.0,0.0,0.0,-3.116584,-0.435378,0.000115,20.180493,1.856028,0.000853
12.76,123.0,98.0,95.0,123.332196,98.058246,94.99997,0.0,0.0,0.0,-2.830977,-0.397036,0.000111,17.908285,1.5534,0.000823
12.77,123.0,98.0,95.0,123.306455,98.054615,94.999971,0.0,0.0,0.0,-2.574066,-0.363076,0.000107,15.888971,1.295898,0.000793
12.78,123.0,98.0,95.0,123.283027,98.051286,94.999972,0.0,0.0,0.0,-2.342818,-0.332922,0.000103,14.094544,1.076966,0.000765
12.79,123.0,98.0,95.0,123.261682,98.048225,94.999973,0.0,0.0,0.0,-2.134534,-0.306077,9.9e-05,12.500092,0.890991,0.000738
12.8,123.0,98.0,95.0,123.242214,98.045404,94.999974,0.0,0.0,0.0,-1.946803,-0.282113,9.6e-05,11.083456,0.733171,0.000712
12.81,123.0,98.0,95.0,123.224439,98.042797,94.999975,0.0,0.0,0.0,-1.777474,-0.260661,9.3e-05,9.824925,0.599398,0.000687
12.82,123.0,98.0,95.0,123.208193,98.040383,94.999976,0.0,0.0,0.0,-1.624629,-0.241405,8.9e-05,8.706969,0.486153,0.000662
12.83,123.0,98.0,95.0,123.193327,98.038142,94.999977,0.0,0.0,0.0,-1.486555,-0.224069,8.6e-05,7.713996,0.390429,0.000639
12.84,123.0,98.0,95.0,123.17971,98.036058,94.999977,0.0,0.0,0.0,-1.361725,-0.208418,8.3e-05,6.832138,0.309652,0.000616
12.85,123.0,98.0,95.0,123.167222,98.034116,94.999978,0.0,0.0,0.0,-1.248772,-0.194247,8e-05,6.04906,0.241619,0.000594
12.86,123.0,98.0,95.0,123.155758,98.032302,94.999979,0.0,0.0,0.0,-1.146479,-0.181379,7.7e-05,5.353792,0.184449,0.000573
12.87,123.0,98.0,95.0,123.14522,98.030605,94.99998,0.0,0.0,0.0,-1.053756,-0.16966,7.4e-05,4.736578,0.13653,0.000553
12.88,123.0,98.0,95.0,123.135524,98.029016,94.99998,0.0,0.0,0.0,-0.969631,-0.15896,7.2e-05,4.188742,0.096485,0.000533
12.89,123.0,98.0,95.0,123.126591,98.027524,94.999981,0.0,0.0,0.0,-0.893234,-0.149161,6.9e-05,3.702568,0.06314,0.000514
12.9,123.0,98.0,95.0,123.118354,98.026122,94.999982,0.0,0.0,0.0,-0.823787,-0.140164,6.7e-05,3.271193,0.035486,0.000496
12.91,123.0,98.0,95.0,123.110748,98.024804,94.999982,0.0,0.0,0.0,-0.760594,-0.131882,6.4e-05,2.888516,0.012666,0.000478
12.92,123.0,98.0,95.0,123.103717,98.023561,94.999983,0.0,0.0,-0.0,-0.703035,-0.124239,6.2e-05,2.549111,-0.006055,0.000461
12.93,123.0,98.0,94.99955,123.097212,98.02239,94.999984,0.0,0.0,-0.135277,-0.650552,-0.11717,6e-05,2.248152,-0.021303,0.000445
12.94,123.0,98.0,94.996447,123.091185,98.021283,94.999866,0.0,0.0,-0.531818,-0.602647,-0.110615,-0.011754,1.981351,-0.033614,-0.944502
12.95,123.0,98.0,94.988162,123.085596,98.020238,94.998974,0.0,0.0,-1.175872,-0.558874,-0.104524,-0.089208,1.744892,-0.043444,-6.31389
12.96,123.0,98.0,94.972305,123.080408,98.01925,94.99621,0.0,0.0,-2.053925,-0.518831,-0.098854,-0.27638,1.535383,-0.051182,-15.865852
12.97,123.0,98.0,94.946616,123.075587,98.018314,94.99022,0.0,0.0,-3.152708,-0.482161,-0.093564,-0.599051,1.349811,-0.05716,-28.577424
12.98,123.0,98.0,94.908967,123.071101,98.017428,94.979508,0.0,0.0,-4.459192,-0.448543,-0.08862,-1.071135,1.185494,-0.061661,-43.757283
12.99,123.0,98.0,94.857358,123.066924,98.016588,94.96252,0.0,0.0,-5.960589,-0.417687,-0.083991,-1.698858,1.04005,-0.064926,-60.929204
13.0,123.0,98.0,94.789915,123.063031,98.015791,94.937685,0.0,0.0,-7.644352,-0.389334,-0.079651,-2.483458,0.91136,-0.06716,-79.756551
13.01,123.0,98.0,94.704888,123.059398,98.015036,94.903456,0.0,0.0,-9.498177,-0.363253,-0.075576,-3.422943,0.797542,-0.068536,-99.99338
13.02,123.0,98.0,94.600646,123.056006,98.014318,94.858323,0.0,0.0,-11.509998,-0.339233,-0.071744,-4.513235,0.696923,-0.069203,-121.452767
13.03,123.0,98.0,94.47568,123.052835,98.013637,94.800834,0.0,0.0,-13.667995,-0.317087,-0.068136,-5.748909,0.608015,-0.069286,-143.986306
13.04,123.0,98.0,94.328593,123.049869,98.012989,94.729598,0.0,0.0,-15.960585,-0.296646,-0.064736,-7.123681,0.529497,-0.068892,-167.470851
13.05,123.0,98.0,94.158106,123.047091,98.012374,94.64329,0.0,0.0,-18.376428,-0.277757,-0.061527,-8.63072,0.460194,-0.068112,-191.799933
13.06,123.0,98.0,93.963049,123.044488,98.011789,94.540662,0.0,0.0,-20.904425,-0.260283,-0.058497,-10.262858,0.399063,-0.06702,-216.878227
13.07,123.0,98.0,93.742362,123.042047,98.011233,94.420535,0.0,0.0,-23.533719,-0.2441,-0.055632,-12.012725,0.345178,-0.065681,-242.617976
13.08,123.0,98.0,93.495092,123.039756,98.010704,94.281806,0.0,0.0,-26.253694,-0.229097,-0.052921,-13.872844,0.297714,-0.06415,-268.9367
13.09,123.0,98.0,93.220388,123.037605,98.0102,94.123449,0.0,0.0,-29.053974,-0.215172,-0.050355,-15.835685,0.255939,-0.062472,-295.75572
13.1,123.0,98.0,92.917505,123.035582,98.009721,93.944512,0.0,0.0,-31.924427,-0.202235,-0.047923,-17.893714,0.219206,-0.060686,-322.999224
13.11,123.0,98.0,92.585793,123.03368,98.009265,93.744118,0.0,0.0,-34.855158,-0.190203,-0.045618,-20.039421,0.186935,-0.058822,-350.593674
13.12,123.0,98.0,92.224702,123.03189,98.00883,93.521465,0.0,0.0,-37.836518,-0.179001,-0.043431,-22.265336,0.158616,-0.056908,-378.467439
13.13,123.0,98.0,91.833777,123.030205,98.008417,93.275824,0.0,0.0,-40.859097,-0.168562,-0.041355,-24.564051,0.133793,-0.054965,-406.550568
13.14,123.0,98.0,91.412653,123.028616,98.008023,93.006542,0.0,0.0,-43.913725,-0.158825,-0.039385,-26.928228,0.112063,-0.053012,-434.774663
13.15,123.0,98.0,90.961056,123.027119,98.007648,92.713036,0.0,0.0,-46.991476,-0.149734,-0.037513,-29.35061,0.093067,-0.051064,-463.072806
13.16,123.0,98.0,90.4788,123.025707,98.00729,92.394795,0.0,0.0,-50.083663,-0.141238,-0.035734,-31.824028,0.076487,-0.049132,-491.379526
13.17,123.0,98.0,89.965784,123.024374,98.00695,92.051381,0.0,0.0,-53.181842,-0.133292,-0.034043,-34.341409,0.062042,-0.047227,-519.630788
13.18,123.0,98.0,89.421989,123.023115,98.006626,91.682423,0.0,0.0,-56.27781,-0.125853,-0.032435,-36.895783,0.049481,-0.045357,-547.764002
13.19,123.0,98.0,88.847476,123.021926,98.006317,91.287621,0.0,0.0,-59.363603,-0.118884,-0.030906,-39.480286,0.038582,-0.043526,-575.718041
13.2,123.0,98.0,88.242386,123.020803,98.006022,90.866739,0.0,0.0,-62.431502,-0.112349,-0.029451,-42.088166,0.029148,-0.041742,-603.433256
13.21,123.0,98.0,87.606934,123.019741,98.005741,90.419611,0.0,0.0,-65.474026,-0.106217,-0.028066,-44.712789,0.021005,-0.040006,-630.851509
13.22,123.0,98.0,86.941408,123.018736,98.005474,89.946135,0.0,0.0,-68.483937,-0.100459,-0.026749,-47.347643,0.013999,-0.038322,-657.916192
13.23,123.0,98.0,86.246167,123.017786,98.005219,89.446271,0.0,0.0,-71.454239,-0.095048,-0.025494,-49.98634,0.007993,-0.036691,-684.572261
13.24,123.0,98.0,85.521638,123.016886,98.004976,88.920045,0.0,0.0,-74.378174,-0.089959,-0.024299,-52.622626,0.002865,-0.035114,-710.76626
13.25,123.0,98.0,84.768314,123.016034,98.004744,88.367541,0.0,0.0,-77.24923,-0.085172,-0.023162,-55.250377,-0.001492,-0.033593,-736.44635
13.26,123.0,98.0,83.986753,123.015228,98.004524,87.788905,0.0,0.0,-80.061132,-0.080664,-0.022078,-57.863609,-0.005174,-0.032126,-761.562335
13.27,123.0,98.0,83.177572,123.014464,98.004313,87.18434,0.0,0.0,-82.807848,-0.076417,-0.021047,-60.456479,-0.008263,-0.030714,-786.065688
13.28,123.0,98.0,82.341447,123.013739,98.004113,86.554107,0.0,0.0,-85.483589,-0.072413,-0.020063,-63.023289,-0.010834,-0.029356,-809.909576
13.29,123.0,98.0,81.479113,123.013053,98.003921,85.898523,0.0,0.0,-88.082803,-0.068638,-0.019127,-65.558489,-0.012953,-0.028052,-833.048889
13.3,123.0,98.0,80.591355,123.012402,98.003739,85.217956,0.0,0.0,-90.600185,-0.065075,-0.018234,-68.056681,-0.014678,-0.026799,-855.440257
13.31,123.0,98.0,79.679012,123.011785,98.003565,84.51283,0.0,0.0,-93.030665,-0.061711,-0.017384,-70.512622,-0.016061,-0.025598,-877.042078
13.32,123.0,98.0,78.742973,123.0112,98.003399,83.783617,0.0,0.0,-95.36942,-0.058534,-0.016574,-72.921226,-0.017146,-0.024446,-897.814539
13.33,123.0,98.0,77.78417,123.010645,98.003241,83.030842,0.0,0.0,-97.611864,-0.055532,-0.015801,-75.277568,-0.017973,-0.023342,-917.719639
13.34,123.0,98.0,76.803583,123.010118,98.003091,82.255073,0.0,0.0,-99.753654,-0.052694,-0.015065,-77.576887,-0.018577,-0.022285,-936.721206
13.35,123.0,98.0,75.802233,123.009617,98.002947,81.456927,0.0,0.0,-101.79069,-0.050011,-0.014364,-79.814588,-0.01899,-0.021274,-954.78492
13.36,123.0,98.0,74.781179,123.009143,98.00281,80.637064,0.0,0.0,-103.71911,-0.047472,-0.013695,-81.986244,-0.019238,-0.020306,-971.878334
13.37,123.0,98.0,73.74152,123.008692,98.00268,79.796188,0.0,0.0,-105.535295,-0.045069,-0.013058,-84.087599,-0.019345,-0.01938,-987.970888
13.38,123.0,98.0,72.684386,123.008264,98.002555,78.935043,0.0,0.0,-107.235867,-0.042794,-0.01245,-86.114573,-0.019333,-0.018494,-1003.033931
13.39,123.0,98.0,71.610944,123.007858,98.002436,78.05441,0.0,0.0,-108.81769,-0.04064,-0.011871,-88.063261,-0.019219,-0.017648,-1017.040736
13.4,123.0,98.0,70.522386,123.007472,98.002323,77.155111,0.0,0.0,-110.277868,-0.038599,-0.011319,-89.929935,-0.019021,-0.016839,-1029.966517
13.41,123.0,98.0,69.419936,123.007105,98.002215,76.238,0.0,0.0,-111.613748,-0.036665,-0.010792,-91.711049,-0.018751,-0.016066,-1041.78845
13.42,123.0,98.0,68.304841,123.006757,98.002112,75.303968,0.0,0.0,-112.822916,-0.034833,-0.010291,-93.403238,-0.018423,-0.015328,-1052.485679
13.43,123.0,98.0,67.178369,123.006426,98.002014,74.353935,0.0,0.0,-113.903201,-0.033095,-0.009812,-95.003325,-0.018047,-0.014623,-1062.03934
13.44,123.0,98.0,66.041813,123.006111,98.001921,73.388851,0.0,0.0,-114.852673,-0.031448,-0.009356,-96.508317,-0.017632,-0.01395,-1070.432571
13.45,123.0,98.0,64.896479,123.005812,98.001831,72.409697,0.0,0.0,-115.669643,-0.029885,-0.008921,-97.915409,-0.017187,-0.013307,-1077.650528
13.46,123.0,98.0,63.743693,123.005528,98.001746,71.417477,0.0,0.0,-116.352662,-0.028403,-0.008507,-99.221988,-0.016718,-0.012693,-1083.680396
13.47,123.0,98.0,62.584791,123.005258,98.001665,70.413221,0.0,0.0,-116.900526,-0.026996,-0.008111,-100.425632,-0.016232,-0.012107,-1088.511405
13.48,123.0,98.0,61.421121,123.005002,98.001588,69.39798,0.0,0.0,-117.312268,-0.025661,-0.007734,-101.524113,-0.015734,-0.011548,-1092.13484
13.49,123.0,98.0,60.254039,123.004758,98.001514,68.372826,0.0,0.0,-117.587165,-0.024394,-0.007375,-102.5154,-0.015229,-0.011014,-1094.544056
13.5,123.0,98.0,59.084907,123.004526,98.001444,67.338849,0.0,0.0,-117.724734,-0.023191,-0.007032,-103.397656,-0.01472,-0.010505,-1095.734486
13.51,123.0,98.0,57.915093,123.004306,98.001377,66.297157,0.0,0.0,-117.724734,-0.022049,-0.006706,-104.169245,-0.01421,-0.010019,-1095.703655
13.52,123.0,98.0,56.745961,123.004096,98.001313,65.24887,0.0,0.0,-117.587165,-0.020965,-0.006394,-104.828729,-0.013703,-0.009556,-1094.451191
13.53,123.0,98.0,55.578879,123.003897,98.001252,64.195121,0.0,0.0,-117.312268,-0.019934,-0.006097,-105.374873,-0.0132,-0.009113,-1091.978832
13.54,123.0,98.0,54.415209,123.003707,98.001194,63.137055,0.0,0.0,-116.900526,-0.018956,-0.005814,-105.806645,-0.012704,-0.008691,-1088.290443
13.55,123.0,98.0,53.256307,123.003527,98.001138,62.075822,0.0,0.0,-116.352662,-0.018026,-0.005544,-106.123214,-0.012217,-0.008289,-1083.392017
13.56,123.0,98.0,52.103521,123.003355,98.001085,61.012583,0.0,0.0,-115.669643,-0.017143,-0.005286,-106.323959,-0.011739,-0.007905,-1077.291692
13.57,123.0,98.0,50.958187,123.003192,98.001035,59.948498,0.0,0.0,-114.852673,-0.016304,-0.005041,-106.408461,-0.011271,-0.007538,-1069.999754
13.58,123.0,98.0,49.821631,123.003037,98.000987,58.884733,0.0,0.0,-113.903201,-0.015507,-0.004807,-106.376511,-0.010815,-0.007189,-1061.528653
13.59,123.0,98.0,48.695159,123.00289,98.000941,57.822452,0.0,0.0,-112.822916,-0.014749,-0.004583,-106.22811,-0.010372,-0.006856,-1051.893002
13.6,123.0,98.0,47.580064,123.002749,98.000897,56.762817,0.0,0.0,-111.613748,-0.014028,-0.00437,-105.963466,-0.009941,-0.006538,-1041.109594
13.61,123.0,98.0,46.477614,123.002616,98.000856,55.706987,0.0,0.0,-110.277868,-0.013344,-0.004167,-105.583,-0.009523,-0.006235,-1029.197405
13.62,123.0,98.0,45.389056,123.002489,98.000816,54.656114,0.0,0.0,-108.81769,-0.012693,-0.003974,-105.087345,-0.009119,-0.005946,-1016.177602
13.63,123.0,98.0,44.315614,123.002368,98.000778,53.61134,0.0,0.0,-107.235867,-0.012074,-0.003789,-104.477347,-0.008727,-0.00567,-1002.073552
13.64,123.0,98.0,43.25848,123.002253,98.000742,52.5738,0.0,0.0,-105.535295,-0.011486,-0.003613,-103.754064,-0.00835,-0.005407,-986.910827
13.65,123.0,98.0,42.218821,123.002144,98.000707,51.544612,0.0,0.0,-103.71911,-0.010926,-0.003446,-102.918771,-0.007985,-0.005156,-970.717213
13.66,123.0,98.0,41.197767,123.00204,98.000675,50.524882,0.0,0.0,-101.79069,-0.010395,-0.003285,-101.972958,-0.007634,-0.004917,-953.522715
13.67,123.0,98.0,40.196417,123.001941,98.000643,49.515699,0.0,0.0,-99.753654,-0.009889,-0.003133,-100.918333,-0.007296,-0.004688,-935.359562
13.68,123.0,98.0,39.21583,123.001847,98.000613,48.518131,0.0,0.0,-97.611864,-0.009408,-0.002987,-99.756819,-0.006971,-0.004471,-916.262218
13.69,123.0,98.0,38.257027,123.001758,98.000585,47.533225,0.0,0.0,-95.36942,-0.008951,-0.002849,-98.490559,-0.006659,-0.004263,-896.267381
13.7,123.0,98.0,37.320988,123.001673,98.000558,46.562006,0.0,0.0,-93.030665,-0.008516,-0.002716,-97.121914,-0.006359,-0.004066,-875.413996
13.71,123.0,98.0,36.408645,123.001592,98.000532,45.605472,0.0,0.0,-90.600185,-0.008102,-0.00259,-95.653466,-0.006071,-0.003877,-853.743255
13.72,123.0,98.0,35.520887,123.001514,98.000507,44.664591,0.0,0.0,-88.082803,-0.007708,-0.00247,-94.088015,-0.005795,-0.003697,-831.298603
13.73,123.0,98.0,34.658553,123.001441,98.000484,43.740306,0.0,0.0,-85.483589,-0.007334,-0.002355,-92.428585,-0.00553,-0.003525,-808.125745
13.74,123.0,98.0,33.822428,123.001371,98.000461,42.833521,0.0,0.0,-82.807848,-0.006978,-0.002246,-90.67842,-0.005277,-0.003362,-784.272652
13.75,123.0,98.0,33.013247,123.001305,98.00044,41.945111,0.0,0.0,-80.061132,-0.00664,-0.002142,-88.840987,-0.005034,-0.003206,-759.789561
13.76,123.0,98.0,32.231686,123.001242,98.000419,41.075912,0.0,0.0,-77.24923,-0.006318,-0.002042,-86.919976,-0.004801,-0.003057,-734.728984
13.77,123.0,98.0,31.478362,123.001182,98.0004,40.226719,0.0,0.0,-74.378174,-0.006011,-0.001947,-84.9193,-0.004579,-0.002915,-709.14571
13.78,123.0,98.0,30.753833,123.001124,98.000381,39.398288,0.0,0.0,-71.454239,-0.00572,-0.001857,-82.843098,-0.004366,-0.002779,-683.09681
13.79,123.0,98.0,30.058592,123.00107,98.000364,38.59133,0.0,0.0,-68.483937,-0.005442,-0.001771,-80.695731,-0.004163,-0.00265,-656.641642
13.8,123.0,98.0,29.393066,123.001018,98.000347,37.806513,0.0,0.0,-65.474026,-0.005179,-0.001688,-78.481788,-0.003968,-0.002527,-629.841853
13.81,123.0,98.0,28.757614,123.000969,98.000331,37.044452,0.0,0.0,-62.431502,-0.004928,-0.00161,-76.206082,-0.003782,-0.00241,-602.761385
13.82,123.0,98.0,28.152524,123.000922,98.000315,36.305715,0.0,0.0,-59.363603,-0.004689,-0.001535,-73.873652,-0.003605,-0.002298,-575.466477
13.83,123.0,98.0,27.578011,123.000877,98.000301,35.590818,0.0,0.0,-56.27781,-0.004462,-0.001464,-71.489767,-0.003435,-0.002191,-548.025668
13.84,123.0,98.0,27.034216,123.000835,98.000287,34.900218,0.0,0.0,-53.181842,-0.004245,-0.001396,-69.059918,-0.003274,-0.00209,-520.509802
13.85,123.0,98.0,26.5212,123.000795,98.000273,34.23432,0.0,0.0,-50.083663,-0.00404,-0.001331,-66.589829,-0.003119,-0.001993,-492.992033
13.86,123.0,98.0,26.038944,123.000756,98.000261,33.593466,0.0,0.0,-46.991476,-0.003844,-0.001269,-64.085448,-0.002972,-0.0019,-465.547824
13.87,123.0,98.0,25.587347,123.00072,98.000249,32.977936,0.0,0.0,-43.913725,-0.003658,-0.00121,-61.552954,-0.002831,-0.001812,-438.254951
13.88,123.0,98.0,25.166223,123.000685,98.000237,32.387948,0.0,0.0,-40.859097,-0.003481,-0.001154,-58.998754,-0.002697,-0.001728,-411.193509
13.89,123.0,98.0,24.775298,123.000652,98.000226,31.823654,0.0,0.0,-37.836518,-0.003312,-0.001101,-56.429483,-0.002569,-0.001648,-384.445912
13.9,123.0,98.0,24.414207,123.00062,98.000215,31.285134,0.0,0.0,-34.855158,-0.003152,-0.001049,-53.852009,-0.002447,-0.001571,-358.096897
13.91,123.0,98.0,24.082495,123.00059,98.000205,30.772399,0.0,0.0,-31.924427,-0.002999,-0.001001,-51.273427,-0.00233,-0.001498,-332.233526
13.92,123.0,98.0,23.779612,123.000562,98.000196,30.285389,0.0,0.0,-29.053974,-0.002854,-0.000954,-48.701064,-0.002219,-0.001429,-306.945188
13.93,123.0,98.0,23.504908,123.000534,98.000187,29.823964,0.0,0.0,-26.253694,-0.002716,-0.00091,-46.142476,-0.002114,-0.001362,-282.323605
13.94,123.0,98.0,23.257638,123.000509,98.000178,29.387909,0.0,0.0,-23.533719,-0.002585,-0.000868,-43.605452,-0.002013,-0.001299,-258.462828
13.95,123.0,98.0,23.036951,123.000484,98.00017,28.976929,0.0,0.0,-20.904425,-0.00246,-0.000827,-41.098011,-0.001917,-0.001239,-235.459245
13.96,123.0,98.0,22.841894,123.000461,98.000162,28.590645,0.0,0.0,-18.376428,-0.002341,-0.000789,-38.628404,-0.001825,-0.001181,-213.411582
13.97,123.0,98.0,22.671407,123.000438,98.000154,28.228594,0.0,0.0,-15.960585,-0.002227,-0.000752,-36.205115,-0.001738,-0.001126,-192.420902
13.98,123.0,98.0,22.52432,123.000417,98.000147,27.890226,0.0,0.0,-13.667995,-0.00212,-0.000717,-33.836858,-0.001655,-0.001074,-172.590611
13.99,123.0,98.0,22.399354,123.000397,98.00014,27.5749,0.0,0.0,-11.509998,-0.002017,-0.000684,-31.532582,-0.001575,-0.001024,-154.026458
14.0,123.0,98.0,22.295112,123.000378,98.000134,27.281885,0.0,0.0,-9.498177,-0.00192,-0.000652,-29.301466,-0.0015,-0.000977,-136.836537
14.01,123.0,98.0,22.210085,123.000359,98.000128,27.010356,0.0,0.0,-7.644352,-0.001827,-0.000622,-27.152924,-0.001428,-0.000931,-121.13129
14.02,123.0,98.0,22.142642,123.000342,98.000122,26.75939,0.0,0.0,-5.960589,-0.001738,-0.000593,-25.096602,-0.001359,-0.000888,-107.023507
14.03,123.0,98.0,22.091033,123.000326,98.000116,26.527966,0.0,0.0,-4.459192,-0.001654,-0.000566,-23.142381,-0.001294,-0.000847,-94.628328
14.04,123.0,98.0,22.053384,123.00031,98.000111,26.314962,0.0,0.0,-3.152708,-0.001574,-0.000539,-21.300374,-0.001232,-0.000807,-84.063247
14.05,123.0,98.0,22.027695,123.000295,98.000106,26.119153,0.0,0.0,-2.053925,-0.001498,-0.000514,-19.580928,-0.001173,-0.00077,-75.448112
14.06,123.0,98.0,22.011838,123.000281,98.000101,25.939207,0.0,0.0,-1.175872,-0.001426,-0.00049,-17.994626,-0.001116,-0.000734,-68.905123
14.07,123.0,98.0,22.003553,123.000267,98.000096,25.773684,0.0,0.0,-0.531818,-0.001357,-0.000468,-16.552284,-0.001063,-0.0007,-64.558842
14.08,123.0,98.0,22.00045,123.000254,98.000092,25.621034,0.0,0.0,-0.135277,-0.001291,-0.000446,-15.264951,-0.001012,-0.000668,-62.536185
14.09,123.0,98.0,22.0,123.000242,98.000087,25.479595,0.0,0.0,0.0,-0.001229,-0.000425,-14.143912,-0.000963,-0.000637,-62.96643
14.1,123.0,98.0,22.0,123.00023,98.000083,25.347588,0.0,0.0,0.0,-0.001169,-0.000405,-13.200688,-0.000917,-0.000607,-65.981216
14.11,123.0,98.0,22.0,123.000219,98.000079,25.223239,0.0,0.0,0.0,-0.001113,-0.000387,-12.434916,-0.000872,-0.000579,-70.74507
14.12,123.0,98.0,22.0,123.000208,98.000076,25.10523,0.0,0.0,0.0,-0.001059,-0.000369,-11.800871,-0.00083,-0.000552,-73.625607
14.13,123.0,98.0,22.0,123.000198,98.000072,24.99266,0.0,0.0,0.0,-0.001008,-0.000352,-11.257083,-0.00079,-0.000526,-74.505623
14.14,123.0,98.0,22.0,123.000189,98.000069,24.884895,0.0,0.0,0.0,-0.000959,-0.000335,-10.776501,-0.000752,-0.000502,-74.124313
14.15,123.0,98.0,22.0,123.00018,98.000066,24.78148,0.0,0.0,0.0,-0.000913,-0.00032,-10.341432,-0.000716,-0.000479,-72.95944
14.16,123.0,98.0,22.0,123.000171,98.000063,24.682078,0.0,0.0,0.0,-0.000868,-0.000305,-9.940245,-0.000682,-0.000456,-71.319402
14.17,123.0,98.0,22.0,123.000163,98.00006,24.586425,0.0,0.0,0.0,-0.000826,-0.000291,-9.565251,-0.000649,-0.000435,-69.402885
14.18,123.0,98.0,22.0,123.000155,98.000057,24.494312,0.0,0.0,0.0,-0.000786,-0.000277,-9.211313,-0.000617,-0.000415,-67.337526
14.19,123.0,98.0,22.0,123.000147,98.000054,24.405563,0.0,0.0,0.0,-0.000748,-0.000264,-8.874961,-0.000588,-0.000396,-65.204958
14.2,123.0,98.0,22.0,123.00014,98.000052,24.320025,0.0,0.0,0.0,-0.000712,-0.000252,-8.553804,-0.000559,-0.000377,-63.05704
14.21,123.0,98.0,22.0,123.000133,98.000049,24.237563,0.0,0.0,0.0,-0.000678,-0.00024,-8.246158,-0.000532,-0.00036,-60.926379
14.22,123.0,98.0,22.0,123.000127,98.000047,24.158055,0.0,0.0,0.0,-0.000645,-0.000229,-7.950803,-0.000507,-0.000343,-58.833136
14.23,123.0,98.0,22.0,123.000121,98.000045,24.081387,0.0,0.0,0.0,-0.000614,-0.000219,-7.66682,-0.000482,-0.000327,-56.789445
14.24,123.0,98.0,22.0,123.000115,98.000043,24.007452,0.0,0.0,0.0,-0.000584,-0.000208,-7.393496,-0.000459,-0.000312,-54.80227
14.25,123.0,98.0,22.0,123.000109,98.000041,23.936149,0.0,0.0,0.0,-0.000556,-0.000199,-7.13025,-0.000437,-0.000297,-52.875257
14.26,123.0,98.0,22.0,123.000104,98.000039,23.867383,0.0,0.0,0.0,-0.000529,-0.000189,-6.876593,-0.000416,-0.000284,-51.009934
14.27,123.0,98.0,22.0,123.000099,98.000037,23.801062,0.0,0.0,0.0,-0.000503,-0.000181,-6.6321,-0.000396,-0.00027,-49.206482
14.28,123.0,98.0,22.0,123.000094,98.000035,23.737098,0.0,0.0,0.0,-0.000479,-0.000172,-6.39639,-0.000377,-0.000258,-47.464244
14.29,123.0,98.0,22.0,123.00009,98.000034,23.675407,0.0,0.0,0.0,-0.000456,-0.000164,-6.169117,-0.000358,-0.000246,-45.782042
14.3,123.0,98.0,22.00045,123.000085,98.000032,23.615908,0.0,0.0,0.135277,-0.000434,-0.000157,-5.949957,-0.000341,-0.000235,-44.15839
14.31,123.0,98.0,22.003553,123.000081,98.000031,23.55864,0.0,0.0,0.531818,-0.000413,-0.000149,-5.726796,-0.000325,-0.000224,-41.646697
14.32,123.0,98.0,22.011838,123.000077,98.000029,23.504185,0.0,0.0,1.175872,-0.000393,-0.000142,-5.445518,-0.000309,-0.000213,-34.765702
14.33,123.0,98.0,22.027695,123.000074,98.000028,23.453567,0.0,0.0,2.053925,-0.000374,-0.000136,-5.061772,-0.000294,-0.000203,-23.755491
14.34,123.0,98.0,22.053384,123.00007,98.000027,23.408072,0.0,0.0,3.152708,-0.000356,-0.00013,-4.549516,-0.00028,-0.000194,-9.637247
14.35,123.0,98.0,22.091033,123.000067,98.000025,23.369126,0.0,0.0,4.459192,-0.000339,-0.000124,-3.894583,-0.000266,-0.000185,6.899466
14.36,123.0,98.0,22.142642,123.000063,98.000024,23.338221,0.0,0.0,5.960589,-0.000322,-0.000118,-3.090509,-0.000253,-0.000176,25.380143
14.37,123.0,98.0,22.210085,123.00006,98.000023,23.316863,0.0,0.0,7.644352,-0.000307,-0.000112,-2.135822,-0.000241,-0.000168,45.469826
14.38,123.0,98.0,22.295112,123.000057,98.000022,23.30654,0.0,0.0,9.498177,-0.000292,-0.000107,-1.032292,-0.00023,-0.00016,66.924199
14.39,123.0,98.0,22.399354,123.000055,98.000021,23.308702,0.0,0.0,11.509998,-0.000278,-0.000102,0.216219,-0.000218,-0.000153,89.557915
14.4,123.0,98.0,22.52432,123.000052,98.00002,23.324747,0.0,0.0,13.667995,-0.000264,-9.7e-05,1.604492,-0.000208,-0.000146,113.224097
14.41,123.0,98.0,22.671407,123.00005,98.000019,23.356011,0.0,0.0,15.960585,-0.000252,-9.3e-05,3.126444,-0.000198,-0.000139,137.80107
14.42,123.0,98.0,22.841894,123.000047,98.000018,23.403766,0.0,0.0,18.376428,-0.000239,-8.9e-05,4.775436,-0.000188,-0.000133,163.183793
14.43,123.0,98.0,23.036951,123.000045,98.000017,23.46921,0.0,0.0,20.904425,-0.000228,-8.4e-05,6.544486,-0.000179,-0.000126,189.278313
14.44,123.0,98.0,23.257638,123.000043,98.000017,23.553474,0.0,0.0,23.533719,-0.000217,-8.1e-05,8.426402,-0.000171,-0.000121,215.998203
14.45,123.0,98.0,23.504908,123.000041,98.000016,23.657613,0.0,0.0,26.253694,-0.000206,-7.7e-05,10.41388,-0.000162,-0.000115,243.262262
14.46,123.0,98.0,23.779612,123.000039,98.000015,23.782609,0.0,0.0,29.053974,-0.000196,-7.3e-05,12.499558,-0.000154,-0.00011,270.993047
14.47,123.0,98.0,24.082495,123.000037,98.000014,23.929369,0.0,0.0,31.924427,-0.000187,-7e-05,14.676063,-0.000147,-0.000104,299.115938
14.48,123.0,98.0,24.414207,123.000035,98.000014,24.09873,0.0,0.0,34.855158,-0.000178,-6.7e-05,16.936037,-0.00014,-0.0001,327.558545
14.49,123.0,98.0,24.775298,123.000033,98.000013,24.291451,0.0,0.0,37.836518,-0.000169,-6.3e-05,19.272162,-0.000133,-9.5e-05,356.250347
14.5,123.0,98.0,25.166223,123.000032,98.000012,24.508223,0.0,0.0,40.859097,-0.000161,-6.1e-05,21.677172,-0.000127,-9.1e-05,385.122463
14.51,123.0,98.0,25.587347,123.00003,98.000012,24.749662,0.0,0.0,43.913725,-0.000153,-5.8e-05,24.14387,-0.000121,-8.6e-05,414.107527
14.52,123.0,98.0,26.038944,123.000029,98.000011,25.016313,0.0,0.0,46.991476,-0.000146,-5.5e-05,26.665131,-0.000115,-8.2e-05,443.139615
14.53,123.0,98.0,26.5212,123.000027,98.000011,25.308652,0.0,0.0,50.083663,-0.000139,-5.2e-05,29.233917,-0.000109,-7.9e-05,472.154215
14.54,123.0,98.0,27.034216,123.000026,98.00001,25.627085,0.0,0.0,53.181842,-0.000132,-5e-05,31.84328,-0.000104,-7.5e-05,501.088218
14.55,123.0,98.0,27.578011,123.000025,98.00001,25.971949,0.0,0.0,56.27781,-0.000126,-4.8e-05,34.48637,-9.9e-05,-7.1e-05,529.879928
14.56,123.0,98.0,28.152524,123.000024,98.000009,26.343513,0.0,0.0,59.363603,-0.00012,-4.6e-05,37.156437,-9.4e-05,-6.8e-05,558.469077
14.57,123.0,98.0,28.757614,123.000022,98.000009,26.741982,0.0,0.0,62.431502,-0.000114,-4.3e-05,39.846843,-9e-05,-6.5e-05,586.796849
14.58,123.0,98.0,29.393066,123.000021,98.000008,27.167492,0.0,0.0,65.474026,-0.000108,-4.1e-05,42.551061,-8.5e-05,-6.2e-05,614.805904
14.59,123.0,98.0,30.058592,123.00002,98.000008,27.620119,0.0,0.0,68.483937,-0.000103,-3.9e-05,45.262684,-8.1e-05,-5.9e-05,642.440409
14.6,123.0,98.0,30.753833,123.000019,98.000008,28.099873,0.0,0.0,71.454239,-9.8e-05,-3.8e-05,47.975424,-7.7e-05,-5.6e-05,669.646064
14.61,123.0,98.0,31.478362,123.000018,98.000007,28.606705,0.0,0.0,74.378174,-9.3e-05,-3.6e-05,50.683123,-7.3e-05,-5.4e-05,696.370132
14.62,123.0,98.0,32.231686,123.000017,98.000007,29.140502,0.0,0.0,77.24923,-8.9e-05,-3.4e-05,53.379751,-7e-05,-5.1e-05,722.561466
14.63,123.0,98.0,33.013247,123.000017,98.000007,29.701096,0.0,0.0,80.061132,-8.5e-05,-3.3e-05,56.059414,-6.7e-05,-4.9e-05,748.17054
14.64,123.0,98.0,33.822428,123.000016,98.000006,30.28826,0.0,0.0,82.807848,-8e-05,-3.1e-05,58.716355,-6.3e-05,-4.7e-05,773.149471
14.65,123.0,98.0,34.658553,123.000015,98.000006,30.901709,0.0,0.0,85.483589,-7.7e-05,-3e-05,61.344961,-6e-05,-4.4e-05,797.452048
14.66,123.0,98.0,35.520887,123.000014,98.000006,31.541107,0.0,0.0,88.082803,-7.3e-05,-2.8e-05,63.939763,-5.7e-05,-4.2e-05,821.03376
14.67,123.0,98.0,36.408645,123.000014,98.000006,32.206061,0.0,0.0,90.600185,-6.9e-05,-2.7e-05,66.495441,-5.5e-05,-4e-05,843.851817
14.68,123.0,98.0,37.320988,123.000013,98.000005,32.89613,0.0,0.0,93.030665,-6.6e-05,-2.6e-05,69.006825,-5.2e-05,-3.8e-05,865.865174
14.69,123.0,98.0,38.257027,123.000012,98.000005,33.610819,0.0,0.0,95.36942,-6.3e-05,-2.5e-05,71.468904,-4.9e-05,-3.7e-05,887.034557
14.7,123.0,98.0,39.21583,123.000012,98.000005,34.349587,0.0,0.0,97.611864,-6e-05,-2.3e-05,73.876822,-4.7e-05,-3.5e-05,907.322482
14.71,123.0,98.0,40.196417,123.000011,98.000005,35.111846,0.0,0.0,99.753654,-5.7e-05,-2.2e-05,76.225885,-4.5e-05,-3.3e-05,926.69328
14.72,123.0,98.0,41.197767,123.000011,98.000004,35.896961,0.0,0.0,101.79069,-5.4e-05,-2.1e-05,78.511564,-4.3e-05,-3.2e-05,945.113112
14.73,123.0,98.0,42.218821,123.00001,98.000004,36.704256,0.0,0.0,103.71911,-5.2e-05,-2e-05,80.729493,-4.1e-05,-3e-05,962.549998
14.74,123.0,98.0,43.25848,123.00001,98.000004,37.533011,0.0,0.0,105.535295,-4.9e-05,-1.9e-05,82.875479,-3.9e-05,-2.9e-05,978.973825
14.75,123.0,98.0,44.315614,123.000009,98.000004,38.382466,0.0,0.0,107.235867,-4.7e-05,-1.8e-05,84.945499,-3.7e-05,-2.8e-05,994.356378
14.76,123.0,98.0,45.389056,123.000009,98.000004,39.251823,0.0,0.0,108.81769,-4.4e-05,-1.8e-05,86.935703,-3.5e-05,-2.6e-05,1008.671345
14.77,123.0,98.0,46.477614,123.000008,98.000003,40.140247,0.0,0.0,110.277868,-4.2e-05,-1.7e-05,88.84242,-3.3e-05,-2.5e-05,1021.894346
14.78,123.0,98.0,47.580064,123.000008,98.000003,41.046869,0.0,0.0,111.613748,-4e-05,-1.6e-05,90.662154,-3.2e-05,-2.4e-05,1034.002942
14.79,123.0,98.0,48.695159,123.000008,98.000003,41.970785,0.0,0.0,112.822916,-3.8e-05,-1.5e-05,92.391593,-3e-05,-2.3e-05,1044.976655
14.8,123.0,98.0,49.821631,123.000007,98.000003,42.911061,0.0,0.0,113.903201,-3.6e-05,-1.5e-05,94.027606,-2.9e-05,-2.2e-05,1054.796982
14.81,123.0,98.0,50.958187,123.000007,98.000003,43.866733,0.0,0.0,114.852673,-3.5e-05,-1.4e-05,95.567248,-2.7e-05,-2.1e-05,1063.447408
14.82,123.0,98.0,52.103521,123.000006,98.000003,44.836811,0.0,0.0,115.669643,-3.3e-05,-1.3e-05,97.00776,-2.6e-05,-2e-05,1070.913427
14.83,123.0,98.0,53.256307,123.000006,98.000003,45.820277,0.0,0.0,116.352662,-3.1e-05,-1.3e-05,98.346572,-2.5e-05,-1.9e-05,1077.182547
14.84,123.0,98.0,54.415209,123.000006,98.000002,46.81609,0.0,0.0,116.900526,-3e-05,-1.2e-05,99.581304,-2.4e-05,-1.8e-05,1082.244312
14.85,123.0,98.0,55.578879,123.000006,98.000002,47.823187,0.0,0.0,117.312268,-2.8e-05,-1.1e-05,100.70977,-2.2e-05,-1.7e-05,1086.090308
14.86,123.0,98.0,56.745961,123.000005,98.000002,48.840487,0.0,0.0,117.587165,-2.7e-05,-1.1e-05,101.729976,-2.1e-05,-1.6e-05,1088.714181
14.87,123.0,98.0,57.915093,123.000005,98.000002,49.866888,0.0,0.0,117.724734,-2.6e-05,-1e-05,102.640125,-2e-05,-1.6e-05,1090.111645
14.88,123.0,98.0,59.084907,123.000005,98.000002,50.901275,0.0,0.0,117.724734,-2.5e-05,-1e-05,103.438615,-1.9e-05,-1.5e-05,1090.280496
14.89,123.0,98.0,60.254039,123.000005,98.000002,51.942515,0.0,0.0,117.587165,-2.3e-05,-9e-06,104.124046,-1.8e-05,-1.4e-05,1089.220622
14.9,123.0,98.0,61.421121,123.000004,98.000002,52.989467,0.0,0.0,117.312268,-2.2e-05,-9e-06,104.695216,-1.7e-05,-1.4e-05,1086.934016
14.91,123.0,98.0,62.584791,123.000004,98.000002,54.040978,0.0,0.0,116.900526,-2.1e-05,-9e-06,105.151123,-1.7e-05,-1.3e-05,1083.424781
14.92,123.0,98.0,63.743693,123.000004,98.000002,55.095888,0.0,0.0,116.352662,-2e-05,-8e-06,105.490972,-1.6e-05,-1.2e-05,1078.699147
14.93,123.0,98.0,64.896479,123.000004,98.000002,56.15303,0.0,0.0,115.669643,-1.9e-05,-8e-06,105.714169,-1.5e-05,-1.2e-05,1072.765478
14.94,123.0,98.0,66.041813,123.000004,98.000002,57.211233,0.0,0.0,114.852673,-1.8e-05,-7e-06,105.820327,-1.4e-05,-1.1e-05,1065.634279
14.95,123.0,98.0,67.178369,123.000003,98.000001,58.269326,0.0,0.0,113.903201,-1.7e-05,-7e-06,105.809263,-1.4e-05,-1.1e-05,1057.318207
14.96,123.0,98.0,68.304841,123.000003,98.000001,59.326136,0.0,0.0,112.822916,-1.6e-05,-7e-06,105.681006,-1.3e-05,-1e-05,1047.83208
14.97,123.0,98.0,69.419936,123.000003,98.000001,60.380494,0.0,0.0,111.613748,-1.6e-05,-6e-06,105.435792,-1.2e-05,-1e-05,1037.192886
14.98,123.0,98.0,70.522386,123.000003,98.000001,61.431234,0.0,0.0,110.277868,-1.5e-05,-6e-06,105.074065,-1.2e-05,-9e-06,1025.41979
14.99,123.0,98.0,71.610944,123.000003,98.000001,62.477199,0.0,0.0,108.81769,-1.4e-05,-6e-06,104.596484,-1.1e-05,-9e-06,1012.53414
15.0,123.0,98.0,72.684386,123.000003,98.000001,63.517238,0.0,0.0,107.235867,-1.4e-05,-6e-06,104.003917,-1.1e-05,-8e-06,998.559479
15.01,123.0,98.0,73.74152,123.000003,98.000001,64.550213,0.0,0.0,105.535295,-1.3e-05,-5e-06,103.297446,-1e-05,-8e-06,983.521548
15.02,123.0,98.0,74.781179,123.000002,98.000001,65.574997,0.0,0.0,103.71911,-1.2e-05,-5e-06,102.478369,-1e-05,-8e-06,967.448296
15.03,123.0,98.0,75.802233,123.000002,98.000001,66.590479,0.0,0.0,101.79069,-1.2e-05,-5e-06,101.548197,-9e-06,-7e-06,950.369885
15.04,123.0,98.0,76.803583,123.000002,98.000001,67.595565,0.0,0.0,99.753654,-1.1e-05,-5e-06,100.508656,-9e-06,-7e-06,932.318698
15.05,123.0,98.0,77.78417,123.000002,98.000001,68.589182,0.0,0.0,97.611864,-1.1e-05,-4e-06,99.361691,-8e-06,-7e-06,913.329343
15.06,123.0,98.0,78.742973,123.000002,98.000001,69.570277,0.0,0.0,95.36942,-1e-05,-4e-06,98.109463,-8e-06,-6e-06,893.438661
15.07,123.0,98.0,79.679012,123.000002,98.000001,70.53782,0.0,0.0,93.030665,-1e-05,-4e-06,96.754351,-8e-06,-6e-06,872.685731
15.08,123.0,98.0,80.591355,123.000002,98.000001,71.49081,0.0,0.0,90.600185,-9e-06,-4e-06,95.298956,-7e-06,-6e-06,851.111877
15.09,123.0,98.0,81.479113,123.000002,98.000001,72.428271,0.0,0.0,88.082803,-9e-06,-4e-06,93.746095,-7e-06,-5e-06,828.760672
15.1,123.0,98.0,82.341447,123.000002,98.000001,73.349259,0.0,0.0,85.483589,-8e-06,-3e-06,92.098807,-6e-06,-5e-06,805.677944
15.11,123.0,98.0,83.177572,123.000002,98.000001,74.252862,0.0,0.0,82.807848,-8e-06,-3e-06,90.360354,-6e-06,-5e-06,781.911778
15.12,123.0,98.0,83.986753,123.000001,98.000001,75.138204,0.0,0.0,80.061132,-7e-06,-3e-06,88.534216,-6e-06,-5e-06,757.512528
15.13,123.0,98.0,84.768314,123.000001,98.000001,76.004445,0.0,0.0,77.24923,-7e-06,-3e-06,86.624099,-6e-06,-5e-06,732.532814
15.14,123.0,98.0,85.521638,123.000001,98.000001,76.850785,0.0,0.0,74.378174,-7e-06,-3e-06,84.633931,-5e-06,-4e-06,707.027532
15.15,123.0,98.0,86.246167,123.000001,98.000001,77.676463,0.0,0.0,71.454239,-6e-06,-3e-06,82.567863,-5e-06,-4e-06,681.053854
15.16,123.0,98.0,86.941408,123.000001,98.000001,78.480766,0.0,0.0,68.483937,-6e-06,-3e-06,80.43027,-5e-06,-4e-06,654.671237
15.17,123.0,98.0,87.606934,123.000001,98.000001,79.263024,0.0,0.0,65.474026,-6e-06,-3e-06,78.225754,-5e-06,-4e-06,627.941423
15.18,123.0,98.0,88.242386,123.000001,98.0,80.022615,0.0,0.0,62.431502,-6e-06,-2e-06,75.959141,-4e-06,-4e-06,600.928444
15.19,123.0,98.0,88.847476,123.000001,98.0,80.75897,0.0,0.0,59.363603,-5e-06,-2e-06,73.635481,-4e-06,-3e-06,573.698628
15.2,123.0,98.0,89.421989,123.000001,98.0,81.47157,0.0,0.0,56.27781,-5e-06,-2e-06,71.260053,-4e-06,-3e-06,546.3206
15.21,123.0,98.0,89.965784,123.000001,98.0,82.159954,0.0,0.0,53.181842,-5e-06,-2e-06,68.838363,-4e-06,-3e-06,518.865286
15.22,123.0,98.0,90.4788,123.000001,98.0,82.823715,0.0,0.0,50.083663,-5e-06,-2e-06,66.376141,-4e-06,-3e-06,491.405918
15.23,123.0,98.0,90.961056,123.000001,98.0,83.462509,0.0,0.0,46.991476,-4e-06,-2e-06,63.879349,-3e-06,-3e-06,464.018036
15.24,123.0,98.0,91.412653,123.000001,98.0,84.076051,0.0,0.0,43.913725,-4e-06,-2e-06,61.354174,-3e-06,-3e-06,436.779489
15.25,123.0,98.0,91.833777,123.000001,98.0,84.664121,0.0,0.0,40.859097,-4e-06,-2e-06,58.807033,-3e-06,-3e-06,409.770445
15.26,123.0,98.0,92.224702,123.000001,98.0,85.226567,0.0,0.0,37.836518,-4e-06,-2e-06,56.244571,-3e-06,-2e-06,383.073385
15.27,123.0,98.0,92.585793,123.000001,98.0,85.763303,0.0,0.0,34.855158,-4e-06,-2e-06,53.673664,-3e-06,-2e-06,356.773112
15.28,123.0,98.0,92.917505,123.000001,98.0,86.274317,0.0,0.0,31.924427,-3e-06,-1e-06,51.101415,-3e-06,-2e-06,330.956752
15.29,123.0,98.0,93.220388,123.000001,98.0,86.759669,0.0,0.0,29.053974,-3e-06,-1e-06,48.53516,-3e-06,-2e-06,305.713756
15.3,123.0,98.0,93.495092,123.000001,98.0,87.219494,0.0,0.0,26.253694,-3e-06,-1e-06,45.982464,-2e-06,-2e-06,281.135904
15.31,123.0,98.0,93.742362,123.000001,98.0,87.654005,0.0,0.0,23.533719,-3e-06,-1e-06,43.451122,-2e-06,-2e-06,257.317305
15.32,123.0,98.0,93.963049,123.000001,98.0,88.063497,0.0,0.0,20.904425,-3e-06,-1e-06,40.949162,-2e-06,-2e-06,234.354403
15.33,123.0,98.0,94.158106,123.000001,98.0,88.448345,0.0,0.0,18.376428,-3e-06,-1e-06,38.484841,-2e-06,-2e-06,212.345976
15.34,123.0,98.0,94.328593,123.0,98.0,88.809011,0.0,0.0,15.960585,-3e-06,-1e-06,36.06665,-2e-06,-2e-06,191.393138
15.35,123.0,98.0,94.47568,123.0,98.0,89.146045,0.0,0.0,13.667995,-2e-06,-1e-06,33.703311,-2e-06,-2e-06,171.599346
15.36,123.0,98.0,94.600646,123.0,98.0,89.460082,0.0,0.0,11.509998,-2e-06,-1e-06,31.403777,-2e-06,-2e-06,153.070395
15.37,123.0,98.0,94.704888,123.0,98.0,89.751855,0.0,0.0,9.498177,-2e-06,-1e-06,29.177235,-2e-06,-1e-06,135.914427
15.38,123.0,98.0,94.789915,123.0,98.0,90.022186,0.0,0.0,7.644352,-2e-06,-1e-06,27.033105,-2e-06,-1e-06,120.241926
15.39,123.0,98.0,94.857358,123.0,98.0,90.271996,0.0,0.0,5.960589,-2e-06,-1e-06,24.981038,-2e-06,-1e-06,106.165727
15.4,123.0,98.0,94.908967,123.0,98.0,90.502305,0.0,0.0,4.459192,-2e-06,-1e-06,23.030921,-1e-06,-1e-06,93.80101
15.41,123.0,98.0,94.946616,123.0,98.0,90.714234,0.0,0.0,3.152708,-2e-06,-1e-06,21.192872,-1e-06,-1e-06,83.26531
15.42,123.0,98.0,94.972305,123.0,98.0,90.909006,0.0,0.0,2.053925,-2e-06,-1e-06,19.477245,-1e-06,-1e-06,74.678511
15.43,123.0,98.0,94.988162,123.0,98.0,91.087953,0.0,0.0,1.175872,-2e-06,-1e-06,17.894625,-1e-06,-1e-06,68.162853
15.44,123.0,98.0,94.996447,123.0,98.0,91.252511,0.0,0.0,0.531818,-2e-06,-1e-06,16.455833,-1e-06,-1e-06,63.842932
15.45,123.0,98.0,94.99955,123.0,98.0,91.40423,0.0,0.0,0.135277,-1e-06,-1e-06,15.171925,-1e-06,-1e-06,61.845699
15.46,123.0,98.0,95.0,123.0,98.0,91.544772,0.0,0.0,0.0,-1e-06,-1e-06,14.054191,-1e-06,-1e-06,62.300465
15.47,123.0,98.0,95.0,123.0,98.0,91.675914,0.0,0.0,0.0,-1e-06,-1e-06,13.114153,-1e-06,-1e-06,65.338901
15.48,123.0,98.0,95.0,123.0,98.0,91.799428,0.0,0.0,0.0,-1e-06,-1e-06,12.351453,-1e-06,-1e-06,70.125565
15.49,123.0,98.0,95.0,123.0,98.0,91.916632,0.0,0.0,0.0,-1e-06,-1e-06,11.720373,-1e-06,-1e-06,73.028103
15.5,123.0,98.0,95.0,123.0,98.0,92.028426,0.0,0.0,0.0,-1e-06,-1e-06,11.179443,-1e-06,-1e-06,73.929338
15.51,123.0,98.0,95.0,123.0,98.0,92.135443,0.0,0.0,0.0,-1e-06,-0.0,10.701619,-1e-06,-1e-06,73.568493
15.52,123.0,98.0,95.0,123.0,98.0,92.238135,0.0,0.0,0.0,-1e-06,-0.0,10.269209,-1e-06,-1e-06,72.423358
15.53,123.0,98.0,95.0,123.0,98.0,92.336841,0.0,0.0,0.0,-1e-06,-0.0,9.870587,-1e-06,-1e-06,70.802358
15.54,123.0,98.0,95.0,123.0,98.0,92.431821,0.0,0.0,0.0,-1e-06,-0.0,9.498066,-1e-06,-1e-06,68.904203
15.55,123.0,98.0,95.0,123.0,98.0,92.523286,0.0,0.0,0.0,-1e-06,-0.0,9.146515,-1e-06,-1e-06,66.856553
15.56,123.0,98.0,95.0,123.0,98.0,92.611411,0.0,0.0,0.0,-1e-06,-0.0,8.812464,-1e-06,-1e-06,64.741065
15.57,123.0,98.0,95.0,123.0,98.0,92.696346,0.0,0.0,0.0,-1e-06,-0.0,8.493526,-1e-06,-1e-06,62.609622
15.58,123.0,98.0,95.0,123.0,98.0,92.778227,0.0,0.0,0.0,-1e-06,-0.0,8.188021,-1e-06,-1e-06,60.49485
15.59,123.0,98.0,95.0,123.0,98.0,92.857174,0.0,0.0,0.0,-1e-06,-0.0,7.89473,-1e-06,-1e-06,58.416932
15.6,123.0,98.0,95.0,123.0,98.0,92.933301,0.0,0.0,0.0,-1e-06,-0.0,7.612739,-1e-06,-0.0,56.388021
15.61,123.0,98.0,95.0,123.0,98.0,93.006715,0.0,0.0,0.0,-1e-06,-0.0,7.341335,-1e-06,-0.0,54.415102
15.62,123.0,98.0,95.0,123.0,98.0,93.077514,0.0,0.0,0.0,-1e-06,-0.0,7.079941,-0.0,-0.0,52.501838
15.63,123.0,98.0,95.0,123.0,98.0,93.145795,0.0,0.0,0.0,-1e-06,-0.0,6.828071,-0.0,-0.0,50.649776
15.64,123.0,98.0,95.0,123.0,98.0,93.211648,0.0,0.0,0.0,-1e-06,-0.0,6.585301,-0.0,-0.0,48.859114
15.65,123.0,98.0,95.0,123.0,98.0,93.27516,0.0,0.0,0.0,-1e-06,-0.0,6.351254,-0.0,-0.0,47.129212
15.66,123.0,98.0,95.0,123.0,98.0,93.336416,0.0,0.0,0.0,-1e-06,-0.0,6.125583,-0.0,-0.0,45.458908
15.67,123.000051,98.0,95.0,123.0,98.0,93.395496,0.015288,0.0,0.0,-0.0,-0.0,5.907969,-0.0,-0.0,43.846732
15.68,123.000406,98.0,95.0,123.000005,98.0,93.452477,0.060832,0.0,0.0,0.000536,-0.0,5.698111,0.080464,-0.0,42.291037
15.69,123.001364,98.0,95.0,123.000048,98.0,93.507434,0.136152,0.0,0.0,0.004216,-0.0,5.495723,0.556321,-0.0,40.79009
15.7,123.003221,98.0,95.0,123.000186,98.0,93.560439,0.240772,0.0,0.0,0.013856,-0.0,5.300535,1.479713,-0.0,39.342122
15.71,123.006266,98.0,95.0,123.000505,98.0,93.611562,0.374219,0.0,0.0,0.031918,-0.0,5.112285,2.820067,-0.0,37.945366
15.72,123.010785,98.0,95.0,123.001111,98.0,93.66087,0.53602,0.0,0.0,0.060547,-0.0,4.930725,4.549807,-0.0,36.598076
15.73,123.017058,98.0,95.0,123.002127,98.0,93.708426,0.725707,0.0,0.0,0.101612,-0.0,4.755616,6.64403,-0.0,35.298544
15.74,123.025362,98.0,95.0,123.003694,98.0,93.754293,0.942814,0.0,0.0,0.156727,-0.0,4.586728,9.080207,-0.0,34.045104
15.75,123.035967,98.0,95.0,123.005967,98.0,93.798531,1.186876,0.0,0.0,0.227288,-0.0,4.423839,11.837927,-0.0,32.836141
15.76,123.049141,98.0,95.0,123.009112,98.0,93.841199,1.457433,0.0,0.0,0.31449,-0.0,4.266735,14.898667,-0.0,31.670087
15.77,123.065145,98.0,95.0,123.013306,98.0,93.882351,1.754026,0.0,0.0,0.419355,-0.0,4.115211,18.245579,-0.0,30.545427
15.78,123.084238,98.0,95.0,123.018733,98.0,93.922042,2.076198,0.0,0.0,0.542744,-0.0,3.969068,21.863315,-0.0,29.460697
15.79,123.106671,98.0,95.0,123.025587,98.0,93.960323,2.423496,0.0,0.0,0.685384,-0.0,3.828116,25.737857,-0.0,28.414482
15.8,123.132694,98.0,95.0,123.034066,98.0,93.997244,2.795468,0.0,0.0,0.847873,-0.0,3.692169,29.856376,-0.0,27.405417
15.81,123.162551,98.0,95.0,123.044373,98.0,94.032855,3.191666,0.0,0.0,1.0307,-0.0,3.56105,34.207103,-0.0,26.432183
15.82,123.196482,98.0,95.0,123.056715,98.0,94.067201,3.611644,0.0,0.0,1.234257,-0.0,3.434588,38.779211,-0.0,25.49351
15.83,123.23472,98.0,95.0,123.071304,98.0,94.100327,4.054958,0.0,0.0,1.458848,-0.0,3.312616,43.562715,-0.0,24.58817
15.84,123.277498,98.0,95.0,123.088351,98.0,94.132277,4.521167,0.0,0.0,1.704699,-0.0,3.194977,48.548383,-0.0,23.714981
15.85,123.325041,98.0,95.0,123.10807,98.0,94.163092,5.009833,0.0,0.0,1.971966,-0.0,3.081515,53.727651,-0.0,22.8728
15.86,123.377571,98.0,95.0,123.130678,98.0,94.192813,5.520519,0.0,0.0,2.260745,-0.0,2.972082,59.092555,-0.0,22.060527
15.87,123.435306,98.0,95.0,123.156388,98.0,94.221478,6.052793,0.0,0.0,2.571076,-0.0,2.866535,64.635664,-0.0,21.2771
15.88,123.498459,98.0,95.0,123.185418,98.0,94.249125,6.606222,0.0,0.0,2.902952,-0.0,2.764737,70.350025,-0.0,20.521494
15.89,123.56724,98.0,95.0,123.217981,98.0,94.275791,7.180379,0.0,0.0,3.256322,-0.0,2.666554,76.229112,-0.0,19.792722
15.9,123.641853,98.0,95.0,123.254292,98.0,94.301509,7.774838,0.0,0.0,3.631097,-0.0,2.571858,82.26678,-0.0,19.08983
15.91,123.722498,98.0,95.0,123.294564,98.0,94.326315,8.389175,0.0,0.0,4.027153,-0.0,2.480524,88.457228,-0.0,18.4119
15.92,123.809371,98.0,95.0,123.339007,98.0,94.350239,9.02297,0.0,0.0,4.444338,-0.0,2.392434,94.794959,-0.0,17.758045
15.93,123.902666,98.0,95.0,123.387832,98.0,94.373314,9.675804,0.0,0.0,4.882472,-0.0,2.307473,101.274751,-0.0,17.12741
15.94,124.00257,98.0,95.0,123.441245,98.0,94.395569,10.347261,0.0,0.0,5.341351,-0.0,2.225528,107.891629,-0.0,16.51917
15.95,124.109266,98.0,95.0,123.499453,98.0,94.417034,11.036928,0.0,0.0,5.820751,-0.0,2.146494,114.640838,-0.0,15.932531
15.96,124.222934,98.0,95.0,123.562657,98.0,94.437737,11.744395,0.0,0.0,6.32043,-0.0,2.070266,121.517824,-0.0,15.366725
15.97,124.34375,98.0,95.0,123.631058,98.0,94.457704,12.469253,0.0,0.0,6.840128,-0.0,1.996745,128.518209,-0.0,14.821012
15.98,124.471886,98.0,95.0,123.704854,98.0,94.476962,13.211096,0.0,0.0,7.379573,-0.0,1.925836,135.637781,-0.0,14.294679
15.99,124.607509,98.0,95.0,123.784239,98.0,94.495537,13.969522,0.0,0.0,7.938479,-0.0,1.857444,142.872468,-0.0,13.787037
16.0,124.750782,98.0,95.0,123.869404,98.0,94.513452,14.744129,0.0,0.0,8.516549,-0.0,1.791482,150.218336,-0.0,13.297423
16.01,124.901865,98.0,95.0,123.960539,98.0,94.53073,15.53452,0.0,0.0,9.113477,-0.0,1.727861,157.671566,-0.0,12.825196
16.02,125.060913,98.0,95.0,124.057829,98.0,94.547395,16.340299,0.0,0.0,9.728948,-0.0,1.6665,165.22845,-0.0,12.36974
16.03,125.228079,98.0,95.0,124.161455,98.0,94.563469,17.161073,0.0,0.0,10.36264,-0.0,1.607319,172.885376,-0.0,11.930458
16.04,125.403509,98.0,95.0,124.271597,98.0,94.578971,17.996452,0.0,0.0,11.014225,-0.0,1.550238,180.638825,-0.0,11.506776
16.05,125.587349,98.0,95.0,124.388431,98.0,94.593923,18.846047,0.0,0.0,11.683368,-0.0,1.495185,188.485357,-0.0,11.09814
16.06,125.779736,98.0,95.0,124.512128,98.0,94.608344,19.709473,0.0,0.0,12.369733,-0.0,1.442087,196.42161,-0.0,10.704015
16.07,125.980809,98.0,95.0,124.642858,98.0,94.622252,20.586347,0.0,0.0,13.072976,-0.0,1.390875,204.44429,-0.0,10.323888
16.08,126.190698,98.0,95.0,124.780786,98.0,94.635667,21.476288,0.0,0.0,13.792751,-0.0,1.341481,212.550166,-0.0,9.957259
16.09,126.409533,98.0,95.0,124.926073,98.0,94.648606,22.37892,0.0,0.0,14.528712,-0.0,1.293842,220.736066,-0.0,9.603651
16.1,126.637439,98.0,95.0,125.078878,98.0,94.661085,23.293866,0.0,0.0,15.280506,-0.0,1.247894,228.998873,-0.0,9.2626
16.11,126.874536,98.0,95.0,125.239356,98.0,94.67312,24.220753,0.0,0.0,16.047783,-0.0,1.203578,237.33552,-0.0,8.93366
16.12,127.120941,98.0,95.0,125.407658,98.0,94.684729,25.159212,0.0,0.0,16.830188,-0.0,1.160836,245.742989,-0.0,8.616402
16.13,127.376769,98.0,95.0,125.583931,98.0,94.695925,26.108874,0.0,0.0,17.627366,-0.0,1.119612,254.218303,-0.0,8.310411
16.14,127.64213,98.0,95.0,125.768321,98.0,94.706723,27.069374,0.0,0.0,18.438964,-0.0,1.079851,262.758529,-0.0,8.015287
16.15,127.917129,98.0,95.0,125.960967,98.0,94.717138,28.04035,0.0,0.0,19.264624,-0.0,1.041503,271.360773,-0.0,7.730643
16.16,128.201869,98.0,95.0,126.162007,98.0,94.727184,29.021442,0.0,0.0,20.103992,-0.0,1.004516,280.022177,-0.0,7.456107
16.17,128.496451,98.0,95.0,126.371574,98.0,94.736872,30.012291,0.0,0.0,20.956712,-0.0,0.968843,288.739917,-0.0,7.191321
16.18,128.800968,98.0,95.0,126.589798,98.0,94.746216,31.012543,0.0,0.0,21.822429,-0.0,0.934437,297.511206,-0.0,6.935938
16.19,129.115514,98.0,95.0,126.816806,98.0,94.755229,32.021845,0.0,0.0,22.700788,-0.0,0.901253,306.333286,-0.0,6.689625
16.2,129.440176,98.0,95.0,127.052721,98.0,94.763921,33.039846,0.0,0.0,23.591435,-0.0,0.869247,315.20343,-0.0,6.452059
16.21,129.775041,98.0,95.0,127.297661,98.0,94.772305,34.0662,0.0,0.0,24.494018,-0.0,0.838378,324.118941,-0.0,6.222929
16.22,130.120189,98.0,95.0,127.551743,98.0,94.780391,35.100562,0.0,0.0,25.408185,-0.0,0.808605,333.077149,-0.0,6.001936
16.23,130.4757,98.0,95.0,127.815078,98.0,94.78819,36.142588,0.0,0.0,26.333584,-0.0,0.779889,342.075414,-0.0,5.788792
16.24,130.841646,98.0,95.0,128.087777,98.0,94.795712,37.191939,0.0,0.0,27.269867,-0.0,0.752193,351.111121,-0.0,5.583216
16.25,131.218101,98.0,95.0,128.369944,98.0,94.802967,38.248277,0.0,0.0,28.216686,-0.0,0.725481,360.18168,-0.0,5.384942
16.26,131.605132,98.0,95.0,128.661681,98.0,94.809964,39.311268,0.0,0.0,29.173693,-0.0,0.699717,369.284528,-0.0,5.193708
16.27,132.002804,98.0,95.0,128.963086,98.0,94.816713,40.380579,0.0,0.0,30.140543,-0.0,0.674868,378.417125,-0.0,5.009266
16.28,132.411178,98.0,95.0,129.274255,98.0,94.823222,41.455881,0.0,0.0,31.116894,-0.0,0.650902,387.576957,-0.0,4.831374
16.29,132.830312,98.0,95.0,129.595279,98.0,94.8295,42.536845,0.0,0.0,32.102403,-0.0,0.627787,396.761532,-0.0,4.659799
16.3,133.260262,98.0,95.0,129.926247,98.0,94.835554,43.623148,0.0,0.0,33.096731,-0.0,0.605492,405.968382,-0.0,4.494317
16.31,133.701079,98.0,95.0,130.267242,98.0,94.841394,44.714466,0.0,0.0,34.099539,-0.0,0.58399,415.195061,-0.0,4.334712
16.32,134.152811,98.0,95.0,130.618347,98.0,94.847027,45.81048,0.0,0.0,35.110491,-0.0,0.563251,424.439147,-0.0,4.180775
16.33,134.615504,98.0,95.0,130.979639,98.0,94.852459,46.910874,0.0,0.0,36.129253,-0.0,0.543248,433.698239,-0.0,4.032305
16.34,135.0892,98.0,95.0,131.351194,98.0,94.857699,48.015332,0.0,0.0,37.155493,-0.0,0.523956,442.96996,-0.0,3.889107
16.35,135.573938,98.0,95.0,131.733083,98.0,94.862752,49.123541,0.0,0.0,38.18888,-0.0,0.505349,452.251953,-0.0,3.750994
16.36,136.069754,98.0,95.0,132.125374,98.0,94.867626,50.235193,0.0,0.0,39.229085,-0.0,0.487403,461.541882,-0.0,3.617787
16.37,136.57668,98.0,95.0,132.528132,98.0,94.872327,51.349981,0.0,0.0,40.275784,-0.0,0.470094,470.837435,-0.0,3.48931
16.38,137.094746,98.0,95.0,132.941418,98.0,94.876861,52.467599,0.0,0.0,41.328651,-0.0,0.453399,480.136319,-0.0,3.365395
16.39,137.62398,98.0,95.0,133.365292,98.0,94.881234,53.587746,0.0,0.0,42.387364,-0.0,0.437298,489.436263,-0.0,3.245881
16.4,138.164405,98.0,95.0,133.799808,98.0,94.885452,54.710122,0.0,0.0,43.451605,-0.0,0.421768,498.735018,-0.0,3.130611
16.41,138.716041,98.0,95.0,134.245019,98.0,94.88952,55.83443,0.0,0.0,44.521055,-0.0,0.40679,508.030354,-0.0,3.019435
16.42,139.278906,98.0,95.0,134.700973,98.0,94.893443,56.960376,0.0,0.0,45.595399,-0.0,0.392344,517.320064,-0.0,2.912207
16.43,139.853016,98.0,95.0,135.167716,98.0,94.897227,58.087668,0.0,0.0,46.674324,-0.0,0.378411,526.60196,-0.0,2.808787
16.44,140.438382,98.0,95.0,135.645291,98.0,94.900877,59.216016,0.0,0.0,47.75752,-0.0,0.364972,535.873874,-0.0,2.709039
16.45,141.035014,98.0,95.0,136.133738,98.0,94.904397,60.345133,0.0,0.0,48.844676,-0.0,0.352011,545.133663,-0.0,2.612834
16.46,141.642917,98.0,95.0,136.633093,98.0,94.907792,61.474736,0.0,0.0,49.935488,-0.0,0.339511,554.379198,-0.0,2.520045
16.47,142.262095,98.0,95.0,137.143389,98.0,94.911067,62.604542,0.0,0.0,51.029651,-0.0,0.327454,563.608377,-0.0,2.430552
16.48,142.892549,98.0,95.0,137.664658,98.0,94.914225,63.734271,0.0,0.0,52.126864,-0.0,0.315825,572.819113,-0.0,2.344237
16.49,143.534277,98.0,95.0,138.196926,98.0,94.917271,64.863648,0.0,0.0,53.226827,-0.0,0.304609,582.009344,-0.0,2.260987
16.5,144.187273,98.0,95.0,138.740219,98.0,94.920209,65.992398,0.0,0.0,54.329243,-0.0,0.293792,591.177025,-0.0,2.180693
16.51,144.85153,98.0,95.0,139.294557,98.0,94.923043,67.120249,0.0,0.0,55.433818,-0.0,0.283358,600.320133,-0.0,2.103251
16.52,145.527038,98.0,95.0,139.859959,98.0,94.925776,68.246932,0.0,0.0,56.540258,-0.0,0.273295,609.436666,-0.0,2.028559
16.53,146.213784,98.0,95.0,140.436442,98.0,94.928412,69.372181,0.0,0.0,57.648276,-0.0,0.26359,618.524639,-0.0,1.956519
16.54,146.911752,98.0,95.0,141.024018,98.0,94.930954,70.495731,0.0,0.0,58.757581,-0.0,0.254229,627.582091,-0.0,1.887038
16.55,147.620924,98.0,95.0,141.622697,98.0,94.933406,71.61732,0.0,0.0,59.867891,-0.0,0.245201,636.607081,-0.0,1.820024
16.56,148.341279,98.0,95.0,142.232486,98.0,94.935771,72.73669,0.0,0.0,60.978921,-0.0,0.236493,645.597685,-0.0,1.755391
16.57,149.072794,98.0,95.0,142.85339,98.0,94.938052,73.853584,0.0,0.0,62.090392,-0.0,0.228095,654.552002,-0.0,1.693052
16.58,149.815442,98.0,95.0,143.48541,98.0,94.940252,74.967747,0.0,0.0,63.202026,-0.0,0.219994,663.468151,-0.0,1.632927
16.59,150.569195,98.0,95.0,144.128546,98.0,94.942374,76.07893,0.0,0.0,64.313546,-0.0,0.212182,672.344271,-0.0,1.574938
16.6,151.334022,98.0,95.0,144.782792,98.0,94.94442,77.186881,0.0,0.0,65.42468,-0.0,0.204647,681.17852,-0.0,1.519008
16.61,152.10989,98.0,95.0,145.448144,98.0,94.946394,78.291356,0.0,0.0,66.535158,-0.0,0.197379,689.969078,-0.0,1.465064
16.62,152.896763,98.0,95.0,146.124591,98.0,94.948298,79.39211,0.0,0.0,67.644711,-0.0,0.19037,698.714145,-0.0,1.413035
16.63,153.694602,98.0,95.0,146.812122,98.0,94.950134,80.488901,0.0,0.0,68.753072,-0.0,0.183609,707.41194,-0.0,1.362855
16.64,154.503366,98.0,95.0,147.510722,98.0,94.951904,81.581492,0.0,0.0,69.85998,-0.0,0.177089,716.060702,-0.0,1.314456
16.65,155.323013,98.0,95.0,148.220373,98.0,94.953612,82.669645,0.0,0.0,70.965172,-0.0,0.1708,724.658692,-0.0,1.267776
16.66,156.153497,98.0,95.0,148.941057,98.0,94.95526,83.753126,0.0,0.0,72.068391,-0.0,0.164734,733.204191,-0.0,1.222754
16.67,156.994771,98.0,95.0,149.672751,98.0,94.956849,84.831705,0.0,0.0,73.16938,-0.0,0.158884,741.695497,-0.0,1.179331
16.68,157.846783,98.0,95.0,150.41543,98.0,94.958381,85.905153,0.0,0.0,74.267886,-0.0,0.153242,750.130932,-0.0,1.13745
16.69,158.709483,98.0,95.0,151.169067,98.0,94.959859,86.973244,0.0,0.0,75.363658,-0.0,0.1478,758.508837,-0.0,1.097056
16.7,159.582814,98.0,95.0,151.933631,98.0,94.961285,88.035753,0.0,0.0,76.456446,-0.0,0.142551,766.827572,-0.0,1.058097
16.71,160.466722,98.0,95.0,152.709091,98.0,94.962659,89.092459,0.0,0.0,77.546006,-0.0,0.137489,775.085518,-0.0,1.020521
16.72,161.361145,98.0,95.0,153.495412,98.0,94.963986,90.143145,0.0,0.0,78.632093,-0.0,0.132606,783.281077,-0.0,0.984279
16.73,162.266024,98.0,95.0,154.292557,98.0,94.965265,91.187593,0.0,0.0,79.714466,-0.0,0.127897,791.41267,-0.0,0.949325
16.74,163.181295,98.0,95.0,155.100485,98.0,94.966498,92.225591,0.0,0.0,80.792886,-0.0,0.123355,799.478739,-0.0,0.915612
16.75,164.106892,98.0,95.0,155.919157,98.0,94.967688,93.256927,0.0,0.0,81.867117,-0.0,0.118974,807.477744,-0.0,0.883096
16.76,165.042749,98.0,95.0,156.748526,98.0,94.968835,94.281393,0.0,0.0,82.936925,-0.0,0.114749,815.408169,-0.0,0.851735
16.77,165.988794,98.0,95.0,157.588547,98.0,94.969942,95.298782,0.0,0.0,84.002079,-0.0,0.110674,823.268515,-0.0,0.821488
16.78,166.944958,98.0,95.0,158.43917,98.0,94.971009,96.308892,0.0,0.0,85.06235,-0.0,0.106744,831.057304,-0.0,0.792315
16.79,167.911166,98.0,95.0,159.300345,98.0,94.972039,97.31152,0.0,0.0,86.117512,-0.0,0.102953,838.773078,-0.0,0.764177
16.8,168.887342,98.0,95.0,160.172019,98.0,94.973032,98.30647,0.0,0.0,87.167341,-0.0,0.099297,846.414401,-0.0,0.737039
16.81,169.873409,98.0,95.0,161.054135,98.0,94.97399,99.293545,0.0,0.0,88.211615,-0.0,0.095771,853.979854,-0.0,0.710865
16.82,170.869287,98.0,95.0,161.946636,98.0,94.974913,100.272551,0.0,0.0,89.250116,-0.0,0.09237,861.468041,-0.0,0.685621
16.83,171.874895,98.0,95.0,162.849462,98.0,94.975804,101.243298,0.0,0.0,90.282627,-0.0,0.089089,868.877585,-0.0,0.661272
16.84,172.890149,98.0,95.0,163.762552,98.0,94.976664,102.205597,0.0,0.0,91.308934,-0.0,0.085925,876.207128,-0.0,0.637789
16.85,173.914965,98.0,95.0,164.68584,98.0,94.977492,103.159263,0.0,0.0,92.328827,-0.0,0.082874,883.455335,-0.0,0.615139
16.86,174.949254,98.0,95.0,165.619261,98.0,94.978292,104.104112,0.0,0.0,93.342095,-0.0,0.079931,890.620888,-0.0,0.593294
16.87,175.992929,98.0,95.0,166.562746,98.0,94.979062,105.039964,0.0,0.0,94.348533,-0.0,0.077092,897.702492,-0.0,0.572225
16.88,177.045898,98.0,95.0,167.516226,98.0,94.979806,105.966641,0.0,0.0,95.347937,-0.0,0.074355,904.698869,-0.0,0.551903
16.89,178.10807,98.0,95.0,168.479627,98.0,94.980523,106.883966,0.0,0.0,96.340106,-0.0,0.071714,911.608765,-0.0,0.532304
16.9,179.179349,98.0,95.0,169.452875,98.0,94.981215,107.791767,0.0,0.0,97.32484,-0.0,0.069167,918.430944,-0.0,0.5134
16.91,180.25964,98.0,95.0,170.435894,98.0,94.981882,108.689874,0.0,0.0,98.301943,-0.0,0.066711,925.164189,-0.0,0.495168
16.92,181.348846,98.0,95.0,171.428607,98.0,94.982525,109.578117,0.0,0.0,99.271221,-0.0,0.064342,931.807306,-0.0,0.477583
16.93,182.446866,98.0,95.0,172.430932,98.0,94.983146,110.456331,0.0,0.0,100.232484,-0.0,0.062057,938.359118,-0.0,0.460623
16.94,183.553601,98.0,95.0,173.442787,98.0,94.983744,111.324354,0.0,0.0,101.185541,-0.0,0.059853,944.818472,-0.0,0.444265
16.95,184.668948,98.0,95.0,174.464089,98.0,94.984322,112.182025,0.0,0.0,102.130207,-0.0,0.057728,951.184231,-0.0,0.428488
16.96,185.792802,98.0,95.0,175.494752,98.0,94.984879,113.029185,0.0,0.0,103.066298,-0.0,0.055678,957.455281,-0.0,0.413271
16.97,186.925058,98.0,95.0,176.534688,98.0,94.985416,113.86568,0.0,0.0,103.993632,-0.0,0.0537,963.630528,-0.0,0.398595
16.98,188.065608,98.0,95.0,177.583809,98.0,94.985933,114.691357,0.0,0.0,104.912031,-0.0,0.051793,969.708896,-0.0,0.38444
16.99,189.214345,98.0,95.0,178.642022,98.0,94.986433,115.506064,0.0,0.0,105.821318,-0.0,0.049954,975.689333,-0.0,0.370787
17.0,190.371157,98.0,95.0,179.709235,98.0,94.986915,116.309655,0.0,0.0,106.72132,-0.0,0.04818,981.570802,-0.0,0.35762
17.01,191.535933,98.0,95.0,180.785354,98.0,94.987379,117.101984,0.0,0.0,107.611865,-0.0,0.046469,987.352292,-0.0,0.34492
17.02,192.70856,98.0,95.0,181.870281,98.0,94.987828,117.882908,0.0,0.0,108.492784,-0.0,0.044819,993.032808,-0.0,0.332671
17.03,193.888924,98.0,95.0,182.963921,98.0,94.98826,118.652287,0.0,0.0,109.363912,-0.0,0.043227,998.611375,-0.0,0.320857
17.04,195.076908,98.0,95.0,184.066171,98.0,94.988677,119.409983,0.0,0.0,110.225083,-0.0,0.041692,1004.087042,-0.0,0.309462
17.05,196.272395,98.0,95.0,185.176933,98.0,94.989079,120.155861,0.0,0.0,111.076138,-0.0,0.040211,1009.458874,-0.0,0.298472
17.06,197.475267,98.0,95.0,186.296102,98.0,94.989467,120.889787,0.0,0.0,111.916917,-0.0,0.038783,1014.725959,-0.0,0.287873
17.07,198.685404,98.0,95.0,187.423575,98.0,94.989841,121.611633,0.0,0.0,112.747264,-0.0,0.037406,1019.887404,-0.0,0.27765
17.08,199.902684,98.0,95.0,188.559245,98.0,94.990202,122.32127,0.0,0.0,113.567026,-0.0,0.036078,1024.942335,-0.0,0.26779
17.09,201.126985,98.0,95.0,189.703005,98.0,94.99055,123.018574,0.0,0.0,114.37605,-0.0,0.034796,1029.889901,-0.0,0.25828
17.1,202.358184,98.0,95.0,190.854747,98.0,94.990885,123.703421,0.0,0.0,115.174189,-0.0,0.033561,1034.729269,-0.0,0.249108
17.11,203.596154,98.0,95.0,192.01436,98.0,94.991209,124.375691,0.0,0.0,115.961297,-0.0,0.032369,1039.459627,-0.0,0.240261
17.12,204.840771,98.0,95.0,193.181733,98.0,94.991521,125.035268,0.0,0.0,116.737229,-0.0,0.031219,1044.080182,-0.0,0.231729
17.13,206.091907,98.0,95.0,194.356751,98.0,94.991822,125.682035,0.0,0.0,117.501844,-0.0,0.030111,1048.590164,-0.0,0.2235
17.14,207.349434,98.0,95.0,195.539301,98.0,94.992113,126.315881,0.0,0.0,118.255005,-0.0,0.029041,1052.98882,-0.0,0.215562
17.15,208.613222,98.0,95.0,196.729267,98.0,94.992393,126.936696,0.0,0.0,118.996574,-0.0,0.02801,1057.275419,-0.0,0.207907
17.16,209.88314,98.0,95.0,197.926531,98.0,94.992663,127.544372,0.0,0.0,119.726418,-0.0,0.027015,1061.449249,-0.0,0.200524
17.17,211.159057,98.0,95.0,199.130975,98.0,94.992923,128.138804,0.0,0.0,120.444407,-0.0,0.026056,1065.50962,-0.0,0.193403
17.18,212.44084,98.0,95.0,200.342479,98.0,94.993175,128.71989,0.0,0.0,121.150411,-0.0,0.025131,1069.45586,-0.0,0.186535
17.19,213.728355,98.0,95.0,201.560922,98.0,94.993417,129.28753,0.0,0.0,121.844304,-0.0,0.024238,1073.287319,-0.0,0.17991
17.2,215.021469,98.0,95.0,202.786182,98.0,94.993651,129.841626,0.0,0.0,122.525964,-0.0,0.023377,1077.003367,-0.0,0.173521
17.21,216.320044,98.0,95.0,204.018134,98.0,94.993876,130.382085,0.0,0.0,123.195269,-0.0,0.022547,1080.603391,-0.0,0.167359
17.22,217.623945,98.0,95.0,205.256655,98.0,94.994094,130.908813,0.0,0.0,123.8521,-0.0,0.021747,1084.086804,-0.0,0.161416
17.23,218.933034,98.0,95.0,206.501619,98.0,94.994304,131.421722,0.0,0.0,124.496341,-0.0,0.020974,1087.453033,-0.0,0.155683
17.24,220.247172,98.0,95.0,207.752898,98.0,94.994506,131.920723,0.0,0.0,125.12788,-0.0,0.020229,1090.70153,-0.0,0.150155
17.25,221.566222,98.0,95.0,209.010364,98.0,94.994701,132.405732,0.0,0.0,125.746605,-0.0,0.019511,1093.831765,-0.0,0.144822
17.26,222.890041,98.0,95.0,210.273888,98.0,94.994889,132.876667,0.0,0.0,126.352407,-0.0,0.018818,1096.843228,-0.0,0.139679
17.27,224.21849,98.0,95.0,211.54334,98.0,94.995071,133.333448,0.0,0.0,126.945182,-0.0,0.01815,1099.735431,-0.0,0.134719
17.28,225.551427,98.0,95.0,212.818588,98.0,94.995246,133.775999,0.0,0.0,127.524825,-0.0,0.017505,1102.507902,-0.0,0.129935
17.29,226.88871,98.0,95.0,214.0995,98.0,94.995415,134.204244,0.0,0.0,128.091235,-0.0,0.016884,1105.160195,-0.0,0.12532
17.3,228.230194,98.0,95.0,215.385943,98.0,94.995577,134.618112,0.0,0.0,128.644315,-0.0,0.016284,1107.691879,-0.0,0.12087
17.31,229.575738,98.0,95.0,216.677783,98.0,94.995734,135.017533,0.0,0.0,129.183969,-0.0,0.015706,1110.102547,-0.0,0.116577
17.32,230.925195,98.0,95.0,217.974884,98.0,94.995886,135.40244,0.0,0.0,129.710103,-0.0,0.015148,1112.39181,-0.0,0.112437
17.33,232.278421,98.0,95.0,219.27711,98.0,94.996032,135.772768,0.0,0.0,130.222626,-0.0,0.01461,1114.559299,-0.0,0.108444
17.34,233.63527,98.0,95.0,220.584325,98.0,94.996173,136.128457,0.0,0.0,130.72145,-0.0,0.014091,1116.604667,-0.0,0.104593
17.35,234.995596,98.0,95.0,221.89639,98.0,94.996309,136.469445,0.0,0.0,131.20649,-0.0,0.013591,1118.527586,-0.0,0.100879
17.36,236.359251,98.0,95.0,223.213166,98.0,94.99644,136.795678,0.0,0.0,131.677662,-0.0,0.013108,1120.327747,-0.0,0.097296
17.37,237.726089,98.0,95.0,224.534515,98.0,94.996566,137.107099,0.0,0.0,132.134886,-0.0,0.012643,1122.004863,-0.0,0.093841
17.38,239.09596,98.0,95.0,225.860296,98.0,94.996688,137.403658,0.0,0.0,132.578083,-0.0,0.012194,1123.558668,-0.0,0.090509
17.39,240.468717,98.0,95.0,227.190368,98.0,94.996806,137.685304,0.0,0.0,133.007178,-0.0,0.011761,1124.988913,-0.0,0.087294
17.4,241.84421,98.0,95.0,228.524589,98.0,94.996919,137.951992,0.0,0.0,133.422098,-0.0,0.011343,1126.295372,-0.0,0.084194
17.41,243.22229,98.0,95.0,229.862817,98.0,94.997029,138.203677,0.0,0.0,133.822772,-0.0,0.01094,1127.477838,-0.0,0.081204
17.42,244.602807,98.0,95.0,231.204908,98.0,94.997134,138.440318,0.0,0.0,134.209131,-0.0,0.010552,1128.536124,-0.0,0.078321
17.43,245.98561,98.0,95.0,232.550719,98.0,94.997236,138.661874,0.0,0.0,134.581111,-0.0,0.010177,1129.470063,-0.0,0.075539
17.44,247.370549,98.0,95.0,233.900105,98.0,94.997334,138.86831,0.0,0.0,134.938649,-0.0,0.009816,1130.279511,-0.0,0.072857
17.45,248.757473,98.0,95.0,235.252922,98.0,94.997429,139.059591,0.0,0.0,135.281683,-0.0,0.009467,1130.964339,-0.0,0.070269
17.46,250.14623,98.0,95.0,236.609024,98.0,94.99752,139.235686,0.0,0.0,135.610156,-0.0,0.009131,1131.524443,-0.0,0.067774
17.47,251.536668,98.0,95.0,237.968264,98.0,94.997608,139.396566,0.0,0.0,135.924013,-0.0,0.008807,1131.959737,-0.0,0.065367
17.48,252.928637,98.0,95.0,239.330496,98.0,94.997693,139.542204,0.0,0.0,136.2232,-0.0,0.008494,1132.270155,-0.0,0.063046
17.49,254.321982,98.0,95.0,240.695573,98.0,94.997775,139.672576,0.0,0.0,136.507667,-0.0,0.008192,1132.455651,-0.0,0.060807
17.5,255.716553,98.0,95.0,242.063346,98.0,94.997854,139.787661,0.0,0.0,136.777366,-0.0,0.007901,1132.516201,-0.0,0.058647
17.51,257.112196,98.0,95.0,243.433669,98.0,94.99793,139.887439,0.0,0.0,137.032252,-0.0,0.007621,1132.451799,-0.0,0.056565
17.52,258.508758,98.0,95.0,244.806392,98.0,94.998004,139.971895,0.0,0.0,137.272281,-0.0,0.00735,1132.262461,-0.0,0.054556
17.53,259.906086,98.0,95.0,246.181366,98.0,94.998075,140.041014,0.0,0.0,137.497415,-0.0,0.007089,1131.948222,-0.0,0.052618
17.54,261.304028,98.0,95.0,247.558442,98.0,94.998143,140.094785,0.0,0.0,137.707613,-0.0,0.006837,1131.509138,-0.0,0.05075
17.55,262.70243,98.0,95.0,248.93747,98.0,94.998209,140.133199,0.0,0.0,137.902843,-0.0,0.006594,1130.945283,-0.0,0.048948
17.56,264.101138,98.0,95.0,250.318301,98.0,94.998273,140.15625,0.0,0.0,138.083069,-0.0,0.00636,1130.256755,-0.0,0.047209
17.57,265.5,98.0,95.0,251.700784,98.0,94.998334,140.163934,0.0,0.0,138.248263,-0.0,0.006134,1129.443669,-0.0,0.045533
17.58,266.898862,98.0,95.0,253.084768,98.0,94.998393,140.15625,0.0,0.0,138.398397,-0.0,0.005917,1128.506161,-0.0,0.043916
17.59,268.29757,98.0,95.0,254.470102,98.0,94.99845,140.133199,0.0,0.0,138.533445,-0.0,0.005706,1127.444387,-0.0,0.042356
17.6,269.695972,98.0,95.0,255.856636,98.0,94.998505,140.094785,0.0,0.0,138.653385,-0.0,0.005504,1126.258525,-0.0,0.040852
17.61,271.093914,98.0,95.0,257.244218,98.0,94.998558,140.041014,0.0,0.0,138.758196,-0.0,0.005308,1124.948771,-0.0,0.039401
17.62,272.491242,98.0,95.0,258.632697,98.0,94.99861,139.971895,0.0,0.0,138.847861,-0.0,0.00512,1123.515342,-0.0,0.038002
17.63,273.887804,98.0,95.0,260.02192,98.0,94.998659,139.887439,0.0,0.0,138.922365,-0.0,0.004938,1121.958476,-0.0,0.036653
17.64,275.283447,98.0,95.0,261.411737,98.0,94.998707,139.787661,0.0,0.0,138.981695,-0.0,0.004763,1120.278429,-0.0,0.035351
17.65,276.678018,98.0,95.0,262.801996,98.0,94.998752,139.672576,0.0,0.0,139.025841,-0.0,0.004593,1118.475479,-0.0,0.034095
17.66,278.071363,98.0,95.0,264.192544,98.0,94.998797,139.542204,0.0,0.0,139.054796,-0.0,0.00443,1116.549923,-0.0,0.032885
17.67,279.463332,98.0,95.0,265.583229,98.0,94.998839,139.396566,0.0,0.0,139.068554,-0.0,0.004273,1114.50208,-0.0,0.031717
17.68,280.85377,98.0,95.0,266.9739,98.0,94.998881,139.235686,0.0,0.0,139.067113,-0.0,0.004121,1112.332288,-0.0,0.03059
17.69,282.242527,98.0,95.0,268.364405,98.0,94.99892,139.059591,0.0,0.0,139.050473,-0.0,0.003975,1110.040905,-0.0,0.029504
17.7,283.629451,98.0,95.0,269.754591,98.0,94.998959,138.86831,0.0,0.0,139.018637,-0.0,0.003834,1107.628309,-0.0,0.028456
17.71,285.01439,98.0,95.0,271.144307,98.0,94.998996,138.661874,0.0,0.0,138.971609,-0.0,0.003698,1105.094898,-0.0,0.027446
17.72,286.397193,98.0,95.0,272.533401,98.0,94.999031,138.440318,0.0,0.0,138.909397,-0.0,0.003566,1102.441093,-0.0,0.026471
17.73,287.77771,98.0,95.0,273.921721,98.0,94.999066,138.203677,0.0,0.0,138.832011,-0.0,0.00344,1099.66733,-0.0,0.025531
17.74,289.15579,98.0,95.0,275.309116,98.0,94.999099,137.951992,0.0,0.0,138.739464,-0.0,0.003317,1096.774071,-0.0,0.024624
17.75,290.531283,98.0,95.0,276.695434,98.0,94.999131,137.685304,0.0,0.0,138.631772,-0.0,0.0032,1093.761793,-0.0,0.02375
17.76,291.90404,98.0,95.0,278.080523,98.0,94.999162,137.403658,0.0,0.0,138.50895,-0.0,0.003086,1090.630997,-0.0,0.022906
17.77,293.273911,98.0,95.0,279.464234,98.0,94.999192,137.107099,0.0,0.0,138.371021,-0.0,0.002976,1087.382203,-0.0,0.022093
17.78,294.640749,98.0,95.0,280.846414,98.0,94.99922,136.795678,0.0,0.0,138.218006,-0.0,0.002871,1084.015949,-0.0,0.021308
17.79,296.004404,98.0,95.0,282.226913,98.0,94.999248,136.469445,0.0,0.0,138.049931,-0.0,0.002769,1080.532796,-0.0,0.020552
17.8,297.36473,98.0,95.0,283.605581,98.0,94.999275,136.128457,0.0,0.0,137.866824,-0.0,0.00267,1076.933324,-0.0,0.019822
17.81,298.721579,98.0,95.0,284.982268,98.0,94.9993,135.772768,0.0,0.0,137.668714,-0.0,0.002576,1073.218135,-0.0,0.019118
17.82,300.074805,98.0,95.0,286.356825,98.0,94.999325,135.40244,0.0,0.0,137.455635,-0.0,0.002484,1069.387847,-0.0,0.018439
17.83,301.424262,98.0,95.0,287.729101,98.0,94.999349,135.017533,0.0,0.0,137.227622,-0.0,0.002396,1065.443102,-0.0,0.017784
17.84,302.769806,98.0,95.0,289.098948,98.0,94.999372,134.618112,0.0,0.0,136.984712,-0.0,0.002311,1061.384562,-0.0,0.017153
17.85,304.11129,98.0,95.0,290.466217,98.0,94.999395,134.204244,0.0,0.0,136.726947,-0.0,0.002229,1057.212906,-0.0,0.016544
17.86,305.448573,98.0,95.0,291.830761,98.0,94.999416,133.775999,0.0,0.0,136.454369,-0.0,0.00215,1052.928837,-0.0,0.015956
17.87,306.78151,98.0,95.0,293.192431,98.0,94.999437,133.333448,0.0,0.0,136.167023,-0.0,0.002073,1048.533076,-0.0,0.015389
17.88,308.109959,98.0,95.0,294.551081,98.0,94.999457,132.876667,0.0,0.0,135.864958,-0.0,0.002,1044.026364,-0.0,0.014843
17.89,309.433778,98.0,95.0,295.906563,98.0,94.999476,132.405732,0.0,0.0,135.548223,-0.0,0.001929,1039.409464,-0.0,0.014316
17.9,310.752828,98.0,95.0,297.258732,98.0,94.999495,131.920723,0.0,0.0,135.216872,-0.0,0.00186,1034.683157,-0.0,0.013807
17.91,312.066966,98.0,95.0,298.607441,98.0,94.999513,131.421722,0.0,0.0,134.87096,-0.0,0.001794,1029.848245,-0.0,0.013317
17.92,313.376055,98.0,95.0,299.952547,98.0,94.99953,130.908813,0.0,0.0,134.510546,-0.0,0.00173,1024.905552,-0.0,0.012844
17.93,314.679956,98.0,95.0,301.293904,98.0,94.999547,130.382085,0.0,0.0,134.13569,-0.0,0.001669,1019.855919,-0.0,0.012388
17.94,315.978531,98.0,95.0,302.631368,98.0,94.999563,129.841626,0.0,0.0,133.746455,-0.0,0.00161,1014.70021,0.0,0.011948
17.95,317.271645,98.0,95.0,303.964797,98.0,94.999578,129.28753,0.0,0.0,133.342906,-0.0,0.001553,1009.439307,-0.0,0.011524
17.96,318.55916,98.0,95.0,305.294049,98.0,94.999593,128.71989,0.0,0.0,132.925111,-0.0,0.001497,1004.074113,-0.0,0.011114
17.97,319.840943,98.0,95.0,306.61898,98.0,94.999608,128.138804,0.0,0.0,132.493143,-0.0,0.001444,998.605552,-0.0,0.01072
17.98,321.11686,98.0,95.0,307.939451,98.0,94.999622,127.544372,0.0,0.0,132.047072,-0.0,0.001393,993.034567,-0.0,0.010339
17.99,322.386778,98.0,95.0,309.25532,98.0,94.999635,126.936696,0.0,0.0,131.586976,-0.0,0.001343,987.362122,-0.0,0.009972
18.0,323.650566,98.0,95.0,310.56645,98.0,94.999648,126.315881,0.0,0.0,131.112932,-0.0,0.001296,981.589201,0.0,0.009618
18.01,324.908093,98.0,95.0,311.8727,98.0,94.999661,125.682035,0.0,0.0,130.625021,-0.0,0.00125,975.716807,-0.0,0.009276
18.02,326.159229,98.0,95.0,313.173933,98.0,94.999673,125.035268,0.0,0.0,130.123326,-0.0,0.001205,969.745966,-0.0,0.008947
18.03,327.403846,98.0,95.0,314.470013,98.0,94.999684,124.375691,0.0,0.0,129.607933,-0.0,0.001163,963.67772,-0.0,0.008629
18.04,328.641816,98.0,95.0,315.760802,98.0,94.999695,123.703421,0.0,0.0,129.078931,-0.0,0.001121,957.513136,-0.0,0.008323
18.05,329.873015,98.0,95.0,317.046166,98.0,94.999706,123.018574,0.0,0.0,128.53641,-0.0,0.001081,951.253297,-0.0,0.008027
18.06,331.097316,98.0,95.0,318.325971,98.0,94.999717,122.32127,0.0,0.0,127.980464,-0.0,0.001043,944.899309,-0.0,0.007742
18.07,332.314596,98.0,95.0,319.600083,98.0,94.999727,121.611633,0.0,0.0,127.411188,-0.0,0.001006,938.452296,-0.0,0.007467
18.08,333.524733,98.0,95.0,320.868369,98.0,94.999736,120.889787,0.0,0.0,126.82868,-0.0,0.00097,931.913404,-0.0,0.007202
18.09,334.727605,98.0,95.0,322.1307,98.0,94.999746,120.155861,0.0,0.0,126.233043,-0.0,0.000936,925.283799,0.0,0.006946
18.1,335.923092,98.0,95.0,323.386944,98.0,94.999755,119.409983,0.0,0.0,125.624378,-0.0,0.000903,918.564666,0.0,0.006699
18.11,337.111076,98.0,95.0,324.636971,98.0,94.999764,118.652287,0.0,0.0,125.002793,-0.0,0.000871,911.757211,0.0,0.006462
18.12,338.29144,98.0,95.0,325.880655,98.0,94.999772,117.882908,0.0,0.0,124.368395,-0.0,0.00084,904.862659,-0.0,0.006232
18.13,339.464067,98.0,95.0,327.117868,98.0,94.99978,117.101984,0.0,0.0,123.721296,-0.0,0.00081,897.882258,-0.0,0.006011
18.14,340.628843,98.0,95.0,328.348484,98.0,94.999788,116.309655,0.0,0.0,123.061608,-0.0,0.000781,890.817273,-0.0,0.005797
18.15,341.785655,98.0,95.0,329.572379,98.0,94.999795,115.506064,0.0,0.0,122.389449,-0.0,0.000753,883.668992,-0.0,0.005591
18.16,342.934392,98.0,95.0,330.789428,98.0,94.999803,114.691357,0.0,0.0,121.704937,-0.0,0.000727,876.43872,-0.0,0.005393
18.17,344.074942,98.0,95.0,331.99951,98.0,94.99981,113.86568,0.0,0.0,121.008192,-0.0,0.000701,869.127785,-0.0,0.005201
18.18,345.207198,98.0,95.0,333.202504,98.0,94.999816,113.029185,0.0,0.0,120.299339,-0.0,0.000676,861.737534,-0.0,0.005017
18.19,346.331052,98.0,95.0,334.398289,98.0,94.999823,112.182025,0.0,0.0,119.578503,-0.0,0.000652,854.269334,-0.0,0.004838
18.2,347.446399,98.0,95.0,335.586747,98.0,94.999829,111.324354,0.0,0.0,118.845813,-0.0,0.000629,846.724573,-0.0,0.004667
18.21,348.553134,98.0,95.0,336.767761,98.0,94.999835,110.456331,0.0,0.0,118.101401,-0.0,0.000606,839.104658,-0.0,0.004501
18.22,349.651154,98.0,95.0,337.941215,98.0,94.999841,109.578117,0.0,0.0,117.345399,-0.0,0.000585,831.411017,-0.0,0.004341
18.23,350.74036,98.0,95.0,339.106994,98.0,94.999847,108.689874,0.0,0.0,116.577945,-0.0,0.000564,823.645098,-0.0,0.004187
18.24,351.820651,98.0,95.0,340.264986,98.0,94.999852,107.791767,0.0,0.0,115.799178,-0.0,0.000544,815.808369,-0.0,0.004038
18.25,352.89193,98.0,95.0,341.415078,98.0,94.999857,106.883966,0.0,0.0,115.009237,-0.0,0.000525,807.902319,0.0,0.003895
18.26,353.954102,98.0,95.0,342.557161,98.0,94.999863,105.966641,0.0,0.0,114.208267,-0.0,0.000506,799.928457,0.0,0.003757
18.27,355.007071,98.0,95.0,343.691125,98.0,94.999867,105.039964,0.0,0.0,113.396415,-0.0,0.000488,791.88831,0.0,0.003623
18.28,356.050746,98.0,95.0,344.816863,98.0,94.999872,104.104112,0.0,0.0,112.573829,-0.0,0.000471,783.783428,0.0,0.003494
18.29,357.085035,98.0,95.0,345.93427,98.0,94.999877,103.159263,0.0,0.0,111.740661,-0.0,0.000454,775.615381,0.0,0.00337
18.3,358.109851,98.0,95.0,347.043241,98.0,94.999881,102.205597,0.0,0.0,110.897064,-0.0,0.000438,767.385756,0.0,0.003251
18.31,359.125105,98.0,95.0,348.143673,98.0,94.999885,101.243298,0.0,0.0,110.043195,-0.0,0.000422,759.096165,0.0,0.003135
18.32,360.130713,98.0,95.0,349.235465,98.0,94.999889,100.272551,0.0,0.0,109.179213,-0.0,0.000407,750.748235,0.0,0.003024
18.33,361.126591,98.0,95.0,350.318518,98.0,94.999893,99.293545,0.0,0.0,108.305279,-0.0,0.000393,742.343618,-0.0,0.002916
18.34,362.112658,98.0,95.0,351.392733,98.0,94.999897,98.30647,0.0,0.0,107.421557,-0.0,0.000379,733.883983,-0.0,0.002813
18.35,363.088834,98.0,95.0,352.458015,98.0,94.999901,97.31152,0.0,0.0,106.528214,-0.0,0.000366,725.371021,0.0,0.002713
18.36,364.055042,98.0,95.0,353.514269,98.0,94.999904,96.308892,0.0,0.0,105.625419,-0.0,0.000353,716.806441,-0.0,0.002617
18.37,365.011206,98.0,95.0,354.561403,98.0,94.999908,95.298782,0.0,0.0,104.713343,-0.0,0.00034,708.191975,-0.0,0.002524
18.38,365.957251,98.0,95.0,355.599325,98.0,94.999911,94.281393,0.0,0.0,103.792161,-0.0,0.000328,699.529373,0.0,0.002434
18.39,366.893108,98.0,95.0,356.627945,98.0,94.999914,93.256927,0.0,0.0,102.862048,-0.0,0.000316,690.820406,-0.0,0.002348
18.4,367.818705,98.0,95.0,357.647177,98.0,94.999917,92.225591,0.0,0.0,101.923185,-0.0,0.000305,682.066865,-0.0,0.002264
18.41,368.733976,98.0,95.0,358.656934,98.0,94.99992,91.187593,0.0,0.0,100.975752,-0.0,0.000294,673.270561,-0.0,0.002184
18.42,369.638855,98.0,95.0,359.657134,98.0,94.999923,90.143145,0.0,0.0,100.019934,-0.0,0.000284,664.433326,0.0,0.002106
18.43,370.533278,98.0,95.0,360.647693,98.0,94.999926,89.092459,0.0,0.0,99.055918,-0.0,0.000274,655.557011,-0.0,0.002032
18.44,371.417186,98.0,95.0,361.628532,98.0,94.999928,88.035753,0.0,0.0,98.083892,-0.0,0.000264,646.643489,-0.0,0.001959
18.45,372.290517,98.0,95.0,362.599572,98.0,94.999931,86.973244,0.0,0.0,97.104049,-0.0,0.000255,637.694651,-0.0,0.00189
18.46,373.153217,98.0,95.0,363.560738,98.0,94.999933,85.905153,0.0,0.0,96.116582,-0.0,0.000246,628.71241,-0.0,0.001823
18.47,374.005229,98.0,95.0,364.511955,98.0,94.999936,84.831705,0.0,0.0,95.121689,-0.0,0.000237,619.698697,0.0,0.001758
18.48,374.846503,98.0,95.0,365.453151,98.0,94.999938,83.753126,0.0,0.0,94.119569,-0.0,0.000228,610.655466,-0.0,0.001696
18.49,375.676987,98.0,95.0,366.384255,98.0,94.99994,82.669645,0.0,0.0,93.110423,-0.0,0.00022,601.584689,-0.0,0.001635
18.5,376.496634,98.0,95.0,367.3052,98.0,94.999942,81.581492,0.0,0.0,92.094456,-0.0,0.000212,592.488359,-0.0,0.001577
18.51,377.305398,98.0,95.0,368.215918,98.0,94.999944,80.488901,0.0,0.0,91.071875,-0.0,0.000205,583.368489,-0.0,0.001521
18.52,378.103237,98.0,95.0,369.116347,98.0,94.999946,79.39211,0.0,0.0,90.042889,-0.0,0.000198,574.227113,-0.0,0.001467
18.53,378.89011,98.0,95.0,370.006424,98.0,94.999948,78.291356,0.0,0.0,89.00771,-0.0,0.000191,565.066283,0.0,0.001415
18.54,379.665978,98.0,95.0,370.88609,98.0,94.99995,77.186881,0.0,0.0,87.966553,-0.0,0.000184,555.888074,-0.0,0.001365
18.55,380.430805,98.0,95.0,371.755286,98.0,94.999952,76.07893,0.0,0.0,86.919634,-0.0,0.000177,546.694579,-0.0,0.001316
18.56,381.184558,98.0,95.0,372.613958,98.0,94.999954,74.967747,0.0,0.0,85.867173,-0.0,0.000171,537.487912,-0.0,0.00127
18.57,381.927206,98.0,95.0,373.462052,98.0,94.999955,73.853584,0.0,0.0,84.809392,-0.0,0.000165,528.270208,-0.0,0.001225
18.58,382.658721,98.0,95.0,374.299517,98.0,94.999957,72.73669,0.0,0.0,83.746515,-0.0,0.000159,519.043621,-0.0,0.001181
18.59,383.379076,98.0,95.0,375.126305,98.0,94.999958,71.61732,0.0,0.0,82.67877,-0.0,0.000153,509.810325,-0.0,0.001139
18.6,384.088248,98.0,95.0,375.942368,98.0,94.99996,70.495731,0.0,0.0,81.606385,-0.0,0.000148,500.572515,-0.0,0.001099
18.61,384.786216,98.0,95.0,376.747664,98.0,94.999961,69.372181,0.0,0.0,80.529594,-0.0,0.000143,491.332406,-0.0,0.00106
18.62,385.472962,98.0,95.0,377.542151,98.0,94.999963,68.246932,0.0,0.0,79.448631,-0.0,0.000138,482.092234,0.0,0.001022
18.63,386.14847,98.0,95.0,378.325788,98.0,94.999964,67.120249,0.0,0.0,78.363732,-0.0,0.000133,472.854252,-0.0,0.000986
18.64,386.812727,98.0,95.0,379.098539,98.0,94.999965,65.992398,0.0,0.0,77.275138,-0.0,0.000128,463.620738,-0.0,0.000951
18.65,387.465723,98.0,95.0,379.86037,98.0,94.999966,64.863648,0.0,0.0,76.183091,-0.0,0.000124,454.393986,-0.0,0.000917
18.66,388.107451,98.0,95.0,380.611249,98.0,94.999968,63.734271,0.0,0.0,75.087834,-0.0,0.000119,445.176312,-0.0,0.000884
18.67,388.737905,98.0,95.0,381.351145,98.0,94.999969,62.604542,0.0,0.0,73.989617,-0.0,0.000115,435.970052,-0.0,0.000853
18.68,389.357083,98.0,95.0,382.080032,98.0,94.99997,61.474736,0.0,0.0,72.888688,-0.0,0.000111,426.777563,-0.0,0.000823
18.69,389.964986,98.0,95.0,382.797885,98.0,94.999971,60.345133,0.0,0.0,71.785299,-0.0,0.000107,417.60122,-0.0,0.000793
18.7,390.561618,98.0,95.0,383.504682,98.0,94.999972,59.216016,0.0,0.0,70.679706,-0.0,0.000103,408.443421,-0.0,0.000765
18.71,391.146984,98.0,95.0,384.200403,98.0,94.999973,58.087668,0.0,0.0,69.572166,-0.0,9.9e-05,399.306582,-0.0,0.000738
18.72,391.721094,98.0,95.0,384.885033,98.0,94.999974,56.960376,0.0,0.0,68.462938,-0.0,9.6e-05,390.19314,-0.0,0.000712
18.73,392.283959,98.0,95.0,385.558556,98.0,94.999975,55.83443,0.0,0.0,67.352285,-0.0,9.3e-05,381.105552,-0.0,0.000687
18.74,392.835595,98.0,95.0,386.22096,98.0,94.999976,54.710122,0.0,0.0,66.240472,-0.0,8.9e-05,372.046295,-0.0,0.000662
18.75,393.37602,98.0,95.0,386.872238,98.0,94.999977,53.587746,0.0,0.0,65.127766,-0.0,8.6e-05,363.017867,-0.0,0.000639
18.76,393.905254,98.0,95.0,387.512382,98.0,94.999977,52.467599,0.0,0.0,64.014437,-0.0,8.3e-05,354.022785,-0.0,0.000616
18.77,394.42332,98.0,95.0,388.14139,98.0,94.999978,51.349981,0.0,0.0,62.900757,-0.0,8e-05,345.063587,-0.0,0.000594
18.78,394.930246,98.0,95.0,388.75926,98.0,94.999979,50.235193,0.0,0.0,61.787002,-0.0,7.7e-05,336.142832,-0.0,0.000573
18.79,395.426062,98.0,95.0,389.365994,98.0,94.99998,49.123541,0.0,0.0,60.67345,-0.0,7.4e-05,327.263096,0.0,0.000553
18.8,395.9108,98.0,95.0,389.961598,98.0,94.99998,48.015332,0.0,0.0,59.560379,-0.0,7.2e-05,318.42698,-0.0,0.000533
18.81,396.384496,98.0,95.0,390.546079,98.0,94.999981,46.910874,0.0,0.0,58.448073,-0.0,6.9e-05,309.6371,-0.0,0.000514
18.82,396.847189,98.0,95.0,391.119447,98.0,94.999982,45.81048,0.0,0.0,57.336816,-0.0,6.7e-05,300.896097,-0.0,0.000496
18.83,397.298921,98.0,95.0,391.681716,98.0,94.999982,44.714466,0.0,0.0,56.226897,-0.0,6.4e-05,292.206628,-0.0,0.000478
18.84,397.739738,98.0,95.0,392.232902,98.0,94.999983,43.623148,0.0,0.0,55.118605,-0.0,6.2e-05,283.571373,-0.0,0.000461
18.85,398.169688,98.0,95.0,392.773025,98.0,94.999984,42.536845,0.0,0.0,54.012233,-0.0,6e-05,274.993032,-0.0,0.000445
18.86,398.588822,98.0,95.0,393.302105,98.0,94.999984,41.455881,0.0,0.0,52.908076,-0.0,5.8e-05,266.474322,-0.0,0.000429
18.87,398.997196,98.0,95.0,393.82017,98.0,94.999985,40.380579,0.0,0.0,51.806432,-0.0,5.6e-05,258.017986,-0.0,0.000414
18.88,399.394868,98.0,95.0,394.327246,98.0,94.999985,39.311268,0.0,0.0,50.7076,-0.0,5.4e-05,249.626781,-0.0,0.000399
18.89,399.781899,98.0,95.0,394.823364,98.0,94.999986,38.248277,0.0,0.0,49.611885,-0.0,5.2e-05,241.303488,-0.0,0.000385
18.9,400.158354,98.0,95.0,395.30856,98.0,94.999986,37.191939,0.0,0.0,48.519591,-0.0,5e-05,233.050907,-0.0,0.000371
18.91,400.5243,98.0,95.0,395.782871,98.0,94.999987,36.142588,0.0,0.0,47.431025,-0.0,4.8e-05,224.871858,-0.0,0.000358
18.92,400.879811,98.0,95.0,396.246336,98.0,94.999987,35.100562,0.0,0.0,46.346498,-0.0,4.7e-05,216.769183,-0.0,0.000345
18.93,401.224959,98.0,95.0,396.698999,98.0,94.999988,34.0662,0.0,0.0,45.266323,-0.0,4.5e-05,208.745741,-0.0,0.000333
18.94,401.559824,98.0,95.0,397.140907,98.0,94.999988,33.039846,0.0,0.0,44.190815,-0.0,4.3e-05,200.804414,-0.0,0.000321
18.95,401.884486,98.0,95.0,397.57211,98.0,94.999989,32.021845,0.0,0.0,43.120292,-0.0,4.2e-05,192.948103,-0.0,0.00031
18.96,402.199032,98.0,95.0,397.992661,98.0,94.999989,31.012543,0.0,0.0,42.055075,-0.0,4e-05,185.179729,-0.0,0.000299
18.97,402.503549,98.0,95.0,398.402615,98.0,94.999989,30.012291,0.0,0.0,40.995486,-0.0,3.9e-05,177.502232,-0.0,0.000288
18.98,402.798131,98.0,95.0,398.802034,98.0,94.99999,29.021442,0.0,0.0,39.941851,-0.0,3.7e-05,169.918576,-0.0,0.000278
18.99,403.082871,98.0,95.0,399.190979,98.0,94.99999,28.04035,0.0,0.0,38.894497,-0.0,3.6e-05,162.431742,-0.0,0.000268
19.0,403.35787,98.0,95.0,399.569517,98.0,94.999991,27.069374,0.0,0.0,37.853755,-0.0,3.5e-05,155.044732,-0.0,0.000259
19.01,403.623231,98.0,95.0,399.937716,98.0,94.999991,26.108874,0.0,0.0,36.819959,-0.0,3.4e-05,147.760567,-0.0,0.000249
19.02,403.879059,98.0,95.0,400.295651,98.0,94.999991,25.159212,0.0,0.0,35.793443,-0.0,3.2e-05,140.582291,-0.0,0.000241
19.03,404.125464,98.0,95.0,400.643396,98.0,94.999992,24.220753,0.0,0.0,34.774546,-0.0,3.1e-05,133.512965,-0.0,0.000232
19.04,404.362561,98.0,95.0,400.981032,98.0,94.999992,23.293866,0.0,0.0,33.763608,-0.0,3e-05,126.555673,-0.0,0.000224
19.05,404.590467,98.0,95.0,401.308642,98.0,94.999992,22.37892,0.0,0.0,32.760972,-0.0,2.9e-05,119.713517,-0.0,0.000216
19.06,404.809302,98.0,95.0,401.626312,98.0,94.999992,21.476288,0.0,0.0,31.766984,-0.0,2.8e-05,112.989621,-0.0,0.000208
19.07,405.019191,98.0,95.0,401.934132,98.0,94.999993,20.586347,0.0,0.0,30.781993,-0.0,2.7e-05,106.387127,-0.0,0.000201
19.08,405.220264,98.0,95.0,402.232195,98.0,94.999993,19.709473,0.0,0.0,29.806348,-0.0,2.6e-05,99.9092,-0.0,0.000194
19.09,405.412651,98.0,95.0,402.520599,98.0,94.999993,18.846047,0.0,0.0,28.840403,-0.0,2.5e-05,93.559022,-0.0,0.000187
19.1,405.596491,98.0,95.0,402.799444,98.0,94.999993,17.996452,0.0,0.0,27.884513,-0.0,2.4e-05,87.339798,-0.0,0.00018
19.11,405.771921,98.0,95.0,403.068835,98.0,94.999994,17.161073,0.0,0.0,26.939037,-0.0,2.3e-05,81.254751,-0.0,0.000174
19.12,405.939087,98.0,95.0,403.328878,98.0,94.999994,16.340299,0.0,0.0,26.004336,-0.0,2.3e-05,75.307126,-0.0,0.000168
19.13,406.098135,98.0,95.0,403.579686,98.0,94.999994,15.53452,0.0,0.0,25.080773,-0.0,2.2e-05,69.500187,-0.0,0.000162
19.14,406.249218,98.0,95.0,403.821373,98.0,94.999994,14.744129,0.0,0.0,24.168713,-0.0,2.1e-05,63.837218,-0.0,0.000156
19.15,406.392491,98.0,95.0,404.054058,98.0,94.999994,13.969522,0.0,0.0,23.268525,-0.0,2e-05,58.321524,-0.0,0.00015
19.16,406.528114,98.0,95.0,404.277864,98.0,94.999995,13.211096,0.0,0.0,22.38058,-0.0,2e-05,52.956431,-0.0,0.000145
19.17,406.65625,98.0,95.0,404.492916,98.0,94.999995,12.469253,0.0,0.0,21.505251,-0.0,1.9e-05,47.745283,-0.0,0.00014
19.18,406.777066,98.0,95.0,404.699345,98.0,94.999995,11.744395,0.0,0.0,20.642914,-0.0,1.8e-05,42.691445,-0.0,0.000135
19.19,406.890734,98.0,95.0,404.897285,98.0,94.999995,11.036928,0.0,0.0,19.793947,-0.0,1.8e-05,37.798303,-0.0,0.00013
19.2,406.99743,98.0,95.0,405.086872,98.0,94.999995,10.347261,0.0,0.0,18.958732,-0.0,1.7e-05,33.069262,-0.0,0.000126
19.21,407.097334,98.0,95.0,405.268249,98.0,94.999996,9.675804,0.0,0.0,18.137651,-0.0,1.6e-05,28.507748,-0.0,0.000121
19.22,407.190629,98.0,95.0,405.44156,98.0,94.999996,9.02297,0.0,0.0,17.331091,-0.0,1.6e-05,24.117208,-0.0,0.000117
19.23,407.277502,98.0,95.0,405.606954,98.0,94.999996,8.389175,0.0,0.0,16.53944,-0.0,1.5e-05,19.901107,-0.0,0.000113
19.24,407.358147,98.0,95.0,405.764585,98.0,94.999996,7.774838,0.0,0.0,15.76309,-0.0,1.5e-05,15.862931,-0.0,0.000109
19.25,407.43276,98.0,95.0,405.914609,98.0,94.999996,7.180379,0.0,0.0,15.002433,-0.0,1.4e-05,12.006188,-0.0,0.000105
19.26,407.501541,98.0,95.0,406.057188,98.0,94.999996,6.606222,0.0,0.0,14.257866,-0.0,1.4e-05,8.334404,-0.0,0.000101
19.27,407.564694,98.0,95.0,406.192486,98.0,94.999996,6.052793,0.0,0.0,13.529787,-0.0,1.3e-05,4.851125,-0.0,9.7e-05
19.28,407.622429,98.0,95.0,406.320672,98.0,94.999997,5.520519,0.0,0.0,12.818598,-0.0,1.3e-05,1.559919,-0.0,9.4e-05
19.29,407.674959,98.0,95.0,406.441919,98.0,94.999997,5.009833,0.0,0.0,12.124702,-0.0,1.2e-05,-1.535627,-0.0,9.1e-05
19.3,407.722502,98.0,95.0,406.556404,98.0,94.999997,4.521167,0.0,0.0,11.448505,-0.0,1.2e-05,-4.431905,-0.0,8.7e-05
19.31,407.76528,98.0,95.0,406.664308,98.0,94.999997,4.054958,0.0,0.0,10.790416,-0.0,1.1e-05,-7.125289,-0.0,8.4e-05
19.32,407.803518,98.0,95.0,406.765817,98.0,94.999997,3.611644,0.0,0.0,10.150846,-0.0,1.1e-05,-9.61213,-0.0,8.1e-05
19.33,407.837449,98.0,95.0,406.861119,98.0,94.999997,3.191666,0.0,0.0,9.53021,-0.0,1.1e-05,-11.888759,-0.0,7.8e-05
19.34,407.867306,98.0,95.0,406.950408,98.0,94.999997,2.795468,0.0,0.0,8.928922,-0.0,1e-05,-13.95149,-0.0,7.6e-05
19.35,407.893329,98.0,95.0,407.033882,98.0,94.999997,2.423496,0.0,0.0,8.347402,-0.0,1e-05,-15.796614,-0.0,7.3e-05
19.36,407.915762,98.0,95.0,407.111743,98.0,94.999997,2.076198,0.0,0.0,7.786071,-0.0,9e-06,-17.420402,-0.0,7e-05
19.37,407.934855,98.0,95.0,407.184196,98.0,94.999998,1.754026,0.0,0.0,7.245353,-0.0,9e-06,-18.819106,-0.0,6.8e-05
19.38,407.950859,98.0,95.0,407.251453,98.0,94.999998,1.457433,0.0,0.0,6.725675,-0.0,9e-06,-19.988956,-0.0,6.5e-05
19.39,407.964033,98.0,95.0,407.313727,98.0,94.999998,1.186876,0.0,0.0,6.227464,-0.0,9e-06,-20.926164,-0.0,6.3e-05
19.4,407.974638,98.0,95.0,407.371239,98.0,94.999998,0.942814,0.0,0.0,5.751153,-0.0,8e-06,-21.62692,-0.0,6.1e-05
19.41,407.982942,98.0,95.0,407.424211,98.0,94.999998,0.725707,0.0,0.0,5.297176,-0.0,8e-06,-22.087395,-0.0,5.9e-05
19.42,407.989215,98.0,95.0,407.47287,98.0,94.999998,0.53602,0.0,0.0,4.865968,-0.0,8e-06,-22.30374,-0.0,5.7e-05
19.43,407.993734,98.0,95.0,407.51745,98.0,94.999998,0.374219,0.0,0.0,4.457969,-0.0,7e-06,-22.272084,-0.0,5.5e-05
19.44,407.996779,98.0,95.0,407.558186,98.0,94.999998,0.240772,0.0,0.0,4.073621,-0.0,7e-06,-21.988538,-0.0,5.3e-05
19.45,407.998636,98.0,95.0,407.59532,98.0,94.999998,0.136152,0.0,0.0,3.713366,-0.0,7e-06,-21.449192,-0.0,5.1e-05
19.46,407.999594,98.0,95.0,407.629097,98.0,94.999998,0.060832,0.0,0.0,3.377653,-0.0,7e-06,-20.650114,-0.0,4.9e-05
19.47,407.999949,98.0,95.0,407.659766,98.0,94.999998,0.015288,0.0,0.0,3.066929,-0.0,6e-06,-19.587356,-0.0,4.7e-05
19.48,408.0,98.0,95.0,407.687582,98.0,94.999998,0.0,0.0,0.0,2.781646,-0.0,6e-06,-18.256945,-0.0,4.6e-05
19.49,408.0,98.0,95.0,407.712805,98.0,94.999998,0.0,0.0,0.0,2.522259,-0.0,6e-06,-16.654891,-0.0,4.4e-05
19.5,408.0,98.0,95.0,407.735692,98.0,94.999998,0.0,0.0,0.0,2.288684,-0.0,6e-06,-14.858283,-0.0,4.2e-05
19.51,408.0,98.0,95.0,407.756479,98.0,94.999999,0.0,0.0,0.0,2.078717,-0.0,6e-06,-13.185594,-0.0,4.1e-05
19.52,408.0,98.0,95.0,407.775377,98.0,94.999999,0.0,0.0,0.0,1.889858,-0.0,5e-06,-11.699061,-0.0,3.9e-05
19.53,408.0,98.0,95.0,407.792576,98.0,94.999999,0.0,0.0,0.0,1.719878,-0.0,5e-06,-10.378068,-0.0,3.8e-05
19.54,408.0,98.0,95.0,407.808244,98.0,94.999999,0.0,0.0,0.0,1.56679,-0.0,5e-06,-9.204278,-0.0,3.7e-05
19.55,408.0,98.0,95.0,407.822532,98.0,94.999999,0.0,0.0,0.0,1.428818,-0.0,5e-06,-8.161379,-0.0,3.5e-05
19.56,408.0,98.0,95.0,407.835576,98.0,94.999999,0.0,0.0,0.0,1.304382,-0.0,5e-06,-7.234864,-0.0,3.4e-05
19.57,408.0,98.0,95.0,407.847497,98.0,94.999999,0.0,0.0,0.0,1.19207,-0.0,4e-06,-6.411829,-0.0,3.3e-05
19.58,408.0,98.0,95.0,407.858403,98.0,94.999999,0.0,0.0,0.0,1.090621,-0.0,4e-06,-5.680796,-0.0,3.2e-05
19.59,408.0,98.0,95.0,407.868392,98.0,94.999999,0.0,0.0,0.0,0.998911,-0.0,4e-06,-5.031557,-0.0,3.1e-05
19.6,408.0,98.0,95.0,407.877552,98.0,94.999999,0.0,0.0,0.0,0.915935,-0.0,4e-06,-4.455033,-0.0,3e-05
19.61,408.0,98.0,95.0,407.88596,98.0,94.999999,0.0,0.0,0.0,0.840798,-0.0,4e-06,-3.94315,-0.0,2.8e-05
19.62,408.0,98.0,95.0,407.893686,98.0,94.999999,0.0,0.0,0.0,0.772697,-0.0,4e-06,-3.488725,-0.0,2.7e-05
19.63,408.0,98.0,95.0,407.900796,98.0,94.999999,0.0,0.0,0.0,0.710917,-0.0,4e-06,-3.085372,-0.0,2.7e-05
19.64,408.0,98.0,95.0,407.907344,98.0,94.999999,0.0,0.0,0.0,0.654819,-0.0,3e-06,-2.727411,-0.0,2.6e-05
19.65,408.0,98.0,95.0,407.913382,98.0,94.999999,0.0,0.0,0.0,0.60383,-0.0,3e-06,-2.409791,-0.0,2.5e-05
19.66,408.0,98.0,95.0,407.918957,98.0,94.999999,0.0,0.0,0.0,0.557439,-0.0,3e-06,-2.128021,-0.0,2.4e-05
19.67,408.0,98.0,95.0,407.924108,98.0,94.999999,0.0,0.0,0.0,0.515188,-0.0,3e-06,-1.878106,-0.0,2.3e-05
19.68,408.0,98.0,95.0,407.928875,98.0,94.999999,0.0,0.0,-0.0,0.476668,-0.0,3e-06,-1.656495,-0.0,2.2e-05
19.69,408.0,98.0,94.99955,407.93329,98.0,94.999999,0.0,0.0,-0.135277,0.441512,-0.0,3e-06,-1.460029,-0.0,2.1e-05
19.7,408.0,98.0,94.996447,407.937384,98.0,94.999881,0.0,0.0,-0.531818,0.409392,-0.0,-0.011809,-1.285902,-0.0,-0.94491
19.71,408.0,98.0,94.988162,407.941184,98.0,94.998989,0.0,0.0,-1.175872,0.380014,-0.0,-0.089261,-1.131615,-0.0,-6.314284
19.72,408.0,98.0,94.972305,407.944715,98.0,94.996224,0.0,0.0,-2.053925,0.353113,-0.0,-0.276432,-0.994951,-0.0,-15.866232
19.73,408.0,98.0,94.946616,407.948,98.0,94.990233,0.0,0.0,-3.152708,0.328455,-0.0,-0.5991,-0.873936,-0.0,-28.57779
19.74,408.0,98.0,94.908967,407.951058,98.0,94.979521,0.0,0.0,-4.459192,0.305825,-0.0,-1.071183,-0.766815,-0.0,-43.757637
19.75,408.0,98.0,94.857358,407.953909,98.0,94.962532,0.0,0.0,-5.960589,0.285034,-0.0,-1.698904,-0.67203,-0.0,-60.929545
19.76,408.0,98.0,94.789915,407.956568,98.0,94.937697,0.0,0.0,-7.644352,0.265911,-0.0,-2.483502,-0.588194,-0.0,-79.75688
19.77,408.0,98.0,94.704888,407.959051,98.0,94.903467,0.0,0.0,-9.498177,0.248302,-0.0,-3.422986,-0.514076,-0.0,-99.993698
19.78,408.0,98.0,94.600646,407.961371,98.0,94.858335,0.0,0.0,-11.509998,0.232069,-0.0,-4.513276,-0.448581,-0.0,-121.453073
19.79,408.0,98.0,94.47568,407.963542,98.0,94.800845,0.0,0.0,-13.667995,0.217087,-0.0,-5.748949,-0.390737,-0.0,-143.986601
19.8,408.0,98.0,94.328593,407.965575,98.0,94.729608,0.0,0.0,-15.960585,0.203244,-0.0,-7.12372,-0.339677,-0.0,-167.471136
19.81,408.0,98.0,94.158106,407.967479,98.0,94.6433,0.0,0.0,-18.376428,0.19044,-0.0,-8.630757,-0.294636,-0.0,-191.800208
19.82,408.0,98.0,93.963049,407.969265,98.0,94.540671,0.0,0.0,-20.904425,0.178584,-0.0,-10.262894,-0.254929,-0.0,-216.878492
19.83,408.0,98.0,93.742362,407.970941,98.0,94.420544,0.0,0.0,-23.533719,0.167593,-0.0,-12.01276,-0.219951,-0.0,-242.618232
19.84,408.0,98.0,93.495092,407.972515,98.0,94.281815,0.0,0.0,-26.253694,0.157394,-0.0,-13.872877,-0.189163,-0.0,-268.936946
19.85,408.0,98.0,93.220388,407.973994,98.0,94.123458,0.0,0.0,-29.053974,0.147919,-0.0,-15.835717,-0.162087,-0.0,-295.755958
19.86,408.0,98.0,92.917505,407.975385,98.0,93.944521,0.0,0.0,-31.924427,0.139108,-0.0,-17.893745,-0.138299,-0.0,-322.999453
19.87,408.0,98.0,92.585793,407.976694,98.0,93.744126,0.0,0.0,-34.855158,0.130906,-0.0,-20.039451,-0.11742,-0.0,-350.593895
19.88,408.0,98.0,92.224702,407.977927,98.0,93.521472,0.0,0.0,-37.836518,0.123263,-0.0,-22.265365,-0.099117,-0.0,-378.467652
19.89,408.0,98.0,91.833777,407.979088,98.0,93.275832,0.0,0.0,-40.859097,0.116135,-0.0,-24.564079,-0.083091,-0.0,-406.550773
19.9,408.0,98.0,91.412653,407.980183,98.0,93.006549,0.0,0.0,-43.913725,0.109481,-0.0,-26.928255,-0.069079,-0.0,-434.774861
19.91,408.0,98.0,90.961056,407.981216,98.0,92.713043,0.0,0.0,-46.991476,0.103263,-0.0,-29.350636,-0.056848,-0.0,-463.072998
19.92,408.0,98.0,90.4788,407.98219,98.0,92.394802,0.0,0.0,-50.083663,0.097448,-0.0,-31.824052,-0.046189,-0.0,-491.37971
19.93,408.0,98.0,89.965784,407.98311,98.0,92.051388,0.0,0.0,-53.181842,0.092004,-0.0,-34.341433,-0.036918,-0.0,-519.630966
19.94,408.0,98.0,89.421989,407.983979,98.0,91.68243,0.0,0.0,-56.27781,0.086905,-0.0,-36.895806,-0.028871,-0.0,-547.764174
19.95,408.0,98.0,88.847476,407.9848,98.0,91.287627,0.0,0.0,-59.363603,0.082124,-0.0,-39.480308,-0.021905,-0.0,-575.718206
19.96,408.0,98.0,88.242386,407.985577,98.0,90.866745,0.0,0.0,-62.431502,0.077638,-0.0,-42.088187,-0.015889,-0.0,-603.433416
19.97,408.0,98.0,87.606934,407.986311,98.0,90.419617,0.0,0.0,-65.474026,0.073426,-0.0,-44.712809,-0.010712,-0.0,-630.851662
19.98,408.0,98.0,86.941408,407.987006,98.0,89.94614,0.0,0.0,-68.483937,0.069468,-0.0,-47.347663,-0.006271,-0.0,-657.91634
19.99,408.0,98.0,86.246167,407.987663,98.0,89.446276,0.0,0.0,-71.454239,0.065747,-0.0,-49.98636,-0.002477,-0.0,-684.572404
20.0,408.0,98.0,85.521638,407.988286,98.0,88.92005,0.0,0.0,-74.378174,0.062245,-0.0,-52.622645,0.000747,-0.0,-710.766398
20.01,408.0,98.0,84.768314,407.988875,98.0,88.367546,0.0,0.0,-77.24923,0.058949,-0.0,-55.250395,0.003474,-0.0,-736.446484
20.02,408.0,98.0,83.986753,407.989434,98.0,87.78891,0.0,0.0,-80.061132,0.055843,-0.0,-57.863627,0.005764,-0.0,-761.562464
20.03,408.0,98.0,83.177572,407.989963,98.0,87.184345,0.0,0.0,-82.807848,0.052916,-0.0,-60.456496,0.007672,-0.0,-786.065812
20.04,408.0,98.0,82.341447,407.990464,98.0,86.554112,0.0,0.0,-85.483589,0.050155,-0.0,-63.023305,0.009246,-0.0,-809.909696
20.05,408.0,98.0,81.479113,407.99094,98.0,85.898527,0.0,0.0,-88.082803,0.047551,-0.0,-65.558505,0.01053,-0.0,-833.049004
20.06,408.0,98.0,80.591355,407.991391,98.0,85.21796,0.0,0.0,-90.600185,0.045092,-0.0,-68.056696,0.011561,-0.0,-855.440368
20.07,408.0,98.0,79.679012,407.991818,98.0,84.512833,0.0,0.0,-93.030665,0.042769,-0.0,-70.512636,0.012372,-0.0,-877.042185
20.08,408.0,98.0,78.742973,407.992224,98.0,83.783621,0.0,0.0,-95.36942,0.040575,-0.0,-72.92124,0.012993,-0.0,-897.814642
20.09,408.0,98.0,77.78417,407.992609,98.0,83.030845,0.0,0.0,-97.611864,0.038501,-0.0,-75.277582,0.013449,-0.0,-917.719738
20.1,408.0,98.0,76.803583,407.992974,98.0,82.255076,0.0,0.0,-99.753654,0.036539,-0.0,-77.5769,0.013764,-0.0,-936.721302
20.11,408.0,98.0,75.802233,407.993321,98.0,81.45693,0.0,0.0,-101.79069,0.034683,-0.0,-79.8146,0.013956,-0.0,-954.785013
20.12,408.0,98.0,74.781179,407.993651,98.0,80.637068,0.0,0.0,-103.71911,0.032927,-0.0,-81.986256,0.014045,-0.0,-971.878424
20.13,408.0,98.0,73.74152,407.993963,98.0,79.796192,0.0,0.0,-105.535295,0.031265,-0.0,-84.087611,0.014046,-0.0,-987.970975
20.14,408.0,98.0,72.684386,407.99426,98.0,78.935046,0.0,0.0,-107.235867,0.02969,-0.0,-86.114585,0.013971,-0.0,-1003.034014
20.15,408.0,98.0,71.610944,407.994542,98.0,78.054413,0.0,0.0,-108.81769,0.028199,-0.0,-88.063272,0.013834,-0.0,-1017.040816
20.16,408.0,98.0,70.522386,407.99481,98.0,77.155114,0.0,0.0,-110.277868,0.026786,-0.0,-89.929945,0.013643,-0.0,-1029.966595
20.17,408.0,98.0,69.419936,407.995064,98.0,76.238003,0.0,0.0,-111.613748,0.025447,-0.0,-91.711059,0.013409,-0.0,-1041.788524
20.18,408.0,98.0,68.304841,407.995306,98.0,75.30397,0.0,0.0,-112.822916,0.024177,-0.0,-93.403248,0.01314,-0.0,-1052.485751
20.19,408.0,98.0,67.178369,407.995536,98.0,74.353937,0.0,0.0,-113.903201,0.022973,-0.0,-95.003335,0.012841,-0.0,-1062.039409
20.2,408.0,98.0,66.041813,407.995754,98.0,73.388854,0.0,0.0,-114.852673,0.021832,-0.0,-96.508326,0.01252,-0.0,-1070.432638
20.21,408.0,98.0,64.896479,407.995962,98.0,72.4097,0.0,0.0,-115.669643,0.020749,-0.0,-97.915418,0.012182,-0.0,-1077.650592
20.22,408.0,98.0,63.743693,407.996159,98.0,71.41748,0.0,0.0,-116.352662,0.019721,-0.0,-99.221996,0.01183,-0.0,-1083.680458
20.23,408.0,98.0,62.584791,407.996346,98.0,70.413223,0.0,0.0,-116.900526,0.018746,-0.0,-100.42564,0.011469,-0.0,-1088.511465
20.24,408.0,98.0,61.421121,407.996525,98.0,69.397982,0.0,0.0,-117.312268,0.01782,-0.0,-101.524121,0.011103,-0.0,-1092.134898
20.25,408.0,98.0,60.254039,407.996694,98.0,68.372828,0.0,0.0,-117.587165,0.016941,-0.0,-102.515407,0.010733,-0.0,-1094.544112
20.26,408.0,98.0,59.084907,407.996855,98.0,67.338851,0.0,0.0,-117.724734,0.016106,-0.0,-103.397663,0.010363,-0.0,-1095.73454
20.27,408.0,98.0,57.915093,407.997008,98.0,66.297159,0.0,0.0,-117.724734,0.015314,-0.0,-104.169252,0.009994,-0.0,-1095.703707
20.28,408.0,98.0,56.745961,407.997154,98.0,65.248872,0.0,0.0,-117.587165,0.014562,-0.0,-104.828736,0.009628,-0.0,-1094.451241
20.29,408.0,98.0,55.578879,407.997292,98.0,64.195123,0.0,0.0,-117.312268,0.013847,-0.0,-105.37488,0.009268,-0.0,-1091.978881
20.3,408.0,98.0,54.415209,407.997424,98.0,63.137056,0.0,0.0,-116.900526,0.013168,-0.0,-105.806651,0.008913,-0.0,-1088.29049
20.31,408.0,98.0,53.256307,407.997549,98.0,62.075824,0.0,0.0,-116.352662,0.012522,-0.0,-106.12322,0.008565,-0.0,-1083.392062
20.32,408.0,98.0,52.103521,407.997668,98.0,61.012584,0.0,0.0,-115.669643,0.011909,-0.0,-106.323964,0.008224,-0.0,-1077.291735
20.33,408.0,98.0,50.958187,407.997782,98.0,59.9485,0.0,0.0,-114.852673,0.011327,-0.0,-106.408466,0.007892,-0.0,-1069.999796
20.34,408.0,98.0,49.821631,407.997889,98.0,58.884735,0.0,0.0,-113.903201,0.010773,-0.0,-106.376517,0.007569,-0.0,-1061.528693
20.35,408.0,98.0,48.695159,407.997992,98.0,57.822453,0.0,0.0,-112.822916,0.010247,-0.0,-106.228115,0.007255,-0.0,-1051.893041
20.36,408.0,98.0,47.580064,407.998089,98.0,56.762819,0.0,0.0,-111.613748,0.009747,-0.0,-105.963471,0.006951,-0.0,-1041.109632
20.37,408.0,98.0,46.477614,407.998182,98.0,55.706989,0.0,0.0,-110.277868,0.009271,-0.0,-105.583005,0.006656,-0.0,-1029.197441
20.38,408.0,98.0,45.389056,407.99827,98.0,54.656115,0.0,0.0,-108.81769,0.008819,-0.0,-105.08735,0.006371,-0.0,-1016.177637
20.39,408.0,98.0,44.315614,407.998354,98.0,53.611342,0.0,0.0,-107.235867,0.00839,-0.0,-104.477351,0.006095,-0.0,-1002.073586
20.4,408.0,98.0,43.25848,407.998434,98.0,52.573801,0.0,0.0,-105.535295,0.007981,-0.0,-103.754068,0.005829,-0.0,-986.91086
20.41,408.0,98.0,42.218821,407.99851,98.0,51.544613,0.0,0.0,-103.71911,0.007593,-0.0,-102.918775,0.005573,-0.0,-970.717244
20.42,408.0,98.0,41.197767,407.998582,98.0,50.524884,0.0,0.0,-101.79069,0.007223,-0.0,-101.972962,0.005327,-0.0,-953.522745
20.43,408.0,98.0,40.196417,407.998651,98.0,49.5157,0.0,0.0,-99.753654,0.006872,-0.0,-100.918337,0.00509,-0.0,-935.359591
20.44,408.0,98.0,39.21583,407.998716,98.0,48.518132,0.0,0.0,-97.611864,0.006538,-0.0,-99.756823,0.004862,-0.0,-916.262246
20.45,408.0,98.0,38.257027,407.998778,98.0,47.533226,0.0,0.0,-95.36942,0.00622,-0.0,-98.490563,0.004643,-0.0,-896.267408
20.46,408.0,98.0,37.320988,407.998838,98.0,46.562007,0.0,0.0,-93.030665,0.005918,-0.0,-97.121918,0.004433,-0.0,-875.414022
20.47,408.0,98.0,36.408645,407.998894,98.0,45.605472,0.0,0.0,-90.600185,0.00563,-0.0,-95.653469,0.004231,-0.0,-853.74328
20.48,408.0,98.0,35.520887,407.998947,98.0,44.664592,0.0,0.0,-88.082803,0.005357,-0.0,-94.088018,0.004038,-0.0,-831.298627
20.49,408.0,98.0,34.658553,407.998998,98.0,43.740306,0.0,0.0,-85.483589,0.005097,-0.0,-92.428588,0.003853,-0.0,-808.125769
20.5,408.0,98.0,33.822428,407.999047,98.0,42.833522,0.0,0.0,-82.807848,0.00485,-0.0,-90.678423,0.003676,-0.0,-784.272675
20.51,408.0,98.0,33.013247,407.999093,98.0,41.945112,0.0,0.0,-80.061132,0.004614,-0.0,-88.84099,0.003506,-0.0,-759.789583
20.52,408.0,98.0,32.231686,407.999137,98.0,41.075912,0.0,0.0,-77.24923,0.004391,-0.0,-86.919979,0.003344,-0.0,-734.729005
20.53,408.0,98.0,31.478362,407.999179,98.0,40.226719,0.0,0.0,-74.378174,0.004178,-0.0,-84.919303,0.003188,-0.0,-709.14573
20.54,408.0,98.0,30.753833,407.999218,98.0,39.398288,0.0,0.0,-71.454239,0.003975,-0.0,-82.8431,0.00304,-0.0,-683.09683
20.55,408.0,98.0,30.058592,407.999256,98.0,38.591331,0.0,0.0,-68.483937,0.003782,-0.0,-80.695734,0.002898,-0.0,-656.641661
20.56,408.0,98.0,29.393066,407.999292,98.0,37.806513,0.0,0.0,-65.474026,0.003599,-0.0,-78.48179,0.002762,-0.0,-629.841872
20.57,408.0,98.0,28.757614,407.999326,98.0,37.044452,0.0,0.0,-62.431502,0.003425,-0.0,-76.206084,0.002633,-0.0,-602.761403
20.58,408.0,98.0,28.152524,407.999359,98.0,36.305716,0.0,0.0,-59.363603,0.003259,-0.0,-73.873655,0.002509,-0.0,-575.466494
20.59,408.0,98.0,27.578011,407.99939,98.0,35.590818,0.0,0.0,-56.27781,0.003101,-0.0,-71.489769,0.002391,-0.0,-548.025684
20.6,408.0,98.0,27.034216,407.99942,98.0,34.900219,0.0,0.0,-53.181842,0.002951,-0.0,-69.059921,0.002278,-0.0,-520.509818
20.61,408.0,98.0,26.5212,407.999448,98.0,34.234321,0.0,0.0,-50.083663,0.002808,-0.0,-66.589831,0.00217,-0.0,-492.992048
20.62,408.0,98.0,26.038944,407.999474,98.0,33.593466,0.0,0.0,-46.991476,0.002672,-0.0,-64.08545,0.002068,-0.0,-465.547838
20.63,408.0,98.0,25.587347,407.9995,98.0,32.977937,0.0,0.0,-43.913725,0.002543,-0.0,-61.552956,0.00197,-0.0,-438.254965
20.64,408.0,98.0,25.166223,407.999524,98.0,32.387949,0.0,0.0,-40.859097,0.002419,-0.0,-58.998756,0.001876,-0.0,-411.193522
20.65,408.0,98.0,24.775298,407.999547,98.0,31.823654,0.0,0.0,-37.836518,0.002302,-0.0,-56.429485,0.001787,-0.0,-384.445925
20.66,408.0,98.0,24.414207,407.999569,98.0,31.285134,0.0,0.0,-34.855158,0.002191,-0.0,-53.852011,0.001702,-0.0,-358.09691
20.67,408.0,98.0,24.082495,407.99959,98.0,30.7724,0.0,0.0,-31.924427,0.002085,-0.0,-51.273429,0.001621,-0.0,-332.233538
20.68,408.0,98.0,23.779612,407.99961,98.0,30.285389,0.0,0.0,-29.053974,0.001984,-0.0,-48.701065,0.001544,-0.0,-306.9452
20.69,408.0,98.0,23.504908,407.999629,98.0,29.823964,0.0,0.0,-26.253694,0.001888,-0.0,-46.142477,0.00147,-0.0,-282.323616
20.7,408.0,98.0,23.257638,407.999646,98.0,29.38791,0.0,0.0,-23.533719,0.001797,-0.0,-43.605453,0.0014,-0.0,-258.462839
20.71,408.0,98.0,23.036951,407.999664,98.0,28.97693,0.0,0.0,-20.904425,0.00171,-0.0,-41.098012,0.001333,-0.0,-235.459256
20.72,408.0,98.0,22.841894,407.99968,98.0,28.590646,0.0,0.0,-18.376428,0.001627,-0.0,-38.628405,0.001269,-0.0,-213.411592
20.73,408.0,98.0,22.671407,407.999695,98.0,28.228594,0.0,0.0,-15.960585,0.001548,-0.0,-36.205116,0.001208,-0.0,-192.420912
20.74,408.0,98.0,22.52432,407.99971,98.0,27.890226,0.0,0.0,-13.667995,0.001473,-0.0,-33.836859,0.001151,-0.0,-172.59062
20.75,408.0,98.0,22.399354,407.999724,98.0,27.5749,0.0,0.0,-11.509998,0.001402,-0.0,-31.532583,0.001095,-0.0,-154.026467
20.76,408.0,98.0,22.295112,407.999737,98.0,27.281885,0.0,0.0,-9.498177,0.001334,-0.0,-29.301467,0.001043,-0.0,-136.836546
20.77,408.0,98.0,22.210085,407.99975,98.0,27.010356,0.0,0.0,-7.644352,0.00127,-0.0,-27.152925,0.000993,-0.0,-121.131298
20.78,408.0,98.0,22.142642,407.999762,98.0,26.75939,0.0,0.0,-5.960589,0.001208,-0.0,-25.096603,0.000945,-0.0,-107.023515
20.79,408.0,98.0,22.091033,407.999774,98.0,26.527966,0.0,0.0,-4.459192,0.00115,-0.0,-23.142382,0.0009,-0.0,-94.628336
20.8,408.0,98.0,22.053384,407.999785,98.0,26.314963,0.0,0.0,-3.152708,0.001094,-0.0,-21.300375,0.000857,-0.0,-84.063255
20.81,408.0,98.0,22.027695,407.999795,98.0,26.119153,0.0,0.0,-2.053925,0.001041,-0.0,-19.580929,0.000815,-0.0,-75.448119
20.82,408.0,98.0,22.011838,407.999805,98.0,25.939207,0.0,0.0,-1.175872,0.000991,-0.0,-17.994627,0.000776,-0.0,-68.905131
20.83,408.0,98.0,22.003553,407.999814,98.0,25.773684,0.0,0.0,-0.531818,0.000943,-0.0,-16.552285,0.000739,-0.0,-64.558849
20.84,408.0,98.0,22.00045,407.999823,98.0,25.621035,0.0,0.0,-0.135277,0.000897,-0.0,-15.264951,0.000703,-0.0,-62.536192
20.85,408.0,98.0,22.0,407.999832,98.0,25.479595,0.0,0.0,0.0,0.000854,-0.0,-14.143913,0.000669,-0.0,-62.966437
20.86,408.0,98.0,22.0,407.99984,98.0,25.347589,0.0,0.0,0.0,0.000813,-0.0,-13.200689,0.000637,-0.0,-65.981222
20.87,408.0,98.0,22.0,407.999848,98.0,25.223239,0.0,0.0,0.0,0.000773,-0.0,-12.434916,0.000607,-0.0,-70.745076
20.88,408.0,98.0,22.0,407.999855,98.0,25.105231,0.0,0.0,0.0,0.000736,-0.0,-11.800872,0.000577,-0.0,-73.625613
20.89,408.0,98.0,22.0,407.999862,98.0,24.99266,0.0,0.0,0.0,0.0007,-0.0,-11.257083,0.00055,-0.0,-74.505629
20.9,408.0,98.0,22.0,407.999869,98.0,24.884895,0.0,0.0,0.0,0.000667,-0.0,-10.776502,0.000523,-0.0,-74.124318
20.91,408.0,98.0,22.0,407.999875,98.0,24.781481,0.0,0.0,0.0,0.000634,-0.0,-10.341432,0.000498,-0.0,-72.959445
20.92,408.0,98.0,22.0,407.999881,98.0,24.682078,0.0,0.0,0.0,0.000604,-0.0,-9.940246,0.000474,-0.0,-71.319407
20.93,408.0,98.0,22.0,407.999887,98.0,24.586426,0.0,0.0,0.0,0.000574,-0.0,-9.565251,0.000451,-0.0,-69.40289
20.94,408.0,98.0,22.0,407.999892,98.0,24.494312,0.0,0.0,0.0,0.000547,-0.0,-9.211314,0.000429,-0.0,-67.337531
20.95,408.0,98.0,22.0,407.999898,98.0,24.405563,0.0,0.0,0.0,0.00052,-0.0,-8.874962,0.000409,-0.0,-65.204962
20.96,408.0,98.0,22.0,407.999903,98.0,24.320025,0.0,0.0,0.0,0.000495,-0.0,-8.553805,0.000389,-0.0,-63.057045
20.97,408.0,98.0,22.0,407.999907,98.0,24.237563,0.0,0.0,0.0,0.000471,-0.0,-8.246159,0.00037,-0.0,-60.926383
20.98,408.0,98.0,22.0,407.999912,98.0,24.158055,0.0,0.0,0.0,0.000448,-0.0,-7.950803,0.000352,-0.0,-58.83314
20.99,408.0,98.0,22.0,407.999916,98.0,24.081387,0.0,0.0,0.0,0.000427,-0.0,-7.666821,0.000335,-0.0,-56.789449
21.0,408.0,98.0,22.0,407.99992,98.0,24.007452,0.0,0.0,0.0,0.000406,-0.0,-7.393497,0.000319,-0.0,-54.802274
21.01,408.0,98.0,22.0,407.999924,98.0,23.936149,0.0,0.0,0.0,0.000386,-0.0,-7.13025,0.000304,-0.0,-52.875261
21.02,408.0,98.0,22.0,407.999928,98.0,23.867384,0.0,0.0,0.0,0.000368,-0.0,-6.876593,0.000289,-0.0,-51.009937
21.03,408.0,98.0,22.0,407.999931,98.0,23.801063,0.0,0.0,0.0,0.00035,-0.0,-6.6321,0.000275,-0.0,-49.206485
21.04,408.0,98.0,22.0,407.999934,98.0,23.737099,0.0,0.0,0.0,0.000333,-0.0,-6.396391,0.000262,-0.0,-47.464247
21.05,408.0,98.0,22.0,407.999938,98.0,23.675407,0.0,0.0,0.0,0.000317,-0.0,-6.169117,0.000249,-0.0,-45.782045
21.06,408.0,98.0,22.00045,407.999941,98.0,23.615908,0.0,0.0,0.135277,0.000302,-0.0,-5.949958,0.000237,-0.0,-44.158393
21.07,408.0,98.0,22.003553,407.999943,98.0,23.55864,0.0,0.0,0.531818,0.000287,-0.0,-5.726797,0.000226,-0.0,-41.6467
21.08,408.0,98.0,22.011838,407.999946,98.0,23.504185,0.0,0.0,1.175872,0.000273,-0.0,-5.445518,0.000215,-0.0,-34.765705
21.09,408.0,98.0,22.027695,407.999949,98.0,23.453567,0.0,0.0,2.053925,0.00026,-0.0,-5.061772,0.000204,-0.0,-23.755494
21.1,408.0,98.0,22.053384,407.999951,98.0,23.408072,0.0,0.0,3.152708,0.000247,-0.0,-4.549516,0.000194,-0.0,-9.63725
21.11,408.0,98.0,22.091033,407.999954,98.0,23.369126,0.0,0.0,4.459192,0.000235,-0.0,-3.894584,0.000185,-0.0,6.899463
21.12,408.0,98.0,22.142642,407.999956,98.0,23.338221,0.0,0.0,5.960589,0.000224,-0.0,-3.090509,0.000176,-0.0,25.38014
21.13,408.0,98.0,22.210085,407.999958,98.0,23.316863,0.0,0.0,7.644352,0.000213,-0.0,-2.135822,0.000168,-0.0,45.469824
21.14,408.0,98.0,22.295112,407.99996,98.0,23.30654,0.0,0.0,9.498177,0.000203,-0.0,-1.032292,0.00016,-0.0,66.924197
21.15,408.0,98.0,22.399354,407.999962,98.0,23.308702,0.0,0.0,11.509998,0.000193,-0.0,0.216218,0.000152,-0.0,89.557913
21.16,408.0,98.0,22.52432,407.999964,98.0,23.324747,0.0,0.0,13.667995,0.000184,-0.0,1.604492,0.000145,-0.0,113.224094
21.17,408.0,98.0,22.671407,407.999966,98.0,23.356011,0.0,0.0,15.960585,0.000175,-0.0,3.126444,0.000138,-0.0,137.801068
21.18,408.0,98.0,22.841894,407.999967,98.0,23.403766,0.0,0.0,18.376428,0.000166,-0.0,4.775436,0.000131,-0.0,163.183791
21.19,408.0,98.0,23.036951,407.999969,98.0,23.46921,0.0,0.0,20.904425,0.000158,-0.0,6.544485,0.000125,-0.0,189.278311
21.2,408.0,98.0,23.257638,407.99997,98.0,23.553475,0.0,0.0,23.533719,0.000151,-0.0,8.426402,0.000119,-0.0,215.998201
21.21,408.0,98.0,23.504908,407.999972,98.0,23.657613,0.0,0.0,26.253694,0.000143,-0.0,10.41388,0.000113,-0.0,243.26226
21.22,408.0,98.0,23.779612,407.999973,98.0,23.782609,0.0,0.0,29.053974,0.000137,-0.0,12.499558,0.000107,-0.0,270.993045
21.23,408.0,98.0,24.082495,407.999974,98.0,23.92937,0.0,0.0,31.924427,0.00013,-0.0,14.676063,0.000102,-0.0,299.115936
21.24,408.0,98.0,24.414207,407.999976,98.0,24.09873,0.0,0.0,34.855158,0.000124,-0.0,16.936037,9.7e-05,-0.0,327.558544
21.25,408.0,98.0,24.775298,407.999977,98.0,24.291452,0.0,0.0,37.836518,0.000118,-0.0,19.272161,9.3e-05,-0.0,356.250346
21.26,408.0,98.0,25.166223,407.999978,98.0,24.508223,0.0,0.0,40.859097,0.000112,-0.0,21.677172,8.8e-05,-0.0,385.122462
21.27,408.0,98.0,25.587347,407.999979,98.0,24.749662,0.0,0.0,43.913725,0.000107,-0.0,24.14387,8.4e-05,-0.0,414.107526
21.28,408.0,98.0,26.038944,407.99998,98.0,25.016313,0.0,0.0,46.991476,0.000101,-0.0,26.665131,8e-05,-0.0,443.139614
21.29,408.0,98.0,26.5212,407.999981,98.0,25.308652,0.0,0.0,50.083663,9.6e-05,-0.0,29.233917,7.6e-05,-0.0,472.154213
21.3,408.0,98.0,27.034216,407.999982,98.0,25.627085,0.0,0.0,53.181842,9.2e-05,-0.0,31.84328,7.2e-05,-0.0,501.088217
21.31,408.0,98.0,27.578011,407.999983,98.0,25.971949,0.0,0.0,56.27781,8.7e-05,-0.0,34.486369,6.9e-05,-0.0,529.879927
21.32,408.0,98.0,28.152524,407.999984,98.0,26.343513,0.0,0.0,59.363603,8.3e-05,-0.0,37.156437,6.5e-05,-0.0,558.469076
21.33,408.0,98.0,28.757614,407.999984,98.0,26.741982,0.0,0.0,62.431502,7.9e-05,-0.0,39.846843,6.2e-05,-0.0,586.796848
21.34,408.0,98.0,29.393066,407.999985,98.0,27.167492,0.0,0.0,65.474026,7.5e-05,-0.0,42.551061,5.9e-05,-0.0,614.805903
21.35,408.0,98.0,30.058592,407.999986,98.0,27.620119,0.0,0.0,68.483937,7.2e-05,-0.0,45.262684,5.6e-05,-0.0,642.440408
21.36,408.0,98.0,30.753833,407.999987,98.0,28.099873,0.0,0.0,71.454239,6.8e-05,-0.0,47.975424,5.4e-05,-0.0,669.646063
21.37,408.0,98.0,31.478362,407.999987,98.0,28.606705,0.0,0.0,74.378174,6.5e-05,-0.0,50.683123,5.1e-05,-0.0,696.370131
21.38,408.0,98.0,32.231686,407.999988,98.0,29.140502,0.0,0.0,77.24923,6.2e-05,-0.0,53.379751,4.9e-05,-0.0,722.561465
21.39,408.0,98.0,33.013247,407.999988,98.0,29.701096,0.0,0.0,80.061132,5.9e-05,-0.0,56.059413,4.6e-05,-0.0,748.170539
21.4,408.0,98.0,33.822428,407.999989,98.0,30.28826,0.0,0.0,82.807848,5.6e-05,-0.0,58.716355,4.4e-05,-0.0,773.14947
21.41,408.0,98.0,34.658553,407.99999,98.0,30.901709,0.0,0.0,85.483589,5.3e-05,-0.0,61.344961,4.2e-05,-0.0,797.452047
21.42,408.0,98.0,35.520887,407.99999,98.0,31.541107,0.0,0.0,88.082803,5.1e-05,-0.0,63.939763,4e-05,-0.0,821.03376
21.43,408.0,98.0,36.408645,407.999991,98.0,32.206061,0.0,0.0,90.600185,4.8e-05,-0.0,66.49544,3.8e-05,-0.0,843.851816
21.44,408.0,98.0,37.320988,407.999991,98.0,32.89613,0.0,0.0,93.030665,4.6e-05,-0.0,69.006825,3.6e-05,-0.0,865.865173
21.45,408.0,98.0,38.257027,407.999991,98.0,33.610819,0.0,0.0,95.36942,4.4e-05,-0.0,71.468904,3.4e-05,-0.0,887.034556
21.46,408.0,98.0,39.21583,407.999992,98.0,34.349587,0.0,0.0,97.611864,4.2e-05,-0.0,73.876822,3.3e-05,-0.0,907.322481
21.47,408.0,98.0,40.196417,407.999992,98.0,35.111846,0.0,0.0,99.753654,4e-05,-0.0,76.225885,3.1e-05,-0.0,926.693279
21.48,408.0,98.0,41.197767,407.999993,98.0,35.896961,0.0,0.0,101.79069,3.8e-05,-0.0,78.511563,3e-05,-0.0,945.113112
21.49,408.0,98.0,42.218821,407.999993,98.0,36.704256,0.0,0.0,103.71911,3.6e-05,-0.0,80.729493,2.8e-05,-0.0,962.549997
21.5,408.0,98.0,43.25848,407.999993,98.0,37.533011,0.0,0.0,105.535295,3.4e-05,-0.0,82.875479,2.7e-05,-0.0,978.973825
21.51,408.0,98.0,44.315614,407.999994,98.0,38.382466,0.0,0.0,107.235867,3.2e-05,-0.0,84.945499,2.6e-05,-0.0,994.356377
21.52,408.0,98.0,45.389056,407.999994,98.0,39.251823,0.0,0.0,108.81769,3.1e-05,-0.0,86.935703,2.4e-05,-0.0,1008.671344
21.53,408.0,98.0,46.477614,407.999994,98.0,40.140247,0.0,0.0,110.277868,2.9e-05,-0.0,88.84242,2.3e-05,-0.0,1021.894346
21.54,408.0,98.0,47.580064,407.999994,98.0,41.046869,0.0,0.0,111.613748,2.8e-05,-0.0,90.662154,2.2e-05,-0.0,1034.002942
21.55,408.0,98.0,48.695159,407.999995,98.0,41.970785,0.0,0.0,112.822916,2.7e-05,-0.0,92.391593,2.1e-05,-0.0,1044.976655
21.56,408.0,98.0,49.821631,407.999995,98.0,42.911061,0.0,0.0,113.903201,2.5e-05,-0.0,94.027606,2e-05,-0.0,1054.796981
21.57,408.0,98.0,50.958187,407.999995,98.0,43.866733,0.0,0.0,114.852673,2.4e-05,-0.0,95.567248,1.9e-05,-0.0,1063.447408
21.58,408.0,98.0,52.103521,407.999995,98.0,44.836811,0.0,0.0,115.669643,2.3e-05,-0.0,97.00776,1.8e-05,-0.0,1070.913426
21.59,408.0,98.0,53.256307,407.999996,98.0,45.820277,0.0,0.0,116.352662,2.2e-05,-0.0,98.346572,1.7e-05,-0.0,1077.182547
21.6,408.0,98.0,54.415209,407.999996,98.0,46.81609,0.0,0.0,116.900526,2.1e-05,-0.0,99.581304,1.6e-05,-0.0,1082.244311
21.61,408.0,98.0,55.578879,407.999996,98.0,47.823187,0.0,0.0,117.312268,2e-05,-0.0,100.70977,1.6e-05,-0.0,1086.090308
21.62,408.0,98.0,56.745961,407.999996,98.0,48.840487,0.0,0.0,117.587165,1.9e-05,-0.0,101.729976,1.5e-05,-0.0,1088.714181
21.63,408.0,98.0,57.915093,407.999996,98.0,49.866888,0.0,0.0,117.724734,1.8e-05,-0.0,102.640125,1.4e-05,-0.0,1090.111645
21.64,408.0,98.0,59.084907,407.999997,98.0,50.901275,0.0,0.0,117.724734,1.7e-05,-0.0,103.438615,1.3e-05,-0.0,1090.280496
21.65,408.0,98.0,60.254039,407.999997,98.0,51.942515,0.0,0.0,117.587165,1.6e-05,-0.0,104.124046,1.3e-05,-0.0,1089.220622
21.66,408.0,98.0,61.421121,407.999997,98.0,52.989467,0.0,0.0,117.312268,1.5e-05,-0.0,104.695215,1.2e-05,-0.0,1086.934015
21.67,408.0,98.0,62.584791,407.999997,98.0,54.040978,0.0,0.0,116.900526,1.5e-05,-0.0,105.151123,1.2e-05,-0.0,1083.42478
21.68,408.0,98.0,63.743693,407.999997,98.0,55.095888,0.0,0.0,116.352662,1.4e-05,-0.0,105.490972,1.1e-05,-0.0,1078.699147
21.69,408.0,98.0,64.896479,407.999997,98.0,56.15303,0.0,0.0,115.669643,1.3e-05,-0.0,105.714169,1e-05,-0.0,1072.765478
21.7,408.0,98.0,66.041813,407.999998,98.0,57.211233,0.0,0.0,114.852673,1.3e-05,-0.0,105.820327,1e-05,-0.0,1065.634278
21.71,408.0,98.0,67.178369,407.999998,98.0,58.269326,0.0,0.0,113.903201,1.2e-05,-0.0,105.809263,9e-06,-0.0,1057.318206
21.72,408.0,98.0,68.304841,407.999998,98.0,59.326136,0.0,0.0,112.822916,1.1e-05,-0.0,105.681006,9e-06,-0.0,1047.83208
21.73,408.0,98.0,69.419936,407.999998,98.0,60.380494,0.0,0.0,111.613748,1.1e-05,-0.0,105.435792,9e-06,-0.0,1037.192886
21.74,408.0,98.0,70.522386,407.999998,98.0,61.431234,0.0,0.0,110.277868,1e-05,-0.0,105.074065,8e-06,-0.0,1025.419789
21.75,408.0,98.0,71.610944,407.999998,98.0,62.477199,0.0,0.0,108.81769,1e-05,-0.0,104.596484,8e-06,-0.0,1012.53414
21.76,408.0,98.0,72.684386,407.999998,98.0,63.517238,0.0,0.0,107.235867,9e-06,-0.0,104.003917,7e-06,-0.0,998.559478
21.77,408.0,98.0,73.74152,407.999998,98.0,64.550213,0.0,0.0,105.535295,9e-06,-0.0,103.297446,7e-06,-0.0,983.521548
21.78,408.0,98.0,74.781179,407.999998,98.0,65.574997,0.0,0.0,103.71911,9e-06,-0.0,102.478369,7e-06,-0.0,967.448296
21.79,408.0,98.0,75.802233,407.999998,98.0,66.590479,0.0,0.0,101.79069,8e-06,-0.0,101.548197,6e-06,-0.0,950.369885
21.8,408.0,98.0,76.803583,407.999998,98.0,67.595565,0.0,0.0,99.753654,8e-06,-0.0,100.508656,6e-06,-0.0,932.318698
21.81,408.0,98.0,77.78417,407.999999,98.0,68.589182,0.0,0.0,97.611864,7e-06,-0.0,99.361691,6e-06,-0.0,913.329343
21.82,408.0,98.0,78.742973,407.999999,98.0,69.570277,0.0,0.0,95.36942,7e-06,-0.0,98.109463,5e-06,-0.0,893.43866
21.83,408.0,98.0,79.679012,407.999999,98.0,70.53782,0.0,0.0,93.030665,7e-06,-0.0,96.754351,5e-06,-0.0,872.685731
21.84,408.0,98.0,80.591355,407.999999,98.0,71.49081,0.0,0.0,90.600185,6e-06,-0.0,95.298956,5e-06,-0.0,851.111877
21.85,408.0,98.0,81.479113,407.999999,98.0,72.428271,0.0,0.0,88.082803,6e-06,-0.0,93.746095,5e-06,-0.0,828.760672
21.86,408.0,98.0,82.341447,407.999999,98.0,73.349259,0.0,0.0,85.483589,6e-06,-0.0,92.098807,5e-06,-0.0,805.677943
21.87,408.0,98.0,83.177572,407.999999,98.0,74.252862,0.0,0.0,82.807848,5e-06,-0.0,90.360354,4e-06,-0.0,781.911778
21.88,408.0,98.0,83.986753,407.999999,98.0,75.138204,0.0,0.0,80.061132,5e-06,-0.0,88.534216,4e-06,-0.0,757.512528
21.89,408.0,98.0,84.768314,407.999999,98.0,76.004445,0.0,0.0,77.24923,5e-06,-0.0,86.624099,4e-06,-0.0,732.532814
21.9,408.0,98.0,85.521638,407.999999,98.0,76.850785,0.0,0.0,74.378174,5e-06,-0.0,84.633931,4e-06,-0.0,707.027532
21.91,408.0,98.0,86.246167,407.999999,98.0,77.676463,0.0,0.0,71.454239,4e-06,-0.0,82.567863,4e-06,-0.0,681.053854
21.92,408.0,98.0,86.941408,407.999999,98.0,78.480766,0.0,0.0,68.483937,4e-06,-0.0,80.43027,3e-06,-0.0,654.671237
21.93,408.0,98.0,87.606934,407.999999,98.0,79.263024,0.0,0.0,65.474026,4e-06,-0.0,78.225754,3e-06,-0.0,627.941423
21.94,408.0,98.0,88.242386,407.999999,98.0,80.022615,0.0,0.0,62.431502,4e-06,-0.0,75.959141,3e-06,-0.0,600.928444
21.95,408.0,98.0,88.847476,407.999999,98.0,80.75897,0.0,0.0,59.363603,4e-06,-0.0,73.635481,3e-06,-0.0,573.698628
21.96,408.0,98.0,89.421989,407.999999,98.0,81.47157,0.0,0.0,56.27781,3e-06,-0.0,71.260053,3e-06,-0.0,546.3206
21.97,408.0,98.0,89.965784,407.999999,98.0,82.159954,0.0,0.0,53.181842,3e-06,-0.0,68.838363,3e-06,-0.0,518.865286
21.98,408.0,98.0,90.4788,407.999999,98.0,82.823715,0.0,0.0,50.083663,3e-06,-0.0,66.376141,2e-06,-0.0,491.405918
21.99,408.0,98.0,90.961056,407.999999,98.0,83.462509,0.0,0.0,46.991476,3e-06,-0.0,63.879349,2e-06,-0.0,464.018035
22.0,408.0,98.0,91.412653,407.999999,98.0,84.076051,0.0,0.0,43.913725,3e-06,-0.0,61.354174,2e-06,-0.0,436.779489
22.01,408.0,98.0,91.833777,407.999999,98.0,84.664121,0.0,0.0,40.859097,3e-06,-0.0,58.807033,2e-06,-0.0,409.770445
22.02,408.0,98.0,92.224702,407.999999,98.0,85.226567,0.0,0.0,37.836518,3e-06,-0.0,56.244571,2e-06,-0.0,383.073385
22.03,408.0,98.0,92.585793,408.0,98.0,85.763303,0.0,0.0,34.855158,2e-06,-0.0,53.673664,2e-06,-0.0,356.773112
22.04,408.0,98.0,92.917505,408.0,98.0,86.274317,0.0,0.0,31.924427,2e-06,-0.0,51.101415,2e-06,-0.0,330.956752
22.05,408.0,98.0,93.220388,408.0,98.0,86.759669,0.0,0.0,29.053974,2e-06,-0.0,48.53516,2e-06,-0.0,305.713756
22.06,408.0,98.0,93.495092,408.0,98.0,87.219494,0.0,0.0,26.253694,2e-06,-0.0,45.982464,2e-06,-0.0,281.135904
22.07,408.0,98.0,93.742362,408.0,98.0,87.654005,0.0,0.0,23.533719,2e-06,-0.0,43.451122,2e-06,-0.0,257.317305
22.08,408.0,98.0,93.963049,408.0,98.0,88.063497,0.0,0.0,20.904425,2e-06,-0.0,40.949162,2e-06,-0.0,234.354403
22.09,408.0,98.0,94.158106,408.0,98.0,88.448345,0.0,0.0,18.376428,2e-06,-0.0,38.484841,1e-06,-0.0,212.345976
22.1,408.0,98.0,94.328593,408.0,98.0,88.809011,0.0,0.0,15.960585,2e-06,-0.0,36.06665,1e-06,-0.0,191.393138
22.11,408.0,98.0,94.47568,408.0,98.0,89.146045,0.0,0.0,13.667995,2e-06,-0.0,33.703311,1e-06,-0.0,171.599346
22.12,408.0,98.0,94.600646,408.0,98.0,89.460082,0.0,0.0,11.509998,2e-06,-0.0,31.403777,1e-06,-0.0,153.070395
22.13,408.0,98.0,94.704888,408.0,98.0,89.751855,0.0,0.0,9.498177,2e-06,-0.0,29.177235,1e-06,-0.0,135.914427
22.14,408.0,98.0,94.789915,408.0,98.0,90.022186,0.0,0.0,7.644352,1e-06,-0.0,27.033105,1e-06,-0.0,120.241926
22.15,408.0,98.0,94.857358,408.0,98.0,90.271996,0.0,0.0,5.960589,1e-06,-0.0,24.981038,1e-06,-0.0,106.165727
22.16,408.0,98.0,94.908967,408.0,98.0,90.502305,0.0,0.0,4.459192,1e-06,-0.0,23.030921,1e-06,-0.0,93.80101
22.17,408.0,98.0,94.946616,408.0,98.0,90.714234,0.0,0.0,3.152708,1e-06,-0.0,21.192872,1e-06,-0.0,83.26531
22.18,408.0,98.0,94.972305,408.0,98.0,90.909006,0.0,0.0,2.053925,1e-06,-0.0,19.477245,1e-06,-0.0,74.678511
22.19,408.0,98.0,94.988162,408.0,98.0,91.087953,0.0,0.0,1.175872,1e-06,-0.0,17.894625,1e-06,-0.0,68.162853
22.2,408.0,98.0,94.996447,408.0,98.0,91.252511,0.0,0.0,0.531818,1e-06,-0.0,16.455833,1e-06,-0.0,63.842932
22.21,408.0,98.0,94.99955,408.0,98.0,91.40423,0.0,0.0,0.135277,1e-06,-0.0,15.171925,1e-06,-0.0,61.845699
22.22,408.0,98.0,95.0,408.0,98.0,91.544772,0.0,0.0,0.0,1e-06,-0.0,14.054191,1e-06,-0.0,62.300465
22.23,408.0,98.0,95.0,408.0,98.0,91.675914,0.0,0.0,0.0,1e-06,-0.0,13.114153,1e-06,-0.0,65.338901
22.24,408.0,98.0,95.0,408.0,98.0,91.799428,0.0,0.0,0.0,1e-06,-0.0,12.351453,1e-06,-0.0,70.125565
22.25,408.0,98.0,95.0,408.0,98.0,91.916632,0.0,0.0,0.0,1e-06,-0.0,11.720373,1e-06,-0.0,73.028103
22.26,408.0,98.0,95.0,408.0,98.0,92.028426,0.0,0.0,0.0,1e-06,-0.0,11.179443,1e-06,-0.0,73.929338
22.27,408.0,98.0,95.0,408.0,98.0,92.135443,0.0,0.0,0.0,1e-06,-0.0,10.701619,1e-06,-0.0,73.568493
22.28,408.0,98.0,95.0,408.0,98.0,92.238135,0.0,0.0,0.0,1e-06,-0.0,10.269209,1e-06,-0.0,72.423358
22.29,408.0,98.0,95.0,408.0,98.0,92.336841,0.0,0.0,0.0,1e-06,-0.0,9.870587,1e-06,-0.0,70.802358
22.3,408.0,98.0,95.0,408.0,98.0,92.431821,0.0,0.0,0.0,1e-06,-0.0,9.498066,1e-06,-0.0,68.904203
22.31,408.0,98.0,95.0,408.0,98.0,92.523286,0.0,0.0,0.0,1e-06,-0.0,9.146515,0.0,-0.0,66.856553
22.32,408.0,98.0,95.0,408.0,98.0,92.611411,0.0,0.0,0.0,1e-06,-0.0,8.812464,0.0,-0.0,64.741065
22.33,408.0,98.0,95.0,408.0,98.0,92.696346,0.0,0.0,0.0,1e-06,-0.0,8.493526,0.0,-0.0,62.609622
22.34,408.0,98.0,95.0,408.0,98.0,92.778227,0.0,0.0,0.0,1e-06,-0.0,8.188021,0.0,-0.0,60.49485
22.35,408.0,98.0,95.0,408.0,98.0,92.857174,0.0,0.0,0.0,1e-06,-0.0,7.89473,0.0,-0.0,58.416932
22.36,408.0,98.0,95.0,408.0,98.0,92.933301,0.0,0.0,0.0,0.0,-0.0,7.612739,0.0,-0.0,56.388021
22.37,408.0,98.0,95.0,408.0,98.0,93.006715,0.0,0.0,0.0,0.0,-0.0,7.341335,0.0,-0.0,54.415102
22.38,408.0,98.0,95.0,408.0,98.0,93.077514,0.0,0.0,0.0,0.0,-0.0,7.079941,0.0,-0.0,52.501838
22.39,408.0,98.0,95.0,408.0,98.0,93.145795,0.0,0.0,0.0,0.0,-0.0,6.828071,0.0,-0.0,50.649776
22.4,408.0,98.0,95.0,408.0,98.0,93.211648,0.0,0.0,0.0,0.0,-0.0,6.585301,0.0,-0.0,48.859114
22.41,408.0,98.0,95.0,408.0,98.0,93.27516,0.0,0.0,0.0,0.0,-0.0,6.351254,0.0,-0.0,47.129212
22.42,408.0,98.0,95.0,408.0,98.0,93.336416,-0.0,0.0,0.0,0.0,-0.0,6.125583,0.0,-0.0,45.458908
22.43,407.999936,98.0,95.0,408.0,98.0,93.395496,-0.019337,0.0,0.0,0.0,-0.0,5.907969,0.0,-0.0,43.846732
22.44,407.999487,98.0,95.0,407.999993,98.0,93.452477,-0.076888,0.0,0.0,-0.000679,-0.0,5.698111,-0.10184,-0.0,42.291037
22.45,407.998275,98.0,95.0,407.99994,98.0,93.507434,-0.17197,0.0,0.0,-0.005334,-0.0,5.495723,-0.703689,-0.0,40.79009
22.46,407.99593,98.0,95.0,407.999765,98.0,93.560439,-0.303902,0.0,0.0,-0.017519,-0.0,5.300535,-1.870426,-0.0,39.342122
22.47,407.992086,98.0,95.0,407.999361,98.0,93.611562,-0.472008,0.0,0.0,-0.040332,-0.0,5.112285,-3.562204,-0.0,37.945366
22.48,407.986385,98.0,95.0,407.998597,98.0,93.66087,-0.675615,0.0,0.0,-0.076468,-0.0,4.930725,-5.743048,-0.0,36.598076
22.49,407.978477,98.0,95.0,407.997314,98.0,93.708426,-0.914056,0.0,0.0,-0.12826,-0.0,4.755616,-8.380424,-0.0,35.298544
22.5,407.968018,98.0,95.0,407.995337,98.0,93.754293,-1.186666,0.0,0.0,-0.197718,-0.0,4.586728,-11.444867,-0.0,34.045104
22.51,407.954668,98.0,95.0,407.992471,98.0,93.798531,-1.492786,0.0,0.0,-0.286571,-0.0,4.423839,-14.909646,-0.0,32.836141
22.52,407.938097,98.0,95.0,407.988508,98.0,93.841199,-1.831759,0.0,0.0,-0.39629,-0.0,4.266735,-18.75046,-0.0,31.670087
22.53,407.91798,98.0,95.0,407.983227,98.0,93.882351,-2.202934,0.0,0.0,-0.528122,-0.0,4.115211,-22.945181,-0.0,30.545427
22.54,407.893998,98.0,95.0,407.976396,98.0,93.922042,-2.605664,0.0,0.0,-0.683113,-0.0,3.969068,-27.473612,-0.0,29.460697
22.55,407.86584,98.0,95.0,407.967775,98.0,93.960323,-3.039304,0.0,0.0,-0.862129,-0.0,3.828116,-32.317277,-0.0,28.414482
22.56,407.833201,98.0,95.0,407.957116,98.0,93.997244,-3.503215,0.0,0.0,-1.065877,-0.0,3.692169,-37.459239,-0.0,27.405417
22.57,407.795781,98.0,95.0,407.944167,98.0,94.032855,-3.996762,0.0,0.0,-1.294923,-0.0,3.56105,-42.88393,-0.0,26.432183
22.58,407.753288,98.0,95.0,407.92867,98.0,94.067201,-4.519313,0.0,0.0,-1.549707,-0.0,3.434588,-48.577003,-0.0,25.49351
22.59,407.705434,98.0,95.0,407.910364,98.0,94.100327,-5.070241,0.0,0.0,-1.830558,-0.0,3.312616,-54.525202,-0.0,24.58817
22.6,407.65194,98.0,95.0,407.888987,98.0,94.132277,-5.648923,0.0,0.0,-2.137703,-0.0,3.194977,-60.716245,-0.0,23.714981
22.61,407.592533,98.0,95.0,407.864274,98.0,94.163092,-6.25474,0.0,0.0,-2.471284,-0.0,3.081515,-67.13872,-0.0,22.8728
22.62,407.526942,98.0,95.0,407.83596,98.0,94.192813,-6.887077,0.0,0.0,-2.831362,-0.0,2.972082,-73.78199,-0.0,22.060527
22.63,407.454909,98.0,95.0,407.803781,98.0,94.221478,-7.545322,0.0,0.0,-3.21793,-0.0,2.866535,-80.636115,-0.0,21.2771
22.64,407.376175,98.0,95.0,407.767472,98.0,94.249125,-8.22887,0.0,0.0,-3.630919,-0.0,2.764737,-87.691774,-0.0,20.521494
22.65,407.290492,98.0,95.0,407.72677,98.0,94.275791,-8.937117,0.0,0.0,-4.070204,-0.0,2.666554,-94.940204,-0.0,19.792722
22.66,407.197617,98.0,95.0,407.681414,98.0,94.301509,-9.669465,0.0,0.0,-4.535614,-0.0,2.571858,-102.37314,-0.0,19.08983
22.67,407.097311,98.0,95.0,407.631144,98.0,94.326315,-10.42532,0.0,0.0,-5.026933,-0.0,2.480524,-109.982763,-0.0,18.4119
22.68,406.989343,98.0,95.0,407.575705,98.0,94.350239,-11.204089,0.0,0.0,-5.543908,-0.0,2.392434,-117.761654,-0.0,17.758045
22.69,406.873486,98.0,95.0,407.514843,98.0,94.373314,-12.005189,0.0,0.0,-6.086251,-0.0,2.307473,-125.702757,-0.0,17.12741
22.7,406.749522,98.0,95.0,407.448306,98.0,94.395569,-12.828035,0.0,0.0,-6.653647,-0.0,2.225528,-133.799338,-0.0,16.51917
22.71,406.617235,98.0,95.0,407.375849,98.0,94.417034,-13.67205,0.0,0.0,-7.245752,-0.0,2.146494,-142.044953,-0.0,15.932531
22.72,406.476417,98.0,95.0,407.297227,98.0,94.437737,-14.53666,0.0,0.0,-7.862201,-0.0,2.070266,-150.433423,-0.0,15.366725
22.73,406.326865,98.0,95.0,407.212201,98.0,94.457704,-15.421294,0.0,0.0,-8.502609,-0.0,1.996745,-158.958805,-0.0,14.821012
22.74,406.168382,98.0,95.0,407.120535,98.0,94.476962,-16.325387,0.0,0.0,-9.166573,-0.0,1.925836,-167.615372,-0.0,14.294679
22.75,406.000777,98.0,95.0,407.021998,98.0,94.495537,-17.248377,0.0,0.0,-9.853673,-0.0,1.857444,-176.39759,-0.0,13.787037
22.76,405.823864,98.0,95.0,406.916364,98.0,94.513452,-18.189706,0.0,0.0,-10.563478,-0.0,1.791482,-185.300102,-0.0,13.297423
22.77,405.637462,98.0,95.0,406.803408,98.0,94.53073,-19.148821,0.0,0.0,-11.295543,-0.0,1.727861,-194.317712,-0.0,12.825196
22.78,405.441397,98.0,95.0,406.682914,98.0,94.547395,-20.125171,0.0,0.0,-12.049417,-0.0,1.6665,-203.445368,-0.0,12.36974
22.79,405.235499,98.0,95.0,406.554668,98.0,94.563469,-21.118211,0.0,0.0,-12.824636,-0.0,1.607319,-212.678154,-0.0,11.930458
22.8,405.019604,98.0,95.0,406.41846,98.0,94.578971,-22.1274,0.0,0.0,-13.62073,-0.0,1.550238,-222.011275,-0.0,11.506776
22.81,404.793553,98.0,95.0,406.274088,98.0,94.593923,-23.152201,0.0,0.0,-14.437225,-0.0,1.495185,-231.440049,-0.0,11.09814
22.82,404.557194,98.0,95.0,406.121352,98.0,94.608344,-24.192079,0.0,0.0,-15.273639,-0.0,1.442087,-240.959898,-0.0,10.704015
22.83,404.310379,98.0,95.0,405.960057,98.0,94.622252,-25.246507,0.0,0.0,-16.129487,-0.0,1.390875,-250.566339,-0.0,10.323888
22.84,404.052964,98.0,95.0,405.790014,98.0,94.635667,-26.314958,0.0,0.0,-17.004281,-0.0,1.341481,-260.254976,-0.0,9.957259
22.85,403.784813,98.0,95.0,405.611039,98.0,94.648606,-27.396913,0.0,0.0,-17.897529,-0.0,1.293842,-270.021497,-0.0,9.603651
22.86,403.505794,98.0,95.0,405.422951,98.0,94.661085,-28.491853,0.0,0.0,-18.808739,-0.0,1.247894,-279.861668,-0.0,9.2626
22.87,403.215778,98.0,95.0,405.225577,98.0,94.67312,-29.599267,0.0,0.0,-19.737415,-0.0,1.203578,-289.771325,-0.0,8.93366
22.88,402.914644,98.0,95.0,405.018746,98.0,94.684729,-30.718645,0.0,0.0,-20.683062,-0.0,1.160836,-299.74637,-0.0,8.616402
22.89,402.602276,98.0,95.0,404.802295,98.0,94.695925,-31.849482,0.0,0.0,-21.645184,-0.0,1.119612,-309.782773,-0.0,8.310411
22.9,402.27856,98.0,95.0,404.576062,98.0,94.706723,-32.991279,0.0,0.0,-22.623284,-0.0,1.079851,-319.876559,-0.0,8.015287
22.91,401.943391,98.0,95.0,404.339893,98.0,94.717138,-34.143539,0.0,0.0,-23.616868,-0.0,1.041503,-330.023814,-0.0,7.730643
22.92,401.596666,98.0,95.0,404.093639,98.0,94.727184,-35.305769,0.0,0.0,-24.62544,-0.0,1.004516,-340.220676,-0.0,7.456107
22.93,401.238289,98.0,95.0,403.837154,98.0,94.736872,-36.47748,0.0,0.0,-25.648505,-0.0,0.968843,-350.463335,-0.0,7.191321
22.94,400.868166,98.0,95.0,403.570298,98.0,94.746216,-37.65819,0.0,0.0,-26.685572,-0.0,0.934437,-360.748032,-0.0,6.935938
22.95,400.486211,98.0,95.0,403.292936,98.0,94.755229,-38.847417,0.0,0.0,-27.736148,-0.0,0.901253,-371.071055,-0.0,6.689625
22.96,400.09234,98.0,95.0,403.004939,98.0,94.763921,-40.044685,0.0,0.0,-28.799745,-0.0,0.869247,-381.428737,-0.0,6.452059
22.97,399.686477,98.0,95.0,402.70618,98.0,94.772305,-41.249523,0.0,0.0,-29.875875,-0.0,0.838378,-391.817456,-0.0,6.222929
22.98,399.268547,98.0,95.0,402.39654,98.0,94.780391,-42.461463,0.0,0.0,-30.964053,-0.0,0.808605,-402.233635,-0.0,6.001936
22.99,398.838482,98.0,95.0,402.075902,98.0,94.78819,-43.680041,0.0,0.0,-32.063795,-0.0,0.779889,-412.673736,-0.0,5.788792
23.0,398.396218,98.0,95.0,401.744156,98.0,94.795712,-44.904797,0.0,0.0,-33.174621,-0.0,0.752193,-423.134264,-0.0,5.583216
23.01,397.941695,98.0,95.0,401.401195,98.0,94.802967,-46.135275,0.0,0.0,-34.296053,-0.0,0.725481,-433.611764,-0.0,5.384942
23.02,397.474859,98.0,95.0,401.046919,98.0,94.809964,-47.371025,0.0,0.0,-35.427615,-0.0,0.699717,-444.102818,-0.0,5.193708
23.03,396.99566,98.0,95.0,400.681231,98.0,94.816713,-48.611597,0.0,0.0,-36.568836,-0.0,0.674868,-454.604048,-0.0,5.009266
23.04,396.504051,98.0,95.0,400.304038,98.0,94.823222,-49.856551,0.0,0.0,-37.719246,-0.0,0.650902,-465.112114,-0.0,4.831374
23.05,395.999991,98.0,95.0,399.915254,98.0,94.8295,-51.105445,0.0,0.0,-38.878377,-0.0,0.627787,-475.623713,-0.0,4.659799
23.06,395.483443,98.0,95.0,399.514797,98.0,94.835554,-52.357844,0.0,0.0,-40.045768,-0.0,0.605492,-486.135577,-0.0,4.494317
23.07,394.954373,98.0,95.0,399.102587,98.0,94.841394,-53.613319,0.0,0.0,-41.220957,-0.0,0.58399,-496.644476,-0.0,4.334712
23.08,394.412754,98.0,95.0,398.678552,98.0,94.847027,-54.871441,0.0,0.0,-42.403487,-0.0,0.563251,-507.147215,-0.0,4.180775
23.09,393.85856,98.0,95.0,398.242623,98.0,94.852459,-56.131787,0.0,0.0,-43.592905,-0.0,0.543248,-517.640635,-0.0,4.032305
23.1,393.291773,98.0,95.0,397.794736,98.0,94.857699,-57.39394,0.0,0.0,-44.788761,-0.0,0.523956,-528.12161,-0.0,3.889107
23.11,392.712375,98.0,95.0,397.334829,98.0,94.862752,-58.657483,0.0,0.0,-45.990608,-0.0,0.505349,-538.587051,-0.0,3.750994
23.12,392.120355,98.0,95.0,396.862849,98.0,94.867626,-59.922007,0.0,0.0,-47.198001,-0.0,0.487403,-549.033903,-0.0,3.617787
23.13,391.515706,98.0,95.0,396.378744,98.0,94.872327,-61.187105,0.0,0.0,-48.410502,-0.0,0.470094,-559.459144,-0.0,3.48931
23.14,390.898423,98.0,95.0,395.882468,98.0,94.876861,-62.452374,0.0,0.0,-49.627674,-0.0,0.453399,-569.859788,-0.0,3.365395
23.15,390.268507,98.0,95.0,395.373977,98.0,94.881234,-63.717416,0.0,0.0,-50.849084,-0.0,0.437298,-580.232882,-0.0,3.245881
23.16,389.625962,98.0,95.0,394.853234,98.0,94.885452,-64.981836,0.0,0.0,-52.074303,-0.0,0.421768,-590.575505,-0.0,3.130611
23.17,388.970796,98.0,95.0,394.320205,98.0,94.88952,-66.245245,0.0,0.0,-53.302905,-0.0,0.40679,-600.884774,-0.0,3.019435
23.18,388.303021,98.0,95.0,393.77486,98.0,94.893443,-67.507256,0.0,0.0,-54.534469,-0.0,0.392344,-611.157835,-0.0,2.912207
23.19,387.622654,98.0,95.0,393.217174,98.0,94.897227,-68.767486,0.0,0.0,-55.768576,-0.0,0.378411,-621.391869,-0.0,2.808787
23.2,386.929713,98.0,95.0,392.647126,98.0,94.900877,-70.025559,0.0,0.0,-57.004813,-0.0,0.364972,-631.584091,-0.0,2.709039
23.21,386.224223,98.0,95.0,392.064698,98.0,94.904397,-71.2811,0.0,0.0,-58.242768,-0.0,0.352011,-641.731749,-0.0,2.612834
23.22,385.50621,98.0,95.0,391.469878,98.0,94.907792,-72.53374,0.0,0.0,-59.482035,-0.0,0.339511,-651.832124,-0.0,2.520045
23.23,384.775705,98.0,95.0,390.862656,98.0,94.911067,-73.783112,0.0,0.0,-60.72221,-0.0,0.327454,-661.882529,-0.0,2.430552
23.24,384.032743,98.0,95.0,390.243027,98.0,94.914225,-75.028855,0.0,0.0,-61.962894,-0.0,0.315825,-671.880311,-0.0,2.344237
23.25,383.277361,98.0,95.0,389.61099,98.0,94.917271,-76.270612,0.0,0.0,-63.203692,-0.0,0.304609,-681.822849,-0.0,2.260987
23.26,382.509601,98.0,95.0,388.966548,98.0,94.920209,-77.508029,0.0,0.0,-64.444212,-0.0,0.293792,-691.707558,-0.0,2.180693
23.27,381.729509,98.0,95.0,388.309707,98.0,94.923043,-78.740756,0.0,0.0,-65.684066,-0.0,0.283358,-701.531882,-0.0,2.103251
23.28,380.937133,98.0,95.0,387.640479,98.0,94.925776,-79.968448,0.0,0.0,-66.922872,-0.0,0.273295,-711.2933,-0.0,2.028559
23.29,380.132524,98.0,95.0,386.958876,98.0,94.928412,-81.190765,0.0,0.0,-68.160247,-0.0,0.26359,-720.989322,-0.0,1.956519
23.3,379.315738,98.0,95.0,386.264918,98.0,94.930954,-82.407369,0.0,0.0,-69.395817,-0.0,0.254229,-730.617494,-0.0,1.887038
23.31,378.486835,98.0,95.0,385.558626,98.0,94.933406,-83.617926,0.0,0.0,-70.62921,-0.0,0.245201,-740.175391,-0.0,1.820024
23.32,377.645875,98.0,95.0,384.840025,98.0,94.935771,-84.822109,0.0,0.0,-71.860056,-0.0,0.236493,-749.660624,-0.0,1.755391
23.33,376.792924,98.0,95.0,384.109145,98.0,94.938052,-86.019592,0.0,0.0,-73.087992,-0.0,0.228095,-759.070834,-0.0,1.693052
23.34,375.928051,98.0,95.0,383.366019,98.0,94.940252,-87.210054,0.0,0.0,-74.312657,-0.0,0.219994,-768.403696,-0.0,1.632927
23.35,375.051328,98.0,95.0,382.610682,98.0,94.942374,-88.393179,0.0,0.0,-75.533695,-0.0,0.212182,-777.656919,-0.0,1.574938
23.36,374.162828,98.0,95.0,381.843174,98.0,94.94442,-89.568653,0.0,0.0,-76.750753,-0.0,0.204647,-786.828242,-0.0,1.519008
23.37,373.262631,98.0,95.0,381.06354,98.0,94.946394,-90.73617,0.0,0.0,-77.963482,-0.0,0.197379,-795.915438,-0.0,1.465064
23.38,372.350817,98.0,95.0,380.271824,98.0,94.948298,-91.895423,0.0,0.0,-79.171538,-0.0,0.19037,-804.916314,-0.0,1.413035
23.39,371.42747,98.0,95.0,379.468078,98.0,94.950134,-93.046114,0.0,0.0,-80.374581,-0.0,0.183609,-813.828706,-0.0,1.362855
23.4,370.492677,98.0,95.0,378.652356,98.0,94.951904,-94.187945,0.0,0.0,-81.572273,-0.0,0.177089,-822.650487,-0.0,1.314456
23.41,369.546528,98.0,95.0,377.824713,98.0,94.953612,-95.320624,0.0,0.0,-82.764283,-0.0,0.1708,-831.37956,-0.0,1.267776
23.42,368.589116,98.0,95.0,376.98521,98.0,94.95526,-96.443863,0.0,0.0,-83.95028,-0.0,0.164734,-840.013861,-0.0,1.222754
23.43,367.620537,98.0,95.0,376.133911,98.0,94.956849,-97.557379,0.0,0.0,-85.129941,-0.0,0.158884,-848.551358,-0.0,1.179331
23.44,366.640888,98.0,95.0,375.270881,98.0,94.958381,-98.660891,0.0,0.0,-86.302944,-0.0,0.153242,-856.990054,-0.0,1.13745
23.45,365.650272,98.0,95.0,374.396191,98.0,94.959859,-99.754124,0.0,0.0,-87.468974,-0.0,0.1478,-865.327983,-0.0,1.097056
23.46,364.648792,98.0,95.0,373.509914,98.0,94.961285,-100.836805,0.0,0.0,-88.627717,-0.0,0.142551,-873.563211,-0.0,1.058097
23.47,363.636555,98.0,95.0,372.612126,98.0,94.962659,-101.908668,0.0,0.0,-89.778864,-0.0,0.137489,-881.693837,-0.0,1.020521
23.48,362.613671,98.0,95.0,371.702905,98.0,94.963986,-102.969448,0.0,0.0,-90.922111,-0.0,0.132606,-889.717994,-0.0,0.984279
23.49,361.580251,98.0,95.0,370.782333,98.0,94.965265,-104.018886,0.0,0.0,-92.057157,-0.0,0.127897,-897.633846,-0.0,0.949325
23.5,360.536409,98.0,95.0,369.850496,98.0,94.966498,-105.056727,0.0,0.0,-93.183706,-0.0,0.123355,-905.439591,-0.0,0.915612
23.51,359.482264,98.0,95.0,368.907481,98.0,94.967688,-106.08272,0.0,0.0,-94.301465,-0.0,0.118974,-913.133458,-0.0,0.883096
23.52,358.417934,98.0,95.0,367.95338,98.0,94.968835,-107.096616,0.0,0.0,-95.410145,-0.0,0.114749,-920.71371,-0.0,0.851735
23.53,357.343541,98.0,95.0,366.988285,98.0,94.969942,-108.098174,0.0,0.0,-96.509462,-0.0,0.110674,-928.178642,-0.0,0.821488
23.54,356.25921,98.0,95.0,366.012294,98.0,94.971009,-109.087153,0.0,0.0,-97.599134,-0.0,0.106744,-935.526581,-0.0,0.792315
23.55,355.165068,98.0,95.0,365.025505,98.0,94.972039,-110.06332,0.0,0.0,-98.678886,-0.0,0.102953,-942.755888,-0.0,0.764177
23.56,354.061243,98.0,95.0,364.028021,98.0,94.973032,-111.026443,0.0,0.0,-99.748445,-0.0,0.099297,-949.864956,-0.0,0.737039
23.57,352.947868,98.0,95.0,363.019945,98.0,94.97399,-111.976295,0.0,0.0,-100.807543,-0.0,0.095771,-956.85221,-0.0,0.710865
23.58,351.825075,98.0,95.0,362.001386,98.0,94.974913,-112.912653,0.0,0.0,-101.855915,-0.0,0.09237,-963.71611,-0.0,0.685621
23.59,350.693001,98.0,95.0,360.972453,98.0,94.975804,-113.8353,0.0,0.0,-102.8933,-0.0,0.089089,-970.455144,-0.0,0.661272
23.6,349.551784,98.0,95.0,359.933259,98.0,94.976664,-114.74402,0.0,0.0,-103.919443,-0.0,0.085925,-977.067838,-0.0,0.637789
23.61,348.401563,98.0,95.0,358.883918,98.0,94.977492,-115.638603,0.0,0.0,-104.934091,-0.0,0.082874,-983.552746,-0.0,0.615139
23.62,347.242481,98.0,95.0,357.824548,98.0,94.978292,-116.518843,0.0,0.0,-105.936996,-0.0,0.079931,-989.908458,-0.0,0.593294
23.63,346.074682,98.0,95.0,356.755269,98.0,94.979062,-117.384538,0.0,0.0,-106.927914,-0.0,0.077092,-996.133595,-0.0,0.572225
23.64,344.898312,98.0,95.0,355.676202,98.0,94.979806,-118.235488,0.0,0.0,-107.906604,-0.0,0.074355,-1002.226811,-0.0,0.551903
23.65,343.71352,98.0,95.0,354.587474,98.0,94.980523,-119.071501,0.0,0.0,-108.87283,-0.0,0.071714,-1008.186792,-0.0,0.532304
23.66,342.520455,98.0,95.0,353.489211,98.0,94.981215,-119.892386,0.0,0.0,-109.826361,-0.0,0.069167,-1014.012257,-0.0,0.5134
23.67,341.31927,98.0,95.0,352.381541,98.0,94.981882,-120.697957,0.0,0.0,-110.766968,-0.0,0.066711,-1019.70196,-0.0,0.495168
23.68,340.110118,98.0,95.0,351.264597,98.0,94.982525,-121.488032,0.0,0.0,-111.694428,-0.0,0.064342,-1025.254683,-0.0,0.477583
23.69,338.893156,98.0,95.0,350.138511,98.0,94.983146,-122.262434,0.0,0.0,-112.60852,-0.0,0.062057,-1030.669244,-0.0,0.460623
23.7,337.66854,98.0,95.0,349.003421,98.0,94.983744,-123.020989,0.0,0.0,-113.509029,-0.0,0.059853,-1035.944492,-0.0,0.444265
23.71,336.436429,98.0,95.0,347.859464,98.0,94.984322,-123.763527,0.0,0.0,-114.395742,-0.0,0.057728,-1041.07931,-0.0,0.428488
23.72,335.196985,98.0,95.0,346.706779,98.0,94.984879,-124.489883,0.0,0.0,-115.268454,-0.0,0.055678,-1046.072613,-0.0,0.413271
23.73,333.950369,98.0,95.0,345.54551,98.0,94.985416,-125.199896,0.0,0.0,-116.126958,-0.0,0.0537,-1050.923349,-0.0,0.398595
23.74,332.696746,98.0,95.0,344.375799,98.0,94.985933,-125.893407,0.0,0.0,-116.971057,-0.0,0.051793,-1055.630497,-0.0,0.38444
23.75,331.436281,98.0,95.0,343.197793,98.0,94.986433,-126.570265,0.0,0.0,-117.800555,-0.0,0.049954,-1060.193071,-0.0,0.370787
23.76,330.169141,98.0,95.0,342.011641,98.0,94.986915,-127.230319,0.0,0.0,-118.615259,-0.0,0.04818,-1064.610115,-0.0,0.35762
23.77,328.895495,98.0,95.0,340.817491,98.0,94.987379,-127.873425,0.0,0.0,-119.414983,-0.0,0.046469,-1068.880708,-0.0,0.34492
23.78,327.615513,98.0,95.0,339.615496,98.0,94.987828,-128.499442,0.0,0.0,-120.199544,-0.0,0.044819,-1073.003961,-0.0,0.332671
23.79,326.329365,98.0,95.0,338.405808,98.0,94.98826,-129.108232,0.0,0.0,-120.968762,-0.0,0.043227,-1076.979018,-0.0,0.320857
23.8,325.037226,98.0,95.0,337.188583,98.0,94.988677,-129.699663,0.0,0.0,-121.722462,-0.0,0.041692,-1080.805053,-0.0,0.309462
23.81,323.739267,98.0,95.0,335.963979,98.0,94.989079,-130.273607,0.0,0.0,-122.460472,-0.0,0.040211,-1084.481276,-0.0,0.298472
23.82,322.435666,98.0,95.0,334.732152,98.0,94.989467,-130.829938,0.0,0.0,-123.182626,-0.0,0.038783,-1088.006927,-0.0,0.287873
23.83,321.126598,98.0,95.0,333.493265,98.0,94.989841,-131.368537,0.0,0.0,-123.888762,-0.0,0.037406,-1091.381282,-0.0,0.27765
23.84,319.812242,98.0,95.0,332.247478,98.0,94.990202,-131.889286,0.0,0.0,-124.578719,-0.0,0.036078,-1094.603645,-0.0,0.26779
23.85,318.492775,98.0,95.0,330.994954,98.0,94.99055,-132.392073,0.0,0.0,-125.252343,-0.0,0.034796,-1097.673358,-0.0,0.25828
23.86,317.168377,98.0,95.0,329.735859,98.0,94.990885,-132.87679,0.0,0.0,-125.909483,-0.0,0.033561,-1100.58979,-0.0,0.249108
23.87,315.839231,98.0,95.0,328.470359,98.0,94.991209,-133.343333,0.0,0.0,-126.549993,-0.0,0.032369,-1103.352347,-0.0,0.240261
23.88,314.505516,98.0,95.0,327.198622,98.0,94.991521,-133.791602,0.0,0.0,-127.17373,-0.0,0.031219,-1105.960466,-0.0,0.231729
23.89,313.167418,98.0,95.0,325.920817,98.0,94.991822,-134.2215,0.0,0.0,-127.780555,-0.0,0.030111,-1108.413617,-0.0,0.2235
23.9,311.825119,98.0,95.0,324.637113,98.0,94.992113,-134.632936,0.0,0.0,-128.370334,-0.0,0.029041,-1110.711301,-0.0,0.215562
23.91,310.478804,98.0,95.0,323.347684,98.0,94.992393,-135.025822,0.0,0.0,-128.942937,-0.0,0.02801,-1112.853054,-0.0,0.207907
23.92,309.128659,98.0,95.0,322.052701,98.0,94.992663,-135.400074,0.0,0.0,-129.498236,-0.0,0.027015,-1114.838443,-0.0,0.200524
23.93,307.774871,98.0,95.0,320.75234,98.0,94.992923,-135.755612,0.0,0.0,-130.036111,-0.0,0.026056,-1116.667069,-0.0,0.193403
23.94,306.417626,98.0,95.0,319.446776,98.0,94.993175,-136.092361,0.0,0.0,-130.556442,-0.0,0.025131,-1118.338564,-0.0,0.186535
23.95,305.057113,98.0,95.0,318.136185,98.0,94.993417,-136.41025,0.0,0.0,-131.059116,-0.0,0.024238,-1119.852594,-0.0,0.17991
23.96,303.69352,98.0,95.0,316.820745,98.0,94.993651,-136.70921,0.0,0.0,-131.544022,-0.0,0.023377,-1121.208857,-0.0,0.173521
23.97,302.327037,98.0,95.0,315.500634,98.0,94.993876,-136.989178,0.0,0.0,-132.011055,-0.0,0.022547,-1122.407084,-0.0,0.167359
23.98,300.957853,98.0,95.0,314.176033,98.0,94.994094,-137.250096,0.0,0.0,-132.460112,-0.0,0.021747,-1123.447039,-0.0,0.161416
23.99,299.586159,98.0,95.0,312.847122,98.0,94.994304,-137.491908,0.0,0.0,-132.891096,-0.0,0.020974,-1124.328517,-0.0,0.155683
24.0,298.212146,98.0,95.0,311.514083,98.0,94.994506,-137.714563,0.0,0.0,-133.303913,-0.0,0.020229,-1125.051347,-0.0,0.150155
24.01,296.836006,98.0,95.0,310.177098,98.0,94.994701,-137.918014,0.0,0.0,-133.698474,-0.0,0.019511,-1125.615391,-0.0,0.144822
24.02,295.45793,98.0,95.0,308.836351,98.0,94.994889,-138.102218,0.0,0.0,-134.074692,-0.0,0.018818,-1126.020542,-0.0,0.139679
24.03,294.078112,98.0,95.0,307.492026,98.0,94.995071,-138.267137,0.0,0.0,-134.432487,-0.0,0.01815,-1126.266727,-0.0,0.134719
24.04,292.696743,98.0,95.0,306.144308,98.0,94.995246,-138.412735,0.0,0.0,-134.77178,-0.0,0.017505,-1126.353905,-0.0,0.129935
24.05,291.314016,98.0,95.0,304.793384,98.0,94.995415,-138.538982,0.0,0.0,-135.092499,-0.0,0.016884,-1126.282069,-0.0,0.12532
24.06,289.930126,98.0,95.0,303.439438,98.0,94.995577,-138.645851,0.0,0.0,-135.394574,-0.0,0.016284,-1126.051242,-0.0,0.12087
24.07,288.545266,98.0,95.0,302.082658,98.0,94.995734,-138.73332,0.0,0.0,-135.67794,-0.0,0.015706,-1125.661482,-0.0,0.116577
24.08,287.159629,98.0,95.0,300.723233,98.0,94.995886,-138.801371,0.0,0.0,-135.942536,-0.0,0.015148,-1125.112879,-0.0,0.112437
24.09,285.77341,98.0,95.0,299.36135,98.0,94.996032,-138.849989,0.0,0.0,-136.188304,-0.0,0.01461,-1124.405555,-0.0,0.108444
24.1,284.386802,98.0,95.0,297.997198,98.0,94.996173,-138.879163,0.0,0.0,-136.415192,-0.0,0.014091,-1123.539666,-0.0,0.104593
24.11,283.0,98.0,95.0,296.630967,98.0,94.996309,-138.888889,0.0,0.0,-136.623151,-0.0,0.013591,-1122.515399,-0.0,0.100879
24.12,281.613198,98.0,95.0,295.262845,98.0,94.99644,-138.879163,0.0,0.0,-136.812137,-0.0,0.013108,-1121.332974,-0.0,0.097296
24.13,280.22659,98.0,95.0,293.893024,98.0,94.996566,-138.849989,0.0,0.0,-136.982107,-0.0,0.012643,-1119.992644,-0.0,0.093841
24.14,278.840371,98.0,95.0,292.521694,98.0,94.996688,-138.801371,0.0,0.0,-137.133026,-0.0,0.012194,-1118.494696,-0.0,0.090509
24.15,277.454734,98.0,95.0,291.149045,98.0,94.996806,-138.73332,0.0,0.0,-137.264861,-0.0,0.011761,-1116.839447,-0.0,0.087294
24.16,276.069874,98.0,95.0,289.775269,98.0,94.996919,-138.645851,0.0,0.0,-137.377583,-0.0,0.011343,-1115.027248,-0.0,0.084194
24.17,274.685984,98.0,95.0,288.400558,98.0,94.997029,-138.538982,0.0,0.0,-137.471169,-0.0,0.01094,-1113.058483,-0.0,0.081204
24.18,273.303257,98.0,95.0,287.025102,98.0,94.997134,-138.412735,0.0,0.0,-137.545597,-0.0,0.010552,-1110.933568,-0.0,0.078321
24.19,271.921888,98.0,95.0,285.649093,98.0,94.997236,-138.267137,0.0,0.0,-137.600851,-0.0,0.010177,-1108.652953,-0.0,0.075539
24.2,270.54207,98.0,95.0,284.272724,98.0,94.997334,-138.102218,0.0,0.0,-137.63692,-0.0,0.009816,-1106.217118,-0.0,0.072857
24.21,269.163994,98.0,95.0,282.896186,98.0,94.997429,-137.918014,0.0,0.0,-137.653795,-0.0,0.009467,-1103.626577,-0.0,0.070269
24.22,267.787854,98.0,95.0,281.519671,98.0,94.99752,-137.714563,0.0,0.0,-137.651472,-0.0,0.009131,-1100.881878,-0.0,0.067774
24.23,266.413841,98.0,95.0,280.143372,98.0,94.997608,-137.491908,0.0,0.0,-137.62995,-0.0,0.008807,-1097.983599,-0.0,0.065367
24.24,265.042147,98.0,95.0,278.76748,98.0,94.997693,-137.250096,0.0,0.0,-137.589235,-0.0,0.008494,-1094.932354,-0.0,0.063046
24.25,263.672963,98.0,95.0,277.392186,98.0,94.997775,-136.989178,0.0,0.0,-137.529335,-0.0,0.008192,-1091.728786,-0.0,0.060807
24.26,262.30648,98.0,95.0,276.017684,98.0,94.997854,-136.70921,0.0,0.0,-137.450261,-0.0,0.007901,-1088.373573,-0.0,0.058647
24.27,260.942887,98.0,95.0,274.644163,98.0,94.99793,-136.41025,0.0,0.0,-137.35203,-0.0,0.007621,-1084.867425,-0.0,0.056565
24.28,259.582374,98.0,95.0,273.271817,98.0,94.998004,-136.092361,0.0,0.0,-137.234662,-0.0,0.00735,-1081.211085,-0.0,0.054556
24.29,258.225129,98.0,95.0,271.900835,98.0,94.998075,-135.755612,0.0,0.0,-137.098182,-0.0,0.007089,-1077.405328,-0.0,0.052618
24.3,256.871341,98.0,95.0,270.531409,98.0,94.998143,-135.400074,0.0,0.0,-136.942619,-0.0,0.006837,-1073.450961,-0.0,0.05075
24.31,255.521196,98.0,95.0,269.163729,98.0,94.998209,-135.025822,0.0,0.0,-136.768005,-0.0,0.006594,-1069.348825,-0.0,0.048948
24.32,254.174881,98.0,95.0,267.797985,98.0,94.998273,-134.632936,0.0,0.0,-136.574376,-0.0,0.00636,-1065.099794,-0.0,0.047209
24.33,252.832582,98.0,95.0,266.434367,98.0,94.998334,-134.2215,0.0,0.0,-136.361775,-0.0,0.006134,-1060.704774,-0.0,0.045533
24.34,251.494484,98.0,95.0,265.073065,98.0,94.998393,-133.791602,0.0,0.0,-136.130245,-0.0,0.005917,-1056.164702,-0.0,0.043916
24.35,250.160769,98.0,95.0,263.714266,98.0,94.99845,-133.343333,0.0,0.0,-135.879835,-0.0,0.005706,-1051.48055,-0.0,0.042356
24.36,248.831623,98.0,95.0,262.35816,98.0,94.998505,-132.87679,0.0,0.0,-135.6106,-0.0,0.005504,-1046.653322,-0.0,0.040852
24.37,247.507225,98.0,95.0,261.004934,98.0,94.998558,-132.392073,0.0,0.0,-135.322595,-0.0,0.005308,-1041.684054,-0.0,0.039401
24.38,246.187758,98.0,95.0,259.654776,98.0,94.99861,-131.889286,0.0,0.0,-135.015882,-0.0,0.00512,-1036.573815,-0.0,0.038002
24.39,244.873402,98.0,95.0,258.30787,98.0,94.998659,-131.368537,0.0,0.0,-134.690526,-0.0,0.004938,-1031.323706,-0.0,0.036653
24.4,243.564334,98.0,95.0,256.964404,98.0,94.998707,-130.829938,0.0,0.0,-134.346597,-0.0,0.004763,-1025.934863,-0.0,0.035351
24.41,242.260733,98.0,95.0,255.624563,98.0,94.998752,-130.273607,0.0,0.0,-133.984168,-0.0,0.004593,-1020.408452,-0.0,0.034095
24.42,240.962774,98.0,95.0,254.288529,98.0,94.998797,-129.699663,0.0,0.0,-133.603317,-0.0,0.00443,-1014.745673,-0.0,0.032885
24.43,239.670635,98.0,95.0,252.956488,98.0,94.998839,-129.108232,0.0,0.0,-133.204125,-0.0,0.004273,-1008.947758,-0.0,0.031717
24.44,238.384487,98.0,95.0,251.628621,98.0,94.998881,-128.499442,0.0,0.0,-132.786678,-0.0,0.004121,-1003.015972,-0.0,0.03059
24.45,237.104505,98.0,95.0,250.305111,98.0,94.99892,-127.873425,0.0,0.0,-132.351066,-0.0,0.003975,-996.951612,-0.0,0.029504
24.46,235.830859,98.0,95.0,248.986137,98.0,94.998959,-127.230319,0.0,0.0,-131.897383,-0.0,0.003834,-990.756008,-0.0,0.028456
24.47,234.563719,98.0,95.0,247.67188,98.0,94.998996,-126.570265,0.0,0.0,-131.425726,-0.0,0.003698,-984.430524,-0.0,0.027446
24.48,233.303254,98.0,95.0,246.362518,98.0,94.999031,-125.893407,0.0,0.0,-130.936198,-0.0,0.003566,-977.976555,-0.0,0.026471
24.49,232.049631,98.0,95.0,245.058229,98.0,94.999066,-125.199896,0.0,0.0,-130.428904,-0.0,0.00344,-971.395529,-0.0,0.025531
24.5,230.803015,98.0,95.0,243.759189,98.0,94.999099,-124.489883,0.0,0.0,-129.903955,-0.0,0.003317,-964.688906,-0.0,0.024624
24.51,229.563571,98.0,95.0,242.465574,98.0,94.999131,-123.763527,0.0,0.0,-129.361465,-0.0,0.0032,-957.85818,-0.0,0.02375
24.52,228.33146,98.0,95.0,241.177559,98.0,94.999162,-123.020989,0.0,0.0,-128.801553,-0.0,0.003086,-950.904878,-0.0,0.022906
24.53,227.106844,98.0,95.0,239.895315,98.0,94.999192,-122.262434,0.0,0.0,-128.224341,-0.0,0.002976,-943.830557,-0.0,0.022093
24.54,225.889882,98.0,95.0,238.619016,98.0,94.99922,-121.488032,0.0,0.0,-127.629954,-0.0,0.002871,-936.63681,-0.0,0.021308
24.55,224.68073,98.0,95.0,237.348831,98.0,94.999248,-120.697957,0.0,0.0,-127.018525,-0.0,0.002769,-929.325259,-0.0,0.020552
24.56,223.479545,98.0,95.0,236.084929,98.0,94.999275,-119.892386,0.0,0.0,-126.390188,-0.0,0.00267,-921.897563,-0.0,0.019822
24.57,222.28648,98.0,95.0,234.827478,98.0,94.9993,-119.071501,0.0,0.0,-125.74508,-0.0,0.002576,-914.355409,-0.0,0.019118
24.58,221.101688,98.0,95.0,233.576645,98.0,94.999325,-118.235488,0.0,0.0,-125.083346,-0.0,0.002484,-906.700519,-0.0,0.018439
24.59,219.925318,98.0,95.0,232.332593,98.0,94.999349,-117.384538,0.0,0.0,-124.405132,-0.0,0.002396,-898.934649,-0.0,0.017784
24.6,218.757519,98.0,95.0,231.095487,98.0,94.999372,-116.518843,0.0,0.0,-123.710589,-0.0,0.002311,-891.059586,-0.0,0.017153
24.61,217.598437,98.0,95.0,229.865489,98.0,94.999395,-115.638603,0.0,0.0,-122.999872,-0.0,0.002229,-883.077148,-0.0,0.016544
24.62,216.448216,98.0,95.0,228.642757,98.0,94.999416,-114.74402,0.0,0.0,-122.27314,-0.0,0.00215,-874.98919,-0.0,0.015956
24.63,215.306999,98.0,95.0,227.427452,98.0,94.999437,-113.8353,0.0,0.0,-121.530556,-0.0,0.002073,-866.797595,-0.0,0.015389
24.64,214.174925,98.0,95.0,226.219729,98.0,94.999457,-112.912653,0.0,0.0,-120.772289,-0.0,0.002,-858.504282,-0.0,0.014843
24.65,213.052132,98.0,95.0,225.019744,98.0,94.999476,-111.976295,0.0,0.0,-119.998508,-0.0,0.001929,-850.1112,-0.0,0.014316
24.66,211.938757,98.0,95.0,223.82765,98.0,94.999495,-111.026443,0.0,0.0,-119.20939,-0.0,0.00186,-841.620334,-0.0,0.013807
24.67,210.834932,98.0,95.0,222.643599,98.0,94.999513,-110.06332,0.0,0.0,-118.405114,-0.0,0.001794,-833.033698,-0.0,0.013317
24.68,209.74079,98.0,95.0,221.46774,98.0,94.99953,-109.087153,0.0,0.0,-117.585863,-0.0,0.00173,-824.35334,-0.0,0.012844
24.69,208.656459,98.0,95.0,220.300222,98.0,94.999547,-108.098174,0.0,0.0,-116.751826,-0.0,0.001669,-815.581343,-0.0,0.012388
24.7,207.582066,98.0,95.0,219.14119,98.0,94.999563,-107.096616,0.0,0.0,-115.903194,-0.0,0.00161,-806.719819,-0.0,0.011948
24.71,206.517736,98.0,95.0,217.990788,98.0,94.999578,-106.08272,0.0,0.0,-115.040163,-0.0,0.001553,-797.770914,-0.0,0.011524
24.72,205.463591,98.0,95.0,216.849159,98.0,94.999593,-105.056727,0.0,0.0,-114.162933,-0.0,0.001497,-788.736808,-0.0,0.011114
24.73,204.419749,98.0,95.0,215.716442,98.0,94.999608,-104.018886,0.0,0.0,-113.271708,-0.0,0.001444,-779.619712,-0.0,0.01072
24.74,203.386329,98.0,95.0,214.592775,98.0,94.999622,-102.969448,0.0,0.0,-112.366696,-0.0,0.001393,-770.421871,-0.0,0.010339
24.75,202.363445,98.0,95.0,213.478294,98.0,94.999635,-101.908668,0.0,0.0,-111.44811,-0.0,0.001343,-761.14556,-0.0,0.009972
24.76,201.351208,98.0,95.0,212.373132,98.0,94.999648,-100.836805,0.0,0.0,-110.516164,-0.0,0.001296,-751.793089,-0.0,0.009618
24.77,200.349728,98.0,95.0,211.277421,98.0,94.999661,-99.754124,0.0,0.0,-109.571081,-0.0,0.00125,-742.366801,-0.0,0.009276
24.78,199.359112,98.0,95.0,210.19129,98.0,94.999673,-98.660891,0.0,0.0,-108.613084,-0.0,0.001205,-732.86907,-0.0,0.008947
24.79,198.379463,98.0,95.0,209.114866,98.0,94.999684,-97.557379,0.0,0.0,-107.642401,-0.0,0.001163,-723.302303,-0.0,0.008629
24.8,197.410884,98.0,95.0,208.048274,98.0,94.999695,-96.443863,0.0,0.0,-106.659266,-0.0,0.001121,-713.668941,-0.0,0.008323
24.81,196.453472,98.0,95.0,206.991635,98.0,94.999706,-95.320624,0.0,0.0,-105.663915,-0.0,0.001081,-703.971456,-0.0,0.008027
24.82,195.507323,98.0,95.0,205.945069,98.0,94.999717,-94.187945,0.0,0.0,-104.656589,-0.0,0.001043,-694.212354,-0.0,0.007742
24.83,194.57253,98.0,95.0,204.908693,98.0,94.999727,-93.046114,0.0,0.0,-103.637532,-0.0,0.001006,-684.394171,-0.0,0.007467
24.84,193.649183,98.0,95.0,203.882623,98.0,94.999736,-91.895423,0.0,0.0,-102.606993,-0.0,0.00097,-674.51948,-0.0,0.007202
24.85,192.737369,98.0,95.0,202.866971,98.0,94.999746,-90.73617,0.0,0.0,-101.565226,-0.0,0.000936,-664.590883,-0.0,0.006946
24.86,191.837172,98.0,95.0,201.861846,98.0,94.999755,-89.568653,0.0,0.0,-100.512487,-0.0,0.000903,-654.611016,-0.0,0.006699
24.87,190.948672,98.0,95.0,200.867356,98.0,94.999764,-88.393179,0.0,0.0,-99.449038,-0.0,0.000871,-644.582548,-0.0,0.006462
24.88,190.071949,98.0,95.0,199.883604,98.0,94.999772,-87.210054,0.0,0.0,-98.375144,-0.0,0.00084,-634.508179,-0.0,0.006232
24.89,189.207076,98.0,95.0,198.910694,98.0,94.99978,-86.019592,0.0,0.0,-97.291074,-0.0,0.00081,-624.390644,-0.0,0.006011
24.9,188.354125,98.0,95.0,197.948723,98.0,94.999788,-84.822109,0.0,0.0,-96.197102,-0.0,0.000781,-614.232708,-0.0,0.005797
24.91,187.513165,98.0,95.0,196.997788,98.0,94.999795,-83.617926,0.0,0.0,-95.093504,-0.0,0.000753,-604.037172,-0.0,0.005591
24.92,186.684262,98.0,95.0,196.057982,98.0,94.999803,-82.407369,0.0,0.0,-93.980563,-0.0,0.000727,-593.806866,-0.0,0.005393
24.93,185.867476,98.0,95.0,195.129396,98.0,94.99981,-81.190765,0.0,0.0,-92.858564,-0.0,0.000701,-583.544655,-0.0,0.005201
24.94,185.062867,98.0,95.0,194.212118,98.0,94.999816,-79.968448,0.0,0.0,-91.727797,-0.0,0.000676,-573.253436,-0.0,0.005017
24.95,184.270491,98.0,95.0,193.306233,98.0,94.999823,-78.740756,0.0,0.0,-90.588555,-0.0,0.000652,-562.936138,-0.0,0.004838
24.96,183.490399,98.0,95.0,192.411822,98.0,94.999829,-77.508029,0.0,0.0,-89.441137,-0.0,0.000629,-552.595725,-0.0,0.004667
24.97,182.722639,98.0,95.0,191.528963,98.0,94.999835,-76.270612,0.0,0.0,-88.285844,-0.0,0.000606,-542.23519,-0.0,0.004501
24.98,181.967257,98.0,95.0,190.657733,98.0,94.999841,-75.028855,0.0,0.0,-87.122983,-0.0,0.000585,-531.857562,-0.0,0.004341
24.99,181.224295,98.0,95.0,189.798205,98.0,94.999847,-73.783112,0.0,0.0,-85.952863,-0.0,0.000564,-521.4659,-0.0,0.004187
25.0,180.49379,98.0,95.0,188.950447,98.0,94.999852,-72.53374,0.0,0.0,-84.775799,-0.0,0.000544,-511.063298,-0.0,0.004038
25.01,179.775777,98.0,95.0,188.114526,98.0,94.999857,-71.2811,0.0,0.0,-83.592109,-0.0,0.000525,-500.65288,-0.0,0.003895
25.02,179.070287,98.0,95.0,187.290504,98.0,94.999863,-70.025559,0.0,0.0,-82.402115,-0.0,0.000506,-490.237806,-0.0,0.003757
25.03,178.377346,98.0,95.0,186.478443,98.0,94.999867,-68.767486,0.0,0.0,-81.206144,-0.0,0.000488,-479.821265,-0.0,0.003623
25.04,177.696979,98.0,95.0,185.678398,98.0,94.999872,-67.507256,0.0,0.0,-80.004526,-0.0,0.000471,-469.406482,-0.0,0.003494
25.05,177.029204,98.0,95.0,184.890422,98.0,94.999877,-66.245245,0.0,0.0,-78.797596,-0.0,0.000454,-458.996712,-0.0,0.00337
25.06,176.374038,98.0,95.0,184.114565,98.0,94.999881,-64.981836,0.0,0.0,-77.585693,-0.0,0.000438,-448.595244,-0.0,0.003251
25.07,175.731493,98.0,95.0,183.350873,98.0,94.999885,-63.717416,0.0,0.0,-76.369159,-0.0,0.000422,-438.205399,-0.0,0.003135
25.08,175.101577,98.0,95.0,182.59939,98.0,94.999889,-62.452374,0.0,0.0,-75.14834,-0.0,0.000407,-427.830532,-0.0,0.003024
25.09,174.484294,98.0,95.0,181.860154,98.0,94.999893,-61.187105,0.0,0.0,-73.923589,-0.0,0.000393,-417.474028,-0.0,0.002916
25.1,173.879645,98.0,95.0,181.133201,98.0,94.999897,-59.922007,0.0,0.0,-72.69526,-0.0,0.000379,-407.139308,-0.0,0.002813
25.11,173.287625,98.0,95.0,180.418564,98.0,94.999901,-58.657483,0.0,0.0,-71.463711,-0.0,0.000366,-396.829823,-0.0,0.002713
25.12,172.708227,98.0,95.0,179.716271,98.0,94.999904,-57.39394,0.0,0.0,-70.229307,-0.0,0.000353,-386.549058,-0.0,0.002617
25.13,172.14144,98.0,95.0,179.026347,98.0,94.999908,-56.131787,0.0,0.0,-68.992414,-0.0,0.00034,-376.300529,-0.0,0.002524
25.14,171.587246,98.0,95.0,178.348813,98.0,94.999911,-54.871441,0.0,0.0,-67.753404,-0.0,0.000328,-366.087787,-0.0,0.002434
25.15,171.045627,98.0,95.0,177.683686,98.0,94.999914,-53.613319,0.0,0.0,-66.512652,-0.0,0.000316,-355.914414,-0.0,0.002348
25.16,170.516557,98.0,95.0,177.030981,98.0,94.999917,-52.357844,0.0,0.0,-65.270537,-0.0,0.000305,-345.784026,-0.0,0.002264
25.17,170.000009,98.0,95.0,176.390707,98.0,94.99992,-51.105445,0.0,0.0,-64.027444,-0.0,0.000294,-335.700269,-0.0,0.002184
25.18,169.495949,98.0,95.0,175.762869,98.0,94.999923,-49.856551,0.0,0.0,-62.783759,-0.0,0.000284,-325.666825,-0.0,0.002106
25.19,169.00434,98.0,95.0,175.14747,98.0,94.999926,-48.611597,0.0,0.0,-61.539875,-0.0,0.000274,-315.687407,-0.0,0.002032
25.2,168.525141,98.0,95.0,174.544508,98.0,94.999928,-47.371025,0.0,0.0,-60.296186,-0.0,0.000264,-305.765759,-0.0,0.001959
25.21,168.058305,98.0,95.0,173.953977,98.0,94.999931,-46.135275,0.0,0.0,-59.053094,-0.0,0.000255,-295.905662,-0.0,0.00189
25.22,167.603782,98.0,95.0,173.375867,98.0,94.999933,-44.904797,0.0,0.0,-57.811002,-0.0,0.000246,-286.110924,-0.0,0.001823
25.23,167.161518,98.0,95.0,172.810164,98.0,94.999936,-43.680041,0.0,0.0,-56.570318,-0.0,0.000237,-276.385391,-0.0,0.001758
25.24,166.731453,98.0,95.0,172.25685,98.0,94.999938,-42.461463,0.0,0.0,-55.331454,-0.0,0.000228,-266.732938,-0.0,0.001696
25.25,166.313523,98.0,95.0,171.715901,98.0,94.99994,-41.249523,0.0,0.0,-54.094826,-0.0,0.00022,-257.157475,-0.0,0.001635
25.26,165.90766,98.0,95.0,171.187293,98.0,94.999942,-40.044685,0.0,0.0,-52.860855,-0.0,0.000212,-247.662942,-0.0,0.001577
25.27,165.513789,98.0,95.0,170.670993,98.0,94.999944,-38.847417,0.0,0.0,-51.629965,-0.0,0.000205,-238.253314,-0.0,0.001521
25.28,165.131834,98.0,95.0,170.166967,98.0,94.999946,-37.65819,0.0,0.0,-50.402584,-0.0,0.000198,-228.932599,-0.0,0.001467
25.29,164.761711,98.0,95.0,169.675176,98.0,94.999948,-36.47748,0.0,0.0,-49.179145,-0.0,0.000191,-219.704834,-0.0,0.001415
25.3,164.403334,98.0,95.0,169.195575,98.0,94.99995,-35.305769,0.0,0.0,-47.960085,-0.0,0.000184,-210.574093,-0.0,0.001365
25.31,164.056609,98.0,95.0,168.728117,98.0,94.999952,-34.143539,0.0,0.0,-46.745843,-0.0,0.000177,-201.54448,-0.0,0.001316
25.32,163.72144,98.0,95.0,168.272748,98.0,94.999954,-32.991279,0.0,0.0,-45.536866,-0.0,0.000171,-192.620132,-0.0,0.00127
25.33,163.397724,98.0,95.0,167.829412,98.0,94.999955,-31.849482,0.0,0.0,-44.333601,-0.0,0.000165,-183.80522,-0.0,0.001225
25.34,163.085356,98.0,95.0,167.398047,98.0,94.999957,-30.718645,0.0,0.0,-43.136502,-0.0,0.000159,-175.103947,-0.0,0.001181
25.35,162.784222,98.0,95.0,166.978587,98.0,94.999958,-29.599267,0.0,0.0,-41.946026,-0.0,0.000153,-166.520547,-0.0,0.001139
25.36,162.494206,98.0,95.0,166.57096,98.0,94.99996,-28.491853,0.0,0.0,-40.762633,-0.0,0.000148,-158.059288,-0.0,0.001099
25.37,162.215187,98.0,95.0,166.175093,98.0,94.999961,-27.396913,0.0,0.0,-39.586789,-0.0,0.000143,-149.724472,-0.0,0.00106
25.38,161.947036,98.0,95.0,165.790903,98.0,94.999963,-26.314958,0.0,0.0,-38.418963,-0.0,0.000138,-141.520431,-0.0,0.001022
25.39,161.689621,98.0,95.0,165.418307,98.0,94.999964,-25.246507,0.0,0.0,-37.259629,-0.0,0.000133,-133.451531,-0.0,0.000986
25.4,161.442806,98.0,95.0,165.057214,98.0,94.999965,-24.192079,0.0,0.0,-36.109263,-0.0,0.000128,-125.522171,-0.0,0.000951
25.41,161.206447,98.0,95.0,164.707531,98.0,94.999966,-23.152201,0.0,0.0,-34.968347,-0.0,0.000124,-117.736782,-0.0,0.000917
25.42,160.980396,98.0,95.0,164.369157,98.0,94.999968,-22.1274,0.0,0.0,-33.837368,-0.0,0.000119,-110.099828,-0.0,0.000884
25.43,160.764501,98.0,95.0,164.041989,98.0,94.999969,-21.118211,0.0,0.0,-32.716813,-0.0,0.000115,-102.615806,-0.0,0.000853
25.44,160.558603,98.0,95.0,163.725917,98.0,94.99997,-20.125171,0.0,0.0,-31.607178,-0.0,0.000111,-95.289243,-0.0,0.000823
25.45,160.362538,98.0,95.0,163.420827,98.0,94.999971,-19.148821,0.0,0.0,-30.50896,-0.0,0.000107,-88.124703,-0.0,0.000793
25.46,160.176136,98.0,95.0,163.126601,98.0,94.999972,-18.189706,0.0,0.0,-29.422661,-0.0,0.000103,-81.126779,-0.0,0.000765
25.47,159.999223,98.0,95.0,162.843113,98.0,94.999973,-17.248377,0.0,0.0,-28.348786,-0.0,9.9e-05,-74.300099,-0.0,0.000738
25.48,159.831618,98.0,95.0,162.570234,98.0,94.999974,-16.325387,0.0,0.0,-27.287846,-0.0,9.6e-05,-67.649322,-0.0,0.000712
25.49,159.673135,98.0,95.0,162.307831,98.0,94.999975,-15.421294,0.0,0.0,-26.240356,-0.0,9.3e-05,-61.17914,-0.0,0.000687
25.5,159.523583,98.0,95.0,162.055763,98.0,94.999976,-14.53666,0.0,0.0,-25.206832,-0.0,8.9e-05,-54.894279,-0.0,0.000662
25.51,159.382765,98.0,95.0,161.813885,98.0,94.999977,-13.67205,0.0,0.0,-24.187797,-0.0,8.6e-05,-48.799496,-0.0,0.000639
25.52,159.250478,98.0,95.0,161.582047,98.0,94.999977,-12.828035,0.0,0.0,-23.183779,-0.0,8.3e-05,-42.899582,-0.0,0.000616
25.53,159.126514,98.0,95.0,161.360094,98.0,94.999978,-12.005189,0.0,0.0,-22.195306,-0.0,8e-05,-37.199358,-0.0,0.000594
25.54,159.010657,98.0,95.0,161.147865,98.0,94.999979,-11.204089,0.0,0.0,-21.222915,-0.0,7.7e-05,-31.703681,-0.0,0.000573
25.55,158.902689,98.0,95.0,160.945193,98.0,94.99998,-10.42532,0.0,0.0,-20.267142,-0.0,7.4e-05,-26.417439,-0.0,0.000553
25.56,158.802383,98.0,95.0,160.751908,98.0,94.99998,-9.669465,0.0,0.0,-19.328531,-0.0,7.2e-05,-21.345553,-0.0,0.000533
25.57,158.709508,98.0,95.0,160.567832,98.0,94.999981,-8.937117,0.0,0.0,-18.40763,-0.0,6.9e-05,-16.492976,-0.0,0.000514
25.58,158.623825,98.0,95.0,160.392782,98.0,94.999982,-8.22887,0.0,0.0,-17.504987,-0.0,6.7e-05,-11.864694,-0.0,0.000496
25.59,158.545091,98.0,95.0,160.22657,98.0,94.999982,-7.545322,0.0,0.0,-16.621159,-0.0,6.4e-05,-7.465726,-0.0,0.000478
25.6,158.473058,98.0,95.0,160.069003,98.0,94.999983,-6.887077,0.0,0.0,-15.756705,-0.0,6.2e-05,-3.301123,-0.0,0.000461
25.61,158.407467,98.0,95.0,159.919881,98.0,94.999984,-6.25474,0.0,0.0,-14.912187,-0.0,6e-05,0.62403,-0.0,0.000445
25.62,158.34806,98.0,95.0,159.778999,98.0,94.999984,-5.648923,0.0,0.0,-14.088173,-0.0,5.8e-05,4.304617,-0.0,0.000429
25.63,158.294566,98.0,95.0,159.646147,98.0,94.999985,-5.070241,0.0,0.0,-13.285234,-0.0,5.6e-05,7.735489,-0.0,0.000414
25.64,158.246712,98.0,95.0,159.521108,98.0,94.999985,-4.519313,0.0,0.0,-12.503945,-0.0,5.4e-05,10.911464,-0.0,0.000399
25.65,158.204219,98.0,95.0,159.403659,98.0,94.999986,-3.996762,0.0,0.0,-11.744886,-0.0,5.2e-05,13.827327,-0.0,0.000385
25.66,158.166799,98.0,95.0,159.293572,98.0,94.999986,-3.503215,0.0,0.0,-11.00864,-0.0,5e-05,16.477831,-0.0,0.000371
25.67,158.13416,98.0,95.0,159.190614,98.0,94.999987,-3.039304,0.0,0.0,-10.295794,-0.0,4.8e-05,18.857696,-0.0,0.000358
25.68,158.106002,98.0,95.0,159.094545,98.0,94.999987,-2.605664,0.0,0.0,-9.606941,-0.0,4.7e-05,20.961609,-0.0,0.000345
25.69,158.08202,98.0,95.0,159.005118,98.0,94.999988,-2.202934,0.0,0.0,-8.942676,-0.0,4.5e-05,22.784226,-0.0,0.000333
25.7,158.061903,98.0,95.0,158.922082,98.0,94.999988,-1.831759,0.0,0.0,-8.303599,-0.0,4.3e-05,24.320169,-0.0,0.000321
25.71,158.045332,98.0,95.0,158.845179,98.0,94.999989,-1.492786,0.0,0.0,-7.690314,-0.0,4.2e-05,25.564026,-0.0,0.00031
25.72,158.031982,98.0,95.0,158.774145,98.0,94.999989,-1.186666,0.0,0.0,-7.103428,-0.0,4e-05,26.510356,-0.0,0.000299
25.73,158.021523,98.0,95.0,158.708709,98.0,94.999989,-0.914056,0.0,0.0,-6.543554,-0.0,3.9e-05,27.153682,-0.0,0.000288
25.74,158.013615,98.0,95.0,158.648596,98.0,94.99999,-0.675615,0.0,0.0,-6.011308,-0.0,3.7e-05,27.488496,-0.0,0.000278
25.75,158.007914,98.0,95.0,158.593523,98.0,94.99999,-0.472008,0.0,0.0,-5.507309,-0.0,3.6e-05,27.509258,-0.0,0.000268
25.76,158.00407,98.0,95.0,158.543201,98.0,94.999991,-0.303902,0.0,0.0,-5.032184,-0.0,3.5e-05,27.210392,-0.0,0.000259
25.77,158.001725,98.0,95.0,158.497336,98.0,94.999991,-0.17197,0.0,0.0,-4.586559,-0.0,3.4e-05,26.586293,-0.0,0.000249
25.78,158.000513,98.0,95.0,158.455625,98.0,94.999991,-0.076888,0.0,0.0,-4.171067,-0.0,3.2e-05,25.631323,-0.0,0.000241
25.79,158.000064,98.0,95.0,158.417762,98.0,94.999992,-0.019337,0.0,0.0,-3.786344,-0.0,3.1e-05,24.339809,-0.0,0.000232
25.8,158.0,98.0,95.0,158.383431,98.0,94.999992,0.0,0.0,0.0,-3.433032,-0.0,3e-05,22.706048,-0.0,0.000224
25.81,158.0,98.0,95.0,158.352314,98.0,94.999992,0.0,0.0,0.0,-3.111775,-0.0,2.9e-05,20.724301,-0.0,0.000216
25.82,158.0,98.0,95.0,158.324088,98.0,94.999992,0.0,0.0,0.0,-2.822537,-0.0,2.8e-05,18.491549,-0.0,0.000208
25.83,158.0,98.0,95.0,158.298462,98.0,94.999993,0.0,0.0,0.0,-2.562595,-0.0,2.7e-05,16.411003,-0.0,0.000201
25.84,158.0,98.0,95.0,158.275174,98.0,94.999993,0.0,0.0,0.0,-2.328844,-0.0,2.6e-05,14.56195,-0.0,0.000194
25.85,158.0,98.0,95.0,158.253989,98.0,94.999993,0.0,0.0,0.0,-2.118514,-0.0,2.5e-05,12.918753,-0.0,0.000187
25.86,158.0,98.0,95.0,158.234697,98.0,94.999993,0.0,0.0,0.0,-1.929135,-0.0,2.4e-05,11.458614,-0.0,0.00018
25.87,158.0,98.0,95.0,158.217112,98.0,94.999994,0.0,0.0,0.0,-1.758507,-0.0,2.3e-05,10.16125,-0.0,0.000174
25.88,158.0,98.0,95.0,158.201066,98.0,94.999994,0.0,0.0,0.0,-1.604662,-0.0,2.3e-05,9.008622,-0.0,0.000168
25.89,158.0,98.0,95.0,158.186407,98.0,94.999994,0.0,0.0,0.0,-1.465849,-0.0,2.2e-05,7.984684,-0.0,0.000162
25.9,158.0,98.0,95.0,158.173002,98.0,94.999994,0.0,0.0,0.0,-1.340502,-0.0,2.1e-05,7.075165,-0.0,0.000156
25.91,158.0,98.0,95.0,158.16073,98.0,94.999994,0.0,0.0,0.0,-1.227226,-0.0,2e-05,6.267372,-0.0,0.00015
25.92,158.0,98.0,95.0,158.149482,98.0,94.999995,0.0,0.0,0.0,-1.124774,-0.0,2e-05,5.550014,-0.0,0.000145
25.93,158.0,98.0,95.0,158.139162,98.0,94.999995,0.0,0.0,0.0,-1.032033,-0.0,1.9e-05,4.913051,-0.0,0.00014
25.94,158.0,98.0,95.0,158.129682,98.0,94.999995,0.0,0.0,0.0,-0.948007,-0.0,1.8e-05,4.347552,-0.0,0.000135
25.95,158.0,98.0,95.0,158.120964,98.0,94.999995,0.0,0.0,0.0,-0.87181,-0.0,1.8e-05,3.845577,-0.0,0.00013
25.96,158.0,98.0,95.0,158.112937,98.0,94.999995,0.0,0.0,0.0,-0.802646,-0.0,1.7e-05,3.400061,-0.0,0.000126
25.97,158.0,98.0,95.0,158.105539,98.0,94.999996,0.0,0.0,0.0,-0.739807,-0.0,1.6e-05,3.004724,-0.0,0.000121
25.98,158.0,98.0,95.0,158.098712,98.0,94.999996,0.0,0.0,0.0,-0.682657,-0.0,1.6e-05,2.65398,-0.0,0.000117
25.99,158.0,98.0,95.0,158.092406,98.0,94.999996,0.0,0.0,0.0,-0.63063,-0.0,1.5e-05,2.342862,-0.0,0.000113
26.0,158.0,98.0,95.0,158.086574,98.0,94.999996,0.0,0.0,-0.0,-0.583217,-0.0,1.5e-05,2.066954,-0.0,0.000109
26.01,158.0,98.0,94.99955,158.081174,98.0,94.999996,0.0,0.0,-0.135277,-0.539963,-0.0,1.4e-05,1.822328,-0.0,0.000105
26.02,158.0,98.0,94.996447,158.07617,98.0,94.999878,0.0,0.0,-0.531818,-0.500461,-0.0,-0.011798,1.605492,-0.0,-0.94483
26.03,158.0,98.0,94.988162,158.071526,98.0,94.998986,0.0,0.0,-1.175872,-0.464348,-0.0,-0.089251,1.413342,-0.0,-6.314207
26.04,158.0,98.0,94.972305,158.067213,98.0,94.996221,0.0,0.0,-2.053925,-0.431295,-0.0,-0.276421,1.243117,-0.0,-15.866157
26.05,158.0,98.0,94.946616,158.063203,98.0,94.990231,0.0,0.0,-3.152708,-0.40101,-0.0,-0.59909,1.092363,-0.0,-28.577718
26.06,158.0,98.0,94.908967,158.059471,98.0,94.979519,0.0,0.0,-4.459192,-0.373231,-0.0,-1.071174,0.958899,-0.0,-43.757567
26.07,158.0,98.0,94.857358,158.055994,98.0,94.96253,0.0,0.0,-5.960589,-0.34772,-0.0,-1.698895,0.840785,-0.0,-60.929478
26.08,158.0,98.0,94.789915,158.052751,98.0,94.937695,0.0,0.0,-7.644352,-0.324266,-0.0,-2.483494,0.736298,-0.0,-79.756815
26.09,158.0,98.0,94.704888,158.049724,98.0,94.903465,0.0,0.0,-9.498177,-0.302679,-0.0,-3.422977,0.643905,-0.0,-99.993635
26.1,158.0,98.0,94.600646,158.046896,98.0,94.858332,0.0,0.0,-11.509998,-0.282788,-0.0,-4.513268,0.562245,-0.0,-121.453012
26.11,158.0,98.0,94.47568,158.044252,98.0,94.800843,0.0,0.0,-13.667995,-0.264438,-0.0,-5.748941,0.490108,-0.0,-143.986543
26.12,158.0,98.0,94.328593,158.041777,98.0,94.729606,0.0,0.0,-15.960585,-0.247492,-0.0,-7.123712,0.426417,-0.0,-167.47108
26.13,158.0,98.0,94.158106,158.039459,98.0,94.643298,0.0,0.0,-18.376428,-0.231825,-0.0,-8.63075,0.370219,-0.0,-191.800154
26.14,158.0,98.0,93.963049,158.037286,98.0,94.54067,0.0,0.0,-20.904425,-0.217323,-0.0,-10.262887,0.320663,-0.0,-216.87844
26.15,158.0,98.0,93.742362,158.035247,98.0,94.420542,0.0,0.0,-23.533719,-0.203886,-0.0,-12.012753,0.276995,-0.0,-242.618181
26.16,158.0,98.0,93.495092,158.033333,98.0,94.281813,0.0,0.0,-26.253694,-0.191421,-0.0,-13.87287,0.238546,-0.0,-268.936898
26.17,158.0,98.0,93.220388,158.031534,98.0,94.123456,0.0,0.0,-29.053974,-0.179848,-0.0,-15.83571,0.20472,-0.0,-295.755911
26.18,158.0,98.0,92.917505,158.029843,98.0,93.944519,0.0,0.0,-31.924427,-0.169089,-0.0,-17.893739,0.174989,-0.0,-322.999408
26.19,158.0,98.0,92.585793,158.028252,98.0,93.744124,0.0,0.0,-34.855158,-0.159078,-0.0,-20.039445,0.148883,-0.0,-350.593852
26.2,158.0,98.0,92.224702,158.026755,98.0,93.521471,0.0,0.0,-37.836518,-0.149754,-0.0,-22.265359,0.125986,-0.0,-378.46761
26.21,158.0,98.0,91.833777,158.025344,98.0,93.27583,0.0,0.0,-40.859097,-0.141061,-0.0,-24.564074,0.105928,-0.0,-406.550733
26.22,158.0,98.0,91.412653,158.024015,98.0,93.006548,0.0,0.0,-43.913725,-0.132949,-0.0,-26.92825,0.088381,-0.0,-434.774822
26.23,158.0,98.0,90.961056,158.022761,98.0,92.713041,0.0,0.0,-46.991476,-0.125371,-0.0,-29.35063,0.073053,-0.0,-463.07296
26.24,158.0,98.0,90.4788,158.021578,98.0,92.394801,0.0,0.0,-50.083663,-0.118287,-0.0,-31.824048,0.059686,-0.0,-491.379674
26.25,158.0,98.0,89.965784,158.020462,98.0,92.051387,0.0,0.0,-53.181842,-0.111658,-0.0,-34.341428,0.04805,-0.0,-519.630931
26.26,158.0,98.0,89.421989,158.019407,98.0,91.682429,0.0,0.0,-56.27781,-0.10545,-0.0,-36.895801,0.037941,-0.0,-547.76414
26.27,158.0,98.0,88.847476,158.018411,98.0,91.287625,0.0,0.0,-59.363603,-0.099631,-0.0,-39.480303,0.029181,-0.0,-575.718174
26.28,158.0,98.0,88.242386,158.017469,98.0,90.866744,0.0,0.0,-62.431502,-0.094174,-0.0,-42.088183,0.021608,-0.0,-603.433384
26.29,158.0,98.0,87.606934,158.016579,98.0,90.419616,0.0,0.0,-65.474026,-0.08905,-0.0,-44.712805,0.015081,-0.0,-630.851632
26.3,158.0,98.0,86.941408,158.015736,98.0,89.946139,0.0,0.0,-68.483937,-0.084238,-0.0,-47.347659,0.009474,-0.0,-657.916311
26.31,158.0,98.0,86.246167,158.014939,98.0,89.446275,0.0,0.0,-71.454239,-0.079714,-0.0,-49.986356,0.004677,-0.0,-684.572376
26.32,158.0,98.0,85.521638,158.014184,98.0,88.920049,0.0,0.0,-74.378174,-0.075459,-0.0,-52.622641,0.00059,-0.0,-710.766371
26.33,158.0,98.0,84.768314,158.01347,98.0,88.367545,0.0,0.0,-77.24923,-0.071453,-0.0,-55.250392,-0.002873,-0.0,-736.446457
26.34,158.0,98.0,83.986753,158.012793,98.0,87.788909,0.0,0.0,-80.061132,-0.067681,-0.0,-57.863623,-0.00579,-0.0,-761.562438
26.35,158.0,98.0,83.177572,158.012152,98.0,87.184344,0.0,0.0,-82.807848,-0.064126,-0.0,-60.456493,-0.008229,-0.0,-786.065787
26.36,158.0,98.0,82.341447,158.011544,98.0,86.554111,0.0,0.0,-85.483589,-0.060775,-0.0,-63.023302,-0.01025,-0.0,-809.909672
26.37,158.0,98.0,81.479113,158.010968,98.0,85.898526,0.0,0.0,-88.082803,-0.057613,-0.0,-65.558501,-0.011906,-0.0,-833.048981
26.38,158.0,98.0,80.591355,158.010422,98.0,85.217959,0.0,0.0,-90.600185,-0.054628,-0.0,-68.056693,-0.013245,-0.0,-855.440346
26.39,158.0,98.0,79.679012,158.009904,98.0,84.512833,0.0,0.0,-93.030665,-0.05181,-0.0,-70.512634,-0.014308,-0.0,-877.042164
26.4,158.0,98.0,78.742973,158.009412,98.0,83.78362,0.0,0.0,-95.36942,-0.049148,-0.0,-72.921237,-0.015132,-0.0,-897.814622
26.41,158.0,98.0,77.78417,158.008946,98.0,83.030844,0.0,0.0,-97.611864,-0.046632,-0.0,-75.277579,-0.015749,-0.0,-917.719719
26.42,158.0,98.0,76.803583,158.008503,98.0,82.255076,0.0,0.0,-99.753654,-0.044252,-0.0,-77.576898,-0.016187,-0.0,-936.721283
26.43,158.0,98.0,75.802233,158.008083,98.0,81.45693,0.0,0.0,-101.79069,-0.042002,-0.0,-79.814598,-0.016471,-0.0,-954.784995
26.44,158.0,98.0,74.781179,158.007684,98.0,80.637067,0.0,0.0,-103.71911,-0.039873,-0.0,-81.986253,-0.016624,-0.0,-971.878406
26.45,158.0,98.0,73.74152,158.007306,98.0,79.796191,0.0,0.0,-105.535295,-0.037857,-0.0,-84.087609,-0.016665,-0.0,-987.970958
26.46,158.0,98.0,72.684386,158.006946,98.0,78.935045,0.0,0.0,-107.235867,-0.035949,-0.0,-86.114582,-0.016611,-0.0,-1003.033998
26.47,158.0,98.0,71.610944,158.006605,98.0,78.054412,0.0,0.0,-108.81769,-0.034142,-0.0,-88.06327,-0.016477,-0.0,-1017.0408
26.48,158.0,98.0,70.522386,158.006281,98.0,77.155113,0.0,0.0,-110.277868,-0.032429,-0.0,-89.929943,-0.016275,-0.0,-1029.96658
26.49,158.0,98.0,69.419936,158.005973,98.0,76.238002,0.0,0.0,-111.613748,-0.030807,-0.0,-91.711057,-0.016017,-0.0,-1041.78851
26.5,158.0,98.0,68.304841,158.00568,98.0,75.30397,0.0,0.0,-112.822916,-0.029268,-0.0,-93.403246,-0.015714,-0.0,-1052.485737
26.51,158.0,98.0,67.178369,158.005402,98.0,74.353937,0.0,0.0,-113.903201,-0.02781,-0.0,-95.003333,-0.015373,-0.0,-1062.039396
26.52,158.0,98.0,66.041813,158.005138,98.0,73.388853,0.0,0.0,-114.852673,-0.026427,-0.0,-96.508324,-0.015003,-0.0,-1070.432625
26.53,158.0,98.0,64.896479,158.004886,98.0,72.409699,0.0,0.0,-115.669643,-0.025115,-0.0,-97.915416,-0.014609,-0.0,-1077.65058
26.54,158.0,98.0,63.743693,158.004648,98.0,71.417479,0.0,0.0,-116.352662,-0.02387,-0.0,-99.221994,-0.014198,-0.0,-1083.680446
26.55,158.0,98.0,62.584791,158.004421,98.0,70.413223,0.0,0.0,-116.900526,-0.022689,-0.0,-100.425638,-0.013774,-0.0,-1088.511453
26.56,158.0,98.0,61.421121,158.004205,98.0,69.397982,0.0,0.0,-117.312268,-0.021567,-0.0,-101.52412,-0.013341,-0.0,-1092.134887
26.57,158.0,98.0,60.254039,158.004,98.0,68.372828,0.0,0.0,-117.587165,-0.020503,-0.0,-102.515406,-0.012904,-0.0,-1094.544101
26.58,158.0,98.0,59.084907,158.003805,98.0,67.338851,0.0,0.0,-117.724734,-0.019493,-0.0,-103.397662,-0.012465,-0.0,-1095.734529
26.59,158.0,98.0,57.915093,158.00362,98.0,66.297159,0.0,0.0,-117.724734,-0.018533,-0.0,-104.16925,-0.012027,-0.0,-1095.703697
26.6,158.0,98.0,56.745961,158.003444,98.0,65.248871,0.0,0.0,-117.587165,-0.017622,-0.0,-104.828734,-0.011592,-0.0,-1094.451231
26.61,158.0,98.0,55.578879,158.003276,98.0,64.195122,0.0,0.0,-117.312268,-0.016757,-0.0,-105.374878,-0.011161,-0.0,-1091.978871
26.62,158.0,98.0,54.415209,158.003117,98.0,63.137056,0.0,0.0,-116.900526,-0.015935,-0.0,-105.80665,-0.010738,-0.0,-1088.29048
26.63,158.0,98.0,53.256307,158.002965,98.0,62.075824,0.0,0.0,-116.352662,-0.015154,-0.0,-106.123219,-0.010322,-0.0,-1083.392053
26.64,158.0,98.0,52.103521,158.002821,98.0,61.012584,0.0,0.0,-115.669643,-0.014412,-0.0,-106.323963,-0.009914,-0.0,-1077.291727
26.65,158.0,98.0,50.958187,158.002684,98.0,59.948499,0.0,0.0,-114.852673,-0.013706,-0.0,-106.408465,-0.009517,-0.0,-1069.999788
26.66,158.0,98.0,49.821631,158.002554,98.0,58.884734,0.0,0.0,-113.903201,-0.013036,-0.0,-106.376516,-0.009129,-0.0,-1061.528685
26.67,158.0,98.0,48.695159,158.00243,98.0,57.822453,0.0,0.0,-112.822916,-0.012399,-0.0,-106.228114,-0.008752,-0.0,-1051.893033
26.68,158.0,98.0,47.580064,158.002312,98.0,56.762818,0.0,0.0,-111.613748,-0.011794,-0.0,-105.96347,-0.008387,-0.0,-1041.109624
26.69,158.0,98.0,46.477614,158.0022,98.0,55.706988,0.0,0.0,-110.277868,-0.011218,-0.0,-105.583004,-0.008032,-0.0,-1029.197434
26.7,158.0,98.0,45.389056,158.002093,98.0,54.656115,0.0,0.0,-108.81769,-0.010671,-0.0,-105.087349,-0.007689,-0.0,-1016.17763
26.71,158.0,98.0,44.315614,158.001991,98.0,53.611341,0.0,0.0,-107.235867,-0.010151,-0.0,-104.47735,-0.007358,-0.0,-1002.073579
26.72,158.0,98.0,43.25848,158.001895,98.0,52.573801,0.0,0.0,-105.535295,-0.009657,-0.0,-103.754067,-0.007038,-0.0,-986.910853
26.73,158.0,98.0,42.218821,158.001803,98.0,51.544613,0.0,0.0,-103.71911,-0.009187,-0.0,-102.918774,-0.00673,-0.0,-970.717238
26.74,158.0,98.0,41.197767,158.001716,98.0,50.524883,0.0,0.0,-101.79069,-0.00874,-0.0,-101.972962,-0.006433,-0.0,-953.522739
26.75,158.0,98.0,40.196417,158.001632,98.0,49.5157,0.0,0.0,-99.753654,-0.008314,-0.0,-100.918336,-0.006148,-0.0,-935.359585
26.76,158.0,98.0,39.21583,158.001553,98.0,48.518132,0.0,0.0,-97.611864,-0.00791,-0.0,-99.756822,-0.005873,-0.0,-916.26224
26.77,158.0,98.0,38.257027,158.001478,98.0,47.533226,0.0,0.0,-95.36942,-0.007526,-0.0,-98.490562,-0.005609,-0.0,-896.267403
26.78,158.0,98.0,37.320988,158.001406,98.0,46.562007,0.0,0.0,-93.030665,-0.00716,-0.0,-97.121917,-0.005356,-0.0,-875.414017
26.79,158.0,98.0,36.408645,158.001338,98.0,45.605472,0.0,0.0,-90.600185,-0.006812,-0.0,-95.653468,-0.005113,-0.0,-853.743275
26.8,158.0,98.0,35.520887,158.001273,98.0,44.664592,0.0,0.0,-88.082803,-0.006481,-0.0,-94.088018,-0.00488,-0.0,-831.298622
26.81,158.0,98.0,34.658553,158.001212,98.0,43.740306,0.0,0.0,-85.483589,-0.006167,-0.0,-92.428587,-0.004656,-0.0,-808.125764
26.82,158.0,98.0,33.822428,158.001153,98.0,42.833522,0.0,0.0,-82.807848,-0.005868,-0.0,-90.678422,-0.004442,-0.0,-784.27267
26.83,158.0,98.0,33.013247,158.001097,98.0,41.945112,0.0,0.0,-80.061132,-0.005583,-0.0,-88.840989,-0.004238,-0.0,-759.789578
26.84,158.0,98.0,32.231686,158.001044,98.0,41.075912,0.0,0.0,-77.24923,-0.005312,-0.0,-86.919978,-0.004042,-0.0,-734.729001
26.85,158.0,98.0,31.478362,158.000994,98.0,40.226719,0.0,0.0,-74.378174,-0.005054,-0.0,-84.919302,-0.003854,-0.0,-709.145726
26.86,158.0,98.0,30.753833,158.000946,98.0,39.398288,0.0,0.0,-71.454239,-0.004809,-0.0,-82.8431,-0.003675,-0.0,-683.096826
26.87,158.0,98.0,30.058592,158.0009,98.0,38.591331,0.0,0.0,-68.483937,-0.004576,-0.0,-80.695733,-0.003503,-0.0,-656.641657
26.88,158.0,98.0,29.393066,158.000856,98.0,37.806513,0.0,0.0,-65.474026,-0.004354,-0.0,-78.48179,-0.003339,-0.0,-629.841868
26.89,158.0,98.0,28.757614,158.000815,98.0,37.044452,0.0,0.0,-62.431502,-0.004143,-0.0,-76.206084,-0.003183,-0.0,-602.761399
26.9,158.0,98.0,28.152524,158.000775,98.0,36.305716,0.0,0.0,-59.363603,-0.003943,-0.0,-73.873654,-0.003034,-0.0,-575.46649
26.91,158.0,98.0,27.578011,158.000738,98.0,35.590818,0.0,0.0,-56.27781,-0.003752,-0.0,-71.489769,-0.002891,-0.0,-548.025681
26.92,158.0,98.0,27.034216,158.000702,98.0,34.900219,0.0,0.0,-53.181842,-0.00357,-0.0,-69.05992,-0.002754,-0.0,-520.509815
26.93,158.0,98.0,26.5212,158.000668,98.0,34.234321,0.0,0.0,-50.083663,-0.003397,-0.0,-66.589831,-0.002624,-0.0,-492.992045
26.94,158.0,98.0,26.038944,158.000636,98.0,33.593466,0.0,0.0,-46.991476,-0.003233,-0.0,-64.08545,-0.0025,-0.0,-465.547835
26.95,158.0,98.0,25.587347,158.000605,98.0,32.977936,0.0,0.0,-43.913725,-0.003076,-0.0,-61.552956,-0.002382,-0.0,-438.254962
26.96,158.0,98.0,25.166223,158.000576,98.0,32.387949,0.0,0.0,-40.859097,-0.002927,-0.0,-58.998755,-0.002269,-0.0,-411.19352
26.97,158.0,98.0,24.775298,158.000548,98.0,31.823654,0.0,0.0,-37.836518,-0.002785,-0.0,-56.429485,-0.002161,-0.0,-384.445922
26.98,158.0,98.0,24.414207,158.000521,98.0,31.285134,0.0,0.0,-34.855158,-0.002651,-0.0,-53.852011,-0.002058,-0.0,-358.096907
26.99,158.0,98.0,24.082495,158.000496,98.0,30.7724,0.0,0.0,-31.924427,-0.002522,-0.0,-51.273428,-0.00196,-0.0,-332.233536
27.0,158.0,98.0,23.779612,158.000472,98.0,30.285389,0.0,0.0,-29.053974,-0.0024,-0.0,-48.701065,-0.001867,-0.0,-306.945198
27.01,158.0,98.0,23.504908,158.000449,98.0,29.823964,0.0,0.0,-26.253694,-0.002284,-0.0,-46.142477,-0.001778,-0.0,-282.323614
27.02,158.0,98.0,23.257638,158.000428,98.0,29.38791,0.0,0.0,-23.533719,-0.002173,-0.0,-43.605453,-0.001693,-0.0,-258.462837
27.03,158.0,98.0,23.036951,158.000407,98.0,28.97693,0.0,0.0,-20.904425,-0.002068,-0.0,-41.098012,-0.001612,-0.0,-235.459254
27.04,158.0,98.0,22.841894,158.000387,98.0,28.590646,0.0,0.0,-18.376428,-0.001968,-0.0,-38.628405,-0.001535,-0.0,-213.41159
27.05,158.0,98.0,22.671407,158.000369,98.0,28.228594,0.0,0.0,-15.960585,-0.001873,-0.0,-36.205116,-0.001462,-0.0,-192.42091
27.06,158.0,98.0,22.52432,158.000351,98.0,27.890226,0.0,0.0,-13.667995,-0.001782,-0.0,-33.836859,-0.001392,-0.0,-172.590618
27.07,158.0,98.0,22.399354,158.000334,98.0,27.5749,0.0,0.0,-11.509998,-0.001696,-0.0,-31.532583,-0.001325,-0.0,-154.026465
27.08,158.0,98.0,22.295112,158.000318,98.0,27.281885,0.0,0.0,-9.498177,-0.001614,-0.0,-29.301467,-0.001261,-0.0,-136.836544
27.09,158.0,98.0,22.210085,158.000302,98.0,27.010356,0.0,0.0,-7.644352,-0.001536,-0.0,-27.152924,-0.001201,-0.0,-121.131297
27.1,158.0,98.0,22.142642,158.000288,98.0,26.75939,0.0,0.0,-5.960589,-0.001462,-0.0,-25.096603,-0.001143,-0.0,-107.023513
27.11,158.0,98.0,22.091033,158.000274,98.0,26.527966,0.0,0.0,-4.459192,-0.001391,-0.0,-23.142382,-0.001088,-0.0,-94.628334
27.12,158.0,98.0,22.053384,158.000261,98.0,26.314962,0.0,0.0,-3.152708,-0.001324,-0.0,-21.300375,-0.001036,-0.0,-84.063254
27.13,158.0,98.0,22.027695,158.000248,98.0,26.119153,0.0,0.0,-2.053925,-0.00126,-0.0,-19.580929,-0.000986,-0.0,-75.448118
27.14,158.0,98.0,22.011838,158.000236,98.0,25.939207,0.0,0.0,-1.175872,-0.001199,-0.0,-17.994627,-0.000939,-0.0,-68.905129
27.15,158.0,98.0,22.003553,158.000225,98.0,25.773684,0.0,0.0,-0.531818,-0.001141,-0.0,-16.552284,-0.000894,-0.0,-64.558847
27.16,158.0,98.0,22.00045,158.000214,98.0,25.621035,0.0,0.0,-0.135277,-0.001086,-0.0,-15.264951,-0.000851,-0.0,-62.53619
27.17,158.0,98.0,22.0,158.000203,98.0,25.479595,0.0,0.0,0.0,-0.001033,-0.0,-14.143913,-0.00081,-0.0,-62.966435
27.18,158.0,98.0,22.0,158.000194,98.0,25.347589,0.0,0.0,0.0,-0.000983,-0.0,-13.200689,-0.000771,-0.0,-65.981221
27.19,158.0,98.0,22.0,158.000184,98.0,25.223239,0.0,0.0,0.0,-0.000936,-0.0,-12.434916,-0.000734,-0.0,-70.745075
27.2,158.0,98.0,22.0,158.000175,98.0,25.105231,0.0,0.0,0.0,-0.00089,-0.0,-11.800872,-0.000698,-0.0,-73.625612
27.21,158.0,98.0,22.0,158.000167,98.0,24.99266,0.0,0.0,0.0,-0.000847,-0.0,-11.257083,-0.000665,-0.0,-74.505628
27.22,158.0,98.0,22.0,158.000159,98.0,24.884895,0.0,0.0,0.0,-0.000806,-0.0,-10.776502,-0.000633,-0.0,-74.124317
27.23,158.0,98.0,22.0,158.000151,98.0,24.78148,0.0,0.0,0.0,-0.000767,-0.0,-10.341432,-0.000602,-0.0,-72.959444
27.24,158.0,98.0,22.0,158.000144,98.0,24.682078,0.0,0.0,0.0,-0.00073,-0.0,-9.940246,-0.000573,-0.0,-71.319406
27.25,158.0,98.0,22.0,158.000137,98.0,24.586426,0.0,0.0,0.0,-0.000695,-0.0,-9.565251,-0.000546,-0.0,-69.402889
27.26,158.0,98.0,22.0,158.00013,98.0,24.494312,0.0,0.0,0.0,-0.000661,-0.0,-9.211314,-0.000519,-0.0,-67.33753
27.27,158.0,98.0,22.0,158.000124,98.0,24.405563,0.0,0.0,0.0,-0.000629,-0.0,-8.874962,-0.000494,-0.0,-65.204961
27.28,158.0,98.0,22.0,158.000118,98.0,24.320025,0.0,0.0,0.0,-0.000599,-0.0,-8.553804,-0.00047,-0.0,-63.057044
27.29,158.0,98.0,22.0,158.000112,98.0,24.237563,0.0,0.0,0.0,-0.00057,-0.0,-8.246159,-0.000448,-0.0,-60.926382
27.3,158.0,98.0,22.0,158.000107,98.0,24.158055,0.0,0.0,0.0,-0.000542,-0.0,-7.950803,-0.000426,-0.0,-58.833139
27.31,158.0,98.0,22.0,158.000102,98.0,24.081387,0.0,0.0,0.0,-0.000516,-0.0,-7.666821,-0.000406,-0.0,-56.789448
27.32,158.0,98.0,22.0,158.000097,98.0,24.007452,0.0,0.0,0.0,-0.000491,-0.0,-7.393497,-0.000386,-0.0,-54.802273
27.33,158.0,98.0,22.0,158.000092,98.0,23.936149,0.0,0.0,0.0,-0.000467,-0.0,-7.13025,-0.000367,-0.0,-52.87526
27.34,158.0,98.0,22.0,158.000088,98.0,23.867383,0.0,0.0,0.0,-0.000445,-0.0,-6.876593,-0.00035,-0.0,-51.009936
27.35,158.0,98.0,22.0,158.000083,98.0,23.801062,0.0,0.0,0.0,-0.000423,-0.0,-6.6321,-0.000333,-0.0,-49.206485
27.36,158.0,98.0,22.0,158.000079,98.0,23.737099,0.0,0.0,0.0,-0.000403,-0.0,-6.396391,-0.000317,-0.0,-47.464246
27.37,158.0,98.0,22.0,158.000075,98.0,23.675407,0.0,0.0,0.0,-0.000383,-0.0,-6.169117,-0.000301,-0.0,-45.782044
27.38,158.0,98.0,22.00045,158.000072,98.0,23.615908,0.0,0.0,0.135277,-0.000365,-0.0,-5.949958,-0.000287,-0.0,-44.158393
27.39,158.0,98.0,22.003553,158.000068,98.0,23.55864,0.0,0.0,0.531818,-0.000347,-0.0,-5.726797,-0.000273,-0.0,-41.6467
27.4,158.0,98.0,22.011838,158.000065,98.0,23.504185,0.0,0.0,1.175872,-0.00033,-0.0,-5.445518,-0.00026,-0.0,-34.765704
27.41,158.0,98.0,22.027695,158.000062,98.0,23.453567,0.0,0.0,2.053925,-0.000314,-0.0,-5.061772,-0.000247,-0.0,-23.755493
27.42,158.0,98.0,22.053384,158.000059,98.0,23.408072,0.0,0.0,3.152708,-0.000299,-0.0,-4.549516,-0.000235,-0.0,-9.637249
27.43,158.0,98.0,22.091033,158.000056,98.0,23.369126,0.0,0.0,4.459192,-0.000285,-0.0,-3.894584,-0.000224,-0.0,6.899464
27.44,158.0,98.0,22.142642,158.000053,98.0,23.338221,0.0,0.0,5.960589,-0.000271,-0.0,-3.090509,-0.000213,-0.0,25.380141
27.45,158.0,98.0,22.210085,158.000051,98.0,23.316863,0.0,0.0,7.644352,-0.000258,-0.0,-2.135822,-0.000203,-0.0,45.469824
27.46,158.0,98.0,22.295112,158.000048,98.0,23.30654,0.0,0.0,9.498177,-0.000245,-0.0,-1.032292,-0.000193,-0.0,66.924197
27.47,158.0,98.0,22.399354,158.000046,98.0,23.308702,0.0,0.0,11.509998,-0.000234,-0.0,0.216218,-0.000184,-0.0,89.557913
27.48,158.0,98.0,22.52432,158.000044,98.0,23.324747,0.0,0.0,13.667995,-0.000222,-0.0,1.604492,-0.000175,-0.0,113.224095
27.49,158.0,98.0,22.671407,158.000042,98.0,23.356011,0.0,0.0,15.960585,-0.000212,-0.0,3.126444,-0.000166,-0.0,137.801068
27.5,158.0,98.0,22.841894,158.00004,98.0,23.403766,0.0,0.0,18.376428,-0.000201,-0.0,4.775436,-0.000158,-0.0,163.183791
27.51,158.0,98.0,23.036951,158.000038,98.0,23.46921,0.0,0.0,20.904425,-0.000192,-0.0,6.544485,-0.000151,-0.0,189.278312
27.52,158.0,98.0,23.257638,158.000036,98.0,23.553475,0.0,0.0,23.533719,-0.000182,-0.0,8.426402,-0.000143,-0.0,215.998202
27.53,158.0,98.0,23.504908,158.000034,98.0,23.657613,0.0,0.0,26.253694,-0.000174,-0.0,10.41388,-0.000136,-0.0,243.262261
27.54,158.0,98.0,23.779612,158.000033,98.0,23.782609,0.0,0.0,29.053974,-0.000165,-0.0,12.499558,-0.00013,-0.0,270.993046
27.55,158.0,98.0,24.082495,158.000031,98.0,23.92937,0.0,0.0,31.924427,-0.000157,-0.0,14.676063,-0.000124,-0.0,299.115936
27.56,158.0,98.0,24.414207,158.000029,98.0,24.09873,0.0,0.0,34.855158,-0.00015,-0.0,16.936037,-0.000118,-0.0,327.558544
27.57,158.0,98.0,24.775298,158.000028,98.0,24.291451,0.0,0.0,37.836518,-0.000142,-0.0,19.272161,-0.000112,-0.0,356.250346
27.58,158.0,98.0,25.166223,158.000027,98.0,24.508223,0.0,0.0,40.859097,-0.000135,-0.0,21.677172,-0.000107,-0.0,385.122462
27.59,158.0,98.0,25.587347,158.000025,98.0,24.749662,0.0,0.0,43.913725,-0.000129,-0.0,24.14387,-0.000101,-0.0,414.107526
27.6,158.0,98.0,26.038944,158.000024,98.0,25.016313,0.0,0.0,46.991476,-0.000123,-0.0,26.665131,-9.6e-05,-0.0,443.139614
27.61,158.0,98.0,26.5212,158.000023,98.0,25.308652,0.0,0.0,50.083663,-0.000117,-0.0,29.233917,-9.2e-05,-0.0,472.154213
27.62,158.0,98.0,27.034216,158.000022,98.0,25.627085,0.0,0.0,53.181842,-0.000111,-0.0,31.84328,-8.7e-05,-0.0,501.088217
27.63,158.0,98.0,27.578011,158.000021,98.0,25.971949,0.0,0.0,56.27781,-0.000106,-0.0,34.486369,-8.3e-05,-0.0,529.879927
27.64,158.0,98.0,28.152524,158.00002,98.0,26.343513,0.0,0.0,59.363603,-0.000101,-0.0,37.156437,-7.9e-05,-0.0,558.469076
27.65,158.0,98.0,28.757614,158.000019,98.0,26.741982,0.0,0.0,62.431502,-9.6e-05,-0.0,39.846843,-7.5e-05,-0.0,586.796848
27.66,158.0,98.0,29.393066,158.000018,98.0,27.167492,0.0,0.0,65.474026,-9.1e-05,-0.0,42.551061,-7.2e-05,-0.0,614.805903
27.67,158.0,98.0,30.058592,158.000017,98.0,27.620119,0.0,0.0,68.483937,-8.7e-05,-0.0,45.262684,-6.8e-05,-0.0,642.440408
27.68,158.0,98.0,30.753833,158.000016,98.0,28.099873,0.0,0.0,71.454239,-8.3e-05,-0.0,47.975424,-6.5e-05,-0.0,669.646063
27.69,158.0,98.0,31.478362,158.000015,98.0,28.606705,0.0,0.0,74.378174,-7.9e-05,-0.0,50.683123,-6.2e-05,-0.0,696.370131
27.7,158.0,98.0,32.231686,158.000015,98.0,29.140502,0.0,0.0,77.24923,-7.5e-05,-0.0,53.379751,-5.9e-05,-0.0,722.561466
27.71,158.0,98.0,33.013247,158.000014,98.0,29.701096,0.0,0.0,80.061132,-7.1e-05,-0.0,56.059413,-5.6e-05,-0.0,748.170539
27.72,158.0,98.0,33.822428,158.000013,98.0,30.28826,0.0,0.0,82.807848,-6.8e-05,-0.0,58.716355,-5.3e-05,-0.0,773.14947
27.73,158.0,98.0,34.658553,158.000013,98.0,30.901709,0.0,0.0,85.483589,-6.4e-05,-0.0,61.344961,-5.1e-05,-0.0,797.452047
27.74,158.0,98.0,35.520887,158.000012,98.0,31.541107,0.0,0.0,88.082803,-6.1e-05,-0.0,63.939763,-4.8e-05,-0.0,821.03376
27.75,158.0,98.0,36.408645,158.000011,98.0,32.206061,0.0,0.0,90.600185,-5.8e-05,-0.0,66.495441,-4.6e-05,-0.0,843.851816
27.76,158.0,98.0,37.320988,158.000011,98.0,32.89613,0.0,0.0,93.030665,-5.6e-05,-0.0,69.006825,-4.4e-05,-0.0,865.865173
27.77,158.0,98.0,38.257027,158.00001,98.0,33.610819,0.0,0.0,95.36942,-5.3e-05,-0.0,71.468904,-4.2e-05,-0.0,887.034556
27.78,158.0,98.0,39.21583,158.00001,98.0,34.349587,0.0,0.0,97.611864,-5e-05,-0.0,73.876822,-4e-05,-0.0,907.322482
27.79,158.0,98.0,40.196417,158.000009,98.0,35.111846,0.0,0.0,99.753654,-4.8e-05,-0.0,76.225885,-3.8e-05,-0.0,926.693279
27.8,158.0,98.0,41.197767,158.000009,98.0,35.896961,0.0,0.0,101.79069,-4.6e-05,-0.0,78.511563,-3.6e-05,-0.0,945.113112
27.81,158.0,98.0,42.218821,158.000009,98.0,36.704256,0.0,0.0,103.71911,-4.3e-05,-0.0,80.729493,-3.4e-05,-0.0,962.549997
27.82,158.0,98.0,43.25848,158.000008,98.0,37.533011,0.0,0.0,105.535295,-4.1e-05,-0.0,82.875479,-3.2e-05,-0.0,978.973825
27.83,158.0,98.0,44.315614,158.000008,98.0,38.382466,0.0,0.0,107.235867,-3.9e-05,-0.0,84.945499,-3.1e-05,-0.0,994.356377
27.84,158.0,98.0,45.389056,158.000007,98.0,39.251823,0.0,0.0,108.81769,-3.7e-05,-0.0,86.935703,-2.9e-05,-0.0,1008.671345
27.85,158.0,98.0,46.477614,158.000007,98.0,40.140247,0.0,0.0,110.277868,-3.6e-05,-0.0,88.84242,-2.8e-05,-0.0,1021.894346
27.86,158.0,98.0,47.580064,158.000007,98.0,41.046869,0.0,0.0,111.613748,-3.4e-05,-0.0,90.662154,-2.7e-05,-0.0,1034.002942
27.87,158.0,98.0,48.695159,158.000006,98.0,41.970785,0.0,0.0,112.822916,-3.2e-05,-0.0,92.391593,-2.5e-05,-0.0,1044.976655
27.88,158.0,98.0,49.821631,158.000006,98.0,42.911061,0.0,0.0,113.903201,-3.1e-05,-0.0,94.027606,-2.4e-05,-0.0,1054.796981
27.89,158.0,98.0,50.958187,158.000006,98.0,43.866733,0.0,0.0,114.852673,-2.9e-05,-0.0,95.567248,-2.3e-05,-0.0,1063.447408
27.9,158.0,98.0,52.103521,158.000005,98.0,44.836811,0.0,0.0,115.669643,-2.8e-05,-0.0,97.00776,-2.2e-05,-0.0,1070.913426
27.91,158.0,98.0,53.256307,158.000005,98.0,45.820277,0.0,0.0,116.352662,-2.6e-05,-0.0,98.346572,-2.1e-05,-0.0,1077.182547
27.92,158.0,98.0,54.415209,158.000005,98.0,46.81609,0.0,0.0,116.900526,-2.5e-05,-0.0,99.581304,-2e-05,-0.0,1082.244311
27.93,158.0,98.0,55.578879,158.000005,98.0,47.823187,0.0,0.0,117.312268,-2.4e-05,-0.0,100.70977,-1.9e-05,-0.0,1086.090308
27.94,158.0,98.0,56.745961,158.000004,98.0,48.840487,0.0,0.0,117.587165,-2.3e-05,-0.0,101.729976,-1.8e-05,-0.0,1088.714181
27.95,158.0,98.0,57.915093,158.000004,98.0,49.866888,0.0,0.0,117.724734,-2.2e-05,-0.0,102.640125,-1.7e-05,-0.0,1090.111645
27.96,158.0,98.0,59.084907,158.000004,98.0,50.901275,0.0,0.0,117.724734,-2.1e-05,-0.0,103.438615,-1.6e-05,-0.0,1090.280496
27.97,158.0,98.0,60.254039,158.000004,98.0,51.942515,0.0,0.0,117.587165,-2e-05,-0.0,104.124046,-1.5e-05,-0.0,1089.220622
27.98,158.0,98.0,61.421121,158.000004,98.0,52.989467,0.0,0.0,117.312268,-1.9e-05,-0.0,104.695215,-1.5e-05,-0.0,1086.934015
27.99,158.0,98.0,62.584791,158.000003,98.0,54.040978,0.0,0.0,116.900526,-1.8e-05,-0.0,105.151123,-1.4e-05,-0.0,1083.424781
28.0,158.0,98.0,63.743693,158.000003,98.0,55.095888,0.0,0.0,116.352662,-1.7e-05,-0.0,105.490972,-1.3e-05,-0.0,1078.699147
28.01,158.0,98.0,64.896479,158.000003,98.0,56.15303,0.0,0.0,115.669643,-1.6e-05,-0.0,105.714169,-1.3e-05,-0.0,1072.765478
28.02,158.0,98.0,66.041813,158.000003,98.0,57.211233,0.0,0.0,114.852673,-1.5e-05,-0.0,105.820327,-1.2e-05,-0.0,1065.634279
28.03,158.0,98.0,67.178369,158.000003,98.0,58.269326,0.0,0.0,113.903201,-1.5e-05,-0.0,105.809263,-1.1e-05,-0.0,1057.318206
28.04,158.0,98.0,68.304841,158.000003,98.0,59.326136,0.0,0.0,112.822916,-1.4e-05,-0.0,105.681006,-1.1e-05,-0.0,1047.83208
28.05,158.0,98.0,69.419936,158.000003,98.0,60.380494,0.0,0.0,111.613748,-1.3e-05,-0.0,105.435792,-1e-05,-0.0,1037.192886
28.06,158.0,98.0,70.522386,158.000002,98.0,61.431234,0.0,0.0,110.277868,-1.3e-05,-0.0,105.074065,-1e-05,-0.0,1025.419789
28.07,158.0,98.0,71.610944,158.000002,98.0,62.477199,0.0,0.0,108.81769,-1.2e-05,-0.0,104.596484,-9e-06,-0.0,1012.53414
28.08,158.0,98.0,72.684386,158.000002,98.0,63.517238,0.0,0.0,107.235867,-1.1e-05,-0.0,104.003917,-9e-06,-0.0,998.559478
28.09,158.0,98.0,73.74152,158.000002,98.0,64.550213,0.0,0.0,105.535295,-1.1e-05,-0.0,103.297446,-9e-06,-0.0,983.521548
28.1,158.0,98.0,74.781179,158.000002,98.0,65.574997,0.0,0.0,103.71911,-1e-05,-0.0,102.478369,-8e-06,-0.0,967.448296
28.11,158.0,98.0,75.802233,158.000002,98.0,66.590479,0.0,0.0,101.79069,-1e-05,-0.0,101.548197,-8e-06,-0.0,950.369885
28.12,158.0,98.0,76.803583,158.000002,98.0,67.595565,0.0,0.0,99.753654,-9e-06,-0.0,100.508656,-7e-06,-0.0,932.318698
28.13,158.0,98.0,77.78417,158.000002,98.0,68.589182,0.0,0.0,97.611864,-9e-06,-0.0,99.361691,-7e-06,-0.0,913.329343
28.14,158.0,98.0,78.742973,158.000002,98.0,69.570277,0.0,0.0,95.36942,-8e-06,-0.0,98.109463,-7e-06,-0.0,893.43866
28.15,158.0,98.0,79.679012,158.000002,98.0,70.53782,0.0,0.0,93.030665,-8e-06,-0.0,96.754351,-6e-06,-0.0,872.685731
28.16,158.0,98.0,80.591355,158.000002,98.0,71.49081,0.0,0.0,90.600185,-8e-06,-0.0,95.298956,-6e-06,-0.0,851.111877
28.17,158.0,98.0,81.479113,158.000001,98.0,72.428271,0.0,0.0,88.082803,-7e-06,-0.0,93.746095,-6e-06,-0.0,828.760672
28.18,158.0,98.0,82.341447,158.000001,98.0,73.349259,0.0,0.0,85.483589,-7e-06,-0.0,92.098807,-5e-06,-0.0,805.677943
28.19,158.0,98.0,83.177572,158.000001,98.0,74.252862,0.0,0.0,82.807848,-7e-06,-0.0,90.360354,-5e-06,-0.0,781.911778
28.2,158.0,98.0,83.986753,158.000001,98.0,75.138204,0.0,0.0,80.061132,-6e-06,-0.0,88.534216,-5e-06,-0.0,757.512528
28.21,158.0,98.0,84.768314,158.000001,98.0,76.004445,0.0,0.0,77.24923,-6e-06,-0.0,86.624099,-5e-06,-0.0,732.532814
28.22,158.0,98.0,85.521638,158.000001,98.0,76.850785,0.0,0.0,74.378174,-6e-06,-0.0,84.633931,-4e-06,-0.0,707.027532
28.23,158.0,98.0,86.246167,158.000001,98.0,77.676463,0.0,0.0,71.454239,-5e-06,-0.0,82.567863,-4e-06,-0.0,681.053854
28.24,158.0,98.0,86.941408,158.000001,98.0,78.480766,0.0,0.0,68.483937,-5e-06,-0.0,80.43027,-4e-06,-0.0,654.671237
28.25,158.0,98.0,87.606934,158.000001,98.0,79.263024,0.0,0.0,65.474026,-5e-06,-0.0,78.225754,-4e-06,-0.0,627.941423
28.26,158.0,98.0,88.242386,158.000001,98.0,80.022615,0.0,0.0,62.431502,-5e-06,-0.0,75.959141,-4e-06,-0.0,600.928444
28.27,158.0,98.0,88.847476,158.000001,98.0,80.75897,0.0,0.0,59.363603,-4e-06,-0.0,73.635481,-3e-06,-0.0,573.698628
28.28,158.0,98.0,89.421989,158.000001,98.0,81.47157,0.0,0.0,56.27781,-4e-06,-0.0,71.260053,-3e-06,-0.0,546.3206
28.29,158.0,98.0,89.965784,158.000001,98.0,82.159954,0.0,0.0,53.181842,-4e-06,-0.0,68.838363,-3e-06,-0.0,518.865286
28.3,158.0,98.0,90.4788,158.000001,98.0,82.823715,0.0,0.0,50.083663,-4e-06,-0.0,66.376141,-3e-06,-0.0,491.405918
28.31,158.0,98.0,90.961056,158.000001,98.0,83.462509,0.0,0.0,46.991476,-4e-06,-0.0,63.879349,-3e-06,-0.0,464.018035
28.32,158.0,98.0,91.412653,158.000001,98.0,84.076051,0.0,0.0,43.913725,-3e-06,-0.0,61.354174,-3e-06,-0.0,436.779489
28.33,158.0,98.0,91.833777,158.000001,98.0,84.664121,0.0,0.0,40.859097,-3e-06,-0.0,58.807033,-3e-06,-0.0,409.770445
28.34,158.0,98.0,92.224702,158.000001,98.0,85.226567,0.0,0.0,37.836518,-3e-06,-0.0,56.244571,-2e-06,-0.0,383.073385
28.35,158.0,98.0,92.585793,158.000001,98.0,85.763303,0.0,0.0,34.855158,-3e-06,-0.0,53.673664,-2e-06,-0.0,356.773112
28.36,158.0,98.0,92.917505,158.000001,98.0,86.274317,0.0,0.0,31.924427,-3e-06,-0.0,51.101415,-2e-06,-0.0,330.956752
28.37,158.0,98.0,93.220388,158.000001,98.0,86.759669,0.0,0.0,29.053974,-3e-06,-0.0,48.53516,-2e-06,-0.0,305.713756
28.38,158.0,98.0,93.495092,158.000001,98.0,87.219494,0.0,0.0,26.253694,-3e-06,-0.0,45.982464,-2e-06,-0.0,281.135904
28.39,158.0,98.0,93.742362,158.0,98.0,87.654005,0.0,0.0,23.533719,-2e-06,-0.0,43.451122,-2e-06,-0.0,257.317305
28.4,158.0,98.0,93.963049,158.0,98.0,88.063497,0.0,0.0,20.904425,-2e-06,-0.0,40.949162,-2e-06,-0.0,234.354403
28.41,158.0,98.0,94.158106,158.0,98.0,88.448345,0.0,0.0,18.376428,-2e-06,-0.0,38.484841,-2e-06,-0.0,212.345976
28.42,158.0,98.0,94.328593,158.0,98.0,88.809011,0.0,0.0,15.960585,-2e-06,-0.0,36.06665,-2e-06,-0.0,191.393138
28.43,158.0,98.0,94.47568,158.0,98.0,89.146045,0.0,0.0,13.667995,-2e-06,-0.0,33.703311,-2e-06,-0.0,171.599346
28.44,158.0,98.0,94.600646,158.0,98.0,89.460082,0.0,0.0,11.509998,-2e-06,-0.0,31.403777,-2e-06,-0.0,153.070395
28.45,158.0,98.0,94.704888,158.0,98.0,89.751855,0.0,0.0,9.498177,-2e-06,-0.0,29.177235,-1e-06,-0.0,135.914427
28.46,158.0,98.0,94.789915,158.0,98.0,90.022186,0.0,0.0,7.644352,-2e-06,-0.0,27.033105,-1e-06,-0.0,120.241926
28.47,158.0,98.0,94.857358,158.0,98.0,90.271996,0.0,0.0,5.960589,-2e-06,-0.0,24.981038,-1e-06,-0.0,106.165727
28.48,158.0,98.0,94.908967,158.0,98.0,90.502305,0.0,0.0,4.459192,-2e-06,-0.0,23.030921,-1e-06,-0.0,93.80101
28.49,158.0,98.0,94.946616,158.0,98.0,90.714234,0.0,0.0,3.152708,-1e-06,-0.0,21.192872,-1e-06,-0.0,83.26531
28.5,158.0,98.0,94.972305,158.0,98.0,90.909006,0.0,0.0,2.053925,-1e-06,-0.0,19.477245,-1e-06,-0.0,74.678511
28.51,158.0,98.0,94.988162,158.0,98.0,91.087953,0.0,0.0,1.175872,-1e-06,-0.0,17.894625,-1e-06,-0.0,68.162853
28.52,158.0,98.0,94.996447,158.0,98.0,91.252511,0.0,0.0,0.531818,-1e-06,-0.0,16.455833,-1e-06,-0.0,63.842932
28.53,158.0,98.0,94.99955,158.0,98.0,91.40423,0.0,0.0,0.135277,-1e-06,-0.0,15.171925,-1e-06,-0.0,61.845699
28.54,158.0,98.0,95.0,158.0,98.0,91.544772,0.0,0.0,0.0,-1e-06,-0.0,14.054191,-1e-06,-0.0,62.300465
28.55,158.0,98.0,95.0,158.0,98.0,91.675914,0.0,0.0,0.0,-1e-06,-0.0,13.114153,-1e-06,-0.0,65.338901
28.56,158.0,98.0,95.0,158.0,98.0,91.799428,0.0,0.0,0.0,-1e-06,-0.0,12.351453,-1e-06,-0.0,70.125565
28.57,158.0,98.0,95.0,158.0,98.0,91.916632,0.0,0.0,0.0,-1e-06,-0.0,11.720373,-1e-06,-0.0,73.028103
28.58,158.0,98.0,95.0,158.0,98.0,92.028426,0.0,0.0,0.0,-1e-06,-0.0,11.179443,-1e-06,-0.0,73.929338
28.59,158.0,98.0,95.0,158.0,98.0,92.135443,0.0,0.0,0.0,-1e-06,-0.0,10.701619,-1e-06,-0.0,73.568493
28.6,158.0,98.0,95.0,158.0,98.0,92.238135,0.0,0.0,0.0,-1e-06,-0.0,10.269209,-1e-06,-0.0,72.423358
28.61,158.0,98.0,95.0,158.0,98.0,92.336841,0.0,0.0,0.0,-1e-06,-0.0,9.870587,-1e-06,-0.0,70.802358
28.62,158.0,98.0,95.0,158.0,98.0,92.431821,0.0,0.0,0.0,-1e-06,-0.0,9.498066,-1e-06,-0.0,68.904203
28.63,158.0,98.0,95.0,158.0,98.0,92.523286,0.0,0.0,0.0,-1e-06,-0.0,9.146515,-1e-06,-0.0,66.856553
28.64,158.0,98.0,95.0,158.0,98.0,92.611411,0.0,0.0,0.0,-1e-06,-0.0,8.812464,-1e-06,-0.0,64.741065
28.65,158.0,98.0,95.0,158.0,98.0,92.696346,0.0,0.0,0.0,-1e-06,-0.0,8.493526,-1e-06,-0.0,62.609622
28.66,158.0,98.0,95.0,158.0,98.0,92.778227,0.0,0.0,0.0,-1e-06,-0.0,8.188021,-1e-06,-0.0,60.49485
28.67,158.0,98.0,95.0,158.0,98.0,92.857174,0.0,0.0,0.0,-1e-06,-0.0,7.89473,-0.0,-0.0,58.416932
28.68,158.0,98.0,95.0,158.0,98.0,92.933301,0.0,0.0,0.0,-1e-06,-0.0,7.612739,-0.0,-0.0,56.388021
28.69,158.0,98.0,95.0,158.0,98.0,93.006715,0.0,0.0,0.0,-1e-06,-0.0,7.341335,-0.0,-0.0,54.415102
28.7,158.0,98.0,95.0,158.0,98.0,93.077514,0.0,0.0,0.0,-1e-06,-0.0,7.079941,-0.0,-0.0,52.501838
28.71,158.0,98.0,95.0,158.0,98.0,93.145795,0.0,0.0,0.0,-1e-06,-0.0,6.828071,-0.0,-0.0,50.649776
28.72,158.0,98.0,95.0,158.0,98.0,93.211648,0.0,0.0,0.0,-0.0,-0.0,6.585301,-0.0,-0.0,48.859114
28.73,158.0,98.0,95.0,158.0,98.0,93.27516,0.0,0.0,0.0,-0.0,-0.0,6.351254,-0.0,-0.0,47.129212
28.74,158.0,98.0,95.0,158.0,98.0,93.336416,0.0,0.0,0.0,-0.0,-0.0,6.125583,-0.0,-0.0,45.458908
28.75,158.00005,98.000006,95.0,158.0,98.0,93.395496,0.015024,0.001845,0.0,-0.0,-0.0,5.907969,-0.0,-0.0,43.846732
28.76,158.0004,98.000049,95.0,158.000005,98.000001,93.452477,0.059783,0.007342,0.0,0.000528,8.1e-05,5.698111,0.079215,0.009728,42.291037
28.77,158.001343,98.000165,95.0,158.000047,98.000007,93.507434,0.133809,0.016433,0.0,0.004151,0.000635,5.495723,0.547698,0.067005,40.79009
28.78,158.003171,98.000389,95.0,158.000183,98.000028,93.560439,0.236636,0.029061,0.0,0.013642,0.002072,5.300535,1.456816,0.176921,39.342122
28.79,158.006169,98.000758,95.0,158.000498,98.000075,93.611562,0.3678,0.045168,0.0,0.031424,0.004739,5.112285,2.776507,0.334594,37.945366
28.8,158.010619,98.001304,95.0,158.001094,98.000165,93.66087,0.526841,0.0647,0.0,0.059613,0.008928,4.930725,4.479658,0.535794,36.598076
28.81,158.016796,98.002063,95.0,158.002094,98.000313,93.708426,0.7133,0.087598,0.0,0.100045,0.014881,4.755616,6.54178,0.776851,35.298544
28.82,158.024972,98.003067,95.0,158.003637,98.000541,93.754293,0.926721,0.113808,0.0,0.154314,0.022801,4.586728,8.940728,1.054569,34.045104
28.83,158.035415,98.004349,95.0,158.005875,98.00087,93.798531,1.166651,0.143273,0.0,0.223794,0.032856,4.423839,11.656434,1.366166,32.836141
28.84,158.048387,98.005942,95.0,158.008972,98.001322,93.841199,1.432638,0.175938,0.0,0.309663,0.045182,4.266735,14.670689,1.709208,31.670087
28.85,158.064147,98.007878,95.0,158.013101,98.001921,93.882351,1.724235,0.211748,0.0,0.412927,0.059893,4.115211,17.966932,2.081564,30.545427
28.86,158.082949,98.010187,95.0,158.018445,98.002691,93.922042,2.040994,0.250648,0.0,0.534438,0.077077,3.969068,21.530078,2.48136,29.460697
28.87,158.105042,98.0129,95.0,158.025195,98.00366,93.960323,2.382472,0.292584,0.0,0.67491,0.096806,3.828116,25.346349,2.906942,28.414482
28.88,158.13067,98.016047,95.0,158.033544,98.004851,93.997244,2.748228,0.337502,0.0,0.834936,0.119132,3.692169,29.403139,3.356846,27.405417
28.89,158.160075,98.019658,95.0,158.043694,98.006292,94.032855,3.137824,0.385347,0.0,1.014999,0.144098,3.56105,33.68888,3.829772,26.432183
28.9,158.193493,98.023762,95.0,158.055849,98.008009,94.067201,3.550822,0.436066,0.0,1.215485,0.17173,3.434588,38.192934,4.324556,25.49351
28.91,158.231155,98.028387,95.0,158.070216,98.01003,94.100327,3.986789,0.489606,0.0,1.436696,0.202047,3.312616,42.905493,4.840156,24.58817
28.92,158.273288,98.033562,95.0,158.087004,98.01238,94.132277,4.445294,0.545913,0.0,1.678855,0.235058,3.194977,47.817485,5.375632,23.714981
28.93,158.320117,98.039313,95.0,158.106425,98.015088,94.163092,4.925907,0.604936,0.0,1.942119,0.270764,3.081515,52.920497,5.930132,22.8728
28.94,158.37186,98.045667,95.0,158.128691,98.018179,94.192813,5.428203,0.666621,0.0,2.226584,0.30916,2.972082,58.206707,6.502879,22.060527
28.95,158.428731,98.052651,95.0,158.154014,98.021682,94.221478,5.951756,0.730917,0.0,2.532292,0.350235,2.866535,63.668817,7.093162,21.2771
28.96,158.490942,98.060291,95.0,158.182607,98.025622,94.249125,6.496146,0.797772,0.0,2.859236,0.393974,2.764737,69.299997,7.700324,20.521494
28.97,158.558697,98.068612,95.0,158.21468,98.030025,94.275791,7.060954,0.867135,0.0,3.207369,0.440357,2.666554,75.09384,8.323758,19.792722
28.98,158.6322,98.077639,95.0,158.250446,98.034919,94.301509,7.645762,0.938953,0.0,3.576605,0.489361,2.571858,81.044311,8.962897,19.08983
28.99,158.711648,98.087395,95.0,158.290115,98.040328,94.326315,8.250157,1.013177,0.0,3.966824,0.540958,2.480524,87.145714,9.617211,18.4119
29.0,158.797236,98.097906,95.0,158.333893,98.046279,94.350239,8.873727,1.089756,0.0,4.377878,0.59512,2.392434,93.392652,10.2862,17.758045
29.01,158.889151,98.109194,95.0,158.381989,98.052798,94.373314,9.516062,1.168639,0.0,4.809591,0.651817,2.307473,99.78,10.969389,17.12741
29.02,158.987582,98.121282,95.0,158.434607,98.059908,94.395569,10.176756,1.249777,0.0,5.261765,0.711013,2.225528,106.302873,11.666329,16.51917
29.03,159.092707,98.134192,95.0,158.491949,98.067635,94.417034,10.855404,1.33312,0.0,5.734182,0.772676,2.146494,112.956604,12.37659,15.932531
29.04,159.204706,98.147946,95.0,158.554215,98.076002,94.437737,11.551605,1.418618,0.0,6.226604,0.836768,2.070266,119.736722,13.099758,15.366725
29.05,159.323752,98.162566,95.0,158.621603,98.085035,94.457704,12.264959,1.506223,0.0,6.738778,0.903252,1.996745,126.638932,13.835434,14.821012
29.06,159.450014,98.178072,95.0,158.694307,98.094756,94.476962,12.995069,1.595886,0.0,7.270437,0.972089,1.925836,133.659098,14.583235,14.294679
29.07,159.583658,98.194484,95.0,158.77252,98.105188,94.495537,13.74154,1.687558,0.0,7.821302,1.04324,1.857444,140.793226,15.342786,13.787037
29.08,159.724846,98.211823,95.0,158.856431,98.116355,94.513452,14.503981,1.781191,0.0,8.391082,1.116666,1.791482,148.037454,16.113725,13.297423
29.09,159.873734,98.230108,95.0,158.946226,98.128278,94.53073,15.282002,1.876737,0.0,8.979478,1.192324,1.727861,155.388033,16.895697,12.825196
29.1,160.030478,98.249357,95.0,159.042087,98.14098,94.547395,16.075215,1.974149,0.0,9.586181,1.270175,1.6665,162.841326,17.688356,12.36974
29.11,160.195226,98.269589,95.0,159.144196,98.154481,94.563469,16.883236,2.07338,0.0,10.210877,1.350176,1.607319,170.393789,18.491362,11.930458
29.12,160.368126,98.290822,95.0,159.252729,98.168804,94.578971,17.705683,2.174382,0.0,10.853243,1.432286,1.550238,178.041966,19.304383,11.506776
29.13,160.549319,98.313074,95.0,159.367858,98.183969,94.593923,18.542176,2.277109,0.0,11.512953,1.516461,1.495185,185.782485,20.127091,11.09814
29.14,160.738944,98.336362,95.0,159.489755,98.199995,94.608344,19.392338,2.381515,0.0,12.189676,1.602661,1.442087,193.612044,20.959163,10.704015
29.15,160.937136,98.360701,95.0,159.618586,98.216904,94.622252,20.255793,2.487554,0.0,12.883076,1.690841,1.390875,201.527411,21.800282,10.323888
29.16,161.144025,98.386108,95.0,159.754514,98.234714,94.635667,21.13217,2.595179,0.0,13.592815,1.78096,1.341481,209.525415,22.650135,9.957259
29.17,161.35974,98.4126,95.0,159.897699,98.253443,94.648606,22.021098,2.704345,0.0,14.318551,1.872974,1.293842,217.602945,23.508411,9.603651
29.18,161.584403,98.44019,95.0,160.048299,98.273112,94.661085,22.92221,2.815008,0.0,15.059941,1.966841,1.247894,225.756941,24.374806,9.2626
29.19,161.818135,98.468894,95.0,160.206465,98.293737,94.67312,23.835141,2.927123,0.0,15.81664,2.062517,1.203578,233.984394,25.249016,8.93366
29.2,162.061053,98.498726,95.0,160.372348,98.315336,94.684729,24.759528,3.040644,0.0,16.588302,2.159959,1.160836,242.28234,26.130742,8.616402
29.21,162.313268,98.5297,95.0,160.546094,98.337928,94.695925,25.695011,3.155528,0.0,17.374578,2.259126,1.119612,250.647859,27.019688,8.310411
29.22,162.57489,98.561829,95.0,160.727845,98.361527,94.706723,26.641233,3.27173,0.0,18.175121,2.359973,1.079851,259.078073,27.91556,8.015287
29.23,162.846025,98.595126,95.0,160.917741,98.386152,94.717138,27.597839,3.389208,0.0,18.989582,2.462459,1.041503,267.570139,28.818067,7.730643
29.24,163.126774,98.629604,95.0,161.115917,98.411817,94.727184,28.564475,3.507918,0.0,19.817613,2.56654,1.004516,276.121253,29.726921,7.456107
29.25,163.417237,98.665275,95.0,161.322506,98.438539,94.736872,29.540791,3.627816,0.0,20.658865,2.672173,0.968843,284.728644,30.641837,7.191321
29.26,163.717508,98.70215,95.0,161.537636,98.466332,94.746216,30.526439,3.748861,0.0,21.512989,2.779318,0.934437,293.389576,31.562531,6.935938
29.27,164.027679,98.740241,95.0,161.761432,98.495212,94.755229,31.521075,3.871009,0.0,22.379638,2.88793,0.901253,302.101339,32.488722,6.689625
29.28,164.347837,98.779559,95.0,161.994017,98.525191,94.763921,32.524355,3.994219,0.0,23.258466,2.997969,0.869247,310.861259,33.420131,6.452059
29.29,164.678069,98.820114,95.0,162.235508,98.556285,94.772305,33.535939,4.118449,0.0,24.149126,3.109391,0.838378,319.666687,34.356482,6.222929
29.3,165.018454,98.861915,95.0,162.486021,98.588507,94.780391,34.555489,4.243656,0.0,25.051272,3.222156,0.808605,328.515002,35.297501,6.001936
29.31,165.369071,98.904974,95.0,162.745666,98.621869,94.78819,35.582668,4.369801,0.0,25.964562,3.336221,0.779889,337.403612,36.242917,5.788792
29.32,165.729995,98.949298,95.0,163.014553,98.656384,94.795712,36.617145,4.496842,0.0,26.888652,3.451545,0.752193,346.329947,37.192458,5.583216
29.33,166.101297,98.994896,95.0,163.292785,98.692065,94.802967,37.658589,4.624739,0.0,27.8232,3.568087,0.725481,355.291466,38.145858,5.384942
29.34,166.483045,99.041777,95.0,163.580463,98.728923,94.809964,38.706671,4.753451,0.0,28.767867,3.685806,0.699717,364.285652,39.102851,5.193708
29.35,166.875303,99.08995,95.0,163.877687,98.76697,94.816713,39.761065,4.882938,0.0,29.722314,3.80466,0.674868,373.31001,40.063174,5.009266
29.36,167.278134,99.13942,95.0,164.184549,98.806216,94.823222,40.821449,5.01316,0.0,30.686205,3.92461,0.650902,382.36207,41.026564,4.831374
29.37,167.691594,99.190196,95.0,164.501141,98.846672,94.8295,41.887502,5.144079,0.0,31.659203,4.045614,0.627787,391.439385,41.992764,4.659799
29.38,168.115741,99.242284,95.0,164.82755,98.888349,94.835554,42.958905,5.275655,0.0,32.640976,4.167633,0.605492,400.539531,42.961516,4.494317
29.39,168.550624,99.295691,95.0,165.163862,98.931255,94.841394,44.035342,5.407849,0.0,33.631191,4.290625,0.58399,409.660106,43.932565,4.334712
29.4,168.996294,99.350422,95.0,165.510157,98.9754,94.847027,45.116501,5.540623,0.0,34.629519,4.414553,0.563251,418.798729,44.905657,4.180775
29.41,169.452796,99.406484,95.0,165.866514,99.020794,94.852459,46.202069,5.673938,0.0,35.635632,4.539375,0.543248,427.953043,45.880543,4.032305
29.42,169.920172,99.463881,95.0,166.233006,99.067445,94.857699,47.291739,5.807757,0.0,36.649203,4.665053,0.523956,437.120709,46.856972,3.889107
29.43,170.398462,99.522618,95.0,166.609705,99.11536,94.862752,48.385205,5.942043,0.0,37.669908,4.791547,0.505349,446.299414,47.834699,3.750994
29.44,170.887702,99.5827,95.0,166.996679,99.164548,94.867626,49.482163,6.076757,0.0,38.697425,4.918819,0.487403,455.486862,48.813478,3.617787
29.45,171.387926,99.644131,95.0,167.393994,99.215017,94.872327,50.582311,6.211863,0.0,39.731434,5.04683,0.470094,464.68078,49.793067,3.48931
29.46,171.899164,99.706915,95.0,167.80171,99.266772,94.876861,51.685352,6.347324,0.0,40.771617,5.175542,0.453399,473.878916,50.773224,3.365395
29.47,172.421444,99.771054,95.0,168.219886,99.319821,94.881234,52.790989,6.483104,0.0,41.817658,5.304917,0.437298,483.079036,51.753713,3.245881
29.48,172.954789,99.836553,95.0,168.648579,99.37417,94.885452,53.898928,6.619167,0.0,42.869242,5.434916,0.421768,492.27893,52.734295,3.130611
29.49,173.499222,99.903413,95.0,169.087839,99.429825,94.88952,55.008877,6.755476,0.0,43.926059,5.565502,0.40679,501.476405,53.714736,3.019435
29.5,174.054761,99.971637,95.0,169.537717,99.486792,94.893443,56.120549,6.891997,0.0,44.987798,5.696637,0.392344,510.669292,54.694805,2.912207
29.51,174.621423,100.041227,95.0,169.998259,99.545075,94.897227,57.233657,7.028695,0.0,46.054151,5.828286,0.378411,519.85544,55.67427,2.808787
29.52,175.199219,100.112185,95.0,170.469507,99.604679,94.900877,58.347917,7.165534,0.0,47.124815,5.96041,0.364972,529.032718,56.652904,2.709039
29.53,175.78816,100.184511,95.0,170.951502,99.665608,94.904397,59.463047,7.302479,0.0,48.199485,6.092973,0.352011,538.199015,57.630479,2.612834
29.54,176.388254,100.258207,95.0,171.44428,99.727868,94.907792,60.578768,7.439498,0.0,49.277861,6.22594,0.339511,547.352241,58.606773,2.520045
29.55,176.999504,100.333272,95.0,171.947877,99.791461,94.911067,61.694804,7.576555,0.0,50.359643,6.359273,0.327454,556.490326,59.581563,2.430552
29.56,177.621913,100.409709,95.0,172.462322,99.85639,94.914225,62.810881,7.713617,0.0,51.444537,6.492937,0.315825,565.611219,60.554628,2.344237
29.57,178.25548,100.487515,95.0,172.987645,99.922659,94.917271,63.926727,7.850651,0.0,52.532248,6.626897,0.304609,574.71289,61.525751,2.260987
29.58,178.900201,100.566691,95.0,173.523869,99.99027,94.920209,65.042074,7.987623,0.0,53.622484,6.761117,0.293792,583.793328,62.494717,2.180693
29.59,179.556069,100.647237,95.0,174.071019,100.059226,94.923043,66.156653,8.124501,0.0,54.714955,6.895563,0.283358,592.850542,63.46131,2.103251
29.6,180.223077,100.72915,95.0,174.629113,100.129528,94.925776,67.270201,8.261253,0.0,55.809374,7.0302,0.273295,601.882561,64.42532,2.028559
29.61,180.901211,100.812429,95.0,175.198167,100.201178,94.928412,68.382457,8.397846,0.0,56.905457,7.164992,0.26359,610.887434,65.386537,1.956519
29.62,181.590458,100.897074,95.0,175.778197,100.274177,94.930954,69.49316,8.534248,0.0,58.002921,7.299908,0.254229,619.863229,66.344753,1.887038
29.63,182.290802,100.983081,95.0,176.369211,100.348526,94.933406,70.602055,8.670428,0.0,59.101485,7.434911,0.245201,628.808035,67.299763,1.820024
29.64,183.002222,101.070448,95.0,176.97122,100.424225,94.935771,71.708886,8.806354,0.0,60.200873,7.569969,0.236493,637.719959,68.251363,1.755391
29.65,183.724697,101.159173,95.0,177.584228,100.501276,94.938052,72.813402,8.941997,0.0,61.300807,7.705049,0.228095,646.59713,69.199351,1.693052
29.66,184.458202,101.249253,95.0,178.208238,100.579677,94.940252,73.915353,9.077324,0.0,62.401015,7.840117,0.219994,655.437694,70.14353,1.632927
29.67,185.202711,101.340684,95.0,178.843251,100.659429,94.942374,75.014492,9.212306,0.0,63.501226,7.975141,0.212182,664.239819,71.083701,1.574938
29.68,185.958194,101.433462,95.0,179.489262,100.740529,94.94442,76.110574,9.346913,0.0,64.601172,8.110088,0.204647,673.001692,72.019669,1.519008
29.69,186.724619,101.527585,95.0,180.146268,100.822979,94.946394,77.203358,9.481114,0.0,65.700587,8.244927,0.197379,681.721519,72.951242,1.465064
29.7,187.501953,101.623047,95.0,180.81426,100.906775,94.948298,78.292604,9.614881,0.0,66.799205,8.379625,0.19037,690.397526,73.878229,1.413035
29.71,188.290159,101.719844,95.0,181.493228,100.991916,94.950134,79.378074,9.748185,0.0,67.896768,8.51415,0.183609,699.027959,74.80044,1.362855
29.72,189.089197,101.817972,95.0,182.183158,101.078401,94.951904,80.459534,9.880995,0.0,68.993014,8.648472,0.177089,707.611084,75.717689,1.314456
29.73,189.899026,101.917424,95.0,182.884035,101.166227,94.953612,81.536752,10.013285,0.0,70.087688,8.78256,0.1708,716.145186,76.629791,1.267776
29.74,190.719604,102.018197,95.0,183.59584,101.255391,94.95526,82.609497,10.145026,0.0,71.180535,8.916382,0.164734,724.628569,77.536564,1.222754
29.75,191.550884,102.120284,95.0,184.318553,101.34589,94.956849,83.677542,10.276189,0.0,72.271303,9.049908,0.158884,733.059559,78.437827,1.179331
29.76,192.392818,102.223679,95.0,185.052151,101.437721,94.958381,84.740663,10.406748,0.0,73.359744,9.183108,0.153242,741.436499,79.333403,1.13745
29.77,193.245355,102.328377,95.0,185.796607,101.53088,94.959859,85.798636,10.536675,0.0,74.445609,9.315953,0.1478,749.757753,80.223113,1.097056
29.78,194.108443,102.43437,95.0,186.551893,101.625364,94.961285,86.851243,10.665942,0.0,75.528655,9.448412,0.142551,758.021705,81.106786,1.058097
29.79,194.982028,102.541653,95.0,187.31798,101.721169,94.962659,87.898265,10.794524,0.0,76.608638,9.580457,0.137489,766.226757,81.984248,1.020521
29.8,195.866052,102.650217,95.0,188.094833,101.81829,94.963986,88.939487,10.922393,0.0,77.68532,9.712058,0.132606,774.371333,82.855329,0.984279
29.81,196.760457,102.760056,95.0,188.882418,101.916721,94.965265,89.974696,11.049524,0.0,78.758462,9.843187,0.127897,782.453874,83.719862,0.949325
29.82,197.66518,102.871162,95.0,189.680696,102.01646,94.966498,91.003684,11.175891,0.0,79.827829,9.973815,0.123355,790.472843,84.57768,0.915612
29.83,198.58016,102.983528,95.0,190.489628,102.117499,94.967688,92.02624,11.301468,0.0,80.89319,10.103914,0.118974,798.426722,85.428621,0.883096
29.84,199.50533,103.097146,95.0,191.309171,102.219833,94.968835,93.042162,11.42623,0.0,81.954313,10.233457,0.114749,806.314012,86.272522,0.851735
29.85,200.440623,103.212006,95.0,192.139281,102.323457,94.969942,94.051245,11.550153,0.0,83.010972,10.362416,0.110674,814.133233,87.109224,0.821488
29.86,201.385971,103.328102,95.0,192.97991,102.428365,94.971009,95.053289,11.673211,0.0,84.062939,10.490763,0.106744,821.882927,87.93857,0.792315
29.87,202.3413,103.445423,95.0,193.83101,102.53455,94.972039,96.048097,11.79538,0.0,85.109993,10.618472,0.102953,829.561654,88.760404,0.764177
29.88,203.306539,103.563961,95.0,194.692529,102.642005,94.973032,97.035473,11.916637,0.0,86.151914,10.745515,0.099297,837.167993,89.574573,0.737039
29.89,204.281612,103.683707,95.0,195.564414,102.750724,94.97399,98.015224,12.036957,0.0,87.188482,10.871868,0.095771,844.700545,90.380926,0.710865
29.9,205.266442,103.804651,95.0,196.446609,102.860699,94.974913,98.98716,12.156318,0.0,88.219482,10.997503,0.09237,852.157927,91.179315,0.685621
29.91,206.260949,103.926783,95.0,197.339056,102.971923,94.975804,99.951092,12.274696,0.0,89.244702,11.122396,0.089089,859.53878,91.969591,0.661272
29.92,207.265053,104.050094,95.0,198.241695,103.084388,94.976664,100.906835,12.392067,0.0,90.26393,11.246519,0.085925,866.841762,92.751611,0.637789
29.93,208.278671,104.174574,95.0,199.154465,103.198086,94.977492,101.854206,12.508411,0.0,91.276957,11.369849,0.082874,874.06555,93.525232,0.615139
29.94,209.301718,104.300211,95.0,200.0773,103.31301,94.978292,102.793024,12.623705,0.0,92.283578,11.492361,0.079931,881.208843,94.290314,0.593294
29.95,210.334108,104.426996,95.0,201.010136,103.42915,94.979062,103.723111,12.737926,0.0,93.28359,11.614029,0.077092,888.270358,95.046717,0.572225
29.96,211.375752,104.554917,95.0,201.952904,103.546498,94.979806,104.644291,12.851053,0.0,94.276791,11.73483,0.074355,895.248832,95.794305,0.551903
29.97,212.426562,104.683964,95.0,202.905534,103.665046,94.980523,105.556391,12.963066,0.0,95.262982,11.854739,0.071714,902.143022,96.532945,0.532304
29.98,213.486445,104.814125,95.0,203.867954,103.784783,94.981215,106.45924,13.073942,0.0,96.241968,11.973734,0.069167,908.951705,97.262504,0.5134
29.99,214.555307,104.945389,95.0,204.840089,103.905701,94.981882,107.35267,13.183661,0.0,97.213554,12.09179,0.066711,915.673675,97.982852,0.495168
30.0,215.633054,105.077743,95.0,205.821865,104.02779,94.982525,108.236515,13.292204,0.0,98.177549,12.208884,0.064342,922.307749,98.693861,0.477583
30.01,216.71959,105.211178,95.0,206.813202,104.15104,94.983146,109.11061,13.399549,0.0,99.133765,12.324994,0.062057,928.852763,99.395405,0.460623
30.02,217.814815,105.345679,95.0,207.814023,104.275441,94.983744,109.974796,13.505677,0.0,100.082015,12.440098,0.059853,935.30757,100.087361,0.444265
30.03,218.91863,105.481235,95.0,208.824244,104.400983,94.984322,110.828914,13.610568,0.0,101.022114,12.554172,0.057728,941.671047,100.769607,0.428488
30.04,220.030934,105.617834,95.0,209.843783,104.527655,94.984879,111.672808,13.714204,0.0,101.953882,12.667195,0.055678,947.942087,101.442024,0.413271
30.05,221.151623,105.755463,95.0,210.872554,104.655446,94.985416,112.506323,13.816566,0.0,102.877139,12.779147,0.0537,954.119603,102.104493,0.398595
30.06,222.280594,105.894108,95.0,211.910471,104.784346,94.985933,113.329309,13.917634,0.0,103.791708,12.890004,0.051793,960.20253,102.756901,0.38444
30.07,223.417739,106.033757,95.0,212.957445,104.914344,94.986433,114.141617,14.017392,0.0,104.697416,12.999746,0.049954,966.189821,103.399133,0.370787
30.08,224.562952,106.174398,95.0,214.013386,105.045427,94.986915,114.943101,14.115819,0.0,105.59409,13.108353,0.04818,972.080449,104.031079,0.35762
30.09,225.716124,106.316015,95.0,215.078202,105.177585,94.987379,115.733617,14.2129,0.0,106.481562,13.215805,0.046469,977.873406,104.65263,0.34492
30.1,226.877144,106.458597,95.0,216.151798,105.310806,94.987828,116.513024,14.308617,0.0,107.359663,13.32208,0.044819,983.567704,105.263678,0.332671
30.11,228.0459,106.602128,95.0,217.234081,105.445078,94.98826,117.281183,14.402952,0.0,108.22823,13.42716,0.043227,989.162376,105.864119,0.320857
30.12,229.222279,106.746596,95.0,218.324952,105.580388,94.988677,118.037957,14.495889,0.0,109.087101,13.531024,0.041692,994.656472,106.453851,0.309462
30.13,230.406168,106.891986,95.0,219.424313,105.716724,94.989079,118.783212,14.587412,0.0,109.936116,13.633654,0.040211,1000.049064,107.032773,0.298472
30.14,231.597449,107.038283,95.0,220.532064,105.854075,94.989467,119.516818,14.677504,0.0,110.775118,13.735031,0.038783,1005.339243,107.600787,0.287873
30.15,232.796006,107.185474,95.0,221.648103,105.992426,94.989841,120.238644,14.766149,0.0,111.603953,13.835136,0.037406,1010.526119,108.157796,0.27765
30.16,234.001721,107.333545,95.0,222.772328,106.131765,94.990202,120.948564,14.853332,0.0,112.422467,13.93395,0.036078,1015.608823,108.703706,0.26779
30.17,235.214474,107.482479,95.0,223.904633,106.27208,94.99055,121.646455,14.939038,0.0,113.230512,14.031457,0.034796,1020.586503,109.238424,0.25828
30.18,236.434143,107.632263,95.0,225.044913,106.413356,94.990885,122.332194,15.023252,0.0,114.027941,14.127637,0.033561,1025.45833,109.761862,0.249108
30.19,237.660607,107.782882,95.0,226.193059,106.555581,94.991209,123.005662,15.105959,0.0,114.814607,14.222475,0.032369,1030.223492,110.273932,0.240261
30.2,238.893743,107.934319,95.0,227.348962,106.698741,94.991521,123.666743,15.187144,0.0,115.590369,14.315952,0.031219,1034.881199,110.774546,0.231729
30.21,240.133426,108.086561,95.0,228.512513,106.842821,94.991822,124.315322,15.266794,0.0,116.355087,14.408051,0.030111,1039.430678,111.263623,0.2235
30.22,241.379531,108.239591,95.0,229.6836,106.987809,94.992113,124.951287,15.344895,0.0,117.108624,14.498757,0.029041,1043.871179,111.741079,0.215562
30.23,242.63193,108.393395,95.0,230.862108,107.133689,94.992393,125.574529,15.421433,0.0,117.850844,14.588053,0.02801,1048.201967,112.206837,0.207907
30.24,243.890497,108.547956,95.0,232.047924,107.280449,94.992663,126.184941,15.496396,0.0,118.581614,14.675924,0.027015,1052.422331,112.660818,0.200524
30.25,245.155102,108.703258,95.0,233.240932,107.428072,94.992923,126.782419,15.569771,0.0,119.300805,14.762353,0.026056,1056.531579,113.102948,0.193403
30.26,246.425615,108.859286,95.0,234.441015,107.576545,94.993175,127.36686,15.641544,0.0,120.008289,14.847325,0.025131,1060.529035,113.533153,0.186535
30.27,247.701907,109.016024,95.0,235.648055,107.725854,94.993417,127.938165,15.711705,0.0,120.703941,14.930826,0.024238,1064.414048,113.951362,0.17991
30.28,248.983844,109.173455,95.0,236.861931,107.875982,94.993651,128.496237,15.78024,0.0,121.387637,15.01284,0.023377,1068.185982,114.357507,0.173521
30.29,250.271294,109.331562,95.0,238.082523,108.026916,94.993876,129.040982,15.847138,0.0,122.059258,15.093354,0.022547,1071.844224,114.75152,0.167359
30.3,251.564124,109.490331,95.0,239.30971,108.178639,94.994094,129.572306,15.912388,0.0,122.718686,15.172353,0.021747,1075.388179,115.133338,0.161416
30.31,252.862198,109.649744,95.0,240.543368,108.331137,94.994304,130.090121,15.97598,0.0,123.365804,15.249823,0.020974,1078.817271,115.502897,0.155683
30.32,254.165382,109.809784,95.0,241.783373,108.484395,94.994506,130.594338,16.037901,0.0,124.000501,15.325751,0.020229,1082.130946,115.860137,0.150155
30.33,255.473538,109.970435,95.0,243.0296,108.638396,94.994701,131.084874,16.098142,0.0,124.622665,15.400124,0.019511,1085.328668,116.205001,0.144822
30.34,256.786531,110.131679,95.0,244.281922,108.793125,94.994889,131.561646,16.156693,0.0,125.232189,15.472929,0.018818,1088.40992,116.537431,0.139679
30.35,258.104221,110.293501,95.0,245.540212,108.948567,94.995071,132.024574,16.213544,0.0,125.828967,15.544153,0.01815,1091.374206,116.857373,0.134719
30.36,259.426469,110.455882,95.0,246.804341,109.104705,94.995246,132.473581,16.268685,0.0,126.412896,15.613783,0.017505,1094.22105,117.164776,0.129935
30.37,260.753137,110.618806,95.0,248.074179,109.261523,94.995415,132.908591,16.322108,0.0,126.983875,15.681809,0.016884,1096.949994,117.45959,0.12532
30.38,262.084084,110.782256,95.0,249.349597,109.419005,94.995577,133.329532,16.373802,0.0,127.541806,15.748219,0.016284,1099.560601,117.741767,0.12087
30.39,263.419169,110.946214,95.0,250.630463,109.577135,94.995734,133.736334,16.42376,0.0,128.086592,15.813,0.015706,1102.052454,118.011262,0.116577
30.4,264.758251,111.110662,95.0,251.916645,109.735896,94.995886,134.12893,16.471974,0.0,128.618142,15.876142,0.015148,1104.425153,118.26803,0.112437
30.41,266.101186,111.275584,95.0,253.208008,109.895273,94.996032,134.507254,16.518435,0.0,129.136363,15.937634,0.01461,1106.678321,118.512031,0.108444
30.42,267.447832,111.440962,95.0,254.50442,110.055247,94.996173,134.871244,16.563135,0.0,129.641168,15.997465,0.014091,1108.8116,118.743225,0.104593
30.43,268.798046,111.606778,95.0,255.805745,110.215804,94.996309,135.220839,16.606068,0.0,130.13247,16.055626,0.013591,1110.824648,118.961575,0.100879
30.44,270.151682,111.773014,95.0,257.111847,110.376925,94.99644,135.555982,16.647226,0.0,130.610186,16.112107,0.013108,1112.717149,119.167046,0.097296
30.45,271.508597,111.939652,95.0,258.422589,110.538594,94.996566,135.876617,16.686602,0.0,131.074234,16.166897,0.012643,1114.4888,119.359605,0.093841
30.46,272.868645,112.106676,95.0,259.737834,110.700794,94.996688,136.182691,16.72419,0.0,131.524537,16.219988,0.012194,1116.139323,119.539221,0.090509
30.47,274.23168,112.274066,95.0,261.057444,110.863507,94.996806,136.474155,16.759984,0.0,131.961018,16.271371,0.011761,1117.668457,119.705866,0.087294
30.48,275.597555,112.441805,95.0,262.38128,111.026718,94.996919,136.75096,16.793978,0.0,132.383604,16.321037,0.011343,1119.075961,119.859512,0.084194
30.49,276.966125,112.609875,95.0,263.709203,111.190407,94.997029,137.01306,16.826165,0.0,132.792222,16.368978,0.01094,1120.361614,120.000136,0.081204
30.5,278.337242,112.778258,95.0,265.041071,111.354559,94.997134,137.260413,16.856542,0.0,133.186805,16.415185,0.010552,1121.525215,120.127714,0.078321
30.51,279.710758,112.946935,95.0,266.376744,111.519156,94.997236,137.492979,16.885103,0.0,133.567286,16.459651,0.010177,1122.56658,120.242227,0.075539
30.52,281.086525,113.115889,95.0,267.71608,111.684179,94.997334,137.710718,16.911843,0.0,133.933601,16.502369,0.009816,1123.48555,120.343656,0.072857
30.53,282.464394,113.285101,95.0,269.058937,111.849613,94.997429,137.913595,16.936757,0.0,134.285689,16.54333,0.009467,1124.28198,120.431986,0.070269
30.54,283.844218,113.454553,95.0,270.405171,112.015438,94.99752,138.101578,16.959843,0.0,134.623491,16.582529,0.009131,1124.955748,120.507202,0.067774
30.55,285.225846,113.624227,95.0,271.754641,112.181638,94.997608,138.274636,16.981096,0.0,134.946949,16.619959,0.008807,1125.50675,120.569293,0.065367
30.56,286.60913,113.794104,95.0,273.107201,112.348194,94.997693,138.432739,17.000512,0.0,135.256012,16.655614,0.008494,1125.934904,120.618249,0.063046
30.57,287.99392,113.964166,95.0,274.462707,112.515089,94.997775,138.575863,17.018088,0.0,135.550625,16.689487,0.008192,1126.240146,120.654062,0.060807
30.58,289.380066,114.134394,95.0,275.821015,112.682304,94.997854,138.703984,17.033823,0.0,135.830741,16.721573,0.007901,1126.42243,120.676726,0.058647
30.59,290.767418,114.304771,95.0,277.181978,112.849823,94.99793,138.81708,17.047712,0.0,136.096313,16.751866,0.007621,1126.481733,120.686239,0.056565
30.6,292.155825,114.475277,95.0,278.545451,113.017627,94.998004,138.915135,17.059753,0.0,136.347297,16.780362,0.00735,1126.41805,120.682599,0.054556
30.61,293.545137,114.645894,95.0,279.911287,113.185697,94.998075,138.998131,17.069946,0.0,136.58365,16.807056,0.007089,1126.231395,120.665807,0.052618
30.62,294.935204,114.816604,95.0,281.279341,113.354017,94.998143,139.066056,17.078288,0.0,136.805334,16.831944,0.006837,1125.921802,120.635865,0.05075
30.63,296.325875,114.987388,95.0,282.649464,113.522567,94.998209,139.118898,17.084777,0.0,137.012312,16.85502,0.006594,1125.489327,120.59278,0.048948
30.64,297.716998,115.158228,95.0,284.021509,113.69133,94.998273,139.156648,17.089413,0.0,137.204549,16.876282,0.00636,1124.934043,120.536558,0.047209
30.65,299.108424,115.329105,95.0,285.395329,113.860287,94.998334,139.1793,17.092195,0.0,137.382013,16.895726,0.006134,1124.256042,120.467208,0.045533
30.66,300.5,115.5,95.0,286.770776,114.02942,94.998393,139.186852,17.093122,0.0,137.544676,16.913348,0.005917,1123.455439,120.384742,0.043916
30.67,301.891576,115.670895,95.0,288.147701,114.198712,94.99845,139.1793,17.092195,0.0,137.692509,16.929146,0.005706,1122.532365,120.289173,0.042356
30.68,303.283002,115.841772,95.0,289.525956,114.368143,94.998505,139.156648,17.089413,0.0,137.825488,16.943116,0.005504,1121.486974,120.180517,0.040852
30.69,304.674125,116.012612,95.0,290.905392,114.537696,94.998558,139.118898,17.084777,0.0,137.943592,16.955258,0.005308,1120.319437,120.058791,0.039401
30.7,306.064796,116.183396,95.0,292.28586,114.707351,94.99861,139.066056,17.078288,0.0,138.0468,16.965568,0.00512,1119.029946,119.924016,0.038002
30.71,307.454863,116.354106,95.0,293.667211,114.877092,94.998659,138.998131,17.069946,0.0,138.135095,16.974045,0.004938,1117.618712,119.776214,0.036653
30.72,308.844175,116.524723,95.0,295.049296,115.046899,94.998707,138.915135,17.059753,0.0,138.208463,16.980687,0.004763,1116.085967,119.615408,0.035351
30.73,310.232582,116.695229,95.0,296.431965,115.216754,94.998752,138.81708,17.047712,0.0,138.266892,16.985494,0.004593,1114.431961,119.441625,0.034095
30.74,311.619934,116.865606,95.0,297.815068,115.386638,94.998797,138.703984,17.033823,0.0,138.31037,16.988464,0.00443,1112.656964,119.254893,0.032885
30.75,313.00608,117.035834,95.0,299.198457,115.556534,94.998839,138.575863,17.018088,0.0,138.338892,16.989598,0.004273,1110.761267,119.055242,0.031717
30.76,314.39087,117.205896,95.0,300.581982,115.726423,94.998881,138.432739,17.000512,0.0,138.352453,16.988894,0.004121,1108.745178,118.842705,0.03059
30.77,315.774154,117.375773,95.0,301.965492,115.896287,94.99892,138.274636,16.981096,0.0,138.351049,16.986353,0.003975,1106.609028,118.617317,0.029504
30.78,317.155782,117.545447,95.0,303.348839,116.066106,94.998959,138.101578,16.959843,0.0,138.334681,16.981975,0.003834,1104.353166,118.379114,0.028456
30.79,318.535606,117.714899,95.0,304.731873,116.235864,94.998996,137.913595,16.936757,0.0,138.303351,16.975761,0.003698,1101.97796,118.128135,0.027446
30.8,319.913475,117.884111,95.0,306.114443,116.405541,94.999031,137.710718,16.911843,0.0,138.257064,16.967711,0.003566,1099.483798,117.864422,0.026471
30.81,321.289242,118.053065,95.0,307.496401,116.575119,94.999066,137.492979,16.885103,0.0,138.195828,16.957828,0.00344,1096.871088,117.588017,0.025531
30.82,322.662758,118.221742,95.0,308.877598,116.74458,94.999099,137.260413,16.856542,0.0,138.119652,16.946113,0.003317,1094.140258,117.298965,0.024624
30.83,324.033875,118.390125,95.0,310.257883,116.913906,94.999131,137.01306,16.826165,0.0,138.028549,16.932567,0.0032,1091.291756,116.997314,0.02375
30.84,325.402445,118.558195,95.0,311.637109,117.083078,94.999162,136.75096,16.793978,0.0,137.922533,16.917194,0.003086,1088.326048,116.683113,0.022906
30.85,326.76832,118.725934,95.0,313.015125,117.252078,94.999192,136.474155,16.759984,0.0,137.801622,16.899994,0.002976,1085.243621,116.356414,0.022093
30.86,328.131355,118.893324,95.0,314.391783,117.420888,94.99922,136.182691,16.72419,0.0,137.665836,16.880972,0.002871,1082.044981,116.01727,0.021308
30.87,329.491403,119.060348,95.0,315.766935,117.589489,94.999248,135.876617,16.686602,0.0,137.515196,16.860129,0.002769,1078.730654,115.665737,0.020552
30.88,330.848318,119.226986,95.0,317.140433,117.757864,94.999275,135.555982,16.647226,0.0,137.349726,16.837471,0.00267,1075.301186,115.301874,0.019822
30.89,332.201954,119.393222,95.0,318.512127,117.925994,94.9993,135.220839,16.606068,0.0,137.169455,16.813,0.002576,1071.757141,114.925739,0.019118
30.9,333.552168,119.559038,95.0,319.881871,118.093861,94.999325,134.871244,16.563135,0.0,136.974412,16.78672,0.002484,1068.099106,114.537396,0.018439
30.91,334.898814,119.724416,95.0,321.249518,118.261447,94.999349,134.507254,16.518435,0.0,136.764628,16.758635,0.002396,1064.327684,114.136907,0.017784
30.92,336.241749,119.889338,95.0,322.614919,118.428735,94.999372,134.12893,16.471974,0.0,136.540137,16.728751,0.002311,1060.4435,113.724341,0.017153
30.93,337.580831,120.053786,95.0,323.977929,118.595706,94.999395,133.736334,16.42376,0.0,136.300978,16.697072,0.002229,1056.447198,113.299765,0.016544
30.94,338.915916,120.217744,95.0,325.338401,118.762342,94.999416,133.329532,16.373802,0.0,136.047189,16.663603,0.00215,1052.339441,112.863249,0.015956
30.95,340.246863,120.381194,95.0,326.696189,118.928625,94.999437,132.908591,16.322108,0.0,135.778812,16.62835,0.002073,1048.120912,112.414866,0.015389
30.96,341.573531,120.544118,95.0,328.051148,119.094538,94.999457,132.473581,16.268685,0.0,135.49589,16.591319,0.002,1043.792314,111.954692,0.014843
30.97,342.895779,120.706499,95.0,329.403132,119.260063,94.999476,132.024574,16.213544,0.0,135.198472,16.552515,0.001929,1039.354371,111.482802,0.014316
30.98,344.213469,120.868321,95.0,330.751998,119.425183,94.999495,131.561646,16.156693,0.0,134.886606,16.511946,0.00186,1034.807823,110.999277,0.013807
30.99,345.526462,121.029565,95.0,332.097602,119.589879,94.999513,131.084874,16.098142,0.0,134.560343,16.469617,0.001794,1030.153434,110.504197,0.013317
31.0,346.834618,121.190216,95.0,333.439799,119.754134,94.99953,130.594338,16.037901,0.0,134.219738,16.425537,0.00173,1025.391984,109.997644,0.012844
31.01,348.137802,121.350256,95.0,334.778448,119.917932,94.999547,130.090121,15.97598,0.0,133.864847,16.379711,0.001669,1020.524274,109.479706,0.012388
31.02,349.435876,121.509669,95.0,336.113405,120.081253,94.999563,129.572306,15.912388,0.0,133.495729,16.332149,0.00161,1015.551127,108.950469,0.011948
31.03,350.728706,121.668438,95.0,337.444529,120.244082,94.999578,129.040982,15.847138,0.0,133.112446,16.282857,0.001553,1010.473381,108.410022,0.011524
31.04,352.016156,121.826545,95.0,338.77168,120.4064,94.999593,128.496237,15.78024,0.0,132.715062,16.231844,0.001497,1005.291898,107.858458,0.011114
31.05,353.298093,121.983976,95.0,340.094716,120.568191,94.999608,127.938165,15.711705,0.0,132.303642,16.179119,0.001444,1000.007557,107.29587,0.01072
31.06,354.574385,122.140714,95.0,341.413499,120.729438,94.999622,127.36686,15.641544,0.0,131.878256,16.12469,0.001393,994.621257,106.722353,0.010339
31.07,355.844898,122.296742,95.0,342.727889,120.890124,94.999635,126.782419,15.569771,0.0,131.438975,16.068566,0.001343,989.133918,106.138007,0.009972
31.08,357.109503,122.452044,95.0,344.037747,121.050231,94.999648,126.184941,15.496396,0.0,130.985873,16.010758,0.001296,983.546479,105.542931,0.009618
31.09,358.36807,122.606605,95.0,345.342938,121.209744,94.999661,125.574529,15.421433,0.0,130.519026,15.951274,0.00125,977.859898,104.937228,0.009276
31.1,359.620469,122.760409,95.0,346.643323,121.368645,94.999673,124.951287,15.344895,0.0,130.038512,15.890124,0.001205,972.075153,104.321001,0.008947
31.11,360.866574,122.913439,95.0,347.938767,121.526919,94.999684,124.315322,15.266794,0.0,129.544413,15.82732,0.001163,966.193242,103.694358,0.008629
31.12,362.106257,123.065681,95.0,349.229135,121.684547,94.999695,123.666743,15.187144,0.0,129.036812,15.762871,0.001121,960.215183,103.057406,0.008323
31.13,363.339393,123.217118,95.0,350.514293,121.841515,94.999706,123.005662,15.105959,0.0,128.515796,15.696789,0.001081,954.142012,102.410257,0.008027
31.14,364.565857,123.367737,95.0,351.794108,121.997806,94.999717,122.332194,15.023252,0.0,127.981452,15.629085,0.001043,947.974787,101.753023,0.007742
31.15,365.785526,123.517521,95.0,353.068446,122.153404,94.999727,121.646455,14.939038,0.0,127.433872,15.55977,0.001006,941.714584,101.08582,0.007467
31.16,366.998279,123.666455,95.0,354.337178,122.308292,94.999736,120.948564,14.853332,0.0,126.873149,15.488857,0.00097,935.362499,100.408763,0.007202
31.17,368.203994,123.814526,95.0,355.600172,122.462456,94.999746,120.238644,14.766149,0.0,126.299378,15.416357,0.000936,928.919647,99.721974,0.006946
31.18,369.402551,123.961717,95.0,356.857298,122.615879,94.999755,119.516818,14.677504,0.0,125.712659,15.342282,0.000903,922.387165,99.025571,0.006699
31.19,370.593832,124.108014,95.0,358.108429,122.768545,94.999764,118.783212,14.587412,0.0,125.113092,15.266646,0.000871,915.766207,98.31968,0.006462
31.2,371.777721,124.253404,95.0,359.353437,122.92044,94.999772,118.037957,14.495889,0.0,124.50078,15.189462,0.00084,909.057949,97.604426,0.006232
31.21,372.9541,124.397872,95.0,360.592195,123.071547,94.99978,117.281183,14.402952,0.0,123.875829,15.110743,0.00081,902.263583,96.879935,0.006011
31.22,374.122856,124.541403,95.0,361.824579,123.221852,94.999788,116.513024,14.308617,0.0,123.238347,15.030503,0.000781,895.384326,96.146338,0.005797
31.23,375.283876,124.683985,95.0,363.050463,123.37134,94.999795,115.733617,14.2129,0.0,122.588445,14.948755,0.000753,888.42141,95.403767,0.005591
31.24,376.437048,124.825602,95.0,364.269725,123.519995,94.999803,114.943101,14.115819,0.0,121.926235,14.865514,0.000727,881.376088,94.652356,0.005393
31.25,377.582261,124.966243,95.0,365.482244,123.667803,94.99981,114.141617,14.017392,0.0,121.251833,14.780794,0.000701,874.249634,93.89224,0.005201
31.26,378.719406,125.105892,95.0,366.687897,123.814749,94.999816,113.329309,13.917634,0.0,120.565358,14.694611,0.000676,867.043341,93.123558,0.005017
31.27,379.848377,125.244537,95.0,367.886567,123.960819,94.999823,112.506323,13.816566,0.0,119.866929,14.606979,0.000652,859.758521,92.34645,0.004838
31.28,380.969066,125.382166,95.0,369.078133,124.105998,94.999829,111.672808,13.714204,0.0,119.156669,14.517914,0.000629,852.396506,91.561058,0.004667
31.29,382.08137,125.518765,95.0,370.26248,124.250272,94.999835,110.828914,13.610568,0.0,118.434705,14.427432,0.000606,844.958648,90.767527,0.004501
31.3,383.185185,125.654321,95.0,371.439492,124.393628,94.999841,109.974796,13.505677,0.0,117.701162,14.335548,0.000585,837.446317,89.966004,0.004341
31.31,384.28041,125.788822,95.0,372.609054,124.53605,94.999847,109.11061,13.399549,0.0,116.956173,14.24228,0.000564,829.860906,89.156637,0.004187
31.32,385.366946,125.922257,95.0,373.771052,124.677527,94.999852,108.236515,13.292204,0.0,116.199869,14.147643,0.000544,822.203824,88.339577,0.004038
31.33,386.444693,126.054611,95.0,374.925376,124.818043,94.999857,107.35267,13.183661,0.0,115.432386,14.051656,0.000525,814.476503,87.514977,0.003895
31.34,387.513555,126.185875,95.0,376.071915,124.957587,94.999863,106.45924,13.073942,0.0,114.653862,13.954334,0.000506,806.680392,86.682993,0.003757
31.35,388.573438,126.316036,95.0,377.210559,125.096144,94.999867,105.556391,12.963066,0.0,113.864436,13.855696,0.000488,798.816961,85.84378,0.003623
31.36,389.624248,126.445083,95.0,378.341202,125.233701,94.999872,104.644291,12.851053,0.0,113.06425,13.75576,0.000471,790.887698,84.997499,0.003494
31.37,390.665892,126.573004,95.0,379.463736,125.370247,94.999877,103.723111,12.737926,0.0,112.253451,13.654543,0.000454,782.894115,84.144311,0.00337
31.38,391.698282,126.699789,95.0,380.578058,125.505767,94.999881,102.793024,12.623705,0.0,111.432185,13.552064,0.000438,774.837737,83.28438,0.003251
31.39,392.721329,126.825426,95.0,381.684064,125.640251,94.999885,101.854206,12.508411,0.0,110.600603,13.448343,0.000422,766.720116,82.41787,0.003135
31.4,393.734947,126.949906,95.0,382.781653,125.773685,94.999889,100.906835,12.392067,0.0,109.758856,13.343397,0.000407,758.542817,81.544951,0.003024
31.41,394.739051,127.073217,95.0,383.870724,125.906057,94.999893,99.951092,12.274696,0.0,108.9071,13.237247,0.000393,750.307429,80.665791,0.002916
31.42,395.733558,127.195349,95.0,384.951179,126.037356,94.999897,98.98716,12.156318,0.0,108.045492,13.129913,0.000379,742.015559,79.780562,0.002813
31.43,396.718388,127.316293,95.0,386.022921,126.167571,94.999901,98.015224,12.036957,0.0,107.174191,13.021413,0.000366,733.668835,78.889439,0.002713
31.44,397.693461,127.436039,95.0,387.085854,126.296688,94.999904,97.035473,11.916637,0.0,106.29336,12.911769,0.000353,725.268902,77.992599,0.002617
31.45,398.6587,127.554577,95.0,388.139886,126.424698,94.999908,96.048097,11.79538,0.0,105.403164,12.801001,0.00034,716.817427,77.090218,0.002524
31.46,399.614029,127.671898,95.0,389.184924,126.55159,94.999911,95.053289,11.673211,0.0,104.503769,12.68913,0.000328,708.316096,76.182478,0.002434
31.47,400.559377,127.787994,95.0,390.220877,126.677351,94.999914,94.051245,11.550153,0.0,103.595345,12.576177,0.000316,699.766615,75.269561,0.002348
31.48,401.49467,127.902854,95.0,391.247658,126.801973,94.999917,93.042162,11.42623,0.0,102.678065,12.462164,0.000305,691.170708,74.351652,0.002264
31.49,402.41984,128.016472,95.0,392.265179,126.925444,94.99992,92.02624,11.301468,0.0,101.752102,12.347112,0.000294,682.530122,73.428937,0.002184
31.5,403.33482,128.128838,95.0,393.273355,127.047754,94.999923,91.003684,11.175891,0.0,100.817634,12.231044,0.000284,673.846619,72.501606,0.002106
31.51,404.239543,128.239944,95.0,394.272103,127.168894,94.999926,89.974696,11.049524,0.0,99.874841,12.113982,0.000274,665.121986,71.569849,0.002032
31.52,405.133948,128.349783,95.0,395.261342,127.288854,94.999928,88.939487,10.922393,0.0,98.923903,11.995948,0.000264,656.358025,70.633859,0.001959
31.53,406.017972,128.458347,95.0,396.240992,127.407623,94.999931,87.898265,10.794524,0.0,97.965005,11.876967,0.000255,647.55656,69.693832,0.00189
31.54,406.891557,128.56563,95.0,397.210976,127.525194,94.999933,86.851243,10.665942,0.0,96.998334,11.75706,0.000246,638.719434,68.749965,0.001823
31.55,407.754645,128.671623,95.0,398.171217,127.641557,94.999936,85.798636,10.536675,0.0,96.02408,11.636252,0.000237,629.848511,67.802457,0.001758
31.56,408.607182,128.776321,95.0,399.121641,127.756702,94.999938,84.740663,10.406748,0.0,95.042433,11.514566,0.000228,620.945673,66.85151,0.001696
31.57,409.449116,128.879716,95.0,400.062177,127.870623,94.99994,83.677542,10.276189,0.0,94.053589,11.392028,0.00022,612.012821,65.897328,0.001635
31.58,410.280396,128.981803,95.0,400.992754,127.983309,94.999942,82.609497,10.145026,0.0,93.057743,11.26866,0.000212,603.051879,64.940116,0.001577
31.59,411.100974,129.082576,95.0,401.913305,128.094754,94.999944,81.536752,10.013285,0.0,92.055096,11.144489,0.000205,594.064787,63.980083,0.001521
31.6,411.910803,129.182028,95.0,402.823764,128.204949,94.999946,80.459534,9.880995,0.0,91.045847,11.019539,0.000198,585.053507,63.017437,0.001467
31.61,412.709841,129.280156,95.0,403.724066,128.313888,94.999948,79.378074,9.748185,0.0,90.030202,10.893836,0.000191,576.02002,62.052392,0.001415
31.62,413.498047,129.376953,95.0,404.614149,128.421562,94.99995,78.292604,9.614881,0.0,89.008367,10.767405,0.000184,566.966326,61.085161,0.001365
31.63,414.275381,129.472415,95.0,405.493955,128.527965,94.999952,77.203358,9.481114,0.0,87.98055,10.640273,0.000177,557.894445,60.115961,0.001316
31.64,415.041806,129.566538,95.0,406.363425,128.633089,94.999954,76.110574,9.346913,0.0,86.946964,10.512466,0.000171,548.806417,59.14501,0.00127
31.65,415.797289,129.659316,95.0,407.222503,128.736929,94.999955,75.014492,9.212306,0.0,85.907821,10.38401,0.000165,539.704302,58.17253,0.001225
31.66,416.541798,129.750747,95.0,408.071136,128.839479,94.999957,73.915353,9.077324,0.0,84.863338,10.254932,0.000159,530.590179,57.198741,0.001181
31.67,417.275303,129.840827,95.0,408.909273,128.940731,94.999958,72.813402,8.941997,0.0,83.813735,10.12526,0.000153,521.466147,56.22387,0.001139
31.68,417.997778,129.929552,95.0,409.736866,129.040681,94.99996,71.708886,8.806354,0.0,82.759231,9.995021,0.000148,512.334323,55.248143,0.001099
31.69,418.709198,130.016919,95.0,410.553866,129.139324,94.999961,70.602055,8.670428,0.0,81.700051,9.864243,0.000143,503.196848,54.27179,0.00106
31.7,419.409542,130.102926,95.0,411.36023,129.236653,94.999963,69.49316,8.534248,0.0,80.636421,9.732954,0.000138,494.055877,53.29504,0.001022
31.71,420.098789,130.187571,95.0,412.155916,129.332665,94.999964,68.382457,8.397846,0.0,79.568569,9.601183,0.000133,484.913589,52.318128,0.000986
31.72,420.776923,130.27085,95.0,412.940883,129.427355,94.999965,67.270201,8.261253,0.0,78.496726,9.468958,0.000128,475.772181,51.341289,0.000951
31.73,421.443931,130.352763,95.0,413.715095,129.520718,94.999966,66.156653,8.124501,0.0,77.421127,9.336308,0.000124,466.63387,50.36476,0.000917
31.74,422.099799,130.433309,95.0,414.478515,129.612751,94.999968,65.042074,7.987623,0.0,76.342006,9.203263,0.000119,457.500892,49.388781,0.000884
31.75,422.74452,130.512485,95.0,415.231111,129.703449,94.999969,63.926727,7.850651,0.0,75.259602,9.069853,0.000115,448.375503,48.413594,0.000853
31.76,423.378087,130.590291,95.0,415.972852,129.79281,94.99997,62.810881,7.713617,0.0,74.174157,8.936107,0.000111,439.259979,47.439442,0.000823
31.77,424.000496,130.666728,95.0,416.703711,129.880831,94.999971,61.694804,7.576555,0.0,73.085913,8.802055,0.000107,430.156615,46.466571,0.000793
31.78,424.611746,130.741793,95.0,417.423663,129.967508,94.999972,60.578768,7.439498,0.0,71.995115,8.667729,0.000103,421.067727,45.49523,0.000765
31.79,425.21184,130.815489,95.0,418.132683,130.05284,94.999973,59.463047,7.302479,0.0,70.902014,8.533159,9.9e-05,411.99565,44.525667,0.000738
31.8,425.800781,130.887815,95.0,418.830751,130.136823,94.999974,58.347917,7.165534,0.0,69.806858,8.398376,9.6e-05,402.942737,43.558137,0.000712
31.81,426.378577,130.958773,95.0,419.51785,130.219457,94.999975,57.233657,7.028695,0.0,68.709901,8.263411,9.3e-05,393.911363,42.592892,0.000687
31.82,426.945239,131.028363,95.0,420.193964,130.30074,94.999976,56.120549,6.891997,0.0,67.611399,8.128297,8.9e-05,384.903922,41.63019,0.000662
31.83,427.500778,131.096587,95.0,420.85908,130.380671,94.999977,55.008877,6.755476,0.0,66.51161,7.993066,8.6e-05,375.922827,40.67029,0.000639
31.84,428.045211,131.163447,95.0,421.513188,130.459249,94.999977,53.898928,6.619167,0.0,65.410794,7.857749,8.3e-05,366.970511,39.71345,0.000616
31.85,428.578556,131.228946,95.0,422.156281,130.536472,94.999978,52.790989,6.483104,0.0,64.309215,7.72238,8e-05,358.049427,38.759936,0.000594
31.86,429.100836,131.293085,95.0,422.788352,130.612342,94.999979,51.685352,6.347324,0.0,63.207137,7.586991,7.7e-05,349.162047,37.810011,0.000573
31.87,429.612074,131.355869,95.0,423.4094,130.686858,94.99998,50.582311,6.211863,0.0,62.104829,7.451616,7.4e-05,340.310864,36.863942,0.000553
31.88,430.112298,131.4173,95.0,424.019426,130.760021,94.99998,49.482163,6.076757,0.0,61.00256,7.316288,7.2e-05,331.498389,35.921999,0.000533
31.89,430.601538,131.477382,95.0,424.618432,130.831832,94.999981,48.385205,5.942043,0.0,59.900605,7.181042,6.9e-05,322.727153,34.984453,0.000514
31.9,431.079828,131.536119,95.0,425.206424,130.902291,94.999982,47.291739,5.807757,0.0,58.799237,7.045911,6.7e-05,313.999708,34.051577,0.000496
31.91,431.547204,131.593516,95.0,425.783412,130.9714,94.999982,46.202069,5.673938,0.0,57.698736,6.91093,6.4e-05,305.318623,33.123647,0.000478
31.92,432.003706,131.649578,95.0,426.349405,131.039161,94.999983,45.116501,5.540623,0.0,56.59938,6.776134,6.2e-05,296.686491,32.20094,0.000461
31.93,432.449376,131.704309,95.0,426.90442,131.105577,94.999984,44.035342,5.407849,0.0,55.501452,6.641557,6e-05,288.10592,31.283737,0.000445
31.94,432.884259,131.757716,95.0,427.448472,131.170649,94.999984,42.958905,5.275655,0.0,54.405238,6.507235,5.8e-05,279.579541,30.372318,0.000429
31.95,433.308406,131.809804,95.0,427.981583,131.234381,94.999985,41.887502,5.144079,0.0,53.311026,6.373205,5.6e-05,271.110002,29.466968,0.000414
31.96,433.721866,131.86058,95.0,428.503774,131.296776,94.999985,40.821449,5.01316,0.0,52.219104,6.239501,5.4e-05,262.699973,28.567973,0.000399
31.97,434.124697,131.91005,95.0,429.015071,131.357838,94.999986,39.761065,4.882938,0.0,51.129766,6.10616,5.2e-05,254.352142,27.675621,0.000385
31.98,434.516955,131.958223,95.0,429.515504,131.41757,94.999986,38.706671,4.753451,0.0,50.043307,5.973219,5e-05,246.069219,26.790203,0.000371
31.99,434.898703,132.005104,95.0,430.005105,131.475977,94.999987,37.658589,4.624739,0.0,48.960023,5.840715,4.8e-05,237.853929,25.91201,0.000358
32.0,435.270005,132.050702,95.0,430.483907,131.533064,94.999987,36.617145,4.496842,0.0,47.880215,5.708684,4.7e-05,229.709022,25.041337,0.000345
32.01,435.630929,132.095026,95.0,430.951949,131.588836,94.999988,35.582668,4.369801,0.0,46.804186,5.577165,4.5e-05,221.637265,24.178481,0.000333
32.02,435.981546,132.138085,95.0,431.409271,131.643298,94.999988,34.555489,4.243656,0.0,45.732239,5.446195,4.3e-05,213.641445,23.323741,0.000321
32.03,436.321931,132.179886,95.0,431.855918,131.696456,94.999989,33.535939,4.118449,0.0,44.664682,5.315812,4.2e-05,205.724368,22.477417,0.00031
32.04,436.652163,132.220441,95.0,432.291936,131.748316,94.999989,32.524355,3.994219,0.0,43.601825,5.186055,4e-05,197.88886,21.639812,0.000299
32.05,436.972321,132.259759,95.0,432.717376,131.798886,94.999989,31.521075,3.871009,0.0,42.543979,5.056962,3.9e-05,190.137768,20.811232,0.000288
32.06,437.282492,132.29785,95.0,433.13229,131.848172,94.99999,30.526439,3.748861,0.0,41.49146,4.928572,3.7e-05,182.473957,19.991983,0.000278
32.07,437.582763,132.334725,95.0,433.536736,131.896181,94.99999,29.540791,3.627816,0.0,40.444584,4.800925,3.6e-05,174.900313,19.182375,0.000268
32.08,437.873226,132.370396,95.0,433.930773,131.942922,94.999991,28.564475,3.507918,0.0,39.403671,4.674061,3.5e-05,167.41974,18.38272,0.000259
32.09,438.153975,132.404874,95.0,434.314463,131.988402,94.999991,27.597839,3.389208,0.0,38.369043,4.548018,3.4e-05,160.035164,17.59333,0.000249
32.1,438.42511,132.438171,95.0,434.687874,132.03263,94.999991,26.641233,3.27173,0.0,37.341024,4.422838,3.2e-05,152.749528,16.814521,0.000241
32.11,438.686732,132.4703,95.0,435.051073,132.075616,94.999992,25.695011,3.155528,0.0,36.319942,4.298561,3.1e-05,145.565795,16.046612,0.000232
32.12,438.938947,132.501274,95.0,435.404134,132.117368,94.999992,24.759528,3.040644,0.0,35.306125,4.175228,3e-05,138.486951,15.289921,0.000224
32.13,439.181865,132.531106,95.0,435.747133,132.157897,94.999992,23.835141,2.927123,0.0,34.299905,4.052879,2.9e-05,131.515998,14.544772,0.000216
32.14,439.415597,132.55981,95.0,436.080149,132.197212,94.999992,22.92221,2.815008,0.0,33.301616,3.931557,2.8e-05,124.655959,13.811487,0.000208
32.15,439.64026,132.5874,95.0,436.403265,132.235326,94.999993,22.021098,2.704345,0.0,32.311596,3.811303,2.7e-05,117.909877,13.090394,0.000201
32.16,439.855975,132.613892,95.0,436.716567,132.272247,94.999993,21.13217,2.595179,0.0,31.330183,3.692159,2.6e-05,111.280814,12.38182,0.000194
32.17,440.062864,132.639299,95.0,437.020144,132.307989,94.999993,20.255793,2.487554,0.0,30.357719,3.574167,2.5e-05,104.771851,11.686097,0.000187
32.18,440.261056,132.663638,95.0,437.31409,132.342562,94.999993,19.392338,2.381515,0.0,29.394548,3.45737,2.4e-05,98.38609,11.003555,0.00018
32.19,440.450681,132.686926,95.0,437.5985,132.375981,94.999994,18.542176,2.277109,0.0,28.441016,3.341811,2.3e-05,92.126654,10.334531,0.000174
32.2,440.631874,132.709178,95.0,437.873475,132.408256,94.999994,17.705683,2.174382,0.0,27.497473,3.227534,2.3e-05,85.996681,9.67936,0.000168
32.21,440.804774,132.730411,95.0,438.139118,132.439402,94.999994,16.883236,2.07338,0.0,26.56427,3.114581,2.2e-05,79.999334,9.038382,0.000162
32.22,440.969522,132.750643,95.0,438.395535,132.469432,94.999994,16.075215,1.974149,0.0,25.641761,3.002996,2.1e-05,74.137792,8.411938,0.000156
32.23,441.126266,132.769892,95.0,438.642838,132.49836,94.999994,15.282002,1.876737,0.0,24.730302,2.892825,2e-05,68.415255,7.800371,0.00015
32.24,441.275154,132.788177,95.0,438.881141,132.526201,94.999995,14.503981,1.781191,0.0,23.830252,2.78411,2e-05,62.834942,7.204026,0.000145
32.25,441.416342,132.805516,95.0,439.11056,132.55297,94.999995,13.74154,1.687558,0.0,22.941973,2.676897,1.9e-05,57.400093,6.62325,0.00014
32.26,441.549986,132.821928,95.0,439.331219,132.578682,94.999995,12.995069,1.595886,0.0,22.065827,2.571232,1.8e-05,52.113967,6.058392,0.000135
32.27,441.676248,132.837434,95.0,439.543241,132.603354,94.999995,12.264959,1.506223,0.0,21.202182,2.467158,1.8e-05,46.979842,5.509805,0.00013
32.28,441.795294,132.852054,95.0,439.746755,132.627001,94.999995,11.551605,1.418618,0.0,20.351406,2.364723,1.7e-05,42.001017,4.977842,0.000126
32.29,441.907293,132.865808,95.0,439.941893,132.649641,94.999996,10.855404,1.33312,0.0,19.51387,2.263971,1.6e-05,37.180808,4.462859,0.000121
32.3,442.012418,132.878718,95.0,440.128793,132.67129,94.999996,10.176756,1.249777,0.0,18.689947,2.164949,1.6e-05,32.522555,3.965213,0.000117
32.31,442.110849,132.890806,95.0,440.307593,132.691967,94.999996,9.516062,1.168639,0.0,17.880014,2.067705,1.5e-05,28.029613,3.485264,0.000113
32.32,442.202764,132.902094,95.0,440.478437,132.71169,94.999996,8.873727,1.089756,0.0,17.084449,1.972283,1.5e-05,23.705359,3.023376,0.000109
32.33,442.288352,132.912605,95.0,440.641474,132.730478,94.999996,8.250157,1.013177,0.0,16.303633,1.878733,1.4e-05,19.553191,2.579911,0.000105
32.34,442.3678,132.922361,95.0,440.796853,132.748349,94.999996,7.645762,0.938953,0.0,15.537949,1.7871,1.4e-05,15.576524,2.155236,0.000101
32.35,442.441303,132.931388,95.0,440.944731,132.765323,94.999996,7.060954,0.867135,0.0,14.787784,1.697434,1.3e-05,11.778795,1.74972,9.7e-05
32.36,442.509058,132.939709,95.0,441.085266,132.781421,94.999997,6.496146,0.797772,0.0,14.053525,1.609781,1.3e-05,8.163457,1.363734,9.4e-05
32.37,442.571269,132.947349,95.0,441.218622,132.796663,94.999997,5.951756,0.730917,0.0,13.335564,1.524191,1.2e-05,4.733988,0.997649,9.1e-05
32.38,442.62814,132.954333,95.0,441.344965,132.81107,94.999997,5.428203,0.666621,0.0,12.634293,1.440712,1.2e-05,1.493881,0.651841,8.7e-05
32.39,442.679883,132.960687,95.0,441.464466,132.824664,94.999997,4.925907,0.604936,0.0,11.950108,1.359393,1.1e-05,-1.55335,0.326686,8.4e-05
32.4,442.726712,132.966438,95.0,441.5773,132.837466,94.999997,4.445294,0.545913,0.0,11.283408,1.280283,1.1e-05,-4.404169,0.022564,8.1e-05
32.41,442.768845,132.971613,95.0,441.683646,132.849501,94.999997,3.986789,0.489606,0.0,10.634593,1.203432,1.1e-05,-7.055023,-0.260144,7.8e-05
32.42,442.806507,132.976238,95.0,441.783687,132.86079,94.999997,3.550822,0.436066,0.0,10.004066,1.12889,1e-05,-9.502339,-0.521056,7.6e-05
32.43,442.839925,132.980342,95.0,441.877609,132.871357,94.999997,3.137824,0.385347,0.0,9.392232,1.056706,1e-05,-11.742524,-0.759785,7.3e-05
32.44,442.86933,132.983953,95.0,441.965604,132.881226,94.999997,2.748228,0.337502,0.0,8.7995,0.986932,9e-06,-13.771965,-0.975944,7e-05
32.45,442.894958,132.9871,95.0,442.047867,132.890422,94.999998,2.382472,0.292584,0.0,8.22628,0.919618,9e-06,-15.587029,-1.169144,6.8e-05
32.46,442.917051,132.989813,95.0,442.124597,132.89897,94.999998,2.040994,0.250648,0.0,7.672984,0.854815,9e-06,-17.184065,-1.338994,6.5e-05
32.47,442.935853,132.992122,95.0,442.195997,132.906896,94.999998,1.724235,0.211748,0.0,7.140029,0.792575,9e-06,-18.559401,-1.485098,6.3e-05
32.48,442.951613,132.994058,95.0,442.262275,132.914226,94.999998,1.432638,0.175938,0.0,6.627832,0.73295,8e-06,-19.709344,-1.607062,6.1e-05
32.49,442.964585,132.995651,95.0,442.323643,132.920986,94.999998,1.166651,0.143273,0.0,6.136813,0.67599,8e-06,-20.630185,-1.704487,5.9e-05
32.5,442.975028,132.996933,95.0,442.380317,132.927203,94.999998,0.926721,0.113808,0.0,5.667395,0.621749,8e-06,-21.318193,-1.776973,5.7e-05
32.51,442.983204,132.997937,95.0,442.432517,132.932906,94.999998,0.7133,0.087598,0.0,5.220003,0.57028,7e-06,-21.769617,-1.824118,5.5e-05
32.52,442.989381,132.998696,95.0,442.480468,132.938122,94.999998,0.526841,0.0647,0.0,4.795065,0.521634,7e-06,-21.980686,-1.845517,5.3e-05
32.53,442.993831,132.999242,95.0,442.524398,132.942881,94.999998,0.3678,0.045168,0.0,4.393011,0.475866,7e-06,-21.947612,-1.840765,5.1e-05
32.54,442.996829,132.999611,95.0,442.564541,132.947211,94.999998,0.236636,0.029061,0.0,4.014273,0.433028,7e-06,-21.666585,-1.809452,4.9e-05
32.55,442.998657,132.999835,95.0,442.601134,132.951143,94.999998,0.133809,0.016433,0.0,3.659287,0.393175,6e-06,-21.133776,-1.751168,4.7e-05
32.56,442.9996,132.999951,95.0,442.634419,132.954706,94.999998,0.059783,0.007342,0.0,3.328489,0.356361,6e-06,-20.345337,-1.6655,4.6e-05
32.57,442.99995,132.999994,95.0,442.664642,132.957933,94.999998,0.015024,0.001845,0.0,3.02232,0.322639,6e-06,-19.297398,-1.552033,4.4e-05
32.58,443.0,133.0,95.0,442.692054,132.960854,94.999998,0.0,0.0,0.0,2.741223,0.292066,6e-06,-17.986072,-1.41035,4.2e-05
32.59,443.0,133.0,95.0,442.71691,132.9635,94.999999,0.0,0.0,0.0,2.485641,0.264695,6e-06,-16.407452,-1.240032,4.1e-05
32.6,443.0,133.0,95.0,442.739465,132.965905,94.999999,0.0,0.0,0.0,2.255491,0.240501,5e-06,-14.637446,-1.050462,3.9e-05
32.61,443.0,133.0,95.0,442.759951,132.968097,94.999999,0.0,0.0,0.0,2.048601,0.219139,5e-06,-12.989581,-0.879947,3.8e-05
32.62,443.0,133.0,95.0,442.778576,132.970099,94.999999,0.0,0.0,0.0,1.862508,0.200232,5e-06,-11.525111,-0.734826,3.7e-05
32.63,443.0,133.0,95.0,442.795526,132.971934,94.999999,0.0,0.0,0.0,1.695016,0.183457,5e-06,-10.223726,-0.611412,3.5e-05
32.64,443.0,133.0,95.0,442.810968,132.973619,94.999999,0.0,0.0,0.0,1.544166,0.168534,5e-06,-9.067359,-0.506548,3.4e-05
32.65,443.0,133.0,95.0,442.82505,132.975171,94.999999,0.0,0.0,0.0,1.408211,0.155223,4e-06,-8.039944,-0.417532,3.3e-05
32.66,443.0,133.0,95.0,442.837906,132.976604,94.999999,0.0,0.0,0.0,1.285592,0.143318,4e-06,-7.127185,-0.342052,3.2e-05
32.67,443.0,133.0,95.0,442.849655,132.977931,94.999999,0.0,0.0,0.0,1.174918,0.13264,4e-06,-6.316371,-0.27813,3.1e-05
32.68,443.0,133.0,95.0,442.860405,132.979161,94.999999,0.0,0.0,0.0,1.074947,0.123035,4e-06,-5.596195,-0.224072,3e-05
32.69,443.0,133.0,95.0,442.870251,132.980305,94.999999,0.0,0.0,0.0,0.984573,0.114371,4e-06,-4.956599,-0.178432,2.8e-05
32.7,443.0,133.0,95.0,442.879279,132.98137,94.999999,0.0,0.0,0.0,0.902805,0.106533,4e-06,-4.38864,-0.139969,2.7e-05
32.71,443.0,133.0,95.0,442.887566,132.982365,94.999999,0.0,0.0,0.0,0.828759,0.099422,4e-06,-3.884361,-0.107624,2.7e-05
32.72,443.0,133.0,95.0,442.895183,132.983294,94.999999,0.0,0.0,0.0,0.761648,0.092952,3e-06,-3.436689,-0.080492,2.6e-05
32.73,443.0,133.0,95.0,442.90219,132.984165,94.999999,0.0,0.0,0.0,0.700764,0.087048,3e-06,-3.039331,-0.057798,2.5e-05
32.74,443.0,133.0,95.0,442.908645,132.984981,94.999999,0.0,0.0,0.0,0.645479,0.081646,3e-06,-2.686691,-0.038879,2.4e-05
32.75,443.0,133.0,95.0,442.914597,132.985748,94.999999,0.0,0.0,0.0,0.595228,0.07669,3e-06,-2.373793,-0.023169,2.3e-05
32.76,443.0,133.0,95.0,442.920092,132.986469,94.999999,0.0,0.0,0.0,0.549508,0.072132,3e-06,-2.096213,-0.010185,2.2e-05
32.77,443.0,133.0,95.0,442.925171,132.987148,94.999999,0.0,0.0,0.0,0.507867,0.067928,3e-06,-1.850016,0.000487,2.1e-05
32.78,443.0,133.0,95.0,442.92987,132.987789,94.999999,0.0,0.0,-0.0,0.469903,0.064042,3e-06,-1.631702,0.009199,2.1e-05
32.79,443.0,133.0,94.99955,442.934223,132.988393,94.999999,0.0,0.0,-0.135277,0.435254,0.060442,3e-06,-1.43816,0.016252,2e-05
32.8,443.0,133.0,94.996447,442.938259,132.988964,94.999881,0.0,0.0,-0.531818,0.403596,0.057099,-0.011809,-1.266625,0.021904,-0.944912
32.81,443.0,133.0,94.988162,442.942005,132.989504,94.998989,0.0,0.0,-1.175872,0.37464,0.053988,-0.089261,-1.114636,0.026374,-6.314286
32.82,443.0,133.0,94.972305,442.945486,132.990015,94.996224,0.0,0.0,-2.053925,0.348126,0.051087,-0.276432,-0.980008,0.029848,-15.866234
32.83,443.0,133.0,94.946616,442.948725,132.990499,94.990233,0.0,0.0,-3.152708,0.323821,0.048378,-0.5991,-0.860796,0.032487,-28.577791
32.84,443.0,133.0,94.908967,442.95174,132.990957,94.979521,0.0,0.0,-4.459192,0.301515,0.045843,-1.071183,-0.755272,0.034425,-43.757638
32.85,443.0,133.0,94.857358,442.95455,132.991392,94.962532,0.0,0.0,-5.960589,0.281021,0.043467,-1.698905,-0.6619,0.035778,-60.929546
32.86,443.0,133.0,94.789915,442.957172,132.991804,94.937697,0.0,0.0,-7.644352,0.262172,0.041237,-2.483502,-0.579315,0.036645,-79.756881
32.87,443.0,133.0,94.704888,442.95962,132.992196,94.903467,0.0,0.0,-9.498177,0.244814,0.03914,-3.422986,-0.506304,0.037109,-99.993699
32.88,443.0,133.0,94.600646,442.961908,132.992567,94.858335,0.0,0.0,-11.509998,0.228812,0.037167,-4.513276,-0.441787,0.03724,-121.453074
32.89,443.0,133.0,94.47568,442.964048,132.99292,94.800845,0.0,0.0,-13.667995,0.214043,0.035308,-5.748949,-0.384807,0.037099,-143.986602
32.9,443.0,133.0,94.328593,442.966052,132.993256,94.729608,0.0,0.0,-15.960585,0.200397,0.033555,-7.12372,-0.334511,0.036736,-167.471137
32.91,443.0,133.0,94.158106,442.96793,132.993575,94.6433,0.0,0.0,-18.376428,0.187775,0.031899,-8.630757,-0.290144,0.036195,-191.800209
32.92,443.0,133.0,93.963049,442.969691,132.993878,94.540672,0.0,0.0,-20.904425,0.176087,0.030334,-10.262894,-0.251032,0.035512,-216.878493
32.93,443.0,133.0,93.742362,442.971343,132.994167,94.420544,0.0,0.0,-23.533719,0.165252,0.028854,-12.01276,-0.216578,0.034717,-242.618233
32.94,443.0,133.0,93.495092,442.972895,132.994441,94.281815,0.0,0.0,-26.253694,0.155197,0.027453,-13.872877,-0.186252,0.033837,-268.936947
32.95,443.0,133.0,93.220388,442.974354,132.994703,94.123458,0.0,0.0,-29.053974,0.145856,0.026126,-15.835717,-0.159583,0.032892,-295.755959
32.96,443.0,133.0,92.917505,442.975726,132.994951,93.944521,0.0,0.0,-31.924427,0.137169,0.024868,-17.893745,-0.136152,0.031901,-322.999454
32.97,443.0,133.0,92.585793,442.977016,132.995188,93.744126,0.0,0.0,-34.855158,0.129083,0.023674,-20.039451,-0.115587,0.03088,-350.593896
32.98,443.0,133.0,92.224702,442.978232,132.995414,93.521472,0.0,0.0,-37.836518,0.121548,0.022542,-22.265365,-0.097559,0.029839,-378.467652
32.99,443.0,133.0,91.833777,442.979377,132.995628,93.275832,0.0,0.0,-40.859097,0.11452,0.021467,-24.564079,-0.081776,0.028791,-406.550774
33.0,443.0,133.0,91.412653,442.980457,132.995833,93.006549,0.0,0.0,-43.913725,0.107959,0.020446,-26.928255,-0.067976,0.027743,-434.774862
33.01,443.0,133.0,90.961056,442.981475,132.996027,92.713043,0.0,0.0,-46.991476,0.101829,0.019476,-29.350636,-0.055929,0.026702,-463.072998
33.02,443.0,133.0,90.4788,442.982436,132.996213,92.394802,0.0,0.0,-50.083663,0.096095,0.018554,-31.824053,-0.045432,0.025674,-491.379711
33.03,443.0,133.0,89.965784,442.983343,132.99639,92.051388,0.0,0.0,-53.181842,0.090728,0.017677,-34.341433,-0.036302,0.024663,-519.630966
33.04,443.0,133.0,89.421989,442.9842,132.996558,91.68243,0.0,0.0,-56.27781,0.0857,0.016843,-36.895806,-0.028378,0.023673,-547.764175
33.05,443.0,133.0,88.847476,442.98501,132.996719,91.287627,0.0,0.0,-59.363603,0.080986,0.01605,-39.480308,-0.021518,0.022707,-575.718207
33.06,443.0,133.0,88.242386,442.985776,132.996872,90.866745,0.0,0.0,-62.431502,0.076563,0.015295,-42.088187,-0.015595,0.021766,-603.433416
33.07,443.0,133.0,87.606934,442.9865,132.997017,90.419617,0.0,0.0,-65.474026,0.072409,0.014576,-44.71281,-0.010497,0.020853,-630.851663
33.08,443.0,133.0,86.941408,442.987185,132.997156,89.94614,0.0,0.0,-68.483937,0.068507,0.013892,-47.347663,-0.006124,0.019968,-657.916341
33.09,443.0,133.0,86.246167,442.987833,132.997289,89.446276,0.0,0.0,-71.454239,0.064837,0.013241,-49.98636,-0.00239,0.019112,-684.572404
33.1,443.0,133.0,85.521638,442.988447,132.997415,88.92005,0.0,0.0,-74.378174,0.061384,0.012621,-52.622645,0.000785,0.018286,-710.766399
33.11,443.0,133.0,84.768314,442.989028,132.997535,88.367546,0.0,0.0,-77.24923,0.058133,0.012031,-55.250395,0.003469,0.01749,-736.446484
33.12,443.0,133.0,83.986753,442.989579,132.99765,87.78891,0.0,0.0,-80.061132,0.055071,0.011468,-57.863627,0.005722,0.016722,-761.562464
33.13,443.0,133.0,83.177572,442.990101,132.997759,87.184345,0.0,0.0,-82.807848,0.052185,0.010933,-60.456496,0.0076,0.015984,-786.065812
33.14,443.0,133.0,82.341447,442.990596,132.997863,86.554112,0.0,0.0,-85.483589,0.049463,0.010422,-63.023305,0.009149,0.015275,-809.909696
33.15,443.0,133.0,81.479113,442.991065,132.997963,85.898527,0.0,0.0,-88.082803,0.046894,0.009936,-65.558505,0.010412,0.014594,-833.049004
33.16,443.0,133.0,80.591355,442.991509,132.998058,85.21796,0.0,0.0,-90.600185,0.044469,0.009472,-68.056696,0.011426,0.01394,-855.440368
33.17,443.0,133.0,79.679012,442.991931,132.998148,84.512833,0.0,0.0,-93.030665,0.042179,0.009031,-70.512636,0.012223,0.013314,-877.042185
33.18,443.0,133.0,78.742973,442.992331,132.998234,83.783621,0.0,0.0,-95.36942,0.040015,0.00861,-72.92124,0.012833,0.012713,-897.814643
33.19,443.0,133.0,77.78417,442.992711,132.998316,83.030845,0.0,0.0,-97.611864,0.037969,0.008209,-75.277582,0.013281,0.012138,-917.719739
33.2,443.0,133.0,76.803583,442.993071,132.998394,82.255076,0.0,0.0,-99.753654,0.036035,0.007827,-77.5769,0.013589,0.011588,-936.721302
33.21,443.0,133.0,75.802233,442.993413,132.998469,81.45693,0.0,0.0,-101.79069,0.034205,0.007462,-79.8146,0.013778,0.011061,-954.785013
33.22,443.0,133.0,74.781179,442.993738,132.99854,80.637068,0.0,0.0,-103.71911,0.032473,0.007115,-81.986256,0.013864,0.010556,-971.878424
33.23,443.0,133.0,73.74152,442.994046,132.998608,79.796192,0.0,0.0,-105.535295,0.030834,0.006784,-84.087611,0.013863,0.010074,-987.970975
33.24,443.0,133.0,72.684386,442.994339,132.998673,78.935046,0.0,0.0,-107.235867,0.029281,0.006468,-86.114585,0.013788,0.009614,-1003.034014
33.25,443.0,133.0,71.610944,442.994617,132.998734,78.054413,0.0,0.0,-108.81769,0.02781,0.006167,-88.063272,0.013652,0.009173,-1017.040816
33.26,443.0,133.0,70.522386,442.994881,132.998793,77.155114,0.0,0.0,-110.277868,0.026417,0.00588,-89.929945,0.013463,0.008752,-1029.966595
33.27,443.0,133.0,69.419936,442.995132,132.998849,76.238003,0.0,0.0,-111.613748,0.025096,0.005607,-91.711059,0.013231,0.00835,-1041.788525
33.28,443.0,133.0,68.304841,442.995371,132.998903,75.30397,0.0,0.0,-112.822916,0.023844,0.005346,-93.403248,0.012965,0.007966,-1052.485751
33.29,443.0,133.0,67.178369,442.995597,132.998954,74.353937,0.0,0.0,-113.903201,0.022657,0.005098,-95.003335,0.01267,0.0076,-1062.039409
33.3,443.0,133.0,66.041813,442.995813,132.999002,73.388854,0.0,0.0,-114.852673,0.021531,0.004861,-96.508326,0.012353,0.007249,-1070.432638
33.31,443.0,133.0,64.896479,442.996017,132.999049,72.4097,0.0,0.0,-115.669643,0.020463,0.004635,-97.915418,0.012018,0.006915,-1077.650593
33.32,443.0,133.0,63.743693,442.996212,132.999093,71.41748,0.0,0.0,-116.352662,0.019449,0.00442,-99.221996,0.011671,0.006596,-1083.680459
33.33,443.0,133.0,62.584791,442.996397,132.999135,70.413223,0.0,0.0,-116.900526,0.018487,0.004214,-100.42564,0.011315,0.006292,-1088.511465
33.34,443.0,133.0,61.421121,442.996572,132.999175,69.397982,0.0,0.0,-117.312268,0.017574,0.004018,-101.524121,0.010953,0.006001,-1092.134898
33.35,443.0,133.0,60.254039,442.99674,132.999213,68.372828,0.0,0.0,-117.587165,0.016708,0.003832,-102.515407,0.010588,0.005723,-1094.544112
33.36,443.0,133.0,59.084907,442.996898,132.99925,67.338851,0.0,0.0,-117.724734,0.015885,0.003654,-103.397663,0.010222,0.005459,-1095.73454
33.37,443.0,133.0,57.915093,442.997049,132.999285,66.297159,0.0,0.0,-117.724734,0.015103,0.003484,-104.169252,0.009859,0.005206,-1095.703707
33.38,443.0,133.0,56.745961,442.997193,132.999318,65.248872,0.0,0.0,-117.587165,0.014361,0.003322,-104.828736,0.009498,0.004965,-1094.451241
33.39,443.0,133.0,55.578879,442.99733,132.99935,64.195123,0.0,0.0,-117.312268,0.013656,0.003168,-105.37488,0.009142,0.004735,-1091.978881
33.4,443.0,133.0,54.415209,442.997459,132.99938,63.137056,0.0,0.0,-116.900526,0.012986,0.003021,-105.806651,0.008792,0.004516,-1088.29049
33.41,443.0,133.0,53.256307,442.997583,132.999409,62.075824,0.0,0.0,-116.352662,0.01235,0.00288,-106.12322,0.008448,0.004307,-1083.392062
33.42,443.0,133.0,52.103521,442.9977,132.999436,61.012584,0.0,0.0,-115.669643,0.011746,0.002746,-106.323964,0.008112,0.004107,-1077.291735
33.43,443.0,133.0,50.958187,442.997812,132.999462,59.9485,0.0,0.0,-114.852673,0.011171,0.002619,-106.408466,0.007785,0.003917,-1069.999796
33.44,443.0,133.0,49.821631,442.997918,132.999487,58.884735,0.0,0.0,-113.903201,0.010625,0.002497,-106.376517,0.007466,0.003735,-1061.528693
33.45,443.0,133.0,48.695159,442.998019,132.999511,57.822453,0.0,0.0,-112.822916,0.010106,0.002381,-106.228115,0.007156,0.003562,-1051.893041
33.46,443.0,133.0,47.580064,442.998116,132.999534,56.762819,0.0,0.0,-111.613748,0.009613,0.002271,-105.963471,0.006856,0.003397,-1041.109632
33.47,443.0,133.0,46.477614,442.998207,132.999555,55.706989,0.0,0.0,-110.277868,0.009144,0.002165,-105.583005,0.006565,0.003239,-1029.197441
33.48,443.0,133.0,45.389056,442.998294,132.999576,54.656115,0.0,0.0,-108.81769,0.008698,0.002065,-105.08735,0.006283,0.003089,-1016.177637
33.49,443.0,133.0,44.315614,442.998377,132.999596,53.611342,0.0,0.0,-107.235867,0.008274,0.001969,-104.477351,0.006012,0.002946,-1002.073586
33.5,443.0,133.0,43.25848,442.998455,132.999615,52.573801,0.0,0.0,-105.535295,0.007871,0.001877,-103.754068,0.00575,0.002809,-986.91086
33.51,443.0,133.0,42.218821,442.99853,132.999632,51.544613,0.0,0.0,-103.71911,0.007488,0.00179,-102.918775,0.005497,0.002679,-970.717245
33.52,443.0,133.0,41.197767,442.998602,132.999649,50.524884,0.0,0.0,-101.79069,0.007124,0.001707,-101.972962,0.005254,0.002555,-953.522745
33.53,443.0,133.0,40.196417,442.998669,132.999666,49.5157,0.0,0.0,-99.753654,0.006777,0.001628,-100.918337,0.00502,0.002436,-935.359591
33.54,443.0,133.0,39.21583,442.998734,132.999681,48.518132,0.0,0.0,-97.611864,0.006448,0.001552,-99.756823,0.004795,0.002323,-916.262246
33.55,443.0,133.0,38.257027,442.998795,132.999696,47.533226,0.0,0.0,-95.36942,0.006134,0.00148,-98.490563,0.004579,0.002215,-896.267408
33.56,443.0,133.0,37.320988,442.998854,132.99971,46.562007,0.0,0.0,-93.030665,0.005836,0.001411,-97.121918,0.004372,0.002112,-875.414023
33.57,443.0,133.0,36.408645,442.998909,132.999724,45.605472,0.0,0.0,-90.600185,0.005553,0.001346,-95.653469,0.004173,0.002014,-853.74328
33.58,443.0,133.0,35.520887,442.998962,132.999736,44.664592,0.0,0.0,-88.082803,0.005283,0.001283,-94.088018,0.003983,0.001921,-831.298627
33.59,443.0,133.0,34.658553,442.999012,132.999749,43.740306,0.0,0.0,-85.483589,0.005027,0.001224,-92.428588,0.0038,0.001832,-808.125769
33.6,443.0,133.0,33.822428,442.99906,132.99976,42.833522,0.0,0.0,-82.807848,0.004783,0.001167,-90.678423,0.003625,0.001747,-784.272675
33.61,443.0,133.0,33.013247,442.999105,132.999772,41.945112,0.0,0.0,-80.061132,0.004551,0.001113,-88.84099,0.003458,0.001665,-759.789583
33.62,443.0,133.0,32.231686,442.999149,132.999782,41.075912,0.0,0.0,-77.24923,0.00433,0.001061,-86.919979,0.003298,0.001588,-734.729005
33.63,443.0,133.0,31.478362,442.99919,132.999792,40.226719,0.0,0.0,-74.378174,0.00412,0.001012,-84.919303,0.003144,0.001514,-709.14573
33.64,443.0,133.0,30.753833,442.999229,132.999802,39.398288,0.0,0.0,-71.454239,0.00392,0.000965,-82.8431,0.002998,0.001444,-683.09683
33.65,443.0,133.0,30.058592,442.999266,132.999811,38.591331,0.0,0.0,-68.483937,0.00373,0.00092,-80.695734,0.002858,0.001377,-656.641661
33.66,443.0,133.0,29.393066,442.999302,132.99982,37.806513,0.0,0.0,-65.474026,0.00355,0.000877,-78.48179,0.002724,0.001313,-629.841872
33.67,443.0,133.0,28.757614,442.999336,132.999828,37.044452,0.0,0.0,-62.431502,0.003378,0.000836,-76.206084,0.002596,0.001252,-602.761403
33.68,443.0,133.0,28.152524,442.999368,132.999836,36.305716,0.0,0.0,-59.363603,0.003214,0.000798,-73.873655,0.002474,0.001194,-575.466494
33.69,443.0,133.0,27.578011,442.999398,132.999844,35.590818,0.0,0.0,-56.27781,0.003058,0.000761,-71.489769,0.002358,0.001139,-548.025684
33.7,443.0,133.0,27.034216,442.999428,132.999851,34.900219,0.0,0.0,-53.181842,0.00291,0.000725,-69.059921,0.002247,0.001086,-520.509818
33.71,443.0,133.0,26.5212,442.999455,132.999858,34.234321,0.0,0.0,-50.083663,0.002769,0.000692,-66.589831,0.002141,0.001035,-492.992048
33.72,443.0,133.0,26.038944,442.999482,132.999865,33.593466,0.0,0.0,-46.991476,0.002635,0.000659,-64.08545,0.002039,0.000987,-465.547838
33.73,443.0,133.0,25.587347,442.999507,132.999871,32.977937,0.0,0.0,-43.913725,0.002508,0.000629,-61.552956,0.001943,0.000941,-438.254965
33.74,443.0,133.0,25.166223,442.999531,132.999877,32.387949,0.0,0.0,-40.859097,0.002386,0.0006,-58.998756,0.00185,0.000898,-411.193522
33.75,443.0,133.0,24.775298,442.999553,132.999883,31.823654,0.0,0.0,-37.836518,0.002271,0.000572,-56.429485,0.001762,0.000856,-384.445925
33.76,443.0,133.0,24.414207,442.999575,132.999888,31.285134,0.0,0.0,-34.855158,0.002161,0.000545,-53.852011,0.001679,0.000816,-358.09691
33.77,443.0,133.0,24.082495,442.999595,132.999893,30.7724,0.0,0.0,-31.924427,0.002056,0.00052,-51.273429,0.001599,0.000778,-332.233538
33.78,443.0,133.0,23.779612,442.999615,132.999898,30.285389,0.0,0.0,-29.053974,0.001957,0.000496,-48.701065,0.001522,0.000742,-306.9452
33.79,443.0,133.0,23.504908,442.999634,132.999903,29.823964,0.0,0.0,-26.253694,0.001862,0.000473,-46.142477,0.00145,0.000708,-282.323616
33.8,443.0,133.0,23.257638,442.999651,132.999907,29.38791,0.0,0.0,-23.533719,0.001772,0.000451,-43.605453,0.001381,0.000675,-258.462839
33.81,443.0,133.0,23.036951,442.999668,132.999912,28.97693,0.0,0.0,-20.904425,0.001686,0.00043,-41.098012,0.001315,0.000644,-235.459256
33.82,443.0,133.0,22.841894,442.999684,132.999916,28.590646,0.0,0.0,-18.376428,0.001605,0.00041,-38.628405,0.001252,0.000614,-213.411592
33.83,443.0,133.0,22.671407,442.9997,132.99992,28.228594,0.0,0.0,-15.960585,0.001527,0.000391,-36.205116,0.001192,0.000585,-192.420912
33.84,443.0,133.0,22.52432,442.999714,132.999923,27.890226,0.0,0.0,-13.667995,0.001453,0.000373,-33.836859,0.001135,0.000558,-172.59062
33.85,443.0,133.0,22.399354,442.999728,132.999927,27.5749,0.0,0.0,-11.509998,0.001383,0.000355,-31.532583,0.00108,0.000532,-154.026467
33.86,443.0,133.0,22.295112,442.999741,132.99993,27.281885,0.0,0.0,-9.498177,0.001316,0.000339,-29.301467,0.001029,0.000507,-136.836546
33.87,443.0,133.0,22.210085,442.999754,132.999934,27.010356,0.0,0.0,-7.644352,0.001252,0.000323,-27.152925,0.000979,0.000484,-121.131298
33.88,443.0,133.0,22.142642,442.999765,132.999937,26.75939,0.0,0.0,-5.960589,0.001192,0.000308,-25.096603,0.000932,0.000461,-107.023515
33.89,443.0,133.0,22.091033,442.999777,132.99994,26.527966,0.0,0.0,-4.459192,0.001134,0.000294,-23.142382,0.000887,0.00044,-94.628336
33.9,443.0,133.0,22.053384,442.999788,132.999942,26.314963,0.0,0.0,-3.152708,0.001079,0.00028,-21.300375,0.000845,0.000419,-84.063255
33.91,443.0,133.0,22.027695,442.999798,132.999945,26.119153,0.0,0.0,-2.053925,0.001027,0.000267,-19.580929,0.000804,0.0004,-75.448119
33.92,443.0,133.0,22.011838,442.999808,132.999948,25.939207,0.0,0.0,-1.175872,0.000977,0.000255,-17.994627,0.000766,0.000381,-68.905131
33.93,443.0,133.0,22.003553,442.999817,132.99995,25.773684,0.0,0.0,-0.531818,0.00093,0.000243,-16.552285,0.000729,0.000364,-64.558849
33.94,443.0,133.0,22.00045,442.999826,132.999952,25.621035,0.0,0.0,-0.135277,0.000885,0.000232,-15.264951,0.000694,0.000347,-62.536192
33.95,443.0,133.0,22.0,442.999834,132.999955,25.479595,0.0,0.0,0.0,0.000842,0.000221,-14.143913,0.00066,0.000331,-62.966437
33.96,443.0,133.0,22.0,442.999842,132.999957,25.347589,0.0,0.0,0.0,0.000802,0.000211,-13.200689,0.000628,0.000315,-65.981222
33.97,443.0,133.0,22.0,442.99985,132.999959,25.223239,0.0,0.0,0.0,0.000763,0.000201,-12.434916,0.000598,0.000301,-70.745076
33.98,443.0,133.0,22.0,442.999857,132.999961,25.105231,0.0,0.0,0.0,0.000726,0.000192,-11.800872,0.000569,0.000287,-73.625613
33.99,443.0,133.0,22.0,442.999864,132.999962,24.99266,0.0,0.0,0.0,0.000691,0.000183,-11.257083,0.000542,0.000273,-74.505629
34.0,443.0,133.0,22.0,442.999871,132.999964,24.884895,0.0,0.0,0.0,0.000657,0.000174,-10.776502,0.000516,0.000261,-74.124318
34.01,443.0,133.0,22.0,442.999877,132.999966,24.781481,0.0,0.0,0.0,0.000626,0.000166,-10.341432,0.000491,0.000249,-72.959445
34.02,443.0,133.0,22.0,442.999883,132.999967,24.682078,0.0,0.0,0.0,0.000595,0.000158,-9.940246,0.000467,0.000237,-71.319407
34.03,443.0,133.0,22.0,442.999888,132.999969,24.586426,0.0,0.0,0.0,0.000567,0.000151,-9.565251,0.000445,0.000226,-69.40289
34.04,443.0,133.0,22.0,442.999894,132.99997,24.494312,0.0,0.0,0.0,0.000539,0.000144,-9.211314,0.000423,0.000216,-67.337531
34.05,443.0,133.0,22.0,442.999899,132.999972,24.405563,0.0,0.0,0.0,0.000513,0.000137,-8.874962,0.000403,0.000206,-65.204962
34.06,443.0,133.0,22.0,442.999904,132.999973,24.320025,0.0,0.0,0.0,0.000488,0.000131,-8.553805,0.000383,0.000196,-63.057045
34.07,443.0,133.0,22.0,442.999909,132.999974,24.237563,0.0,0.0,0.0,0.000465,0.000125,-8.246159,0.000365,0.000187,-60.926383
34.08,443.0,133.0,22.0,442.999913,132.999976,24.158055,0.0,0.0,0.0,0.000442,0.000119,-7.950803,0.000347,0.000178,-58.83314
34.09,443.0,133.0,22.0,442.999917,132.999977,24.081387,0.0,0.0,0.0,0.000421,0.000114,-7.666821,0.000331,0.00017,-56.789449
34.1,443.0,133.0,22.0,442.999921,132.999978,24.007452,0.0,0.0,0.0,0.0004,0.000108,-7.393497,0.000315,0.000162,-54.802274
34.11,443.0,133.0,22.0,442.999925,132.999979,23.936149,0.0,0.0,0.0,0.000381,0.000103,-7.13025,0.000299,0.000155,-52.875261
34.12,443.0,133.0,22.0,442.999929,132.99998,23.867384,0.0,0.0,0.0,0.000363,9.8e-05,-6.876593,0.000285,0.000147,-51.009937
34.13,443.0,133.0,22.0,442.999932,132.999981,23.801063,0.0,0.0,0.0,0.000345,9.4e-05,-6.6321,0.000271,0.000141,-49.206485
34.14,443.0,133.0,22.0,442.999935,132.999982,23.737099,0.0,0.0,0.0,0.000328,9e-05,-6.396391,0.000258,0.000134,-47.464247
34.15,443.0,133.0,22.0,442.999938,132.999982,23.675407,0.0,0.0,0.0,0.000313,8.5e-05,-6.169117,0.000246,0.000128,-45.782045
34.16,443.0,133.0,22.00045,442.999941,132.999983,23.615908,0.0,0.0,0.135277,0.000297,8.1e-05,-5.949958,0.000234,0.000122,-44.158393
34.17,443.0,133.0,22.003553,442.999944,132.999984,23.55864,0.0,0.0,0.531818,0.000283,7.8e-05,-5.726797,0.000223,0.000116,-41.6467
34.18,443.0,133.0,22.011838,442.999947,132.999985,23.504185,0.0,0.0,1.175872,0.000269,7.4e-05,-5.445518,0.000212,0.000111,-34.765705
34.19,443.0,133.0,22.027695,442.99995,132.999986,23.453567,0.0,0.0,2.053925,0.000256,7.1e-05,-5.061772,0.000202,0.000106,-23.755494
34.2,443.0,133.0,22.053384,442.999952,132.999986,23.408072,0.0,0.0,3.152708,0.000244,6.7e-05,-4.549516,0.000192,0.000101,-9.63725
34.21,443.0,133.0,22.091033,442.999954,132.999987,23.369126,0.0,0.0,4.459192,0.000232,6.4e-05,-3.894584,0.000183,9.6e-05,6.899463
34.22,443.0,133.0,22.142642,442.999957,132.999987,23.338221,0.0,0.0,5.960589,0.000221,6.1e-05,-3.090509,0.000174,9.2e-05,25.38014
34.23,443.0,133.0,22.210085,442.999959,132.999988,23.316863,0.0,0.0,7.644352,0.00021,5.8e-05,-2.135822,0.000165,8.7e-05,45.469824
34.24,443.0,133.0,22.295112,442.999961,132.999989,23.30654,0.0,0.0,9.498177,0.0002,5.6e-05,-1.032292,0.000157,8.3e-05,66.924197
34.25,443.0,133.0,22.399354,442.999963,132.999989,23.308702,0.0,0.0,11.509998,0.00019,5.3e-05,0.216218,0.00015,7.9e-05,89.557913
34.26,443.0,133.0,22.52432,442.999964,132.99999,23.324747,0.0,0.0,13.667995,0.000181,5.1e-05,1.604492,0.000143,7.6e-05,113.224094
34.27,443.0,133.0,22.671407,442.999966,132.99999,23.356011,0.0,0.0,15.960585,0.000172,4.8e-05,3.126444,0.000136,7.2e-05,137.801068
34.28,443.0,133.0,22.841894,442.999968,132.999991,23.403766,0.0,0.0,18.376428,0.000164,4.6e-05,4.775436,0.000129,6.9e-05,163.183791
34.29,443.0,133.0,23.036951,442.999969,132.999991,23.46921,0.0,0.0,20.904425,0.000156,4.4e-05,6.544485,0.000123,6.6e-05,189.278311
34.3,443.0,133.0,23.257638,442.999971,132.999991,23.553475,0.0,0.0,23.533719,0.000149,4.2e-05,8.426402,0.000117,6.3e-05,215.998201
34.31,443.0,133.0,23.504908,442.999972,132.999992,23.657613,0.0,0.0,26.253694,0.000141,4e-05,10.41388,0.000111,6e-05,243.26226
34.32,443.0,133.0,23.779612,442.999973,132.999992,23.782609,0.0,0.0,29.053974,0.000135,3.8e-05,12.499558,0.000106,5.7e-05,270.993045
34.33,443.0,133.0,24.082495,442.999975,132.999993,23.92937,0.0,0.0,31.924427,0.000128,3.6e-05,14.676063,0.000101,5.4e-05,299.115936
34.34,443.0,133.0,24.414207,442.999976,132.999993,24.09873,0.0,0.0,34.855158,0.000122,3.5e-05,16.936037,9.6e-05,5.2e-05,327.558544
34.35,443.0,133.0,24.775298,442.999977,132.999993,24.291452,0.0,0.0,37.836518,0.000116,3.3e-05,19.272161,9.1e-05,4.9e-05,356.250346
34.36,443.0,133.0,25.166223,442.999978,132.999994,24.508223,0.0,0.0,40.859097,0.00011,3.1e-05,21.677172,8.7e-05,4.7e-05,385.122462
34.37,443.0,133.0,25.587347,442.999979,132.999994,24.749662,0.0,0.0,43.913725,0.000105,3e-05,24.14387,8.3e-05,4.5e-05,414.107526
34.38,443.0,133.0,26.038944,442.99998,132.999994,25.016313,0.0,0.0,46.991476,0.0001,2.9e-05,26.665131,7.9e-05,4.3e-05,443.139614
34.39,443.0,133.0,26.5212,442.999981,132.999994,25.308652,0.0,0.0,50.083663,9.5e-05,2.7e-05,29.233917,7.5e-05,4.1e-05,472.154213
34.4,443.0,133.0,27.034216,442.999982,132.999995,25.627085,0.0,0.0,53.181842,9.1e-05,2.6e-05,31.84328,7.1e-05,3.9e-05,501.088217
34.41,443.0,133.0,27.578011,442.999983,132.999995,25.971949,0.0,0.0,56.27781,8.6e-05,2.5e-05,34.486369,6.8e-05,3.7e-05,529.879927
34.42,443.0,133.0,28.152524,442.999984,132.999995,26.343513,0.0,0.0,59.363603,8.2e-05,2.4e-05,37.156437,6.5e-05,3.5e-05,558.469076
34.43,443.0,133.0,28.757614,442.999985,132.999995,26.741982,0.0,0.0,62.431502,7.8e-05,2.3e-05,39.846843,6.1e-05,3.4e-05,586.796848
34.44,443.0,133.0,29.393066,442.999985,132.999996,27.167492,0.0,0.0,65.474026,7.4e-05,2.1e-05,42.551061,5.8e-05,3.2e-05,614.805903
34.45,443.0,133.0,30.058592,442.999986,132.999996,27.620119,0.0,0.0,68.483937,7.1e-05,2e-05,45.262684,5.6e-05,3.1e-05,642.440408
34.46,443.0,133.0,30.753833,442.999987,132.999996,28.099873,0.0,0.0,71.454239,6.7e-05,2e-05,47.975424,5.3e-05,2.9e-05,669.646063
34.47,443.0,133.0,31.478362,442.999987,132.999996,28.606705,0.0,0.0,74.378174,6.4e-05,1.9e-05,50.683123,5e-05,2.8e-05,696.370131
34.48,443.0,133.0,32.231686,442.999988,132.999996,29.140502,0.0,0.0,77.24923,6.1e-05,1.8e-05,53.379751,4.8e-05,2.7e-05,722.561465
34.49,443.0,133.0,33.013247,442.999989,132.999997,29.701096,0.0,0.0,80.061132,5.8e-05,1.7e-05,56.059413,4.6e-05,2.5e-05,748.170539
34.5,443.0,133.0,33.822428,442.999989,132.999997,30.28826,0.0,0.0,82.807848,5.5e-05,1.6e-05,58.716355,4.3e-05,2.4e-05,773.14947
34.51,443.0,133.0,34.658553,442.99999,132.999997,30.901709,0.0,0.0,85.483589,5.3e-05,1.5e-05,61.344961,4.1e-05,2.3e-05,797.452047
34.52,443.0,133.0,35.520887,442.99999,132.999997,31.541107,0.0,0.0,88.082803,5e-05,1.5e-05,63.939763,3.9e-05,2.2e-05,821.03376
34.53,443.0,133.0,36.408645,442.999991,132.999997,32.206061,0.0,0.0,90.600185,4.8e-05,1.4e-05,66.49544,3.7e-05,2.1e-05,843.851816
34.54,443.0,133.0,37.320988,442.999991,132.999997,32.89613,0.0,0.0,93.030665,4.5e-05,1.3e-05,69.006825,3.6e-05,2e-05,865.865173
34.55,443.0,133.0,38.257027,442.999992,132.999997,33.610819,0.0,0.0,95.36942,4.3e-05,1.3e-05,71.468904,3.4e-05,1.9e-05,887.034556
34.56,443.0,133.0,39.21583,442.999992,132.999998,34.349587,0.0,0.0,97.611864,4.1e-05,1.2e-05,73.876822,3.2e-05,1.8e-05,907.322481
34.57,443.0,133.0,40.196417,442.999992,132.999998,35.111846,0.0,0.0,99.753654,3.9e-05,1.2e-05,76.225885,3.1e-05,1.7e-05,926.693279
34.58,443.0,133.0,41.197767,442.999993,132.999998,35.896961,0.0,0.0,101.79069,3.7e-05,1.1e-05,78.511563,2.9e-05,1.7e-05,945.113112
34.59,443.0,133.0,42.218821,442.999993,132.999998,36.704256,0.0,0.0,103.71911,3.5e-05,1.1e-05,80.729493,2.8e-05,1.6e-05,962.549997
34.6,443.0,133.0,43.25848,442.999993,132.999998,37.533011,0.0,0.0,105.535295,3.4e-05,1e-05,82.875479,2.6e-05,1.5e-05,978.973825
34.61,443.0,133.0,44.315614,442.999994,132.999998,38.382466,0.0,0.0,107.235867,3.2e-05,1e-05,84.945499,2.5e-05,1.4e-05,994.356377
34.62,443.0,133.0,45.389056,442.999994,132.999998,39.251823,0.0,0.0,108.81769,3e-05,9e-06,86.935703,2.4e-05,1.4e-05,1008.671344
34.63,443.0,133.0,46.477614,442.999994,132.999998,40.140247,0.0,0.0,110.277868,2.9e-05,9e-06,88.84242,2.3e-05,1.3e-05,1021.894346
34.64,443.0,133.0,47.580064,442.999995,132.999998,41.046869,0.0,0.0,111.613748,2.8e-05,8e-06,90.662154,2.2e-05,1.2e-05,1034.002942
34.65,443.0,133.0,48.695159,442.999995,132.999998,41.970785,0.0,0.0,112.822916,2.6e-05,8e-06,92.391593,2.1e-05,1.2e-05,1044.976655
34.66,443.0,133.0,49.821631,442.999995,132.999998,42.911061,0.0,0.0,113.903201,2.5e-05,8e-06,94.027606,2e-05,1.1e-05,1054.796981
34.67,443.0,133.0,50.958187,442.999995,132.999999,43.866733,0.0,0.0,114.852673,2.4e-05,7e-06,95.567248,1.9e-05,1.1e-05,1063.447408
34.68,443.0,133.0,52.103521,442.999996,132.999999,44.836811,0.0,0.0,115.669643,2.3e-05,7e-06,97.00776,1.8e-05,1e-05,1070.913426
34.69,443.0,133.0,53.256307,442.999996,132.999999,45.820277,0.0,0.0,116.352662,2.2e-05,7e-06,98.346572,1.7e-05,1e-05,1077.182547
34.7,443.0,133.0,54.415209,442.999996,132.999999,46.81609,0.0,0.0,116.900526,2e-05,6e-06,99.581304,1.6e-05,9e-06,1082.244311
34.71,443.0,133.0,55.578879,442.999996,132.999999,47.823187,0.0,0.0,117.312268,1.9e-05,6e-06,100.70977,1.5e-05,9e-06,1086.090308
34.72,443.0,133.0,56.745961,442.999996,132.999999,48.840487,0.0,0.0,117.587165,1.9e-05,6e-06,101.729976,1.5e-05,8e-06,1088.714181
34.73,443.0,133.0,57.915093,442.999997,132.999999,49.866888,0.0,0.0,117.724734,1.8e-05,5e-06,102.640125,1.4e-05,8e-06,1090.111645
34.74,443.0,133.0,59.084907,442.999997,132.999999,50.901275,0.0,0.0,117.724734,1.7e-05,5e-06,103.438615,1.3e-05,8e-06,1090.280496
34.75,443.0,133.0,60.254039,442.999997,132.999999,51.942515,0.0,0.0,117.587165,1.6e-05,5e-06,104.124046,1.3e-05,7e-06,1089.220622
34.76,443.0,133.0,61.421121,442.999997,132.999999,52.989467,0.0,0.0,117.312268,1.5e-05,5e-06,104.695215,1.2e-05,7e-06,1086.934015
34.77,443.0,133.0,62.584791,442.999997,132.999999,54.040978,0.0,0.0,116.900526,1.4e-05,4e-06,105.151123,1.1e-05,7e-06,1083.42478
34.78,443.0,133.0,63.743693,442.999997,132.999999,55.095888,0.0,0.0,116.352662,1.4e-05,4e-06,105.490972,1.1e-05,6e-06,1078.699147
34.79,443.0,133.0,64.896479,442.999997,132.999999,56.15303,0.0,0.0,115.669643,1.3e-05,4e-06,105.714169,1e-05,6e-06,1072.765478
34.8,443.0,133.0,66.041813,442.999998,132.999999,57.211233,0.0,0.0,114.852673,1.2e-05,4e-06,105.820327,1e-05,6e-06,1065.634278
34.81,443.0,133.0,67.178369,442.999998,132.999999,58.269326,0.0,0.0,113.903201,1.2e-05,4e-06,105.809263,9e-06,6e-06,1057.318206
34.82,443.0,133.0,68.304841,442.999998,132.999999,59.326136,0.0,0.0,112.822916,1.1e-05,4e-06,105.681006,9e-06,5e-06,1047.83208
34.83,443.0,133.0,69.419936,442.999998,132.999999,60.380494,0.0,0.0,111.613748,1.1e-05,3e-06,105.435792,8e-06,5e-06,1037.192886
34.84,443.0,133.0,70.522386,442.999998,132.999999,61.431234,0.0,0.0,110.277868,1e-05,3e-06,105.074065,8e-06,5e-06,1025.419789
34.85,443.0,133.0,71.610944,442.999998,132.999999,62.477199,0.0,0.0,108.81769,1e-05,3e-06,104.596484,8e-06,5e-06,1012.53414
34.86,443.0,133.0,72.684386,442.999998,132.999999,63.517238,0.0,0.0,107.235867,9e-06,3e-06,104.003917,7e-06,4e-06,998.559478
34.87,443.0,133.0,73.74152,442.999998,132.999999,64.550213,0.0,0.0,105.535295,9e-06,3e-06,103.297446,7e-06,4e-06,983.521548
34.88,443.0,133.0,74.781179,442.999998,132.999999,65.574997,0.0,0.0,103.71911,8e-06,3e-06,102.478369,7e-06,4e-06,967.448296
34.89,443.0,133.0,75.802233,442.999998,132.999999,66.590479,0.0,0.0,101.79069,8e-06,3e-06,101.548197,6e-06,4e-06,950.369885
34.9,443.0,133.0,76.803583,442.999999,133.0,67.595565,0.0,0.0,99.753654,8e-06,2e-06,100.508656,6e-06,4e-06,932.318698
34.91,443.0,133.0,77.78417,442.999999,133.0,68.589182,0.0,0.0,97.611864,7e-06,2e-06,99.361691,6e-06,3e-06,913.329343
34.92,443.0,133.0,78.742973,442.999999,133.0,69.570277,0.0,0.0,95.36942,7e-06,2e-06,98.109463,5e-06,3e-06,893.43866
34.93,443.0,133.0,79.679012,442.999999,133.0,70.53782,0.0,0.0,93.030665,7e-06,2e-06,96.754351,5e-06,3e-06,872.685731
34.94,443.0,133.0,80.591355,442.999999,133.0,71.49081,0.0,0.0,90.600185,6e-06,2e-06,95.298956,5e-06,3e-06,851.111877
34.95,443.0,133.0,81.479113,442.999999,133.0,72.428271,0.0,0.0,88.082803,6e-06,2e-06,93.746095,5e-06,3e-06,828.760672
34.96,443.0,133.0,82.341447,442.999999,133.0,73.349259,0.0,0.0,85.483589,6e-06,2e-06,92.098807,4e-06,3e-06,805.677943
34.97,443.0,133.0,83.177572,442.999999,133.0,74.252862,0.0,0.0,82.807848,5e-06,2e-06,90.360354,4e-06,3e-06,781.911778
34.98,443.0,133.0,83.986753,442.999999,133.0,75.138204,0.0,0.0,80.061132,5e-06,2e-06,88.534216,4e-06,2e-06,757.512528
34.99,443.0,133.0,84.768314,442.999999,133.0,76.004445,0.0,0.0,77.24923,5e-06,2e-06,86.624099,4e-06,2e-06,732.532814
35.0,443.0,133.0,85.521638,442.999999,133.0,76.850785,0.0,0.0,74.378174,5e-06,1e-06,84.633931,4e-06,2e-06,707.027532
35.01,443.0,133.0,86.246167,442.999999,133.0,77.676463,0.0,0.0,71.454239,4e-06,1e-06,82.567863,3e-06,2e-06,681.053854
35.02,443.0,133.0,86.941408,442.999999,133.0,78.480766,0.0,0.0,68.483937,4e-06,1e-06,80.43027,3e-06,2e-06,654.671237
35.03,443.0,133.0,87.606934,442.999999,133.0,79.263024,0.0,0.0,65.474026,4e-06,1e-06,78.225754,3e-06,2e-06,627.941423
35.04,443.0,133.0,88.242386,442.999999,133.0,80.022615,0.0,0.0,62.431502,4e-06,1e-06,75.959141,3e-06,2e-06,600.928444
35.05,443.0,133.0,88.847476,442.999999,133.0,80.75897,0.0,0.0,59.363603,4e-06,1e-06,73.635481,3e-06,2e-06,573.698628
35.06,443.0,133.0,89.421989,442.999999,133.0,81.47157,0.0,0.0,56.27781,3e-06,1e-06,71.260053,3e-06,2e-06,546.3206
35.07,443.0,133.0,89.965784,442.999999,133.0,82.159954,0.0,0.0,53.181842,3e-06,1e-06,68.838363,3e-06,2e-06,518.865286
35.08,443.0,133.0,90.4788,442.999999,133.0,82.823715,0.0,0.0,50.083663,3e-06,1e-06,66.376141,2e-06,2e-06,491.405918
35.09,443.0,133.0,90.961056,442.999999,133.0,83.462509,0.0,0.0,46.991476,3e-06,1e-06,63.879349,2e-06,1e-06,464.018035
35.1,443.0,133.0,91.412653,442.999999,133.0,84.076051,0.0,0.0,43.913725,3e-06,1e-06,61.354174,2e-06,1e-06,436.779489
35.11,443.0,133.0,91.833777,442.999999,133.0,84.664121,0.0,0.0,40.859097,3e-06,1e-06,58.807033,2e-06,1e-06,409.770445
35.12,443.0,133.0,92.224702,442.999999,133.0,85.226567,0.0,0.0,37.836518,3e-06,1e-06,56.244571,2e-06,1e-06,383.073385
35.13,443.0,133.0,92.585793,443.0,133.0,85.763303,0.0,0.0,34.855158,2e-06,1e-06,53.673664,2e-06,1e-06,356.773112
35.14,443.0,133.0,92.917505,443.0,133.0,86.274317,0.0,0.0,31.924427,2e-06,1e-06,51.101415,2e-06,1e-06,330.956752
35.15,443.0,133.0,93.220388,443.0,133.0,86.759669,0.0,0.0,29.053974,2e-06,1e-06,48.53516,2e-06,1e-06,305.713756
35.16,443.0,133.0,93.495092,443.0,133.0,87.219494,0.0,0.0,26.253694,2e-06,1e-06,45.982464,2e-06,1e-06,281.135904
35.17,443.0,133.0,93.742362,443.0,133.0,87.654005,0.0,0.0,23.533719,2e-06,1e-06,43.451122,2e-06,1e-06,257.317305
35.18,443.0,133.0,93.963049,443.0,133.0,88.063497,0.0,0.0,20.904425,2e-06,1e-06,40.949162,1e-06,1e-06,234.354403
35.19,443.0,133.0,94.158106,443.0,133.0,88.448345,0.0,0.0,18.376428,2e-06,1e-06,38.484841,1e-06,1e-06,212.345976
35.2,443.0,133.0,94.328593,443.0,133.0,88.809011,0.0,0.0,15.960585,2e-06,1e-06,36.06665,1e-06,1e-06,191.393138
35.21,443.0,133.0,94.47568,443.0,133.0,89.146045,0.0,0.0,13.667995,2e-06,1e-06,33.703311,1e-06,1e-06,171.599346
35.22,443.0,133.0,94.600646,443.0,133.0,89.460082,0.0,0.0,11.509998,2e-06,1e-06,31.403777,1e-06,1e-06,153.070395
35.23,443.0,133.0,94.704888,443.0,133.0,89.751855,0.0,0.0,9.498177,1e-06,1e-06,29.177235,1e-06,1e-06,135.914427
35.24,443.0,133.0,94.789915,443.0,133.0,90.022186,0.0,0.0,7.644352,1e-06,0.0,27.033105,1e-06,1e-06,120.241926
35.25,443.0,133.0,94.857358,443.0,133.0,90.271996,0.0,0.0,5.960589,1e-06,0.0,24.981038,1e-06,1e-06,106.165727
35.26,443.0,133.0,94.908967,443.0,133.0,90.502305,0.0,0.0,4.459192,1e-06,0.0,23.030921,1e-06,1e-06,93.80101
35.27,443.0,133.0,94.946616,443.0,133.0,90.714234,0.0,0.0,3.152708,1e-06,0.0,21.192872,1e-06,1e-06,83.26531
35.28,443.0,133.0,94.972305,443.0,133.0,90.909006,0.0,0.0,2.053925,1e-06,0.0,19.477245,1e-06,1e-06,74.678511
35.29,443.0,133.0,94.988162,443.0,133.0,91.087953,0.0,0.0,1.175872,1e-06,0.0,17.894625,1e-06,1e-06,68.162853
35.3,443.0,133.0,94.996447,443.0,133.0,91.252511,0.0,0.0,0.531818,1e-06,0.0,16.455833,1e-06,1e-06,63.842932
35.31,443.0,133.0,94.99955,443.0,133.0,91.40423,0.0,0.0,0.135277,1e-06,0.0,15.171925,1e-06,1e-06,61.845699
35.32,443.0,133.0,95.0,443.0,133.0,91.544772,0.0,0.0,0.0,1e-06,0.0,14.054191,1e-06,0.0,62.300465
35.33,443.0,133.0,95.0,443.0,133.0,91.675914,0.0,0.0,0.0,1e-06,0.0,13.114153,1e-06,0.0,65.338901
35.34,443.0,133.0,95.0,443.0,133.0,91.799428,0.0,0.0,0.0,1e-06,0.0,12.351453,1e-06,0.0,70.125565
35.35,443.0,133.0,95.0,443.0,133.0,91.916632,0.0,0.0,0.0,1e-06,0.0,11.720373,1e-06,0.0,73.028103
35.36,443.0,133.0,95.0,443.0,133.0,92.028426,0.0,0.0,0.0,1e-06,0.0,11.179443,1e-06,0.0,73.929338
35.37,443.0,133.0,95.0,443.0,133.0,92.135443,0.0,0.0,0.0,1e-06,0.0,10.701619,1e-06,0.0,73.568493
35.38,443.0,133.0,95.0,443.0,133.0,92.238135,0.0,0.0,0.0,1e-06,0.0,10.269209,1e-06,0.0,72.423358
35.39,443.0,133.0,95.0,443.0,133.0,92.336841,0.0,0.0,0.0,1e-06,0.0,9.870587,1e-06,0.0,70.802358
35.4,443.0,133.0,95.0,443.0,133.0,92.431821,0.0,0.0,0.0,1e-06,0.0,9.498066,1e-06,0.0,68.904203
35.41,443.0,133.0,95.0,443.0,133.0,92.523286,0.0,0.0,0.0,1e-06,0.0,9.146515,0.0,0.0,66.856553
35.42,443.0,133.0,95.0,443.0,133.0,92.611411,0.0,0.0,0.0,1e-06,0.0,8.812464,0.0,0.0,64.741065
35.43,443.0,133.0,95.0,443.0,133.0,92.696346,0.0,0.0,0.0,1e-06,0.0,8.493526,0.0,0.0,62.609622
35.44,443.0,133.0,95.0,443.0,133.0,92.778227,0.0,0.0,0.0,1e-06,0.0,8.188021,0.0,0.0,60.49485
35.45,443.0,133.0,95.0,443.0,133.0,92.857174,0.0,0.0,0.0,0.0,0.0,7.89473,0.0,0.0,58.416932
35.46,443.0,133.0,95.0,443.0,133.0,92.933301,0.0,0.0,0.0,0.0,0.0,7.612739,0.0,0.0,56.388021
35.47,443.0,133.0,95.0,443.0,133.0,93.006715,0.0,0.0,0.0,0.0,0.0,7.341335,0.0,0.0,54.415102
35.48,443.0,133.0,95.0,443.0,133.0,93.077514,0.0,0.0,0.0,0.0,0.0,7.079941,0.0,0.0,52.501838
35.49,443.0,133.0,95.0,443.0,133.0,93.145795,0.0,0.0,0.0,0.0,0.0,6.828071,0.0,0.0,50.649776
35.5,443.0,133.0,95.0,443.0,133.0,93.211648,0.0,0.0,0.0,0.0,0.0,6.585301,0.0,0.0,48.859114
35.51,443.0,133.0,95.0,443.0,133.0,93.27516,0.0,0.0,0.0,0.0,0.0,6.351254,0.0,0.0,47.129212
35.52,443.0,133.0,95.0,443.0,133.0,93.336416,-0.0,-0.0,0.0,0.0,0.0,6.125583,0.0,0.0,45.458908
35.53,442.999937,132.999991,95.0,443.0,133.0,93.395496,-0.018829,-0.002636,0.0,0.0,0.0,5.907969,0.0,0.0,43.846732
35.54,442.9995,132.99993,95.0,442.999993,132.999999,93.452477,-0.074873,-0.010482,0.0,-0.000661,-0.000116,5.698111,-0.099179,-0.013885,42.291037
35.55,442.99832,132.999765,95.0,442.999941,132.99999,93.507434,-0.167472,-0.023446,0.0,-0.005195,-0.000905,5.495723,-0.685337,-0.095581,40.79009
35.56,442.996036,132.999445,95.0,442.999771,132.99996,93.560439,-0.295969,-0.041436,0.0,-0.017062,-0.002954,5.300535,-1.82174,-0.252209,39.342122
35.57,442.992291,132.998921,95.0,442.999378,132.999893,93.611562,-0.459711,-0.064359,0.0,-0.039284,-0.006754,5.112285,-3.469668,-0.476656,37.945366
35.58,442.986738,132.998143,95.0,442.998633,132.999766,93.66087,-0.658049,-0.092127,0.0,-0.074483,-0.012716,4.930725,-5.594165,-0.762749,36.598076
35.59,442.979035,132.997065,95.0,442.997384,132.999554,93.708426,-0.890338,-0.124647,0.0,-0.124935,-0.021184,4.755616,-8.163623,-1.105127,35.298544
35.6,442.968844,132.995638,95.0,442.995458,132.999229,93.754293,-1.155937,-0.161831,0.0,-0.192601,-0.032441,4.586728,-11.149418,-1.499118,34.045104
35.61,442.955838,132.993817,95.0,442.992666,132.998762,93.798531,-1.45421,-0.203589,0.0,-0.279166,-0.046721,4.423839,-14.525581,-1.940645,32.836141
35.62,442.939692,132.991557,95.0,442.988805,132.99812,93.841199,-1.784522,-0.249833,0.0,-0.386067,-0.064213,4.266735,-18.268512,-2.426138,31.670087
35.63,442.92009,132.988813,95.0,442.98366,132.997269,93.882351,-2.146244,-0.300474,0.0,-0.514522,-0.085071,4.115211,-22.356719,-2.952462,30.545427
35.64,442.896722,132.985541,95.0,442.977005,132.996175,93.922042,-2.538751,-0.355425,0.0,-0.665551,-0.109416,3.969068,-26.770589,-3.516856,29.460697
35.65,442.869282,132.981699,95.0,442.968605,132.994802,93.960323,-2.961422,-0.414599,0.0,-0.840003,-0.13734,3.828116,-31.492186,-4.116881,28.414482
35.66,442.837473,132.977246,95.0,442.958219,132.993113,93.997244,-3.413638,-0.477909,0.0,-1.03857,-0.168915,3.692169,-36.505064,-4.750369,27.405417
35.67,442.801004,132.972141,95.0,442.945601,132.991071,94.032855,-3.894786,-0.54527,0.0,-1.261807,-0.20419,3.56105,-41.794112,-5.415391,26.432183
35.68,442.759587,132.966342,95.0,442.930499,132.988639,94.067201,-4.404256,-0.616596,0.0,-1.510147,-0.243198,3.434588,-47.345405,-6.110217,25.49351
35.69,442.712943,132.959812,95.0,442.91266,132.985779,94.100327,-4.941442,-0.691802,0.0,-1.783913,-0.285955,3.312616,-53.14608,-6.833292,24.58817
35.7,442.660799,132.952512,95.0,442.891827,132.982454,94.132277,-5.505743,-0.770804,0.0,-2.083332,-0.332468,3.194977,-59.184218,-7.583211,23.714981
35.71,442.602886,132.944404,95.0,442.867741,132.978627,94.163092,-6.09656,-0.853518,0.0,-2.408546,-0.38273,3.081515,-65.448747,-8.358694,22.8728
35.72,442.538943,132.935452,95.0,442.840145,132.97426,94.192813,-6.713298,-0.939862,0.0,-2.759619,-0.436725,2.972082,-71.929351,-9.158574,22.060527
35.73,442.468714,132.92562,95.0,442.80878,132.969316,94.221478,-7.355368,-1.029752,0.0,-3.136549,-0.494431,2.866535,-78.616385,-9.981776,21.2771
35.74,442.391948,132.914873,95.0,442.773387,132.963757,94.249125,-8.022184,-1.123106,0.0,-3.539272,-0.555817,2.764737,-85.500813,-10.827309,20.521494
35.75,442.308403,132.903176,95.0,442.73371,132.957549,94.275791,-8.713162,-1.219843,0.0,-3.967671,-0.620846,2.666554,-92.574135,-11.694251,19.792722
35.76,442.217838,132.890497,95.0,442.689495,132.950654,94.301509,-9.427724,-1.319881,0.0,-4.421585,-0.689478,2.571858,-99.828339,-12.581739,19.08983
35.77,442.120022,132.876803,95.0,442.640486,132.943037,94.326315,-10.165297,-1.423142,0.0,-4.900806,-0.761667,2.480524,-107.255844,-13.488966,18.4119
35.78,442.014727,132.862062,95.0,442.586436,132.934664,94.350239,-10.925308,-1.529543,0.0,-5.405092,-0.837362,2.392434,-114.849459,-14.415166,17.758045
35.79,441.901733,132.846243,95.0,442.527094,132.925499,94.373314,-11.707191,-1.639007,0.0,-5.93417,-0.916513,2.307473,-122.602343,-15.359615,17.12741
35.8,441.780823,132.829315,95.0,442.462217,132.915508,94.395569,-12.510383,-1.751454,0.0,-6.487734,-0.999063,2.225528,-130.507971,-16.321622,16.51917
35.81,441.651788,132.81125,95.0,442.391562,132.904659,94.417034,-13.334326,-1.866806,0.0,-7.065455,-1.084956,2.146494,-138.560097,-17.300526,15.932531
35.82,441.514423,132.792019,95.0,442.314892,132.892917,94.437737,-14.178463,-1.984985,0.0,-7.666983,-1.174131,2.070266,-146.752734,-18.295691,15.366725
35.83,441.368529,132.771594,95.0,442.231973,132.880252,94.457704,-15.042245,-2.105914,0.0,-8.291944,-1.266527,1.996745,-155.080124,-19.306506,14.821012
35.84,441.213913,132.749948,95.0,442.142573,132.866631,94.476962,-15.925123,-2.229517,0.0,-8.939952,-1.362083,1.925836,-163.536716,-20.332375,14.294679
35.85,441.050388,132.727054,95.0,442.046467,132.852024,94.495537,-16.826554,-2.355718,0.0,-9.610602,-1.460734,1.857444,-172.117149,-21.372725,13.787037
35.86,440.877769,132.702888,95.0,441.943432,132.8364,94.513452,-17.745999,-2.48444,0.0,-10.303478,-1.562416,1.791482,-180.816233,-22.426994,13.297423
35.87,440.69588,132.677423,95.0,441.833251,132.819729,94.53073,-18.682923,-2.615609,0.0,-11.018152,-1.667064,1.727861,-189.628931,-23.494636,12.825196
35.88,440.50455,132.650637,95.0,441.715709,132.801983,94.547395,-19.636793,-2.749151,0.0,-11.754187,-1.774611,1.6665,-198.550352,-24.575117,12.36974
35.89,440.303611,132.622505,95.0,441.590598,132.783133,94.563469,-20.607082,-2.884991,0.0,-12.511135,-1.884992,1.607319,-207.575731,-25.667913,11.930458
35.9,440.092902,132.593006,95.0,441.457712,132.763152,94.578971,-21.593265,-3.023057,0.0,-13.288544,-1.998138,1.550238,-216.700423,-26.772511,11.506776
35.91,439.872267,132.562117,95.0,441.316853,132.742012,94.593923,-22.594825,-3.163275,0.0,-14.085954,-2.113983,1.495185,-225.919891,-27.888406,11.09814
35.92,439.641555,132.529818,95.0,441.167824,132.719687,94.608344,-23.611243,-3.305574,0.0,-14.902901,-2.23246,1.442087,-235.229698,-29.015101,10.704015
35.93,439.400621,132.496087,95.0,441.010434,132.696152,94.622252,-24.642008,-3.449881,0.0,-15.738917,-2.353501,1.390875,-244.625502,-30.152107,10.323888
35.94,439.149323,132.460905,95.0,440.844499,132.671382,94.635667,-25.686612,-3.596126,0.0,-16.593528,-2.477038,1.341481,-254.103042,-31.298942,9.957259
35.95,438.887526,132.424254,95.0,440.669837,132.645352,94.648606,-26.744551,-3.744237,0.0,-17.466261,-2.603003,1.293842,-263.658142,-32.45513,9.603651
35.96,438.615099,132.386114,95.0,440.48627,132.618038,94.661085,-27.815324,-3.894145,0.0,-18.356638,-2.73133,1.247894,-273.286695,-33.620202,9.2626
35.97,438.331916,132.346468,95.0,440.293628,132.589419,94.67312,-28.898435,-4.045781,0.0,-19.264182,-2.86195,1.203578,-282.984666,-34.793692,8.93366
35.98,438.037857,132.3053,95.0,440.091744,132.559471,94.684729,-29.993391,-4.199075,0.0,-20.188413,-2.994795,1.160836,-292.748086,-35.975144,8.616402
35.99,437.732806,132.262593,95.0,439.880456,132.528173,94.695925,-31.099704,-4.353959,0.0,-21.128851,-3.1298,1.119612,-302.573044,-37.164102,8.310411
36.0,437.416652,132.218331,95.0,439.659606,132.495504,94.706723,-32.216888,-4.510364,0.0,-22.085017,-3.266896,1.079851,-312.455691,-38.360117,8.015287
36.01,437.089289,132.1725,95.0,439.429041,132.461444,94.717138,-33.344464,-4.668225,0.0,-23.056431,-3.406017,1.041503,-322.39223,-39.562746,7.730643
36.02,436.750615,132.125086,95.0,439.188615,132.425973,94.727184,-34.481953,-4.827473,0.0,-24.042614,-3.547095,1.004516,-332.378916,-40.77155,7.456107
36.03,436.400533,132.076075,95.0,438.938184,132.389072,94.736872,-35.628884,-4.988044,0.0,-25.043088,-3.690065,0.968843,-342.412056,-41.986091,7.191321
36.04,436.038952,132.025453,95.0,438.67761,132.350724,94.746216,-36.784787,-5.14987,0.0,-26.057377,-3.834861,0.934437,-352.488004,-43.20594,6.935938
36.05,435.665785,131.97321,95.0,438.40676,132.310909,94.755229,-37.949197,-5.312888,0.0,-27.085005,-3.981416,0.901253,-362.603159,-44.43067,6.689625
36.06,435.280948,131.919333,95.0,438.125505,132.269613,94.763921,-39.121652,-5.477031,0.0,-28.125497,-4.129666,0.869247,-372.753965,-45.659858,6.452059
36.07,434.884365,131.863811,95.0,437.833722,132.226817,94.772305,-40.301696,-5.642237,0.0,-29.178384,-4.279544,0.838378,-382.936908,-46.893085,6.222929
36.08,434.47596,131.806634,95.0,437.53129,132.182507,94.780391,-41.488874,-5.808442,0.0,-30.243193,-4.430987,0.808605,-393.148517,-48.129937,6.001936
36.09,434.055666,131.747793,95.0,437.218095,132.136668,94.78819,-42.682737,-5.975583,0.0,-31.319459,-4.58393,0.779889,-403.385361,-49.370002,5.788792
36.1,433.623417,131.687278,95.0,436.894028,132.089285,94.795712,-43.882841,-6.143598,0.0,-32.406715,-4.738308,0.752193,-413.644045,-50.612875,5.583216
36.11,433.179154,131.625082,95.0,436.558983,132.040345,94.802967,-45.088742,-6.312424,0.0,-33.504498,-4.894058,0.725481,-423.921218,-51.858151,5.384942
36.12,432.722821,131.561195,95.0,436.212859,131.989833,94.809964,-46.300002,-6.482,0.0,-34.612348,-5.051116,0.699717,-434.213561,-53.105432,5.193708
36.13,432.254366,131.495611,95.0,435.855561,131.937739,94.816713,-47.51619,-6.652267,0.0,-35.729808,-5.20942,0.674868,-444.517796,-54.354323,5.009266
36.14,431.773742,131.428324,95.0,435.486997,131.88405,94.823222,-48.736873,-6.823162,0.0,-36.856423,-5.368908,0.650902,-454.830678,-55.604431,4.831374
36.15,431.280908,131.359327,95.0,435.10708,131.828755,94.8295,-49.961626,-6.994628,0.0,-37.991741,-5.529516,0.627787,-465.149,-56.855369,4.659799
36.16,430.775823,131.288615,95.0,434.715727,131.771843,94.835554,-51.190027,-7.166604,0.0,-39.135312,-5.691184,0.605492,-475.469589,-58.106753,4.494317
36.17,430.258455,131.216184,95.0,434.31286,131.713305,94.841394,-52.421658,-7.339032,0.0,-40.28669,-5.85385,0.58399,-485.789307,-59.358203,4.334712
36.18,429.728772,131.142028,95.0,433.898405,131.65313,94.847027,-53.656104,-7.511855,0.0,-41.445434,-6.017453,0.563251,-496.105049,-60.609343,4.180775
36.19,429.186748,131.066145,95.0,433.472294,131.591311,94.852459,-54.892954,-7.685014,0.0,-42.611102,-6.181934,0.543248,-506.413745,-61.859798,4.032305
36.2,428.632362,130.988531,95.0,433.034462,131.527838,94.857699,-56.131803,-7.858452,0.0,-43.783259,-6.347231,0.523956,-516.712359,-63.109202,3.889107
36.21,428.065596,130.909183,95.0,432.584847,131.462706,94.862752,-57.372247,-8.032115,0.0,-44.961471,-6.513286,0.505349,-526.997888,-64.357187,3.750994
36.22,427.486436,130.828101,95.0,432.123394,131.395905,94.867626,-58.613889,-8.205944,0.0,-46.145309,-6.680039,0.487403,-537.26736,-65.603394,3.617787
36.23,426.894871,130.745282,95.0,431.650051,131.327431,94.872327,-59.856332,-8.379886,0.0,-47.334345,-6.847432,0.470094,-547.517839,-66.847463,3.48931
36.24,426.290896,130.660725,95.0,431.164769,131.257277,94.876861,-61.099186,-8.553886,0.0,-48.528156,-7.015407,0.453399,-557.74642,-68.089042,3.365395
36.25,425.674508,130.574431,95.0,430.667506,131.185438,94.881234,-62.342065,-8.727889,0.0,-49.726322,-7.183907,0.437298,-567.95023,-69.327779,3.245881
36.26,425.04571,130.486399,95.0,430.158221,131.111909,94.885452,-63.584584,-8.901842,0.0,-50.928428,-7.352873,0.421768,-578.126429,-70.563328,3.130611
36.27,424.404506,130.396631,95.0,429.636881,131.036686,94.88952,-64.826366,-9.075691,0.0,-52.13406,-7.52225,0.40679,-588.27221,-71.795347,3.019435
36.28,423.750906,130.305127,95.0,429.103453,130.959767,94.893443,-66.067033,-9.249385,0.0,-53.342809,-7.691981,0.392344,-598.384796,-73.023496,2.912207
36.29,423.084923,130.211889,95.0,428.55791,130.881147,94.897227,-67.306216,-9.42287,0.0,-54.554268,-7.862011,0.378411,-608.461444,-74.247441,2.808787
36.3,422.406573,130.11692,95.0,428.00023,130.800824,94.900877,-68.543547,-9.596097,0.0,-55.768037,-8.032284,0.364972,-618.499441,-75.466849,2.709039
36.31,421.715878,130.020223,95.0,427.430393,130.718796,94.904397,-69.778662,-9.769013,0.0,-56.983716,-8.202746,0.352011,-628.496108,-76.681393,2.612834
36.32,421.01286,129.9218,95.0,426.848383,130.635063,94.907792,-71.011202,-9.941568,0.0,-58.20091,-8.373342,0.339511,-638.448795,-77.890748,2.520045
36.33,420.297548,129.821657,95.0,426.254191,130.549623,94.911067,-72.24081,-10.113713,0.0,-59.419227,-8.544019,0.327454,-648.354886,-79.094596,2.430552
36.34,419.569971,129.719796,95.0,425.647808,130.462475,94.914225,-73.467135,-10.285399,0.0,-60.63828,-8.714723,0.315825,-658.211796,-80.292618,2.344237
36.35,418.830166,129.616223,95.0,425.029232,130.373621,94.917271,-74.68983,-10.456576,0.0,-61.857685,-8.885401,0.304609,-668.01697,-81.484502,2.260987
36.36,418.07817,129.510944,95.0,424.398461,130.283061,94.920209,-75.908549,-10.627197,0.0,-63.077061,-9.056002,0.293792,-677.767887,-82.66994,2.180693
36.37,417.314024,129.403963,95.0,423.755501,130.190797,94.923043,-77.122954,-10.797214,0.0,-64.296032,-9.226474,0.283358,-687.462055,-83.848626,2.103251
36.38,416.537772,129.295288,95.0,423.100358,130.096829,94.925776,-78.332707,-10.966579,0.0,-65.514223,-9.396765,0.273295,-697.097015,-85.020258,2.028559
36.39,415.749464,129.184925,95.0,422.433046,130.001161,94.928412,-79.537477,-11.135247,0.0,-66.731267,-9.566825,0.26359,-706.670339,-86.18454,1.956519
36.4,414.949151,129.072881,95.0,421.753578,129.903795,94.930954,-80.736935,-11.303171,0.0,-67.946797,-9.736604,0.254229,-716.179631,-87.341176,1.887038
36.41,414.136886,128.959164,95.0,421.061973,129.804734,94.933406,-81.930757,-11.470306,0.0,-69.160451,-9.906051,0.245201,-725.622524,-88.489878,1.820024
36.42,413.312729,128.843782,95.0,420.358255,129.703983,94.935771,-83.118622,-11.636607,0.0,-70.371872,-10.075117,0.236493,-734.996686,-89.630358,1.755391
36.43,412.47674,128.726744,95.0,419.642448,129.601545,94.938052,-84.300214,-11.80203,0.0,-71.580704,-10.243755,0.228095,-744.299812,-90.762334,1.693052
36.44,411.628983,128.608058,95.0,418.914582,129.497426,94.940252,-85.475219,-11.966531,0.0,-72.786597,-10.411915,0.219994,-753.529633,-91.885527,1.632927
36.45,410.769526,128.487734,95.0,418.174689,129.391631,94.942374,-86.643329,-12.130066,0.0,-73.989205,-10.579551,0.212182,-762.683907,-92.999663,1.574938
36.46,409.89844,128.365782,95.0,417.422808,129.284165,94.94442,-87.80424,-12.292594,0.0,-75.188183,-10.746614,0.204647,-771.760427,-94.10447,1.519008
36.47,409.015796,128.242211,95.0,416.658976,129.175034,94.946394,-88.957649,-12.454071,0.0,-76.383194,-10.913059,0.197379,-780.757013,-95.19968,1.465064
36.48,408.121673,128.117034,95.0,415.883237,129.064246,94.948298,-90.103261,-12.614457,0.0,-77.5739,-11.078839,0.19037,-789.671521,-96.285031,1.413035
36.49,407.216148,127.990261,95.0,415.095637,128.951807,94.950134,-91.240781,-12.773709,0.0,-78.759971,-11.243909,0.183609,-798.501834,-97.360262,1.362855
36.5,406.299306,127.861903,95.0,414.296226,128.837724,94.951904,-92.369921,-12.931789,0.0,-79.941078,-11.408224,0.177089,-807.24587,-98.425117,1.314456
36.51,405.37123,127.731972,95.0,413.485057,128.722007,94.953612,-93.490395,-13.088655,0.0,-81.116898,-11.571739,0.1708,-815.901574,-99.479343,1.267776
36.52,404.432008,127.600481,95.0,412.662186,128.604663,94.95526,-94.601922,-13.244269,0.0,-82.28711,-11.73441,0.164734,-824.466927,-100.522694,1.222754
36.53,403.481732,127.467442,95.0,411.827672,128.485701,94.956849,-95.704224,-13.398591,0.0,-83.451397,-11.896193,0.158884,-832.939937,-101.554923,1.179331
36.54,402.520494,127.332869,95.0,410.981578,128.36513,94.958381,-96.797027,-13.551584,0.0,-84.609447,-12.057047,0.153242,-841.318646,-102.575789,1.13745
36.55,401.548392,127.196775,95.0,410.123968,128.242961,94.959859,-97.880062,-13.703209,0.0,-85.76095,-12.216928,0.1478,-849.601126,-103.585057,1.097056
36.56,400.565523,127.059173,95.0,409.254912,128.119203,94.961285,-98.953064,-13.853429,0.0,-86.905603,-12.375795,0.142551,-857.78548,-104.582492,1.058097
36.57,399.57199,126.920079,95.0,408.374481,127.993867,94.962659,-100.015769,-14.002208,0.0,-88.043103,-12.533606,0.137489,-865.869844,-105.567866,1.020521
36.58,398.567897,126.779506,95.0,407.48275,127.866964,94.963986,-101.06792,-14.149509,0.0,-89.173153,-12.69032,0.132606,-873.852382,-106.540952,0.984279
36.59,397.553349,126.637469,95.0,406.579795,127.738505,94.965265,-102.109264,-14.295297,0.0,-90.29546,-12.845897,0.127897,-881.731293,-107.501528,0.949325
36.6,396.528457,126.493984,95.0,405.665698,127.608502,94.966498,-103.139549,-14.439537,0.0,-91.409735,-13.000298,0.123355,-889.504804,-108.449377,0.915612
36.61,395.493332,126.349067,95.0,404.740541,127.476967,94.967688,-104.158529,-14.582194,0.0,-92.51569,-13.153483,0.118974,-897.171175,-109.384285,0.883096
36.62,394.448089,126.202732,95.0,403.80441,127.343913,94.968835,-105.165963,-14.723235,0.0,-93.613044,-13.305414,0.114749,-904.728697,-110.30604,0.851735
36.63,393.392843,126.054998,95.0,402.857395,127.209353,94.969942,-106.161612,-14.862626,0.0,-94.70152,-13.456051,0.110674,-912.175691,-111.214437,0.821488
36.64,392.327713,125.90588,95.0,401.899587,127.073299,94.971009,-107.14524,-15.000334,0.0,-95.780842,-13.605359,0.106744,-919.510512,-112.109271,0.792315
36.65,391.252821,125.755395,95.0,400.931079,126.935766,94.972039,-108.116619,-15.136327,0.0,-96.850741,-13.753299,0.102953,-926.731542,-112.990346,0.764177
36.66,390.168291,125.603561,95.0,399.95197,126.796768,94.973032,-109.07552,-15.270573,0.0,-97.910949,-13.899836,0.099297,-933.837198,-113.857464,0.737039
36.67,389.074247,125.450395,95.0,398.962358,126.656318,94.97399,-110.021721,-15.403041,0.0,-98.961205,-14.044932,0.095771,-940.825926,-114.710436,0.710865
36.68,387.970818,125.295915,95.0,397.962345,126.514433,94.974913,-110.955003,-15.5337,0.0,-100.001249,-14.188553,0.09237,-947.696205,-115.549072,0.685621
36.69,386.858135,125.140139,95.0,396.952037,126.371126,94.975804,-111.875151,-15.662521,0.0,-101.030826,-14.330664,0.089089,-954.446544,-116.37319,0.661272
36.7,385.736328,124.983086,95.0,395.93154,126.226414,94.976664,-112.781954,-15.789474,0.0,-102.049685,-14.471231,0.085925,-961.075483,-117.18261,0.637789
36.71,384.605533,124.824775,95.0,394.900964,126.080312,94.977492,-113.675205,-15.914529,0.0,-103.057579,-14.610219,0.082874,-967.581593,-117.977155,0.615139
36.72,383.465886,124.665224,95.0,393.860422,125.932836,94.978292,-114.5547,-16.037658,0.0,-104.054265,-14.747595,0.079931,-973.963479,-118.756653,0.593294
36.73,382.317525,124.504453,95.0,392.810027,125.784002,94.979062,-115.420241,-16.158834,0.0,-105.039502,-14.883326,0.077092,-980.219772,-119.520936,0.572225
36.74,381.16059,124.342483,95.0,391.749896,125.633829,94.979806,-116.271631,-16.278028,0.0,-106.013057,-15.017381,0.074355,-986.34914,-120.269838,0.551903
36.75,379.995225,124.179331,95.0,390.680149,125.482331,94.980523,-117.108679,-16.395215,0.0,-106.974695,-15.149727,0.071714,-992.350278,-121.003199,0.532304
36.76,378.821572,124.01502,95.0,389.600907,125.329528,94.981215,-117.931198,-16.510368,0.0,-107.924191,-15.280333,0.069167,-998.221914,-121.720863,0.5134
36.77,377.639779,123.849569,95.0,388.512294,125.175436,94.981882,-118.739004,-16.623461,0.0,-108.86132,-15.409169,0.066711,-1003.962807,-122.422674,0.495168
36.78,376.449992,123.682999,95.0,387.414435,125.020074,94.982525,-119.531917,-16.734468,0.0,-109.785861,-15.536205,0.064342,-1009.571747,-123.108486,0.477583
36.79,375.252362,123.515331,95.0,386.307459,124.86346,94.983146,-120.309761,-16.843366,0.0,-110.697599,-15.661411,0.062057,-1015.047556,-123.77815,0.460623
36.8,374.047039,123.346586,95.0,385.191496,124.705613,94.983744,-121.072363,-16.950131,0.0,-111.596321,-15.784758,0.059853,-1020.389086,-124.431527,0.444265
36.81,372.834178,123.176785,95.0,384.066678,124.54655,94.984322,-121.819557,-17.054738,0.0,-112.481818,-15.906218,0.057728,-1025.59522,-125.068477,0.428488
36.82,371.613932,123.00595,95.0,382.933139,124.386293,94.984879,-122.551178,-17.157165,0.0,-113.353887,-16.025763,0.055678,-1030.664874,-125.688867,0.413271
36.83,370.386458,122.834104,95.0,381.791016,124.224859,94.985416,-123.267065,-17.257389,0.0,-114.212327,-16.143364,0.0537,-1035.596995,-126.292566,0.398595
36.84,369.151914,122.661268,95.0,380.640447,124.062269,94.985933,-123.967062,-17.355389,0.0,-115.056939,-16.258997,0.051793,-1040.390558,-126.879448,0.38444
36.85,367.910459,122.487464,95.0,379.481571,123.898543,94.986433,-124.651017,-17.451142,0.0,-115.887533,-16.372634,0.049954,-1045.044574,-127.44939,0.370787
36.86,366.662255,122.312716,95.0,378.314532,123.7337,94.986915,-125.318781,-17.544629,0.0,-116.703919,-16.484249,0.04818,-1049.558082,-128.002273,0.35762
36.87,365.407463,122.137045,95.0,377.139473,123.567762,94.987379,-125.970209,-17.635829,0.0,-117.505911,-16.593818,0.046469,-1053.930153,-128.537983,0.34492
36.88,364.146248,121.960475,95.0,375.95654,123.400749,94.987828,-126.605162,-17.724723,0.0,-118.293328,-16.701315,0.044819,-1058.159889,-129.056407,0.332671
36.89,362.878774,121.783028,95.0,374.76588,123.232682,94.98826,-127.223501,-17.81129,0.0,-119.065993,-16.806717,0.043227,-1062.246424,-129.557438,0.320857
36.9,361.605209,121.604729,95.0,373.567642,123.063582,94.988677,-127.825094,-17.895513,0.0,-119.823733,-16.91,0.041692,-1066.188922,-130.040974,0.309462
36.91,360.32572,121.425601,95.0,372.361979,122.89347,94.989079,-128.409813,-17.977374,0.0,-120.566378,-17.011141,0.040211,-1069.986581,-130.506914,0.298472
36.92,359.040476,121.245667,95.0,371.149041,122.722369,94.989467,-128.977531,-18.056854,0.0,-121.293762,-17.110117,0.038783,-1073.638626,-130.955161,0.287873
36.93,357.749648,121.064951,95.0,369.928984,122.5503,94.989841,-129.528128,-18.133938,0.0,-122.005723,-17.206907,0.037406,-1077.144316,-131.385625,0.27765
36.94,356.453408,120.883477,95.0,368.701963,122.377285,94.990202,-130.061487,-18.208608,0.0,-122.702104,-17.30149,0.036078,-1080.502942,-131.798216,0.26779
36.95,355.151927,120.70127,95.0,367.468135,122.203347,94.99055,-130.577494,-18.280849,0.0,-123.382751,-17.393843,0.034796,-1083.713823,-132.192851,0.25828
36.96,353.84538,120.518353,95.0,366.22766,122.028507,94.990885,-131.076039,-18.350646,0.0,-124.047513,-17.483948,0.033561,-1086.776312,-132.569448,0.249108
36.97,352.533942,120.334752,95.0,364.980698,121.85279,94.991209,-131.557018,-18.417983,0.0,-124.696244,-17.571783,0.032369,-1089.689792,-132.92793,0.240261
36.98,351.217789,120.15049,95.0,363.72741,121.676216,94.991521,-132.020328,-18.482846,0.0,-125.328802,-17.657331,0.031219,-1092.453678,-133.268225,0.231729
36.99,349.897097,119.965594,95.0,362.467959,121.49881,94.991822,-132.465872,-18.545222,0.0,-125.945049,-17.740572,0.030111,-1095.067415,-133.590264,0.2235
37.0,348.572046,119.780086,95.0,361.202511,121.320596,94.992113,-132.893556,-18.605098,0.0,-126.54485,-17.821489,0.029041,-1097.530481,-133.893981,0.215562
37.01,347.242812,119.593994,95.0,359.93123,121.141595,94.992393,-133.30329,-18.662461,0.0,-127.128074,-17.900063,0.02801,-1099.842384,-134.179314,0.207907
37.02,345.909577,119.407341,95.0,358.654284,120.961832,94.992663,-133.694988,-18.717298,0.0,-127.694594,-17.976278,0.027015,-1102.002663,-134.446205,0.200524
37.03,344.57252,119.220153,95.0,357.371841,120.781331,94.992923,-134.068568,-18.769599,0.0,-128.244288,-18.050117,0.026056,-1104.010889,-134.694602,0.193403
37.04,343.231823,119.032455,95.0,356.084071,120.600115,94.993175,-134.423952,-18.819353,0.0,-128.777037,-18.121564,0.025131,-1105.866663,-134.924453,0.186535
37.05,341.887668,118.844274,95.0,354.791143,120.418209,94.993417,-134.761065,-18.866549,0.0,-129.292726,-18.190603,0.024238,-1107.569619,-135.135713,0.17991
37.06,340.540238,118.655633,95.0,353.493231,120.235637,94.993651,-135.079837,-18.911177,0.0,-129.791244,-18.257221,0.023377,-1109.119422,-135.328338,0.173521
37.07,339.189716,118.46656,95.0,352.190506,120.052423,94.993876,-135.380202,-18.953228,0.0,-130.272482,-18.321402,0.022547,-1110.515766,-135.502291,0.167359
37.08,337.836287,118.27708,95.0,350.883143,119.868592,94.994094,-135.662097,-18.992694,0.0,-130.736339,-18.383133,0.021747,-1111.75838,-135.657537,0.161416
37.09,336.480135,118.087219,95.0,349.571316,119.684168,94.994304,-135.925464,-19.029565,0.0,-131.182715,-18.442401,0.020974,-1112.847019,-135.794044,0.155683
37.1,335.121446,117.897002,95.0,348.2552,119.499176,94.994506,-136.170248,-19.063835,0.0,-131.611513,-18.499192,0.020229,-1113.781475,-135.911785,0.150155
37.11,333.760405,117.706457,95.0,346.934974,119.313641,94.994701,-136.396397,-19.095496,0.0,-132.022643,-18.553495,0.019511,-1114.561567,-136.010738,0.144822
37.12,332.397199,117.515608,95.0,345.610814,119.127588,94.994889,-136.603865,-19.124541,0.0,-132.416016,-18.605299,0.018818,-1115.187147,-136.090882,0.139679
37.13,331.032015,117.324482,95.0,344.282898,118.941042,94.995071,-136.79261,-19.150965,0.0,-132.791549,-18.654592,0.01815,-1115.658098,-136.152202,0.134719
37.14,329.665039,117.133105,95.0,342.951407,118.754028,94.995246,-136.962591,-19.174763,0.0,-133.149162,-18.701363,0.017505,-1115.974335,-136.194687,0.129935
37.15,328.296459,116.941504,95.0,341.616519,118.566572,94.995415,-137.113775,-19.195928,0.0,-133.488779,-18.745603,0.016884,-1116.135802,-136.218327,0.12532
37.16,326.926464,116.749705,95.0,340.278416,118.378699,94.995577,-137.246128,-19.214458,0.0,-133.810327,-18.787302,0.016284,-1116.142476,-136.223119,0.12087
37.17,325.555241,116.557734,95.0,338.937278,118.190435,94.995734,-137.359625,-19.230348,0.0,-134.113739,-18.826451,0.015706,-1115.994366,-136.209063,0.116577
37.18,324.182978,116.365617,95.0,337.593289,118.001804,94.995886,-137.454242,-19.243594,0.0,-134.398949,-18.863043,0.015148,-1115.69151,-136.176161,0.112437
37.19,322.809866,116.173381,95.0,336.24663,117.812834,94.996032,-137.529959,-19.254194,0.0,-134.665899,-18.897069,0.01461,-1115.233978,-136.124422,0.108444
37.2,321.436091,115.981053,95.0,334.897485,117.623548,94.996173,-137.58676,-19.262146,0.0,-134.91453,-18.928522,0.014091,-1114.621873,-136.053856,0.104593
37.21,320.061844,115.788658,95.0,333.546037,117.433975,94.996309,-137.624634,-19.267449,0.0,-135.14479,-18.957396,0.013591,-1113.855326,-135.964478,0.100879
37.22,318.687313,115.596224,95.0,332.19247,117.244138,94.99644,-137.643573,-19.2701,0.0,-135.356632,-18.983683,0.013108,-1112.934502,-135.856307,0.097296
37.23,317.312687,115.403776,95.0,330.83697,117.054064,94.996566,-137.643573,-19.2701,0.0,-135.550009,-19.00738,0.012643,-1111.859597,-135.729365,0.093841
37.24,315.938156,115.211342,95.0,329.479721,116.863779,94.996688,-137.624634,-19.267449,0.0,-135.72488,-19.02848,0.012194,-1110.630836,-135.58368,0.090509
37.25,314.563909,115.018947,95.0,328.120909,116.673309,94.996806,-137.58676,-19.262146,0.0,-135.88121,-19.046979,0.011761,-1109.248477,-135.41928,0.087294
37.26,313.190134,114.826619,95.0,326.76072,116.482681,94.996919,-137.529959,-19.254194,0.0,-136.018964,-19.062874,0.011343,-1107.712809,-135.236201,0.084194
37.27,311.817022,114.634383,95.0,325.399339,116.291919,94.997029,-137.454242,-19.243594,0.0,-136.138114,-19.07616,0.01094,-1106.024153,-135.03448,0.081204
37.28,310.444759,114.442266,95.0,324.036952,116.101051,94.997134,-137.359625,-19.230348,0.0,-136.238633,-19.086836,0.010552,-1104.182859,-134.814158,0.078321
37.29,309.073536,114.250295,95.0,322.673747,115.910102,94.997236,-137.246128,-19.214458,0.0,-136.320502,-19.094898,0.010177,-1102.189311,-134.575281,0.075539
37.3,307.703541,114.058496,95.0,321.30991,115.719098,94.997334,-137.113775,-19.195928,0.0,-136.383701,-19.100344,0.009816,-1100.043922,-134.3179,0.072857
37.31,306.334961,113.866895,95.0,319.945628,115.528066,94.997429,-136.962591,-19.174763,0.0,-136.428218,-19.103175,0.009467,-1097.747138,-134.042065,0.070269
37.32,304.967985,113.675518,95.0,318.581088,115.337033,94.99752,-136.79261,-19.150965,0.0,-136.454043,-19.103388,0.009131,-1095.299433,-133.747836,0.067774
37.33,303.602801,113.484392,95.0,317.216476,115.146023,94.997608,-136.603865,-19.124541,0.0,-136.461169,-19.100985,0.008807,-1092.701317,-133.435272,0.065367
37.34,302.239595,113.293543,95.0,315.85198,114.955063,94.997693,-136.396397,-19.095496,0.0,-136.449596,-19.095964,0.008494,-1089.953328,-133.104438,0.063046
37.35,300.878554,113.102998,95.0,314.487787,114.76418,94.997775,-136.170248,-19.063835,0.0,-136.419324,-19.088328,0.008192,-1087.056036,-132.755403,0.060807
37.36,299.519865,112.912781,95.0,313.124083,114.573399,94.997854,-135.925464,-19.029565,0.0,-136.37036,-19.078077,0.007901,-1084.010042,-132.388239,0.058647
37.37,298.163713,112.72292,95.0,311.761056,114.382747,94.99793,-135.662097,-18.992694,0.0,-136.302714,-19.065215,0.007621,-1080.815978,-132.003022,0.056565
37.38,296.810284,112.53344,95.0,310.398892,114.192249,94.998004,-135.380202,-18.953228,0.0,-136.2164,-19.049743,0.00735,-1077.474509,-131.599832,0.054556
37.39,295.459762,112.344367,95.0,309.037778,114.001933,94.998075,-135.079837,-18.911177,0.0,-136.111434,-19.031664,0.007089,-1073.986328,-131.178752,0.052618
37.4,294.112332,112.155726,95.0,307.677899,113.811823,94.998143,-134.761065,-18.866549,0.0,-135.987838,-19.010982,0.006837,-1070.352163,-130.739871,0.05075
37.41,292.768177,111.967545,95.0,306.319443,113.621946,94.998209,-134.423952,-18.819353,0.0,-135.845639,-18.987702,0.006594,-1066.572771,-130.28328,0.048948
37.42,291.42748,111.779847,95.0,304.962594,113.432328,94.998273,-134.068568,-18.769599,0.0,-135.684864,-18.961829,0.00636,-1062.64894,-129.809074,0.047209
37.43,290.090423,111.592659,95.0,303.607539,113.242994,94.998334,-133.694988,-18.717298,0.0,-135.505548,-18.933367,0.006134,-1058.58149,-129.317351,0.045533
37.44,288.757188,111.406006,95.0,302.254461,113.053971,94.998393,-133.30329,-18.662461,0.0,-135.307727,-18.902322,0.005917,-1054.371272,-128.808216,0.043916
37.45,287.427954,111.219914,95.0,300.903547,112.865284,94.99845,-132.893556,-18.605098,0.0,-135.091443,-18.868701,0.005706,-1050.019169,-128.281775,0.042356
37.46,286.102903,111.034406,95.0,299.55498,112.676959,94.998505,-132.465872,-18.545222,0.0,-134.85674,-18.832512,0.005504,-1045.526093,-127.738138,0.040852
37.47,284.782211,110.84951,95.0,298.208943,112.489021,94.998558,-132.020328,-18.482846,0.0,-134.603667,-18.79376,0.005308,-1040.892991,-127.177419,0.039401
37.48,283.466058,110.665248,95.0,296.86562,112.301496,94.99861,-131.557018,-18.417983,0.0,-134.332277,-18.752455,0.00512,-1036.120837,-126.599737,0.038002
37.49,282.15462,110.481647,95.0,295.525194,112.11441,94.998659,-131.076039,-18.350646,0.0,-134.042627,-18.708606,0.004938,-1031.210639,-126.005214,0.036653
37.5,280.848073,110.29873,95.0,294.187846,111.927788,94.998707,-130.577494,-18.280849,0.0,-133.734776,-18.66222,0.004763,-1026.163435,-125.393976,0.035351
37.51,279.546592,110.116523,95.0,292.853758,111.741655,94.998752,-130.061487,-18.208608,0.0,-133.40879,-18.613308,0.004593,-1020.980296,-124.766152,0.034095
37.52,278.250352,109.935049,95.0,291.523111,111.556036,94.998797,-129.528128,-18.133938,0.0,-133.064737,-18.561881,0.00443,-1015.662322,-124.121876,0.032885
37.53,276.959524,109.754333,95.0,290.196084,111.370957,94.998839,-128.977531,-18.056854,0.0,-132.702688,-18.507949,0.004273,-1010.210644,-123.461286,0.031717
37.54,275.67428,109.574399,95.0,288.872857,111.186442,94.998881,-128.409813,-17.977374,0.0,-132.322721,-18.451523,0.004121,-1004.626428,-122.784521,0.03059
37.55,274.394791,109.395271,95.0,287.553608,111.002515,94.99892,-127.825094,-17.895513,0.0,-131.924915,-18.392615,0.003975,-998.910866,-122.091728,0.029504
37.56,273.121226,109.216972,95.0,286.238514,110.819203,94.998959,-127.223501,-17.81129,0.0,-131.509354,-18.331238,0.003834,-993.065186,-121.383055,0.028456
37.57,271.853752,109.039525,95.0,284.927753,110.636529,94.998996,-126.605162,-17.724723,0.0,-131.076126,-18.267405,0.003698,-987.090643,-120.658655,0.027446
37.58,270.592537,108.862955,95.0,283.6215,110.454518,94.999031,-125.970209,-17.635829,0.0,-130.625323,-18.201128,0.003566,-980.988527,-119.918684,0.026471
37.59,269.337745,108.687284,95.0,282.319929,110.273194,94.999066,-125.318781,-17.544629,0.0,-130.15704,-18.132423,0.00344,-974.760157,-119.163302,0.025531
37.6,268.089541,108.512536,95.0,281.023215,110.09258,94.999099,-124.651017,-17.451142,0.0,-129.671377,-18.061304,0.003317,-968.406883,-118.392674,0.024624
37.61,266.848086,108.338732,95.0,279.731531,109.912703,94.999131,-123.967062,-17.355389,0.0,-129.168438,-17.987786,0.0032,-961.930088,-117.606968,0.02375
37.62,265.613542,108.165896,95.0,278.445048,109.733584,94.999162,-123.267065,-17.257389,0.0,-128.648329,-17.911885,0.003086,-955.331185,-116.806355,0.022906
37.63,264.386068,107.99405,95.0,277.163936,109.555248,94.999192,-122.551178,-17.157165,0.0,-128.111162,-17.833617,0.002976,-948.611619,-115.99101,0.022093
37.64,263.165822,107.823215,95.0,275.888366,109.377718,94.99922,-121.819557,-17.054738,0.0,-127.557053,-17.752998,0.002871,-941.772864,-115.161114,0.021308
37.65,261.952961,107.653414,95.0,274.618504,109.201017,94.999248,-121.072363,-16.950131,0.0,-126.986119,-17.670047,0.002769,-934.816428,-114.31685,0.020552
37.66,260.747638,107.484669,95.0,273.35452,109.025169,94.999275,-120.309761,-16.843366,0.0,-126.398485,-17.584781,0.00267,-927.743849,-113.458404,0.019822
37.67,259.550008,107.317001,95.0,272.096577,108.850197,94.9993,-119.531917,-16.734468,0.0,-125.794277,-17.497219,0.002576,-920.556697,-112.585967,0.019118
37.68,258.360221,107.150431,95.0,270.84484,108.676123,94.999325,-118.739004,-16.623461,0.0,-125.173626,-17.407379,0.002484,-913.256572,-111.699735,0.018439
37.69,257.178428,106.98498,95.0,269.599474,108.502971,94.999349,-117.931198,-16.510368,0.0,-124.536667,-17.315281,0.002396,-905.845105,-110.799905,0.017784
37.7,256.004775,106.820669,95.0,268.360638,108.330761,94.999372,-117.108679,-16.395215,0.0,-123.883538,-17.220945,0.002311,-898.323961,-109.886681,0.017153
37.71,254.83941,106.657517,95.0,267.128495,108.159517,94.999395,-116.271631,-16.278028,0.0,-123.214381,-17.124392,0.002229,-890.694833,-108.960267,0.016544
37.72,253.682475,106.495547,95.0,265.903201,107.989261,94.999416,-115.420241,-16.158834,0.0,-122.529344,-17.025643,0.00215,-882.959446,-108.020875,0.015956
37.73,252.534114,106.334776,95.0,264.684915,107.820014,94.999437,-114.5547,-16.037658,0.0,-121.828576,-16.92472,0.002073,-875.119558,-107.068718,0.015389
37.74,251.394467,106.175225,95.0,263.473793,107.651797,94.999457,-113.675205,-15.914529,0.0,-121.112232,-16.821645,0.002,-867.176957,-106.104014,0.014843
37.75,250.263672,106.016914,95.0,262.269988,107.484633,94.999476,-112.781954,-15.789474,0.0,-120.380469,-16.71644,0.001929,-859.133462,-105.126984,0.014316
37.76,249.141865,105.859861,95.0,261.073654,107.318541,94.999495,-111.875151,-15.662521,0.0,-119.63345,-16.60913,0.00186,-850.990923,-104.137853,0.013807
37.77,248.029182,105.704085,95.0,259.88494,107.153544,94.999513,-110.955003,-15.5337,0.0,-118.871341,-16.499738,0.001794,-842.751222,-103.136851,0.013317
37.78,246.925753,105.549605,95.0,258.703997,106.989661,94.99953,-110.021721,-15.403041,0.0,-118.094311,-16.388288,0.00173,-834.416271,-102.124211,0.012844
37.79,245.831709,105.396439,95.0,257.530972,106.826913,94.999547,-109.07552,-15.270573,0.0,-117.302535,-16.274806,0.001669,-825.988016,-101.10017,0.012388
37.8,244.747179,105.244605,95.0,256.36601,106.66532,94.999563,-108.116619,-15.136327,0.0,-116.496189,-16.159317,0.00161,-817.468431,-100.064967,0.011948
37.81,243.672287,105.09412,95.0,255.209256,106.504901,94.999578,-107.14524,-15.000334,0.0,-115.675456,-16.041848,0.001553,-808.859523,-99.018848,0.011524
37.82,242.607157,104.945002,95.0,254.06085,106.345677,94.999593,-106.161612,-14.862626,0.0,-114.840521,-15.922424,0.001497,-800.16333,-97.962061,0.011114
37.83,241.551911,104.797268,95.0,252.920935,106.187666,94.999608,-105.165963,-14.723235,0.0,-113.991572,-15.801073,0.001444,-791.381921,-96.894858,0.01072
37.84,240.506668,104.650933,95.0,251.789647,106.030888,94.999622,-104.158529,-14.582194,0.0,-113.128804,-15.677823,0.001393,-782.517397,-95.817494,0.010339
37.85,239.471543,104.506016,95.0,250.667122,105.875361,94.999635,-103.139549,-14.439537,0.0,-112.252414,-15.552702,0.001343,-773.571888,-94.73023,0.009972
37.86,238.446651,104.362531,95.0,249.553496,105.721104,94.999648,-102.109264,-14.295297,0.0,-111.362602,-15.425738,0.001296,-764.547557,-93.633329,0.009618
37.87,237.432103,104.220494,95.0,248.448901,105.568134,94.999661,-101.06792,-14.149509,0.0,-110.459574,-15.296962,0.00125,-755.4466,-92.527059,0.009276
37.88,236.42801,104.079921,95.0,247.353465,105.41647,94.999673,-100.015769,-14.002208,0.0,-109.543539,-15.166404,0.001205,-746.27124,-91.411691,0.008947
37.89,235.434477,103.940827,95.0,246.267318,105.266129,94.999684,-98.953064,-13.853429,0.0,-108.614708,-15.034093,0.001163,-737.023734,-90.287499,0.008629
37.9,234.451608,103.803225,95.0,245.190585,105.117129,94.999695,-97.880062,-13.703209,0.0,-107.673299,-14.90006,0.001121,-727.70637,-89.154763,0.008323
37.91,233.479506,103.667131,95.0,244.12339,104.969485,94.999706,-96.797027,-13.551584,0.0,-106.719533,-14.764338,0.001081,-718.321467,-88.013766,0.008027
37.92,232.518268,103.532558,95.0,243.065854,104.823216,94.999717,-95.704224,-13.398591,0.0,-105.753634,-14.626958,0.001043,-708.871376,-86.864793,0.007742
37.93,231.567992,103.399519,95.0,242.018095,104.678336,94.999727,-94.601922,-13.244269,0.0,-104.77583,-14.487954,0.001006,-699.358476,-85.708136,0.007467
37.94,230.62877,103.268028,95.0,240.980232,104.534863,94.999736,-93.490395,-13.088655,0.0,-103.786354,-14.347357,0.00097,-689.785182,-84.544088,0.007202
37.95,229.700694,103.138097,95.0,239.952377,104.392811,94.999746,-92.369921,-12.931789,0.0,-102.785441,-14.205202,0.000936,-680.153937,-83.372948,0.006946
37.96,228.783852,103.009739,95.0,238.934644,104.252195,94.999755,-91.240781,-12.773709,0.0,-101.773332,-14.061524,0.000903,-670.467215,-82.195016,0.006699
37.97,227.878327,102.882966,95.0,237.927141,104.113032,94.999764,-90.103261,-12.614457,0.0,-100.750271,-13.916357,0.000871,-660.727524,-81.0106,0.006462
37.98,226.984204,102.757789,95.0,236.929976,103.975334,94.999772,-88.957649,-12.454071,0.0,-99.716506,-13.769736,0.00084,-650.937401,-79.820009,0.006232
37.99,226.10156,102.634218,95.0,235.943253,103.839117,94.99978,-87.80424,-12.292594,0.0,-98.672289,-13.621698,0.00081,-641.099415,-78.623555,0.006011
38.0,225.230474,102.512266,95.0,234.967075,103.704395,94.999788,-86.643329,-12.130066,0.0,-97.617874,-13.472278,0.000781,-631.216165,-77.421556,0.005797
38.01,224.371017,102.391942,95.0,234.001539,103.571179,94.999795,-85.475219,-11.966531,0.0,-96.553523,-13.321515,0.000753,-621.290283,-76.214333,0.005591
38.02,223.52326,102.273256,95.0,233.046744,103.439485,94.999803,-84.300214,-11.80203,0.0,-95.479498,-13.169445,0.000727,-611.324432,-75.00221,0.005393
38.03,222.687271,102.156218,95.0,232.102784,103.309324,94.99981,-83.118622,-11.636607,0.0,-94.396067,-13.016107,0.000701,-601.321304,-73.785517,0.005201
38.04,221.863114,102.040836,95.0,231.169749,103.180709,94.999816,-81.930757,-11.470306,0.0,-93.303501,-12.861539,0.000676,-591.283626,-72.564585,0.005017
38.05,221.050849,101.927119,95.0,230.247728,103.053651,94.999823,-80.736935,-11.303171,0.0,-92.202075,-12.70578,0.000652,-581.214153,-71.339752,0.004838
38.06,220.250536,101.815075,95.0,229.336807,102.928162,94.999829,-79.537477,-11.135247,0.0,-91.092069,-12.548871,0.000629,-571.115672,-70.111356,0.004667
38.07,219.462228,101.704712,95.0,228.43707,102.804254,94.999835,-78.332707,-10.966579,0.0,-89.973765,-12.390851,0.000606,-560.991003,-68.879742,0.004501
38.08,218.685976,101.596037,95.0,227.548595,102.681936,94.999841,-77.122954,-10.797214,0.0,-88.847451,-12.231762,0.000585,-550.842994,-67.645258,0.004341
38.09,217.92183,101.489056,95.0,226.671461,102.561219,94.999847,-75.908549,-10.627197,0.0,-87.713417,-12.071645,0.000564,-540.674528,-66.408256,0.004187
38.1,217.169834,101.383777,95.0,225.805741,102.442114,94.999852,-74.68983,-10.456576,0.0,-86.571958,-11.910541,0.000544,-530.488517,-65.16909,0.004038
38.11,216.430029,101.280204,95.0,224.951508,102.324629,94.999857,-73.467135,-10.285399,0.0,-85.423373,-11.748494,0.000525,-520.287903,-63.92812,0.003895
38.12,215.702452,101.178343,95.0,224.108828,102.208774,94.999863,-72.24081,-10.113713,0.0,-84.267964,-11.585546,0.000506,-510.075662,-62.685709,0.003757
38.13,214.98714,101.0782,95.0,223.277768,102.094556,94.999867,-71.011202,-9.941568,0.0,-83.106038,-11.421741,0.000488,-499.8548,-61.442223,0.003623
38.14,214.284122,100.979777,95.0,222.458389,101.981985,94.999872,-69.778662,-9.769013,0.0,-81.937905,-11.257123,0.000471,-489.628354,-60.198034,0.003494
38.15,213.593427,100.88308,95.0,221.65075,101.871068,94.999877,-68.543547,-9.596097,0.0,-80.76388,-11.091737,0.000454,-479.399393,-58.953516,0.00337
38.16,212.915077,100.788111,95.0,220.854907,101.761811,94.999881,-67.306216,-9.42287,0.0,-79.584279,-10.925628,0.000438,-469.171016,-57.709048,0.003251
38.17,212.249094,100.694873,95.0,220.070913,101.654223,94.999885,-66.067033,-9.249385,0.0,-78.399427,-10.758841,0.000422,-458.946354,-56.465011,0.003135
38.18,211.595494,100.603369,95.0,219.298816,101.548309,94.999889,-64.826366,-9.075691,0.0,-77.209648,-10.591424,0.000407,-448.728569,-55.221792,0.003024
38.19,210.95429,100.513601,95.0,218.538663,101.444074,94.999893,-63.584584,-8.901842,0.0,-76.015272,-10.423422,0.000393,-438.520856,-53.979779,0.002916
38.2,210.325492,100.425569,95.0,217.790497,101.341526,94.999897,-62.342065,-8.727889,0.0,-74.816634,-10.254884,0.000379,-428.326438,-52.739368,0.002813
38.21,209.709104,100.339275,95.0,217.054356,101.240667,94.999901,-61.099186,-8.553886,0.0,-73.614071,-10.085857,0.000366,-418.148571,-51.500956,0.002713
38.22,209.105129,100.254718,95.0,216.330277,101.141503,94.999904,-59.856332,-8.379886,0.0,-72.407924,-9.91639,0.000353,-407.990542,-50.264943,0.002617
38.23,208.513564,100.171899,95.0,215.618292,101.044038,94.999908,-58.613889,-8.205944,0.0,-71.198539,-9.746532,0.00034,-397.85567,-49.031735,0.002524
38.24,207.934404,100.090817,95.0,214.918429,100.948275,94.999911,-57.372247,-8.032115,0.0,-69.986266,-9.576332,0.000328,-387.747305,-47.801741,0.002434
38.25,207.367638,100.011469,95.0,214.230715,100.854216,94.999914,-56.131803,-7.858452,0.0,-68.771457,-9.405841,0.000316,-377.668826,-46.575374,0.002348
38.26,206.813252,99.933855,95.0,213.55517,100.761865,94.999917,-54.892954,-7.685014,0.0,-67.55447,-9.235109,0.000305,-367.623647,-45.35305,0.002264
38.27,206.271228,99.857972,95.0,212.891813,100.671223,94.99992,-53.656104,-7.511855,0.0,-66.335667,-9.064187,0.000294,-357.61521,-44.13519,0.002184
38.28,205.741545,99.783816,95.0,212.240659,100.582292,94.999923,-52.421658,-7.339032,0.0,-65.115411,-8.893128,0.000284,-347.64699,-42.922218,0.002106
38.29,205.224177,99.711385,95.0,211.601718,100.495072,94.999926,-51.190027,-7.166604,0.0,-63.894072,-8.721984,0.000274,-337.722493,-41.714561,0.002032
38.3,204.719092,99.640673,95.0,210.974998,100.409564,94.999928,-49.961626,-6.994628,0.0,-62.672024,-8.550807,0.000264,-327.845255,-40.512653,0.001959
38.31,204.226258,99.571676,95.0,210.360502,100.325767,94.999931,-48.736873,-6.823162,0.0,-61.449641,-8.379651,0.000255,-318.018844,-39.316928,0.00189
38.32,203.745634,99.504389,95.0,209.758229,100.243682,94.999933,-47.51619,-6.652267,0.0,-60.227306,-8.20857,0.000246,-308.246861,-38.127827,0.001823
38.33,203.277179,99.438805,95.0,209.168175,100.163306,94.999936,-46.300002,-6.482,0.0,-59.005403,-8.037618,0.000237,-298.532936,-36.945792,0.001758
38.34,202.820846,99.374918,95.0,208.590331,100.084637,94.999938,-45.088742,-6.312424,0.0,-57.784319,-7.866851,0.000228,-288.88073,-35.771271,0.001696
38.35,202.376583,99.312722,95.0,208.024687,100.007674,94.99994,-43.882841,-6.143598,0.0,-56.564449,-7.696324,0.00022,-279.293937,-34.604715,0.001635
38.36,201.944334,99.252207,95.0,207.471225,99.932413,94.999942,-42.682737,-5.975583,0.0,-55.346187,-7.526093,0.000212,-269.776281,-33.446579,0.001577
38.37,201.52404,99.193366,95.0,206.929926,99.858851,94.999944,-41.488874,-5.808442,0.0,-54.129933,-7.356215,0.000205,-260.331517,-32.297321,0.001521
38.38,201.115635,99.136189,95.0,206.400765,99.786983,94.999946,-40.301696,-5.642237,0.0,-52.916093,-7.186748,0.000198,-250.963434,-31.157404,0.001467
38.39,200.719052,99.080667,95.0,205.883714,99.716806,94.999948,-39.121652,-5.477031,0.0,-51.705074,-7.017748,0.000191,-241.675847,-30.027295,0.001415
38.4,200.334215,99.02679,95.0,205.378741,99.648313,94.99995,-37.949197,-5.312888,0.0,-50.497287,-6.849275,0.000184,-232.472607,-28.907463,0.001365
38.41,199.961048,98.974547,95.0,204.88581,99.581499,94.999952,-36.784787,-5.14987,0.0,-49.293149,-6.681387,0.000177,-223.357595,-27.798382,0.001316
38.42,199.599467,98.923925,95.0,204.404879,99.516358,94.999954,-35.628884,-4.988044,0.0,-48.093079,-6.514144,0.000171,-214.334721,-26.700531,0.00127
38.43,199.249385,98.874914,95.0,203.935904,99.452882,94.999955,-34.481953,-4.827473,0.0,-46.897501,-6.347606,0.000165,-205.40793,-25.614391,0.001225
38.44,198.910711,98.8275,95.0,203.478835,99.391063,94.999957,-33.344464,-4.668225,0.0,-45.706843,-6.181832,0.000159,-196.581194,-24.540447,0.001181
38.45,198.583348,98.781669,95.0,203.03362,99.330895,94.999958,-32.216888,-4.510364,0.0,-44.521535,-6.016885,0.000153,-187.85852,-23.479189,0.001139
38.46,198.267194,98.737407,95.0,202.6002,99.272366,94.99996,-31.099704,-4.353959,0.0,-43.342012,-5.852826,0.000148,-179.243944,-22.431109,0.001099
38.47,197.962143,98.6947,95.0,202.178513,99.215469,94.999961,-29.993391,-4.199075,0.0,-42.168715,-5.689717,0.000143,-170.741535,-21.396706,0.00106
38.48,197.668084,98.653532,95.0,201.768492,99.160193,94.999963,-28.898435,-4.045781,0.0,-41.002086,-5.527621,0.000138,-162.35539,-20.376478,0.001022
38.49,197.384901,98.613886,95.0,201.370066,99.106527,94.999964,-27.815324,-3.894145,0.0,-39.842573,-5.366601,0.000133,-154.089641,-19.370933,0.000986
38.5,197.112474,98.575746,95.0,200.98316,99.05446,94.999965,-26.744551,-3.744237,0.0,-38.690625,-5.206721,0.000128,-145.948449,-18.380576,0.000951
38.51,196.850677,98.539095,95.0,200.607693,99.003979,94.999966,-25.686612,-3.596126,0.0,-37.546699,-5.048045,0.000124,-137.936007,-17.405922,0.000917
38.52,196.599379,98.503913,95.0,200.243581,98.955073,94.999968,-24.642008,-3.449881,0.0,-36.411252,-4.890638,0.000119,-130.056538,-16.447485,0.000884
38.53,196.358445,98.470182,95.0,199.890733,98.907727,94.999969,-23.611243,-3.305574,0.0,-35.284747,-4.734566,0.000115,-122.314299,-15.505786,0.000853
38.54,196.127733,98.437883,95.0,199.549057,98.861928,94.99997,-22.594825,-3.163275,0.0,-34.167651,-4.579894,0.000111,-114.713576,-14.581349,0.000823
38.55,195.907098,98.406994,95.0,199.218452,98.817661,94.999971,-21.593265,-3.023057,0.0,-33.060434,-4.426689,0.000107,-107.258686,-13.674701,0.000793
38.56,195.696389,98.377495,95.0,198.898816,98.774911,94.999972,-20.607082,-2.884991,0.0,-31.963571,-4.275019,0.000103,-99.953979,-12.786373,0.000765
38.57,195.49545,98.349363,95.0,198.590041,98.733662,94.999973,-19.636793,-2.749151,0.0,-30.877539,-4.12495,9.9e-05,-92.803834,-11.916902,0.000738
38.58,195.30412,98.322577,95.0,198.292013,98.693896,94.999974,-18.682923,-2.615609,0.0,-29.802821,-3.976552,9.6e-05,-85.812663,-11.066824,0.000712
38.59,195.122231,98.297112,95.0,198.004614,98.655597,94.999975,-17.745999,-2.48444,0.0,-28.739904,-3.829892,9.3e-05,-78.984909,-10.236685,0.000687
38.6,194.949612,98.272946,95.0,197.727721,98.618747,94.999976,-16.826554,-2.355718,0.0,-27.689276,-3.68504,8.9e-05,-72.325045,-9.427029,0.000662
38.61,194.786087,98.250052,95.0,197.461207,98.583326,94.999977,-15.925123,-2.229517,0.0,-26.651432,-3.542066,8.6e-05,-65.837577,-8.638409,0.000639
38.62,194.631471,98.228406,95.0,197.204938,98.549316,94.999977,-15.042245,-2.105914,0.0,-25.626869,-3.40104,8.3e-05,-59.527041,-7.871377,0.000616
38.63,194.485577,98.207981,95.0,196.958777,98.516695,94.999978,-14.178463,-1.984985,0.0,-24.616089,-3.262034,8e-05,-53.398005,-7.126493,0.000594
38.64,194.348212,98.18875,95.0,196.722581,98.485444,94.999979,-13.334326,-1.866806,0.0,-23.619598,-3.125118,7.7e-05,-47.455067,-6.404318,0.000573
38.65,194.219177,98.170685,95.0,196.496202,98.455541,94.99998,-12.510383,-1.751454,0.0,-22.637905,-2.990364,7.4e-05,-41.702858,-5.705418,0.000553
38.66,194.098267,98.153757,95.0,196.279487,98.426962,94.99998,-11.707191,-1.639007,0.0,-21.671524,-2.857846,7.2e-05,-36.146038,-5.030363,0.000533
38.67,193.985273,98.137938,95.0,196.072277,98.399686,94.999981,-10.925308,-1.529543,0.0,-20.720971,-2.727636,6.9e-05,-30.789301,-4.379726,0.000514
38.68,193.879978,98.123197,95.0,195.87441,98.373688,94.999982,-10.165297,-1.423142,0.0,-19.786769,-2.599808,6.7e-05,-25.637369,-3.754085,0.000496
38.69,193.782162,98.109503,95.0,195.685715,98.348943,94.999982,-9.427724,-1.319881,0.0,-18.869441,-2.474436,6.4e-05,-20.694999,-3.15402,0.000478
38.7,193.691597,98.096824,95.0,195.50602,98.325427,94.999983,-8.713162,-1.219843,0.0,-17.969517,-2.351595,6.2e-05,-15.966976,-2.580117,0.000461
38.71,193.608052,98.085127,95.0,195.335145,98.303114,94.999984,-8.022184,-1.123106,0.0,-17.087531,-2.23136,6e-05,-11.458117,-2.032964,0.000445
38.72,193.531286,98.07438,95.0,195.172904,98.281976,94.999984,-7.355368,-1.029752,0.0,-16.224017,-2.113807,5.8e-05,-7.173272,-1.513154,0.000429
38.73,193.461057,98.064548,95.0,195.019109,98.261986,94.999985,-6.713298,-0.939862,0.0,-15.379519,-1.999012,5.6e-05,-3.11732,-1.021283,0.000414
38.74,193.397114,98.055596,95.0,194.873563,98.243115,94.999985,-6.09656,-0.853518,0.0,-14.554579,-1.887053,5.4e-05,0.704828,-0.557952,0.000399
38.75,193.339201,98.047488,95.0,194.736066,98.225335,94.999986,-5.505743,-0.770804,0.0,-13.749746,-1.778006,5.2e-05,4.288229,-0.123764,0.000385
38.76,193.287057,98.040188,95.0,194.60641,98.208615,94.999986,-4.941442,-0.691802,0.0,-12.965574,-1.67195,5e-05,7.62791,0.280672,0.000371
38.77,193.240413,98.033658,95.0,194.484384,98.192926,94.999987,-4.404256,-0.616596,0.0,-12.202617,-1.568964,4.8e-05,10.718866,0.654744,0.000358
38.78,193.198996,98.027859,95.0,194.36977,98.178235,94.999987,-3.894786,-0.54527,0.0,-11.461437,-1.469125,4.7e-05,13.55606,0.997838,0.000345
38.79,193.162527,98.022754,95.0,194.262344,98.164509,94.999988,-3.413638,-0.477909,0.0,-10.742598,-1.372515,4.5e-05,16.134427,1.309334,0.000333
38.8,193.130718,98.018301,95.0,194.161877,98.151717,94.999988,-2.961422,-0.414599,0.0,-10.046667,-1.279213,4.3e-05,18.448866,1.588608,0.000321
38.81,193.103278,98.014459,95.0,194.068135,98.139824,94.999989,-2.538751,-0.355425,0.0,-9.374216,-1.189301,4.2e-05,20.494249,1.835034,0.00031
38.82,193.07991,98.011187,95.0,193.980877,98.128796,94.999989,-2.146244,-0.300474,0.0,-8.725822,-1.102858,4e-05,22.265414,2.047981,0.000299
38.83,193.060308,98.008443,95.0,193.899856,98.118596,94.999989,-1.784522,-0.249833,0.0,-8.102064,-1.019968,3.9e-05,23.757169,2.226813,0.000288
38.84,193.044162,98.006183,95.0,193.824821,98.109189,94.99999,-1.45421,-0.203589,0.0,-7.503525,-0.940713,3.7e-05,24.964291,2.370893,0.000278
38.85,193.031156,98.004362,95.0,193.755513,98.100537,94.99999,-1.155937,-0.161831,0.0,-6.930794,-0.865175,3.6e-05,25.881524,2.479579,0.000268
38.86,193.020965,98.002935,95.0,193.691668,98.092603,94.999991,-0.890338,-0.124647,0.0,-6.384461,-0.793437,3.5e-05,26.503584,2.552223,0.000259
38.87,193.013262,98.001857,95.0,193.633017,98.085347,94.999991,-0.658049,-0.092127,0.0,-5.865122,-0.725585,3.4e-05,26.825153,2.588177,0.000249
38.88,193.007709,98.001079,95.0,193.579283,98.07873,94.999991,-0.459711,-0.064359,0.0,-5.373376,-0.661703,3.2e-05,26.840883,2.586785,0.000241
38.89,193.003964,98.000555,95.0,193.530185,98.072711,94.999992,-0.295969,-0.041436,0.0,-4.909827,-0.601875,3.1e-05,26.545393,2.547392,0.000232
38.9,193.00168,98.000235,95.0,193.485434,98.067249,94.999992,-0.167472,-0.023446,0.0,-4.475081,-0.546188,3e-05,25.933274,2.469334,0.000224
38.91,193.0005,98.00007,95.0,193.444737,98.062302,94.999992,-0.074873,-0.010482,0.0,-4.069749,-0.494728,2.9e-05,24.999083,2.351948,0.000216
38.92,193.000063,98.000009,95.0,193.407792,98.057826,94.999992,-0.018829,-0.002636,0.0,-3.694447,-0.447581,2.8e-05,23.737347,2.194563,0.000208
38.93,193.0,98.0,95.0,193.374294,98.053778,94.999993,0.0,0.0,0.0,-3.349793,-0.404834,2.7e-05,22.142561,1.996507,0.000201
38.94,193.0,98.0,95.0,193.34393,98.050112,94.999993,0.0,0.0,0.0,-3.036409,-0.366576,2.6e-05,20.209189,1.757103,0.000194
38.95,193.0,98.0,95.0,193.316388,98.046784,94.999993,0.0,0.0,0.0,-2.754256,-0.332779,2.5e-05,18.031721,1.489678,0.000187
38.96,193.0,98.0,95.0,193.291381,98.043755,94.999993,0.0,0.0,0.0,-2.500677,-0.302959,2.4e-05,16.002826,1.248937,0.00018
38.97,193.0,98.0,95.0,193.268654,98.040989,94.999994,0.0,0.0,0.0,-2.272643,-0.276586,2.3e-05,14.19968,1.044006,0.000174
38.98,193.0,98.0,95.0,193.24798,98.038457,94.999994,0.0,0.0,0.0,-2.067453,-0.253205,2.3e-05,12.597285,0.869685,0.000168
38.99,193.0,98.0,95.0,193.229153,98.036133,94.999994,0.0,0.0,0.0,-1.8827,-0.232422,2.2e-05,11.173405,0.721525,0.000162
39.0,193.0,98.0,95.0,193.211991,98.033994,94.999994,0.0,0.0,0.0,-1.716234,-0.213899,2.1e-05,9.908262,0.595718,0.000156
39.01,193.0,98.0,95.0,193.196329,98.03202,94.999994,0.0,0.0,0.0,-1.56614,-0.197347,2e-05,8.784263,0.489004,0.00015
39.02,193.0,98.0,95.0,193.182022,98.030195,94.999995,0.0,0.0,0.0,-1.430707,-0.182513,2e-05,7.785761,0.398594,0.000145
39.03,193.0,98.0,95.0,193.168938,98.028503,94.999995,0.0,0.0,0.0,-1.308411,-0.169183,1.9e-05,6.898839,0.322102,0.00014
39.04,193.0,98.0,95.0,193.156959,98.026931,94.999995,0.0,0.0,0.0,-1.197888,-0.157168,1.8e-05,6.111118,0.257486,0.000135
39.05,193.0,98.0,95.0,193.14598,98.025468,94.999995,0.0,0.0,0.0,-1.097923,-0.146308,1.8e-05,5.411588,0.203,0.00013
39.06,193.0,98.0,95.0,193.135906,98.024104,94.999995,0.0,0.0,0.0,-1.007431,-0.136464,1.7e-05,4.790457,0.157149,0.000126
39.07,193.0,98.0,95.0,193.126651,98.022829,94.999996,0.0,0.0,0.0,-0.925441,-0.127515,1.6e-05,4.239018,0.118657,0.000121
39.08,193.0,98.0,95.0,193.11814,98.021635,94.999996,0.0,0.0,0.0,-0.851088,-0.119356,1.6e-05,3.749524,0.086431,0.000117
39.09,193.0,98.0,95.0,193.110304,98.020516,94.999996,0.0,0.0,0.0,-0.783596,-0.111897,1.5e-05,3.315089,0.059537,0.000113
39.1,193.0,98.0,95.0,193.103082,98.019465,94.999996,0.0,0.0,0.0,-0.722273,-0.10506,1.5e-05,2.929586,0.037176,0.000109
39.11,193.0,98.0,95.0,193.096417,98.018478,94.999996,0.0,0.0,0.0,-0.666502,-0.098776,1.4e-05,2.58757,0.018667,0.000105
39.12,193.0,98.0,95.0,193.090259,98.017548,94.999996,0.0,0.0,0.0,-0.615727,-0.092986,1.4e-05,2.284196,0.003427,0.000101
39.13,193.0,98.0,95.0,193.084565,98.016671,94.999996,0.0,0.0,-0.0,-0.569454,-0.087637,1.3e-05,2.015156,-0.009042,9.7e-05
39.14,193.0,98.0,94.99955,193.079292,98.015845,94.999997,0.0,0.0,-0.135277,-0.527239,-0.082684,1.3e-05,1.776622,-0.019165,9.4e-05
39.15,193.0,98.0,94.996447,193.074406,98.015064,94.999879,0.0,0.0,-0.531818,-0.488685,-0.078089,-0.011799,1.565188,-0.027304,-0.94484
39.16,193.0,98.0,94.988162,193.069871,98.014326,94.998986,0.0,0.0,-1.175872,-0.453436,-0.073815,-0.089252,1.377826,-0.033769,-6.314217
39.17,193.0,98.0,94.972305,193.065659,98.013627,94.996222,0.0,0.0,-2.053925,-0.421174,-0.069833,-0.276423,1.211844,-0.038824,-15.866167
39.18,193.0,98.0,94.946616,193.061743,98.012966,94.990231,0.0,0.0,-3.152708,-0.391612,-0.066115,-0.599092,1.06485,-0.042693,-28.577727
39.19,193.0,98.0,94.908967,193.058098,98.01234,94.979519,0.0,0.0,-4.459192,-0.364495,-0.062638,-1.071175,0.934716,-0.045568,-43.757576
39.2,193.0,98.0,94.857358,193.054702,98.011746,94.96253,0.0,0.0,-5.960589,-0.339591,-0.059381,-1.698897,0.81955,-0.047612,-60.929486
39.21,193.0,98.0,94.789915,193.051536,98.011183,94.937695,0.0,0.0,-7.644352,-0.316695,-0.056325,-2.483495,0.717673,-0.048964,-79.756824
39.22,193.0,98.0,94.704888,193.048579,98.010648,94.903465,0.0,0.0,-9.498177,-0.295621,-0.053454,-3.422978,0.627589,-0.049742,-99.993643
39.23,193.0,98.0,94.600646,193.045817,98.010141,94.858333,0.0,0.0,-11.509998,-0.276201,-0.050753,-4.513269,0.54797,-0.050045,-121.45302
39.24,193.0,98.0,94.47568,193.043234,98.009659,94.800843,0.0,0.0,-13.667995,-0.258286,-0.048208,-5.748942,0.477637,-0.04996,-143.986551
39.25,193.0,98.0,94.328593,193.040817,98.0092,94.729606,0.0,0.0,-15.960585,-0.241741,-0.045809,-7.123713,0.415542,-0.049556,-167.471087
39.26,193.0,98.0,94.158106,193.038553,98.008765,94.643299,0.0,0.0,-18.376428,-0.226443,-0.043545,-8.630751,0.360751,-0.048897,-191.800161
39.27,193.0,98.0,93.963049,193.03643,98.008351,94.54067,0.0,0.0,-20.904425,-0.212283,-0.041405,-10.262888,0.312438,-0.048032,-216.878446
39.28,193.0,98.0,93.742362,193.034438,98.007957,94.420542,0.0,0.0,-23.533719,-0.199162,-0.039381,-12.012754,0.269866,-0.047006,-242.618188
39.29,193.0,98.0,93.495092,193.032568,98.007582,94.281814,0.0,0.0,-26.253694,-0.186991,-0.037466,-13.872871,0.232383,-0.045854,-268.936904
39.3,193.0,98.0,93.220388,193.030811,98.007226,94.123456,0.0,0.0,-29.053974,-0.175689,-0.035652,-15.835711,0.199408,-0.044608,-295.755917
39.31,193.0,98.0,92.917505,193.02916,98.006887,93.944519,0.0,0.0,-31.924427,-0.165183,-0.033933,-17.89374,0.170425,-0.043293,-322.999414
39.32,193.0,98.0,92.585793,193.027605,98.006564,93.744125,0.0,0.0,-34.855158,-0.155406,-0.032303,-20.039446,0.144977,-0.041931,-350.593857
39.33,193.0,98.0,92.224702,193.026142,98.006256,93.521471,0.0,0.0,-37.836518,-0.1463,-0.030757,-22.26536,0.122659,-0.040538,-378.467615
39.34,193.0,98.0,91.833777,193.024764,98.005963,93.27583,0.0,0.0,-40.859097,-0.13781,-0.029289,-24.564074,0.103108,-0.039131,-406.550738
39.35,193.0,98.0,91.412653,193.023465,98.005684,93.006548,0.0,0.0,-43.913725,-0.129887,-0.027895,-26.92825,0.086005,-0.037721,-434.774827
39.36,193.0,98.0,90.961056,193.022241,98.005418,92.713041,0.0,0.0,-46.991476,-0.122486,-0.02657,-29.350631,0.071066,-0.036318,-463.072965
39.37,193.0,98.0,90.4788,193.021085,98.005165,92.394801,0.0,0.0,-50.083663,-0.115566,-0.025311,-31.824048,0.058039,-0.03493,-491.379679
39.38,193.0,98.0,89.965784,193.019994,98.004924,92.051387,0.0,0.0,-53.181842,-0.109092,-0.024114,-34.341429,0.046699,-0.033563,-519.630935
39.39,193.0,98.0,89.421989,193.018964,98.004694,91.682429,0.0,0.0,-56.27781,-0.103028,-0.022976,-36.895802,0.036849,-0.032224,-547.764144
39.4,193.0,98.0,88.847476,193.01799,98.004476,91.287626,0.0,0.0,-59.363603,-0.097344,-0.021894,-39.480304,0.028313,-0.030915,-575.718178
39.41,193.0,98.0,88.242386,193.01707,98.004267,90.866744,0.0,0.0,-62.431502,-0.092013,-0.020863,-42.088183,0.020935,-0.02964,-603.433388
39.42,193.0,98.0,87.606934,193.0162,98.004068,90.419616,0.0,0.0,-65.474026,-0.087008,-0.019883,-44.712806,0.014577,-0.028401,-630.851636
39.43,193.0,98.0,86.941408,193.015377,98.003879,89.946139,0.0,0.0,-68.483937,-0.082307,-0.01895,-47.347659,0.009115,-0.0272,-657.916315
39.44,193.0,98.0,86.246167,193.014598,98.003698,89.446276,0.0,0.0,-71.454239,-0.077888,-0.018061,-49.986356,0.004443,-0.026038,-684.572379
39.45,193.0,98.0,85.521638,193.013861,98.003526,88.920049,0.0,0.0,-74.378174,-0.073731,-0.017216,-52.622642,0.000463,-0.024915,-710.766375
39.46,193.0,98.0,84.768314,193.013163,98.003362,88.367545,0.0,0.0,-77.24923,-0.069818,-0.01641,-55.250392,-0.002909,-0.023832,-736.446461
39.47,193.0,98.0,83.986753,193.012501,98.003205,87.788909,0.0,0.0,-80.061132,-0.066132,-0.015643,-57.863624,-0.005748,-0.022789,-761.562442
39.48,193.0,98.0,83.177572,193.011875,98.003056,87.184344,0.0,0.0,-82.807848,-0.06266,-0.014912,-60.456493,-0.008122,-0.021785,-786.06579
39.49,193.0,98.0,82.341447,193.011281,98.002914,86.554111,0.0,0.0,-85.483589,-0.059385,-0.014215,-63.023302,-0.010088,-0.02082,-809.909675
39.5,193.0,98.0,81.479113,193.010718,98.002778,85.898526,0.0,0.0,-88.082803,-0.056296,-0.013552,-65.558502,-0.011699,-0.019893,-833.048984
39.51,193.0,98.0,80.591355,193.010184,98.002649,85.217959,0.0,0.0,-90.600185,-0.05338,-0.01292,-68.056694,-0.013,-0.019003,-855.440349
39.52,193.0,98.0,79.679012,193.009678,98.002526,84.512833,0.0,0.0,-93.030665,-0.050627,-0.012317,-70.512634,-0.014033,-0.01815,-877.042166
39.53,193.0,98.0,78.742973,193.009198,98.002409,83.78362,0.0,0.0,-95.36942,-0.048025,-0.011743,-72.921237,-0.014832,-0.017332,-897.814625
39.54,193.0,98.0,77.78417,193.008742,98.002297,83.030845,0.0,0.0,-97.611864,-0.045567,-0.011196,-75.277579,-0.01543,-0.016548,-917.719721
39.55,193.0,98.0,76.803583,193.00831,98.00219,82.255076,0.0,0.0,-99.753654,-0.043242,-0.010675,-77.576898,-0.015854,-0.015798,-936.721285
39.56,193.0,98.0,75.802233,193.007899,98.002088,81.45693,0.0,0.0,-101.79069,-0.041044,-0.010178,-79.814598,-0.016128,-0.01508,-954.784997
39.57,193.0,98.0,74.781179,193.007509,98.001991,80.637067,0.0,0.0,-103.71911,-0.038963,-0.009704,-81.986254,-0.016274,-0.014394,-971.878408
39.58,193.0,98.0,73.74152,193.00714,98.001899,79.796191,0.0,0.0,-105.535295,-0.036994,-0.009252,-84.087609,-0.016311,-0.013737,-987.97096
39.59,193.0,98.0,72.684386,193.006788,98.00181,78.935045,0.0,0.0,-107.235867,-0.035129,-0.008822,-86.114583,-0.016256,-0.013109,-1003.034
39.6,193.0,98.0,71.610944,193.006455,98.001726,78.054412,0.0,0.0,-108.81769,-0.033363,-0.008411,-88.06327,-0.016122,-0.012508,-1017.040802
39.61,193.0,98.0,70.522386,193.006138,98.001646,77.155113,0.0,0.0,-110.277868,-0.03169,-0.00802,-89.929943,-0.015922,-0.011935,-1029.966582
39.62,193.0,98.0,69.419936,193.005837,98.00157,76.238002,0.0,0.0,-111.613748,-0.030104,-0.007647,-91.711057,-0.015669,-0.011387,-1041.788511
39.63,193.0,98.0,68.304841,193.005551,98.001497,75.30397,0.0,0.0,-112.822916,-0.028601,-0.007292,-93.403247,-0.01537,-0.010863,-1052.485738
39.64,193.0,98.0,67.178369,193.005279,98.001427,74.353937,0.0,0.0,-113.903201,-0.027176,-0.006953,-95.003333,-0.015036,-0.010363,-1062.039397
39.65,193.0,98.0,66.041813,193.005021,98.001361,73.388853,0.0,0.0,-114.852673,-0.025824,-0.00663,-96.508324,-0.014672,-0.009886,-1070.432627
39.66,193.0,98.0,64.896479,193.004775,98.001298,72.409699,0.0,0.0,-115.669643,-0.024542,-0.006321,-97.915416,-0.014286,-0.00943,-1077.650581
39.67,193.0,98.0,63.743693,193.004542,98.001237,71.417479,0.0,0.0,-116.352662,-0.023326,-0.006028,-99.221995,-0.013883,-0.008995,-1083.680448
39.68,193.0,98.0,62.584791,193.00432,98.00118,70.413223,0.0,0.0,-116.900526,-0.022172,-0.005747,-100.425639,-0.013468,-0.00858,-1088.511455
39.69,193.0,98.0,61.421121,193.004109,98.001125,69.397982,0.0,0.0,-117.312268,-0.021076,-0.00548,-101.52412,-0.013045,-0.008184,-1092.134888
39.7,193.0,98.0,60.254039,193.003909,98.001073,68.372828,0.0,0.0,-117.587165,-0.020036,-0.005226,-102.515406,-0.012617,-0.007805,-1094.544102
39.71,193.0,98.0,59.084907,193.003719,98.001023,67.338851,0.0,0.0,-117.724734,-0.019049,-0.004983,-103.397662,-0.012187,-0.007444,-1095.734531
39.72,193.0,98.0,57.915093,193.003538,98.000976,66.297159,0.0,0.0,-117.724734,-0.018111,-0.004751,-104.16925,-0.011758,-0.0071,-1095.703698
39.73,193.0,98.0,56.745961,193.003365,98.00093,65.248871,0.0,0.0,-117.587165,-0.017221,-0.004531,-104.828735,-0.011332,-0.006771,-1094.451232
39.74,193.0,98.0,55.578879,193.003202,98.000887,64.195122,0.0,0.0,-117.312268,-0.016375,-0.00432,-105.374879,-0.010911,-0.006458,-1091.978872
39.75,193.0,98.0,54.415209,193.003046,98.000846,63.137056,0.0,0.0,-116.900526,-0.015572,-0.00412,-105.80665,-0.010497,-0.006159,-1088.290482
39.76,193.0,98.0,53.256307,193.002898,98.000807,62.075824,0.0,0.0,-116.352662,-0.014809,-0.003928,-106.123219,-0.01009,-0.005874,-1083.392054
39.77,193.0,98.0,52.103521,193.002757,98.000769,61.012584,0.0,0.0,-115.669643,-0.014083,-0.003746,-106.323963,-0.009691,-0.005601,-1077.291728
39.78,193.0,98.0,50.958187,193.002623,98.000733,59.948499,0.0,0.0,-114.852673,-0.013394,-0.003572,-106.408465,-0.009302,-0.005342,-1069.999789
39.79,193.0,98.0,49.821631,193.002496,98.000699,58.884734,0.0,0.0,-113.903201,-0.012739,-0.003406,-106.376516,-0.008924,-0.005094,-1061.528686
39.8,193.0,98.0,48.695159,193.002374,98.000667,57.822453,0.0,0.0,-112.822916,-0.012117,-0.003248,-106.228114,-0.008555,-0.004858,-1051.893034
39.81,193.0,98.0,47.580064,193.002259,98.000636,56.762818,0.0,0.0,-111.613748,-0.011525,-0.003097,-105.96347,-0.008197,-0.004633,-1041.109625
39.82,193.0,98.0,46.477614,193.00215,98.000606,55.706988,0.0,0.0,-110.277868,-0.010963,-0.002953,-105.583004,-0.007851,-0.004418,-1029.197435
39.83,193.0,98.0,45.389056,193.002045,98.000578,54.656115,0.0,0.0,-108.81769,-0.010429,-0.002816,-105.087349,-0.007516,-0.004213,-1016.177631
39.84,193.0,98.0,44.315614,193.001946,98.000551,53.611341,0.0,0.0,-107.235867,-0.00992,-0.002685,-104.47735,-0.007192,-0.004018,-1002.07358
39.85,193.0,98.0,43.25848,193.001852,98.000526,52.573801,0.0,0.0,-105.535295,-0.009437,-0.00256,-103.754067,-0.006879,-0.003831,-986.910854
39.86,193.0,98.0,42.218821,193.001762,98.000501,51.544613,0.0,0.0,-103.71911,-0.008978,-0.002441,-102.918774,-0.006578,-0.003653,-970.717239
39.87,193.0,98.0,41.197767,193.001676,98.000478,50.524883,0.0,0.0,-101.79069,-0.008541,-0.002328,-101.972962,-0.006288,-0.003484,-953.52274
39.88,193.0,98.0,40.196417,193.001595,98.000456,49.5157,0.0,0.0,-99.753654,-0.008125,-0.00222,-100.918336,-0.006008,-0.003322,-935.359586
39.89,193.0,98.0,39.21583,193.001518,98.000435,48.518132,0.0,0.0,-97.611864,-0.00773,-0.002117,-99.756822,-0.00574,-0.003168,-916.262241
39.9,193.0,98.0,38.257027,193.001444,98.000414,47.533226,0.0,0.0,-95.36942,-0.007354,-0.002019,-98.490562,-0.005482,-0.003021,-896.267404
39.91,193.0,98.0,37.320988,193.001374,98.000395,46.562007,0.0,0.0,-93.030665,-0.006997,-0.001925,-97.121917,-0.005234,-0.002881,-875.414018
39.92,193.0,98.0,36.408645,193.001308,98.000377,45.605472,0.0,0.0,-90.600185,-0.006657,-0.001835,-95.653468,-0.004997,-0.002747,-853.743276
39.93,193.0,98.0,35.520887,193.001245,98.000359,44.664592,0.0,0.0,-88.082803,-0.006334,-0.00175,-94.088018,-0.004769,-0.00262,-831.298623
39.94,193.0,98.0,34.658553,193.001184,98.000343,43.740306,0.0,0.0,-85.483589,-0.006027,-0.001669,-92.428587,-0.004551,-0.002498,-808.125765
39.95,193.0,98.0,33.822428,193.001127,98.000327,42.833522,0.0,0.0,-82.807848,-0.005734,-0.001591,-90.678422,-0.004342,-0.002382,-784.272671
39.96,193.0,98.0,33.013247,193.001072,98.000312,41.945112,0.0,0.0,-80.061132,-0.005456,-0.001517,-88.840989,-0.004141,-0.002271,-759.789579
39.97,193.0,98.0,32.231686,193.00102,98.000297,41.075912,0.0,0.0,-77.24923,-0.005191,-0.001447,-86.919978,-0.00395,-0.002166,-734.729001
39.98,193.0,98.0,31.478362,193.000971,98.000283,40.226719,0.0,0.0,-74.378174,-0.004939,-0.00138,-84.919303,-0.003767,-0.002065,-709.145726
39.99,193.0,98.0,30.753833,193.000924,98.00027,39.398288,0.0,0.0,-71.454239,-0.0047,-0.001316,-82.8431,-0.003591,-0.00197,-683.096826
40.0,193.0,98.0,30.058592,193.000879,98.000258,38.591331,0.0,0.0,-68.483937,-0.004472,-0.001255,-80.695733,-0.003424,-0.001878,-656.641658
40.01,193.0,98.0,29.393066,193.000837,98.000246,37.806513,0.0,0.0,-65.474026,-0.004255,-0.001196,-78.48179,-0.003264,-0.001791,-629.841868
40.02,193.0,98.0,28.757614,193.000796,98.000234,37.044452,0.0,0.0,-62.431502,-0.004049,-0.001141,-76.206084,-0.003111,-0.001708,-602.7614
40.03,193.0,98.0,28.152524,193.000758,98.000223,36.305716,0.0,0.0,-59.363603,-0.003853,-0.001088,-73.873654,-0.002965,-0.001628,-575.466491
40.04,193.0,98.0,27.578011,193.000721,98.000213,35.590818,0.0,0.0,-56.27781,-0.003666,-0.001037,-71.489769,-0.002825,-0.001553,-548.025681
40.05,193.0,98.0,27.034216,193.000686,98.000203,34.900219,0.0,0.0,-53.181842,-0.003489,-0.000989,-69.05992,-0.002692,-0.001481,-520.509815
40.06,193.0,98.0,26.5212,193.000653,98.000194,34.234321,0.0,0.0,-50.083663,-0.00332,-0.000943,-66.589831,-0.002565,-0.001412,-492.992046
40.07,193.0,98.0,26.038944,193.000621,98.000185,33.593466,0.0,0.0,-46.991476,-0.003159,-0.000899,-64.08545,-0.002444,-0.001346,-465.547836
40.08,193.0,98.0,25.587347,193.000591,98.000176,32.977936,0.0,0.0,-43.913725,-0.003006,-0.000858,-61.552956,-0.002328,-0.001284,-438.254962
40.09,193.0,98.0,25.166223,193.000563,98.000168,32.387949,0.0,0.0,-40.859097,-0.00286,-0.000818,-58.998755,-0.002217,-0.001224,-411.19352
40.1,193.0,98.0,24.775298,193.000536,98.00016,31.823654,0.0,0.0,-37.836518,-0.002722,-0.00078,-56.429485,-0.002112,-0.001167,-384.445923
40.11,193.0,98.0,24.414207,193.00051,98.000153,31.285134,0.0,0.0,-34.855158,-0.00259,-0.000744,-53.852011,-0.002012,-0.001113,-358.096907
40.12,193.0,98.0,24.082495,193.000485,98.000146,30.7724,0.0,0.0,-31.924427,-0.002465,-0.000709,-51.273428,-0.001916,-0.001062,-332.233536
40.13,193.0,98.0,23.779612,193.000462,98.000139,30.285389,0.0,0.0,-29.053974,-0.002346,-0.000676,-48.701065,-0.001825,-0.001012,-306.945198
40.14,193.0,98.0,23.504908,193.000439,98.000132,29.823964,0.0,0.0,-26.253694,-0.002232,-0.000645,-46.142477,-0.001738,-0.000965,-282.323614
40.15,193.0,98.0,23.257638,193.000418,98.000126,29.38791,0.0,0.0,-23.533719,-0.002124,-0.000615,-43.605453,-0.001655,-0.00092,-258.462837
40.16,193.0,98.0,23.036951,193.000398,98.00012,28.97693,0.0,0.0,-20.904425,-0.002021,-0.000586,-41.098012,-0.001576,-0.000878,-235.459254
40.17,193.0,98.0,22.841894,193.000379,98.000115,28.590646,0.0,0.0,-18.376428,-0.001923,-0.000559,-38.628405,-0.0015,-0.000837,-213.41159
40.18,193.0,98.0,22.671407,193.00036,98.000109,28.228594,0.0,0.0,-15.960585,-0.00183,-0.000533,-36.205116,-0.001428,-0.000798,-192.42091
40.19,193.0,98.0,22.52432,193.000343,98.000104,27.890226,0.0,0.0,-13.667995,-0.001742,-0.000508,-33.836859,-0.00136,-0.000761,-172.590619
40.2,193.0,98.0,22.399354,193.000326,98.0001,27.5749,0.0,0.0,-11.509998,-0.001658,-0.000485,-31.532583,-0.001295,-0.000726,-154.026465
40.21,193.0,98.0,22.295112,193.00031,98.000095,27.281885,0.0,0.0,-9.498177,-0.001577,-0.000462,-29.301467,-0.001233,-0.000692,-136.836544
40.22,193.0,98.0,22.210085,193.000295,98.000091,27.010356,0.0,0.0,-7.644352,-0.001501,-0.000441,-27.152924,-0.001174,-0.00066,-121.131297
40.23,193.0,98.0,22.142642,193.000281,98.000086,26.75939,0.0,0.0,-5.960589,-0.001428,-0.00042,-25.096603,-0.001117,-0.000629,-107.023513
40.24,193.0,98.0,22.091033,193.000268,98.000082,26.527966,0.0,0.0,-4.459192,-0.001359,-0.000401,-23.142382,-0.001064,-0.0006,-94.628335
40.25,193.0,98.0,22.053384,193.000255,98.000078,26.314962,0.0,0.0,-3.152708,-0.001294,-0.000382,-21.300375,-0.001013,-0.000572,-84.063254
40.26,193.0,98.0,22.027695,193.000242,98.000075,26.119153,0.0,0.0,-2.053925,-0.001231,-0.000364,-19.580929,-0.000964,-0.000546,-75.448118
40.27,193.0,98.0,22.011838,193.000231,98.000071,25.939207,0.0,0.0,-1.175872,-0.001172,-0.000347,-17.994627,-0.000918,-0.00052,-68.905129
40.28,193.0,98.0,22.003553,193.000219,98.000068,25.773684,0.0,0.0,-0.531818,-0.001115,-0.000331,-16.552284,-0.000873,-0.000496,-64.558848
40.29,193.0,98.0,22.00045,193.000209,98.000065,25.621035,0.0,0.0,-0.135277,-0.001061,-0.000316,-15.264951,-0.000831,-0.000473,-62.536191
40.3,193.0,98.0,22.0,193.000199,98.000062,25.479595,0.0,0.0,0.0,-0.00101,-0.000301,-14.143913,-0.000791,-0.000451,-62.966435
40.31,193.0,98.0,22.0,193.000189,98.000059,25.347589,0.0,0.0,0.0,-0.000961,-0.000287,-13.200689,-0.000753,-0.00043,-65.981221
40.32,193.0,98.0,22.0,193.00018,98.000056,25.223239,0.0,0.0,0.0,-0.000914,-0.000274,-12.434916,-0.000717,-0.00041,-70.745075
40.33,193.0,98.0,22.0,193.000171,98.000054,25.105231,0.0,0.0,0.0,-0.00087,-0.000261,-11.800872,-0.000683,-0.000391,-73.625612
40.34,193.0,98.0,22.0,193.000163,98.000051,24.99266,0.0,0.0,0.0,-0.000828,-0.000249,-11.257083,-0.00065,-0.000373,-74.505628
40.35,193.0,98.0,22.0,193.000155,98.000049,24.884895,0.0,0.0,0.0,-0.000788,-0.000238,-10.776502,-0.000618,-0.000356,-74.124317
40.36,193.0,98.0,22.0,193.000148,98.000047,24.78148,0.0,0.0,0.0,-0.00075,-0.000227,-10.341432,-0.000589,-0.000339,-72.959444
40.37,193.0,98.0,22.0,193.00014,98.000044,24.682078,0.0,0.0,0.0,-0.000714,-0.000216,-9.940246,-0.00056,-0.000323,-71.319406
40.38,193.0,98.0,22.0,193.000134,98.000042,24.586426,0.0,0.0,0.0,-0.000679,-0.000206,-9.565251,-0.000533,-0.000308,-69.402889
40.39,193.0,98.0,22.0,193.000127,98.00004,24.494312,0.0,0.0,0.0,-0.000646,-0.000196,-9.211314,-0.000507,-0.000294,-67.33753
40.4,193.0,98.0,22.0,193.000121,98.000038,24.405563,0.0,0.0,0.0,-0.000615,-0.000187,-8.874962,-0.000483,-0.00028,-65.204961
40.41,193.0,98.0,22.0,193.000115,98.000037,24.320025,0.0,0.0,0.0,-0.000585,-0.000179,-8.553804,-0.00046,-0.000267,-63.057044
40.42,193.0,98.0,22.0,193.00011,98.000035,24.237563,0.0,0.0,0.0,-0.000557,-0.00017,-8.246159,-0.000438,-0.000255,-60.926383
40.43,193.0,98.0,22.0,193.000104,98.000033,24.158055,0.0,0.0,0.0,-0.00053,-0.000162,-7.950803,-0.000416,-0.000243,-58.833139
40.44,193.0,98.0,22.0,193.000099,98.000032,24.081387,0.0,0.0,0.0,-0.000504,-0.000155,-7.666821,-0.000396,-0.000232,-56.789448
40.45,193.0,98.0,22.0,193.000095,98.00003,24.007452,0.0,0.0,0.0,-0.00048,-0.000148,-7.393497,-0.000377,-0.000221,-54.802273
40.46,193.0,98.0,22.0,193.00009,98.000029,23.936149,0.0,0.0,0.0,-0.000457,-0.000141,-7.13025,-0.000359,-0.000211,-52.87526
40.47,193.0,98.0,22.0,193.000086,98.000028,23.867383,0.0,0.0,0.0,-0.000435,-0.000134,-6.876593,-0.000342,-0.000201,-51.009936
40.48,193.0,98.0,22.0,193.000081,98.000026,23.801062,0.0,0.0,0.0,-0.000414,-0.000128,-6.6321,-0.000325,-0.000192,-49.206485
40.49,193.0,98.0,22.0,193.000078,98.000025,23.737099,0.0,0.0,0.0,-0.000394,-0.000122,-6.396391,-0.000309,-0.000183,-47.464247
40.5,193.0,98.0,22.0,193.000074,98.000024,23.675407,0.0,0.0,0.0,-0.000375,-0.000116,-6.169117,-0.000295,-0.000174,-45.782045
40.51,193.0,98.0,22.00045,193.00007,98.000023,23.615908,0.0,0.0,0.135277,-0.000357,-0.000111,-5.949958,-0.00028,-0.000166,-44.158393
40.52,193.0,98.0,22.003553,193.000067,98.000022,23.55864,0.0,0.0,0.531818,-0.000339,-0.000106,-5.726797,-0.000267,-0.000158,-41.6467
40.53,193.0,98.0,22.011838,193.000064,98.000021,23.504185,0.0,0.0,1.175872,-0.000323,-0.000101,-5.445518,-0.000254,-0.000151,-34.765704
40.54,193.0,98.0,22.027695,193.00006,98.00002,23.453567,0.0,0.0,2.053925,-0.000307,-9.6e-05,-5.061772,-0.000242,-0.000144,-23.755493
40.55,193.0,98.0,22.053384,193.000058,98.000019,23.408072,0.0,0.0,3.152708,-0.000292,-9.2e-05,-4.549516,-0.00023,-0.000137,-9.63725
40.56,193.0,98.0,22.091033,193.000055,98.000018,23.369126,0.0,0.0,4.459192,-0.000278,-8.8e-05,-3.894584,-0.000219,-0.000131,6.899464
40.57,193.0,98.0,22.142642,193.000052,98.000017,23.338221,0.0,0.0,5.960589,-0.000265,-8.3e-05,-3.090509,-0.000208,-0.000125,25.380141
40.58,193.0,98.0,22.210085,193.00005,98.000016,23.316863,0.0,0.0,7.644352,-0.000252,-8e-05,-2.135822,-0.000198,-0.000119,45.469824
40.59,193.0,98.0,22.295112,193.000047,98.000016,23.30654,0.0,0.0,9.498177,-0.00024,-7.6e-05,-1.032292,-0.000189,-0.000114,66.924197
40.6,193.0,98.0,22.399354,193.000045,98.000015,23.308702,0.0,0.0,11.509998,-0.000228,-7.2e-05,0.216218,-0.00018,-0.000108,89.557913
40.61,193.0,98.0,22.52432,193.000043,98.000014,23.324747,0.0,0.0,13.667995,-0.000217,-6.9e-05,1.604492,-0.000171,-0.000103,113.224095
40.62,193.0,98.0,22.671407,193.000041,98.000014,23.356011,0.0,0.0,15.960585,-0.000207,-6.6e-05,3.126444,-0.000163,-9.8e-05,137.801068
40.63,193.0,98.0,22.841894,193.000039,98.000013,23.403766,0.0,0.0,18.376428,-0.000197,-6.3e-05,4.775436,-0.000155,-9.4e-05,163.183791
40.64,193.0,98.0,23.036951,193.000037,98.000012,23.46921,0.0,0.0,20.904425,-0.000187,-6e-05,6.544485,-0.000147,-9e-05,189.278312
40.65,193.0,98.0,23.257638,193.000035,98.000012,23.553475,0.0,0.0,23.533719,-0.000178,-5.7e-05,8.426402,-0.00014,-8.5e-05,215.998202
40.66,193.0,98.0,23.504908,193.000033,98.000011,23.657613,0.0,0.0,26.253694,-0.00017,-5.4e-05,10.41388,-0.000133,-8.1e-05,243.262261
40.67,193.0,98.0,23.779612,193.000032,98.000011,23.782609,0.0,0.0,29.053974,-0.000161,-5.2e-05,12.499558,-0.000127,-7.8e-05,270.993046
40.68,193.0,98.0,24.082495,193.00003,98.00001,23.92937,0.0,0.0,31.924427,-0.000154,-4.9e-05,14.676063,-0.000121,-7.4e-05,299.115936
40.69,193.0,98.0,24.414207,193.000029,98.00001,24.09873,0.0,0.0,34.855158,-0.000146,-4.7e-05,16.936037,-0.000115,-7.1e-05,327.558544
40.7,193.0,98.0,24.775298,193.000027,98.000009,24.291451,0.0,0.0,37.836518,-0.000139,-4.5e-05,19.272161,-0.000109,-6.7e-05,356.250346
40.71,193.0,98.0,25.166223,193.000026,98.000009,24.508223,0.0,0.0,40.859097,-0.000132,-4.3e-05,21.677172,-0.000104,-6.4e-05,385.122462
40.72,193.0,98.0,25.587347,193.000025,98.000008,24.749662,0.0,0.0,43.913725,-0.000126,-4.1e-05,24.14387,-9.9e-05,-6.1e-05,414.107526
40.73,193.0,98.0,26.038944,193.000024,98.000008,25.016313,0.0,0.0,46.991476,-0.00012,-3.9e-05,26.665131,-9.4e-05,-5.8e-05,443.139614
40.74,193.0,98.0,26.5212,193.000022,98.000008,25.308652,0.0,0.0,50.083663,-0.000114,-3.7e-05,29.233917,-9e-05,-5.6e-05,472.154213
40.75,193.0,98.0,27.034216,193.000021,98.000007,25.627085,0.0,0.0,53.181842,-0.000109,-3.5e-05,31.84328,-8.5e-05,-5.3e-05,501.088217
40.76,193.0,98.0,27.578011,193.00002,98.000007,25.971949,0.0,0.0,56.27781,-0.000103,-3.4e-05,34.486369,-8.1e-05,-5.1e-05,529.879927
40.77,193.0,98.0,28.152524,193.000019,98.000007,26.343513,0.0,0.0,59.363603,-9.8e-05,-3.2e-05,37.156437,-7.7e-05,-4.8e-05,558.469076
40.78,193.0,98.0,28.757614,193.000018,98.000006,26.741982,0.0,0.0,62.431502,-9.4e-05,-3.1e-05,39.846843,-7.4e-05,-4.6e-05,586.796848
40.79,193.0,98.0,29.393066,193.000018,98.000006,27.167492,0.0,0.0,65.474026,-8.9e-05,-2.9e-05,42.551061,-7e-05,-4.4e-05,614.805903
40.8,193.0,98.0,30.058592,193.000017,98.000006,27.620119,0.0,0.0,68.483937,-8.5e-05,-2.8e-05,45.262684,-6.7e-05,-4.2e-05,642.440408
40.81,193.0,98.0,30.753833,193.000016,98.000005,28.099873,0.0,0.0,71.454239,-8.1e-05,-2.7e-05,47.975424,-6.3e-05,-4e-05,669.646063
40.82,193.0,98.0,31.478362,193.000015,98.000005,28.606705,0.0,0.0,74.378174,-7.7e-05,-2.5e-05,50.683123,-6e-05,-3.8e-05,696.370131
40.83,193.0,98.0,32.231686,193.000014,98.000005,29.140502,0.0,0.0,77.24923,-7.3e-05,-2.4e-05,53.379751,-5.7e-05,-3.6e-05,722.561466
40.84,193.0,98.0,33.013247,193.000014,98.000005,29.701096,0.0,0.0,80.061132,-7e-05,-2.3e-05,56.059413,-5.5e-05,-3.5e-05,748.170539
40.85,193.0,98.0,33.822428,193.000013,98.000005,30.28826,0.0,0.0,82.807848,-6.6e-05,-2.2e-05,58.716355,-5.2e-05,-3.3e-05,773.14947
40.86,193.0,98.0,34.658553,193.000012,98.000004,30.901709,0.0,0.0,85.483589,-6.3e-05,-2.1e-05,61.344961,-5e-05,-3.1e-05,797.452047
40.87,193.0,98.0,35.520887,193.000012,98.000004,31.541107,0.0,0.0,88.082803,-6e-05,-2e-05,63.939763,-4.7e-05,-3e-05,821.03376
40.88,193.0,98.0,36.408645,193.000011,98.000004,32.206061,0.0,0.0,90.600185,-5.7e-05,-1.9e-05,66.495441,-4.5e-05,-2.9e-05,843.851816
40.89,193.0,98.0,37.320988,193.000011,98.000004,32.89613,0.0,0.0,93.030665,-5.4e-05,-1.8e-05,69.006825,-4.3e-05,-2.7e-05,865.865173
40.9,193.0,98.0,38.257027,193.00001,98.000004,33.610819,0.0,0.0,95.36942,-5.2e-05,-1.7e-05,71.468904,-4.1e-05,-2.6e-05,887.034556
40.91,193.0,98.0,39.21583,193.00001,98.000003,34.349587,0.0,0.0,97.611864,-4.9e-05,-1.7e-05,73.876822,-3.9e-05,-2.5e-05,907.322482
40.92,193.0,98.0,40.196417,193.000009,98.000003,35.111846,0.0,0.0,99.753654,-4.7e-05,-1.6e-05,76.225885,-3.7e-05,-2.4e-05,926.693279
40.93,193.0,98.0,41.197767,193.000009,98.000003,35.896961,0.0,0.0,101.79069,-4.4e-05,-1.5e-05,78.511563,-3.5e-05,-2.3e-05,945.113112
40.94,193.0,98.0,42.218821,193.000008,98.000003,36.704256,0.0,0.0,103.71911,-4.2e-05,-1.4e-05,80.729493,-3.3e-05,-2.2e-05,962.549997
40.95,193.0,98.0,43.25848,193.000008,98.000003,37.533011,0.0,0.0,105.535295,-4e-05,-1.4e-05,82.875479,-3.2e-05,-2.1e-05,978.973825
40.96,193.0,98.0,44.315614,193.000008,98.000003,38.382466,0.0,0.0,107.235867,-3.8e-05,-1.3e-05,84.945499,-3e-05,-2e-05,994.356377
40.97,193.0,98.0,45.389056,193.000007,98.000003,39.251823,0.0,0.0,108.81769,-3.6e-05,-1.2e-05,86.935703,-2.9e-05,-1.9e-05,1008.671345
40.98,193.0,98.0,46.477614,193.000007,98.000002,40.140247,0.0,0.0,110.277868,-3.5e-05,-1.2e-05,88.84242,-2.7e-05,-1.8e-05,1021.894346
40.99,193.0,98.0,47.580064,193.000007,98.000002,41.046869,0.0,0.0,111.613748,-3.3e-05,-1.1e-05,90.662154,-2.6e-05,-1.7e-05,1034.002942
41.0,193.0,98.0,48.695159,193.000006,98.000002,41.970785,0.0,0.0,112.822916,-3.1e-05,-1.1e-05,92.391593,-2.5e-05,-1.6e-05,1044.976655
41.01,193.0,98.0,49.821631,193.000006,98.000002,42.911061,0.0,0.0,113.903201,-3e-05,-1e-05,94.027606,-2.4e-05,-1.5e-05,1054.796981
41.02,193.0,98.0,50.958187,193.000006,98.000002,43.866733,0.0,0.0,114.852673,-2.8e-05,-1e-05,95.567248,-2.2e-05,-1.5e-05,1063.447408
41.03,193.0,98.0,52.103521,193.000005,98.000002,44.836811,0.0,0.0,115.669643,-2.7e-05,-9e-06,97.00776,-2.1e-05,-1.4e-05,1070.913426
41.04,193.0,98.0,53.256307,193.000005,98.000002,45.820277,0.0,0.0,116.352662,-2.6e-05,-9e-06,98.346572,-2e-05,-1.3e-05,1077.182547
41.05,193.0,98.0,54.415209,193.000005,98.000002,46.81609,0.0,0.0,116.900526,-2.5e-05,-9e-06,99.581304,-1.9e-05,-1.3e-05,1082.244311
41.06,193.0,98.0,55.578879,193.000005,98.000002,47.823187,0.0,0.0,117.312268,-2.3e-05,-8e-06,100.70977,-1.8e-05,-1.2e-05,1086.090308
41.07,193.0,98.0,56.745961,193.000004,98.000002,48.840487,0.0,0.0,117.587165,-2.2e-05,-8e-06,101.729976,-1.7e-05,-1.2e-05,1088.714181
41.08,193.0,98.0,57.915093,193.000004,98.000002,49.866888,0.0,0.0,117.724734,-2.1e-05,-7e-06,102.640125,-1.7e-05,-1.1e-05,1090.111645
41.09,193.0,98.0,59.084907,193.000004,98.000001,50.901275,0.0,0.0,117.724734,-2e-05,-7e-06,103.438615,-1.6e-05,-1.1e-05,1090.280496
41.1,193.0,98.0,60.254039,193.000004,98.000001,51.942515,0.0,0.0,117.587165,-1.9e-05,-7e-06,104.124046,-1.5e-05,-1e-05,1089.220622
41.11,193.0,98.0,61.421121,193.000004,98.000001,52.989467,0.0,0.0,117.312268,-1.8e-05,-6e-06,104.695215,-1.4e-05,-1e-05,1086.934015
41.12,193.0,98.0,62.584791,193.000003,98.000001,54.040978,0.0,0.0,116.900526,-1.7e-05,-6e-06,105.151123,-1.4e-05,-9e-06,1083.424781
41.13,193.0,98.0,63.743693,193.000003,98.000001,55.095888,0.0,0.0,116.352662,-1.7e-05,-6e-06,105.490972,-1.3e-05,-9e-06,1078.699147
41.14,193.0,98.0,64.896479,193.000003,98.000001,56.15303,0.0,0.0,115.669643,-1.6e-05,-6e-06,105.714169,-1.2e-05,-8e-06,1072.765478
41.15,193.0,98.0,66.041813,193.000003,98.000001,57.211233,0.0,0.0,114.852673,-1.5e-05,-5e-06,105.820327,-1.2e-05,-8e-06,1065.634279
41.16,193.0,98.0,67.178369,193.000003,98.000001,58.269326,0.0,0.0,113.903201,-1.4e-05,-5e-06,105.809263,-1.1e-05,-8e-06,1057.318206
41.17,193.0,98.0,68.304841,193.000003,98.000001,59.326136,0.0,0.0,112.822916,-1.4e-05,-5e-06,105.681006,-1.1e-05,-7e-06,1047.83208
41.18,193.0,98.0,69.419936,193.000003,98.000001,60.380494,0.0,0.0,111.613748,-1.3e-05,-5e-06,105.435792,-1e-05,-7e-06,1037.192886
41.19,193.0,98.0,70.522386,193.000002,98.000001,61.431234,0.0,0.0,110.277868,-1.2e-05,-4e-06,105.074065,-1e-05,-7e-06,1025.419789
41.2,193.0,98.0,71.610944,193.000002,98.000001,62.477199,0.0,0.0,108.81769,-1.2e-05,-4e-06,104.596484,-9e-06,-6e-06,1012.53414
41.21,193.0,98.0,72.684386,193.000002,98.000001,63.517238,0.0,0.0,107.235867,-1.1e-05,-4e-06,104.003917,-9e-06,-6e-06,998.559478
41.22,193.0,98.0,73.74152,193.000002,98.000001,64.550213,0.0,0.0,105.535295,-1.1e-05,-4e-06,103.297446,-8e-06,-6e-06,983.521548
41.23,193.0,98.0,74.781179,193.000002,98.000001,65.574997,0.0,0.0,103.71911,-1e-05,-4e-06,102.478369,-8e-06,-5e-06,967.448296
41.24,193.0,98.0,75.802233,193.000002,98.000001,66.590479,0.0,0.0,101.79069,-1e-05,-3e-06,101.548197,-8e-06,-5e-06,950.369885
41.25,193.0,98.0,76.803583,193.000002,98.000001,67.595565,0.0,0.0,99.753654,-9e-06,-3e-06,100.508656,-7e-06,-5e-06,932.318698
41.26,193.0,98.0,77.78417,193.000002,98.000001,68.589182,0.0,0.0,97.611864,-9e-06,-3e-06,99.361691,-7e-06,-5e-06,913.329343
41.27,193.0,98.0,78.742973,193.000002,98.000001,69.570277,0.0,0.0,95.36942,-8e-06,-3e-06,98.109463,-6e-06,-4e-06,893.43866
41.28,193.0,98.0,79.679012,193.000002,98.000001,70.53782,0.0,0.0,93.030665,-8e-06,-3e-06,96.754351,-6e-06,-4e-06,872.685731
41.29,193.0,98.0,80.591355,193.000001,98.000001,71.49081,0.0,0.0,90.600185,-7e-06,-3e-06,95.298956,-6e-06,-4e-06,851.111877
41.3,193.0,98.0,81.479113,193.000001,98.000001,72.428271,0.0,0.0,88.082803,-7e-06,-3e-06,93.746095,-6e-06,-4e-06,828.760672
41.31,193.0,98.0,82.341447,193.000001,98.000001,73.349259,0.0,0.0,85.483589,-7e-06,-2e-06,92.098807,-5e-06,-4e-06,805.677943
41.32,193.0,98.0,83.177572,193.000001,98.0,74.252862,0.0,0.0,82.807848,-6e-06,-2e-06,90.360354,-5e-06,-4e-06,781.911778
41.33,193.0,98.0,83.986753,193.000001,98.0,75.138204,0.0,0.0,80.061132,-6e-06,-2e-06,88.534216,-5e-06,-3e-06,757.512528
41.34,193.0,98.0,84.768314,193.000001,98.0,76.004445,0.0,0.0,77.24923,-6e-06,-2e-06,86.624099,-5e-06,-3e-06,732.532814
41.35,193.0,98.0,85.521638,193.000001,98.0,76.850785,0.0,0.0,74.378174,-6e-06,-2e-06,84.633931,-4e-06,-3e-06,707.027532
41.36,193.0,98.0,86.246167,193.000001,98.0,77.676463,0.0,0.0,71.454239,-5e-06,-2e-06,82.567863,-4e-06,-3e-06,681.053854
41.37,193.0,98.0,86.941408,193.000001,98.0,78.480766,0.0,0.0,68.483937,-5e-06,-2e-06,80.43027,-4e-06,-3e-06,654.671237
41.38,193.0,98.0,87.606934,193.000001,98.0,79.263024,0.0,0.0,65.474026,-5e-06,-2e-06,78.225754,-4e-06,-3e-06,627.941423
41.39,193.0,98.0,88.242386,193.000001,98.0,80.022615,0.0,0.0,62.431502,-5e-06,-2e-06,75.959141,-4e-06,-3e-06,600.928444
41.4,193.0,98.0,88.847476,193.000001,98.0,80.75897,0.0,0.0,59.363603,-4e-06,-2e-06,73.635481,-3e-06,-2e-06,573.698628
41.41,193.0,98.0,89.421989,193.000001,98.0,81.47157,0.0,0.0,56.27781,-4e-06,-2e-06,71.260053,-3e-06,-2e-06,546.3206
41.42,193.0,98.0,89.965784,193.000001,98.0,82.159954,0.0,0.0,53.181842,-4e-06,-1e-06,68.838363,-3e-06,-2e-06,518.865286
41.43,193.0,98.0,90.4788,193.000001,98.0,82.823715,0.0,0.0,50.083663,-4e-06,-1e-06,66.376141,-3e-06,-2e-06,491.405918
41.44,193.0,98.0,90.961056,193.000001,98.0,83.462509,0.0,0.0,46.991476,-4e-06,-1e-06,63.879349,-3e-06,-2e-06,464.018035
41.45,193.0,98.0,91.412653,193.000001,98.0,84.076051,0.0,0.0,43.913725,-3e-06,-1e-06,61.354174,-3e-06,-2e-06,436.779489
41.46,193.0,98.0,91.833777,193.000001,98.0,84.664121,0.0,0.0,40.859097,-3e-06,-1e-06,58.807033,-3e-06,-2e-06,409.770445
41.47,193.0,98.0,92.224702,193.000001,98.0,85.226567,0.0,0.0,37.836518,-3e-06,-1e-06,56.244571,-2e-06,-2e-06,383.073385
41.48,193.0,98.0,92.585793,193.000001,98.0,85.763303,0.0,0.0,34.855158,-3e-06,-1e-06,53.673664,-2e-06,-2e-06,356.773112
41.49,193.0,98.0,92.917505,193.000001,98.0,86.274317,0.0,0.0,31.924427,-3e-06,-1e-06,51.101415,-2e-06,-2e-06,330.956752
41.5,193.0,98.0,93.220388,193.000001,98.0,86.759669,0.0,0.0,29.053974,-3e-06,-1e-06,48.53516,-2e-06,-2e-06,305.713756
41.51,193.0,98.0,93.495092,193.0,98.0,87.219494,0.0,0.0,26.253694,-3e-06,-1e-06,45.982464,-2e-06,-1e-06,281.135904
41.52,193.0,98.0,93.742362,193.0,98.0,87.654005,0.0,0.0,23.533719,-2e-06,-1e-06,43.451122,-2e-06,-1e-06,257.317305
41.53,193.0,98.0,93.963049,193.0,98.0,88.063497,0.0,0.0,20.904425,-2e-06,-1e-06,40.949162,-2e-06,-1e-06,234.354403
41.54,193.0,98.0,94.158106,193.0,98.0,88.448345,0.0,0.0,18.376428,-2e-06,-1e-06,38.484841,-2e-06,-1e-06,212.345976
41.55,193.0,98.0,94.328593,193.0,98.0,88.809011,0.0,0.0,15.960585,-2e-06,-1e-06,36.06665,-2e-06,-1e-06,191.393138
41.56,193.0,98.0,94.47568,193.0,98.0,89.146045,0.0,0.0,13.667995,-2e-06,-1e-06,33.703311,-2e-06,-1e-06,171.599346
41.57,193.0,98.0,94.600646,193.0,98.0,89.460082,0.0,0.0,11.509998,-2e-06,-1e-06,31.403777,-1e-06,-1e-06,153.070395
41.58,193.0,98.0,94.704888,193.0,98.0,89.751855,0.0,0.0,9.498177,-2e-06,-1e-06,29.177235,-1e-06,-1e-06,135.914427
41.59,193.0,98.0,94.789915,193.0,98.0,90.022186,0.0,0.0,7.644352,-2e-06,-1e-06,27.033105,-1e-06,-1e-06,120.241926
41.6,193.0,98.0,94.857358,193.0,98.0,90.271996,0.0,0.0,5.960589,-2e-06,-1e-06,24.981038,-1e-06,-1e-06,106.165727
41.61,193.0,98.0,94.908967,193.0,98.0,90.502305,0.0,0.0,4.459192,-2e-06,-1e-06,23.030921,-1e-06,-1e-06,93.80101
41.62,193.0,98.0,94.946616,193.0,98.0,90.714234,0.0,0.0,3.152708,-1e-06,-1e-06,21.192872,-1e-06,-1e-06,83.26531
41.63,193.0,98.0,94.972305,193.0,98.0,90.909006,0.0,0.0,2.053925,-1e-06,-1e-06,19.477245,-1e-06,-1e-06,74.678511
41.64,193.0,98.0,94.988162,193.0,98.0,91.087953,0.0,0.0,1.175872,-1e-06,-1e-06,17.894625,-1e-06,-1e-06,68.162853
41.65,193.0,98.0,94.996447,193.0,98.0,91.252511,0.0,0.0,0.531818,-1e-06,-0.0,16.455833,-1e-06,-1e-06,63.842932
41.66,193.0,98.0,94.99955,193.0,98.0,91.40423,0.0,0.0,0.135277,-1e-06,-0.0,15.171925,-1e-06,-1e-06,61.845699
41.67,193.0,98.0,95.0,193.0,98.0,91.544772,0.0,0.0,0.0,-1e-06,-0.0,14.054191,-1e-06,-1e-06,62.300465
41.68,193.0,98.0,95.0,193.0,98.0,91.675914,0.0,0.0,0.0,-1e-06,-0.0,13.114153,-1e-06,-1e-06,65.338901
41.69,193.0,98.0,95.0,193.0,98.0,91.799428,0.0,0.0,0.0,-1e-06,-0.0,12.351453,-1e-06,-1e-06,70.125565
41.7,193.0,98.0,95.0,193.0,98.0,91.916632,0.0,0.0,0.0,-1e-06,-0.0,11.720373,-1e-06,-1e-06,73.028103
41.71,193.0,98.0,95.0,193.0,98.0,92.028426,0.0,0.0,0.0,-1e-06,-0.0,11.179443,-1e-06,-1e-06,73.929338
41.72,193.0,98.0,95.0,193.0,98.0,92.135443,0.0,0.0,0.0,-1e-06,-0.0,10.701619,-1e-06,-1e-06,73.568493
41.73,193.0,98.0,95.0,193.0,98.0,92.238135,0.0,0.0,0.0,-1e-06,-0.0,10.269209,-1e-06,-1e-06,72.423358
41.74,193.0,98.0,95.0,193.0,98.0,92.336841,0.0,0.0,0.0,-1e-06,-0.0,9.870587,-1e-06,-0.0,70.802358
41.75,193.0,98.0,95.0,193.0,98.0,92.431821,0.0,0.0,0.0,-1e-06,-0.0,9.498066,-1e-06,-0.0,68.904203
41.76,193.0,98.0,95.0,193.0,98.0,92.523286,0.0,0.0,0.0,-1e-06,-0.0,9.146515,-1e-06,-0.0,66.856553
41.77,193.0,98.0,95.0,193.0,98.0,92.611411,0.0,0.0,0.0,-1e-06,-0.0,8.812464,-1e-06,-0.0,64.741065
41.78,193.0,98.0,95.0,193.0,98.0,92.696346,0.0,0.0,0.0,-1e-06,-0.0,8.493526,-1e-06,-0.0,62.609622
41.79,193.0,98.0,95.0,193.0,98.0,92.778227,0.0,0.0,0.0,-1e-06,-0.0,8.188021,-0.0,-0.0,60.49485
41.8,193.0,98.0,95.0,193.0,98.0,92.857174,0.0,0.0,0.0,-1e-06,-0.0,7.89473,-0.0,-0.0,58.416932
41.81,193.0,98.0,95.0,193.0,98.0,92.933301,0.0,0.0,0.0,-1e-06,-0.0,7.612739,-0.0,-0.0,56.388021
41.82,193.0,98.0,95.0,193.0,98.0,93.006715,0.0,0.0,0.0,-1e-06,-0.0,7.341335,-0.0,-0.0,54.415102
41.83,193.0,98.0,95.0,193.0,98.0,93.077514,0.0,0.0,0.0,-1e-06,-0.0,7.079941,-0.0,-0.0,52.501838
41.84,193.0,98.0,95.0,193.0,98.0,93.145795,0.0,0.0,0.0,-0.0,-0.0,6.828071,-0.0,-0.0,50.649776
41.85,193.0,98.0,95.0,193.0,98.0,93.211648,0.0,0.0,0.0,-0.0,-0.0,6.585301,-0.0,-0.0,48.859114
41.86,193.0,98.0,95.0,193.0,98.0,93.27516,0.0,0.0,0.0,-0.0,-0.0,6.351254,-0.0,-0.0,47.129212
41.87,193.0,98.0,95.0,193.0,98.0,93.336416,0.0,0.0,0.0,-0.0,-0.0,6.125583,-0.0,-0.0,45.458908
41.88,193.000115,98.0,95.0,193.0,98.0,93.395496,0.034284,0.0,0.0,-0.0,-0.0,5.907969,-0.0,-0.0,43.846732
41.89,193.000911,98.0,95.0,193.000012,98.0,93.452477,0.136037,0.0,0.0,0.001206,-0.0,5.698111,0.180925,-0.0,42.291037
41.9,193.003055,98.0,95.0,193.000107,98.0,93.507434,0.30362,0.0,0.0,0.009461,-0.0,5.495723,1.247888,-0.0,40.79009
41.91,193.007197,98.0,95.0,193.000417,98.0,93.560439,0.535407,0.0,0.0,0.031023,-0.0,5.300535,3.310082,-0.0,39.342122
41.92,193.013971,98.0,95.0,193.00113,98.0,93.611562,0.829786,0.0,0.0,0.071305,-0.0,5.112285,6.290506,-0.0,37.945366
41.93,193.023996,98.0,95.0,193.00248,98.0,93.66087,1.185157,0.0,0.0,0.134965,-0.0,4.930725,10.119437,-0.0,36.598076
41.94,193.037873,98.0,95.0,193.00474,98.0,93.708426,1.599935,0.0,0.0,0.225992,-0.0,4.755616,14.733646,-0.0,35.298544
41.95,193.056187,98.0,95.0,193.008217,98.0,93.754293,2.072547,0.0,0.0,0.347777,-0.0,4.586728,20.075684,-0.0,34.045104
41.96,193.079511,98.0,95.0,193.013249,98.0,93.798531,2.601434,0.0,0.0,0.503184,-0.0,4.423839,26.093261,-0.0,32.836141
41.97,193.108399,98.0,95.0,193.020195,98.0,93.841199,3.18505,0.0,0.0,0.694605,-0.0,4.266735,32.738686,-0.0,31.670087
41.98,193.143389,98.0,95.0,193.029435,98.0,93.882351,3.821861,0.0,0.0,0.924015,-0.0,4.115211,39.968369,-0.0,30.545427
41.99,193.185008,98.0,95.0,193.041366,98.0,93.922042,4.510349,0.0,0.0,1.193017,-0.0,3.969068,47.742382,-0.0,29.460697
42.0,193.233764,98.0,95.0,193.056394,98.0,93.960323,5.249007,0.0,0.0,1.502883,-0.0,3.828116,56.024066,-0.0,28.414482
42.01,193.29015,98.0,95.0,193.07494,98.0,93.997244,6.036341,0.0,0.0,1.854594,-0.0,3.692169,64.77968,-0.0,27.405417
42.02,193.354648,98.0,95.0,193.097429,98.0,94.032855,6.870874,0.0,0.0,2.24887,-0.0,3.56105,73.97809,-0.0,26.432183
42.03,193.42772,98.0,95.0,193.124291,98.0,94.067201,7.751137,0.0,0.0,2.6862,-0.0,3.434588,83.590493,-0.0,25.49351
42.04,193.509818,98.0,95.0,193.15596,98.0,94.100327,8.675678,0.0,0.0,3.16687,-0.0,3.312616,93.590173,-0.0,24.58817
42.05,193.601377,98.0,95.0,193.19287,98.0,94.132277,9.643056,0.0,0.0,3.690986,-0.0,3.194977,103.952279,-0.0,23.714981
42.06,193.702817,98.0,95.0,193.235455,98.0,94.163092,10.651846,0.0,0.0,4.258491,-0.0,3.081515,114.653632,-0.0,22.8728
42.07,193.814547,98.0,95.0,193.284146,98.0,94.192813,11.700634,0.0,0.0,4.869188,-0.0,2.972082,125.672551,-0.0,22.060527
42.08,193.936959,98.0,95.0,193.339374,98.0,94.221478,12.788019,0.0,0.0,5.522756,-0.0,2.866535,136.988699,-0.0,21.2771
42.09,194.070431,98.0,95.0,193.401562,98.0,94.249125,13.912615,0.0,0.0,6.218762,-0.0,2.764737,148.582948,-0.0,20.521494
42.1,194.21533,98.0,95.0,193.471128,98.0,94.275791,15.073049,0.0,0.0,6.956677,-0.0,2.666554,160.437254,-0.0,19.792722
42.11,194.372007,98.0,95.0,193.548487,98.0,94.301509,16.267959,0.0,0.0,7.735884,-0.0,2.571858,172.534551,-0.0,19.08983
42.12,194.5408,98.0,95.0,193.634044,98.0,94.326315,17.496,0.0,0.0,8.555695,-0.0,2.480524,184.858653,-0.0,18.4119
42.13,194.722033,98.0,95.0,193.728198,98.0,94.350239,18.755837,0.0,0.0,9.415352,-0.0,2.392434,197.394169,-0.0,17.758045
42.14,194.916018,98.0,95.0,193.831338,98.0,94.373314,20.04615,0.0,0.0,10.314043,-0.0,2.307473,210.126427,-0.0,17.12741
42.15,195.123053,98.0,95.0,193.943847,98.0,94.395569,21.365631,0.0,0.0,11.250903,-0.0,2.225528,223.041404,-0.0,16.51917
42.16,195.343424,98.0,95.0,194.066097,98.0,94.417034,22.712987,0.0,0.0,12.225026,-0.0,2.146494,236.125669,-0.0,15.932531
42.17,195.577402,98.0,95.0,194.198452,98.0,94.437737,24.086938,0.0,0.0,13.235467,-0.0,2.070266,249.366327,-0.0,15.366725
42.18,195.825247,98.0,95.0,194.341265,98.0,94.457704,25.486214,0.0,0.0,14.281249,-0.0,1.996745,262.750971,-0.0,14.821012
42.19,196.087206,98.0,95.0,194.494878,98.0,94.476962,26.909564,0.0,0.0,15.361366,-0.0,1.925836,276.267642,-0.0,14.294679
42.2,196.363514,98.0,95.0,194.659626,98.0,94.495537,28.355745,0.0,0.0,16.474792,-0.0,1.857444,289.904789,-0.0,13.787037
42.21,196.654393,98.0,95.0,194.835831,98.0,94.513452,29.82353,0.0,0.0,17.620478,-0.0,1.791482,303.651235,-0.0,13.297423
42.22,196.960053,98.0,95.0,195.023804,98.0,94.53073,31.311706,0.0,0.0,18.79736,-0.0,1.727861,317.496148,-0.0,12.825196
42.23,197.280691,98.0,95.0,195.223848,98.0,94.547395,32.81907,0.0,0.0,20.004361,-0.0,1.6665,331.429016,-0.0,12.36974
42.24,197.616494,98.0,95.0,195.436252,98.0,94.563469,34.344435,0.0,0.0,21.240393,-0.0,1.607319,345.439621,-0.0,11.930458
42.25,197.967636,98.0,95.0,195.661296,98.0,94.578971,35.886626,0.0,0.0,22.504358,-0.0,1.550238,359.518018,-0.0,11.506776
42.26,198.334279,98.0,95.0,195.899247,98.0,94.593923,37.444483,0.0,0.0,23.795156,-0.0,1.495185,373.65452,-0.0,11.09814
42.27,198.716574,98.0,95.0,196.150364,98.0,94.608344,39.016858,0.0,0.0,25.111679,-0.0,1.442087,387.839675,-0.0,10.704015
42.28,199.114661,98.0,95.0,196.414892,98.0,94.622252,40.602615,0.0,0.0,26.452818,-0.0,1.390875,402.064258,-0.0,10.323888
42.29,199.528667,98.0,95.0,196.693067,98.0,94.635667,42.200633,0.0,0.0,27.817462,-0.0,1.341481,416.319252,-0.0,9.957259
42.3,199.958711,98.0,95.0,196.985112,98.0,94.648606,43.809805,0.0,0.0,29.204503,-0.0,1.293842,430.59584,-0.0,9.603651
42.31,200.404897,98.0,95.0,197.29124,98.0,94.661085,45.429035,0.0,0.0,30.612833,-0.0,1.247894,444.885394,-0.0,9.2626
42.32,200.867321,98.0,95.0,197.611654,98.0,94.67312,47.057242,0.0,0.0,32.041345,-0.0,1.203578,459.179466,-0.0,8.93366
42.33,201.346068,98.0,95.0,197.946543,98.0,94.684729,48.693357,0.0,0.0,33.488938,-0.0,1.160836,473.469777,-0.0,8.616402
42.34,201.841211,98.0,95.0,198.296088,98.0,94.695925,50.336325,0.0,0.0,34.954516,-0.0,1.119612,487.748214,-0.0,8.310411
42.35,202.352814,98.0,95.0,198.660458,98.0,94.706723,51.985106,0.0,0.0,36.436987,-0.0,1.079851,502.006819,-0.0,8.015287
42.36,202.880929,98.0,95.0,199.039811,98.0,94.717138,53.638669,0.0,0.0,37.935267,-0.0,1.041503,516.237789,-0.0,7.730643
42.37,203.4256,98.0,95.0,199.434293,98.0,94.727184,55.296,0.0,0.0,39.448276,-0.0,1.004516,530.433465,-0.0,7.456107
42.38,203.986859,98.0,95.0,199.844043,98.0,94.736872,56.956097,0.0,0.0,40.974943,-0.0,0.968843,544.586331,-0.0,7.191321
42.39,204.564728,98.0,95.0,200.269185,98.0,94.746216,58.617971,0.0,0.0,42.514206,-0.0,0.934437,558.689007,-0.0,6.935938
42.4,205.159221,98.0,95.0,200.709835,98.0,94.755229,60.280647,0.0,0.0,44.06501,-0.0,0.901253,572.73425,-0.0,6.689625
42.41,205.77034,98.0,95.0,201.166098,98.0,94.763921,61.943163,0.0,0.0,45.626309,-0.0,0.869247,586.714947,-0.0,6.452059
42.42,206.39808,98.0,95.0,201.638069,98.0,94.772305,63.60457,0.0,0.0,47.197067,-0.0,0.838378,600.624112,-0.0,6.222929
42.43,207.042425,98.0,95.0,202.125831,98.0,94.780391,65.263931,0.0,0.0,48.776256,-0.0,0.808605,614.454888,-0.0,6.001936
42.44,207.703349,98.0,95.0,202.62946,98.0,94.78819,66.920326,0.0,0.0,50.362859,-0.0,0.779889,628.200537,-0.0,5.788792
42.45,208.380818,98.0,95.0,203.149019,98.0,94.795712,68.572844,0.0,0.0,51.95587,-0.0,0.752193,641.854447,-0.0,5.583216
42.46,209.07479,98.0,95.0,203.684562,98.0,94.802967,70.22059,0.0,0.0,53.554291,-0.0,0.725481,655.410123,-0.0,5.384942
42.47,209.785211,98.0,95.0,204.236133,98.0,94.809964,71.862682,0.0,0.0,55.157136,-0.0,0.699717,668.861189,-0.0,5.193708
42.48,210.512022,98.0,95.0,204.803767,98.0,94.816713,73.498249,0.0,0.0,56.763432,-0.0,0.674868,682.201386,-0.0,5.009266
42.49,211.255152,98.0,95.0,205.387489,98.0,94.823222,75.126437,0.0,0.0,58.372213,-0.0,0.650902,695.424571,-0.0,4.831374
42.5,212.014523,98.0,95.0,205.987315,98.0,94.8295,76.746403,0.0,0.0,59.982526,-0.0,0.627787,708.524713,-0.0,4.659799
42.51,212.79005,98.0,95.0,206.603249,98.0,94.835554,78.357316,0.0,0.0,61.593431,-0.0,0.605492,721.495899,-0.0,4.494317
42.52,213.581637,98.0,95.0,207.235289,98.0,94.841394,79.958362,0.0,0.0,63.203996,-0.0,0.58399,734.332324,-0.0,4.334712
42.53,214.389181,98.0,95.0,207.883422,98.0,94.847027,81.548736,0.0,0.0,64.813305,-0.0,0.563251,747.028298,-0.0,4.180775
42.54,215.212573,98.0,95.0,208.547626,98.0,94.852459,83.12765,0.0,0.0,66.420451,-0.0,0.543248,759.578241,-0.0,4.032305
42.55,216.051694,98.0,95.0,209.227872,98.0,94.857699,84.694326,0.0,0.0,68.024538,-0.0,0.523956,771.976684,-0.0,3.889107
42.56,216.906416,98.0,95.0,209.924119,98.0,94.862752,86.248003,0.0,0.0,69.624684,-0.0,0.505349,784.218268,-0.0,3.750994
42.57,217.776608,98.0,95.0,210.636319,98.0,94.867626,87.78793,0.0,0.0,71.220019,-0.0,0.487403,796.297743,-0.0,3.617787
42.58,218.662127,98.0,95.0,211.364416,98.0,94.872327,89.31337,0.0,0.0,72.809685,-0.0,0.470094,808.209968,-0.0,3.48931
42.59,219.562824,98.0,95.0,212.108344,98.0,94.876861,90.8236,0.0,0.0,74.392834,-0.0,0.453399,819.949913,-0.0,3.365395
42.6,220.478546,98.0,95.0,212.86803,98.0,94.881234,92.317911,0.0,0.0,75.968634,-0.0,0.437298,831.512655,-0.0,3.245881
42.61,221.409127,98.0,95.0,213.643393,98.0,94.885452,93.795606,0.0,0.0,77.536263,-0.0,0.421768,842.893378,-0.0,3.130611
42.62,222.3544,98.0,95.0,214.434342,98.0,94.88952,95.256,0.0,0.0,79.094911,-0.0,0.40679,854.087376,-0.0,3.019435
42.63,223.314187,98.0,95.0,215.24078,98.0,94.893443,96.698424,0.0,0.0,80.643783,-0.0,0.392344,865.09005,-0.0,2.912207
42.64,224.288306,98.0,95.0,216.062601,98.0,94.897227,98.122222,0.0,0.0,82.182094,-0.0,0.378411,875.896908,-0.0,2.808787
42.65,225.276568,98.0,95.0,216.899692,98.0,94.900877,99.526748,0.0,0.0,83.709073,-0.0,0.364972,886.503566,-0.0,2.709039
42.66,226.278775,98.0,95.0,217.751931,98.0,94.904397,100.911374,0.0,0.0,85.223961,-0.0,0.352011,896.905747,-0.0,2.612834
42.67,227.294727,98.0,95.0,218.619191,98.0,94.907792,102.275482,0.0,0.0,86.726011,-0.0,0.339511,907.099281,-0.0,2.520045
42.68,228.324214,98.0,95.0,219.501336,98.0,94.911067,103.618467,0.0,0.0,88.214491,-0.0,0.327454,917.080105,-0.0,2.430552
42.69,229.367024,98.0,95.0,220.398223,98.0,94.914225,104.93974,0.0,0.0,89.68868,-0.0,0.315825,926.844262,-0.0,2.344237
42.7,230.422935,98.0,95.0,221.309702,98.0,94.917271,106.238723,0.0,0.0,91.14787,-0.0,0.304609,936.387904,-0.0,2.260987
42.71,231.491722,98.0,95.0,222.235615,98.0,94.920209,107.514853,0.0,0.0,92.591365,-0.0,0.293792,945.707288,-0.0,2.180693
42.72,232.573154,98.0,95.0,223.1758,98.0,94.923043,108.767578,0.0,0.0,94.018484,-0.0,0.283358,954.798776,-0.0,2.103251
42.73,233.666994,98.0,95.0,224.130086,98.0,94.925776,109.99636,0.0,0.0,95.428558,-0.0,0.273295,963.65884,-0.0,2.028559
42.74,234.772999,98.0,95.0,225.098295,98.0,94.928412,111.200677,0.0,0.0,96.820928,-0.0,0.26359,972.284057,-0.0,1.956519
42.75,235.890924,98.0,95.0,226.080245,98.0,94.930954,112.380016,0.0,0.0,98.194953,-0.0,0.254229,980.671109,-0.0,1.887038
42.76,237.020515,98.0,95.0,227.075745,98.0,94.933406,113.53388,0.0,0.0,99.550001,-0.0,0.245201,988.816786,-0.0,1.820024
42.77,238.161515,98.0,95.0,228.084599,98.0,94.935771,114.661786,0.0,0.0,100.885454,-0.0,0.236493,996.717983,-0.0,1.755391
42.78,239.313662,98.0,95.0,229.106606,98.0,94.938052,115.76326,0.0,0.0,102.200708,-0.0,0.228095,1004.371704,-0.0,1.693052
42.79,240.476691,98.0,95.0,230.141558,98.0,94.940252,116.837847,0.0,0.0,103.49517,-0.0,0.219994,1011.775056,-0.0,1.632927
42.8,241.650328,98.0,95.0,231.189241,98.0,94.942374,117.885101,0.0,0.0,104.768263,-0.0,0.212182,1018.925255,-0.0,1.574938
42.81,242.8343,98.0,95.0,232.249435,98.0,94.94442,118.90459,0.0,0.0,106.01942,-0.0,0.204647,1025.81962,-0.0,1.519008
42.82,244.028326,98.0,95.0,233.321916,98.0,94.946394,119.895898,0.0,0.0,107.248088,-0.0,0.197379,1032.455579,-0.0,1.465064
42.83,245.232123,98.0,95.0,234.406453,98.0,94.948298,120.858618,0.0,0.0,108.453728,-0.0,0.19037,1038.830666,-0.0,1.413035
42.84,246.445402,98.0,95.0,235.502811,98.0,94.950134,121.79236,0.0,0.0,109.635812,-0.0,0.183609,1044.94252,-0.0,1.362855
42.85,247.667872,98.0,95.0,236.610749,98.0,94.951904,122.696746,0.0,0.0,110.793828,-0.0,0.177089,1050.788887,-0.0,1.314456
42.86,248.899238,98.0,95.0,237.730022,98.0,94.953612,123.571409,0.0,0.0,111.927275,-0.0,0.1708,1056.367618,-0.0,1.267776
42.87,250.1392,98.0,95.0,238.860379,98.0,94.95526,124.416,0.0,0.0,113.035665,-0.0,0.164734,1061.676672,-0.0,1.222754
42.88,251.387456,98.0,95.0,240.001564,98.0,94.956849,125.230179,0.0,0.0,114.118523,-0.0,0.158884,1066.714112,-0.0,1.179331
42.89,252.643701,98.0,95.0,241.153318,98.0,94.958381,126.013621,0.0,0.0,115.175389,-0.0,0.153242,1071.478109,-0.0,1.13745
42.9,253.907625,98.0,95.0,242.315376,98.0,94.959859,126.766014,0.0,0.0,116.205815,-0.0,0.1478,1075.96694,-0.0,1.097056
42.91,255.178917,98.0,95.0,243.48747,98.0,94.961285,127.48706,0.0,0.0,117.209365,-0.0,0.142551,1080.178986,-0.0,1.058097
42.92,256.457261,98.0,95.0,244.669326,98.0,94.962659,128.176474,0.0,0.0,118.185617,-0.0,0.137489,1084.112737,-0.0,1.020521
42.93,257.74234,98.0,95.0,245.860667,98.0,94.963986,128.833982,0.0,0.0,119.134162,-0.0,0.132606,1087.766787,-0.0,0.984279
42.94,259.033833,98.0,95.0,247.061213,98.0,94.965265,129.459328,0.0,0.0,120.054606,-0.0,0.127897,1091.139837,-0.0,0.949325
42.95,260.331419,98.0,95.0,248.270679,98.0,94.966498,130.052264,0.0,0.0,120.946565,-0.0,0.123355,1094.230695,-0.0,0.915612
42.96,261.63477,98.0,95.0,249.488776,98.0,94.967688,130.612559,0.0,0.0,121.80967,-0.0,0.118974,1097.038273,-0.0,0.883096
42.97,262.94356,98.0,95.0,250.715211,98.0,94.968835,131.139994,0.0,0.0,122.643565,-0.0,0.114749,1099.56159,-0.0,0.851735
42.98,264.25746,98.0,95.0,251.949691,98.0,94.969942,131.634363,0.0,0.0,123.447907,-0.0,0.110674,1101.799773,-0.0,0.821488
42.99,265.576137,98.0,95.0,253.191914,98.0,94.971009,132.095473,0.0,0.0,124.222365,-0.0,0.106744,1103.752053,-0.0,0.792315
43.0,266.899258,98.0,95.0,254.44158,98.0,94.972039,132.523146,0.0,0.0,124.966624,-0.0,0.102953,1105.417767,-0.0,0.764177
43.01,268.226487,98.0,95.0,255.698384,98.0,94.973032,132.917216,0.0,0.0,125.68038,-0.0,0.099297,1106.796359,-0.0,0.737039
43.02,269.557489,98.0,95.0,256.962018,98.0,94.97399,133.27753,0.0,0.0,126.363342,-0.0,0.095771,1107.887378,-0.0,0.710865
43.03,270.891925,98.0,95.0,258.23217,98.0,94.974913,133.603948,0.0,0.0,127.015234,-0.0,0.09237,1108.690482,-0.0,0.685621
43.04,272.229455,98.0,95.0,259.508528,98.0,94.975804,133.896345,0.0,0.0,127.635791,-0.0,0.089089,1109.205432,-0.0,0.661272
43.05,273.569738,98.0,95.0,260.790776,98.0,94.976664,134.154608,0.0,0.0,128.224763,-0.0,0.085925,1109.432097,-0.0,0.637789
43.06,274.912433,98.0,95.0,262.078595,98.0,94.977492,134.378637,0.0,0.0,128.781912,-0.0,0.082874,1109.37045,-0.0,0.615139
43.07,276.257197,98.0,95.0,263.371665,98.0,94.978292,134.568346,0.0,0.0,129.307014,-0.0,0.079931,1109.020573,-0.0,0.593294
43.08,277.603685,98.0,95.0,264.669663,98.0,94.979062,134.723662,0.0,0.0,129.799857,-0.0,0.077092,1108.382652,-0.0,0.572225
43.09,278.951555,98.0,95.0,265.972266,98.0,94.979806,134.844525,0.0,0.0,130.260245,-0.0,0.074355,1107.456979,-0.0,0.551903
43.1,280.300461,98.0,95.0,267.279146,98.0,94.980523,134.930889,0.0,0.0,130.687991,-0.0,0.071714,1106.243955,-0.0,0.532304
43.11,281.650058,98.0,95.0,268.589975,98.0,94.981215,134.982721,0.0,0.0,131.082926,-0.0,0.069167,1104.744083,-0.0,0.5134
43.12,283.0,98.0,95.0,269.904424,98.0,94.981882,135.0,0.0,0.0,131.444889,-0.0,0.066711,1102.957976,-0.0,0.495168
43.13,284.349942,98.0,95.0,271.222161,98.0,94.982525,134.982721,0.0,0.0,131.773738,-0.0,0.064342,1100.886349,-0.0,0.477583
43.14,285.699539,98.0,95.0,272.542855,98.0,94.983146,134.930889,0.0,0.0,132.069339,-0.0,0.062057,1098.530028,-0.0,0.460623
43.15,287.048445,98.0,95.0,273.86617,98.0,94.983744,134.844525,0.0,0.0,132.331573,-0.0,0.059853,1095.889941,-0.0,0.444265
43.16,288.396315,98.0,95.0,275.191774,98.0,94.984322,134.723662,0.0,0.0,132.560337,-0.0,0.057728,1092.967124,-0.0,0.428488
43.17,289.742803,98.0,95.0,276.519329,98.0,94.984879,134.568346,0.0,0.0,132.755537,-0.0,0.055678,1089.76272,-0.0,0.413271
43.18,291.087567,98.0,95.0,277.8485,98.0,94.985416,134.378637,0.0,0.0,132.917095,-0.0,0.0537,1086.277975,-0.0,0.398595
43.19,292.430262,98.0,95.0,279.17895,98.0,94.985933,134.154608,0.0,0.0,133.044945,-0.0,0.051793,1082.514245,-0.0,0.38444
43.2,293.770545,98.0,95.0,280.51034,98.0,94.986433,133.896345,0.0,0.0,133.139034,-0.0,0.049954,1078.472989,-0.0,0.370787
43.21,295.108075,98.0,95.0,281.842333,98.0,94.986915,133.603948,0.0,0.0,133.199324,-0.0,0.04818,1074.155775,-0.0,0.35762
43.22,296.442511,98.0,95.0,283.174591,98.0,94.987379,133.27753,0.0,0.0,133.225789,-0.0,0.046469,1069.564274,-0.0,0.34492
43.23,297.773513,98.0,95.0,284.506775,98.0,94.987828,132.917216,0.0,0.0,133.218415,-0.0,0.044819,1064.700266,-0.0,0.332671
43.24,299.100742,98.0,95.0,285.838547,98.0,94.98826,132.523146,0.0,0.0,133.177204,-0.0,0.043227,1059.565635,-0.0,0.320857
43.25,300.423863,98.0,95.0,287.169569,98.0,94.988677,132.095473,0.0,0.0,133.102169,-0.0,0.041692,1054.162373,-0.0,0.309462
43.26,301.74254,98.0,95.0,288.499502,98.0,94.989079,131.634363,0.0,0.0,132.993337,-0.0,0.040211,1048.492576,-0.0,0.298472
43.27,303.05644,98.0,95.0,289.82801,98.0,94.989467,131.139994,0.0,0.0,132.850749,-0.0,0.038783,1042.558449,-0.0,0.287873
43.28,304.36523,98.0,95.0,291.154754,98.0,94.989841,130.612559,0.0,0.0,132.674458,-0.0,0.037406,1036.362299,-0.0,0.27765
43.29,305.668581,98.0,95.0,292.4794,98.0,94.990202,130.052264,0.0,0.0,132.46453,-0.0,0.036078,1029.906544,-0.0,0.26779
43.3,306.966167,98.0,95.0,293.80161,98.0,94.99055,129.459328,0.0,0.0,132.221047,-0.0,0.034796,1023.193705,-0.0,0.25828
43.31,308.25766,98.0,95.0,295.121051,98.0,94.990885,128.833982,0.0,0.0,131.9441,-0.0,0.033561,1016.22641,-0.0,0.249108
43.32,309.542739,98.0,95.0,296.437389,98.0,94.991209,128.176474,0.0,0.0,131.633797,-0.0,0.032369,1009.007393,-0.0,0.240261
43.33,310.821083,98.0,95.0,297.750292,98.0,94.991521,127.48706,0.0,0.0,131.290258,-0.0,0.031219,1001.539494,-0.0,0.231729
43.34,312.092375,98.0,95.0,299.059428,98.0,94.991822,126.766014,0.0,0.0,130.913615,-0.0,0.030111,993.825661,-0.0,0.2235
43.35,313.356299,98.0,95.0,300.364468,98.0,94.992113,126.013621,0.0,0.0,130.504016,-0.0,0.029041,985.868944,-0.0,0.215562
43.36,314.612544,98.0,95.0,301.665084,98.0,94.992393,125.230179,0.0,0.0,130.061618,-0.0,0.02801,977.672504,-0.0,0.207907
43.37,315.8608,98.0,95.0,302.96095,98.0,94.992663,124.416,0.0,0.0,129.586596,-0.0,0.027015,969.239604,-0.0,0.200524
43.38,317.100762,98.0,95.0,304.251741,98.0,94.992923,123.571409,0.0,0.0,129.079135,-0.0,0.026056,960.573617,-0.0,0.193403
43.39,318.332128,98.0,95.0,305.537136,98.0,94.993175,122.696746,0.0,0.0,128.539434,-0.0,0.025131,951.678019,-0.0,0.186535
43.4,319.554598,98.0,95.0,306.816813,98.0,94.993417,121.79236,0.0,0.0,127.967707,-0.0,0.024238,942.556393,-0.0,0.17991
43.41,320.767877,98.0,95.0,308.090455,98.0,94.993651,120.858618,0.0,0.0,127.364179,-0.0,0.023377,933.21243,-0.0,0.173521
43.42,321.971674,98.0,95.0,309.357746,98.0,94.993876,119.895898,0.0,0.0,126.729089,-0.0,0.022547,923.649925,-0.0,0.167359
43.43,323.1657,98.0,95.0,310.618372,98.0,94.994094,118.90459,0.0,0.0,126.062689,-0.0,0.021747,913.872779,-0.0,0.161416
43.44,324.349672,98.0,95.0,311.872025,98.0,94.994304,117.885101,0.0,0.0,125.365246,-0.0,0.020974,903.885001,-0.0,0.155683
43.45,325.523309,98.0,95.0,313.118395,98.0,94.994506,116.837847,0.0,0.0,124.637038,-0.0,0.020229,893.690706,-0.0,0.150155
43.46,326.686338,98.0,95.0,314.357179,98.0,94.994701,115.76326,0.0,0.0,123.878356,-0.0,0.019511,883.294112,-0.0,0.144822
43.47,327.838485,98.0,95.0,315.588074,98.0,94.994889,114.661786,0.0,0.0,123.089508,-0.0,0.018818,872.699547,-0.0,0.139679
43.48,328.979485,98.0,95.0,316.810782,98.0,94.995071,113.53388,0.0,0.0,122.27081,-0.0,0.01815,861.911443,-0.0,0.134719
43.49,330.109076,98.0,95.0,318.025008,98.0,94.995246,112.380016,0.0,0.0,121.422596,-0.0,0.017505,850.93434,-0.0,0.129935
43.5,331.227001,98.0,95.0,319.23046,98.0,94.995415,111.200677,0.0,0.0,120.54521,-0.0,0.016884,839.772882,-0.0,0.12532
43.51,332.333006,98.0,95.0,320.42685,98.0,94.995577,109.99636,0.0,0.0,119.639011,-0.0,0.016284,828.43182,-0.0,0.12087
43.52,333.426846,98.0,95.0,321.613894,98.0,94.995734,108.767578,0.0,0.0,118.70437,-0.0,0.015706,816.916012,-0.0,0.116577
43.53,334.508278,98.0,95.0,322.791311,98.0,94.995886,107.514853,0.0,0.0,117.741674,-0.0,0.015148,805.230422,-0.0,0.112437
43.54,335.577065,98.0,95.0,323.958824,98.0,94.996032,106.238723,0.0,0.0,116.751318,-0.0,0.01461,793.380117,-0.0,0.108444
43.55,336.632976,98.0,95.0,325.116161,98.0,94.996173,104.93974,0.0,0.0,115.733717,-0.0,0.014091,781.370276,-0.0,0.104593
43.56,337.675786,98.0,95.0,326.263054,98.0,94.996309,103.618467,0.0,0.0,114.689293,-0.0,0.013591,769.206179,-0.0,0.100879
43.57,338.705273,98.0,95.0,327.399239,98.0,94.99644,102.275482,0.0,0.0,113.618485,-0.0,0.013108,756.893215,-0.0,0.097296
43.58,339.721225,98.0,95.0,328.524456,98.0,94.996566,100.911374,0.0,0.0,112.521745,-0.0,0.012643,744.436877,-0.0,0.093841
43.59,340.723432,98.0,95.0,329.638452,98.0,94.996688,99.526748,0.0,0.0,111.399537,-0.0,0.012194,731.842767,-0.0,0.090509
43.6,341.711694,98.0,95.0,330.740975,98.0,94.996806,98.122222,0.0,0.0,110.252339,-0.0,0.011761,719.116591,-0.0,0.087294
43.61,342.685813,98.0,95.0,331.831781,98.0,94.996919,96.698424,0.0,0.0,109.080642,-0.0,0.011343,706.264162,-0.0,0.084194
43.62,343.6456,98.0,95.0,332.910631,98.0,94.997029,95.256,0.0,0.0,107.884951,-0.0,0.01094,693.291399,-0.0,0.081204
43.63,344.590873,98.0,95.0,333.977289,98.0,94.997134,93.795606,0.0,0.0,106.665782,-0.0,0.010552,680.204326,-0.0,0.078321
43.64,345.521454,98.0,95.0,335.031525,98.0,94.997236,92.317911,0.0,0.0,105.423668,-0.0,0.010177,667.009076,-0.0,0.075539
43.65,346.437176,98.0,95.0,336.073117,98.0,94.997334,90.8236,0.0,0.0,104.159151,-0.0,0.009816,653.711885,-0.0,0.072857
43.66,347.337873,98.0,95.0,337.101845,98.0,94.997429,89.31337,0.0,0.0,102.872791,-0.0,0.009467,640.319098,-0.0,0.070269
43.67,348.223392,98.0,95.0,338.117496,98.0,94.99752,87.78793,0.0,0.0,101.565156,-0.0,0.009131,626.837163,-0.0,0.067774
43.68,349.093584,98.0,95.0,339.119865,98.0,94.997608,86.248003,0.0,0.0,100.236832,-0.0,0.008807,613.272638,-0.0,0.065367
43.69,349.948306,98.0,95.0,340.108749,98.0,94.997693,84.694326,0.0,0.0,98.888416,-0.0,0.008494,599.632183,-0.0,0.063046
43.7,350.787427,98.0,95.0,341.083954,98.0,94.997775,83.12765,0.0,0.0,97.520517,-0.0,0.008192,585.922568,-0.0,0.060807
43.71,351.610819,98.0,95.0,342.045292,98.0,94.997854,81.548736,0.0,0.0,96.133761,-0.0,0.007901,572.150666,-0.0,0.058647
43.72,352.418363,98.0,95.0,342.992579,98.0,94.99793,79.958362,0.0,0.0,94.728783,-0.0,0.007621,558.323459,-0.0,0.056565
43.73,353.20995,98.0,95.0,343.925642,98.0,94.998004,78.357316,0.0,0.0,93.306235,-0.0,0.00735,544.448033,-0.0,0.054556
43.74,353.985477,98.0,95.0,344.84431,98.0,94.998075,76.746403,0.0,0.0,91.86678,-0.0,0.007089,530.531581,-0.0,0.052618
43.75,354.744848,98.0,95.0,345.748421,98.0,94.998143,75.126437,0.0,0.0,90.411094,-0.0,0.006837,516.581403,-0.0,0.05075
43.76,355.487978,98.0,95.0,346.637819,98.0,94.998209,73.498249,0.0,0.0,88.939868,-0.0,0.006594,502.604902,-0.0,0.048948
43.77,356.214789,98.0,95.0,347.512357,98.0,94.998273,71.862682,0.0,0.0,87.453806,-0.0,0.00636,488.609592,-0.0,0.047209
43.78,356.92521,98.0,95.0,348.371894,98.0,94.998334,70.22059,0.0,0.0,85.953624,-0.0,0.006134,474.603089,-0.0,0.045533
43.79,357.619182,98.0,95.0,349.216294,98.0,94.998393,68.572844,0.0,0.0,84.440051,-0.0,0.005917,460.593118,-0.0,0.043916
43.8,358.296651,98.0,95.0,350.045432,98.0,94.99845,66.920326,0.0,0.0,82.913832,-0.0,0.005706,446.587507,-0.0,0.042356
43.81,358.957575,98.0,95.0,350.85919,98.0,94.998505,65.263931,0.0,0.0,81.375722,-0.0,0.005504,432.594194,-0.0,0.040852
43.82,359.60192,98.0,95.0,351.657455,98.0,94.998558,63.60457,0.0,0.0,79.826492,-0.0,0.005308,418.621221,-0.0,0.039401
43.83,360.22966,98.0,95.0,352.440124,98.0,94.99861,61.943163,0.0,0.0,78.266924,-0.0,0.00512,404.676735,-0.0,0.038002
43.84,360.840779,98.0,95.0,353.207102,98.0,94.998659,60.280647,0.0,0.0,76.697814,-0.0,0.004938,390.768993,-0.0,0.036653
43.85,361.435272,98.0,95.0,353.958302,98.0,94.998707,58.617971,0.0,0.0,75.119973,-0.0,0.004763,376.906353,-0.0,0.035351
43.86,362.013141,98.0,95.0,354.693644,98.0,94.998752,56.956097,0.0,0.0,73.534223,-0.0,0.004593,363.097284,-0.0,0.034095
43.87,362.5744,98.0,95.0,355.413058,98.0,94.998797,55.296,0.0,0.0,71.9414,-0.0,0.00443,349.350359,-0.0,0.032885
43.88,363.119071,98.0,95.0,356.116481,98.0,94.998839,53.638669,0.0,0.0,70.342354,-0.0,0.004273,335.674256,-0.0,0.031717
43.89,363.647186,98.0,95.0,356.803861,98.0,94.998881,51.985106,0.0,0.0,68.737947,-0.0,0.004121,322.077762,-0.0,0.03059
43.9,364.158789,98.0,95.0,357.475151,98.0,94.99892,50.336325,0.0,0.0,67.129055,-0.0,0.003975,308.569767,-0.0,0.029504
43.91,364.653932,98.0,95.0,358.130317,98.0,94.998959,48.693357,0.0,0.0,65.516567,-0.0,0.003834,295.15927,-0.0,0.028456
43.92,365.132679,98.0,95.0,358.769331,98.0,94.998996,47.057242,0.0,0.0,63.901386,-0.0,0.003698,281.855374,-0.0,0.027446
43.93,365.595103,98.0,95.0,359.392175,98.0,94.999031,45.429035,0.0,0.0,62.284427,-0.0,0.003566,268.667291,-0.0,0.026471
43.94,366.041289,98.0,95.0,359.998841,98.0,94.999066,43.809805,0.0,0.0,60.66662,-0.0,0.00344,255.604335,-0.0,0.025531
43.95,366.471333,98.0,95.0,360.58933,98.0,94.999099,42.200633,0.0,0.0,59.048907,-0.0,0.003317,242.675929,-0.0,0.024624
43.96,366.885339,98.0,95.0,361.163653,98.0,94.999131,40.602615,0.0,0.0,57.432242,-0.0,0.0032,229.891603,-0.0,0.02375
43.97,367.283426,98.0,95.0,361.721829,98.0,94.999162,39.016858,0.0,0.0,55.817596,-0.0,0.003086,217.26099,-0.0,0.022906
43.98,367.665721,98.0,95.0,362.263888,98.0,94.999192,37.444483,0.0,0.0,54.20595,-0.0,0.002976,204.793832,-0.0,0.022093
43.99,368.032364,98.0,95.0,362.789871,98.0,94.99922,35.886626,0.0,0.0,52.598299,-0.0,0.002871,192.499976,-0.0,0.021308
44.0,368.383506,98.0,95.0,363.299828,98.0,94.999248,34.344435,0.0,0.0,50.995652,-0.0,0.002769,180.389375,-0.0,0.020552
44.01,368.719309,98.0,95.0,363.793818,98.0,94.999275,32.81907,0.0,0.0,49.399031,-0.0,0.00267,168.472089,-0.0,0.019822
44.02,369.039947,98.0,95.0,364.271913,98.0,94.9993,31.311706,0.0,0.0,47.809472,-0.0,0.002576,156.758283,-0.0,0.019118
44.03,369.345607,98.0,95.0,364.734193,98.0,94.999325,29.82353,0.0,0.0,46.228021,-0.0,0.002484,145.258229,-0.0,0.018439
44.04,369.636486,98.0,95.0,365.180751,98.0,94.999349,28.355745,0.0,0.0,44.655742,-0.0,0.002396,133.982305,-0.0,0.017784
44.05,369.912794,98.0,95.0,365.611688,98.0,94.999372,26.909564,0.0,0.0,43.093709,-0.0,0.002311,122.940995,-0.0,0.017153
44.06,370.174753,98.0,95.0,366.027118,98.0,94.999395,25.486214,0.0,0.0,41.543011,-0.0,0.002229,112.14489,-0.0,0.016544
44.07,370.422598,98.0,95.0,366.427165,98.0,94.999416,24.086938,0.0,0.0,40.004748,-0.0,0.00215,101.604685,0.0,0.015956
44.08,370.656576,98.0,95.0,366.811966,98.0,94.999437,22.712987,0.0,0.0,38.480036,-0.0,0.002073,91.331184,-0.0,0.015389
44.09,370.876947,98.0,95.0,367.181666,98.0,94.999457,21.365631,0.0,0.0,36.970003,-0.0,0.002,81.335295,-0.0,0.014843
44.1,371.083982,98.0,95.0,367.536423,98.0,94.999476,20.04615,0.0,0.0,35.475789,-0.0,0.001929,71.628034,-0.0,0.014316
44.11,371.277967,98.0,95.0,367.876409,98.0,94.999495,18.755837,0.0,0.0,33.998551,-0.0,0.00186,62.220521,-0.0,0.013807
44.12,371.4592,98.0,95.0,368.201804,98.0,94.999513,17.496,0.0,0.0,32.539455,-0.0,0.001794,53.123984,-0.0,0.013317
44.13,371.627993,98.0,95.0,368.5128,98.0,94.99953,16.267959,0.0,0.0,31.099682,-0.0,0.00173,44.349756,-0.0,0.012844
44.14,371.78467,98.0,95.0,368.809605,98.0,94.999547,15.073049,0.0,0.0,29.680428,-0.0,0.001669,35.909277,0.0,0.012388
44.15,371.929569,98.0,95.0,369.092434,98.0,94.999563,13.912615,0.0,0.0,28.282899,-0.0,0.00161,27.814093,0.0,0.011948
44.16,372.063041,98.0,95.0,369.361517,98.0,94.999578,12.788019,0.0,0.0,26.908316,-0.0,0.001553,20.075855,-0.0,0.011524
44.17,372.185453,98.0,95.0,369.617096,98.0,94.999593,11.700634,0.0,0.0,25.557915,-0.0,0.001497,12.706322,-0.0,0.011114
44.18,372.297183,98.0,95.0,369.859425,98.0,94.999608,10.651846,0.0,0.0,24.232942,-0.0,0.001444,5.717358,-0.0,0.01072
44.19,372.398623,98.0,95.0,370.088772,98.0,94.999622,9.643056,0.0,0.0,22.934658,-0.0,0.001393,-0.879066,-0.0,0.010339
44.2,372.490182,98.0,95.0,370.305415,98.0,94.999635,8.675678,0.0,0.0,21.664337,-0.0,0.001343,-7.070874,-0.0,0.009972
44.21,372.57228,98.0,95.0,370.509648,98.0,94.999648,7.751137,0.0,0.0,20.423267,-0.0,0.001296,-12.845883,-0.0,0.009618
44.22,372.645352,98.0,95.0,370.701775,98.0,94.999661,6.870874,0.0,0.0,19.212747,-0.0,0.00125,-18.191803,0.0,0.009276
44.23,372.70985,98.0,95.0,370.882116,98.0,94.999673,6.036341,0.0,0.0,18.034092,-0.0,0.001205,-23.096241,0.0,0.008947
44.24,372.766236,98.0,95.0,371.051003,98.0,94.999684,5.249007,0.0,0.0,16.888629,-0.0,0.001163,-27.546694,0.0,0.008629
44.25,372.814992,98.0,95.0,371.20878,98.0,94.999695,4.510349,0.0,0.0,15.777699,-0.0,0.001121,-31.530555,-0.0,0.008323
44.26,372.856611,98.0,95.0,371.355806,98.0,94.999706,3.821861,0.0,0.0,14.702654,-0.0,0.001081,-35.035111,-0.0,0.008027
44.27,372.891601,98.0,95.0,371.492455,98.0,94.999717,3.18505,0.0,0.0,13.664862,-0.0,0.001043,-38.047541,-0.0,0.007742
44.28,372.920489,98.0,95.0,371.619112,98.0,94.999727,2.601434,0.0,0.0,12.665703,-0.0,0.001006,-40.554919,-0.0,0.007467
44.29,372.943813,98.0,95.0,371.736178,98.0,94.999736,2.072547,0.0,0.0,11.706571,-0.0,0.00097,-42.544214,-0.0,0.007202
44.3,372.962127,98.0,95.0,371.844066,98.0,94.999746,1.599935,0.0,0.0,10.788872,-0.0,0.000936,-44.002287,-0.0,0.006946
44.31,372.976004,98.0,95.0,371.943207,98.0,94.999755,1.185157,0.0,0.0,9.914026,-0.0,0.000903,-44.915893,-0.0,0.006699
44.32,372.986029,98.0,95.0,372.034041,98.0,94.999764,0.829786,0.0,0.0,9.083467,-0.0,0.000871,-45.271682,-0.0,0.006462
44.33,372.992803,98.0,95.0,372.117028,98.0,94.999772,0.535407,0.0,0.0,8.298641,-0.0,0.00084,-45.056198,-0.0,0.006232
44.34,372.996945,98.0,95.0,372.192638,98.0,94.99978,0.30362,0.0,0.0,7.561007,-0.0,0.00081,-44.255876,-0.0,0.006011
44.35,372.999089,98.0,95.0,372.261358,98.0,94.999788,0.136037,0.0,0.0,6.87204,-0.0,0.000781,-42.857048,-0.0,0.005797
44.36,372.999885,98.0,95.0,372.32369,98.0,94.999795,0.034284,0.0,0.0,6.233225,-0.0,0.000753,-40.845938,-0.0,0.005591
44.37,373.0,98.0,95.0,372.380151,98.0,94.999803,0.0,0.0,0.0,5.646062,-0.0,0.000727,-38.208666,-0.0,0.005393
44.38,373.0,98.0,95.0,372.431272,98.0,94.99981,0.0,0.0,0.0,5.112064,-0.0,0.000701,-34.931242,-0.0,0.005201
44.39,373.0,98.0,95.0,372.477587,98.0,94.999816,0.0,0.0,0.0,4.631536,-0.0,0.000676,-31.182684,0.0,0.005017
44.4,373.0,98.0,95.0,372.519587,98.0,94.999823,0.0,0.0,0.0,4.199987,-0.0,0.000652,-27.679994,0.0,0.004838
44.41,373.0,98.0,95.0,372.557709,98.0,94.999829,0.0,0.0,0.0,3.812209,-0.0,0.000629,-24.566755,0.0,0.004667
44.42,373.0,98.0,95.0,372.592345,98.0,94.999835,0.0,0.0,0.0,3.463559,-0.0,0.000606,-21.799858,0.0,0.004501
44.43,373.0,98.0,95.0,372.623843,98.0,94.999841,0.0,0.0,0.0,3.149896,-0.0,0.000585,-19.340952,0.0,0.004341
44.44,373.0,98.0,95.0,372.652519,98.0,94.999847,0.0,0.0,0.0,2.867529,-0.0,0.000564,-17.155926,0.0,0.004187
44.45,373.0,98.0,95.0,372.67865,98.0,94.999852,0.0,0.0,0.0,2.613165,-0.0,0.000544,-15.21444,0.0,0.004038
44.46,373.0,98.0,95.0,372.702489,98.0,94.999857,0.0,0.0,0.0,2.383866,-0.0,0.000525,-13.489504,0.0,0.003895
44.47,373.0,98.0,95.0,372.724259,98.0,94.999863,0.0,0.0,0.0,2.177012,-0.0,0.000506,-11.957115,-0.0,0.003757
44.48,373.0,98.0,95.0,372.744162,98.0,94.999867,0.0,0.0,0.0,1.990265,-0.0,0.000488,-10.59592,-0.0,0.003623
44.49,373.0,98.0,95.0,372.762377,98.0,94.999872,0.0,0.0,0.0,1.821538,-0.0,0.000471,-9.386931,0.0,0.003494
44.5,373.0,98.0,95.0,372.779067,98.0,94.999877,0.0,0.0,0.0,1.668968,-0.0,0.000454,-8.313256,-0.0,0.00337
44.51,373.0,98.0,95.0,372.794376,98.0,94.999881,0.0,0.0,0.0,1.530891,-0.0,0.000438,-7.359874,-0.0,0.003251
44.52,373.0,98.0,95.0,372.808434,98.0,94.999885,0.0,0.0,0.0,1.40582,-0.0,0.000422,-6.513425,0.0,0.003135
44.53,373.0,98.0,95.0,372.821358,98.0,94.999889,0.0,0.0,0.0,1.29243,-0.0,0.000407,-5.762026,-0.0,0.003024
44.54,373.0,98.0,95.0,372.833254,98.0,94.999893,0.0,0.0,0.0,1.189533,-0.0,0.000393,-5.095111,-0.0,0.002916
44.55,373.0,98.0,95.0,372.844214,98.0,94.999897,0.0,0.0,0.0,1.096069,-0.0,0.000379,-4.503282,-0.0,0.002813
44.56,373.0,98.0,95.0,372.854325,98.0,94.999901,0.0,0.0,0.0,1.011091,-0.0,0.000366,-3.978183,0.0,0.002713
44.57,373.0,98.0,95.0,372.863663,98.0,94.999904,0.0,0.0,-0.0,0.93375,-0.0,0.000353,-3.512382,-0.0,0.002617
44.58,373.0,98.0,94.99955,372.872296,98.0,94.999908,0.0,0.0,-0.135277,0.863288,-0.0,0.00034,-3.099271,-0.0,0.002524
44.59,373.0,98.0,94.996447,372.880286,98.0,94.999793,0.0,0.0,-0.531818,0.799026,-0.0,-0.011484,-2.732975,-0.0,-0.942497
44.6,373.0,98.0,94.988162,372.887689,98.0,94.998903,0.0,0.0,-1.175872,0.740357,-0.0,-0.088948,-2.408268,0.0,-6.311956
44.61,373.0,98.0,94.972305,372.894557,98.0,94.996142,0.0,0.0,-2.053925,0.686734,-0.0,-0.276129,-2.120505,-0.0,-15.863987
44.62,373.0,98.0,94.946616,372.900934,98.0,94.990154,0.0,0.0,-3.152708,0.637671,-0.0,-0.598808,-1.865557,-0.0,-28.575625
44.63,373.0,98.0,94.908967,372.906861,98.0,94.979445,0.0,0.0,-4.459192,0.59273,-0.0,-1.070902,-1.639751,-0.0,-43.755548
44.64,373.0,98.0,94.857358,372.912376,98.0,94.962459,0.0,0.0,-5.960589,0.551519,-0.0,-1.698633,-1.439823,-0.0,-60.92753
44.65,373.0,98.0,94.789915,372.917513,98.0,94.937626,0.0,0.0,-7.644352,0.513686,-0.0,-2.483241,-1.262872,-0.0,-79.754937
44.66,373.0,98.0,94.704888,372.922302,98.0,94.903399,0.0,0.0,-9.498177,0.478914,-0.0,-3.422733,-1.106318,-0.0,-99.991824
44.67,373.0,98.0,94.600646,372.926771,98.0,94.858269,0.0,0.0,-11.509998,0.446919,-0.0,-4.513032,-0.967868,0.0,-121.451265
44.68,373.0,98.0,94.47568,372.930946,98.0,94.800781,0.0,0.0,-13.667995,0.417447,-0.0,-5.748714,-0.845486,-0.0,-143.984858
44.69,373.0,98.0,94.328593,372.934848,98.0,94.729546,0.0,0.0,-15.960585,0.390267,-0.0,-7.123493,-0.73736,-0.0,-167.469454
44.7,373.0,98.0,94.158106,372.9385,98.0,94.643241,0.0,0.0,-18.376428,0.365174,-0.0,-8.630539,-0.64188,-0.0,-191.798586
44.71,373.0,98.0,93.963049,372.94192,98.0,94.540614,0.0,0.0,-20.904425,0.341981,-0.0,-10.262683,-0.557617,-0.0,-216.876928
44.72,373.0,98.0,93.742362,372.945125,98.0,94.420489,0.0,0.0,-23.533719,0.32052,-0.0,-12.012557,-0.483301,-0.0,-242.616723
44.73,373.0,98.0,93.495092,372.948131,98.0,94.281762,0.0,0.0,-26.253694,0.30064,-0.0,-13.872681,-0.417802,-0.0,-268.935492
44.74,373.0,98.0,93.220388,372.950954,98.0,94.123407,0.0,0.0,-29.053974,0.282205,-0.0,-15.835528,-0.360118,-0.0,-295.754555
44.75,373.0,98.0,92.917505,372.953604,98.0,93.944471,0.0,0.0,-31.924427,0.265092,-0.0,-17.893563,-0.309358,-0.0,-322.9981
44.76,373.0,98.0,92.585793,372.956096,98.0,93.744078,0.0,0.0,-34.855158,0.249189,-0.0,-20.039275,-0.264732,0.0,-350.59259
44.77,373.0,98.0,92.224702,372.95844,98.0,93.521426,0.0,0.0,-37.836518,0.234395,-0.0,-22.265195,-0.225536,-0.0,-378.466393
44.78,373.0,98.0,91.833777,372.960646,98.0,93.275787,0.0,0.0,-40.859097,0.22062,-0.0,-24.563915,-0.191148,-0.0,-406.549559
44.79,373.0,98.0,91.412653,372.962724,98.0,93.006506,0.0,0.0,-43.913725,0.20778,-0.0,-26.928097,-0.161013,-0.0,-434.77369
44.8,373.0,98.0,90.961056,372.964682,98.0,92.713001,0.0,0.0,-46.991476,0.195801,-0.0,-29.350483,-0.134639,-0.0,-463.071868
44.81,373.0,98.0,90.4788,372.966528,98.0,92.394762,0.0,0.0,-50.083663,0.184614,-0.0,-31.823906,-0.111592,-0.0,-491.378621
44.82,373.0,98.0,89.965784,372.96827,98.0,92.051349,0.0,0.0,-53.181842,0.174158,-0.0,-34.341291,-0.091484,-0.0,-519.629915
44.83,373.0,98.0,89.421989,372.969914,98.0,91.682393,0.0,0.0,-56.27781,0.164376,-0.0,-36.89567,-0.07397,-0.0,-547.763161
44.84,373.0,98.0,88.847476,372.971466,98.0,91.287591,0.0,0.0,-59.363603,0.155218,-0.0,-39.480176,-0.058748,-0.0,-575.717229
44.85,373.0,98.0,88.242386,372.972932,98.0,90.86671,0.0,0.0,-62.431502,0.146636,-0.0,-42.08806,-0.045547,-0.0,-603.432473
44.86,373.0,98.0,87.606934,372.974318,98.0,90.419583,0.0,0.0,-65.474026,0.138588,-0.0,-44.712687,-0.034126,-0.0,-630.850753
44.87,373.0,98.0,86.941408,372.975629,98.0,89.946108,0.0,0.0,-68.483937,0.131035,-0.0,-47.347544,-0.024275,-0.0,-657.915463
44.88,373.0,98.0,86.246167,372.976868,98.0,89.446246,0.0,0.0,-71.454239,0.123941,-0.0,-49.986246,-0.015805,-0.0,-684.571558
44.89,373.0,98.0,85.521638,372.978041,98.0,88.92002,0.0,0.0,-74.378174,0.117274,-0.0,-52.622535,-0.00855,-0.0,-710.765583
44.9,373.0,98.0,84.768314,372.979151,98.0,88.367517,0.0,0.0,-77.24923,0.111003,-0.0,-55.250289,-0.002361,-0.0,-736.445697
44.91,373.0,98.0,83.986753,372.980202,98.0,87.788882,0.0,0.0,-80.061132,0.105102,-0.0,-57.863524,0.002891,-0.0,-761.561705
44.92,373.0,98.0,83.177572,372.981197,98.0,87.184318,0.0,0.0,-82.807848,0.099546,-0.0,-60.456397,0.007323,-0.0,-786.06508
44.93,373.0,98.0,82.341447,372.98214,98.0,86.554086,0.0,0.0,-85.483589,0.09431,-0.0,-63.02321,0.011036,0.0,-809.90899
44.94,373.0,98.0,81.479113,372.983034,98.0,85.898502,0.0,0.0,-88.082803,0.089375,-0.0,-65.558413,0.014121,-0.0,-833.048323
44.95,373.0,98.0,80.591355,372.983881,98.0,85.217936,0.0,0.0,-90.600185,0.084719,-0.0,-68.056608,0.016657,-0.0,-855.439711
44.96,373.0,98.0,79.679012,372.984685,98.0,84.51281,0.0,0.0,-93.030665,0.080325,-0.0,-70.512551,0.018716,-0.0,-877.041551
44.97,373.0,98.0,78.742973,372.985446,98.0,83.783599,0.0,0.0,-95.36942,0.076177,-0.0,-72.921158,0.020359,-0.0,-897.814032
44.98,373.0,98.0,77.78417,372.986169,98.0,83.030824,0.0,0.0,-97.611864,0.072259,-0.0,-75.277502,0.021642,-0.0,-917.719149
44.99,373.0,98.0,76.803583,372.986854,98.0,82.255055,0.0,0.0,-99.753654,0.068556,-0.0,-77.576824,0.022613,-0.0,-936.720734
45.0,373.0,98.0,75.802233,372.987505,98.0,81.45691,0.0,0.0,-101.79069,0.065055,-0.0,-79.814526,0.023314,-0.0,-954.784465
45.01,373.0,98.0,74.781179,372.988122,98.0,80.637048,0.0,0.0,-103.71911,0.061744,-0.0,-81.986184,0.023783,-0.0,-971.877895
45.02,373.0,98.0,73.74152,372.988709,98.0,79.796173,0.0,0.0,-105.535295,0.058611,-0.0,-84.087542,0.024054,-0.0,-987.970465
45.03,373.0,98.0,72.684386,372.989265,98.0,78.935028,0.0,0.0,-107.235867,0.055646,-0.0,-86.114518,0.024154,-0.0,-1003.033522
45.04,373.0,98.0,71.610944,372.989793,98.0,78.054396,0.0,0.0,-108.81769,0.052839,-0.0,-88.063208,0.024111,-0.0,-1017.040342
45.05,373.0,98.0,70.522386,372.990295,98.0,77.155097,0.0,0.0,-110.277868,0.050181,-0.0,-89.929884,0.023945,-0.0,-1029.966137
45.06,373.0,98.0,69.419936,372.990772,98.0,76.237987,0.0,0.0,-111.613748,0.047662,-0.0,-91.710999,0.023678,-0.0,-1041.788083
45.07,373.0,98.0,68.304841,372.991225,98.0,75.303955,0.0,0.0,-112.822916,0.045276,-0.0,-93.403191,0.023325,-0.0,-1052.485325
45.08,373.0,98.0,67.178369,372.991655,98.0,74.353922,0.0,0.0,-113.903201,0.043014,-0.0,-95.003279,0.022901,-0.0,-1062.038999
45.09,373.0,98.0,66.041813,372.992063,98.0,73.388839,0.0,0.0,-114.852673,0.040869,-0.0,-96.508273,0.022421,-0.0,-1070.432242
45.1,373.0,98.0,64.896479,372.992452,98.0,72.409686,0.0,0.0,-115.669643,0.038835,-0.0,-97.915366,0.021894,-0.0,-1077.650211
45.11,373.0,98.0,63.743693,372.992821,98.0,71.417466,0.0,0.0,-116.352662,0.036906,-0.0,-99.221946,0.021332,-0.0,-1083.68009
45.12,373.0,98.0,62.584791,372.993172,98.0,70.41321,0.0,0.0,-116.900526,0.035076,-0.0,-100.425592,0.020742,-0.0,-1088.51111
45.13,373.0,98.0,61.421121,372.993505,98.0,69.39797,0.0,0.0,-117.312268,0.03334,-0.0,-101.524075,0.020132,-0.0,-1092.134556
45.14,373.0,98.0,60.254039,372.993822,98.0,68.372816,0.0,0.0,-117.587165,0.031692,-0.0,-102.515363,0.019508,-0.0,-1094.543782
45.15,373.0,98.0,59.084907,372.994123,98.0,67.33884,0.0,0.0,-117.724734,0.030127,-0.0,-103.39762,0.018876,-0.0,-1095.734221
45.16,373.0,98.0,57.915093,372.99441,98.0,66.297148,0.0,0.0,-117.724734,0.028642,-0.0,-104.16921,0.018239,-0.0,-1095.7034
45.17,373.0,98.0,56.745961,372.994682,98.0,65.248861,0.0,0.0,-117.587165,0.027232,-0.0,-104.828696,0.017604,-0.0,-1094.450944
45.18,373.0,98.0,55.578879,372.994941,98.0,64.195112,0.0,0.0,-117.312268,0.025893,-0.0,-105.374841,0.016971,-0.0,-1091.978595
45.19,373.0,98.0,54.415209,372.995187,98.0,63.137046,0.0,0.0,-116.900526,0.024621,-0.0,-105.806614,0.016346,-0.0,-1088.290214
45.2,373.0,98.0,53.256307,372.995421,98.0,62.075814,0.0,0.0,-116.352662,0.023412,-0.0,-106.123184,0.015729,-0.0,-1083.391796
45.21,373.0,98.0,52.103521,372.995644,98.0,61.012575,0.0,0.0,-115.669643,0.022265,-0.0,-106.32393,0.015122,-0.0,-1077.291479
45.22,373.0,98.0,50.958187,372.995856,98.0,59.948491,0.0,0.0,-114.852673,0.021174,-0.0,-106.408433,0.014528,-0.0,-1069.999549
45.23,373.0,98.0,49.821631,372.996057,98.0,58.884726,0.0,0.0,-113.903201,0.020138,-0.0,-106.376485,0.013948,-0.0,-1061.528454
45.24,373.0,98.0,48.695159,372.996248,98.0,57.822445,0.0,0.0,-112.822916,0.019153,-0.0,-106.228084,0.013382,-0.0,-1051.892811
45.25,373.0,98.0,47.580064,372.996431,98.0,56.762811,0.0,0.0,-111.613748,0.018217,-0.0,-105.963441,0.012832,-0.0,-1041.10941
45.26,373.0,98.0,46.477614,372.996604,98.0,55.706981,0.0,0.0,-110.277868,0.017327,-0.0,-105.582976,0.012297,-0.0,-1029.197227
45.27,373.0,98.0,45.389056,372.996769,98.0,54.656108,0.0,0.0,-108.81769,0.016482,-0.0,-105.087322,0.011779,-0.0,-1016.177431
45.28,373.0,98.0,44.315614,372.996925,98.0,53.611334,0.0,0.0,-107.235867,0.015678,-0.0,-104.477324,0.011278,-0.0,-1002.073386
45.29,373.0,98.0,43.25848,372.997075,98.0,52.573794,0.0,0.0,-105.535295,0.014914,-0.0,-103.754042,0.010793,-0.0,-986.910668
45.3,373.0,98.0,42.218821,372.997216,98.0,51.544606,0.0,0.0,-103.71911,0.014187,-0.0,-102.91875,0.010325,-0.0,-970.717059
45.31,373.0,98.0,41.197767,372.997351,98.0,50.524877,0.0,0.0,-101.79069,0.013496,-0.0,-101.972938,0.009874,-0.0,-953.522566
45.32,373.0,98.0,40.196417,372.99748,98.0,49.515694,0.0,0.0,-99.753654,0.012839,-0.0,-100.918314,0.009439,-0.0,-935.359419
45.33,373.0,98.0,39.21583,372.997602,98.0,48.518126,0.0,0.0,-97.611864,0.012215,-0.0,-99.756801,0.009021,-0.0,-916.262079
45.34,373.0,98.0,38.257027,372.997718,98.0,47.53322,0.0,0.0,-95.36942,0.011621,-0.0,-98.490541,0.008618,-0.0,-896.267248
45.35,373.0,98.0,37.320988,372.997829,98.0,46.562001,0.0,0.0,-93.030665,0.011056,-0.0,-97.121897,0.008232,-0.0,-875.413868
45.36,373.0,98.0,36.408645,372.997934,98.0,45.605467,0.0,0.0,-90.600185,0.010519,-0.0,-95.653449,0.007861,-0.0,-853.743131
45.37,373.0,98.0,35.520887,372.998034,98.0,44.664587,0.0,0.0,-88.082803,0.010008,-0.0,-94.087999,0.007504,-0.0,-831.298483
45.38,373.0,98.0,34.658553,372.998129,98.0,43.740301,0.0,0.0,-85.483589,0.009522,-0.0,-92.428569,0.007163,-0.0,-808.12563
45.39,373.0,98.0,33.822428,372.99822,98.0,42.833517,0.0,0.0,-82.807848,0.009059,-0.0,-90.678405,0.006835,-0.0,-784.272541
45.4,373.0,98.0,33.013247,372.998306,98.0,41.945108,0.0,0.0,-80.061132,0.00862,-0.0,-88.840972,0.006521,-0.0,-759.789454
45.41,373.0,98.0,32.231686,372.998388,98.0,41.075908,0.0,0.0,-77.24923,0.008202,-0.0,-86.919962,0.006221,-0.0,-734.72888
45.42,373.0,98.0,31.478362,372.998466,98.0,40.226715,0.0,0.0,-74.378174,0.007804,-0.0,-84.919287,0.005934,-0.0,-709.14561
45.43,373.0,98.0,30.753833,372.99854,98.0,39.398284,0.0,0.0,-71.454239,0.007425,-0.0,-82.843085,0.005658,-0.0,-683.096714
45.44,373.0,98.0,30.058592,372.998611,98.0,38.591327,0.0,0.0,-68.483937,0.007065,-0.0,-80.695719,0.005395,-0.0,-656.641549
45.45,373.0,98.0,29.393066,372.998678,98.0,37.806509,0.0,0.0,-65.474026,0.006723,-0.0,-78.481776,0.005144,-0.0,-629.841764
45.46,373.0,98.0,28.757614,372.998742,98.0,37.044449,0.0,0.0,-62.431502,0.006397,-0.0,-76.20607,0.004904,-0.0,-602.761299
45.47,373.0,98.0,28.152524,372.998803,98.0,36.305712,0.0,0.0,-59.363603,0.006087,-0.0,-73.873641,0.004674,-0.0,-575.466393
45.48,373.0,98.0,27.578011,372.998861,98.0,35.590815,0.0,0.0,-56.27781,0.005792,-0.0,-71.489756,0.004454,-0.0,-548.025587
45.49,373.0,98.0,27.034216,372.998916,98.0,34.900216,0.0,0.0,-53.181842,0.005511,-0.0,-69.059908,0.004245,-0.0,-520.509725
45.5,373.0,98.0,26.5212,372.998969,98.0,34.234317,0.0,0.0,-50.083663,0.005244,-0.0,-66.589819,0.004045,-0.0,-492.991959
45.51,373.0,98.0,26.038944,372.999018,98.0,33.593463,0.0,0.0,-46.991476,0.00499,-0.0,-64.085439,0.003854,-0.0,-465.547752
45.52,373.0,98.0,25.587347,372.999066,98.0,32.977933,0.0,0.0,-43.913725,0.004749,-0.0,-61.552945,0.003672,-0.0,-438.254881
45.53,373.0,98.0,25.166223,372.999111,98.0,32.387946,0.0,0.0,-40.859097,0.004519,-0.0,-58.998745,0.003498,-0.0,-411.193442
45.54,373.0,98.0,24.775298,372.999154,98.0,31.823651,0.0,0.0,-37.836518,0.0043,-0.0,-56.429475,0.003332,-0.0,-384.445847
45.55,373.0,98.0,24.414207,372.999195,98.0,31.285131,0.0,0.0,-34.855158,0.004092,-0.0,-53.852001,0.003174,-0.0,-358.096835
45.56,373.0,98.0,24.082495,372.999234,98.0,30.772397,0.0,0.0,-31.924427,0.003894,-0.0,-51.273419,0.003023,-0.0,-332.233466
45.57,373.0,98.0,23.779612,372.999271,98.0,30.285387,0.0,0.0,-29.053974,0.003705,-0.0,-48.701056,0.002879,-0.0,-306.94513
45.58,373.0,98.0,23.504908,372.999306,98.0,29.823962,0.0,0.0,-26.253694,0.003526,-0.0,-46.142468,0.002742,-0.0,-282.323549
45.59,373.0,98.0,23.257638,372.99934,98.0,29.387907,0.0,0.0,-23.533719,0.003355,-0.0,-43.605444,0.002611,-0.0,-258.462774
45.6,373.0,98.0,23.036951,372.999372,98.0,28.976927,0.0,0.0,-20.904425,0.003193,-0.0,-41.098004,0.002487,-0.0,-235.459193
45.61,373.0,98.0,22.841894,372.999402,98.0,28.590643,0.0,0.0,-18.376428,0.003038,-0.0,-38.628397,0.002368,-0.0,-213.411532
45.62,373.0,98.0,22.671407,372.999431,98.0,28.228592,0.0,0.0,-15.960585,0.002891,-0.0,-36.205108,0.002255,-0.0,-192.420853
45.63,373.0,98.0,22.52432,372.999459,98.0,27.890224,0.0,0.0,-13.667995,0.002751,-0.0,-33.836852,0.002147,-0.0,-172.590564
45.64,373.0,98.0,22.399354,372.999485,98.0,27.574898,0.0,0.0,-11.509998,0.002618,-0.0,-31.532576,0.002044,-0.0,-154.026413
45.65,373.0,98.0,22.295112,372.99951,98.0,27.281883,0.0,0.0,-9.498177,0.002492,-0.0,-29.30146,0.001946,-0.0,-136.836494
45.66,373.0,98.0,22.210085,372.999533,98.0,27.010354,0.0,0.0,-7.644352,0.002371,-0.0,-27.152918,0.001853,-0.0,-121.131248
45.67,373.0,98.0,22.142642,372.999556,98.0,26.759388,0.0,0.0,-5.960589,0.002256,-0.0,-25.096596,0.001764,-0.0,-107.023466
45.68,373.0,98.0,22.091033,372.999577,98.0,26.527965,0.0,0.0,-4.459192,0.002147,-0.0,-23.142376,0.001679,-0.0,-94.628289
45.69,373.0,98.0,22.053384,372.999598,98.0,26.314961,0.0,0.0,-3.152708,0.002043,-0.0,-21.300369,0.001599,-0.0,-84.06321
45.7,373.0,98.0,22.027695,372.999617,98.0,26.119152,0.0,0.0,-2.053925,0.001945,-0.0,-19.580924,0.001522,-0.0,-75.448075
45.71,373.0,98.0,22.011838,372.999636,98.0,25.939205,0.0,0.0,-1.175872,0.001851,-0.0,-17.994622,0.001449,-0.0,-68.905088
45.72,373.0,98.0,22.003553,372.999653,98.0,25.773683,0.0,0.0,-0.531818,0.001761,-0.0,-16.552279,0.001379,-0.0,-64.558808
45.73,373.0,98.0,22.00045,372.99967,98.0,25.621033,0.0,0.0,-0.135277,0.001676,-0.0,-15.264946,0.001313,-0.0,-62.536153
45.74,373.0,98.0,22.0,372.999686,98.0,25.479594,0.0,0.0,0.0,0.001595,-0.0,-14.143908,0.00125,-0.0,-62.966399
45.75,373.0,98.0,22.0,372.999701,98.0,25.347587,0.0,0.0,0.0,0.001518,-0.0,-13.200684,0.00119,-0.0,-65.981186
45.76,373.0,98.0,22.0,372.999716,98.0,25.223238,0.0,0.0,0.0,0.001444,-0.0,-12.434912,0.001132,-0.0,-70.745041
45.77,373.0,98.0,22.0,372.999729,98.0,25.105229,0.0,0.0,0.0,0.001374,-0.0,-11.800867,0.001078,-0.0,-73.625579
45.78,373.0,98.0,22.0,372.999743,98.0,24.992659,0.0,0.0,0.0,0.001308,-0.0,-11.257079,0.001026,-0.0,-74.505596
45.79,373.0,98.0,22.0,372.999755,98.0,24.884894,0.0,0.0,0.0,0.001245,-0.0,-10.776498,0.000976,-0.0,-74.124287
45.8,373.0,98.0,22.0,372.999767,98.0,24.781479,0.0,0.0,0.0,0.001185,-0.0,-10.341428,0.000929,-0.0,-72.959415
45.81,373.0,98.0,22.0,372.999778,98.0,24.682077,0.0,0.0,0.0,0.001127,-0.0,-9.940242,0.000885,-0.0,-71.319377
45.82,373.0,98.0,22.0,372.999789,98.0,24.586425,0.0,0.0,0.0,0.001073,-0.0,-9.565247,0.000842,-0.0,-69.402861
45.83,373.0,98.0,22.0,372.999799,98.0,24.494311,0.0,0.0,0.0,0.001021,-0.0,-9.21131,0.000801,-0.0,-67.337503
45.84,373.0,98.0,22.0,372.999809,98.0,24.405562,0.0,0.0,0.0,0.000972,-0.0,-8.874958,0.000763,-0.0,-65.204936
45.85,373.0,98.0,22.0,372.999818,98.0,24.320024,0.0,0.0,0.0,0.000925,-0.0,-8.553801,0.000726,-0.0,-63.057019
45.86,373.0,98.0,22.0,372.999827,98.0,24.237562,0.0,0.0,0.0,0.00088,-0.0,-8.246155,0.000691,-0.0,-60.926359
45.87,373.0,98.0,22.0,372.999835,98.0,24.158054,0.0,0.0,0.0,0.000837,-0.0,-7.9508,0.000658,-0.0,-58.833116
45.88,373.0,98.0,22.0,372.999843,98.0,24.081386,0.0,0.0,0.0,0.000797,-0.0,-7.666818,0.000626,-0.0,-56.789426
45.89,373.0,98.0,22.0,372.999851,98.0,24.007451,0.0,0.0,0.0,0.000758,-0.0,-7.393494,0.000596,-0.0,-54.802252
45.9,373.0,98.0,22.0,372.999858,98.0,23.936149,0.0,0.0,0.0,0.000722,-0.0,-7.130248,0.000567,-0.0,-52.87524
45.91,373.0,98.0,22.0,372.999865,98.0,23.867383,0.0,0.0,0.0,0.000687,-0.0,-6.876591,0.00054,-0.0,-51.009917
45.92,373.0,98.0,22.0,372.999871,98.0,23.801062,0.0,0.0,0.0,0.000654,-0.0,-6.632098,0.000514,-0.0,-49.206466
45.93,373.0,98.0,22.0,372.999878,98.0,23.737098,0.0,0.0,0.0,0.000622,-0.0,-6.396388,0.000489,-0.0,-47.464228
45.94,373.0,98.0,22.0,372.999883,98.0,23.675407,0.0,0.0,0.0,0.000592,-0.0,-6.169115,0.000465,-0.0,-45.782027
45.95,373.0,98.0,22.00045,372.999889,98.0,23.615907,0.0,0.0,0.135277,0.000563,-0.0,-5.949955,0.000443,-0.0,-44.158376
45.96,373.0,98.0,22.003553,372.999894,98.0,23.558639,0.0,0.0,0.531818,0.000536,-0.0,-5.726794,0.000421,-0.0,-41.646683
45.97,373.0,98.0,22.011838,372.9999,98.0,23.504184,0.0,0.0,1.175872,0.00051,-0.0,-5.445516,0.000401,-0.0,-34.765689
45.98,373.0,98.0,22.027695,372.999904,98.0,23.453566,0.0,0.0,2.053925,0.000485,-0.0,-5.06177,0.000382,-0.0,-23.755478
45.99,373.0,98.0,22.053384,372.999909,98.0,23.408071,0.0,0.0,3.152708,0.000462,-0.0,-4.549514,0.000363,-0.0,-9.637235
46.0,373.0,98.0,22.091033,372.999913,98.0,23.369125,0.0,0.0,4.459192,0.00044,-0.0,-3.894582,0.000346,-0.0,6.899478
46.01,373.0,98.0,22.142642,372.999918,98.0,23.33822,0.0,0.0,5.960589,0.000418,-0.0,-3.090507,0.000329,-0.0,25.380155
46.02,373.0,98.0,22.210085,372.999922,98.0,23.316862,0.0,0.0,7.644352,0.000398,-0.0,-2.135821,0.000313,-0.0,45.469837
46.03,373.0,98.0,22.295112,372.999925,98.0,23.306539,0.0,0.0,9.498177,0.000379,-0.0,-1.03229,0.000298,-0.0,66.92421
46.04,373.0,98.0,22.399354,372.999929,98.0,23.308701,0.0,0.0,11.509998,0.000361,-0.0,0.21622,0.000284,-0.0,89.557926
46.05,373.0,98.0,22.52432,372.999932,98.0,23.324746,0.0,0.0,13.667995,0.000343,-0.0,1.604494,0.00027,-0.0,113.224107
46.06,373.0,98.0,22.671407,372.999936,98.0,23.356011,0.0,0.0,15.960585,0.000327,-0.0,3.126446,0.000257,-0.0,137.80108
46.07,373.0,98.0,22.841894,372.999939,98.0,23.403765,0.0,0.0,18.376428,0.000311,-0.0,4.775437,0.000244,-0.0,163.183802
46.08,373.0,98.0,23.036951,372.999942,98.0,23.46921,0.0,0.0,20.904425,0.000296,-0.0,6.544487,0.000233,-0.0,189.278322
46.09,373.0,98.0,23.257638,372.999945,98.0,23.553474,0.0,0.0,23.533719,0.000281,-0.0,8.426404,0.000221,-0.0,215.998212
46.1,373.0,98.0,23.504908,372.999947,98.0,23.657613,0.0,0.0,26.253694,0.000268,-0.0,10.413881,0.000211,-0.0,243.262271
46.11,373.0,98.0,23.779612,372.99995,98.0,23.782609,0.0,0.0,29.053974,0.000255,-0.0,12.49956,0.0002,-0.0,270.993055
46.12,373.0,98.0,24.082495,372.999952,98.0,23.929369,0.0,0.0,31.924427,0.000243,-0.0,14.676064,0.000191,-0.0,299.115945
46.13,373.0,98.0,24.414207,372.999955,98.0,24.09873,0.0,0.0,34.855158,0.000231,-0.0,16.936038,0.000182,-0.0,327.558553
46.14,373.0,98.0,24.775298,372.999957,98.0,24.291451,0.0,0.0,37.836518,0.00022,-0.0,19.272163,0.000173,-0.0,356.250355
46.15,373.0,98.0,25.166223,372.999959,98.0,24.508223,0.0,0.0,40.859097,0.000209,-0.0,21.677173,0.000164,-0.0,385.122471
46.16,373.0,98.0,25.587347,372.999961,98.0,24.749662,0.0,0.0,43.913725,0.000199,-0.0,24.143871,0.000156,-0.0,414.107534
46.17,373.0,98.0,26.038944,372.999963,98.0,25.016313,0.0,0.0,46.991476,0.000189,-0.0,26.665132,0.000149,-0.0,443.139621
46.18,373.0,98.0,26.5212,372.999965,98.0,25.308652,0.0,0.0,50.083663,0.00018,-0.0,29.233918,0.000142,-0.0,472.154221
46.19,373.0,98.0,27.034216,372.999966,98.0,25.627085,0.0,0.0,53.181842,0.000171,-0.0,31.843281,0.000135,-0.0,501.088224
46.2,373.0,98.0,27.578011,372.999968,98.0,25.971949,0.0,0.0,56.27781,0.000163,-0.0,34.48637,0.000128,-0.0,529.879934
46.21,373.0,98.0,28.152524,372.999969,98.0,26.343513,0.0,0.0,59.363603,0.000155,-0.0,37.156438,0.000122,-0.0,558.469083
46.22,373.0,98.0,28.757614,372.999971,98.0,26.741981,0.0,0.0,62.431502,0.000148,-0.0,39.846844,0.000116,-0.0,586.796854
46.23,373.0,98.0,29.393066,372.999972,98.0,27.167492,0.0,0.0,65.474026,0.000141,-0.0,42.551062,0.000111,-0.0,614.805909
46.24,373.0,98.0,30.058592,372.999974,98.0,27.620119,0.0,0.0,68.483937,0.000134,-0.0,45.262684,0.000105,-0.0,642.440414
46.25,373.0,98.0,30.753833,372.999975,98.0,28.099873,0.0,0.0,71.454239,0.000127,-0.0,47.975425,0.0001,-0.0,669.646069
46.26,373.0,98.0,31.478362,372.999976,98.0,28.606704,0.0,0.0,74.378174,0.000121,-0.0,50.683123,9.5e-05,-0.0,696.370136
46.27,373.0,98.0,32.231686,372.999977,98.0,29.140502,0.0,0.0,77.24923,0.000115,-0.0,53.379751,9.1e-05,-0.0,722.561471
46.28,373.0,98.0,33.013247,372.999978,98.0,29.701096,0.0,0.0,80.061132,0.00011,-0.0,56.059414,8.6e-05,-0.0,748.170544
46.29,373.0,98.0,33.822428,372.999979,98.0,30.28826,0.0,0.0,82.807848,0.000104,-0.0,58.716356,8.2e-05,-0.0,773.149475
46.3,373.0,98.0,34.658553,372.99998,98.0,30.901709,0.0,0.0,85.483589,9.9e-05,-0.0,61.344962,7.8e-05,-0.0,797.452052
46.31,373.0,98.0,35.520887,372.999981,98.0,31.541107,0.0,0.0,88.082803,9.5e-05,-0.0,63.939764,7.4e-05,-0.0,821.033764
46.32,373.0,98.0,36.408645,372.999982,98.0,32.206061,0.0,0.0,90.600185,9e-05,-0.0,66.495441,7.1e-05,-0.0,843.851821
46.33,373.0,98.0,37.320988,372.999983,98.0,32.89613,0.0,0.0,93.030665,8.6e-05,-0.0,69.006826,6.7e-05,-0.0,865.865178
46.34,373.0,98.0,38.257027,372.999984,98.0,33.610819,0.0,0.0,95.36942,8.2e-05,-0.0,71.468904,6.4e-05,-0.0,887.03456
46.35,373.0,98.0,39.21583,372.999985,98.0,34.349587,0.0,0.0,97.611864,7.8e-05,-0.0,73.876822,6.1e-05,-0.0,907.322486
46.36,373.0,98.0,40.196417,372.999985,98.0,35.111846,0.0,0.0,99.753654,7.4e-05,-0.0,76.225886,5.8e-05,-0.0,926.693283
46.37,373.0,98.0,41.197767,372.999986,98.0,35.896961,0.0,0.0,101.79069,7e-05,-0.0,78.511564,5.5e-05,-0.0,945.113116
46.38,373.0,98.0,42.218821,372.999987,98.0,36.704256,0.0,0.0,103.71911,6.7e-05,-0.0,80.729493,5.3e-05,-0.0,962.550001
46.39,373.0,98.0,43.25848,372.999987,98.0,37.533011,0.0,0.0,105.535295,6.4e-05,-0.0,82.87548,5e-05,-0.0,978.973828
46.4,373.0,98.0,44.315614,372.999988,98.0,38.382466,0.0,0.0,107.235867,6.1e-05,-0.0,84.945499,4.8e-05,-0.0,994.35638
46.41,373.0,98.0,45.389056,372.999989,98.0,39.251823,0.0,0.0,108.81769,5.8e-05,-0.0,86.935704,4.5e-05,-0.0,1008.671348
46.42,373.0,98.0,46.477614,372.999989,98.0,40.140247,0.0,0.0,110.277868,5.5e-05,-0.0,88.84242,4.3e-05,-0.0,1021.894349
46.43,373.0,98.0,47.580064,372.99999,98.0,41.046869,0.0,0.0,111.613748,5.2e-05,-0.0,90.662155,4.1e-05,-0.0,1034.002945
46.44,373.0,98.0,48.695159,372.99999,98.0,41.970785,0.0,0.0,112.822916,5e-05,-0.0,92.391593,3.9e-05,-0.0,1044.976658
46.45,373.0,98.0,49.821631,372.999991,98.0,42.911061,0.0,0.0,113.903201,4.7e-05,-0.0,94.027607,3.7e-05,-0.0,1054.796984
46.46,373.0,98.0,50.958187,372.999991,98.0,43.866733,0.0,0.0,114.852673,4.5e-05,-0.0,95.567248,3.5e-05,-0.0,1063.447411
46.47,373.0,98.0,52.103521,372.999992,98.0,44.836811,0.0,0.0,115.669643,4.3e-05,-0.0,97.00776,3.4e-05,-0.0,1070.913429
46.48,373.0,98.0,53.256307,372.999992,98.0,45.820277,0.0,0.0,116.352662,4.1e-05,-0.0,98.346572,3.2e-05,-0.0,1077.182549
46.49,373.0,98.0,54.415209,372.999992,98.0,46.81609,0.0,0.0,116.900526,3.9e-05,-0.0,99.581304,3.1e-05,-0.0,1082.244314
46.5,373.0,98.0,55.578879,372.999993,98.0,47.823187,0.0,0.0,117.312268,3.7e-05,-0.0,100.70977,2.9e-05,-0.0,1086.09031
46.51,373.0,98.0,56.745961,372.999993,98.0,48.840487,0.0,0.0,117.587165,3.5e-05,-0.0,101.729976,2.8e-05,-0.0,1088.714183
46.52,373.0,98.0,57.915093,372.999993,98.0,49.866888,0.0,0.0,117.724734,3.3e-05,-0.0,102.640125,2.6e-05,-0.0,1090.111647
46.53,373.0,98.0,59.084907,372.999994,98.0,50.901275,0.0,0.0,117.724734,3.2e-05,-0.0,103.438615,2.5e-05,-0.0,1090.280498
46.54,373.0,98.0,60.254039,372.999994,98.0,51.942515,0.0,0.0,117.587165,3e-05,-0.0,104.124046,2.4e-05,-0.0,1089.220624
46.55,373.0,98.0,61.421121,372.999994,98.0,52.989467,0.0,0.0,117.312268,2.9e-05,-0.0,104.695216,2.3e-05,-0.0,1086.934017
46.56,373.0,98.0,62.584791,372.999995,98.0,54.040978,0.0,0.0,116.900526,2.7e-05,-0.0,105.151124,2.2e-05,-0.0,1083.424782
46.57,373.0,98.0,63.743693,372.999995,98.0,55.095888,0.0,0.0,116.352662,2.6e-05,-0.0,105.490972,2.1e-05,-0.0,1078.699149
46.58,373.0,98.0,64.896479,372.999995,98.0,56.15303,0.0,0.0,115.669643,2.5e-05,-0.0,105.714169,2e-05,-0.0,1072.76548
46.59,373.0,98.0,66.041813,372.999995,98.0,57.211233,0.0,0.0,114.852673,2.4e-05,-0.0,105.820327,1.9e-05,-0.0,1065.63428
46.6,373.0,98.0,67.178369,372.999996,98.0,58.269326,0.0,0.0,113.903201,2.2e-05,-0.0,105.809263,1.8e-05,-0.0,1057.318208
46.61,373.0,98.0,68.304841,372.999996,98.0,59.326136,0.0,0.0,112.822916,2.1e-05,-0.0,105.681007,1.7e-05,-0.0,1047.832081
46.62,373.0,98.0,69.419936,372.999996,98.0,60.380494,0.0,0.0,111.613748,2e-05,-0.0,105.435792,1.6e-05,-0.0,1037.192887
46.63,373.0,98.0,70.522386,372.999996,98.0,61.431234,0.0,0.0,110.277868,1.9e-05,-0.0,105.074065,1.5e-05,-0.0,1025.419791
46.64,373.0,98.0,71.610944,372.999996,98.0,62.477199,0.0,0.0,108.81769,1.8e-05,-0.0,104.596484,1.5e-05,-0.0,1012.534141
46.65,373.0,98.0,72.684386,372.999997,98.0,63.517238,0.0,0.0,107.235867,1.8e-05,-0.0,104.003917,1.4e-05,-0.0,998.55948
46.66,373.0,98.0,73.74152,372.999997,98.0,64.550213,0.0,0.0,105.535295,1.7e-05,-0.0,103.297447,1.3e-05,-0.0,983.521549
46.67,373.0,98.0,74.781179,372.999997,98.0,65.574997,0.0,0.0,103.71911,1.6e-05,-0.0,102.47837,1.3e-05,-0.0,967.448297
46.68,373.0,98.0,75.802233,372.999997,98.0,66.590478,0.0,0.0,101.79069,1.5e-05,-0.0,101.548197,1.2e-05,-0.0,950.369886
46.69,373.0,98.0,76.803583,372.999997,98.0,67.595565,0.0,0.0,99.753654,1.4e-05,-0.0,100.508656,1.1e-05,-0.0,932.318699
46.7,373.0,98.0,77.78417,372.999997,98.0,68.589182,0.0,0.0,97.611864,1.4e-05,-0.0,99.361691,1.1e-05,-0.0,913.329344
46.71,373.0,98.0,78.742973,372.999997,98.0,69.570277,0.0,0.0,95.36942,1.3e-05,-0.0,98.109463,1e-05,-0.0,893.438662
46.72,373.0,98.0,79.679012,372.999998,98.0,70.53782,0.0,0.0,93.030665,1.2e-05,-0.0,96.754352,1e-05,-0.0,872.685732
46.73,373.0,98.0,80.591355,372.999998,98.0,71.49081,0.0,0.0,90.600185,1.2e-05,-0.0,95.298956,9e-06,-0.0,851.111878
46.74,373.0,98.0,81.479113,372.999998,98.0,72.428271,0.0,0.0,88.082803,1.1e-05,-0.0,93.746095,9e-06,-0.0,828.760673
46.75,373.0,98.0,82.341447,372.999998,98.0,73.349259,0.0,0.0,85.483589,1.1e-05,-0.0,92.098807,8e-06,-0.0,805.677944
46.76,373.0,98.0,83.177572,372.999998,98.0,74.252862,0.0,0.0,82.807848,1e-05,-0.0,90.360354,8e-06,-0.0,781.911779
46.77,373.0,98.0,83.986753,372.999998,98.0,75.138204,0.0,0.0,80.061132,1e-05,-0.0,88.534216,8e-06,-0.0,757.512529
46.78,373.0,98.0,84.768314,372.999998,98.0,76.004445,0.0,0.0,77.24923,9e-06,-0.0,86.624099,7e-06,-0.0,732.532815
46.79,373.0,98.0,85.521638,372.999998,98.0,76.850785,0.0,0.0,74.378174,9e-06,-0.0,84.633931,7e-06,-0.0,707.027533
46.8,373.0,98.0,86.246167,372.999998,98.0,77.676463,0.0,0.0,71.454239,8e-06,-0.0,82.567863,7e-06,-0.0,681.053855
46.81,373.0,98.0,86.941408,372.999998,98.0,78.480766,0.0,0.0,68.483937,8e-06,-0.0,80.43027,6e-06,-0.0,654.671238
46.82,373.0,98.0,87.606934,372.999999,98.0,79.263024,0.0,0.0,65.474026,8e-06,-0.0,78.225754,6e-06,-0.0,627.941423
46.83,373.0,98.0,88.242386,372.999999,98.0,80.022615,0.0,0.0,62.431502,7e-06,-0.0,75.959141,6e-06,-0.0,600.928445
46.84,373.0,98.0,88.847476,372.999999,98.0,80.75897,0.0,0.0,59.363603,7e-06,-0.0,73.635481,5e-06,-0.0,573.698629
46.85,373.0,98.0,89.421989,372.999999,98.0,81.47157,0.0,0.0,56.27781,7e-06,-0.0,71.260053,5e-06,-0.0,546.3206
46.86,373.0,98.0,89.965784,372.999999,98.0,82.159954,0.0,0.0,53.181842,6e-06,-0.0,68.838363,5e-06,-0.0,518.865287
46.87,373.0,98.0,90.4788,372.999999,98.0,82.823715,0.0,0.0,50.083663,6e-06,-0.0,66.376141,5e-06,-0.0,491.405919
46.88,373.0,98.0,90.961056,372.999999,98.0,83.462509,0.0,0.0,46.991476,6e-06,-0.0,63.879349,4e-06,-0.0,464.018036
46.89,373.0,98.0,91.412653,372.999999,98.0,84.076051,0.0,0.0,43.913725,5e-06,-0.0,61.354174,4e-06,-0.0,436.77949
46.9,373.0,98.0,91.833777,372.999999,98.0,84.664121,0.0,0.0,40.859097,5e-06,-0.0,58.807033,4e-06,-0.0,409.770445
46.91,373.0,98.0,92.224702,372.999999,98.0,85.226567,0.0,0.0,37.836518,5e-06,-0.0,56.244571,4e-06,-0.0,383.073385
46.92,373.0,98.0,92.585793,372.999999,98.0,85.763303,0.0,0.0,34.855158,5e-06,-0.0,53.673664,4e-06,-0.0,356.773112
46.93,373.0,98.0,92.917505,372.999999,98.0,86.274317,0.0,0.0,31.924427,4e-06,-0.0,51.101415,3e-06,-0.0,330.956752
46.94,373.0,98.0,93.220388,372.999999,98.0,86.759669,0.0,0.0,29.053974,4e-06,-0.0,48.53516,3e-06,-0.0,305.713757
46.95,373.0,98.0,93.495092,372.999999,98.0,87.219494,0.0,0.0,26.253694,4e-06,-0.0,45.982464,3e-06,-0.0,281.135904
46.96,373.0,98.0,93.742362,372.999999,98.0,87.654005,0.0,0.0,23.533719,4e-06,-0.0,43.451122,3e-06,-0.0,257.317306
46.97,373.0,98.0,93.963049,372.999999,98.0,88.063496,0.0,0.0,20.904425,4e-06,-0.0,40.949162,3e-06,-0.0,234.354404
46.98,373.0,98.0,94.158106,372.999999,98.0,88.448345,0.0,0.0,18.376428,3e-06,-0.0,38.484841,3e-06,-0.0,212.345976
46.99,373.0,98.0,94.328593,372.999999,98.0,88.809011,0.0,0.0,15.960585,3e-06,-0.0,36.066651,3e-06,-0.0,191.393139
47.0,373.0,98.0,94.47568,372.999999,98.0,89.146045,0.0,0.0,13.667995,3e-06,-0.0,33.703311,2e-06,-0.0,171.599346
47.01,373.0,98.0,94.600646,372.999999,98.0,89.460082,0.0,0.0,11.509998,3e-06,-0.0,31.403777,2e-06,-0.0,153.070396
47.02,373.0,98.0,94.704888,372.999999,98.0,89.751855,0.0,0.0,9.498177,3e-06,-0.0,29.177235,2e-06,-0.0,135.914427
47.03,373.0,98.0,94.789915,372.999999,98.0,90.022186,0.0,0.0,7.644352,3e-06,-0.0,27.033105,2e-06,-0.0,120.241927
47.04,373.0,98.0,94.857358,372.999999,98.0,90.271996,0.0,0.0,5.960589,3e-06,-0.0,24.981038,2e-06,-0.0,106.165727
47.05,373.0,98.0,94.908967,373.0,98.0,90.502305,0.0,0.0,4.459192,2e-06,-0.0,23.030921,2e-06,-0.0,93.80101
47.06,373.0,98.0,94.946616,373.0,98.0,90.714234,0.0,0.0,3.152708,2e-06,-0.0,21.192872,2e-06,-0.0,83.26531
47.07,373.0,98.0,94.972305,373.0,98.0,90.909006,0.0,0.0,2.053925,2e-06,-0.0,19.477245,2e-06,-0.0,74.678511
47.08,373.0,98.0,94.988162,373.0,98.0,91.087953,0.0,0.0,1.175872,2e-06,-0.0,17.894625,2e-06,-0.0,68.162853
47.09,373.0,98.0,94.996447,373.0,98.0,91.252511,0.0,0.0,0.531818,2e-06,-0.0,16.455833,2e-06,-0.0,63.842932
47.1,373.0,98.0,94.99955,373.0,98.0,91.40423,0.0,0.0,0.135277,2e-06,-0.0,15.171925,1e-06,-0.0,61.845699
47.11,373.0,98.0,95.0,373.0,98.0,91.544772,0.0,0.0,0.0,2e-06,-0.0,14.054191,1e-06,-0.0,62.300465
47.12,373.0,98.0,95.0,373.0,98.0,91.675914,0.0,0.0,0.0,2e-06,-0.0,13.114153,1e-06,-0.0,65.338901
47.13,373.0,98.0,95.0,373.0,98.0,91.799428,0.0,0.0,0.0,2e-06,-0.0,12.351453,1e-06,-0.0,70.125565
47.14,373.0,98.0,95.0,373.0,98.0,91.916632,0.0,0.0,0.0,2e-06,-0.0,11.720373,1e-06,-0.0,73.028103
47.15,373.0,98.0,95.0,373.0,98.0,92.028426,0.0,0.0,0.0,1e-06,-0.0,11.179443,1e-06,-0.0,73.929338
47.16,373.0,98.0,95.0,373.0,98.0,92.135443,0.0,0.0,0.0,1e-06,-0.0,10.701619,1e-06,-0.0,73.568493
47.17,373.0,98.0,95.0,373.0,98.0,92.238135,0.0,0.0,0.0,1e-06,-0.0,10.269209,1e-06,-0.0,72.423359
47.18,373.0,98.0,95.0,373.0,98.0,92.336841,0.0,0.0,0.0,1e-06,-0.0,9.870587,1e-06,-0.0,70.802358
47.19,373.0,98.0,95.0,373.0,98.0,92.431821,0.0,0.0,0.0,1e-06,-0.0,9.498066,1e-06,-0.0,68.904203
47.2,373.0,98.0,95.0,373.0,98.0,92.523286,0.0,0.0,0.0,1e-06,-0.0,9.146515,1e-06,-0.0,66.856553
47.21,373.0,98.0,95.0,373.0,98.0,92.611411,0.0,0.0,0.0,1e-06,-0.0,8.812464,1e-06,-0.0,64.741065
47.22,373.0,98.0,95.0,373.0,98.0,92.696346,0.0,0.0,0.0,1e-06,-0.0,8.493526,1e-06,-0.0,62.609622
47.23,373.0,98.0,95.0,373.0,98.0,92.778226,0.0,0.0,0.0,1e-06,-0.0,8.188021,1e-06,-0.0,60.49485
47.24,373.0,98.0,95.0,373.0,98.0,92.857174,0.0,0.0,0.0,1e-06,-0.0,7.89473,1e-06,-0.0,58.416932
47.25,373.0,98.0,95.0,373.0,98.0,92.933301,0.0,0.0,0.0,1e-06,-0.0,7.612739,1e-06,-0.0,56.388021
47.26,373.0,98.0,95.0,373.0,98.0,93.006715,0.0,0.0,0.0,1e-06,-0.0,7.341335,1e-06,-0.0,54.415102
47.27,373.0,98.0,95.0,373.0,98.0,93.077514,0.0,0.0,0.0,1e-06,-0.0,7.079941,1e-06,-0.0,52.501838
47.28,373.0,98.0,95.0,373.0,98.0,93.145795,0.0,0.0,0.0,1e-06,-0.0,6.828071,1e-06,-0.0,50.649776
47.29,373.0,98.0,95.0,373.0,98.0,93.211648,0.0,0.0,0.0,1e-06,-0.0,6.585301,1e-06,-0.0,48.859114
47.3,373.0,98.0,95.0,373.0,98.0,93.27516,0.0,0.0,0.0,1e-06,-0.0,6.351254,1e-06,-0.0,47.129212
47.31,373.0,98.0,95.0,373.0,98.0,93.336416,-0.0,0.0,0.0,1e-06,-0.0,6.125583,1e-06,-0.0,45.458908
47.32,372.99995,98.000006,95.0,373.0,98.0,93.395496,-0.015024,0.001845,0.0,1e-06,-0.0,5.907969,0.0,-0.0,43.846732
47.33,372.9996,98.000049,95.0,372.999995,98.000001,93.452477,-0.059783,0.007342,0.0,-0.000527,8.1e-05,5.698111,-0.079215,0.009728,42.291037
47.34,372.998657,98.000165,95.0,372.999953,98.000007,93.507434,-0.133809,0.016433,0.0,-0.004151,0.000635,5.495723,-0.547698,0.067005,40.79009
47.35,372.996829,98.000389,95.0,372.999817,98.000028,93.560439,-0.236636,0.029061,0.0,-0.013641,0.002072,5.300535,-1.456816,0.176921,39.342122
47.36,372.993831,98.000758,95.0,372.999502,98.000075,93.611562,-0.3678,0.045168,0.0,-0.031424,0.004739,5.112285,-2.776507,0.334594,37.945366
47.37,372.989381,98.001304,95.0,372.998906,98.000165,93.66087,-0.526841,0.0647,0.0,-0.059612,0.008928,4.930725,-4.479658,0.535794,36.598076
47.38,372.983204,98.002063,95.0,372.997906,98.000313,93.708426,-0.7133,0.087598,0.0,-0.100045,0.014881,4.755616,-6.54178,0.776851,35.298544
47.39,372.975028,98.003067,95.0,372.996363,98.000541,93.754293,-0.926721,0.113808,0.0,-0.154314,0.022801,4.586728,-8.940728,1.054569,34.045104
47.4,372.964585,98.004349,95.0,372.994125,98.00087,93.798531,-1.166651,0.143273,0.0,-0.223794,0.032856,4.423839,-11.656434,1.366166,32.836141
47.41,372.951613,98.005942,95.0,372.991028,98.001322,93.841199,-1.432638,0.175938,0.0,-0.309662,0.045182,4.266735,-14.670689,1.709208,31.670087
47.42,372.935853,98.007878,95.0,372.986899,98.001921,93.882351,-1.724235,0.211748,0.0,-0.412927,0.059893,4.115211,-17.966932,2.081564,30.545427
47.43,372.917051,98.010187,95.0,372.981555,98.002691,93.922042,-2.040994,0.250648,0.0,-0.534438,0.077077,3.969068,-21.530078,2.48136,29.460697
47.44,372.894958,98.0129,95.0,372.974805,98.00366,93.960323,-2.382472,0.292584,0.0,-0.67491,0.096806,3.828116,-25.346349,2.906942,28.414482
47.45,372.86933,98.016047,95.0,372.966456,98.004851,93.997244,-2.748228,0.337502,0.0,-0.834936,0.119132,3.692169,-29.403139,3.356846,27.405417
47.46,372.839925,98.019658,95.0,372.956306,98.006292,94.032855,-3.137824,0.385347,0.0,-1.014998,0.144098,3.56105,-33.688879,3.829772,26.432183
47.47,372.806507,98.023762,95.0,372.944151,98.008009,94.067201,-3.550822,0.436066,0.0,-1.215485,0.17173,3.434588,-38.192934,4.324556,25.49351
47.48,372.768845,98.028387,95.0,372.929784,98.01003,94.100327,-3.986789,0.489606,0.0,-1.436695,0.202047,3.312616,-42.905493,4.840156,24.58817
47.49,372.726712,98.033562,95.0,372.912996,98.01238,94.132277,-4.445294,0.545913,0.0,-1.678855,0.235058,3.194977,-47.817485,5.375632,23.714981
47.5,372.679883,98.039313,95.0,372.893575,98.015088,94.163092,-4.925907,0.604936,0.0,-1.942119,0.270764,3.081515,-52.920497,5.930132,22.8728
47.51,372.62814,98.045667,95.0,372.871309,98.018179,94.192813,-5.428203,0.666621,0.0,-2.226584,0.30916,2.972082,-58.206707,6.502879,22.060527
47.52,372.571269,98.052651,95.0,372.845986,98.021682,94.221478,-5.951756,0.730917,0.0,-2.532292,0.350235,2.866535,-63.668817,7.093162,21.2771
47.53,372.509058,98.060291,95.0,372.817393,98.025622,94.249125,-6.496146,0.797772,0.0,-2.859236,0.393974,2.764737,-69.299997,7.700324,20.521494
47.54,372.441303,98.068612,95.0,372.78532,98.030025,94.275791,-7.060954,0.867135,0.0,-3.207369,0.440357,2.666554,-75.093839,8.323758,19.792722
47.55,372.3678,98.077639,95.0,372.749554,98.034919,94.301509,-7.645762,0.938953,0.0,-3.576605,0.489361,2.571858,-81.044311,8.962897,19.08983
47.56,372.288352,98.087395,95.0,372.709885,98.040328,94.326315,-8.250157,1.013177,0.0,-3.966824,0.540958,2.480524,-87.145714,9.617211,18.4119
47.57,372.202764,98.097906,95.0,372.666107,98.046279,94.350239,-8.873727,1.089756,0.0,-4.377878,0.59512,2.392434,-93.392652,10.2862,17.758045
47.58,372.110849,98.109194,95.0,372.618011,98.052798,94.373314,-9.516062,1.168639,0.0,-4.809591,0.651817,2.307473,-99.78,10.969389,17.12741
47.59,372.012418,98.121282,95.0,372.565393,98.059908,94.395569,-10.176756,1.249777,0.0,-5.261765,0.711013,2.225528,-106.302873,11.666329,16.51917
47.6,371.907293,98.134192,95.0,372.508051,98.067635,94.417034,-10.855404,1.33312,0.0,-5.734182,0.772676,2.146494,-112.956604,12.37659,15.932531
47.61,371.795294,98.147946,95.0,372.445785,98.076002,94.437737,-11.551605,1.418618,0.0,-6.226604,0.836768,2.070266,-119.736722,13.099758,15.366725
47.62,371.676248,98.162566,95.0,372.378397,98.085035,94.457704,-12.264959,1.506223,0.0,-6.738778,0.903252,1.996745,-126.638932,13.835434,14.821012
47.63,371.549986,98.178072,95.0,372.305693,98.094756,94.476962,-12.995069,1.595886,0.0,-7.270437,0.972089,1.925836,-133.659098,14.583235,14.294679
47.64,371.416342,98.194484,95.0,372.22748,98.105188,94.495537,-13.74154,1.687558,0.0,-7.821302,1.04324,1.857444,-140.793226,15.342786,13.787037
47.65,371.275154,98.211823,95.0,372.143569,98.116355,94.513452,-14.503981,1.781191,0.0,-8.391082,1.116666,1.791482,-148.037454,16.113725,13.297423
47.66,371.126266,98.230108,95.0,372.053774,98.128278,94.53073,-15.282002,1.876737,0.0,-8.979478,1.192324,1.727861,-155.388033,16.895697,12.825196
47.67,370.969522,98.249357,95.0,371.957913,98.14098,94.547395,-16.075215,1.974149,0.0,-9.586181,1.270175,1.6665,-162.841326,17.688356,12.36974
47.68,370.804774,98.269589,95.0,371.855804,98.154481,94.563469,-16.883236,2.07338,0.0,-10.210877,1.350176,1.607319,-170.393789,18.491362,11.930458
47.69,370.631874,98.290822,95.0,371.747271,98.168804,94.578971,-17.705683,2.174382,0.0,-10.853243,1.432286,1.550238,-178.041966,19.304383,11.506776
47.7,370.450681,98.313074,95.0,371.632142,98.183969,94.593923,-18.542176,2.277109,0.0,-11.512953,1.516461,1.495185,-185.782485,20.127091,11.09814
47.71,370.261056,98.336362,95.0,371.510245,98.199995,94.608344,-19.392338,2.381515,0.0,-12.189676,1.602661,1.442087,-193.612044,20.959163,10.704015
47.72,370.062864,98.360701,95.0,371.381414,98.216904,94.622252,-20.255793,2.487554,0.0,-12.883076,1.690841,1.390875,-201.52741,21.800282,10.323888
47.73,369.855975,98.386108,95.0,371.245486,98.234714,94.635667,-21.13217,2.595179,0.0,-13.592815,1.78096,1.341481,-209.525415,22.650135,9.957259
47.74,369.64026,98.4126,95.0,371.102301,98.253443,94.648606,-22.021098,2.704345,0.0,-14.318551,1.872974,1.293842,-217.602945,23.508411,9.603651
47.75,369.415597,98.44019,95.0,370.951701,98.273112,94.661085,-22.92221,2.815008,0.0,-15.059941,1.966841,1.247894,-225.756941,24.374806,9.2626
47.76,369.181865,98.468894,95.0,370.793535,98.293737,94.67312,-23.835141,2.927123,0.0,-15.81664,2.062517,1.203578,-233.984394,25.249016,8.93366
47.77,368.938947,98.498726,95.0,370.627652,98.315336,94.684729,-24.759528,3.040644,0.0,-16.588302,2.159959,1.160836,-242.28234,26.130742,8.616402
47.78,368.686732,98.5297,95.0,370.453906,98.337928,94.695925,-25.695011,3.155528,0.0,-17.374578,2.259126,1.119612,-250.647859,27.019688,8.310411
47.79,368.42511,98.561829,95.0,370.272155,98.361527,94.706723,-26.641233,3.27173,0.0,-18.175121,2.359973,1.079851,-259.078073,27.91556,8.015287
47.8,368.153975,98.595126,95.0,370.082259,98.386152,94.717138,-27.597839,3.389208,0.0,-18.989582,2.462459,1.041503,-267.570139,28.818067,7.730643
47.81,367.873226,98.629604,95.0,369.884083,98.411817,94.727184,-28.564475,3.507918,0.0,-19.817613,2.56654,1.004516,-276.121253,29.726921,7.456107
47.82,367.582763,98.665275,95.0,369.677494,98.438539,94.736872,-29.540791,3.627816,0.0,-20.658865,2.672173,0.968843,-284.728644,30.641837,7.191321
47.83,367.282492,98.70215,95.0,369.462364,98.466332,94.746216,-30.526439,3.748861,0.0,-21.512989,2.779318,0.934437,-293.389575,31.562531,6.935938
47.84,366.972321,98.740241,95.0,369.238568,98.495212,94.755229,-31.521075,3.871009,0.0,-22.379638,2.88793,0.901253,-302.101339,32.488722,6.689625
47.85,366.652163,98.779559,95.0,369.005983,98.525191,94.763921,-32.524355,3.994219,0.0,-23.258466,2.997969,0.869247,-310.861259,33.420131,6.452059
47.86,366.321931,98.820114,95.0,368.764492,98.556285,94.772305,-33.535939,4.118449,0.0,-24.149126,3.109391,0.838378,-319.666687,34.356482,6.222929
47.87,365.981546,98.861915,95.0,368.513979,98.588507,94.780391,-34.555489,4.243656,0.0,-25.051272,3.222156,0.808605,-328.515002,35.297501,6.001936
47.88,365.630929,98.904974,95.0,368.254334,98.621869,94.78819,-35.582668,4.369801,0.0,-25.964562,3.336221,0.779889,-337.403612,36.242917,5.788792
47.89,365.270005,98.949298,95.0,367.985447,98.656384,94.795712,-36.617145,4.496842,0.0,-26.888652,3.451545,0.752193,-346.329947,37.192458,5.583216
47.9,364.898703,98.994896,95.0,367.707215,98.692065,94.802967,-37.658589,4.624739,0.0,-27.8232,3.568087,0.725481,-355.291466,38.145858,5.384942
47.91,364.516955,99.041777,95.0,367.419537,98.728923,94.809964,-38.706671,4.753451,0.0,-28.767867,3.685806,0.699717,-364.285652,39.102851,5.193708
47.92,364.124697,99.08995,95.0,367.122313,98.76697,94.816713,-39.761065,4.882938,0.0,-29.722314,3.80466,0.674868,-373.31001,40.063174,5.009266
47.93,363.721866,99.13942,95.0,366.815451,98.806216,94.823222,-40.821449,5.01316,0.0,-30.686205,3.92461,0.650902,-382.36207,41.026564,4.831374
47.94,363.308406,99.190196,95.0,366.498859,98.846672,94.8295,-41.887502,5.144079,0.0,-31.659203,4.045614,0.627787,-391.439385,41.992764,4.659799
47.95,362.884259,99.242284,95.0,366.17245,98.888349,94.835554,-42.958905,5.275655,0.0,-32.640976,4.167633,0.605492,-400.539531,42.961516,4.494317
47.96,362.449376,99.295691,95.0,365.836138,98.931255,94.841394,-44.035342,5.407849,0.0,-33.631191,4.290625,0.58399,-409.660106,43.932565,4.334712
47.97,362.003706,99.350422,95.0,365.489842,98.9754,94.847027,-45.116501,5.540623,0.0,-34.629519,4.414553,0.563251,-418.798729,44.905657,4.180775
47.98,361.547204,99.406484,95.0,365.133486,99.020794,94.852459,-46.202069,5.673938,0.0,-35.635632,4.539375,0.543248,-427.953042,45.880543,4.032305
47.99,361.079828,99.463881,95.0,364.766994,99.067445,94.857699,-47.291739,5.807757,0.0,-36.649203,4.665053,0.523956,-437.120709,46.856972,3.889107
48.0,360.601538,99.522618,95.0,364.390295,99.11536,94.862752,-48.385205,5.942043,0.0,-37.669908,4.791547,0.505349,-446.299414,47.834699,3.750994
48.01,360.112298,99.5827,95.0,364.003321,99.164548,94.867626,-49.482163,6.076757,0.0,-38.697425,4.918819,0.487403,-455.486862,48.813478,3.617787
48.02,359.612074,99.644131,95.0,363.606006,99.215017,94.872327,-50.582311,6.211863,0.0,-39.731434,5.04683,0.470094,-464.68078,49.793067,3.48931
48.03,359.100836,99.706915,95.0,363.19829,99.266772,94.876861,-51.685352,6.347324,0.0,-40.771617,5.175542,0.453399,-473.878916,50.773224,3.365395
48.04,358.578556,99.771054,95.0,362.780114,99.319821,94.881234,-52.790989,6.483104,0.0,-41.817658,5.304917,0.437298,-483.079036,51.753713,3.245881
48.05,358.045211,99.836553,95.0,362.351421,99.37417,94.885452,-53.898928,6.619167,0.0,-42.869242,5.434916,0.421768,-492.27893,52.734295,3.130611
48.06,357.500778,99.903413,95.0,361.912161,99.429825,94.88952,-55.008877,6.755476,0.0,-43.926059,5.565502,0.40679,-501.476405,53.714736,3.019435
48.07,356.945239,99.971637,95.0,361.462283,99.486792,94.893443,-56.120549,6.891997,0.0,-44.987798,5.696637,0.392344,-510.669292,54.694805,2.912207
48.08,356.378577,100.041227,95.0,361.001741,99.545075,94.897227,-57.233657,7.028695,0.0,-46.054151,5.828286,0.378411,-519.85544,55.67427,2.808787
48.09,355.800781,100.112185,95.0,360.530493,99.604679,94.900877,-58.347917,7.165534,0.0,-47.124815,5.96041,0.364972,-529.032718,56.652904,2.709039
48.1,355.21184,100.184511,95.0,360.048498,99.665608,94.904397,-59.463047,7.302479,0.0,-48.199485,6.092973,0.352011,-538.199015,57.630479,2.612834
48.11,354.611746,100.258207,95.0,359.55572,99.727868,94.907792,-60.578768,7.439498,0.0,-49.277861,6.22594,0.339511,-547.352241,58.606773,2.520045
48.12,354.000496,100.333272,95.0,359.052123,99.791461,94.911067,-61.694804,7.576555,0.0,-50.359643,6.359273,0.327454,-556.490326,59.581563,2.430552
48.13,353.378087,100.409709,95.0,358.537678,99.85639,94.914225,-62.810881,7.713617,0.0,-51.444537,6.492937,0.315825,-565.611219,60.554628,2.344237
48.14,352.74452,100.487515,95.0,358.012355,99.922659,94.917271,-63.926727,7.850651,0.0,-52.532248,6.626897,0.304609,-574.71289,61.525751,2.260987
48.15,352.099799,100.566691,95.0,357.476131,99.99027,94.920209,-65.042074,7.987623,0.0,-53.622484,6.761117,0.293792,-583.793328,62.494717,2.180693
48.16,351.443931,100.647237,95.0,356.928981,100.059226,94.923043,-66.156653,8.124501,0.0,-54.714955,6.895563,0.283358,-592.850542,63.46131,2.103251
48.17,350.776923,100.72915,95.0,356.370887,100.129528,94.925776,-67.270201,8.261253,0.0,-55.809374,7.0302,0.273295,-601.882561,64.42532,2.028559
48.18,350.098789,100.812429,95.0,355.801833,100.201178,94.928412,-68.382457,8.397846,0.0,-56.905457,7.164992,0.26359,-610.887434,65.386537,1.956519
48.19,349.409542,100.897074,95.0,355.221803,100.274177,94.930954,-69.49316,8.534248,0.0,-58.002921,7.299908,0.254229,-619.863229,66.344753,1.887038
48.2,348.709198,100.983081,95.0,354.630789,100.348526,94.933406,-70.602055,8.670428,0.0,-59.101485,7.434911,0.245201,-628.808035,67.299763,1.820025
48.21,347.997778,101.070448,95.0,354.02878,100.424225,94.935771,-71.708886,8.806354,0.0,-60.200873,7.569969,0.236493,-637.719959,68.251363,1.755391
48.22,347.275303,101.159173,95.0,353.415772,100.501276,94.938052,-72.813402,8.941997,0.0,-61.300807,7.705049,0.228095,-646.59713,69.199351,1.693052
48.23,346.541798,101.249253,95.0,352.791762,100.579677,94.940252,-73.915353,9.077324,0.0,-62.401015,7.840117,0.219994,-655.437694,70.14353,1.632927
48.24,345.797289,101.340684,95.0,352.156749,100.659429,94.942374,-75.014492,9.212306,0.0,-63.501226,7.975141,0.212182,-664.239819,71.083701,1.574938
48.25,345.041806,101.433462,95.0,351.510738,100.740529,94.94442,-76.110574,9.346913,0.0,-64.601172,8.110088,0.204647,-673.001692,72.019669,1.519008
48.26,344.275381,101.527585,95.0,350.853732,100.822979,94.946394,-77.203358,9.481114,0.0,-65.700587,8.244927,0.197379,-681.721519,72.951242,1.465064
48.27,343.498047,101.623047,95.0,350.18574,100.906775,94.948298,-78.292604,9.614881,0.0,-66.799205,8.379625,0.19037,-690.397526,73.878229,1.413035
48.28,342.709841,101.719844,95.0,349.506772,100.991916,94.950134,-79.378074,9.748185,0.0,-67.896768,8.51415,0.183609,-699.027959,74.80044,1.362855
48.29,341.910803,101.817972,95.0,348.816842,101.078401,94.951904,-80.459534,9.880995,0.0,-68.993014,8.648472,0.177089,-707.611084,75.717689,1.314456
48.3,341.100974,101.917424,95.0,348.115965,101.166227,94.953612,-81.536752,10.013285,0.0,-70.087688,8.78256,0.1708,-716.145186,76.629791,1.267776
48.31,340.280396,102.018197,95.0,347.40416,101.255391,94.95526,-82.609497,10.145026,0.0,-71.180535,8.916382,0.164734,-724.628569,77.536564,1.222754
48.32,339.449116,102.120284,95.0,346.681447,101.34589,94.956849,-83.677542,10.276189,0.0,-72.271303,9.049908,0.158884,-733.059559,78.437827,1.179331
48.33,338.607182,102.223679,95.0,345.947849,101.437721,94.958381,-84.740663,10.406748,0.0,-73.359744,9.183108,0.153242,-741.436499,79.333403,1.13745
48.34,337.754645,102.328377,95.0,345.203393,101.53088,94.959859,-85.798636,10.536675,0.0,-74.445609,9.315953,0.1478,-749.757753,80.223113,1.097056
48.35,336.891557,102.43437,95.0,344.448107,101.625364,94.961285,-86.851243,10.665942,0.0,-75.528655,9.448412,0.142551,-758.021705,81.106786,1.058097
48.36,336.017972,102.541653,95.0,343.68202,101.721169,94.962659,-87.898265,10.794524,0.0,-76.608638,9.580457,0.137489,-766.226757,81.984248,1.020521
48.37,335.133948,102.650217,95.0,342.905167,101.81829,94.963986,-88.939487,10.922393,0.0,-77.68532,9.712058,0.132606,-774.371333,82.855329,0.984279
48.38,334.239543,102.760056,95.0,342.117582,101.916721,94.965265,-89.974696,11.049524,0.0,-78.758462,9.843187,0.127897,-782.453874,83.719862,0.949325
48.39,333.33482,102.871162,95.0,341.319304,102.01646,94.966498,-91.003684,11.175891,0.0,-79.827829,9.973815,0.123355,-790.472843,84.57768,0.915612
48.4,332.41984,102.983528,95.0,340.510372,102.117499,94.967688,-92.02624,11.301468,0.0,-80.89319,10.103914,0.118974,-798.426722,85.428621,0.883096
48.41,331.49467,103.097146,95.0,339.690829,102.219833,94.968835,-93.042162,11.42623,0.0,-81.954313,10.233457,0.114749,-806.314012,86.272522,0.851735
48.42,330.559377,103.212006,95.0,338.860719,102.323457,94.969942,-94.051245,11.550153,0.0,-83.010972,10.362416,0.110674,-814.133233,87.109224,0.821488
48.43,329.614029,103.328102,95.0,338.02009,102.428365,94.971009,-95.053289,11.673211,0.0,-84.062939,10.490763,0.106744,-821.882927,87.93857,0.792315
48.44,328.6587,103.445423,95.0,337.16899,102.53455,94.972039,-96.048097,11.79538,0.0,-85.109993,10.618472,0.102953,-829.561654,88.760404,0.764177
48.45,327.693461,103.563961,95.0,336.307471,102.642005,94.973032,-97.035473,11.916637,0.0,-86.151914,10.745515,0.099297,-837.167993,89.574573,0.737039
48.46,326.718388,103.683707,95.0,335.435586,102.750724,94.97399,-98.015224,12.036957,0.0,-87.188482,10.871868,0.095771,-844.700545,90.380926,0.710865
48.47,325.733558,103.804651,95.0,334.553391,102.860699,94.974913,-98.98716,12.156318,0.0,-88.219482,10.997503,0.09237,-852.157927,91.179315,0.685621
48.48,324.739051,103.926783,95.0,333.660944,102.971923,94.975804,-99.951092,12.274696,0.0,-89.244702,11.122396,0.089089,-859.53878,91.969591,0.661272
48.49,323.734947,104.050094,95.0,332.758305,103.084388,94.976664,-100.906835,12.392067,0.0,-90.26393,11.246519,0.085925,-866.841762,92.751611,0.637789
48.5,322.721329,104.174574,95.0,331.845535,103.198086,94.977492,-101.854206,12.508411,0.0,-91.276957,11.369849,0.082874,-874.06555,93.525232,0.615139
48.51,321.698282,104.300211,95.0,330.9227,103.31301,94.978292,-102.793024,12.623705,0.0,-92.283578,11.492361,0.079931,-881.208843,94.290314,0.593294
48.52,320.665892,104.426996,95.0,329.989864,103.42915,94.979062,-103.723111,12.737926,0.0,-93.28359,11.614029,0.077092,-888.270358,95.046717,0.572225
48.53,319.624248,104.554917,95.0,329.047096,103.546498,94.979806,-104.644291,12.851053,0.0,-94.276791,11.73483,0.074355,-895.248832,95.794305,0.551903
48.54,318.573438,104.683964,95.0,328.094466,103.665046,94.980523,-105.556391,12.963066,0.0,-95.262982,11.854739,0.071714,-902.143022,96.532945,0.532304
48.55,317.513555,104.814125,95.0,327.132046,103.784783,94.981215,-106.45924,13.073942,0.0,-96.241968,11.973734,0.069167,-908.951705,97.262504,0.5134
48.56,316.444693,104.945389,95.0,326.159911,103.905701,94.981882,-107.35267,13.183661,0.0,-97.213554,12.09179,0.066711,-915.673675,97.982852,0.495168
48.57,315.366946,105.077743,95.0,325.178135,104.02779,94.982525,-108.236515,13.292204,0.0,-98.177549,12.208884,0.064342,-922.307749,98.693861,0.477583
48.58,314.28041,105.211178,95.0,324.186798,104.15104,94.983146,-109.11061,13.399549,0.0,-99.133765,12.324994,0.062057,-928.852763,99.395405,0.460623
48.59,313.185185,105.345679,95.0,323.185977,104.275441,94.983744,-109.974796,13.505677,0.0,-100.082015,12.440098,0.059853,-935.30757,100.087361,0.444265
48.6,312.08137,105.481235,95.0,322.175756,104.400983,94.984322,-110.828914,13.610568,0.0,-101.022114,12.554172,0.057728,-941.671047,100.769607,0.428488
48.61,310.969066,105.617834,95.0,321.156217,104.527655,94.984879,-111.672808,13.714204,0.0,-101.953882,12.667195,0.055678,-947.942087,101.442024,0.413271
48.62,309.848377,105.755463,95.0,320.127446,104.655446,94.985416,-112.506323,13.816566,0.0,-102.877139,12.779147,0.0537,-954.119603,102.104493,0.398595
48.63,308.719406,105.894108,95.0,319.089529,104.784346,94.985933,-113.329309,13.917634,0.0,-103.791708,12.890004,0.051793,-960.20253,102.756901,0.38444
48.64,307.582261,106.033757,95.0,318.042555,104.914344,94.986433,-114.141617,14.017392,0.0,-104.697416,12.999746,0.049954,-966.189821,103.399133,0.370787
48.65,306.437048,106.174398,95.0,316.986614,105.045427,94.986915,-114.943101,14.115819,0.0,-105.59409,13.108353,0.04818,-972.080449,104.031079,0.35762
48.66,305.283876,106.316015,95.0,315.921798,105.177585,94.987379,-115.733617,14.2129,0.0,-106.481562,13.215805,0.046469,-977.873406,104.65263,0.34492
48.67,304.122856,106.458597,95.0,314.848202,105.310806,94.987828,-116.513024,14.308617,0.0,-107.359663,13.32208,0.044819,-983.567704,105.263678,0.332671
48.68,302.9541,106.602128,95.0,313.765919,105.445078,94.98826,-117.281183,14.402952,0.0,-108.22823,13.42716,0.043227,-989.162376,105.864119,0.320857
48.69,301.777721,106.746596,95.0,312.675048,105.580388,94.988677,-118.037957,14.495889,0.0,-109.087101,13.531024,0.041692,-994.656472,106.453851,0.309462
48.7,300.593832,106.891986,95.0,311.575687,105.716724,94.989079,-118.783212,14.587412,0.0,-109.936116,13.633654,0.040211,-1000.049064,107.032773,0.298472
48.71,299.402551,107.038283,95.0,310.467936,105.854075,94.989467,-119.516818,14.677504,0.0,-110.775118,13.735031,0.038783,-1005.339243,107.600787,0.287873
48.72,298.203994,107.185474,95.0,309.351897,105.992426,94.989841,-120.238644,14.766149,0.0,-111.603953,13.835136,0.037406,-1010.526119,108.157796,0.27765
48.73,296.998279,107.333545,95.0,308.227672,106.131765,94.990202,-120.948564,14.853332,0.0,-112.422467,13.93395,0.036078,-1015.608823,108.703706,0.26779
48.74,295.785526,107.482479,95.0,307.095367,106.27208,94.99055,-121.646455,14.939038,0.0,-113.230512,14.031457,0.034796,-1020.586503,109.238424,0.25828
48.75,294.565857,107.632263,95.0,305.955087,106.413356,94.990885,-122.332194,15.023252,0.0,-114.027941,14.127637,0.033561,-1025.45833,109.761862,0.249108
48.76,293.339393,107.782882,95.0,304.806941,106.555581,94.991209,-123.005662,15.105959,0.0,-114.814607,14.222475,0.032369,-1030.223492,110.273932,0.240261
48.77,292.106257,107.934319,95.0,303.651038,106.698741,94.991521,-123.666743,15.187144,0.0,-115.590369,14.315952,0.031219,-1034.881199,110.774546,0.231729
48.78,290.866574,108.086561,95.0,302.487487,106.842821,94.991822,-124.315322,15.266794,0.0,-116.355087,14.408051,0.030111,-1039.430678,111.263623,0.2235
48.79,289.620469,108.239591,95.0,301.3164,106.987809,94.992113,-124.951287,15.344895,0.0,-117.108624,14.498757,0.029041,-1043.871179,111.741079,0.215562
48.8,288.36807,108.393395,95.0,300.137892,107.133689,94.992393,-125.574529,15.421433,0.0,-117.850844,14.588053,0.02801,-1048.201967,112.206837,0.207907
48.81,287.109503,108.547956,95.0,298.952076,107.280449,94.992663,-126.184941,15.496396,0.0,-118.581614,14.675924,0.027015,-1052.422331,112.660818,0.200524
48.82,285.844898,108.703258,95.0,297.759068,107.428072,94.992923,-126.782419,15.569771,0.0,-119.300805,14.762353,0.026056,-1056.531579,113.102948,0.193403
48.83,284.574385,108.859286,95.0,296.558985,107.576545,94.993175,-127.36686,15.641544,0.0,-120.008289,14.847325,0.025131,-1060.529035,113.533153,0.186535
48.84,283.298093,109.016024,95.0,295.351945,107.725854,94.993417,-127.938165,15.711705,0.0,-120.703941,14.930826,0.024238,-1064.414048,113.951362,0.17991
48.85,282.016156,109.173455,95.0,294.138069,107.875982,94.993651,-128.496237,15.78024,0.0,-121.387637,15.01284,0.023377,-1068.185982,114.357507,0.173521
48.86,280.728706,109.331562,95.0,292.917477,108.026916,94.993876,-129.040982,15.847138,0.0,-122.059258,15.093354,0.022547,-1071.844224,114.75152,0.167359
48.87,279.435876,109.490331,95.0,291.69029,108.178639,94.994094,-129.572306,15.912388,0.0,-122.718686,15.172353,0.021747,-1075.388179,115.133338,0.161416
48.88,278.137802,109.649744,95.0,290.456632,108.331137,94.994304,-130.090121,15.97598,0.0,-123.365804,15.249823,0.020974,-1078.817271,115.502897,0.155683
48.89,276.834618,109.809784,95.0,289.216627,108.484395,94.994506,-130.594338,16.037901,0.0,-124.000501,15.325751,0.020229,-1082.130946,115.860137,0.150155
48.9,275.526462,109.970435,95.0,287.9704,108.638396,94.994701,-131.084874,16.098142,0.0,-124.622665,15.400124,0.019511,-1085.328668,116.205001,0.144822
48.91,274.213469,110.131679,95.0,286.718078,108.793125,94.994889,-131.561646,16.156693,0.0,-125.232189,15.472929,0.018818,-1088.40992,116.537431,0.139679
48.92,272.895779,110.293501,95.0,285.459788,108.948567,94.995071,-132.024574,16.213544,0.0,-125.828967,15.544153,0.01815,-1091.374206,116.857373,0.134719
48.93,271.573531,110.455882,95.0,284.195659,109.104705,94.995246,-132.473581,16.268685,0.0,-126.412896,15.613783,0.017505,-1094.22105,117.164776,0.129935
48.94,270.246863,110.618806,95.0,282.925821,109.261523,94.995415,-132.908591,16.322108,0.0,-126.983875,15.681809,0.016884,-1096.949994,117.45959,0.12532
48.95,268.915916,110.782256,95.0,281.650403,109.419005,94.995577,-133.329532,16.373802,0.0,-127.541806,15.748219,0.016284,-1099.560601,117.741767,0.12087
48.96,267.580831,110.946214,95.0,280.369537,109.577135,94.995734,-133.736334,16.42376,0.0,-128.086592,15.813,0.015706,-1102.052454,118.011262,0.116577
48.97,266.241749,111.110662,95.0,279.083355,109.735896,94.995886,-134.12893,16.471974,0.0,-128.618142,15.876142,0.015148,-1104.425153,118.26803,0.112437
48.98,264.898814,111.275584,95.0,277.791992,109.895273,94.996032,-134.507254,16.518435,0.0,-129.136363,15.937634,0.01461,-1106.678321,118.512031,0.108444
48.99,263.552168,111.440962,95.0,276.49558,110.055247,94.996173,-134.871244,16.563135,0.0,-129.641168,15.997465,0.014091,-1108.8116,118.743225,0.104593
49.0,262.201954,111.606778,95.0,275.194255,110.215804,94.996309,-135.220839,16.606068,0.0,-130.13247,16.055626,0.013591,-1110.824648,118.961575,0.100879
49.01,260.848318,111.773014,95.0,273.888153,110.376925,94.99644,-135.555982,16.647226,0.0,-130.610186,16.112107,0.013108,-1112.717149,119.167046,0.097296
49.02,259.491403,111.939652,95.0,272.577411,110.538594,94.996566,-135.876617,16.686602,0.0,-131.074234,16.166897,0.012643,-1114.4888,119.359605,0.093841
49.03,258.131355,112.106676,95.0,271.262166,110.700794,94.996688,-136.182691,16.72419,0.0,-131.524537,16.219988,0.012194,-1116.139323,119.539221,0.090509
49.04,256.76832,112.274066,95.0,269.942556,110.863507,94.996806,-136.474155,16.759984,0.0,-131.961018,16.271371,0.011761,-1117.668457,119.705866,0.087294
49.05,255.402445,112.441805,95.0,268.61872,111.026718,94.996919,-136.75096,16.793978,0.0,-132.383604,16.321037,0.011343,-1119.075961,119.859512,0.084194
49.06,254.033875,112.609875,95.0,267.290797,111.190407,94.997029,-137.01306,16.826165,0.0,-132.792222,16.368978,0.01094,-1120.361614,120.000136,0.081204
49.07,252.662758,112.778258,95.0,265.958929,111.354559,94.997134,-137.260413,16.856542,0.0,-133.186805,16.415185,0.010552,-1121.525215,120.127714,0.078321
49.08,251.289242,112.946935,95.0,264.623256,111.519156,94.997236,-137.492979,16.885103,0.0,-133.567286,16.459651,0.010177,-1122.56658,120.242227,0.075539
49.09,249.913475,113.115889,95.0,263.28392,111.684179,94.997334,-137.710718,16.911843,0.0,-133.933601,16.502369,0.009816,-1123.48555,120.343656,0.072857
49.1,248.535606,113.285101,95.0,261.941063,111.849613,94.997429,-137.913595,16.936757,0.0,-134.285689,16.54333,0.009467,-1124.28198,120.431986,0.070269
49.11,247.155782,113.454553,95.0,260.594829,112.015438,94.99752,-138.101578,16.959843,0.0,-134.623491,16.582529,0.009131,-1124.955748,120.507202,0.067774
49.12,245.774154,113.624227,95.0,259.245359,112.181638,94.997608,-138.274636,16.981096,0.0,-134.946949,16.619959,0.008807,-1125.50675,120.569293,0.065367
49.13,244.39087,113.794104,95.0,257.892799,112.348194,94.997693,-138.432739,17.000512,0.0,-135.256012,16.655614,0.008494,-1125.934904,120.618249,0.063046
49.14,243.00608,113.964166,95.0,256.537293,112.515089,94.997775,-138.575863,17.018088,0.0,-135.550625,16.689487,0.008192,-1126.240146,120.654062,0.060807
49.15,241.619934,114.134394,95.0,255.178985,112.682304,94.997854,-138.703984,17.033823,0.0,-135.830741,16.721573,0.007901,-1126.42243,120.676726,0.058647
49.16,240.232582,114.304771,95.0,253.818022,112.849823,94.99793,-138.81708,17.047712,0.0,-136.096313,16.751866,0.007621,-1126.481733,120.686239,0.056565
49.17,238.844175,114.475277,95.0,252.454549,113.017627,94.998004,-138.915135,17.059753,0.0,-136.347297,16.780362,0.00735,-1126.41805,120.682599,0.054556
49.18,237.454863,114.645894,95.0,251.088713,113.185697,94.998075,-138.998131,17.069946,0.0,-136.58365,16.807056,0.007089,-1126.231395,120.665807,0.052618
49.19,236.064796,114.816604,95.0,249.720659,113.354017,94.998143,-139.066056,17.078288,0.0,-136.805334,16.831944,0.006837,-1125.921802,120.635865,0.05075
49.2,234.674125,114.987388,95.0,248.350536,113.522567,94.998209,-139.118898,17.084777,0.0,-137.012312,16.85502,0.006594,-1125.489327,120.59278,0.048948
49.21,233.283002,115.158228,95.0,246.978491,113.69133,94.998273,-139.156648,17.089413,0.0,-137.204549,16.876282,0.00636,-1124.934043,120.536558,0.047209
49.22,231.891576,115.329105,95.0,245.604671,113.860287,94.998334,-139.1793,17.092195,0.0,-137.382013,16.895726,0.006134,-1124.256042,120.467208,0.045533
49.23,230.5,115.5,95.0,244.229224,114.02942,94.998393,-139.186852,17.093122,0.0,-137.544676,16.913348,0.005917,-1123.455439,120.384742,0.043916
49.24,229.108424,115.670895,95.0,242.852299,114.198712,94.99845,-139.1793,17.092195,0.0,-137.692509,16.929146,0.005706,-1122.532365,120.289173,0.042356
49.25,227.716998,115.841772,95.0,241.474044,114.368143,94.998505,-139.156648,17.089413,0.0,-137.825488,16.943116,0.005504,-1121.486974,120.180517,0.040852
49.26,226.325875,116.012612,95.0,240.094608,114.537696,94.998558,-139.118898,17.084777,0.0,-137.943592,16.955258,0.005308,-1120.319437,120.058791,0.039401
49.27,224.935204,116.183396,95.0,238.71414,114.707351,94.99861,-139.066056,17.078288,0.0,-138.0468,16.965568,0.00512,-1119.029946,119.924016,0.038002
49.28,223.545137,116.354106,95.0,237.332789,114.877092,94.998659,-138.998131,17.069946,0.0,-138.135095,16.974045,0.004938,-1117.618712,119.776214,0.036653
49.29,222.155825,116.524723,95.0,235.950704,115.046899,94.998707,-138.915135,17.059753,0.0,-138.208463,16.980687,0.004763,-1116.085967,119.615408,0.035351
49.3,220.767418,116.695229,95.0,234.568035,115.216754,94.998752,-138.81708,17.047712,0.0,-138.266892,16.985494,0.004593,-1114.431961,119.441625,0.034095
49.31,219.380066,116.865606,95.0,233.184932,115.386638,94.998797,-138.703984,17.033823,0.0,-138.31037,16.988464,0.00443,-1112.656964,119.254893,0.032885
49.32,217.99392,117.035834,95.0,231.801543,115.556534,94.998839,-138.575863,17.018088,0.0,-138.338892,16.989598,0.004273,-1110.761267,119.055242,0.031717
49.33,216.60913,117.205896,95.0,230.418018,115.726423,94.998881,-138.432739,17.000512,0.0,-138.352453,16.988894,0.004121,-1108.745178,118.842705,0.03059
49.34,215.225846,117.375773,95.0,229.034508,115.896287,94.99892,-138.274636,16.981096,0.0,-138.351049,16.986353,0.003975,-1106.609028,118.617317,0.029504
49.35,213.844218,117.545447,95.0,227.651161,116.066106,94.998959,-138.101578,16.959843,0.0,-138.334681,16.981975,0.003834,-1104.353166,118.379114,0.028456
49.36,212.464394,117.714899,95.0,226.268127,116.235864,94.998996,-137.913595,16.936757,0.0,-138.303351,16.975761,0.003698,-1101.97796,118.128135,0.027446
49.37,211.086525,117.884111,95.0,224.885557,116.405541,94.999031,-137.710718,16.911843,0.0,-138.257064,16.967711,0.003566,-1099.483798,117.864422,0.026471
49.38,209.710758,118.053065,95.0,223.503599,116.575119,94.999066,-137.492979,16.885103,0.0,-138.195828,16.957828,0.00344,-1096.871088,117.588017,0.025531
49.39,208.337242,118.221742,95.0,222.122402,116.74458,94.999099,-137.260413,16.856542,0.0,-138.119652,16.946113,0.003317,-1094.140258,117.298965,0.024624
49.4,206.966125,118.390125,95.0,220.742117,116.913906,94.999131,-137.01306,16.826165,0.0,-138.028549,16.932567,0.0032,-1091.291756,116.997314,0.02375
49.41,205.597555,118.558195,95.0,219.362891,117.083078,94.999162,-136.75096,16.793978,0.0,-137.922533,16.917194,0.003086,-1088.326048,116.683113,0.022906
49.42,204.23168,118.725934,95.0,217.984875,117.252078,94.999192,-136.474155,16.759984,0.0,-137.801622,16.899994,0.002976,-1085.243621,116.356414,0.022093
49.43,202.868645,118.893324,95.0,216.608217,117.420888,94.99922,-136.182691,16.72419,0.0,-137.665836,16.880972,0.002871,-1082.044981,116.01727,0.021308
49.44,201.508597,119.060348,95.0,215.233065,117.589489,94.999248,-135.876617,16.686602,0.0,-137.515196,16.860129,0.002769,-1078.730654,115.665737,0.020552
49.45,200.151682,119.226986,95.0,213.859567,117.757864,94.999275,-135.555982,16.647226,0.0,-137.349726,16.837471,0.00267,-1075.301186,115.301874,0.019822
49.46,198.798046,119.393222,95.0,212.487873,117.925994,94.9993,-135.220839,16.606068,0.0,-137.169455,16.813,0.002576,-1071.757141,114.925739,0.019118
49.47,197.447832,119.559038,95.0,211.118129,118.093861,94.999325,-134.871244,16.563135,0.0,-136.974412,16.78672,0.002484,-1068.099106,114.537396,0.018439
49.48,196.101186,119.724416,95.0,209.750482,118.261447,94.999349,-134.507254,16.518435,0.0,-136.764628,16.758635,0.002396,-1064.327684,114.136907,0.017784
49.49,194.758251,119.889338,95.0,208.385081,118.428735,94.999372,-134.12893,16.471974,0.0,-136.540137,16.728751,0.002311,-1060.4435,113.724341,0.017153
49.5,193.419169,120.053786,95.0,207.022071,118.595706,94.999395,-133.736334,16.42376,0.0,-136.300978,16.697072,0.002229,-1056.447198,113.299765,0.016544
49.51,192.084084,120.217744,95.0,205.661599,118.762342,94.999416,-133.329532,16.373802,0.0,-136.047189,16.663603,0.00215,-1052.339441,112.863249,0.015956
49.52,190.753137,120.381194,95.0,204.303811,118.928625,94.999437,-132.908591,16.322108,0.0,-135.778812,16.62835,0.002073,-1048.120912,112.414866,0.015389
49.53,189.426469,120.544118,95.0,202.948852,119.094538,94.999457,-132.473581,16.268685,0.0,-135.49589,16.591319,0.002,-1043.792314,111.954692,0.014843
49.54,188.104221,120.706499,95.0,201.596868,119.260063,94.999476,-132.024574,16.213544,0.0,-135.198472,16.552515,0.001929,-1039.354371,111.482802,0.014316
49.55,186.786531,120.868321,95.0,200.248002,119.425183,94.999495,-131.561646,16.156693,0.0,-134.886606,16.511946,0.00186,-1034.807823,110.999277,0.013807
49.56,185.473538,121.029565,95.0,198.902398,119.589879,94.999513,-131.084874,16.098142,0.0,-134.560343,16.469617,0.001794,-1030.153434,110.504197,0.013317
49.57,184.165382,121.190216,95.0,197.560201,119.754134,94.99953,-130.594338,16.037901,0.0,-134.219738,16.425537,0.00173,-1025.391984,109.997644,0.012844
49.58,182.862198,121.350256,95.0,196.221552,119.917932,94.999547,-130.090121,15.97598,0.0,-133.864847,16.379711,0.001669,-1020.524274,109.479706,0.012388
49.59,181.564124,121.509669,95.0,194.886595,120.081253,94.999563,-129.572306,15.912388,0.0,-133.495729,16.332149,0.00161,-1015.551127,108.950469,0.011948
49.6,180.271294,121.668438,95.0,193.555471,120.244082,94.999578,-129.040982,15.847138,0.0,-133.112446,16.282857,0.001553,-1010.473381,108.410022,0.011524
49.61,178.983844,121.826545,95.0,192.22832,120.4064,94.999593,-128.496237,15.78024,0.0,-132.715062,16.231844,0.001497,-1005.291898,107.858458,0.011114
49.62,177.701907,121.983976,95.0,190.905284,120.568191,94.999608,-127.938165,15.711705,0.0,-132.303642,16.179119,0.001444,-1000.007557,107.29587,0.01072
49.63,176.425615,122.140714,95.0,189.586501,120.729438,94.999622,-127.36686,15.641544,0.0,-131.878256,16.12469,0.001393,-994.621257,106.722353,0.010339
49.64,175.155102,122.296742,95.0,188.272111,120.890124,94.999635,-126.782419,15.569771,0.0,-131.438975,16.068566,0.001343,-989.133918,106.138007,0.009972
49.65,173.890497,122.452044,95.0,186.962253,121.050231,94.999648,-126.184941,15.496396,0.0,-130.985873,16.010758,0.001296,-983.546479,105.542931,0.009618
49.66,172.63193,122.606605,95.0,185.657062,121.209744,94.999661,-125.574529,15.421433,0.0,-130.519026,15.951274,0.00125,-977.859898,104.937228,0.009276
49.67,171.379531,122.760409,95.0,184.356677,121.368645,94.999673,-124.951287,15.344895,0.0,-130.038512,15.890124,0.001205,-972.075153,104.321001,0.008947
49.68,170.133426,122.913439,95.0,183.061233,121.526919,94.999684,-124.315322,15.266794,0.0,-129.544413,15.82732,0.001163,-966.193242,103.694358,0.008629
49.69,168.893743,123.065681,95.0,181.770865,121.684547,94.999695,-123.666743,15.187144,0.0,-129.036812,15.762871,0.001121,-960.215183,103.057406,0.008323
49.7,167.660607,123.217118,95.0,180.485707,121.841515,94.999706,-123.005662,15.105959,0.0,-128.515796,15.696789,0.001081,-954.142012,102.410257,0.008027
49.71,166.434143,123.367737,95.0,179.205892,121.997806,94.999717,-122.332194,15.023252,0.0,-127.981452,15.629085,0.001043,-947.974787,101.753023,0.007742
49.72,165.214474,123.517521,95.0,177.931554,122.153404,94.999727,-121.646455,14.939038,0.0,-127.433872,15.55977,0.001006,-941.714584,101.08582,0.007467
49.73,164.001721,123.666455,95.0,176.662822,122.308292,94.999736,-120.948564,14.853332,0.0,-126.873149,15.488857,0.00097,-935.362499,100.408763,0.007202
49.74,162.796006,123.814526,95.0,175.399828,122.462456,94.999746,-120.238644,14.766149,0.0,-126.299378,15.416357,0.000936,-928.919647,99.721974,0.006946
49.75,161.597449,123.961717,95.0,174.142702,122.615879,94.999755,-119.516818,14.677504,0.0,-125.712659,15.342282,0.000903,-922.387165,99.025571,0.006699
49.76,160.406168,124.108014,95.0,172.891571,122.768545,94.999764,-118.783212,14.587412,0.0,-125.113092,15.266646,0.000871,-915.766207,98.31968,0.006462
49.77,159.222279,124.253404,95.0,171.646563,122.92044,94.999772,-118.037957,14.495889,0.0,-124.50078,15.189462,0.00084,-909.057949,97.604426,0.006232
49.78,158.0459,124.397872,95.0,170.407805,123.071547,94.99978,-117.281183,14.402952,0.0,-123.875829,15.110743,0.00081,-902.263583,96.879935,0.006011
49.79,156.877144,124.541403,95.0,169.175421,123.221852,94.999788,-116.513024,14.308617,0.0,-123.238347,15.030503,0.000781,-895.384326,96.146338,0.005797
49.8,155.716124,124.683985,95.0,167.949537,123.37134,94.999795,-115.733617,14.2129,0.0,-122.588445,14.948755,0.000753,-888.42141,95.403767,0.005591
49.81,154.562952,124.825602,95.0,166.730275,123.519995,94.999803,-114.943101,14.115819,0.0,-121.926235,14.865514,0.000727,-881.376088,94.652356,0.005393
49.82,153.417739,124.966243,95.0,165.517756,123.667803,94.99981,-114.141617,14.017392,0.0,-121.251833,14.780794,0.000701,-874.249634,93.89224,0.005201
49.83,152.280594,125.105892,95.0,164.312103,123.814749,94.999816,-113.329309,13.917634,0.0,-120.565358,14.694611,0.000676,-867.043341,93.123558,0.005017
49.84,151.151623,125.244537,95.0,163.113433,123.960819,94.999823,-112.506323,13.816566,0.0,-119.866929,14.606979,0.000652,-859.758521,92.34645,0.004838
49.85,150.030934,125.382166,95.0,161.921867,124.105998,94.999829,-111.672808,13.714204,0.0,-119.156669,14.517914,0.000629,-852.396506,91.561058,0.004667
49.86,148.91863,125.518765,95.0,160.73752,124.250272,94.999835,-110.828914,13.610568,0.0,-118.434705,14.427432,0.000606,-844.958648,90.767527,0.004501
49.87,147.814815,125.654321,95.0,159.560508,124.393628,94.999841,-109.974796,13.505677,0.0,-117.701162,14.335548,0.000585,-837.446317,89.966004,0.004341
49.88,146.71959,125.788822,95.0,158.390946,124.53605,94.999847,-109.11061,13.399549,0.0,-116.956173,14.24228,0.000564,-829.860906,89.156637,0.004187
49.89,145.633054,125.922257,95.0,157.228948,124.677527,94.999852,-108.236515,13.292204,0.0,-116.199869,14.147643,0.000544,-822.203824,88.339577,0.004038
49.9,144.555307,126.054611,95.0,156.074624,124.818043,94.999857,-107.35267,13.183661,0.0,-115.432386,14.051656,0.000525,-814.476503,87.514977,0.003895
49.91,143.486445,126.185875,95.0,154.928085,124.957587,94.999863,-106.45924,13.073942,0.0,-114.653862,13.954334,0.000506,-806.680392,86.682993,0.003757
49.92,142.426562,126.316036,95.0,153.789441,125.096144,94.999867,-105.556391,12.963066,0.0,-113.864436,13.855696,0.000488,-798.816961,85.84378,0.003623
49.93,141.375752,126.445083,95.0,152.658798,125.233701,94.999872,-104.644291,12.851053,0.0,-113.06425,13.75576,0.000471,-790.887698,84.997499,0.003494
49.94,140.334108,126.573004,95.0,151.536264,125.370247,94.999877,-103.723111,12.737926,0.0,-112.253451,13.654543,0.000454,-782.894115,84.144311,0.00337
49.95,139.301718,126.699789,95.0,150.421942,125.505767,94.999881,-102.793024,12.623705,0.0,-111.432185,13.552064,0.000438,-774.837737,83.28438,0.003251
49.96,138.278671,126.825426,95.0,149.315936,125.640251,94.999885,-101.854206,12.508411,0.0,-110.600603,13.448343,0.000422,-766.720116,82.41787,0.003135
49.97,137.265053,126.949906,95.0,148.218347,125.773685,94.999889,-100.906835,12.392067,0.0,-109.758856,13.343397,0.000407,-758.542817,81.544951,0.003024
49.98,136.260949,127.073217,95.0,147.129276,125.906057,94.999893,-99.951092,12.274696,0.0,-108.9071,13.237247,0.000393,-750.307429,80.665791,0.002916
49.99,135.266442,127.195349,95.0,146.048821,126.037356,94.999897,-98.98716,12.156318,0.0,-108.045492,13.129913,0.000379,-742.015559,79.780562,0.002813
50.0,134.281612,127.316293,95.0,144.977079,126.167571,94.999901,-98.015224,12.036957,0.0,-107.174191,13.021413,0.000366,-733.668835,78.889439,0.002713
50.01,133.306539,127.436039,95.0,143.914146,126.296688,94.999904,-97.035473,11.916637,0.0,-106.29336,12.911769,0.000353,-725.268902,77.992599,0.002617
50.02,132.3413,127.554577,95.0,142.860114,126.424698,94.999908,-96.048097,11.79538,0.0,-105.403164,12.801001,0.00034,-716.817427,77.090218,0.002524
50.03,131.385971,127.671898,95.0,141.815076,126.55159,94.999911,-95.053289,11.673211,0.0,-104.503769,12.68913,0.000328,-708.316096,76.182478,0.002434
50.04,130.440623,127.787994,95.0,140.779123,126.677351,94.999914,-94.051245,11.550153,0.0,-103.595345,12.576177,0.000316,-699.766615,75.269561,0.002348
50.05,129.50533,127.902854,95.0,139.752342,126.801973,94.999917,-93.042162,11.42623,0.0,-102.678065,12.462164,0.000305,-691.170708,74.351652,0.002264
50.06,128.58016,128.016472,95.0,138.734821,126.925444,94.99992,-92.02624,11.301468,0.0,-101.752102,12.347112,0.000294,-682.530122,73.428937,0.002184
50.07,127.66518,128.128838,95.0,137.726645,127.047754,94.999923,-91.003684,11.175891,0.0,-100.817634,12.231044,0.000284,-673.846619,72.501606,0.002106
50.08,126.760457,128.239944,95.0,136.727897,127.168894,94.999926,-89.974696,11.049524,0.0,-99.874841,12.113982,0.000274,-665.121986,71.569849,0.002032
50.09,125.866052,128.349783,95.0,135.738658,127.288854,94.999928,-88.939487,10.922393,0.0,-98.923903,11.995948,0.000264,-656.358025,70.633859,0.001959
50.1,124.982028,128.458347,95.0,134.759008,127.407623,94.999931,-87.898265,10.794524,0.0,-97.965005,11.876967,0.000255,-647.55656,69.693832,0.00189
50.11,124.108443,128.56563,95.0,133.789024,127.525194,94.999933,-86.851243,10.665942,0.0,-96.998334,11.75706,0.000246,-638.719434,68.749965,0.001823
50.12,123.245355,128.671623,95.0,132.828783,127.641557,94.999936,-85.798636,10.536675,0.0,-96.02408,11.636252,0.000237,-629.848511,67.802457,0.001758
50.13,122.392818,128.776321,95.0,131.878359,127.756702,94.999938,-84.740663,10.406748,0.0,-95.042433,11.514566,0.000228,-620.945673,66.85151,0.001696
50.14,121.550884,128.879716,95.0,130.937823,127.870623,94.99994,-83.677542,10.276189,0.0,-94.053589,11.392028,0.00022,-612.012821,65.897328,0.001635
50.15,120.719604,128.981803,95.0,130.007246,127.983309,94.999942,-82.609497,10.145026,0.0,-93.057743,11.26866,0.000212,-603.051879,64.940116,0.001577
50.16,119.899026,129.082576,95.0,129.086695,128.094754,94.999944,-81.536752,10.013285,0.0,-92.055096,11.144489,0.000205,-594.064787,63.980083,0.001521
50.17,119.089197,129.182028,95.0,128.176236,128.204949,94.999946,-80.459534,9.880995,0.0,-91.045847,11.019539,0.000198,-585.053507,63.017437,0.001467
50.18,118.290159,129.280156,95.0,127.275934,128.313888,94.999948,-79.378074,9.748185,0.0,-90.030202,10.893836,0.000191,-576.02002,62.052392,0.001415
50.19,117.501953,129.376953,95.0,126.385851,128.421562,94.99995,-78.292604,9.614881,0.0,-89.008367,10.767405,0.000184,-566.966326,61.085161,0.001365
50.2,116.724619,129.472415,95.0,125.506045,128.527965,94.999952,-77.203358,9.481114,0.0,-87.98055,10.640273,0.000177,-557.894445,60.115961,0.001316
50.21,115.958194,129.566538,95.0,124.636575,128.633089,94.999954,-76.110574,9.346913,0.0,-86.946964,10.512466,0.000171,-548.806417,59.14501,0.00127
50.22,115.202711,129.659316,95.0,123.777497,128.736929,94.999955,-75.014492,9.212306,0.0,-85.907821,10.38401,0.000165,-539.704302,58.17253,0.001225
50.23,114.458202,129.750747,95.0,122.928864,128.839479,94.999957,-73.915353,9.077324,0.0,-84.863338,10.254932,0.000159,-530.590179,57.198741,0.001181
50.24,113.724697,129.840827,95.0,122.090727,128.940731,94.999958,-72.813402,8.941997,0.0,-83.813735,10.12526,0.000153,-521.466147,56.22387,0.001139
50.25,113.002222,129.929552,95.0,121.263134,129.040681,94.99996,-71.708886,8.806354,0.0,-82.759231,9.995021,0.000148,-512.334323,55.248143,0.001099
50.26,112.290802,130.016919,95.0,120.446134,129.139324,94.999961,-70.602055,8.670428,0.0,-81.700051,9.864243,0.000143,-503.196848,54.27179,0.00106
50.27,111.590458,130.102926,95.0,119.63977,129.236653,94.999963,-69.49316,8.534248,0.0,-80.636421,9.732954,0.000138,-494.055877,53.29504,0.001022
50.28,110.901211,130.187571,95.0,118.844084,129.332665,94.999964,-68.382457,8.397846,0.0,-79.568569,9.601183,0.000133,-484.913589,52.318128,0.000986
50.29,110.223077,130.27085,95.0,118.059117,129.427355,94.999965,-67.270201,8.261253,0.0,-78.496726,9.468958,0.000128,-475.772181,51.341289,0.000951
50.3,109.556069,130.352763,95.0,117.284905,129.520718,94.999966,-66.156653,8.124501,0.0,-77.421127,9.336308,0.000124,-466.63387,50.36476,0.000917
50.31,108.900201,130.433309,95.0,116.521485,129.612751,94.999968,-65.042074,7.987623,0.0,-76.342006,9.203263,0.000119,-457.500892,49.388781,0.000884
50.32,108.25548,130.512485,95.0,115.768889,129.703449,94.999969,-63.926727,7.850651,0.0,-75.259602,9.069853,0.000115,-448.375503,48.413594,0.000853
50.33,107.621913,130.590291,95.0,115.027148,129.79281,94.99997,-62.810881,7.713617,0.0,-74.174157,8.936107,0.000111,-439.259979,47.439442,0.000823
50.34,106.999504,130.666728,95.0,114.296289,129.880831,94.999971,-61.694804,7.576555,0.0,-73.085913,8.802055,0.000107,-430.156615,46.466571,0.000793
50.35,106.388254,130.741793,95.0,113.576337,129.967508,94.999972,-60.578768,7.439498,0.0,-71.995115,8.667729,0.000103,-421.067727,45.49523,0.000765
50.36,105.78816,130.815489,95.0,112.867317,130.05284,94.999973,-59.463047,7.302479,0.0,-70.902014,8.533159,9.9e-05,-411.99565,44.525667,0.000738
50.37,105.199219,130.887815,95.0,112.169249,130.136823,94.999974,-58.347917,7.165534,0.0,-69.806858,8.398376,9.6e-05,-402.942737,43.558137,0.000712
50.38,104.621423,130.958773,95.0,111.48215,130.219457,94.999975,-57.233657,7.028695,0.0,-68.709901,8.263411,9.3e-05,-393.911363,42.592892,0.000687
50.39,104.054761,131.028363,95.0,110.806036,130.30074,94.999976,-56.120549,6.891997,0.0,-67.611399,8.128297,8.9e-05,-384.903922,41.63019,0.000662
50.4,103.499222,131.096587,95.0,110.14092,130.380671,94.999977,-55.008877,6.755476,0.0,-66.51161,7.993066,8.6e-05,-375.922827,40.67029,0.000639
50.41,102.954789,131.163447,95.0,109.486812,130.459249,94.999977,-53.898928,6.619167,0.0,-65.410794,7.857749,8.3e-05,-366.970511,39.71345,0.000616
50.42,102.421444,131.228946,95.0,108.843719,130.536472,94.999978,-52.790989,6.483104,0.0,-64.309215,7.72238,8e-05,-358.049427,38.759936,0.000594
50.43,101.899164,131.293085,95.0,108.211648,130.612342,94.999979,-51.685352,6.347324,0.0,-63.207137,7.586991,7.7e-05,-349.162047,37.810011,0.000573
50.44,101.387926,131.355869,95.0,107.5906,130.686858,94.99998,-50.582311,6.211863,0.0,-62.104829,7.451616,7.4e-05,-340.310864,36.863942,0.000553
50.45,100.887702,131.4173,95.0,106.980574,130.760021,94.99998,-49.482163,6.076757,0.0,-61.00256,7.316288,7.2e-05,-331.498389,35.921999,0.000533
50.46,100.398462,131.477382,95.0,106.381568,130.831832,94.999981,-48.385205,5.942043,0.0,-59.900605,7.181042,6.9e-05,-322.727153,34.984453,0.000514
50.47,99.920172,131.536119,95.0,105.793576,130.902291,94.999982,-47.291739,5.807757,0.0,-58.799237,7.045911,6.7e-05,-313.999708,34.051577,0.000496
50.48,99.452796,131.593516,95.0,105.216588,130.9714,94.999982,-46.202069,5.673938,0.0,-57.698736,6.91093,6.4e-05,-305.318623,33.123647,0.000478
50.49,98.996294,131.649578,95.0,104.650595,131.039161,94.999983,-45.116501,5.540623,0.0,-56.59938,6.776134,6.2e-05,-296.686491,32.20094,0.000461
50.5,98.550624,131.704309,95.0,104.09558,131.105577,94.999984,-44.035342,5.407849,0.0,-55.501452,6.641557,6e-05,-288.10592,31.283737,0.000445
50.51,98.115741,131.757716,95.0,103.551528,131.170649,94.999984,-42.958905,5.275655,0.0,-54.405238,6.507235,5.8e-05,-279.579541,30.372318,0.000429
50.52,97.691594,131.809804,95.0,103.018417,131.234381,94.999985,-41.887502,5.144079,0.0,-53.311026,6.373205,5.6e-05,-271.110002,29.466968,0.000414
50.53,97.278134,131.86058,95.0,102.496226,131.296776,94.999985,-40.821449,5.01316,0.0,-52.219104,6.239501,5.4e-05,-262.699973,28.567973,0.000399
50.54,96.875303,131.91005,95.0,101.984929,131.357838,94.999986,-39.761065,4.882938,0.0,-51.129766,6.10616,5.2e-05,-254.352142,27.675621,0.000385
50.55,96.483045,131.958223,95.0,101.484496,131.41757,94.999986,-38.706671,4.753451,0.0,-50.043307,5.973219,5e-05,-246.069219,26.790203,0.000371
50.56,96.101297,132.005104,95.0,100.994895,131.475977,94.999987,-37.658589,4.624739,0.0,-48.960023,5.840715,4.8e-05,-237.853929,25.91201,0.000358
50.57,95.729995,132.050702,95.0,100.516093,131.533064,94.999987,-36.617145,4.496842,0.0,-47.880215,5.708684,4.7e-05,-229.709022,25.041337,0.000345
50.58,95.369071,132.095026,95.0,100.048051,131.588836,94.999988,-35.582668,4.369801,0.0,-46.804186,5.577165,4.5e-05,-221.637265,24.178481,0.000333
50.59,95.018454,132.138085,95.0,99.590729,131.643298,94.999988,-34.555489,4.243656,0.0,-45.732239,5.446195,4.3e-05,-213.641445,23.323741,0.000321
50.6,94.678069,132.179886,95.0,99.144082,131.696456,94.999989,-33.535939,4.118449,0.0,-44.664682,5.315812,4.2e-05,-205.724368,22.477417,0.00031
50.61,94.347837,132.220441,95.0,98.708064,131.748316,94.999989,-32.524355,3.994219,0.0,-43.601825,5.186055,4e-05,-197.88886,21.639812,0.000299
50.62,94.027679,132.259759,95.0,98.282624,131.798886,94.999989,-31.521075,3.871009,0.0,-42.543979,5.056962,3.9e-05,-190.137768,20.811232,0.000288
50.63,93.717508,132.29785,95.0,97.86771,131.848172,94.99999,-30.526439,3.748861,0.0,-41.49146,4.928572,3.7e-05,-182.473957,19.991983,0.000278
50.64,93.417237,132.334725,95.0,97.463264,131.896181,94.99999,-29.540791,3.627816,0.0,-40.444584,4.800925,3.6e-05,-174.900313,19.182375,0.000268
50.65,93.126774,132.370396,95.0,97.069227,131.942922,94.999991,-28.564475,3.507918,0.0,-39.403671,4.674061,3.5e-05,-167.41974,18.38272,0.000259
50.66,92.846025,132.404874,95.0,96.685537,131.988402,94.999991,-27.597839,3.389208,0.0,-38.369043,4.548018,3.4e-05,-160.035164,17.59333,0.000249
50.67,92.57489,132.438171,95.0,96.312126,132.03263,94.999991,-26.641233,3.27173,0.0,-37.341024,4.422838,3.2e-05,-152.749528,16.814521,0.000241
50.68,92.313268,132.4703,95.0,95.948927,132.075616,94.999992,-25.695011,3.155528,0.0,-36.319942,4.298561,3.1e-05,-145.565795,16.046612,0.000232
50.69,92.061053,132.501274,95.0,95.595866,132.117368,94.999992,-24.759528,3.040644,0.0,-35.306125,4.175228,3e-05,-138.486951,15.289921,0.000224
50.7,91.818135,132.531106,95.0,95.252867,132.157897,94.999992,-23.835141,2.927123,0.0,-34.299905,4.052879,2.9e-05,-131.515998,14.544772,0.000216
50.71,91.584403,132.55981,95.0,94.919851,132.197212,94.999992,-22.92221,2.815008,0.0,-33.301616,3.931557,2.8e-05,-124.655959,13.811487,0.000208
50.72,91.35974,132.5874,95.0,94.596735,132.235326,94.999993,-22.021098,2.704345,0.0,-32.311596,3.811303,2.7e-05,-117.909877,13.090394,0.000201
50.73,91.144025,132.613892,95.0,94.283433,132.272247,94.999993,-21.13217,2.595179,0.0,-31.330183,3.692159,2.6e-05,-111.280814,12.38182,0.000194
50.74,90.937136,132.639299,95.0,93.979856,132.307989,94.999993,-20.255793,2.487554,0.0,-30.357719,3.574167,2.5e-05,-104.771851,11.686097,0.000187
50.75,90.738944,132.663638,95.0,93.68591,132.342562,94.999993,-19.392338,2.381515,0.0,-29.394548,3.45737,2.4e-05,-98.38609,11.003555,0.00018
50.76,90.549319,132.686926,95.0,93.4015,132.375981,94.999994,-18.542176,2.277109,0.0,-28.441016,3.341811,2.3e-05,-92.126654,10.334531,0.000174
50.77,90.368126,132.709178,95.0,93.126525,132.408256,94.999994,-17.705683,2.174382,0.0,-27.497473,3.227534,2.3e-05,-85.996681,9.67936,0.000168
50.78,90.195226,132.730411,95.0,92.860882,132.439402,94.999994,-16.883236,2.07338,0.0,-26.56427,3.114581,2.2e-05,-79.999334,9.038382,0.000162
50.79,90.030478,132.750643,95.0,92.604465,132.469432,94.999994,-16.075215,1.974149,0.0,-25.641761,3.002996,2.1e-05,-74.137792,8.411938,0.000156
50.8,89.873734,132.769892,95.0,92.357162,132.49836,94.999994,-15.282002,1.876737,0.0,-24.730302,2.892825,2e-05,-68.415255,7.800371,0.00015
50.81,89.724846,132.788177,95.0,92.118859,132.526201,94.999995,-14.503981,1.781191,0.0,-23.830252,2.78411,2e-05,-62.834942,7.204026,0.000145
50.82,89.583658,132.805516,95.0,91.88944,132.55297,94.999995,-13.74154,1.687558,0.0,-22.941973,2.676897,1.9e-05,-57.400093,6.62325,0.00014
50.83,89.450014,132.821928,95.0,91.668781,132.578682,94.999995,-12.995069,1.595886,0.0,-22.065827,2.571232,1.8e-05,-52.113967,6.058392,0.000135
50.84,89.323752,132.837434,95.0,91.456759,132.603354,94.999995,-12.264959,1.506223,0.0,-21.202182,2.467158,1.8e-05,-46.979842,5.509805,0.00013
50.85,89.204706,132.852054,95.0,91.253245,132.627001,94.999995,-11.551605,1.418618,0.0,-20.351406,2.364723,1.7e-05,-42.001017,4.977842,0.000126
50.86,89.092707,132.865808,95.0,91.058107,132.649641,94.999996,-10.855404,1.33312,0.0,-19.51387,2.263971,1.6e-05,-37.180808,4.462859,0.000121
50.87,88.987582,132.878718,95.0,90.871207,132.67129,94.999996,-10.176756,1.249777,0.0,-18.689947,2.164949,1.6e-05,-32.522555,3.965213,0.000117
50.88,88.889151,132.890806,95.0,90.692407,132.691967,94.999996,-9.516062,1.168639,0.0,-17.880014,2.067705,1.5e-05,-28.029613,3.485264,0.000113
50.89,88.797236,132.902094,95.0,90.521563,132.71169,94.999996,-8.873727,1.089756,0.0,-17.084449,1.972283,1.5e-05,-23.705359,3.023376,0.000109
50.9,88.711648,132.912605,95.0,90.358526,132.730478,94.999996,-8.250157,1.013177,0.0,-16.303633,1.878733,1.4e-05,-19.553191,2.579911,0.000105
50.91,88.6322,132.922361,95.0,90.203147,132.748349,94.999996,-7.645762,0.938953,0.0,-15.537949,1.7871,1.4e-05,-15.576524,2.155236,0.000101
50.92,88.558697,132.931388,95.0,90.055269,132.765323,94.999996,-7.060954,0.867135,0.0,-14.787784,1.697434,1.3e-05,-11.778795,1.74972,9.7e-05
50.93,88.490942,132.939709,95.0,89.914734,132.781421,94.999997,-6.496146,0.797772,0.0,-14.053525,1.609781,1.3e-05,-8.163457,1.363734,9.4e-05
50.94,88.428731,132.947349,95.0,89.781378,132.796663,94.999997,-5.951756,0.730917,0.0,-13.335564,1.524191,1.2e-05,-4.733988,0.997649,9.1e-05
50.95,88.37186,132.954333,95.0,89.655035,132.81107,94.999997,-5.428203,0.666621,0.0,-12.634293,1.440712,1.2e-05,-1.493881,0.651841,8.7e-05
50.96,88.320117,132.960687,95.0,89.535534,132.824664,94.999997,-4.925907,0.604936,0.0,-11.950108,1.359393,1.1e-05,1.55335,0.326686,8.4e-05
50.97,88.273288,132.966438,95.0,89.4227,132.837466,94.999997,-4.445294,0.545913,0.0,-11.283408,1.280283,1.1e-05,4.404169,0.022564,8.1e-05
50.98,88.231155,132.971613,95.0,89.316354,132.849501,94.999997,-3.986789,0.489606,0.0,-10.634593,1.203432,1.1e-05,7.055023,-0.260144,7.8e-05
50.99,88.193493,132.976238,95.0,89.216313,132.86079,94.999997,-3.550822,0.436066,0.0,-10.004066,1.12889,1e-05,9.502339,-0.521056,7.6e-05
51.0,88.160075,132.980342,95.0,89.122391,132.871357,94.999997,-3.137824,0.385347,0.0,-9.392232,1.056706,1e-05,11.742524,-0.759785,7.3e-05
51.01,88.13067,132.983953,95.0,89.034396,132.881226,94.999997,-2.748228,0.337502,0.0,-8.7995,0.986932,9e-06,13.771965,-0.975944,7e-05
51.02,88.105042,132.9871,95.0,88.952133,132.890422,94.999998,-2.382472,0.292584,0.0,-8.22628,0.919618,9e-06,15.587029,-1.169144,6.8e-05
51.03,88.082949,132.989813,95.0,88.875403,132.89897,94.999998,-2.040994,0.250648,0.0,-7.672984,0.854815,9e-06,17.184065,-1.338994,6.5e-05
51.04,88.064147,132.992122,95.0,88.804003,132.906896,94.999998,-1.724235,0.211748,0.0,-7.140029,0.792575,9e-06,18.559401,-1.485098,6.3e-05
51.05,88.048387,132.994058,95.0,88.737725,132.914226,94.999998,-1.432638,0.175938,0.0,-6.627832,0.73295,8e-06,19.709344,-1.607062,6.1e-05
51.06,88.035415,132.995651,95.0,88.676357,132.920986,94.999998,-1.166651,0.143273,0.0,-6.136813,0.67599,8e-06,20.630185,-1.704487,5.9e-05
51.07,88.024972,132.996933,95.0,88.619683,132.927203,94.999998,-0.926721,0.113808,0.0,-5.667395,0.621749,8e-06,21.318193,-1.776973,5.7e-05
51.08,88.016796,132.997937,95.0,88.567483,132.932906,94.999998,-0.7133,0.087598,0.0,-5.220003,0.57028,7e-06,21.769617,-1.824118,5.5e-05
51.09,88.010619,132.998696,95.0,88.519532,132.938122,94.999998,-0.526841,0.0647,0.0,-4.795065,0.521634,7e-06,21.980686,-1.845517,5.3e-05
51.1,88.006169,132.999242,95.0,88.475602,132.942881,94.999998,-0.3678,0.045168,0.0,-4.393011,0.475866,7e-06,21.947612,-1.840765,5.1e-05
51.11,88.003171,132.999611,95.0,88.435459,132.947211,94.999998,-0.236636,0.029061,0.0,-4.014273,0.433028,7e-06,21.666585,-1.809452,4.9e-05
51.12,88.001343,132.999835,95.0,88.398866,132.951143,94.999998,-0.133809,0.016433,0.0,-3.659287,0.393175,6e-06,21.133776,-1.751168,4.7e-05
51.13,88.0004,132.999951,95.0,88.365581,132.954706,94.999998,-0.059783,0.007342,0.0,-3.328489,0.356361,6e-06,20.345337,-1.6655,4.6e-05
51.14,88.00005,132.999994,95.0,88.335358,132.957933,94.999998,-0.015024,0.001845,0.0,-3.02232,0.322639,6e-06,19.297398,-1.552033,4.4e-05
51.15,88.0,133.0,95.0,88.307946,132.960854,94.999998,0.0,0.0,0.0,-2.741223,0.292066,6e-06,17.986072,-1.41035,4.2e-05
51.16,88.0,133.0,95.0,88.28309,132.9635,94.999999,0.0,0.0,0.0,-2.485641,0.264695,6e-06,16.407452,-1.240032,4.1e-05
51.17,88.0,133.0,95.0,88.260535,132.965905,94.999999,0.0,0.0,0.0,-2.255491,0.240501,5e-06,14.637446,-1.050462,3.9e-05
51.18,88.0,133.0,95.0,88.240049,132.968097,94.999999,0.0,0.0,0.0,-2.048601,0.219139,5e-06,12.989581,-0.879947,3.8e-05
51.19,88.0,133.0,95.0,88.221424,132.970099,94.999999,0.0,0.0,0.0,-1.862508,0.200232,5e-06,11.525111,-0.734826,3.7e-05
51.2,88.0,133.0,95.0,88.204474,132.971934,94.999999,0.0,0.0,0.0,-1.695016,0.183457,5e-06,10.223726,-0.611412,3.5e-05
51.21,88.0,133.0,95.0,88.189032,132.973619,94.999999,0.0,0.0,0.0,-1.544166,0.168534,5e-06,9.067359,-0.506548,3.4e-05
51.22,88.0,133.0,95.0,88.17495,132.975171,94.999999,0.0,0.0,0.0,-1.408211,0.155223,4e-06,8.039944,-0.417532,3.3e-05
51.23,88.0,133.0,95.0,88.162094,132.976604,94.999999,0.0,0.0,0.0,-1.285592,0.143318,4e-06,7.127185,-0.342052,3.2e-05
51.24,88.0,133.0,95.0,88.150345,132.977931,94.999999,0.0,0.0,0.0,-1.174918,0.13264,4e-06,6.316371,-0.27813,3.1e-05
51.25,88.0,133.0,95.0,88.139595,132.979161,94.999999,0.0,0.0,0.0,-1.074947,0.123035,4e-06,5.596195,-0.224072,3e-05
51.26,88.0,133.0,95.0,88.129749,132.980305,94.999999,0.0,0.0,0.0,-0.984573,0.114371,4e-06,4.956599,-0.178432,2.8e-05
51.27,88.0,133.0,95.0,88.120721,132.98137,94.999999,0.0,0.0,0.0,-0.902805,0.106533,4e-06,4.38864,-0.139969,2.7e-05
51.28,88.0,133.0,95.0,88.112434,132.982365,94.999999,0.0,0.0,0.0,-0.828759,0.099422,4e-06,3.884361,-0.107624,2.7e-05
51.29,88.0,133.0,95.0,88.104817,132.983294,94.999999,0.0,0.0,0.0,-0.761648,0.092952,3e-06,3.436689,-0.080492,2.6e-05
51.3,88.0,133.0,95.0,88.09781,132.984165,94.999999,0.0,0.0,0.0,-0.700764,0.087048,3e-06,3.039331,-0.057798,2.5e-05
51.31,88.0,133.0,95.0,88.091355,132.984981,94.999999,0.0,0.0,0.0,-0.645479,0.081646,3e-06,2.686691,-0.038879,2.4e-05
51.32,88.0,133.0,95.0,88.085403,132.985748,94.999999,0.0,0.0,0.0,-0.595228,0.07669,3e-06,2.373793,-0.023169,2.3e-05
51.33,88.0,133.0,95.0,88.079908,132.986469,94.999999,0.0,0.0,0.0,-0.549508,0.072132,3e-06,2.096213,-0.010185,2.2e-05
51.34,88.0,133.0,95.0,88.074829,132.987148,94.999999,0.0,0.0,0.0,-0.507867,0.067928,3e-06,1.850016,0.000487,2.1e-05
51.35,88.0,133.0,95.0,88.07013,132.987789,94.999999,0.0,0.0,-0.0,-0.469903,0.064042,3e-06,1.631702,0.009199,2.1e-05
51.36,88.0,133.0,94.99955,88.065777,132.988393,94.999999,0.0,0.0,-0.135277,-0.435254,0.060442,3e-06,1.43816,0.016252,2e-05
51.37,88.0,133.0,94.996447,88.061741,132.988964,94.999881,0.0,0.0,-0.531818,-0.403596,0.057099,-0.011809,1.266625,0.021904,-0.944912
51.38,88.0,133.0,94.988162,88.057995,132.989504,94.998989,0.0,0.0,-1.175872,-0.37464,0.053988,-0.089261,1.114636,0.026374,-6.314286
51.39,88.0,133.0,94.972305,88.054514,132.990015,94.996224,0.0,0.0,-2.053925,-0.348126,0.051087,-0.276432,0.980008,0.029848,-15.866234
51.4,88.0,133.0,94.946616,88.051275,132.990499,94.990233,0.0,0.0,-3.152708,-0.323821,0.048378,-0.5991,0.860796,0.032487,-28.577791
51.41,88.0,133.0,94.908967,88.04826,132.990957,94.979521,0.0,0.0,-4.459192,-0.301515,0.045843,-1.071183,0.755272,0.034425,-43.757638
51.42,88.0,133.0,94.857358,88.04545,132.991392,94.962532,0.0,0.0,-5.960589,-0.281021,0.043467,-1.698905,0.6619,0.035778,-60.929546
51.43,88.0,133.0,94.789915,88.042828,132.991804,94.937697,0.0,0.0,-7.644352,-0.262172,0.041237,-2.483502,0.579315,0.036645,-79.756881
51.44,88.0,133.0,94.704888,88.04038,132.992196,94.903467,0.0,0.0,-9.498177,-0.244814,0.03914,-3.422986,0.506304,0.037109,-99.993699
51.45,88.0,133.0,94.600646,88.038092,132.992567,94.858335,0.0,0.0,-11.509998,-0.228812,0.037167,-4.513276,0.441787,0.03724,-121.453074
51.46,88.0,133.0,94.47568,88.035952,132.99292,94.800845,0.0,0.0,-13.667995,-0.214043,0.035308,-5.748949,0.384807,0.037099,-143.986602
51.47,88.0,133.0,94.328593,88.033948,132.993256,94.729608,0.0,0.0,-15.960585,-0.200397,0.033555,-7.12372,0.334511,0.036736,-167.471137
51.48,88.0,133.0,94.158106,88.03207,132.993575,94.6433,0.0,0.0,-18.376428,-0.187775,0.031899,-8.630757,0.290144,0.036195,-191.800209
51.49,88.0,133.0,93.963049,88.030309,132.993878,94.540672,0.0,0.0,-20.904425,-0.176087,0.030334,-10.262894,0.251032,0.035512,-216.878493
51.5,88.0,133.0,93.742362,88.028657,132.994167,94.420544,0.0,0.0,-23.533719,-0.165252,0.028854,-12.01276,0.216578,0.034717,-242.618233
51.51,88.0,133.0,93.495092,88.027105,132.994441,94.281815,0.0,0.0,-26.253694,-0.155197,0.027453,-13.872877,0.186252,0.033837,-268.936947
51.52,88.0,133.0,93.220388,88.025646,132.994703,94.123458,0.0,0.0,-29.053974,-0.145856,0.026126,-15.835717,0.159583,0.032892,-295.755959
51.53,88.0,133.0,92.917505,88.024274,132.994951,93.944521,0.0,0.0,-31.924427,-0.137169,0.024868,-17.893745,0.136152,0.031901,-322.999454
51.54,88.0,133.0,92.585793,88.022984,132.995188,93.744126,0.0,0.0,-34.855158,-0.129083,0.023674,-20.039451,0.115587,0.03088,-350.593896
51.55,88.0,133.0,92.224702,88.021768,132.995414,93.521472,0.0,0.0,-37.836518,-0.121548,0.022542,-22.265365,0.097559,0.029839,-378.467652
51.56,88.0,133.0,91.833777,88.020623,132.995628,93.275832,0.0,0.0,-40.859097,-0.11452,0.021467,-24.564079,0.081776,0.028791,-406.550774
51.57,88.0,133.0,91.412653,88.019543,132.995833,93.006549,0.0,0.0,-43.913725,-0.107959,0.020446,-26.928255,0.067976,0.027743,-434.774862
51.58,88.0,133.0,90.961056,88.018525,132.996027,92.713043,0.0,0.0,-46.991476,-0.101829,0.019476,-29.350636,0.055929,0.026702,-463.072998
51.59,88.0,133.0,90.4788,88.017564,132.996213,92.394802,0.0,0.0,-50.083663,-0.096095,0.018554,-31.824053,0.045432,0.025674,-491.379711
51.6,88.0,133.0,89.965784,88.016657,132.99639,92.051388,0.0,0.0,-53.181842,-0.090728,0.017677,-34.341433,0.036302,0.024663,-519.630966
51.61,88.0,133.0,89.421989,88.0158,132.996558,91.68243,0.0,0.0,-56.27781,-0.0857,0.016843,-36.895806,0.028378,0.023673,-547.764175
51.62,88.0,133.0,88.847476,88.01499,132.996719,91.287627,0.0,0.0,-59.363603,-0.080986,0.01605,-39.480308,0.021518,0.022707,-575.718207
51.63,88.0,133.0,88.242386,88.014224,132.996872,90.866745,0.0,0.0,-62.431502,-0.076563,0.015295,-42.088187,0.015595,0.021766,-603.433416
51.64,88.0,133.0,87.606934,88.0135,132.997017,90.419617,0.0,0.0,-65.474026,-0.072409,0.014576,-44.71281,0.010497,0.020853,-630.851663
51.65,88.0,133.0,86.941408,88.012815,132.997156,89.94614,0.0,0.0,-68.483937,-0.068507,0.013892,-47.347663,0.006124,0.019968,-657.916341
51.66,88.0,133.0,86.246167,88.012167,132.997289,89.446276,0.0,0.0,-71.454239,-0.064837,0.013241,-49.98636,0.00239,0.019112,-684.572404
51.67,88.0,133.0,85.521638,88.011553,132.997415,88.92005,0.0,0.0,-74.378174,-0.061384,0.012621,-52.622645,-0.000785,0.018286,-710.766399
51.68,88.0,133.0,84.768314,88.010972,132.997535,88.367546,0.0,0.0,-77.24923,-0.058133,0.012031,-55.250395,-0.003469,0.01749,-736.446484
51.69,88.0,133.0,83.986753,88.010421,132.99765,87.78891,0.0,0.0,-80.061132,-0.055071,0.011468,-57.863627,-0.005722,0.016722,-761.562464
51.7,88.0,133.0,83.177572,88.009899,132.997759,87.184345,0.0,0.0,-82.807848,-0.052185,0.010933,-60.456496,-0.0076,0.015984,-786.065812
51.71,88.0,133.0,82.341447,88.009404,132.997863,86.554112,0.0,0.0,-85.483589,-0.049463,0.010422,-63.023305,-0.009149,0.015275,-809.909696
51.72,88.0,133.0,81.479113,88.008935,132.997963,85.898527,0.0,0.0,-88.082803,-0.046894,0.009936,-65.558505,-0.010412,0.014594,-833.049004
51.73,88.0,133.0,80.591355,88.008491,132.998058,85.21796,0.0,0.0,-90.600185,-0.044469,0.009472,-68.056696,-0.011426,0.01394,-855.440368
51.74,88.0,133.0,79.679012,88.008069,132.998148,84.512833,0.0,0.0,-93.030665,-0.042179,0.009031,-70.512636,-0.012223,0.013314,-877.042185
51.75,88.0,133.0,78.742973,88.007669,132.998234,83.783621,0.0,0.0,-95.36942,-0.040015,0.00861,-72.92124,-0.012833,0.012713,-897.814643
51.76,88.0,133.0,77.78417,88.007289,132.998316,83.030845,0.0,0.0,-97.611864,-0.037969,0.008209,-75.277582,-0.013281,0.012138,-917.719739
51.77,88.0,133.0,76.803583,88.006929,132.998394,82.255076,0.0,0.0,-99.753654,-0.036035,0.007827,-77.5769,-0.013589,0.011588,-936.721302
51.78,88.0,133.0,75.802233,88.006587,132.998469,81.45693,0.0,0.0,-101.79069,-0.034205,0.007462,-79.8146,-0.013778,0.011061,-954.785013
51.79,88.0,133.0,74.781179,88.006262,132.99854,80.637068,0.0,0.0,-103.71911,-0.032473,0.007115,-81.986256,-0.013864,0.010556,-971.878424
51.8,88.0,133.0,73.74152,88.005954,132.998608,79.796192,0.0,0.0,-105.535295,-0.030834,0.006784,-84.087611,-0.013863,0.010074,-987.970975
51.81,88.0,133.0,72.684386,88.005661,132.998673,78.935046,0.0,0.0,-107.235867,-0.029281,0.006468,-86.114585,-0.013788,0.009614,-1003.034014
51.82,88.0,133.0,71.610944,88.005383,132.998734,78.054413,0.0,0.0,-108.81769,-0.02781,0.006167,-88.063272,-0.013652,0.009173,-1017.040816
51.83,88.0,133.0,70.522386,88.005119,132.998793,77.155114,0.0,0.0,-110.277868,-0.026417,0.00588,-89.929945,-0.013463,0.008752,-1029.966595
51.84,88.0,133.0,69.419936,88.004868,132.998849,76.238003,0.0,0.0,-111.613748,-0.025096,0.005607,-91.711059,-0.013231,0.00835,-1041.788525
51.85,88.0,133.0,68.304841,88.004629,132.998903,75.30397,0.0,0.0,-112.822916,-0.023844,0.005346,-93.403248,-0.012965,0.007966,-1052.485751
51.86,88.0,133.0,67.178369,88.004403,132.998954,74.353937,0.0,0.0,-113.903201,-0.022657,0.005098,-95.003335,-0.01267,0.0076,-1062.039409
51.87,88.0,133.0,66.041813,88.004187,132.999002,73.388854,0.0,0.0,-114.852673,-0.021531,0.004861,-96.508326,-0.012353,0.007249,-1070.432638
51.88,88.0,133.0,64.896479,88.003983,132.999049,72.4097,0.0,0.0,-115.669643,-0.020463,0.004635,-97.915418,-0.012018,0.006915,-1077.650593
51.89,88.0,133.0,63.743693,88.003788,132.999093,71.41748,0.0,0.0,-116.352662,-0.019449,0.00442,-99.221996,-0.011671,0.006596,-1083.680459
51.9,88.0,133.0,62.584791,88.003603,132.999135,70.413223,0.0,0.0,-116.900526,-0.018487,0.004214,-100.42564,-0.011315,0.006292,-1088.511465
51.91,88.0,133.0,61.421121,88.003428,132.999175,69.397982,0.0,0.0,-117.312268,-0.017574,0.004018,-101.524121,-0.010953,0.006001,-1092.134898
51.92,88.0,133.0,60.254039,88.00326,132.999213,68.372828,0.0,0.0,-117.587165,-0.016708,0.003832,-102.515407,-0.010588,0.005723,-1094.544112
51.93,88.0,133.0,59.084907,88.003102,132.99925,67.338851,0.0,0.0,-117.724734,-0.015885,0.003654,-103.397663,-0.010222,0.005459,-1095.73454
51.94,88.0,133.0,57.915093,88.002951,132.999285,66.297159,0.0,0.0,-117.724734,-0.015103,0.003484,-104.169252,-0.009859,0.005206,-1095.703707
51.95,88.0,133.0,56.745961,88.002807,132.999318,65.248872,0.0,0.0,-117.587165,-0.014361,0.003322,-104.828736,-0.009498,0.004965,-1094.451241
51.96,88.0,133.0,55.578879,88.00267,132.99935,64.195123,0.0,0.0,-117.312268,-0.013656,0.003168,-105.37488,-0.009142,0.004735,-1091.978881
51.97,88.0,133.0,54.415209,88.002541,132.99938,63.137056,0.0,0.0,-116.900526,-0.012986,0.003021,-105.806651,-0.008792,0.004516,-1088.29049
51.98,88.0,133.0,53.256307,88.002417,132.999409,62.075824,0.0,0.0,-116.352662,-0.01235,0.00288,-106.12322,-0.008448,0.004307,-1083.392062
51.99,88.0,133.0,52.103521,88.0023,132.999436,61.012584,0.0,0.0,-115.669643,-0.011746,0.002746,-106.323964,-0.008112,0.004107,-1077.291735
52.0,88.0,133.0,50.958187,88.002188,132.999462,59.9485,0.0,0.0,-114.852673,-0.011171,0.002619,-106.408466,-0.007785,0.003917,-1069.999796
52.01,88.0,133.0,49.821631,88.002082,132.999487,58.884735,0.0,0.0,-113.903201,-0.010625,0.002497,-106.376517,-0.007466,0.003735,-1061.528693
52.02,88.0,133.0,48.695159,88.001981,132.999511,57.822453,0.0,0.0,-112.822916,-0.010106,0.002381,-106.228115,-0.007156,0.003562,-1051.893041
52.03,88.0,133.0,47.580064,88.001884,132.999534,56.762819,0.0,0.0,-111.613748,-0.009613,0.002271,-105.963471,-0.006856,0.003397,-1041.109632
52.04,88.0,133.0,46.477614,88.001793,132.999555,55.706989,0.0,0.0,-110.277868,-0.009144,0.002165,-105.583005,-0.006565,0.003239,-1029.197441
52.05,88.0,133.0,45.389056,88.001706,132.999576,54.656115,0.0,0.0,-108.81769,-0.008698,0.002065,-105.08735,-0.006283,0.003089,-1016.177637
52.06,88.0,133.0,44.315614,88.001623,132.999596,53.611342,0.0,0.0,-107.235867,-0.008274,0.001969,-104.477351,-0.006012,0.002946,-1002.073586
52.07,88.0,133.0,43.25848,88.001545,132.999615,52.573801,0.0,0.0,-105.535295,-0.007871,0.001877,-103.754068,-0.00575,0.002809,-986.91086
52.08,88.0,133.0,42.218821,88.00147,132.999632,51.544613,0.0,0.0,-103.71911,-0.007488,0.00179,-102.918775,-0.005497,0.002679,-970.717245
52.09,88.0,133.0,41.197767,88.001398,132.999649,50.524884,0.0,0.0,-101.79069,-0.007124,0.001707,-101.972962,-0.005254,0.002555,-953.522745
52.1,88.0,133.0,40.196417,88.001331,132.999666,49.5157,0.0,0.0,-99.753654,-0.006777,0.001628,-100.918337,-0.00502,0.002436,-935.359591
52.11,88.0,133.0,39.21583,88.001266,132.999681,48.518132,0.0,0.0,-97.611864,-0.006448,0.001552,-99.756823,-0.004795,0.002323,-916.262246
52.12,88.0,133.0,38.257027,88.001205,132.999696,47.533226,0.0,0.0,-95.36942,-0.006134,0.00148,-98.490563,-0.004579,0.002215,-896.267408
52.13,88.0,133.0,37.320988,88.001146,132.99971,46.562007,0.0,0.0,-93.030665,-0.005836,0.001411,-97.121918,-0.004372,0.002112,-875.414023
52.14,88.0,133.0,36.408645,88.001091,132.999724,45.605472,0.0,0.0,-90.600185,-0.005553,0.001346,-95.653469,-0.004173,0.002014,-853.74328
52.15,88.0,133.0,35.520887,88.001038,132.999736,44.664592,0.0,0.0,-88.082803,-0.005283,0.001283,-94.088018,-0.003983,0.001921,-831.298627
52.16,88.0,133.0,34.658553,88.000988,132.999749,43.740306,0.0,0.0,-85.483589,-0.005027,0.001224,-92.428588,-0.0038,0.001832,-808.125769
52.17,88.0,133.0,33.822428,88.00094,132.99976,42.833522,0.0,0.0,-82.807848,-0.004783,0.001167,-90.678423,-0.003625,0.001747,-784.272675
52.18,88.0,133.0,33.013247,88.000895,132.999772,41.945112,0.0,0.0,-80.061132,-0.004551,0.001113,-88.84099,-0.003458,0.001665,-759.789583
52.19,88.0,133.0,32.231686,88.000851,132.999782,41.075912,0.0,0.0,-77.24923,-0.00433,0.001061,-86.919979,-0.003298,0.001588,-734.729005
52.2,88.0,133.0,31.478362,88.00081,132.999792,40.226719,0.0,0.0,-74.378174,-0.00412,0.001012,-84.919303,-0.003144,0.001514,-709.14573
52.21,88.0,133.0,30.753833,88.000771,132.999802,39.398288,0.0,0.0,-71.454239,-0.00392,0.000965,-82.8431,-0.002998,0.001444,-683.09683
52.22,88.0,133.0,30.058592,88.000734,132.999811,38.591331,0.0,0.0,-68.483937,-0.00373,0.00092,-80.695734,-0.002858,0.001377,-656.641661
52.23,88.0,133.0,29.393066,88.000698,132.99982,37.806513,0.0,0.0,-65.474026,-0.00355,0.000877,-78.48179,-0.002724,0.001313,-629.841872
52.24,88.0,133.0,28.757614,88.000664,132.999828,37.044452,0.0,0.0,-62.431502,-0.003378,0.000836,-76.206084,-0.002596,0.001252,-602.761403
52.25,88.0,133.0,28.152524,88.000632,132.999836,36.305716,0.0,0.0,-59.363603,-0.003214,0.000798,-73.873655,-0.002474,0.001194,-575.466494
52.26,88.0,133.0,27.578011,88.000602,132.999844,35.590818,0.0,0.0,-56.27781,-0.003058,0.000761,-71.489769,-0.002358,0.001139,-548.025684
52.27,88.0,133.0,27.034216,88.000572,132.999851,34.900219,0.0,0.0,-53.181842,-0.00291,0.000725,-69.059921,-0.002247,0.001086,-520.509818
52.28,88.0,133.0,26.5212,88.000545,132.999858,34.234321,0.0,0.0,-50.083663,-0.002769,0.000692,-66.589831,-0.002141,0.001035,-492.992048
52.29,88.0,133.0,26.038944,88.000518,132.999865,33.593466,0.0,0.0,-46.991476,-0.002635,0.000659,-64.08545,-0.002039,0.000987,-465.547838
52.3,88.0,133.0,25.587347,88.000493,132.999871,32.977937,0.0,0.0,-43.913725,-0.002508,0.000629,-61.552956,-0.001943,0.000941,-438.254965
52.31,88.0,133.0,25.166223,88.000469,132.999877,32.387949,0.0,0.0,-40.859097,-0.002386,0.0006,-58.998756,-0.00185,0.000898,-411.193522
52.32,88.0,133.0,24.775298,88.000447,132.999883,31.823654,0.0,0.0,-37.836518,-0.002271,0.000572,-56.429485,-0.001762,0.000856,-384.445925
52.33,88.0,133.0,24.414207,88.000425,132.999888,31.285134,0.0,0.0,-34.855158,-0.002161,0.000545,-53.852011,-0.001679,0.000816,-358.09691
52.34,88.0,133.0,24.082495,88.000405,132.999893,30.7724,0.0,0.0,-31.924427,-0.002056,0.00052,-51.273429,-0.001599,0.000778,-332.233538
52.35,88.0,133.0,23.779612,88.000385,132.999898,30.285389,0.0,0.0,-29.053974,-0.001957,0.000496,-48.701065,-0.001522,0.000742,-306.9452
52.36,88.0,133.0,23.504908,88.000366,132.999903,29.823964,0.0,0.0,-26.253694,-0.001862,0.000473,-46.142477,-0.00145,0.000708,-282.323616
52.37,88.0,133.0,23.257638,88.000349,132.999907,29.38791,0.0,0.0,-23.533719,-0.001772,0.000451,-43.605453,-0.001381,0.000675,-258.462839
52.38,88.0,133.0,23.036951,88.000332,132.999912,28.97693,0.0,0.0,-20.904425,-0.001686,0.00043,-41.098012,-0.001315,0.000644,-235.459256
52.39,88.0,133.0,22.841894,88.000316,132.999916,28.590646,0.0,0.0,-18.376428,-0.001605,0.00041,-38.628405,-0.001252,0.000614,-213.411592
52.4,88.0,133.0,22.671407,88.0003,132.99992,28.228594,0.0,0.0,-15.960585,-0.001527,0.000391,-36.205116,-0.001192,0.000585,-192.420912
52.41,88.0,133.0,22.52432,88.000286,132.999923,27.890226,0.0,0.0,-13.667995,-0.001453,0.000373,-33.836859,-0.001135,0.000558,-172.59062
52.42,88.0,133.0,22.399354,88.000272,132.999927,27.5749,0.0,0.0,-11.509998,-0.001383,0.000355,-31.532583,-0.00108,0.000532,-154.026467
52.43,88.0,133.0,22.295112,88.000259,132.99993,27.281885,0.0,0.0,-9.498177,-0.001316,0.000339,-29.301467,-0.001029,0.000507,-136.836546
52.44,88.0,133.0,22.210085,88.000246,132.999934,27.010356,0.0,0.0,-7.644352,-0.001252,0.000323,-27.152925,-0.000979,0.000484,-121.131298
52.45,88.0,133.0,22.142642,88.000235,132.999937,26.75939,0.0,0.0,-5.960589,-0.001192,0.000308,-25.096603,-0.000932,0.000461,-107.023515
52.46,88.0,133.0,22.091033,88.000223,132.99994,26.527966,0.0,0.0,-4.459192,-0.001134,0.000294,-23.142382,-0.000887,0.00044,-94.628336
52.47,88.0,133.0,22.053384,88.000212,132.999942,26.314963,0.0,0.0,-3.152708,-0.001079,0.00028,-21.300375,-0.000845,0.000419,-84.063255
52.48,88.0,133.0,22.027695,88.000202,132.999945,26.119153,0.0,0.0,-2.053925,-0.001027,0.000267,-19.580929,-0.000804,0.0004,-75.448119
52.49,88.0,133.0,22.011838,88.000192,132.999948,25.939207,0.0,0.0,-1.175872,-0.000977,0.000255,-17.994627,-0.000766,0.000381,-68.905131
52.5,88.0,133.0,22.003553,88.000183,132.99995,25.773684,0.0,0.0,-0.531818,-0.00093,0.000243,-16.552285,-0.000729,0.000364,-64.558849
52.51,88.0,133.0,22.00045,88.000174,132.999952,25.621035,0.0,0.0,-0.135277,-0.000885,0.000232,-15.264951,-0.000694,0.000347,-62.536192
52.52,88.0,133.0,22.0,88.000166,132.999955,25.479595,0.0,0.0,0.0,-0.000842,0.000221,-14.143913,-0.00066,0.000331,-62.966437
52.53,88.0,133.0,22.0,88.000158,132.999957,25.347589,0.0,0.0,0.0,-0.000802,0.000211,-13.200689,-0.000628,0.000315,-65.981222
52.54,88.0,133.0,22.0,88.00015,132.999959,25.223239,0.0,0.0,0.0,-0.000763,0.000201,-12.434916,-0.000598,0.000301,-70.745076
52.55,88.0,133.0,22.0,88.000143,132.999961,25.105231,0.0,0.0,0.0,-0.000726,0.000192,-11.800872,-0.000569,0.000287,-73.625613
52.56,88.0,133.0,22.0,88.000136,132.999962,24.99266,0.0,0.0,0.0,-0.000691,0.000183,-11.257083,-0.000542,0.000273,-74.505629
52.57,88.0,133.0,22.0,88.000129,132.999964,24.884895,0.0,0.0,0.0,-0.000657,0.000174,-10.776502,-0.000516,0.000261,-74.124318
52.58,88.0,133.0,22.0,88.000123,132.999966,24.781481,0.0,0.0,0.0,-0.000626,0.000166,-10.341432,-0.000491,0.000249,-72.959445
52.59,88.0,133.0,22.0,88.000117,132.999967,24.682078,0.0,0.0,0.0,-0.000595,0.000158,-9.940246,-0.000467,0.000237,-71.319407
52.6,88.0,133.0,22.0,88.000112,132.999969,24.586426,0.0,0.0,0.0,-0.000567,0.000151,-9.565251,-0.000445,0.000226,-69.40289
52.61,88.0,133.0,22.0,88.000106,132.99997,24.494312,0.0,0.0,0.0,-0.000539,0.000144,-9.211314,-0.000423,0.000216,-67.337531
52.62,88.0,133.0,22.0,88.000101,132.999972,24.405563,0.0,0.0,0.0,-0.000513,0.000137,-8.874962,-0.000403,0.000206,-65.204962
52.63,88.0,133.0,22.0,88.000096,132.999973,24.320025,0.0,0.0,0.0,-0.000488,0.000131,-8.553805,-0.000383,0.000196,-63.057045
52.64,88.0,133.0,22.0,88.000091,132.999974,24.237563,0.0,0.0,0.0,-0.000465,0.000125,-8.246159,-0.000365,0.000187,-60.926383
52.65,88.0,133.0,22.0,88.000087,132.999976,24.158055,0.0,0.0,0.0,-0.000442,0.000119,-7.950803,-0.000347,0.000178,-58.83314
52.66,88.0,133.0,22.0,88.000083,132.999977,24.081387,0.0,0.0,0.0,-0.000421,0.000114,-7.666821,-0.000331,0.00017,-56.789449
52.67,88.0,133.0,22.0,88.000079,132.999978,24.007452,0.0,0.0,0.0,-0.0004,0.000108,-7.393497,-0.000315,0.000162,-54.802274
52.68,88.0,133.0,22.0,88.000075,132.999979,23.936149,0.0,0.0,0.0,-0.000381,0.000103,-7.13025,-0.000299,0.000155,-52.875261
52.69,88.0,133.0,22.0,88.000071,132.99998,23.867384,0.0,0.0,0.0,-0.000363,9.8e-05,-6.876593,-0.000285,0.000147,-51.009937
52.7,88.0,133.0,22.0,88.000068,132.999981,23.801063,0.0,0.0,0.0,-0.000345,9.4e-05,-6.6321,-0.000271,0.000141,-49.206485
52.71,88.0,133.0,22.0,88.000065,132.999982,23.737099,0.0,0.0,0.0,-0.000328,9e-05,-6.396391,-0.000258,0.000134,-47.464247
52.72,88.0,133.0,22.0,88.000062,132.999982,23.675407,0.0,0.0,0.0,-0.000313,8.5e-05,-6.169117,-0.000246,0.000128,-45.782045
52.73,88.0,133.0,22.00045,88.000059,132.999983,23.615908,0.0,0.0,0.135277,-0.000297,8.1e-05,-5.949958,-0.000234,0.000122,-44.158393
52.74,88.0,133.0,22.003553,88.000056,132.999984,23.55864,0.0,0.0,0.531818,-0.000283,7.8e-05,-5.726797,-0.000223,0.000116,-41.6467
52.75,88.0,133.0,22.011838,88.000053,132.999985,23.504185,0.0,0.0,1.175872,-0.000269,7.4e-05,-5.445518,-0.000212,0.000111,-34.765705
52.76,88.0,133.0,22.027695,88.00005,132.999986,23.453567,0.0,0.0,2.053925,-0.000256,7.1e-05,-5.061772,-0.000202,0.000106,-23.755494
52.77,88.0,133.0,22.053384,88.000048,132.999986,23.408072,0.0,0.0,3.152708,-0.000244,6.7e-05,-4.549516,-0.000192,0.000101,-9.63725
52.78,88.0,133.0,22.091033,88.000046,132.999987,23.369126,0.0,0.0,4.459192,-0.000232,6.4e-05,-3.894584,-0.000183,9.6e-05,6.899463
52.79,88.0,133.0,22.142642,88.000043,132.999987,23.338221,0.0,0.0,5.960589,-0.000221,6.1e-05,-3.090509,-0.000174,9.2e-05,25.38014
52.8,88.0,133.0,22.210085,88.000041,132.999988,23.316863,0.0,0.0,7.644352,-0.00021,5.8e-05,-2.135822,-0.000165,8.7e-05,45.469824
52.81,88.0,133.0,22.295112,88.000039,132.999989,23.30654,0.0,0.0,9.498177,-0.0002,5.6e-05,-1.032292,-0.000157,8.3e-05,66.924197
52.82,88.0,133.0,22.399354,88.000037,132.999989,23.308702,0.0,0.0,11.509998,-0.00019,5.3e-05,0.216218,-0.00015,7.9e-05,89.557913
52.83,88.0,133.0,22.52432,88.000036,132.99999,23.324747,0.0,0.0,13.667995,-0.000181,5.1e-05,1.604492,-0.000143,7.6e-05,113.224094
52.84,88.0,133.0,22.671407,88.000034,132.99999,23.356011,0.0,0.0,15.960585,-0.000172,4.8e-05,3.126444,-0.000136,7.2e-05,137.801068
52.85,88.0,133.0,22.841894,88.000032,132.999991,23.403766,0.0,0.0,18.376428,-0.000164,4.6e-05,4.775436,-0.000129,6.9e-05,163.183791
52.86,88.0,133.0,23.036951,88.000031,132.999991,23.46921,0.0,0.0,20.904425,-0.000156,4.4e-05,6.544485,-0.000123,6.6e-05,189.278311
52.87,88.0,133.0,23.257638,88.000029,132.999991,23.553475,0.0,0.0,23.533719,-0.000149,4.2e-05,8.426402,-0.000117,6.3e-05,215.998201
52.88,88.0,133.0,23.504908,88.000028,132.999992,23.657613,0.0,0.0,26.253694,-0.000141,4e-05,10.41388,-0.000111,6e-05,243.26226
52.89,88.0,133.0,23.779612,88.000027,132.999992,23.782609,0.0,0.0,29.053974,-0.000135,3.8e-05,12.499558,-0.000106,5.7e-05,270.993045
52.9,88.0,133.0,24.082495,88.000025,132.999993,23.92937,0.0,0.0,31.924427,-0.000128,3.6e-05,14.676063,-0.000101,5.4e-05,299.115936
52.91,88.0,133.0,24.414207,88.000024,132.999993,24.09873,0.0,0.0,34.855158,-0.000122,3.5e-05,16.936037,-9.6e-05,5.2e-05,327.558544
52.92,88.0,133.0,24.775298,88.000023,132.999993,24.291452,0.0,0.0,37.836518,-0.000116,3.3e-05,19.272161,-9.1e-05,4.9e-05,356.250346
52.93,88.0,133.0,25.166223,88.000022,132.999994,24.508223,0.0,0.0,40.859097,-0.00011,3.1e-05,21.677172,-8.7e-05,4.7e-05,385.122462
52.94,88.0,133.0,25.587347,88.000021,132.999994,24.749662,0.0,0.0,43.913725,-0.000105,3e-05,24.14387,-8.3e-05,4.5e-05,414.107526
52.95,88.0,133.0,26.038944,88.00002,132.999994,25.016313,0.0,0.0,46.991476,-0.0001,2.9e-05,26.665131,-7.9e-05,4.3e-05,443.139614
52.96,88.0,133.0,26.5212,88.000019,132.999994,25.308652,0.0,0.0,50.083663,-9.5e-05,2.7e-05,29.233917,-7.5e-05,4.1e-05,472.154213
52.97,88.0,133.0,27.034216,88.000018,132.999995,25.627085,0.0,0.0,53.181842,-9.1e-05,2.6e-05,31.84328,-7.1e-05,3.9e-05,501.088217
52.98,88.0,133.0,27.578011,88.000017,132.999995,25.971949,0.0,0.0,56.27781,-8.6e-05,2.5e-05,34.486369,-6.8e-05,3.7e-05,529.879927
52.99,88.0,133.0,28.152524,88.000016,132.999995,26.343513,0.0,0.0,59.363603,-8.2e-05,2.4e-05,37.156437,-6.5e-05,3.5e-05,558.469076
53.0,88.0,133.0,28.757614,88.000015,132.999995,26.741982,0.0,0.0,62.431502,-7.8e-05,2.3e-05,39.846843,-6.1e-05,3.4e-05,586.796848
53.01,88.0,133.0,29.393066,88.000015,132.999996,27.167492,0.0,0.0,65.474026,-7.4e-05,2.1e-05,42.551061,-5.8e-05,3.2e-05,614.805903
53.02,88.0,133.0,30.058592,88.000014,132.999996,27.620119,0.0,0.0,68.483937,-7.1e-05,2e-05,45.262684,-5.6e-05,3.1e-05,642.440408
53.03,88.0,133.0,30.753833,88.000013,132.999996,28.099873,0.0,0.0,71.454239,-6.7e-05,2e-05,47.975424,-5.3e-05,2.9e-05,669.646063
53.04,88.0,133.0,31.478362,88.000013,132.999996,28.606705,0.0,0.0,74.378174,-6.4e-05,1.9e-05,50.683123,-5e-05,2.8e-05,696.370131
53.05,88.0,133.0,32.231686,88.000012,132.999996,29.140502,0.0,0.0,77.24923,-6.1e-05,1.8e-05,53.379751,-4.8e-05,2.7e-05,722.561465
53.06,88.0,133.0,33.013247,88.000011,132.999997,29.701096,0.0,0.0,80.061132,-5.8e-05,1.7e-05,56.059413,-4.6e-05,2.5e-05,748.170539
53.07,88.0,133.0,33.822428,88.000011,132.999997,30.28826,0.0,0.0,82.807848,-5.5e-05,1.6e-05,58.716355,-4.3e-05,2.4e-05,773.14947
53.08,88.0,133.0,34.658553,88.00001,132.999997,30.901709,0.0,0.0,85.483589,-5.3e-05,1.5e-05,61.344961,-4.1e-05,2.3e-05,797.452047
53.09,88.0,133.0,35.520887,88.00001,132.999997,31.541107,0.0,0.0,88.082803,-5e-05,1.5e-05,63.939763,-3.9e-05,2.2e-05,821.03376
53.1,88.0,133.0,36.408645,88.000009,132.999997,32.206061,0.0,0.0,90.600185,-4.8e-05,1.4e-05,66.49544,-3.7e-05,2.1e-05,843.851816
53.11,88.0,133.0,37.320988,88.000009,132.999997,32.89613,0.0,0.0,93.030665,-4.5e-05,1.3e-05,69.006825,-3.6e-05,2e-05,865.865173
53.12,88.0,133.0,38.257027,88.000008,132.999997,33.610819,0.0,0.0,95.36942,-4.3e-05,1.3e-05,71.468904,-3.4e-05,1.9e-05,887.034556
53.13,88.0,133.0,39.21583,88.000008,132.999998,34.349587,0.0,0.0,97.611864,-4.1e-05,1.2e-05,73.876822,-3.2e-05,1.8e-05,907.322481
53.14,88.0,133.0,40.196417,88.000008,132.999998,35.111846,0.0,0.0,99.753654,-3.9e-05,1.2e-05,76.225885,-3.1e-05,1.7e-05,926.693279
53.15,88.0,133.0,41.197767,88.000007,132.999998,35.896961,0.0,0.0,101.79069,-3.7e-05,1.1e-05,78.511563,-2.9e-05,1.7e-05,945.113112
53.16,88.0,133.0,42.218821,88.000007,132.999998,36.704256,0.0,0.0,103.71911,-3.5e-05,1.1e-05,80.729493,-2.8e-05,1.6e-05,962.549997
53.17,88.0,133.0,43.25848,88.000007,132.999998,37.533011,0.0,0.0,105.535295,-3.4e-05,1e-05,82.875479,-2.6e-05,1.5e-05,978.973825
53.18,88.0,133.0,44.315614,88.000006,132.999998,38.382466,0.0,0.0,107.235867,-3.2e-05,1e-05,84.945499,-2.5e-05,1.4e-05,994.356377
53.19,88.0,133.0,45.389056,88.000006,132.999998,39.251823,0.0,0.0,108.81769,-3e-05,9e-06,86.935703,-2.4e-05,1.4e-05,1008.671344
53.2,88.0,133.0,46.477614,88.000006,132.999998,40.140247,0.0,0.0,110.277868,-2.9e-05,9e-06,88.84242,-2.3e-05,1.3e-05,1021.894346
53.21,88.0,133.0,47.580064,88.000005,132.999998,41.046869,0.0,0.0,111.613748,-2.8e-05,8e-06,90.662154,-2.2e-05,1.2e-05,1034.002942
53.22,88.0,133.0,48.695159,88.000005,132.999998,41.970785,0.0,0.0,112.822916,-2.6e-05,8e-06,92.391593,-2.1e-05,1.2e-05,1044.976655
53.23,88.0,133.0,49.821631,88.000005,132.999998,42.911061,0.0,0.0,113.903201,-2.5e-05,8e-06,94.027606,-2e-05,1.1e-05,1054.796981
53.24,88.0,133.0,50.958187,88.000005,132.999999,43.866733,0.0,0.0,114.852673,-2.4e-05,7e-06,95.567248,-1.9e-05,1.1e-05,1063.447408
53.25,88.0,133.0,52.103521,88.000004,132.999999,44.836811,0.0,0.0,115.669643,-2.3e-05,7e-06,97.00776,-1.8e-05,1e-05,1070.913426
53.26,88.0,133.0,53.256307,88.000004,132.999999,45.820277,0.0,0.0,116.352662,-2.2e-05,7e-06,98.346572,-1.7e-05,1e-05,1077.182547
53.27,88.0,133.0,54.415209,88.000004,132.999999,46.81609,0.0,0.0,116.900526,-2e-05,6e-06,99.581304,-1.6e-05,9e-06,1082.244311
53.28,88.0,133.0,55.578879,88.000004,132.999999,47.823187,0.0,0.0,117.312268,-1.9e-05,6e-06,100.70977,-1.5e-05,9e-06,1086.090308
53.29,88.0,133.0,56.745961,88.000004,132.999999,48.840487,0.0,0.0,117.587165,-1.9e-05,6e-06,101.729976,-1.5e-05,8e-06,1088.714181
53.3,88.0,133.0,57.915093,88.000003,132.999999,49.866888,0.0,0.0,117.724734,-1.8e-05,5e-06,102.640125,-1.4e-05,8e-06,1090.111645
53.31,88.0,133.0,59.084907,88.000003,132.999999,50.901275,0.0,0.0,117.724734,-1.7e-05,5e-06,103.438615,-1.3e-05,8e-06,1090.280496
53.32,88.0,133.0,60.254039,88.000003,132.999999,51.942515,0.0,0.0,117.587165,-1.6e-05,5e-06,104.124046,-1.3e-05,7e-06,1089.220622
53.33,88.0,133.0,61.421121,88.000003,132.999999,52.989467,0.0,0.0,117.312268,-1.5e-05,5e-06,104.695215,-1.2e-05,7e-06,1086.934015
53.34,88.0,133.0,62.584791,88.000003,132.999999,54.040978,0.0,0.0,116.900526,-1.4e-05,4e-06,105.151123,-1.1e-05,7e-06,1083.42478
53.35,88.0,133.0,63.743693,88.000003,132.999999,55.095888,0.0,0.0,116.352662,-1.4e-05,4e-06,105.490972,-1.1e-05,6e-06,1078.699147
53.36,88.0,133.0,64.896479,88.000003,132.999999,56.15303,0.0,0.0,115.669643,-1.3e-05,4e-06,105.714169,-1e-05,6e-06,1072.765478
53.37,88.0,133.0,66.041813,88.000002,132.999999,57.211233,0.0,0.0,114.852673,-1.2e-05,4e-06,105.820327,-1e-05,6e-06,1065.634278
53.38,88.0,133.0,67.178369,88.000002,132.999999,58.269326,0.0,0.0,113.903201,-1.2e-05,4e-06,105.809263,-9e-06,6e-06,1057.318206
53.39,88.0,133.0,68.304841,88.000002,132.999999,59.326136,0.0,0.0,112.822916,-1.1e-05,4e-06,105.681006,-9e-06,5e-06,1047.83208
53.4,88.0,133.0,69.419936,88.000002,132.999999,60.380494,0.0,0.0,111.613748,-1.1e-05,3e-06,105.435792,-8e-06,5e-06,1037.192886
53.41,88.0,133.0,70.522386,88.000002,132.999999,61.431234,0.0,0.0,110.277868,-1e-05,3e-06,105.074065,-8e-06,5e-06,1025.419789
53.42,88.0,133.0,71.610944,88.000002,132.999999,62.477199,0.0,0.0,108.81769,-1e-05,3e-06,104.596484,-8e-06,5e-06,1012.53414
53.43,88.0,133.0,72.684386,88.000002,132.999999,63.517238,0.0,0.0,107.235867,-9e-06,3e-06,104.003917,-7e-06,4e-06,998.559478
53.44,88.0,133.0,73.74152,88.000002,132.999999,64.550213,0.0,0.0,105.535295,-9e-06,3e-06,103.297446,-7e-06,4e-06,983.521548
53.45,88.0,133.0,74.781179,88.000002,132.999999,65.574997,0.0,0.0,103.71911,-8e-06,3e-06,102.478369,-7e-06,4e-06,967.448296
53.46,88.0,133.0,75.802233,88.000002,132.999999,66.590479,0.0,0.0,101.79069,-8e-06,3e-06,101.548197,-6e-06,4e-06,950.369885
53.47,88.0,133.0,76.803583,88.000001,133.0,67.595565,0.0,0.0,99.753654,-8e-06,2e-06,100.508656,-6e-06,4e-06,932.318698
53.48,88.0,133.0,77.78417,88.000001,133.0,68.589182,0.0,0.0,97.611864,-7e-06,2e-06,99.361691,-6e-06,3e-06,913.329343
53.49,88.0,133.0,78.742973,88.000001,133.0,69.570277,0.0,0.0,95.36942,-7e-06,2e-06,98.109463,-5e-06,3e-06,893.43866
53.5,88.0,133.0,79.679012,88.000001,133.0,70.53782,0.0,0.0,93.030665,-7e-06,2e-06,96.754351,-5e-06,3e-06,872.685731
53.51,88.0,133.0,80.591355,88.000001,133.0,71.49081,0.0,0.0,90.600185,-6e-06,2e-06,95.298956,-5e-06,3e-06,851.111877
53.52,88.0,133.0,81.479113,88.000001,133.0,72.428271,0.0,0.0,88.082803,-6e-06,2e-06,93.746095,-5e-06,3e-06,828.760672
53.53,88.0,133.0,82.341447,88.000001,133.0,73.349259,0.0,0.0,85.483589,-6e-06,2e-06,92.098807,-4e-06,3e-06,805.677943
53.54,88.0,133.0,83.177572,88.000001,133.0,74.252862,0.0,0.0,82.807848,-5e-06,2e-06,90.360354,-4e-06,3e-06,781.911778
53.55,88.0,133.0,83.986753,88.000001,133.0,75.138204,0.0,0.0,80.061132,-5e-06,2e-06,88.534216,-4e-06,2e-06,757.512528
53.56,88.0,133.0,84.768314,88.000001,133.0,76.004445,0.0,0.0,77.24923,-5e-06,2e-06,86.624099,-4e-06,2e-06,732.532814
53.57,88.0,133.0,85.521638,88.000001,133.0,76.850785,0.0,0.0,74.378174,-5e-06,1e-06,84.633931,-4e-06,2e-06,707.027532
53.58,88.0,133.0,86.246167,88.000001,133.0,77.676463,0.0,0.0,71.454239,-4e-06,1e-06,82.567863,-3e-06,2e-06,681.053854
53.59,88.0,133.0,86.941408,88.000001,133.0,78.480766,0.0,0.0,68.483937,-4e-06,1e-06,80.43027,-3e-06,2e-06,654.671237
53.6,88.0,133.0,87.606934,88.000001,133.0,79.263024,0.0,0.0,65.474026,-4e-06,1e-06,78.225754,-3e-06,2e-06,627.941423
53.61,88.0,133.0,88.242386,88.000001,133.0,80.022615,0.0,0.0,62.431502,-4e-06,1e-06,75.959141,-3e-06,2e-06,600.928444
53.62,88.0,133.0,88.847476,88.000001,133.0,80.75897,0.0,0.0,59.363603,-4e-06,1e-06,73.635481,-3e-06,2e-06,573.698628
53.63,88.0,133.0,89.421989,88.000001,133.0,81.47157,0.0,0.0,56.27781,-3e-06,1e-06,71.260053,-3e-06,2e-06,546.3206
53.64,88.0,133.0,89.965784,88.000001,133.0,82.159954,0.0,0.0,53.181842,-3e-06,1e-06,68.838363,-3e-06,2e-06,518.865286
53.65,88.0,133.0,90.4788,88.000001,133.0,82.823715,0.0,0.0,50.083663,-3e-06,1e-06,66.376141,-2e-06,2e-06,491.405918
53.66,88.0,133.0,90.961056,88.000001,133.0,83.462509,0.0,0.0,46.991476,-3e-06,1e-06,63.879349,-2e-06,1e-06,464.018035
53.67,88.0,133.0,91.412653,88.000001,133.0,84.076051,0.0,0.0,43.913725,-3e-06,1e-06,61.354174,-2e-06,1e-06,436.779489
53.68,88.0,133.0,91.833777,88.000001,133.0,84.664121,0.0,0.0,40.859097,-3e-06,1e-06,58.807033,-2e-06,1e-06,409.770445
53.69,88.0,133.0,92.224702,88.000001,133.0,85.226567,0.0,0.0,37.836518,-3e-06,1e-06,56.244571,-2e-06,1e-06,383.073385
53.7,88.0,133.0,92.585793,88.0,133.0,85.763303,0.0,0.0,34.855158,-2e-06,1e-06,53.673664,-2e-06,1e-06,356.773112
53.71,88.0,133.0,92.917505,88.0,133.0,86.274317,0.0,0.0,31.924427,-2e-06,1e-06,51.101415,-2e-06,1e-06,330.956752
53.72,88.0,133.0,93.220388,88.0,133.0,86.759669,0.0,0.0,29.053974,-2e-06,1e-06,48.53516,-2e-06,1e-06,305.713756
53.73,88.0,133.0,93.495092,88.0,133.0,87.219494,0.0,0.0,26.253694,-2e-06,1e-06,45.982464,-2e-06,1e-06,281.135904
53.74,88.0,133.0,93.742362,88.0,133.0,87.654005,0.0,0.0,23.533719,-2e-06,1e-06,43.451122,-2e-06,1e-06,257.317305
53.75,88.0,133.0,93.963049,88.0,133.0,88.063497,0.0,0.0,20.904425,-2e-06,1e-06,40.949162,-1e-06,1e-06,234.354403
53.76,88.0,133.0,94.158106,88.0,133.0,88.448345,0.0,0.0,18.376428,-2e-06,1e-06,38.484841,-1e-06,1e-06,212.345976
53.77,88.0,133.0,94.328593,88.0,133.0,88.809011,0.0,0.0,15.960585,-2e-06,1e-06,36.06665,-1e-06,1e-06,191.393138
53.78,88.0,133.0,94.47568,88.0,133.0,89.146045,0.0,0.0,13.667995,-2e-06,1e-06,33.703311,-1e-06,1e-06,171.599346
53.79,88.0,133.0,94.600646,88.0,133.0,89.460082,0.0,0.0,11.509998,-2e-06,1e-06,31.403777,-1e-06,1e-06,153.070395
53.8,88.0,133.0,94.704888,88.0,133.0,89.751855,0.0,0.0,9.498177,-1e-06,1e-06,29.177235,-1e-06,1e-06,135.914427
53.81,88.0,133.0,94.789915,88.0,133.0,90.022186,0.0,0.0,7.644352,-1e-06,0.0,27.033105,-1e-06,1e-06,120.241926
53.82,88.0,133.0,94.857358,88.0,133.0,90.271996,0.0,0.0,5.960589,-1e-06,0.0,24.981038,-1e-06,1e-06,106.165727
53.83,88.0,133.0,94.908967,88.0,133.0,90.502305,0.0,0.0,4.459192,-1e-06,0.0,23.030921,-1e-06,1e-06,93.80101
53.84,88.0,133.0,94.946616,88.0,133.0,90.714234,0.0,0.0,3.152708,-1e-06,0.0,21.192872,-1e-06,1e-06,83.26531
53.85,88.0,133.0,94.972305,88.0,133.0,90.909006,0.0,0.0,2.053925,-1e-06,0.0,19.477245,-1e-06,1e-06,74.678511
53.86,88.0,133.0,94.988162,88.0,133.0,91.087953,0.0,0.0,1.175872,-1e-06,0.0,17.894625,-1e-06,1e-06,68.162853
53.87,88.0,133.0,94.996447,88.0,133.0,91.252511,0.0,0.0,0.531818,-1e-06,0.0,16.455833,-1e-06,1e-06,63.842932
53.88,88.0,133.0,94.99955,88.0,133.0,91.40423,0.0,0.0,0.135277,-1e-06,0.0,15.171925,-1e-06,1e-06,61.845699
53.89,88.0,133.0,95.0,88.0,133.0,91.544772,0.0,0.0,0.0,-1e-06,0.0,14.054191,-1e-06,0.0,62.300465
53.9,88.0,133.0,95.0,88.0,133.0,91.675914,0.0,0.0,0.0,-1e-06,0.0,13.114153,-1e-06,0.0,65.338901
53.91,88.0,133.0,95.0,88.0,133.0,91.799428,0.0,0.0,0.0,-1e-06,0.0,12.351453,-1e-06,0.0,70.125565
53.92,88.0,133.0,95.0,88.0,133.0,91.916632,0.0,0.0,0.0,-1e-06,0.0,11.720373,-1e-06,0.0,73.028103
53.93,88.0,133.0,95.0,88.0,133.0,92.028426,0.0,0.0,0.0,-1e-06,0.0,11.179443,-1e-06,0.0,73.929338
53.94,88.0,133.0,95.0,88.0,133.0,92.135443,0.0,0.0,0.0,-1e-06,0.0,10.701619,-1e-06,0.0,73.568493
53.95,88.0,133.0,95.0,88.0,133.0,92.238135,0.0,0.0,0.0,-1e-06,0.0,10.269209,-1e-06,0.0,72.423358
53.96,88.0,133.0,95.0,88.0,133.0,92.336841,0.0,0.0,0.0,-1e-06,0.0,9.870587,-1e-06,0.0,70.802358
53.97,88.0,133.0,95.0,88.0,133.0,92.431821,0.0,0.0,0.0,-1e-06,0.0,9.498066,-1e-06,0.0,68.904203
53.98,88.0,133.0,95.0,88.0,133.0,92.523286,0.0,0.0,0.0,-1e-06,0.0,9.146515,-0.0,0.0,66.856553
53.99,88.0,133.0,95.0,88.0,133.0,92.611411,0.0,0.0,0.0,-1e-06,0.0,8.812464,-0.0,0.0,64.741065
54.0,88.0,133.0,95.0,88.0,133.0,92.696346,0.0,0.0,0.0,-1e-06,0.0,8.493526,-0.0,0.0,62.609622
54.01,88.0,133.0,95.0,88.0,133.0,92.778227,0.0,0.0,0.0,-1e-06,0.0,8.188021,-0.0,0.0,60.49485
54.02,88.0,133.0,95.0,88.0,133.0,92.857174,0.0,0.0,0.0,-0.0,0.0,7.89473,-0.0,0.0,58.416932
54.03,88.0,133.0,95.0,88.0,133.0,92.933301,0.0,0.0,0.0,-0.0,0.0,7.612739,-0.0,0.0,56.388021
54.04,88.0,133.0,95.0,88.0,133.0,93.006715,0.0,0.0,0.0,-0.0,0.0,7.341335,-0.0,0.0,54.415102
54.05,88.0,133.0,95.0,88.0,133.0,93.077514,0.0,0.0,0.0,-0.0,0.0,7.079941,-0.0,0.0,52.501838
54.06,88.0,133.0,95.0,88.0,133.0,93.145795,0.0,0.0,0.0,-0.0,0.0,6.828071,-0.0,0.0,50.649776
54.07,88.0,133.0,95.0,88.0,133.0,93.211648,0.0,0.0,0.0,-0.0,0.0,6.585301,-0.0,0.0,48.859114
54.08,88.0,133.0,95.0,88.0,133.0,93.27516,0.0,0.0,0.0,-0.0,0.0,6.351254,-0.0,0.0,47.129212
54.09,88.0,133.0,95.0,88.0,133.0,93.336416,0.0,0.0,0.0,-0.0,0.0,6.125583,-0.0,0.0,45.458908
54.1,88.00005,133.000006,95.0,88.0,133.0,93.395496,0.015024,0.001845,0.0,-0.0,0.0,5.907969,-0.0,0.0,43.846732
54.11,88.0004,133.000049,95.0,88.000005,133.000001,93.452477,0.059783,0.007342,0.0,0.000528,8.1e-05,5.698111,0.079215,0.009728,42.291037
54.12,88.001343,133.000165,95.0,88.000047,133.000007,93.507434,0.133809,0.016433,0.0,0.004151,0.000635,5.495723,0.547698,0.067005,40.79009
54.13,88.003171,133.000389,95.0,88.000183,133.000028,93.560439,0.236636,0.029061,0.0,0.013642,0.002072,5.300535,1.456816,0.176921,39.342122
54.14,88.006169,133.000758,95.0,88.000498,133.000075,93.611562,0.3678,0.045168,0.0,0.031424,0.00474,5.112285,2.776507,0.334594,37.945366
54.15,88.010619,133.001304,95.0,88.001094,133.000165,93.66087,0.526841,0.0647,0.0,0.059613,0.008928,4.930725,4.479658,0.535795,36.598076
54.16,88.016796,133.002063,95.0,88.002094,133.000313,93.708426,0.7133,0.087598,0.0,0.100045,0.014881,4.755616,6.541781,0.776851,35.298544
54.17,88.024972,133.003067,95.0,88.003637,133.000541,93.754293,0.926721,0.113808,0.0,0.154314,0.022801,4.586728,8.940728,1.054569,34.045104
54.18,88.035415,133.004349,95.0,88.005875,133.00087,93.798531,1.166651,0.143273,0.0,0.223794,0.032856,4.423839,11.656434,1.366166,32.836141
54.19,88.048387,133.005942,95.0,88.008972,133.001322,93.841199,1.432638,0.175938,0.0,0.309663,0.045182,4.266735,14.670689,1.709208,31.670087
54.2,88.064147,133.007878,95.0,88.013101,133.001921,93.882351,1.724235,0.211748,0.0,0.412927,0.059893,4.115211,17.966932,2.081565,30.545427
54.21,88.082949,133.010187,95.0,88.018445,133.002691,93.922042,2.040994,0.250648,0.0,0.534438,0.077077,3.969068,21.530078,2.48136,29.460697
54.22,88.105042,133.0129,95.0,88.025195,133.003659,93.960323,2.382472,0.292584,0.0,0.67491,0.096806,3.828116,25.346349,2.906942,28.414482
54.23,88.13067,133.016047,95.0,88.033544,133.004851,93.997244,2.748228,0.337502,0.0,0.834936,0.119132,3.692169,29.403139,3.356846,27.405417
54.24,88.160075,133.019658,95.0,88.043694,133.006292,94.032855,3.137824,0.385347,0.0,1.014999,0.144098,3.56105,33.68888,3.829772,26.432183
54.25,88.193493,133.023762,95.0,88.055849,133.008009,94.067201,3.550822,0.436066,0.0,1.215485,0.17173,3.434588,38.192934,4.324556,25.49351
54.26,88.231155,133.028387,95.0,88.070216,133.01003,94.100327,3.986789,0.489606,0.0,1.436696,0.202047,3.312616,42.905493,4.840156,24.58817
54.27,88.273288,133.033562,95.0,88.087004,133.01238,94.132277,4.445294,0.545913,0.0,1.678855,0.235058,3.194977,47.817485,5.375632,23.714981
54.28,88.320117,133.039313,95.0,88.106425,133.015088,94.163092,4.925907,0.604936,0.0,1.942119,0.270764,3.081515,52.920497,5.930132,22.8728
54.29,88.37186,133.045667,95.0,88.128691,133.018179,94.192813,5.428203,0.666621,0.0,2.226584,0.30916,2.972082,58.206707,6.502879,22.060527
54.3,88.428731,133.052651,95.0,88.154014,133.021682,94.221478,5.951756,0.730917,0.0,2.532292,0.350235,2.866535,63.668817,7.093162,21.2771
54.31,88.490942,133.060291,95.0,88.182607,133.025621,94.249125,6.496146,0.797772,0.0,2.859236,0.393974,2.764737,69.299997,7.700324,20.521494
54.32,88.558697,133.068612,95.0,88.21468,133.030025,94.275791,7.060954,0.867135,0.0,3.207369,0.440357,2.666554,75.09384,8.323758,19.792722
54.33,88.6322,133.077639,95.0,88.250446,133.034919,94.301509,7.645762,0.938953,0.0,3.576605,0.489361,2.571858,81.044311,8.962897,19.08983
54.34,88.711648,133.087395,95.0,88.290115,133.040328,94.326315,8.250157,1.013177,0.0,3.966824,0.540958,2.480524,87.145714,9.617211,18.4119
54.35,88.797236,133.097906,95.0,88.333893,133.046279,94.350239,8.873727,1.089756,0.0,4.377878,0.59512,2.392434,93.392652,10.2862,17.758045
54.36,88.889151,133.109194,95.0,88.381989,133.052798,94.373314,9.516062,1.168639,0.0,4.809591,0.651817,2.307473,99.78,10.969389,17.12741
54.37,88.987582,133.121282,95.0,88.434607,133.059908,94.395569,10.176756,1.249777,0.0,5.261766,0.711013,2.225528,106.302873,11.66633,16.51917
54.38,89.092707,133.134192,95.0,88.491949,133.067635,94.417034,10.855404,1.33312,0.0,5.734182,0.772676,2.146494,112.956604,12.37659,15.932531
54.39,89.204706,133.147946,95.0,88.554215,133.076002,94.437737,11.551605,1.418618,0.0,6.226604,0.836768,2.070266,119.736722,13.099758,15.366725
54.4,89.323752,133.162566,95.0,88.621603,133.085035,94.457704,12.264959,1.506223,0.0,6.738778,0.903252,1.996745,126.638932,13.835434,14.821012
54.41,89.450014,133.178072,95.0,88.694307,133.094756,94.476962,12.995069,1.595886,0.0,7.270437,0.972089,1.925836,133.659098,14.583235,14.294679
54.42,89.583658,133.194484,95.0,88.77252,133.105188,94.495537,13.74154,1.687558,0.0,7.821302,1.04324,1.857444,140.793226,15.342786,13.787037
54.43,89.724846,133.211823,95.0,88.856431,133.116355,94.513452,14.503981,1.781191,0.0,8.391082,1.116666,1.791482,148.037454,16.113725,13.297423
54.44,89.873734,133.230108,95.0,88.946226,133.128278,94.53073,15.282002,1.876737,0.0,8.979478,1.192324,1.727861,155.388033,16.895697,12.825196
54.45,90.030478,133.249357,95.0,89.042087,133.14098,94.547395,16.075215,1.974149,0.0,9.586181,1.270175,1.6665,162.841326,17.688356,12.36974
54.46,90.195226,133.269589,95.0,89.144196,133.154481,94.563469,16.883236,2.07338,0.0,10.210877,1.350176,1.607319,170.393789,18.491363,11.930458
54.47,90.368126,133.290822,95.0,89.252729,133.168804,94.578971,17.705683,2.174382,0.0,10.853243,1.432286,1.550238,178.041966,19.304383,11.506776
54.48,90.549319,133.313074,95.0,89.367858,133.183969,94.593923,18.542176,2.277109,0.0,11.512953,1.516461,1.495185,185.782485,20.127091,11.09814
54.49,90.738944,133.336362,95.0,89.489755,133.199995,94.608344,19.392338,2.381515,0.0,12.189676,1.602661,1.442087,193.612044,20.959163,10.704015
54.5,90.937136,133.360701,95.0,89.618586,133.216904,94.622252,20.255793,2.487554,0.0,12.883076,1.690841,1.390875,201.527411,21.800282,10.323888
54.51,91.144025,133.386108,95.0,89.754514,133.234714,94.635667,21.13217,2.595179,0.0,13.592815,1.78096,1.341481,209.525415,22.650135,9.957259
54.52,91.35974,133.4126,95.0,89.897699,133.253443,94.648606,22.021098,2.704345,0.0,14.318551,1.872974,1.293842,217.602945,23.508411,9.603651
54.53,91.584403,133.44019,95.0,90.048299,133.273112,94.661085,22.92221,2.815008,0.0,15.059941,1.966841,1.247894,225.756941,24.374806,9.2626
54.54,91.818135,133.468894,95.0,90.206465,133.293737,94.67312,23.835141,2.927123,0.0,15.81664,2.062517,1.203578,233.984394,25.249016,8.93366
54.55,92.061053,133.498726,95.0,90.372348,133.315336,94.684729,24.759528,3.040644,0.0,16.588302,2.15996,1.160836,242.28234,26.130742,8.616402
54.56,92.313268,133.5297,95.0,90.546094,133.337928,94.695925,25.695011,3.155528,0.0,17.374578,2.259126,1.119612,250.647859,27.019688,8.310411
54.57,92.57489,133.561829,95.0,90.727845,133.361527,94.706723,26.641233,3.27173,0.0,18.175121,2.359973,1.079851,259.078073,27.91556,8.015287
54.58,92.846025,133.595126,95.0,90.917741,133.386152,94.717138,27.597839,3.389208,0.0,18.989582,2.462459,1.041503,267.570139,28.818067,7.730643
54.59,93.126774,133.629604,95.0,91.115917,133.411817,94.727184,28.564475,3.507918,0.0,19.817613,2.56654,1.004516,276.121253,29.726921,7.456107
54.6,93.417237,133.665275,95.0,91.322506,133.438539,94.736872,29.540791,3.627816,0.0,20.658865,2.672173,0.968843,284.728644,30.641837,7.191321
54.61,93.717508,133.70215,95.0,91.537636,133.466332,94.746216,30.526439,3.748861,0.0,21.512989,2.779318,0.934437,293.389576,31.562531,6.935938
54.62,94.027679,133.740241,95.0,91.761432,133.495212,94.755229,31.521075,3.871009,0.0,22.379638,2.88793,0.901253,302.101339,32.488722,6.689625
54.63,94.347837,133.779559,95.0,91.994017,133.525191,94.763921,32.524355,3.994219,0.0,23.258466,2.997969,0.869247,310.861259,33.420131,6.452059
54.64,94.678069,133.820114,95.0,92.235508,133.556285,94.772305,33.535939,4.118449,0.0,24.149126,3.109391,0.838378,319.666687,34.356482,6.222929
54.65,95.018454,133.861915,95.0,92.486021,133.588507,94.780391,34.555489,4.243656,0.0,25.051272,3.222156,0.808605,328.515002,35.297501,6.001936
54.66,95.369071,133.904974,95.0,92.745666,133.621869,94.78819,35.582668,4.369801,0.0,25.964562,3.336221,0.779889,337.403612,36.242917,5.788792
54.67,95.729995,133.949298,95.0,93.014553,133.656384,94.795712,36.617145,4.496842,0.0,26.888652,3.451545,0.752193,346.329947,37.192458,5.583216
54.68,96.101297,133.994896,95.0,93.292785,133.692065,94.802967,37.658589,4.624739,0.0,27.8232,3.568087,0.725481,355.291466,38.145858,5.384942
54.69,96.483045,134.041777,95.0,93.580463,133.728923,94.809964,38.706671,4.753451,0.0,28.767867,3.685806,0.699717,364.285652,39.102851,5.193708
54.7,96.875303,134.08995,95.0,93.877687,133.76697,94.816713,39.761065,4.882938,0.0,29.722314,3.80466,0.674868,373.31001,40.063174,5.009266
54.71,97.278134,134.13942,95.0,94.184549,133.806216,94.823222,40.821449,5.01316,0.0,30.686205,3.92461,0.650902,382.36207,41.026564,4.831374
54.72,97.691594,134.190196,95.0,94.501141,133.846672,94.8295,41.887502,5.144079,0.0,31.659203,4.045614,0.627787,391.439385,41.992764,4.659799
54.73,98.115741,134.242284,95.0,94.82755,133.888349,94.835554,42.958905,5.275655,0.0,32.640976,4.167633,0.605492,400.539531,42.961516,4.494317
54.74,98.550624,134.295691,95.0,95.163862,133.931255,94.841394,44.035342,5.407849,0.0,33.631191,4.290625,0.58399,409.660106,43.932565,4.334712
54.75,98.996294,134.350422,95.0,95.510157,133.9754,94.847027,45.116501,5.540623,0.0,34.629519,4.414553,0.563251,418.798729,44.905657,4.180775
54.76,99.452796,134.406484,95.0,95.866514,134.020794,94.852459,46.202069,5.673938,0.0,35.635632,4.539375,0.543248,427.953043,45.880543,4.032305
54.77,99.920172,134.463881,95.0,96.233006,134.067445,94.857699,47.291739,5.807757,0.0,36.649203,4.665053,0.523956,437.120709,46.856972,3.889107
54.78,100.398462,134.522618,95.0,96.609705,134.11536,94.862752,48.385205,5.942043,0.0,37.669908,4.791547,0.505349,446.299414,47.834699,3.750994
54.79,100.887702,134.5827,95.0,96.996679,134.164548,94.867626,49.482163,6.076757,0.0,38.697425,4.918819,0.487403,455.486862,48.813478,3.617787
54.8,101.387926,134.644131,95.0,97.393994,134.215017,94.872327,50.582311,6.211863,0.0,39.731434,5.04683,0.470094,464.68078,49.793067,3.48931
54.81,101.899164,134.706915,95.0,97.80171,134.266772,94.876861,51.685352,6.347324,0.0,40.771617,5.175542,0.453399,473.878916,50.773224,3.365395
54.82,102.421444,134.771054,95.0,98.219886,134.319821,94.881234,52.790989,6.483104,0.0,41.817658,5.304917,0.437298,483.079036,51.753713,3.245881
54.83,102.954789,134.836553,95.0,98.648579,134.37417,94.885452,53.898928,6.619167,0.0,42.869242,5.434916,0.421768,492.27893,52.734295,3.130611
54.84,103.499222,134.903413,95.0,99.087839,134.429825,94.88952,55.008877,6.755476,0.0,43.926059,5.565502,0.40679,501.476405,53.714736,3.019435
54.85,104.054761,134.971637,95.0,99.537717,134.486792,94.893443,56.120549,6.891997,0.0,44.987798,5.696637,0.392344,510.669292,54.694805,2.912207
54.86,104.621423,135.041227,95.0,99.998259,134.545075,94.897227,57.233657,7.028695,0.0,46.054151,5.828286,0.378411,519.85544,55.67427,2.808787
54.87,105.199219,135.112185,95.0,100.469507,134.604679,94.900877,58.347917,7.165534,0.0,47.124815,5.96041,0.364972,529.032718,56.652904,2.709039
54.88,105.78816,135.184511,95.0,100.951502,134.665608,94.904397,59.463047,7.302479,0.0,48.199485,6.092973,0.352011,538.199015,57.630479,2.612834
54.89,106.388254,135.258207,95.0,101.44428,134.727868,94.907792,60.578768,7.439498,0.0,49.277861,6.22594,0.339511,547.352241,58.606773,2.520045
54.9,106.999504,135.333272,95.0,101.947877,134.791461,94.911067,61.694804,7.576555,0.0,50.359643,6.359273,0.327454,556.490326,59.581563,2.430552
54.91,107.621913,135.409709,95.0,102.462322,134.85639,94.914225,62.810881,7.713617,0.0,51.444537,6.492937,0.315825,565.611219,60.554628,2.344237
54.92,108.25548,135.487515,95.0,102.987645,134.922659,94.917271,63.926727,7.850651,0.0,52.532248,6.626897,0.304609,574.71289,61.525751,2.260987
54.93,108.900201,135.566691,95.0,103.523869,134.99027,94.920209,65.042074,7.987623,0.0,53.622484,6.761117,0.293792,583.793328,62.494717,2.180693
54.94,109.556069,135.647237,95.0,104.071019,135.059226,94.923043,66.156653,8.124501,0.0,54.714955,6.895563,0.283358,592.850542,63.46131,2.103251
54.95,110.223077,135.72915,95.0,104.629113,135.129528,94.925776,67.270201,8.261253,0.0,55.809374,7.0302,0.273295,601.882561,64.42532,2.028559
54.96,110.901211,135.812429,95.0,105.198167,135.201178,94.928412,68.382457,8.397846,0.0,56.905457,7.164992,0.26359,610.887434,65.386537,1.956519
54.97,111.590458,135.897074,95.0,105.778197,135.274177,94.930954,69.49316,8.534248,0.0,58.002921,7.299908,0.254229,619.863229,66.344753,1.887038
54.98,112.290802,135.983081,95.0,106.369211,135.348526,94.933406,70.602055,8.670428,0.0,59.101485,7.434911,0.245201,628.808035,67.299763,1.820024
54.99,113.002222,136.070448,95.0,106.97122,135.424225,94.935771,71.708886,8.806354,0.0,60.200873,7.569969,0.236493,637.719959,68.251363,1.755391
55.0,113.724697,136.159173,95.0,107.584228,135.501276,94.938052,72.813402,8.941997,0.0,61.300807,7.705049,0.228095,646.59713,69.199351,1.693052
55.01,114.458202,136.249253,95.0,108.208238,135.579677,94.940252,73.915353,9.077324,0.0,62.401015,7.840117,0.219994,655.437694,70.14353,1.632927
55.02,115.202711,136.340684,95.0,108.843251,135.659429,94.942374,75.014492,9.212306,0.0,63.501226,7.975141,0.212182,664.239819,71.083701,1.574938
55.03,115.958194,136.433462,95.0,109.489262,135.740529,94.94442,76.110574,9.346913,0.0,64.601172,8.110088,0.204647,673.001692,72.019669,1.519008
55.04,116.724619,136.527585,95.0,110.146268,135.822979,94.946394,77.203358,9.481114,0.0,65.700587,8.244927,0.197379,681.721519,72.951242,1.465064
55.05,117.501953,136.623047,95.0,110.81426,135.906775,94.948298,78.292604,9.614881,0.0,66.799205,8.379625,0.19037,690.397526,73.878229,1.413035
55.06,118.290159,136.719844,95.0,111.493228,135.991916,94.950134,79.378074,9.748185,0.0,67.896768,8.51415,0.183609,699.027959,74.80044,1.362855
55.07,119.089197,136.817972,95.0,112.183158,136.078401,94.951904,80.459534,9.880995,0.0,68.993014,8.648472,0.177089,707.611084,75.717689,1.314456
55.08,119.899026,136.917424,95.0,112.884035,136.166227,94.953612,81.536752,10.013285,0.0,70.087688,8.78256,0.1708,716.145186,76.629791,1.267776
55.09,120.719604,137.018197,95.0,113.59584,136.255391,94.95526,82.609497,10.145026,0.0,71.180535,8.916382,0.164734,724.628569,77.536564,1.222754
55.1,121.550884,137.120284,95.0,114.318553,136.34589,94.956849,83.677542,10.276189,0.0,72.271303,9.049908,0.158884,733.059559,78.437827,1.179331
55.11,122.392818,137.223679,95.0,115.052151,136.437721,94.958381,84.740663,10.406748,0.0,73.359744,9.183108,0.153242,741.436499,79.333403,1.13745
55.12,123.245355,137.328377,95.0,115.796607,136.53088,94.959859,85.798636,10.536675,0.0,74.445609,9.315953,0.1478,749.757753,80.223113,1.097056
55.13,124.108443,137.43437,95.0,116.551893,136.625364,94.961285,86.851243,10.665942,0.0,75.528655,9.448412,0.142551,758.021705,81.106786,1.058097
55.14,124.982028,137.541653,95.0,117.31798,136.721169,94.962659,87.898265,10.794524,0.0,76.608638,9.580457,0.137489,766.226757,81.984248,1.020521
55.15,125.866052,137.650217,95.0,118.094833,136.81829,94.963986,88.939487,10.922393,0.0,77.68532,9.712058,0.132606,774.371333,82.855329,0.984279
55.16,126.760457,137.760056,95.0,118.882418,136.916721,94.965265,89.974696,11.049524,0.0,78.758462,9.843187,0.127897,782.453874,83.719862,0.949325
55.17,127.66518,137.871162,95.0,119.680696,137.01646,94.966498,91.003684,11.175891,0.0,79.827829,9.973815,0.123355,790.472843,84.57768,0.915612
55.18,128.58016,137.983528,95.0,120.489628,137.117499,94.967688,92.02624,11.301468,0.0,80.89319,10.103914,0.118974,798.426722,85.428621,0.883096
55.19,129.50533,138.097146,95.0,121.309171,137.219833,94.968835,93.042162,11.42623,0.0,81.954313,10.233457,0.114749,806.314012,86.272522,0.851735
55.2,130.440623,138.212006,95.0,122.139281,137.323457,94.969942,94.051245,11.550153,0.0,83.010972,10.362416,0.110674,814.133233,87.109224,0.821488
55.21,131.385971,138.328102,95.0,122.97991,137.428365,94.971009,95.053289,11.673211,0.0,84.062939,10.490763,0.106744,821.882927,87.93857,0.792315
55.22,132.3413,138.445423,95.0,123.83101,137.53455,94.972039,96.048097,11.79538,0.0,85.109993,10.618472,0.102953,829.561654,88.760404,0.764177
55.23,133.306539,138.563961,95.0,124.692529,137.642005,94.973032,97.035473,11.916637,0.0,86.151914,10.745515,0.099297,837.167993,89.574573,0.737039
55.24,134.281612,138.683707,95.0,125.564414,137.750724,94.97399,98.015224,12.036957,0.0,87.188482,10.871868,0.095771,844.700545,90.380926,0.710865
55.25,135.266442,138.804651,95.0,126.446609,137.860699,94.974913,98.98716,12.156318,0.0,88.219482,10.997503,0.09237,852.157927,91.179315,0.685621
55.26,136.260949,138.926783,95.0,127.339056,137.971923,94.975804,99.951092,12.274696,0.0,89.244702,11.122396,0.089089,859.53878,91.969591,0.661272
55.27,137.265053,139.050094,95.0,128.241695,138.084388,94.976664,100.906835,12.392067,0.0,90.26393,11.246519,0.085925,866.841762,92.751611,0.637789
55.28,138.278671,139.174574,95.0,129.154465,138.198086,94.977492,101.854206,12.508411,0.0,91.276957,11.369849,0.082874,874.06555,93.525232,0.615139
55.29,139.301718,139.300211,95.0,130.0773,138.31301,94.978292,102.793024,12.623705,0.0,92.283578,11.492361,0.079931,881.208843,94.290314,0.593294
55.3,140.334108,139.426996,95.0,131.010136,138.42915,94.979062,103.723111,12.737926,0.0,93.28359,11.614029,0.077092,888.270358,95.046717,0.572225
55.31,141.375752,139.554917,95.0,131.952904,138.546498,94.979806,104.644291,12.851053,0.0,94.276791,11.73483,0.074355,895.248832,95.794305,0.551903
55.32,142.426562,139.683964,95.0,132.905534,138.665046,94.980523,105.556391,12.963066,0.0,95.262982,11.854739,0.071714,902.143022,96.532945,0.532304
55.33,143.486445,139.814125,95.0,133.867954,138.784783,94.981215,106.45924,13.073942,0.0,96.241968,11.973734,0.069167,908.951705,97.262504,0.5134
55.34,144.555307,139.945389,95.0,134.840089,138.905701,94.981882,107.35267,13.183661,0.0,97.213554,12.09179,0.066711,915.673675,97.982852,0.495168
55.35,145.633054,140.077743,95.0,135.821865,139.02779,94.982525,108.236515,13.292204,0.0,98.177549,12.208884,0.064342,922.307749,98.693861,0.477583
55.36,146.71959,140.211178,95.0,136.813202,139.15104,94.983146,109.11061,13.399549,0.0,99.133765,12.324994,0.062057,928.852763,99.395405,0.460623
55.37,147.814815,140.345679,95.0,137.814023,139.275441,94.983744,109.974796,13.505677,0.0,100.082015,12.440098,0.059853,935.30757,100.087361,0.444265
55.38,148.91863,140.481235,95.0,138.824244,139.400983,94.984322,110.828914,13.610568,0.0,101.022114,12.554172,0.057728,941.671047,100.769607,0.428488
55.39,150.030934,140.617834,95.0,139.843783,139.527655,94.984879,111.672808,13.714204,0.0,101.953882,12.667195,0.055678,947.942087,101.442024,0.413271
55.4,151.151623,140.755463,95.0,140.872554,139.655446,94.985416,112.506323,13.816566,0.0,102.877139,12.779147,0.0537,954.119603,102.104493,0.398595
55.41,152.280594,140.894108,95.0,141.910471,139.784346,94.985933,113.329309,13.917634,0.0,103.791708,12.890004,0.051793,960.20253,102.756901,0.38444
55.42,153.417739,141.033757,95.0,142.957445,139.914344,94.986433,114.141617,14.017392,0.0,104.697416,12.999746,0.049954,966.189821,103.399133,0.370787
55.43,154.562952,141.174398,95.0,144.013386,140.045427,94.986915,114.943101,14.115819,0.0,105.59409,13.108353,0.04818,972.080449,104.031079,0.35762
55.44,155.716124,141.316015,95.0,145.078202,140.177585,94.987379,115.733617,14.2129,0.0,106.481562,13.215805,0.046469,977.873406,104.65263,0.34492
55.45,156.877144,141.458597,95.0,146.151798,140.310806,94.987828,116.513024,14.308617,0.0,107.359663,13.32208,0.044819,983.567704,105.263678,0.332671
55.46,158.0459,141.602128,95.0,147.234081,140.445078,94.98826,117.281183,14.402952,0.0,108.22823,13.42716,0.043227,989.162376,105.864119,0.320857
55.47,159.222279,141.746596,95.0,148.324952,140.580388,94.988677,118.037957,14.495889,0.0,109.087101,13.531024,0.041692,994.656472,106.453851,0.309462
55.48,160.406168,141.891986,95.0,149.424313,140.716724,94.989079,118.783212,14.587412,0.0,109.936116,13.633654,0.040211,1000.049064,107.032773,0.298472
55.49,161.597449,142.038283,95.0,150.532064,140.854075,94.989467,119.516818,14.677504,0.0,110.775118,13.735031,0.038783,1005.339243,107.600787,0.287873
55.5,162.796006,142.185474,95.0,151.648103,140.992426,94.989841,120.238644,14.766149,0.0,111.603953,13.835136,0.037406,1010.526119,108.157796,0.27765
55.51,164.001721,142.333545,95.0,152.772328,141.131765,94.990202,120.948564,14.853332,0.0,112.422467,13.93395,0.036078,1015.608823,108.703706,0.26779
55.52,165.214474,142.482479,95.0,153.904633,141.27208,94.99055,121.646455,14.939038,0.0,113.230512,14.031457,0.034796,1020.586503,109.238424,0.25828
55.53,166.434143,142.632263,95.0,155.044913,141.413356,94.990885,122.332194,15.023252,0.0,114.027941,14.127637,0.033561,1025.45833,109.761862,0.249108
55.54,167.660607,142.782882,95.0,156.193059,141.555581,94.991209,123.005662,15.105959,0.0,114.814607,14.222475,0.032369,1030.223492,110.273932,0.240261
55.55,168.893743,142.934319,95.0,157.348962,141.698741,94.991521,123.666743,15.187144,0.0,115.590369,14.315952,0.031219,1034.881199,110.774546,0.231729
55.56,170.133426,143.086561,95.0,158.512513,141.842821,94.991822,124.315322,15.266794,0.0,116.355087,14.408051,0.030111,1039.430678,111.263623,0.2235
55.57,171.379531,143.239591,95.0,159.6836,141.987809,94.992113,124.951287,15.344895,0.0,117.108624,14.498757,0.029041,1043.871179,111.741079,0.215562
55.58,172.63193,143.393395,95.0,160.862108,142.133689,94.992393,125.574529,15.421433,0.0,117.850844,14.588053,0.02801,1048.201967,112.206837,0.207907
55.59,173.890497,143.547956,95.0,162.047924,142.280449,94.992663,126.184941,15.496396,0.0,118.581614,14.675924,0.027015,1052.422331,112.660818,0.200524
55.6,175.155102,143.703258,95.0,163.240932,142.428072,94.992923,126.782419,15.569771,0.0,119.300805,14.762353,0.026056,1056.531579,113.102948,0.193403
55.61,176.425615,143.859286,95.0,164.441015,142.576545,94.993175,127.36686,15.641544,0.0,120.008289,14.847325,0.025131,1060.529035,113.533153,0.186535
55.62,177.701907,144.016024,95.0,165.648055,142.725854,94.993417,127.938165,15.711705,0.0,120.703941,14.930826,0.024238,1064.414048,113.951362,0.17991
55.63,178.983844,144.173455,95.0,166.861931,142.875982,94.993651,128.496237,15.78024,0.0,121.387637,15.01284,0.023377,1068.185982,114.357507,0.173521
55.64,180.271294,144.331562,95.0,168.082523,143.026916,94.993876,129.040982,15.847138,0.0,122.059258,15.093354,0.022547,1071.844224,114.75152,0.167359
55.65,181.564124,144.490331,95.0,169.30971,143.178639,94.994094,129.572306,15.912388,0.0,122.718686,15.172353,0.021747,1075.388179,115.133338,0.161416
55.66,182.862198,144.649744,95.0,170.543368,143.331137,94.994304,130.090121,15.97598,0.0,123.365804,15.249823,0.020974,1078.817271,115.502897,0.155683
55.67,184.165382,144.809784,95.0,171.783373,143.484395,94.994506,130.594338,16.037901,0.0,124.000501,15.325751,0.020229,1082.130946,115.860137,0.150155
55.68,185.473538,144.970435,95.0,173.0296,143.638396,94.994701,131.084874,16.098142,0.0,124.622665,15.400124,0.019511,1085.328668,116.205001,0.144822
55.69,186.786531,145.131679,95.0,174.281922,143.793125,94.994889,131.561646,16.156693,0.0,125.232189,15.472929,0.018818,1088.40992,116.537431,0.139679
55.7,188.104221,145.293501,95.0,175.540212,143.948567,94.995071,132.024574,16.213544,0.0,125.828967,15.544153,0.01815,1091.374206,116.857373,0.134719
55.71,189.426469,145.455882,95.0,176.804341,144.104705,94.995246,132.473581,16.268685,0.0,126.412896,15.613783,0.017505,1094.22105,117.164776,0.129935
55.72,190.753137,145.618806,95.0,178.074179,144.261523,94.995415,132.908591,16.322108,0.0,126.983875,15.681809,0.016884,1096.949994,117.45959,0.12532
55.73,192.084084,145.782256,95.0,179.349597,144.419005,94.995577,133.329532,16.373802,0.0,127.541806,15.748219,0.016284,1099.560601,117.741767,0.12087
55.74,193.419169,145.946214,95.0,180.630463,144.577135,94.995734,133.736334,16.42376,0.0,128.086592,15.813,0.015706,1102.052454,118.011262,0.116577
55.75,194.758251,146.110662,95.0,181.916645,144.735896,94.995886,134.12893,16.471974,0.0,128.618142,15.876142,0.015148,1104.425153,118.26803,0.112437
55.76,196.101186,146.275584,95.0,183.208008,144.895273,94.996032,134.507254,16.518435,0.0,129.136363,15.937634,0.01461,1106.678321,118.512031,0.108444
55.77,197.447832,146.440962,95.0,184.50442,145.055247,94.996173,134.871244,16.563135,0.0,129.641168,15.997465,0.014091,1108.8116,118.743225,0.104593
55.78,198.798046,146.606778,95.0,185.805745,145.215804,94.996309,135.220839,16.606068,0.0,130.13247,16.055626,0.013591,1110.824648,118.961575,0.100879
55.79,200.151682,146.773014,95.0,187.111847,145.376925,94.99644,135.555982,16.647226,0.0,130.610186,16.112107,0.013108,1112.717149,119.167046,0.097296
55.8,201.508597,146.939652,95.0,188.422589,145.538594,94.996566,135.876617,16.686602,0.0,131.074234,16.166897,0.012643,1114.4888,119.359605,0.093841
55.81,202.868645,147.106676,95.0,189.737834,145.700794,94.996688,136.182691,16.72419,0.0,131.524537,16.219988,0.012194,1116.139323,119.539221,0.090509
55.82,204.23168,147.274066,95.0,191.057444,145.863507,94.996806,136.474155,16.759984,0.0,131.961018,16.271371,0.011761,1117.668457,119.705866,0.087294
55.83,205.597555,147.441805,95.0,192.38128,146.026718,94.996919,136.75096,16.793978,0.0,132.383604,16.321037,0.011343,1119.075961,119.859512,0.084194
55.84,206.966125,147.609875,95.0,193.709203,146.190407,94.997029,137.01306,16.826165,0.0,132.792222,16.368978,0.01094,1120.361614,120.000136,0.081204
55.85,208.337242,147.778258,95.0,195.041071,146.354559,94.997134,137.260413,16.856542,0.0,133.186805,16.415185,0.010552,1121.525215,120.127714,0.078321
55.86,209.710758,147.946935,95.0,196.376744,146.519156,94.997236,137.492979,16.885103,0.0,133.567286,16.459651,0.010177,1122.56658,120.242227,0.075539
55.87,211.086525,148.115889,95.0,197.71608,146.684179,94.997334,137.710718,16.911843,0.0,133.933601,16.502369,0.009816,1123.48555,120.343656,0.072857
55.88,212.464394,148.285101,95.0,199.058937,146.849613,94.997429,137.913595,16.936757,0.0,134.285689,16.54333,0.009467,1124.28198,120.431986,0.070269
55.89,213.844218,148.454553,95.0,200.405171,147.015438,94.99752,138.101578,16.959843,0.0,134.623491,16.582529,0.009131,1124.955748,120.507202,0.067774
55.9,215.225846,148.624227,95.0,201.754641,147.181638,94.997608,138.274636,16.981096,0.0,134.946949,16.619959,0.008807,1125.50675,120.569293,0.065367
55.91,216.60913,148.794104,95.0,203.107201,147.348194,94.997693,138.432739,17.000512,0.0,135.256012,16.655614,0.008494,1125.934904,120.618249,0.063046
55.92,217.99392,148.964166,95.0,204.462707,147.515089,94.997775,138.575863,17.018088,0.0,135.550625,16.689487,0.008192,1126.240146,120.654062,0.060807
55.93,219.380066,149.134394,95.0,205.821015,147.682304,94.997854,138.703984,17.033823,0.0,135.830741,16.721573,0.007901,1126.42243,120.676726,0.058647
55.94,220.767418,149.304771,95.0,207.181978,147.849823,94.99793,138.81708,17.047712,0.0,136.096313,16.751866,0.007621,1126.481733,120.686239,0.056565
55.95,222.155825,149.475277,95.0,208.545451,148.017627,94.998004,138.915135,17.059753,0.0,136.347297,16.780362,0.00735,1126.41805,120.682599,0.054556
55.96,223.545137,149.645894,95.0,209.911287,148.185697,94.998075,138.998131,17.069946,0.0,136.58365,16.807056,0.007089,1126.231395,120.665807,0.052618
55.97,224.935204,149.816604,95.0,211.279341,148.354017,94.998143,139.066056,17.078288,0.0,136.805334,16.831944,0.006837,1125.921802,120.635865,0.05075
55.98,226.325875,149.987388,95.0,212.649464,148.522567,94.998209,139.118898,17.084777,0.0,137.012312,16.85502,0.006594,1125.489327,120.59278,0.048948
55.99,227.716998,150.158228,95.0,214.021509,148.69133,94.998273,139.156648,17.089413,0.0,137.204549,16.876282,0.00636,1124.934043,120.536558,0.047209
56.0,229.108424,150.329105,95.0,215.395329,148.860287,94.998334,139.1793,17.092195,0.0,137.382013,16.895726,0.006134,1124.256042,120.467208,0.045533
56.01,230.5,150.5,95.0,216.770776,149.02942,94.998393,139.186852,17.093122,0.0,137.544676,16.913348,0.005917,1123.455439,120.384742,0.043916
56.02,231.891576,150.670895,95.0,218.147701,149.198712,94.99845,139.1793,17.092195,0.0,137.692509,16.929146,0.005706,1122.532365,120.289173,0.042356
56.03,233.283002,150.841772,95.0,219.525956,149.368143,94.998505,139.156648,17.089413,0.0,137.825488,16.943116,0.005504,1121.486974,120.180517,0.040852
56.04,234.674125,151.012612,95.0,220.905392,149.537696,94.998558,139.118898,17.084777,0.0,137.943592,16.955258,0.005308,1120.319437,120.058791,0.039401
56.05,236.064796,151.183396,95.0,222.28586,149.707351,94.99861,139.066056,17.078288,0.0,138.0468,16.965568,0.00512,1119.029946,119.924016,0.038002
56.06,237.454863,151.354106,95.0,223.667211,149.877092,94.998659,138.998131,17.069946,0.0,138.135095,16.974045,0.004938,1117.618712,119.776214,0.036653
56.07,238.844175,151.524723,95.0,225.049296,150.046899,94.998707,138.915135,17.059753,0.0,138.208463,16.980687,0.004763,1116.085967,119.615408,0.035351
56.08,240.232582,151.695229,95.0,226.431965,150.216754,94.998752,138.81708,17.047712,0.0,138.266892,16.985494,0.004593,1114.431961,119.441625,0.034095
56.09,241.619934,151.865606,95.0,227.815068,150.386638,94.998797,138.703984,17.033823,0.0,138.31037,16.988464,0.00443,1112.656964,119.254893,0.032885
56.1,243.00608,152.035834,95.0,229.198457,150.556534,94.998839,138.575863,17.018088,0.0,138.338892,16.989598,0.004273,1110.761267,119.055242,0.031717
56.11,244.39087,152.205896,95.0,230.581982,150.726423,94.998881,138.432739,17.000512,0.0,138.352453,16.988894,0.004121,1108.745178,118.842705,0.03059
56.12,245.774154,152.375773,95.0,231.965492,150.896287,94.99892,138.274636,16.981096,0.0,138.351049,16.986353,0.003975,1106.609028,118.617317,0.029504
56.13,247.155782,152.545447,95.0,233.348839,151.066106,94.998959,138.101578,16.959843,0.0,138.334681,16.981975,0.003834,1104.353166,118.379114,0.028456
56.14,248.535606,152.714899,95.0,234.731873,151.235864,94.998996,137.913595,16.936757,0.0,138.303351,16.975761,0.003698,1101.97796,118.128135,0.027446
56.15,249.913475,152.884111,95.0,236.114443,151.405541,94.999031,137.710718,16.911843,0.0,138.257064,16.967711,0.003566,1099.483798,117.864422,0.026471
56.16,251.289242,153.053065,95.0,237.496401,151.575119,94.999066,137.492979,16.885103,0.0,138.195828,16.957828,0.00344,1096.871088,117.588017,0.025531
56.17,252.662758,153.221742,95.0,238.877598,151.74458,94.999099,137.260413,16.856542,0.0,138.119652,16.946113,0.003317,1094.140258,117.298965,0.024624
56.18,254.033875,153.390125,95.0,240.257883,151.913906,94.999131,137.01306,16.826165,0.0,138.028549,16.932567,0.0032,1091.291756,116.997314,0.02375
56.19,255.402445,153.558195,95.0,241.637109,152.083078,94.999162,136.75096,16.793978,0.0,137.922533,16.917194,0.003086,1088.326048,116.683113,0.022906
56.2,256.76832,153.725934,95.0,243.015125,152.252078,94.999192,136.474155,16.759984,0.0,137.801622,16.899994,0.002976,1085.243621,116.356414,0.022093
56.21,258.131355,153.893324,95.0,244.391783,152.420888,94.99922,136.182691,16.72419,0.0,137.665836,16.880972,0.002871,1082.044981,116.01727,0.021308
56.22,259.491403,154.060348,95.0,245.766935,152.589489,94.999248,135.876617,16.686602,0.0,137.515196,16.860129,0.002769,1078.730654,115.665737,0.020552
56.23,260.848318,154.226986,95.0,247.140433,152.757864,94.999275,135.555982,16.647226,0.0,137.349726,16.837471,0.00267,1075.301186,115.301874,0.019822
56.24,262.201954,154.393222,95.0,248.512127,152.925994,94.9993,135.220839,16.606068,0.0,137.169455,16.813,0.002576,1071.757141,114.925739,0.019118
56.25,263.552168,154.559038,95.0,249.881871,153.093861,94.999325,134.871244,16.563135,0.0,136.974412,16.78672,0.002484,1068.099106,114.537396,0.018439
56.26,264.898814,154.724416,95.0,251.249518,153.261447,94.999349,134.507254,16.518435,0.0,136.764628,16.758635,0.002396,1064.327684,114.136907,0.017784
56.27,266.241749,154.889338,95.0,252.614919,153.428735,94.999372,134.12893,16.471974,0.0,136.540137,16.728751,0.002311,1060.4435,113.724341,0.017153
56.28,267.580831,155.053786,95.0,253.977929,153.595706,94.999395,133.736334,16.42376,0.0,136.300978,16.697072,0.002229,1056.447198,113.299765,0.016544
56.29,268.915916,155.217744,95.0,255.338401,153.762342,94.999416,133.329532,16.373802,0.0,136.047189,16.663603,0.00215,1052.339441,112.863249,0.015956
56.3,270.246863,155.381194,95.0,256.696189,153.928625,94.999437,132.908591,16.322108,0.0,135.778812,16.62835,0.002073,1048.120912,112.414866,0.015389
56.31,271.573531,155.544118,95.0,258.051148,154.094538,94.999457,132.473581,16.268685,0.0,135.49589,16.591319,0.002,1043.792314,111.954692,0.014843
56.32,272.895779,155.706499,95.0,259.403132,154.260063,94.999476,132.024574,16.213544,0.0,135.198472,16.552515,0.001929,1039.354371,111.482802,0.014316
56.33,274.213469,155.868321,95.0,260.751998,154.425183,94.999495,131.561646,16.156693,0.0,134.886606,16.511946,0.00186,1034.807823,110.999277,0.013807
56.34,275.526462,156.029565,95.0,262.097602,154.589879,94.999513,131.084874,16.098142,0.0,134.560343,16.469617,0.001794,1030.153434,110.504197,0.013317
56.35,276.834618,156.190216,95.0,263.439799,154.754134,94.99953,130.594338,16.037901,0.0,134.219738,16.425537,0.00173,1025.391984,109.997644,0.012844
56.36,278.137802,156.350256,95.0,264.778448,154.917932,94.999547,130.090121,15.97598,0.0,133.864847,16.379711,0.001669,1020.524274,109.479706,0.012388
56.37,279.435876,156.509669,95.0,266.113405,155.081253,94.999563,129.572306,15.912388,0.0,133.495729,16.332149,0.00161,1015.551127,108.950469,0.011948
56.38,280.728706,156.668438,95.0,267.444529,155.244082,94.999578,129.040982,15.847138,0.0,133.112446,16.282857,0.001553,1010.473381,108.410022,0.011524
56.39,282.016156,156.826545,95.0,268.77168,155.4064,94.999593,128.496237,15.78024,0.0,132.715062,16.231844,0.001497,1005.291898,107.858458,0.011114
56.4,283.298093,156.983976,95.0,270.094716,155.568191,94.999608,127.938165,15.711705,0.0,132.303642,16.179119,0.001444,1000.007557,107.29587,0.01072
56.41,284.574385,157.140714,95.0,271.413499,155.729438,94.999622,127.36686,15.641544,0.0,131.878256,16.12469,0.001393,994.621257,106.722353,0.010339
56.42,285.844898,157.296742,95.0,272.727889,155.890124,94.999635,126.782419,15.569771,0.0,131.438975,16.068566,0.001343,989.133918,106.138007,0.009972
56.43,287.109503,157.452044,95.0,274.037747,156.050231,94.999648,126.184941,15.496396,0.0,130.985873,16.010758,0.001296,983.546479,105.542931,0.009618
56.44,288.36807,157.606605,95.0,275.342938,156.209744,94.999661,125.574529,15.421433,0.0,130.519026,15.951274,0.00125,977.859898,104.937228,0.009276
56.45,289.620469,157.760409,95.0,276.643323,156.368645,94.999673,124.951287,15.344895,0.0,130.038512,15.890124,0.001205,972.075153,104.321001,0.008947
56.46,290.866574,157.913439,95.0,277.938767,156.526919,94.999684,124.315322,15.266794,0.0,129.544413,15.82732,0.001163,966.193242,103.694358,0.008629
56.47,292.106257,158.065681,95.0,279.229135,156.684547,94.999695,123.666743,15.187144,0.0,129.036812,15.762871,0.001121,960.215183,103.057406,0.008323
56.48,293.339393,158.217118,95.0,280.514293,156.841515,94.999706,123.005662,15.105959,0.0,128.515796,15.696789,0.001081,954.142012,102.410257,0.008027
56.49,294.565857,158.367737,95.0,281.794108,156.997806,94.999717,122.332194,15.023252,0.0,127.981452,15.629085,0.001043,947.974787,101.753023,0.007742
56.5,295.785526,158.517521,95.0,283.068446,157.153404,94.999727,121.646455,14.939038,0.0,127.433872,15.55977,0.001006,941.714584,101.08582,0.007467
56.51,296.998279,158.666455,95.0,284.337178,157.308292,94.999736,120.948564,14.853332,0.0,126.873149,15.488857,0.00097,935.362499,100.408763,0.007202
56.52,298.203994,158.814526,95.0,285.600172,157.462456,94.999746,120.238644,14.766149,0.0,126.299378,15.416357,0.000936,928.919647,99.721974,0.006946
56.53,299.402551,158.961717,95.0,286.857298,157.615879,94.999755,119.516818,14.677504,0.0,125.712659,15.342282,0.000903,922.387165,99.025571,0.006699
56.54,300.593832,159.108014,95.0,288.108429,157.768545,94.999764,118.783212,14.587412,0.0,125.113092,15.266646,0.000871,915.766207,98.31968,0.006462
56.55,301.777721,159.253404,95.0,289.353437,157.92044,94.999772,118.037957,14.495889,0.0,124.50078,15.189462,0.00084,909.057949,97.604426,0.006232
56.56,302.9541,159.397872,95.0,290.592195,158.071547,94.99978,117.281183,14.402952,0.0,123.875829,15.110743,0.00081,902.263583,96.879935,0.006011
56.57,304.122856,159.541403,95.0,291.824579,158.221852,94.999788,116.513024,14.308617,0.0,123.238347,15.030503,0.000781,895.384326,96.146338,0.005797
56.58,305.283876,159.683985,95.0,293.050463,158.37134,94.999795,115.733617,14.2129,0.0,122.588445,14.948755,0.000753,888.42141,95.403767,0.005591
56.59,306.437048,159.825602,95.0,294.269725,158.519995,94.999803,114.943101,14.115819,0.0,121.926235,14.865514,0.000727,881.376088,94.652356,0.005393
56.6,307.582261,159.966243,95.0,295.482244,158.667803,94.99981,114.141617,14.017392,0.0,121.251833,14.780794,0.000701,874.249634,93.89224,0.005201
56.61,308.719406,160.105892,95.0,296.687897,158.814749,94.999816,113.329309,13.917634,0.0,120.565358,14.694611,0.000676,867.043341,93.123558,0.005017
56.62,309.848377,160.244537,95.0,297.886567,158.960819,94.999823,112.506323,13.816566,0.0,119.866929,14.606979,0.000652,859.758521,92.34645,0.004838
56.63,310.969066,160.382166,95.0,299.078133,159.105998,94.999829,111.672808,13.714204,0.0,119.156669,14.517914,0.000629,852.396506,91.561058,0.004667
56.64,312.08137,160.518765,95.0,300.26248,159.250272,94.999835,110.828914,13.610568,0.0,118.434705,14.427432,0.000606,844.958648,90.767527,0.004501
56.65,313.185185,160.654321,95.0,301.439492,159.393628,94.999841,109.974796,13.505677,0.0,117.701162,14.335548,0.000585,837.446317,89.966004,0.004341
56.66,314.28041,160.788822,95.0,302.609054,159.53605,94.999847,109.11061,13.399549,0.0,116.956173,14.24228,0.000564,829.860906,89.156637,0.004187
56.67,315.366946,160.922257,95.0,303.771052,159.677527,94.999852,108.236515,13.292204,0.0,116.199869,14.147643,0.000544,822.203824,88.339577,0.004038
56.68,316.444693,161.054611,95.0,304.925376,159.818043,94.999857,107.35267,13.183661,0.0,115.432386,14.051656,0.000525,814.476503,87.514977,0.003895
56.69,317.513555,161.185875,95.0,306.071915,159.957587,94.999863,106.45924,13.073942,0.0,114.653862,13.954334,0.000506,806.680392,86.682993,0.003757
56.7,318.573438,161.316036,95.0,307.210559,160.096144,94.999867,105.556391,12.963066,0.0,113.864436,13.855696,0.000488,798.816961,85.84378,0.003623
56.71,319.624248,161.445083,95.0,308.341202,160.233701,94.999872,104.644291,12.851053,0.0,113.06425,13.75576,0.000471,790.887698,84.997499,0.003494
56.72,320.665892,161.573004,95.0,309.463736,160.370247,94.999877,103.723111,12.737926,0.0,112.253451,13.654543,0.000454,782.894115,84.144311,0.00337
56.73,321.698282,161.699789,95.0,310.578058,160.505767,94.999881,102.793024,12.623705,0.0,111.432185,13.552064,0.000438,774.837737,83.28438,0.003251
56.74,322.721329,161.825426,95.0,311.684064,160.640251,94.999885,101.854206,12.508411,0.0,110.600603,13.448343,0.000422,766.720116,82.41787,0.003135
56.75,323.734947,161.949906,95.0,312.781653,160.773685,94.999889,100.906835,12.392067,0.0,109.758856,13.343397,0.000407,758.542817,81.544951,0.003024
56.76,324.739051,162.073217,95.0,313.870724,160.906057,94.999893,99.951092,12.274696,0.0,108.9071,13.237247,0.000393,750.307429,80.665791,0.002916
56.77,325.733558,162.195349,95.0,314.951179,161.037356,94.999897,98.98716,12.156318,0.0,108.045492,13.129913,0.000379,742.015559,79.780562,0.002813
56.78,326.718388,162.316293,95.0,316.022921,161.167571,94.999901,98.015224,12.036957,0.0,107.174191,13.021413,0.000366,733.668835,78.889439,0.002713
56.79,327.693461,162.436039,95.0,317.085854,161.296688,94.999904,97.035473,11.916637,0.0,106.29336,12.911769,0.000353,725.268902,77.992599,0.002617
56.8,328.6587,162.554577,95.0,318.139886,161.424698,94.999908,96.048097,11.79538,0.0,105.403164,12.801001,0.00034,716.817427,77.090218,0.002524
56.81,329.614029,162.671898,95.0,319.184924,161.55159,94.999911,95.053289,11.673211,0.0,104.503769,12.68913,0.000328,708.316096,76.182478,0.002434
56.82,330.559377,162.787994,95.0,320.220877,161.677351,94.999914,94.051245,11.550153,0.0,103.595345,12.576177,0.000316,699.766615,75.269561,0.002348
56.83,331.49467,162.902854,95.0,321.247658,161.801973,94.999917,93.042162,11.42623,0.0,102.678065,12.462164,0.000305,691.170708,74.351652,0.002264
56.84,332.41984,163.016472,95.0,322.265179,161.925444,94.99992,92.02624,11.301468,0.0,101.752102,12.347112,0.000294,682.530122,73.428937,0.002184
56.85,333.33482,163.128838,95.0,323.273355,162.047754,94.999923,91.003684,11.175891,0.0,100.817634,12.231044,0.000284,673.846619,72.501606,0.002106
56.86,334.239543,163.239944,95.0,324.272103,162.168894,94.999926,89.974696,11.049524,0.0,99.874841,12.113982,0.000274,665.121986,71.569849,0.002032
56.87,335.133948,163.349783,95.0,325.261342,162.288854,94.999928,88.939487,10.922393,0.0,98.923903,11.995948,0.000264,656.358025,70.633859,0.001959
56.88,336.017972,163.458347,95.0,326.240992,162.407623,94.999931,87.898265,10.794524,0.0,97.965005,11.876967,0.000255,647.55656,69.693832,0.00189
56.89,336.891557,163.56563,95.0,327.210976,162.525194,94.999933,86.851243,10.665942,0.0,96.998334,11.75706,0.000246,638.719434,68.749965,0.001823
56.9,337.754645,163.671623,95.0,328.171217,162.641557,94.999936,85.798636,10.536675,0.0,96.02408,11.636252,0.000237,629.848511,67.802457,0.001758
56.91,338.607182,163.776321,95.0,329.121641,162.756702,94.999938,84.740663,10.406748,0.0,95.042433,11.514566,0.000228,620.945673,66.85151,0.001696
56.92,339.449116,163.879716,95.0,330.062177,162.870623,94.99994,83.677542,10.276189,0.0,94.053589,11.392028,0.00022,612.012821,65.897328,0.001635
56.93,340.280396,163.981803,95.0,330.992754,162.983309,94.999942,82.609497,10.145026,0.0,93.057743,11.26866,0.000212,603.051879,64.940116,0.001577
56.94,341.100974,164.082576,95.0,331.913305,163.094754,94.999944,81.536752,10.013285,0.0,92.055096,11.144489,0.000205,594.064787,63.980083,0.001521
56.95,341.910803,164.182028,95.0,332.823764,163.204949,94.999946,80.459534,9.880995,0.0,91.045847,11.019539,0.000198,585.053507,63.017437,0.001467
56.96,342.709841,164.280156,95.0,333.724066,163.313888,94.999948,79.378074,9.748185,0.0,90.030202,10.893836,0.000191,576.02002,62.052392,0.001415
56.97,343.498047,164.376953,95.0,334.614149,163.421562,94.99995,78.292604,9.614881,0.0,89.008367,10.767405,0.000184,566.966326,61.085161,0.001365
56.98,344.275381,164.472415,95.0,335.493955,163.527965,94.999952,77.203358,9.481114,0.0,87.98055,10.640273,0.000177,557.894445,60.115961,0.001316
56.99,345.041806,164.566538,95.0,336.363425,163.633089,94.999954,76.110574,9.346913,0.0,86.946964,10.512466,0.000171,548.806417,59.14501,0.00127
57.0,345.797289,164.659316,95.0,337.222503,163.736929,94.999955,75.014492,9.212306,0.0,85.907821,10.38401,0.000165,539.704302,58.17253,0.001225
57.01,346.541798,164.750747,95.0,338.071136,163.839479,94.999957,73.915353,9.077324,0.0,84.863338,10.254932,0.000159,530.590179,57.198741,0.001181
57.02,347.275303,164.840827,95.0,338.909273,163.940731,94.999958,72.813402,8.941997,0.0,83.813735,10.12526,0.000153,521.466147,56.22387,0.001139
57.03,347.997778,164.929552,95.0,339.736866,164.040681,94.99996,71.708886,8.806354,0.0,82.759231,9.995021,0.000148,512.334323,55.248143,0.001099
57.04,348.709198,165.016919,95.0,340.553866,164.139324,94.999961,70.602055,8.670428,0.0,81.700051,9.864243,0.000143,503.196848,54.27179,0.00106
57.05,349.409542,165.102926,95.0,341.36023,164.236653,94.999963,69.49316,8.534248,0.0,80.636421,9.732954,0.000138,494.055877,53.29504,0.001022
57.06,350.098789,165.187571,95.0,342.155916,164.332665,94.999964,68.382457,8.397846,0.0,79.568569,9.601183,0.000133,484.913589,52.318128,0.000986
57.07,350.776923,165.27085,95.0,342.940883,164.427355,94.999965,67.270201,8.261253,0.0,78.496726,9.468958,0.000128,475.772181,51.341289,0.000951
57.08,351.443931,165.352763,95.0,343.715095,164.520718,94.999966,66.156653,8.124501,0.0,77.421127,9.336308,0.000124,466.63387,50.36476,0.000917
57.09,352.099799,165.433309,95.0,344.478515,164.612751,94.999968,65.042074,7.987623,0.0,76.342006,9.203263,0.000119,457.500892,49.388781,0.000884
57.1,352.74452,165.512485,95.0,345.231111,164.703449,94.999969,63.926727,7.850651,0.0,75.259602,9.069853,0.000115,448.375503,48.413594,0.000853
57.11,353.378087,165.590291,95.0,345.972852,164.79281,94.99997,62.810881,7.713617,0.0,74.174157,8.936107,0.000111,439.259979,47.439442,0.000823
57.12,354.000496,165.666728,95.0,346.703711,164.880831,94.999971,61.694804,7.576555,0.0,73.085913,8.802055,0.000107,430.156615,46.466571,0.000793
57.13,354.611746,165.741793,95.0,347.423663,164.967508,94.999972,60.578768,7.439498,0.0,71.995115,8.667729,0.000103,421.067727,45.49523,0.000765
57.14,355.21184,165.815489,95.0,348.132683,165.05284,94.999973,59.463047,7.302479,0.0,70.902014,8.533159,9.9e-05,411.99565,44.525667,0.000738
57.15,355.800781,165.887815,95.0,348.830751,165.136823,94.999974,58.347917,7.165534,0.0,69.806858,8.398376,9.6e-05,402.942737,43.558137,0.000712
57.16,356.378577,165.958773,95.0,349.51785,165.219457,94.999975,57.233657,7.028695,0.0,68.709901,8.263411,9.3e-05,393.911363,42.592892,0.000687
57.17,356.945239,166.028363,95.0,350.193964,165.30074,94.999976,56.120549,6.891997,0.0,67.611399,8.128297,8.9e-05,384.903922,41.63019,0.000662
57.18,357.500778,166.096587,95.0,350.85908,165.380671,94.999977,55.008877,6.755476,0.0,66.51161,7.993066,8.6e-05,375.922827,40.67029,0.000639
57.19,358.045211,166.163447,95.0,351.513188,165.459249,94.999977,53.898928,6.619167,0.0,65.410794,7.857749,8.3e-05,366.970511,39.71345,0.000616
57.2,358.578556,166.228946,95.0,352.156281,165.536472,94.999978,52.790989,6.483104,0.0,64.309215,7.72238,8e-05,358.049427,38.759936,0.000594
57.21,359.100836,166.293085,95.0,352.788352,165.612342,94.999979,51.685352,6.347324,0.0,63.207137,7.586991,7.7e-05,349.162047,37.810011,0.000573
57.22,359.612074,166.355869,95.0,353.4094,165.686858,94.99998,50.582311,6.211863,0.0,62.104829,7.451616,7.4e-05,340.310864,36.863942,0.000553
57.23,360.112298,166.4173,95.0,354.019426,165.760021,94.99998,49.482163,6.076757,0.0,61.00256,7.316288,7.2e-05,331.498389,35.921999,0.000533
57.24,360.601538,166.477382,95.0,354.618432,165.831832,94.999981,48.385205,5.942043,0.0,59.900605,7.181042,6.9e-05,322.727153,34.984453,0.000514
57.25,361.079828,166.536119,95.0,355.206424,165.902291,94.999982,47.291739,5.807757,0.0,58.799237,7.045911,6.7e-05,313.999708,34.051577,0.000496
57.26,361.547204,166.593516,95.0,355.783412,165.9714,94.999982,46.202069,5.673938,0.0,57.698736,6.91093,6.4e-05,305.318623,33.123647,0.000478
57.27,362.003706,166.649578,95.0,356.349405,166.039161,94.999983,45.116501,5.540623,0.0,56.59938,6.776134,6.2e-05,296.686491,32.20094,0.000461
57.28,362.449376,166.704309,95.0,356.90442,166.105577,94.999984,44.035342,5.407849,0.0,55.501452,6.641557,6e-05,288.10592,31.283737,0.000445
57.29,362.884259,166.757716,95.0,357.448472,166.170649,94.999984,42.958905,5.275655,0.0,54.405238,6.507235,5.8e-05,279.579541,30.372318,0.000429
57.3,363.308406,166.809804,95.0,357.981583,166.234381,94.999985,41.887502,5.144079,0.0,53.311026,6.373205,5.6e-05,271.110002,29.466968,0.000414
57.31,363.721866,166.86058,95.0,358.503774,166.296776,94.999985,40.821449,5.01316,0.0,52.219104,6.239501,5.4e-05,262.699973,28.567973,0.000399
57.32,364.124697,166.91005,95.0,359.015071,166.357838,94.999986,39.761065,4.882938,0.0,51.129766,6.10616,5.2e-05,254.352142,27.675621,0.000385
57.33,364.516955,166.958223,95.0,359.515504,166.41757,94.999986,38.706671,4.753451,0.0,50.043307,5.973219,5e-05,246.069219,26.790203,0.000371
57.34,364.898703,167.005104,95.0,360.005105,166.475977,94.999987,37.658589,4.624739,0.0,48.960023,5.840715,4.8e-05,237.853929,25.91201,0.000358
57.35,365.270005,167.050702,95.0,360.483907,166.533064,94.999987,36.617145,4.496842,0.0,47.880215,5.708684,4.7e-05,229.709022,25.041337,0.000345
57.36,365.630929,167.095026,95.0,360.951949,166.588836,94.999988,35.582668,4.369801,0.0,46.804186,5.577165,4.5e-05,221.637265,24.178481,0.000333
57.37,365.981546,167.138085,95.0,361.409271,166.643298,94.999988,34.555489,4.243656,0.0,45.732239,5.446195,4.3e-05,213.641445,23.323741,0.000321
57.38,366.321931,167.179886,95.0,361.855918,166.696456,94.999989,33.535939,4.118449,0.0,44.664682,5.315812,4.2e-05,205.724368,22.477417,0.00031
57.39,366.652163,167.220441,95.0,362.291936,166.748316,94.999989,32.524355,3.994219,0.0,43.601825,5.186055,4e-05,197.88886,21.639812,0.000299
57.4,366.972321,167.259759,95.0,362.717376,166.798886,94.999989,31.521075,3.871009,0.0,42.543979,5.056962,3.9e-05,190.137768,20.811232,0.000288
57.41,367.282492,167.29785,95.0,363.13229,166.848172,94.99999,30.526439,3.748861,0.0,41.49146,4.928572,3.7e-05,182.473957,19.991983,0.000278
57.42,367.582763,167.334725,95.0,363.536736,166.896181,94.99999,29.540791,3.627816,0.0,40.444584,4.800925,3.6e-05,174.900313,19.182375,0.000268
57.43,367.873226,167.370396,95.0,363.930773,166.942922,94.999991,28.564475,3.507918,0.0,39.403671,4.674061,3.5e-05,167.41974,18.38272,0.000259
57.44,368.153975,167.404874,95.0,364.314463,166.988402,94.999991,27.597839,3.389208,0.0,38.369043,4.548018,3.4e-05,160.035164,17.59333,0.000249
57.45,368.42511,167.438171,95.0,364.687874,167.03263,94.999991,26.641233,3.27173,0.0,37.341024,4.422838,3.2e-05,152.749528,16.814521,0.000241
57.46,368.686732,167.4703,95.0,365.051073,167.075616,94.999992,25.695011,3.155528,0.0,36.319942,4.298561,3.1e-05,145.565795,16.046612,0.000232
57.47,368.938947,167.501274,95.0,365.404134,167.117368,94.999992,24.759528,3.040644,0.0,35.306125,4.175228,3e-05,138.486951,15.289921,0.000224
57.48,369.181865,167.531106,95.0,365.747133,167.157897,94.999992,23.835141,2.927123,0.0,34.299905,4.052879,2.9e-05,131.515998,14.544772,0.000216
57.49,369.415597,167.55981,95.0,366.080149,167.197212,94.999992,22.92221,2.815008,0.0,33.301616,3.931557,2.8e-05,124.655959,13.811487,0.000208
57.5,369.64026,167.5874,95.0,366.403265,167.235326,94.999993,22.021098,2.704345,0.0,32.311596,3.811303,2.7e-05,117.909877,13.090394,0.000201
57.51,369.855975,167.613892,95.0,366.716567,167.272247,94.999993,21.13217,2.595179,0.0,31.330183,3.692159,2.6e-05,111.280814,12.38182,0.000194
57.52,370.062864,167.639299,95.0,367.020144,167.307989,94.999993,20.255793,2.487554,0.0,30.357719,3.574167,2.5e-05,104.771851,11.686097,0.000187
57.53,370.261056,167.663638,95.0,367.31409,167.342562,94.999993,19.392338,2.381515,0.0,29.394548,3.45737,2.4e-05,98.38609,11.003555,0.00018
57.54,370.450681,167.686926,95.0,367.5985,167.375981,94.999994,18.542176,2.277109,0.0,28.441016,3.341811,2.3e-05,92.126654,10.334531,0.000174
57.55,370.631874,167.709178,95.0,367.873475,167.408256,94.999994,17.705683,2.174382,0.0,27.497473,3.227534,2.3e-05,85.996681,9.67936,0.000168
57.56,370.804774,167.730411,95.0,368.139118,167.439402,94.999994,16.883236,2.07338,0.0,26.56427,3.114581,2.2e-05,79.999334,9.038382,0.000162
57.57,370.969522,167.750643,95.0,368.395535,167.469432,94.999994,16.075215,1.974149,0.0,25.641761,3.002996,2.1e-05,74.137792,8.411938,0.000156
57.58,371.126266,167.769892,95.0,368.642838,167.49836,94.999994,15.282002,1.876737,0.0,24.730302,2.892825,2e-05,68.415255,7.800371,0.00015
57.59,371.275154,167.788177,95.0,368.881141,167.526201,94.999995,14.503981,1.781191,0.0,23.830252,2.78411,2e-05,62.834942,7.204026,0.000145
57.6,371.416342,167.805516,95.0,369.11056,167.55297,94.999995,13.74154,1.687558,0.0,22.941973,2.676897,1.9e-05,57.400093,6.62325,0.00014
57.61,371.549986,167.821928,95.0,369.331219,167.578682,94.999995,12.995069,1.595886,0.0,22.065827,2.571232,1.8e-05,52.113967,6.058392,0.000135
57.62,371.676248,167.837434,95.0,369.543241,167.603354,94.999995,12.264959,1.506223,0.0,21.202182,2.467158,1.8e-05,46.979842,5.509805,0.00013
57.63,371.795294,167.852054,95.0,369.746755,167.627001,94.999995,11.551605,1.418618,0.0,20.351406,2.364723,1.7e-05,42.001017,4.977842,0.000126
57.64,371.907293,167.865808,95.0,369.941893,167.649641,94.999996,10.855404,1.33312,0.0,19.51387,2.263971,1.6e-05,37.180808,4.462859,0.000121
57.65,372.012418,167.878718,95.0,370.128793,167.67129,94.999996,10.176756,1.249777,0.0,18.689947,2.164949,1.6e-05,32.522555,3.965213,0.000117
57.66,372.110849,167.890806,95.0,370.307593,167.691967,94.999996,9.516062,1.168639,0.0,17.880014,2.067705,1.5e-05,28.029613,3.485264,0.000113
57.67,372.202764,167.902094,95.0,370.478437,167.71169,94.999996,8.873727,1.089756,0.0,17.084449,1.972283,1.5e-05,23.705359,3.023376,0.000109
57.68,372.288352,167.912605,95.0,370.641474,167.730478,94.999996,8.250157,1.013177,0.0,16.303633,1.878733,1.4e-05,19.553191,2.579911,0.000105
57.69,372.3678,167.922361,95.0,370.796853,167.748349,94.999996,7.645762,0.938953,0.0,15.537949,1.7871,1.4e-05,15.576524,2.155236,0.000101
57.7,372.441303,167.931388,95.0,370.944731,167.765323,94.999996,7.060954,0.867135,0.0,14.787784,1.697434,1.3e-05,11.778795,1.74972,9.7e-05
57.71,372.509058,167.939709,95.0,371.085266,167.781421,94.999997,6.496146,0.797772,0.0,14.053525,1.609781,1.3e-05,8.163457,1.363734,9.4e-05
57.72,372.571269,167.947349,95.0,371.218622,167.796663,94.999997,5.951756,0.730917,0.0,13.335564,1.524191,1.2e-05,4.733988,0.997649,9.1e-05
57.73,372.62814,167.954333,95.0,371.344965,167.81107,94.999997,5.428203,0.666621,0.0,12.634293,1.440712,1.2e-05,1.493881,0.651841,8.7e-05
57.74,372.679883,167.960687,95.0,371.464466,167.824664,94.999997,4.925907,0.604936,0.0,11.950108,1.359393,1.1e-05,-1.55335,0.326686,8.4e-05
57.75,372.726712,167.966438,95.0,371.5773,167.837466,94.999997,4.445294,0.545913,0.0,11.283408,1.280283,1.1e-05,-4.404169,0.022564,8.1e-05
57.76,372.768845,167.971613,95.0,371.683646,167.849501,94.999997,3.986789,0.489606,0.0,10.634593,1.203432,1.1e-05,-7.055023,-0.260144,7.8e-05
57.77,372.806507,167.976238,95.0,371.783687,167.86079,94.999997,3.550822,0.436066,0.0,10.004066,1.12889,1e-05,-9.502339,-0.521056,7.6e-05
57.78,372.839925,167.980342,95.0,371.877609,167.871357,94.999997,3.137824,0.385347,0.0,9.392232,1.056706,1e-05,-11.742524,-0.759785,7.3e-05
57.79,372.86933,167.983953,95.0,371.965604,167.881226,94.999997,2.748228,0.337502,0.0,8.7995,0.986932,9e-06,-13.771965,-0.975944,7e-05
57.8,372.894958,167.9871,95.0,372.047867,167.890422,94.999998,2.382472,0.292584,0.0,8.22628,0.919618,9e-06,-15.587029,-1.169144,6.8e-05
57.81,372.917051,167.989813,95.0,372.124597,167.89897,94.999998,2.040994,0.250648,0.0,7.672984,0.854815,9e-06,-17.184065,-1.338994,6.5e-05
57.82,372.935853,167.992122,95.0,372.195997,167.906896,94.999998,1.724235,0.211748,0.0,7.140029,0.792575,9e-06,-18.559401,-1.485098,6.3e-05
57.83,372.951613,167.994058,95.0,372.262275,167.914226,94.999998,1.432638,0.175938,0.0,6.627832,0.73295,8e-06,-19.709344,-1.607062,6.1e-05
57.84,372.964585,167.995651,95.0,372.323643,167.920986,94.999998,1.166651,0.143273,0.0,6.136813,0.67599,8e-06,-20.630185,-1.704487,5.9e-05
57.85,372.975028,167.996933,95.0,372.380317,167.927203,94.999998,0.926721,0.113808,0.0,5.667395,0.621749,8e-06,-21.318193,-1.776973,5.7e-05
57.86,372.983204,167.997937,95.0,372.432517,167.932906,94.999998,0.7133,0.087598,0.0,5.220003,0.57028,7e-06,-21.769617,-1.824118,5.5e-05
57.87,372.989381,167.998696,95.0,372.480468,167.938122,94.999998,0.526841,0.0647,0.0,4.795065,0.521634,7e-06,-21.980686,-1.845517,5.3e-05
57.88,372.993831,167.999242,95.0,372.524398,167.942881,94.999998,0.3678,0.045168,0.0,4.393011,0.475866,7e-06,-21.947612,-1.840765,5.1e-05
57.89,372.996829,167.999611,95.0,372.564541,167.947211,94.999998,0.236636,0.029061,0.0,4.014273,0.433028,7e-06,-21.666585,-1.809452,4.9e-05
57.9,372.998657,167.999835,95.0,372.601134,167.951143,94.999998,0.133809,0.016433,0.0,3.659287,0.393175,6e-06,-21.133776,-1.751168,4.7e-05
57.91,372.9996,167.999951,95.0,372.634419,167.954706,94.999998,0.059783,0.007342,0.0,3.328489,0.356361,6e-06,-20.345337,-1.6655,4.6e-05
57.92,372.99995,167.999994,95.0,372.664642,167.957933,94.999998,0.015024,0.001845,0.0,3.02232,0.322639,6e-06,-19.297398,-1.552033,4.4e-05
57.93,373.0,168.0,95.0,372.692054,167.960854,94.999998,0.0,0.0,0.0,2.741223,0.292066,6e-06,-17.986072,-1.41035,4.2e-05
57.94,373.0,168.0,95.0,372.71691,167.9635,94.999999,0.0,0.0,0.0,2.485641,0.264695,6e-06,-16.407452,-1.240032,4.1e-05
57.95,373.0,168.0,95.0,372.739465,167.965905,94.999999,0.0,0.0,0.0,2.255491,0.240501,5e-06,-14.637446,-1.050462,3.9e-05
57.96,373.0,168.0,95.0,372.759951,167.968097,94.999999,0.0,0.0,0.0,2.048601,0.219139,5e-06,-12.989581,-0.879947,3.8e-05
57.97,373.0,168.0,95.0,372.778576,167.970099,94.999999,0.0,0.0,0.0,1.862508,0.200232,5e-06,-11.525111,-0.734826,3.7e-05
57.98,373.0,168.0,95.0,372.795526,167.971934,94.999999,0.0,0.0,0.0,1.695016,0.183457,5e-06,-10.223726,-0.611412,3.5e-05
57.99,373.0,168.0,95.0,372.810968,167.973619,94.999999,0.0,0.0,0.0,1.544166,0.168534,5e-06,-9.067359,-0.506548,3.4e-05
58.0,373.0,168.0,95.0,372.82505,167.975171,94.999999,0.0,0.0,0.0,1.408211,0.155223,4e-06,-8.039944,-0.417532,3.3e-05
58.01,373.0,168.0,95.0,372.837906,167.976604,94.999999,0.0,0.0,0.0,1.285592,0.143318,4e-06,-7.127185,-0.342052,3.2e-05
58.02,373.0,168.0,95.0,372.849655,167.977931,94.999999,0.0,0.0,0.0,1.174918,0.13264,4e-06,-6.316371,-0.27813,3.1e-05
58.03,373.0,168.0,95.0,372.860405,167.979161,94.999999,0.0,0.0,0.0,1.074947,0.123035,4e-06,-5.596195,-0.224072,3e-05
58.04,373.0,168.0,95.0,372.870251,167.980305,94.999999,0.0,0.0,0.0,0.984573,0.114371,4e-06,-4.956599,-0.178432,2.8e-05
58.05,373.0,168.0,95.0,372.879279,167.98137,94.999999,0.0,0.0,0.0,0.902805,0.106533,4e-06,-4.38864,-0.139969,2.7e-05
58.06,373.0,168.0,95.0,372.887566,167.982365,94.999999,0.0,0.0,0.0,0.828759,0.099422,4e-06,-3.884361,-0.107624,2.7e-05
58.07,373.0,168.0,95.0,372.895183,167.983294,94.999999,0.0,0.0,0.0,0.761648,0.092952,3e-06,-3.436689,-0.080492,2.6e-05
58.08,373.0,168.0,95.0,372.90219,167.984165,94.999999,0.0,0.0,0.0,0.700764,0.087048,3e-06,-3.039331,-0.057798,2.5e-05
58.09,373.0,168.0,95.0,372.908645,167.984981,94.999999,0.0,0.0,0.0,0.645479,0.081646,3e-06,-2.686691,-0.038879,2.4e-05
58.1,373.0,168.0,95.0,372.914597,167.985748,94.999999,0.0,0.0,0.0,0.595228,0.07669,3e-06,-2.373793,-0.023169,2.3e-05
58.11,373.0,168.0,95.0,372.920092,167.986469,94.999999,0.0,0.0,0.0,0.549508,0.072132,3e-06,-2.096213,-0.010185,2.2e-05
58.12,373.0,168.0,95.0,372.925171,167.987148,94.999999,0.0,0.0,0.0,0.507867,0.067928,3e-06,-1.850016,0.000487,2.1e-05
58.13,373.0,168.0,95.0,372.92987,167.987789,94.999999,0.0,0.0,-0.0,0.469903,0.064042,3e-06,-1.631702,0.009199,2.1e-05
58.14,373.0,168.0,94.99955,372.934223,167.988393,94.999999,0.0,0.0,-0.135277,0.435254,0.060442,3e-06,-1.43816,0.016252,2e-05
58.15,373.0,168.0,94.996447,372.938259,167.988964,94.999881,0.0,0.0,-0.531818,0.403596,0.057099,-0.011809,-1.266625,0.021904,-0.944912
58.16,373.0,168.0,94.988162,372.942005,167.989504,94.998989,0.0,0.0,-1.175872,0.37464,0.053988,-0.089261,-1.114636,0.026374,-6.314286
58.17,373.0,168.0,94.972305,372.945486,167.990015,94.996224,0.0,0.0,-2.053925,0.348126,0.051087,-0.276432,-0.980008,0.029848,-15.866234
58.18,373.0,168.0,94.946616,372.948725,167.990499,94.990233,0.0,0.0,-3.152708,0.323821,0.048378,-0.5991,-0.860796,0.032487,-28.577791
58.19,373.0,168.0,94.908967,372.95174,167.990957,94.979521,0.0,0.0,-4.459192,0.301515,0.045843,-1.071183,-0.755272,0.034425,-43.757638
58.2,373.0,168.0,94.857358,372.95455,167.991392,94.962532,0.0,0.0,-5.960589,0.281021,0.043467,-1.698905,-0.6619,0.035778,-60.929546
58.21,373.0,168.0,94.789915,372.957172,167.991804,94.937697,0.0,0.0,-7.644352,0.262172,0.041237,-2.483502,-0.579315,0.036645,-79.756881
58.22,373.0,168.0,94.704888,372.95962,167.992196,94.903467,0.0,0.0,-9.498177,0.244814,0.03914,-3.422986,-0.506304,0.037109,-99.993699
58.23,373.0,168.0,94.600646,372.961908,167.992567,94.858335,0.0,0.0,-11.509998,0.228812,0.037167,-4.513276,-0.441787,0.03724,-121.453074
58.24,373.0,168.0,94.47568,372.964048,167.99292,94.800845,0.0,0.0,-13.667995,0.214043,0.035308,-5.748949,-0.384807,0.037099,-143.986602
58.25,373.0,168.0,94.328593,372.966052,167.993256,94.729608,0.0,0.0,-15.960585,0.200397,0.033555,-7.12372,-0.334511,0.036736,-167.471137
58.26,373.0,168.0,94.158106,372.96793,167.993575,94.6433,0.0,0.0,-18.376428,0.187775,0.031899,-8.630757,-0.290144,0.036195,-191.800209
58.27,373.0,168.0,93.963049,372.969691,167.993878,94.540672,0.0,0.0,-20.904425,0.176087,0.030334,-10.262894,-0.251032,0.035512,-216.878493
58.28,373.0,168.0,93.742362,372.971343,167.994167,94.420544,0.0,0.0,-23.533719,0.165252,0.028854,-12.01276,-0.216578,0.034717,-242.618233
58.29,373.0,168.0,93.495092,372.972895,167.994441,94.281815,0.0,0.0,-26.253694,0.155197,0.027453,-13.872877,-0.186252,0.033837,-268.936947
58.3,373.0,168.0,93.220388,372.974354,167.994703,94.123458,0.0,0.0,-29.053974,0.145856,0.026126,-15.835717,-0.159583,0.032892,-295.755959
58.31,373.0,168.0,92.917505,372.975726,167.994951,93.944521,0.0,0.0,-31.924427,0.137169,0.024868,-17.893745,-0.136152,0.031901,-322.999454
58.32,373.0,168.0,92.585793,372.977016,167.995188,93.744126,0.0,0.0,-34.855158,0.129083,0.023674,-20.039451,-0.115587,0.03088,-350.593896
58.33,373.0,168.0,92.224702,372.978232,167.995414,93.521472,0.0,0.0,-37.836518,0.121548,0.022542,-22.265365,-0.097559,0.029839,-378.467652
58.34,373.0,168.0,91.833777,372.979377,167.995628,93.275832,0.0,0.0,-40.859097,0.11452,0.021467,-24.564079,-0.081776,0.028791,-406.550774
58.35,373.0,168.0,91.412653,372.980457,167.995833,93.006549,0.0,0.0,-43.913725,0.107959,0.020446,-26.928255,-0.067976,0.027743,-434.774862
58.36,373.0,168.0,90.961056,372.981475,167.996027,92.713043,0.0,0.0,-46.991476,0.101829,0.019476,-29.350636,-0.055929,0.026702,-463.072998
58.37,373.0,168.0,90.4788,372.982436,167.996213,92.394802,0.0,0.0,-50.083663,0.096095,0.018554,-31.824053,-0.045432,0.025674,-491.379711
58.38,373.0,168.0,89.965784,372.983343,167.99639,92.051388,0.0,0.0,-53.181842,0.090728,0.017677,-34.341433,-0.036302,0.024663,-519.630966
58.39,373.0,168.0,89.421989,372.9842,167.996558,91.68243,0.0,0.0,-56.27781,0.0857,0.016843,-36.895806,-0.028378,0.023673,-547.764175
58.4,373.0,168.0,88.847476,372.98501,167.996719,91.287627,0.0,0.0,-59.363603,0.080986,0.01605,-39.480308,-0.021518,0.022707,-575.718207
58.41,373.0,168.0,88.242386,372.985776,167.996872,90.866745,0.0,0.0,-62.431502,0.076563,0.015295,-42.088187,-0.015595,0.021766,-603.433416
58.42,373.0,168.0,87.606934,372.9865,167.997017,90.419617,0.0,0.0,-65.474026,0.072409,0.014576,-44.71281,-0.010497,0.020853,-630.851663
58.43,373.0,168.0,86.941408,372.987185,167.997156,89.94614,0.0,0.0,-68.483937,0.068507,0.013892,-47.347663,-0.006124,0.019968,-657.916341
58.44,373.0,168.0,86.246167,372.987833,167.997289,89.446276,0.0,0.0,-71.454239,0.064837,0.013241,-49.98636,-0.00239,0.019112,-684.572404
58.45,373.0,168.0,85.521638,372.988447,167.997415,88.92005,0.0,0.0,-74.378174,0.061384,0.012621,-52.622645,0.000785,0.018286,-710.766399
58.46,373.0,168.0,84.768314,372.989028,167.997535,88.367546,0.0,0.0,-77.24923,0.058133,0.012031,-55.250395,0.003469,0.01749,-736.446484
58.47,373.0,168.0,83.986753,372.989579,167.99765,87.78891,0.0,0.0,-80.061132,0.055071,0.011468,-57.863627,0.005722,0.016722,-761.562464
58.48,373.0,168.0,83.177572,372.990101,167.997759,87.184345,0.0,0.0,-82.807848,0.052185,0.010933,-60.456496,0.0076,0.015984,-786.065812
58.49,373.0,168.0,82.341447,372.990596,167.997863,86.554112,0.0,0.0,-85.483589,0.049463,0.010422,-63.023305,0.009149,0.015275,-809.909696
58.5,373.0,168.0,81.479113,372.991065,167.997963,85.898527,0.0,0.0,-88.082803,0.046894,0.009936,-65.558505,0.010412,0.014594,-833.049004
58.51,373.0,168.0,80.591355,372.991509,167.998058,85.21796,0.0,0.0,-90.600185,0.044469,0.009472,-68.056696,0.011426,0.01394,-855.440368
58.52,373.0,168.0,79.679012,372.991931,167.998148,84.512833,0.0,0.0,-93.030665,0.042179,0.009031,-70.512636,0.012223,0.013314,-877.042185
58.53,373.0,168.0,78.742973,372.992331,167.998234,83.783621,0.0,0.0,-95.36942,0.040015,0.00861,-72.92124,0.012833,0.012713,-897.814643
58.54,373.0,168.0,77.78417,372.992711,167.998316,83.030845,0.0,0.0,-97.611864,0.037969,0.008209,-75.277582,0.013281,0.012138,-917.719739
58.55,373.0,168.0,76.803583,372.993071,167.998394,82.255076,0.0,0.0,-99.753654,0.036035,0.007827,-77.5769,0.013589,0.011588,-936.721302
58.56,373.0,168.0,75.802233,372.993413,167.998469,81.45693,0.0,0.0,-101.79069,0.034205,0.007462,-79.8146,0.013778,0.011061,-954.785013
58.57,373.0,168.0,74.781179,372.993738,167.99854,80.637068,0.0,0.0,-103.71911,0.032473,0.007115,-81.986256,0.013864,0.010556,-971.878424
58.58,373.0,168.0,73.74152,372.994046,167.998608,79.796192,0.0,0.0,-105.535295,0.030834,0.006784,-84.087611,0.013863,0.010074,-987.970975
58.59,373.0,168.0,72.684386,372.994339,167.998673,78.935046,0.0,0.0,-107.235867,0.029281,0.006468,-86.114585,0.013788,0.009614,-1003.034014
58.6,373.0,168.0,71.610944,372.994617,167.998734,78.054413,0.0,0.0,-108.81769,0.02781,0.006167,-88.063272,0.013652,0.009173,-1017.040816
58.61,373.0,168.0,70.522386,372.994881,167.998793,77.155114,0.0,0.0,-110.277868,0.026417,0.00588,-89.929945,0.013463,0.008752,-1029.966595
58.62,373.0,168.0,69.419936,372.995132,167.998849,76.238003,0.0,0.0,-111.613748,0.025096,0.005607,-91.711059,0.013231,0.00835,-1041.788525
58.63,373.0,168.0,68.304841,372.995371,167.998903,75.30397,0.0,0.0,-112.822916,0.023844,0.005346,-93.403248,0.012965,0.007966,-1052.485751
58.64,373.0,168.0,67.178369,372.995597,167.998954,74.353937,0.0,0.0,-113.903201,0.022657,0.005098,-95.003335,0.01267,0.0076,-1062.039409
58.65,373.0,168.0,66.041813,372.995813,167.999002,73.388854,0.0,0.0,-114.852673,0.021531,0.004861,-96.508326,0.012353,0.007249,-1070.432638
58.66,373.0,168.0,64.896479,372.996017,167.999049,72.4097,0.0,0.0,-115.669643,0.020463,0.004635,-97.915418,0.012018,0.006915,-1077.650593
58.67,373.0,168.0,63.743693,372.996212,167.999093,71.41748,0.0,0.0,-116.352662,0.019449,0.00442,-99.221996,0.011671,0.006596,-1083.680459
58.68,373.0,168.0,62.584791,372.996397,167.999135,70.413223,0.0,0.0,-116.900526,0.018487,0.004214,-100.42564,0.011315,0.006292,-1088.511465
58.69,373.0,168.0,61.421121,372.996572,167.999175,69.397982,0.0,0.0,-117.312268,0.017574,0.004018,-101.524121,0.010953,0.006001,-1092.134898
58.7,373.0,168.0,60.254039,372.99674,167.999213,68.372828,0.0,0.0,-117.587165,0.016708,0.003832,-102.515407,0.010588,0.005723,-1094.544112
58.71,373.0,168.0,59.084907,372.996898,167.99925,67.338851,0.0,0.0,-117.724734,0.015885,0.003654,-103.397663,0.010222,0.005459,-1095.73454
58.72,373.0,168.0,57.915093,372.997049,167.999285,66.297159,0.0,0.0,-117.724734,0.015103,0.003484,-104.169252,0.009859,0.005206,-1095.703707
58.73,373.0,168.0,56.745961,372.997193,167.999318,65.248872,0.0,0.0,-117.587165,0.014361,0.003322,-104.828736,0.009498,0.004965,-1094.451241
58.74,373.0,168.0,55.578879,372.99733,167.99935,64.195123,0.0,0.0,-117.312268,0.013656,0.003168,-105.37488,0.009142,0.004735,-1091.978881
58.75,373.0,168.0,54.415209,372.997459,167.99938,63.137056,0.0,0.0,-116.900526,0.012986,0.003021,-105.806651,0.008792,0.004516,-1088.29049
58.76,373.0,168.0,53.256307,372.997583,167.999409,62.075824,0.0,0.0,-116.352662,0.01235,0.00288,-106.12322,0.008448,0.004307,-1083.392062
58.77,373.0,168.0,52.103521,372.9977,167.999436,61.012584,0.0,0.0,-115.669643,0.011746,0.002746,-106.323964,0.008112,0.004107,-1077.291735
58.78,373.0,168.0,50.958187,372.997812,167.999462,59.9485,0.0,0.0,-114.852673,0.011171,0.002619,-106.408466,0.007785,0.003917,-1069.999796
58.79,373.0,168.0,49.821631,372.997918,167.999487,58.884735,0.0,0.0,-113.903201,0.010625,0.002497,-106.376517,0.007466,0.003735,-1061.528693
58.8,373.0,168.0,48.695159,372.998019,167.999511,57.822453,0.0,0.0,-112.822916,0.010106,0.002381,-106.228115,0.007156,0.003562,-1051.893041
58.81,373.0,168.0,47.580064,372.998116,167.999534,56.762819,0.0,0.0,-111.613748,0.009613,0.002271,-105.963471,0.006856,0.003397,-1041.109632
58.82,373.0,168.0,46.477614,372.998207,167.999555,55.706989,0.0,0.0,-110.277868,0.009144,0.002165,-105.583005,0.006565,0.003239,-1029.197441
58.83,373.0,168.0,45.389056,372.998294,167.999576,54.656115,0.0,0.0,-108.81769,0.008698,0.002065,-105.08735,0.006283,0.003089,-1016.177637
58.84,373.0,168.0,44.315614,372.998377,167.999596,53.611342,0.0,0.0,-107.235867,0.008274,0.001969,-104.477351,0.006012,0.002946,-1002.073586
58.85,373.0,168.0,43.25848,372.998455,167.999615,52.573801,0.0,0.0,-105.535295,0.007871,0.001877,-103.754068,0.00575,0.002809,-986.91086
58.86,373.0,168.0,42.218821,372.99853,167.999632,51.544613,0.0,0.0,-103.71911,0.007488,0.00179,-102.918775,0.005497,0.002679,-970.717245
58.87,373.0,168.0,41.197767,372.998602,167.999649,50.524884,0.0,0.0,-101.79069,0.007124,0.001707,-101.972962,0.005254,0.002555,-953.522745
58.88,373.0,168.0,40.196417,372.998669,167.999666,49.5157,0.0,0.0,-99.753654,0.006777,0.001628,-100.918337,0.00502,0.002436,-935.359591
58.89,373.0,168.0,39.21583,372.998734,167.999681,48.518132,0.0,0.0,-97.611864,0.006448,0.001552,-99.756823,0.004795,0.002323,-916.262246
58.9,373.0,168.0,38.257027,372.998795,167.999696,47.533226,0.0,0.0,-95.36942,0.006134,0.00148,-98.490563,0.004579,0.002215,-896.267408
58.91,373.0,168.0,37.320988,372.998854,167.99971,46.562007,0.0,0.0,-93.030665,0.005836,0.001411,-97.121918,0.004372,0.002112,-875.414023
58.92,373.0,168.0,36.408645,372.998909,167.999724,45.605472,0.0,0.0,-90.600185,0.005553,0.001346,-95.653469,0.004173,0.002014,-853.74328
58.93,373.0,168.0,35.520887,372.998962,167.999736,44.664592,0.0,0.0,-88.082803,0.005283,0.001283,-94.088018,0.003983,0.001921,-831.298627
58.94,373.0,168.0,34.658553,372.999012,167.999749,43.740306,0.0,0.0,-85.483589,0.005027,0.001224,-92.428588,0.0038,0.001832,-808.125769
58.95,373.0,168.0,33.822428,372.99906,167.99976,42.833522,0.0,0.0,-82.807848,0.004783,0.001167,-90.678423,0.003625,0.001747,-784.272675
58.96,373.0,168.0,33.013247,372.999105,167.999772,41.945112,0.0,0.0,-80.061132,0.004551,0.001113,-88.84099,0.003458,0.001665,-759.789583
58.97,373.0,168.0,32.231686,372.999149,167.999782,41.075912,0.0,0.0,-77.24923,0.00433,0.001061,-86.919979,0.003298,0.001588,-734.729005
58.98,373.0,168.0,31.478362,372.99919,167.999792,40.226719,0.0,0.0,-74.378174,0.00412,0.001012,-84.919303,0.003144,0.001514,-709.14573
58.99,373.0,168.0,30.753833,372.999229,167.999802,39.398288,0.0,0.0,-71.454239,0.00392,0.000965,-82.8431,0.002998,0.001444,-683.09683
59.0,373.0,168.0,30.058592,372.999266,167.999811,38.591331,0.0,0.0,-68.483937,0.00373,0.00092,-80.695734,0.002858,0.001377,-656.641661
59.01,373.0,168.0,29.393066,372.999302,167.99982,37.806513,0.0,0.0,-65.474026,0.00355,0.000877,-78.48179,0.002724,0.001313,-629.841872
59.02,373.0,168.0,28.757614,372.999336,167.999828,37.044452,0.0,0.0,-62.431502,0.003378,0.000836,-76.206084,0.002596,0.001252,-602.761403
59.03,373.0,168.0,28.152524,372.999368,167.999836,36.305716,0.0,0.0,-59.363603,0.003214,0.000798,-73.873655,0.002474,0.001194,-575.466494
59.04,373.0,168.0,27.578011,372.999398,167.999844,35.590818,0.0,0.0,-56.27781,0.003058,0.000761,-71.489769,0.002358,0.001139,-548.025684
59.05,373.0,168.0,27.034216,372.999428,167.999851,34.900219,0.0,0.0,-53.181842,0.00291,0.000725,-69.059921,0.002247,0.001086,-520.509818
59.06,373.0,168.0,26.5212,372.999455,167.999858,34.234321,0.0,0.0,-50.083663,0.002769,0.000692,-66.589831,0.002141,0.001035,-492.992048
59.07,373.0,168.0,26.038944,372.999482,167.999865,33.593466,0.0,0.0,-46.991476,0.002635,0.000659,-64.08545,0.002039,0.000987,-465.547838
59.08,373.0,168.0,25.587347,372.999507,167.999871,32.977937,0.0,0.0,-43.913725,0.002508,0.000629,-61.552956,0.001943,0.000941,-438.254965
59.09,373.0,168.0,25.166223,372.999531,167.999877,32.387949,0.0,0.0,-40.859097,0.002386,0.0006,-58.998756,0.00185,0.000898,-411.193522
59.1,373.0,168.0,24.775298,372.999553,167.999883,31.823654,0.0,0.0,-37.836518,0.002271,0.000572,-56.429485,0.001762,0.000856,-384.445925
59.11,373.0,168.0,24.414207,372.999575,167.999888,31.285134,0.0,0.0,-34.855158,0.002161,0.000545,-53.852011,0.001679,0.000816,-358.09691
59.12,373.0,168.0,24.082495,372.999595,167.999893,30.7724,0.0,0.0,-31.924427,0.002056,0.00052,-51.273429,0.001599,0.000778,-332.233538
59.13,373.0,168.0,23.779612,372.999615,167.999898,30.285389,0.0,0.0,-29.053974,0.001957,0.000496,-48.701065,0.001522,0.000742,-306.9452
59.14,373.0,168.0,23.504908,372.999634,167.999903,29.823964,0.0,0.0,-26.253694,0.001862,0.000473,-46.142477,0.00145,0.000708,-282.323616
59.15,373.0,168.0,23.257638,372.999651,167.999907,29.38791,0.0,0.0,-23.533719,0.001772,0.000451,-43.605453,0.001381,0.000675,-258.462839
59.16,373.0,168.0,23.036951,372.999668,167.999912,28.97693,0.0,0.0,-20.904425,0.001686,0.00043,-41.098012,0.001315,0.000644,-235.459256
59.17,373.0,168.0,22.841894,372.999684,167.999916,28.590646,0.0,0.0,-18.376428,0.001605,0.00041,-38.628405,0.001252,0.000614,-213.411592
59.18,373.0,168.0,22.671407,372.9997,167.99992,28.228594,0.0,0.0,-15.960585,0.001527,0.000391,-36.205116,0.001192,0.000585,-192.420912
59.19,373.0,168.0,22.52432,372.999714,167.999923,27.890226,0.0,0.0,-13.667995,0.001453,0.000373,-33.836859,0.001135,0.000558,-172.59062
59.2,373.0,168.0,22.399354,372.999728,167.999927,27.5749,0.0,0.0,-11.509998,0.001383,0.000355,-31.532583,0.00108,0.000532,-154.026467
59.21,373.0,168.0,22.295112,372.999741,167.99993,27.281885,0.0,0.0,-9.498177,0.001316,0.000339,-29.301467,0.001029,0.000507,-136.836546
59.22,373.0,168.0,22.210085,372.999754,167.999934,27.010356,0.0,0.0,-7.644352,0.001252,0.000323,-27.152925,0.000979,0.000484,-121.131298
59.23,373.0,168.0,22.142642,372.999765,167.999937,26.75939,0.0,0.0,-5.960589,0.001192,0.000308,-25.096603,0.000932,0.000461,-107.023515
59.24,373.0,168.0,22.091033,372.999777,167.99994,26.527966,0.0,0.0,-4.459192,0.001134,0.000294,-23.142382,0.000887,0.00044,-94.628336
59.25,373.0,168.0,22.053384,372.999788,167.999942,26.314963,0.0,0.0,-3.152708,0.001079,0.00028,-21.300375,0.000845,0.000419,-84.063255
59.26,373.0,168.0,22.027695,372.999798,167.999945,26.119153,0.0,0.0,-2.053925,0.001027,0.000267,-19.580929,0.000804,0.0004,-75.448119
59.27,373.0,168.0,22.011838,372.999808,167.999948,25.939207,0.0,0.0,-1.175872,0.000977,0.000255,-17.994627,0.000766,0.000381,-68.905131
59.28,373.0,168.0,22.003553,372.999817,167.99995,25.773684,0.0,0.0,-0.531818,0.00093,0.000243,-16.552285,0.000729,0.000364,-64.558849
59.29,373.0,168.0,22.00045,372.999826,167.999952,25.621035,0.0,0.0,-0.135277,0.000885,0.000232,-15.264951,0.000694,0.000347,-62.536192
59.3,373.0,168.0,22.0,372.999834,167.999955,25.479595,0.0,0.0,0.0,0.000842,0.000221,-14.143913,0.00066,0.000331,-62.966437
59.31,373.0,168.0,22.0,372.999842,167.999957,25.347589,0.0,0.0,0.0,0.000802,0.000211,-13.200689,0.000628,0.000315,-65.981222
59.32,373.0,168.0,22.0,372.99985,167.999959,25.223239,0.0,0.0,0.0,0.000763,0.000201,-12.434916,0.000598,0.000301,-70.745076
59.33,373.0,168.0,22.0,372.999857,167.999961,25.105231,0.0,0.0,0.0,0.000726,0.000192,-11.800872,0.000569,0.000287,-73.625613
59.34,373.0,168.0,22.0,372.999864,167.999962,24.99266,0.0,0.0,0.0,0.000691,0.000183,-11.257083,0.000542,0.000273,-74.505629
59.35,373.0,168.0,22.0,372.999871,167.999964,24.884895,0.0,0.0,0.0,0.000657,0.000174,-10.776502,0.000516,0.000261,-74.124318
59.36,373.0,168.0,22.0,372.999877,167.999966,24.781481,0.0,0.0,0.0,0.000626,0.000166,-10.341432,0.000491,0.000249,-72.959445
59.37,373.0,168.0,22.0,372.999883,167.999967,24.682078,0.0,0.0,0.0,0.000595,0.000158,-9.940246,0.000467,0.000237,-71.319407
59.38,373.0,168.0,22.0,372.999888,167.999969,24.586426,0.0,0.0,0.0,0.000567,0.000151,-9.565251,0.000445,0.000226,-69.40289
59.39,373.0,168.0,22.0,372.999894,167.99997,24.494312,0.0,0.0,0.0,0.000539,0.000144,-9.211314,0.000423,0.000216,-67.337531
59.4,373.0,168.0,22.0,372.999899,167.999972,24.405563,0.0,0.0,0.0,0.000513,0.000137,-8.874962,0.000403,0.000206,-65.204962
59.41,373.0,168.0,22.0,372.999904,167.999973,24.320025,0.0,0.0,0.0,0.000488,0.000131,-8.553805,0.000383,0.000196,-63.057045
59.42,373.0,168.0,22.0,372.999909,167.999974,24.237563,0.0,0.0,0.0,0.000465,0.000125,-8.246159,0.000365,0.000187,-60.926383
59.43,373.0,168.0,22.0,372.999913,167.999976,24.158055,0.0,0.0,0.0,0.000442,0.000119,-7.950803,0.000347,0.000178,-58.83314
59.44,373.0,168.0,22.0,372.999917,167.999977,24.081387,0.0,0.0,0.0,0.000421,0.000114,-7.666821,0.000331,0.00017,-56.789449
59.45,373.0,168.0,22.0,372.999921,167.999978,24.007452,0.0,0.0,0.0,0.0004,0.000108,-7.393497,0.000315,0.000162,-54.802274
59.46,373.0,168.0,22.0,372.999925,167.999979,23.936149,0.0,0.0,0.0,0.000381,0.000103,-7.13025,0.000299,0.000155,-52.875261
59.47,373.0,168.0,22.0,372.999929,167.99998,23.867384,0.0,0.0,0.0,0.000363,9.8e-05,-6.876593,0.000285,0.000147,-51.009937
59.48,373.0,168.0,22.0,372.999932,167.999981,23.801063,0.0,0.0,0.0,0.000345,9.4e-05,-6.6321,0.000271,0.000141,-49.206485
59.49,373.0,168.0,22.0,372.999935,167.999982,23.737099,0.0,0.0,0.0,0.000328,9e-05,-6.396391,0.000258,0.000134,-47.464247
59.5,373.0,168.0,22.0,372.999938,167.999982,23.675407,0.0,0.0,0.0,0.000313,8.5e-05,-6.169117,0.000246,0.000128,-45.782045
59.51,373.0,168.0,22.00045,372.999941,167.999983,23.615908,0.0,0.0,0.135277,0.000297,8.1e-05,-5.949958,0.000234,0.000122,-44.158393
59.52,373.0,168.0,22.003553,372.999944,167.999984,23.55864,0.0,0.0,0.531818,0.000283,7.8e-05,-5.726797,0.000223,0.000116,-41.6467
59.53,373.0,168.0,22.011838,372.999947,167.999985,23.504185,0.0,0.0,1.175872,0.000269,7.4e-05,-5.445518,0.000212,0.000111,-34.765705
59.54,373.0,168.0,22.027695,372.99995,167.999986,23.453567,0.0,0.0,2.053925,0.000256,7.1e-05,-5.061772,0.000202,0.000106,-23.755494
59.55,373.0,168.0,22.053384,372.999952,167.999986,23.408072,0.0,0.0,3.152708,0.000244,6.7e-05,-4.549516,0.000192,0.000101,-9.63725
59.56,373.0,168.0,22.091033,372.999954,167.999987,23.369126,0.0,0.0,4.459192,0.000232,6.4e-05,-3.894584,0.000183,9.6e-05,6.899463
59.57,373.0,168.0,22.142642,372.999957,167.999987,23.338221,0.0,0.0,5.960589,0.000221,6.1e-05,-3.090509,0.000174,9.2e-05,25.38014
59.58,373.0,168.0,22.210085,372.999959,167.999988,23.316863,0.0,0.0,7.644352,0.00021,5.8e-05,-2.135822,0.000165,8.7e-05,45.469824
59.59,373.0,168.0,22.295112,372.999961,167.999989,23.30654,0.0,0.0,9.498177,0.0002,5.6e-05,-1.032292,0.000157,8.3e-05,66.924197
59.6,373.0,168.0,22.399354,372.999963,167.999989,23.308702,0.0,0.0,11.509998,0.00019,5.3e-05,0.216218,0.00015,7.9e-05,89.557913
59.61,373.0,168.0,22.52432,372.999964,167.99999,23.324747,0.0,0.0,13.667995,0.000181,5.1e-05,1.604492,0.000143,7.6e-05,113.224094
59.62,373.0,168.0,22.671407,372.999966,167.99999,23.356011,0.0,0.0,15.960585,0.000172,4.8e-05,3.126444,0.000136,7.2e-05,137.801068
59.63,373.0,168.0,22.841894,372.999968,167.999991,23.403766,0.0,0.0,18.376428,0.000164,4.6e-05,4.775436,0.000129,6.9e-05,163.183791
59.64,373.0,168.0,23.036951,372.999969,167.999991,23.46921,0.0,0.0,20.904425,0.000156,4.4e-05,6.544485,0.000123,6.6e-05,189.278311
59.65,373.0,168.0,23.257638,372.999971,167.999991,23.553475,0.0,0.0,23.533719,0.000149,4.2e-05,8.426402,0.000117,6.3e-05,215.998201
59.66,373.0,168.0,23.504908,372.999972,167.999992,23.657613,0.0,0.0,26.253694,0.000141,4e-05,10.41388,0.000111,6e-05,243.26226
59.67,373.0,168.0,23.779612,372.999973,167.999992,23.782609,0.0,0.0,29.053974,0.000135,3.8e-05,12.499558,0.000106,5.7e-05,270.993045
59.68,373.0,168.0,24.082495,372.999975,167.999993,23.92937,0.0,0.0,31.924427,0.000128,3.6e-05,14.676063,0.000101,5.4e-05,299.115936
59.69,373.0,168.0,24.414207,372.999976,167.999993,24.09873,0.0,0.0,34.855158,0.000122,3.5e-05,16.936037,9.6e-05,5.2e-05,327.558544
59.7,373.0,168.0,24.775298,372.999977,167.999993,24.291452,0.0,0.0,37.836518,0.000116,3.3e-05,19.272161,9.1e-05,4.9e-05,356.250346
59.71,373.0,168.0,25.166223,372.999978,167.999994,24.508223,0.0,0.0,40.859097,0.00011,3.1e-05,21.677172,8.7e-05,4.7e-05,385.122462
59.72,373.0,168.0,25.587347,372.999979,167.999994,24.749662,0.0,0.0,43.913725,0.000105,3e-05,24.14387,8.3e-05,4.5e-05,414.107526
59.73,373.0,168.0,26.038944,372.99998,167.999994,25.016313,0.0,0.0,46.991476,0.0001,2.9e-05,26.665131,7.9e-05,4.3e-05,443.139614
59.74,373.0,168.0,26.5212,372.999981,167.999994,25.308652,0.0,0.0,50.083663,9.5e-05,2.7e-05,29.233917,7.5e-05,4.1e-05,472.154213
59.75,373.0,168.0,27.034216,372.999982,167.999995,25.627085,0.0,0.0,53.181842,9.1e-05,2.6e-05,31.84328,7.1e-05,3.9e-05,501.088217
59.76,373.0,168.0,27.578011,372.999983,167.999995,25.971949,0.0,0.0,56.27781,8.6e-05,2.5e-05,34.486369,6.8e-05,3.7e-05,529.879927
59.77,373.0,168.0,28.152524,372.999984,167.999995,26.343513,0.0,0.0,59.363603,8.2e-05,2.4e-05,37.156437,6.5e-05,3.5e-05,558.469076
59.78,373.0,168.0,28.757614,372.999985,167.999995,26.741982,0.0,0.0,62.431502,7.8e-05,2.3e-05,39.846843,6.1e-05,3.4e-05,586.796848
59.79,373.0,168.0,29.393066,372.999985,167.999996,27.167492,0.0,0.0,65.474026,7.4e-05,2.1e-05,42.551061,5.8e-05,3.2e-05,614.805903
59.8,373.0,168.0,30.058592,372.999986,167.999996,27.620119,0.0,0.0,68.483937,7.1e-05,2e-05,45.262684,5.6e-05,3.1e-05,642.440408
59.81,373.0,168.0,30.753833,372.999987,167.999996,28.099873,0.0,0.0,71.454239,6.7e-05,2e-05,47.975424,5.3e-05,2.9e-05,669.646063
59.82,373.0,168.0,31.478362,372.999987,167.999996,28.606705,0.0,0.0,74.378174,6.4e-05,1.9e-05,50.683123,5e-05,2.8e-05,696.370131
59.83,373.0,168.0,32.231686,372.999988,167.999996,29.140502,0.0,0.0,77.24923,6.1e-05,1.8e-05,53.379751,4.8e-05,2.7e-05,722.561465
59.84,373.0,168.0,33.013247,372.999989,167.999997,29.701096,0.0,0.0,80.061132,5.8e-05,1.7e-05,56.059413,4.6e-05,2.5e-05,748.170539
59.85,373.0,168.0,33.822428,372.999989,167.999997,30.28826,0.0,0.0,82.807848,5.5e-05,1.6e-05,58.716355,4.3e-05,2.4e-05,773.14947
59.86,373.0,168.0,34.658553,372.99999,167.999997,30.901709,0.0,0.0,85.483589,5.3e-05,1.5e-05,61.344961,4.1e-05,2.3e-05,797.452047
59.87,373.0,168.0,35.520887,372.99999,167.999997,31.541107,0.0,0.0,88.082803,5e-05,1.5e-05,63.939763,3.9e-05,2.2e-05,821.03376
59.88,373.0,168.0,36.408645,372.999991,167.999997,32.206061,0.0,0.0,90.600185,4.8e-05,1.4e-05,66.49544,3.7e-05,2.1e-05,843.851816
59.89,373.0,168.0,37.320988,372.999991,167.999997,32.89613,0.0,0.0,93.030665,4.5e-05,1.3e-05,69.006825,3.6e-05,2e-05,865.865173
59.9,373.0,168.0,38.257027,372.999992,167.999997,33.610819,0.0,0.0,95.36942,4.3e-05,1.3e-05,71.468904,3.4e-05,1.9e-05,887.034556
59.91,373.0,168.0,39.21583,372.999992,167.999998,34.349587,0.0,0.0,97.611864,4.1e-05,1.2e-05,73.876822,3.2e-05,1.8e-05,907.322481
59.92,373.0,168.0,40.196417,372.999992,167.999998,35.111846,0.0,0.0,99.753654,3.9e-05,1.2e-05,76.225885,3.1e-05,1.7e-05,926.693279
59.93,373.0,168.0,41.197767,372.999993,167.999998,35.896961,0.0,0.0,101.79069,3.7e-05,1.1e-05,78.511563,2.9e-05,1.7e-05,945.113112
59.94,373.0,168.0,42.218821,372.999993,167.999998,36.704256,0.0,0.0,103.71911,3.5e-05,1.1e-05,80.729493,2.8e-05,1.6e-05,962.549997
59.95,373.0,168.0,43.25848,372.999993,167.999998,37.533011,0.0,0.0,105.535295,3.4e-05,1e-05,82.875479,2.6e-05,1.5e-05,978.973825
59.96,373.0,168.0,44.315614,372.999994,167.999998,38.382466,0.0,0.0,107.235867,3.2e-05,1e-05,84.945499,2.5e-05,1.4e-05,994.356377
59.97,373.0,168.0,45.389056,372.999994,167.999998,39.251823,0.0,0.0,108.81769,3e-05,9e-06,86.935703,2.4e-05,1.4e-05,1008.671344
59.98,373.0,168.0,46.477614,372.999994,167.999998,40.140247,0.0,0.0,110.277868,2.9e-05,9e-06,88.84242,2.3e-05,1.3e-05,1021.894346
59.99,373.0,168.0,47.580064,372.999995,167.999998,41.046869,0.0,0.0,111.613748,2.8e-05,8e-06,90.662154,2.2e-05,1.2e-05,1034.002942
60.0,373.0,168.0,48.695159,372.999995,167.999998,41.970785,0.0,0.0,112.822916,2.6e-05,8e-06,92.391593,2.1e-05,1.2e-05,1044.976655
60.01,373.0,168.0,49.821631,372.999995,167.999998,42.911061,0.0,0.0,113.903201,2.5e-05,8e-06,94.027606,2e-05,1.1e-05,1054.796981
60.02,373.0,168.0,50.958187,372.999995,167.999999,43.866733,0.0,0.0,114.852673,2.4e-05,7e-06,95.567248,1.9e-05,1.1e-05,1063.447408
60.03,373.0,168.0,52.103521,372.999996,167.999999,44.836811,0.0,0.0,115.669643,2.3e-05,7e-06,97.00776,1.8e-05,1e-05,1070.913426
60.04,373.0,168.0,53.256307,372.999996,167.999999,45.820277,0.0,0.0,116.352662,2.2e-05,7e-06,98.346572,1.7e-05,1e-05,1077.182547
60.05,373.0,168.0,54.415209,372.999996,167.999999,46.81609,0.0,0.0,116.900526,2e-05,6e-06,99.581304,1.6e-05,9e-06,1082.244311
60.06,373.0,168.0,55.578879,372.999996,167.999999,47.823187,0.0,0.0,117.312268,1.9e-05,6e-06,100.70977,1.5e-05,9e-06,1086.090308
60.07,373.0,168.0,56.745961,372.999996,167.999999,48.840487,0.0,0.0,117.587165,1.9e-05,6e-06,101.729976,1.5e-05,8e-06,1088.714181
60.08,373.0,168.0,57.915093,372.999997,167.999999,49.866888,0.0,0.0,117.724734,1.8e-05,5e-06,102.640125,1.4e-05,8e-06,1090.111645
60.09,373.0,168.0,59.084907,372.999997,167.999999,50.901275,0.0,0.0,117.724734,1.7e-05,5e-06,103.438615,1.3e-05,8e-06,1090.280496
60.1,373.0,168.0,60.254039,372.999997,167.999999,51.942515,0.0,0.0,117.587165,1.6e-05,5e-06,104.124046,1.3e-05,7e-06,1089.220622
60.11,373.0,168.0,61.421121,372.999997,167.999999,52.989467,0.0,0.0,117.312268,1.5e-05,5e-06,104.695215,1.2e-05,7e-06,1086.934015
60.12,373.0,168.0,62.584791,372.999997,167.999999,54.040978,0.0,0.0,116.900526,1.4e-05,4e-06,105.151123,1.1e-05,7e-06,1083.42478
60.13,373.0,168.0,63.743693,372.999997,167.999999,55.095888,0.0,0.0,116.352662,1.4e-05,4e-06,105.490972,1.1e-05,6e-06,1078.699147
60.14,373.0,168.0,64.896479,372.999997,167.999999,56.15303,0.0,0.0,115.669643,1.3e-05,4e-06,105.714169,1e-05,6e-06,1072.765478
60.15,373.0,168.0,66.041813,372.999998,167.999999,57.211233,0.0,0.0,114.852673,1.2e-05,4e-06,105.820327,1e-05,6e-06,1065.634278
60.16,373.0,168.0,67.178369,372.999998,167.999999,58.269326,0.0,0.0,113.903201,1.2e-05,4e-06,105.809263,9e-06,6e-06,1057.318206
60.17,373.0,168.0,68.304841,372.999998,167.999999,59.326136,0.0,0.0,112.822916,1.1e-05,4e-06,105.681006,9e-06,5e-06,1047.83208
60.18,373.0,168.0,69.419936,372.999998,167.999999,60.380494,0.0,0.0,111.613748,1.1e-05,3e-06,105.435792,8e-06,5e-06,1037.192886
60.19,373.0,168.0,70.522386,372.999998,167.999999,61.431234,0.0,0.0,110.277868,1e-05,3e-06,105.074065,8e-06,5e-06,1025.419789
60.2,373.0,168.0,71.610944,372.999998,167.999999,62.477199,0.0,0.0,108.81769,1e-05,3e-06,104.596484,8e-06,5e-06,1012.53414
60.21,373.0,168.0,72.684386,372.999998,167.999999,63.517238,0.0,0.0,107.235867,9e-06,3e-06,104.003917,7e-06,4e-06,998.559478
60.22,373.0,168.0,73.74152,372.999998,167.999999,64.550213,0.0,0.0,105.535295,9e-06,3e-06,103.297446,7e-06,4e-06,983.521548
60.23,373.0,168.0,74.781179,372.999998,167.999999,65.574997,0.0,0.0,103.71911,8e-06,3e-06,102.478369,7e-06,4e-06,967.448296
60.24,373.0,168.0,75.802233,372.999998,167.999999,66.590479,0.0,0.0,101.79069,8e-06,3e-06,101.548197,6e-06,4e-06,950.369885
60.25,373.0,168.0,76.803583,372.999999,168.0,67.595565,0.0,0.0,99.753654,8e-06,2e-06,100.508656,6e-06,4e-06,932.318698
60.26,373.0,168.0,77.78417,372.999999,168.0,68.589182,0.0,0.0,97.611864,7e-06,2e-06,99.361691,6e-06,3e-06,913.329343
60.27,373.0,168.0,78.742973,372.999999,168.0,69.570277,0.0,0.0,95.36942,7e-06,2e-06,98.109463,5e-06,3e-06,893.43866
60.28,373.0,168.0,79.679012,372.999999,168.0,70.53782,0.0,0.0,93.030665,7e-06,2e-06,96.754351,5e-06,3e-06,872.685731
60.29,373.0,168.0,80.591355,372.999999,168.0,71.49081,0.0,0.0,90.600185,6e-06,2e-06,95.298956,5e-06,3e-06,851.111877
60.3,373.0,168.0,81.479113,372.999999,168.0,72.428271,0.0,0.0,88.082803,6e-06,2e-06,93.746095,5e-06,3e-06,828.760672
60.31,373.0,168.0,82.341447,372.999999,168.0,73.349259,0.0,0.0,85.483589,6e-06,2e-06,92.098807,4e-06,3e-06,805.677943
60.32,373.0,168.0,83.177572,372.999999,168.0,74.252862,0.0,0.0,82.807848,5e-06,2e-06,90.360354,4e-06,3e-06,781.911778
60.33,373.0,168.0,83.986753,372.999999,168.0,75.138204,0.0,0.0,80.061132,5e-06,2e-06,88.534216,4e-06,2e-06,757.512528
60.34,373.0,168.0,84.768314,372.999999,168.0,76.004445,0.0,0.0,77.24923,5e-06,2e-06,86.624099,4e-06,2e-06,732.532814
60.35,373.0,168.0,85.521638,372.999999,168.0,76.850785,0.0,0.0,74.378174,5e-06,1e-06,84.633931,4e-06,2e-06,707.027532
60.36,373.0,168.0,86.246167,372.999999,168.0,77.676463,0.0,0.0,71.454239,4e-06,1e-06,82.567863,3e-06,2e-06,681.053854
60.37,373.0,168.0,86.941408,372.999999,168.0,78.480766,0.0,0.0,68.483937,4e-06,1e-06,80.43027,3e-06,2e-06,654.671237
60.38,373.0,168.0,87.606934,372.999999,168.0,79.263024,0.0,0.0,65.474026,4e-06,1e-06,78.225754,3e-06,2e-06,627.941423
60.39,373.0,168.0,88.242386,372.999999,168.0,80.022615,0.0,0.0,62.431502,4e-06,1e-06,75.959141,3e-06,2e-06,600.928444
60.4,373.0,168.0,88.847476,372.999999,168.0,80.75897,0.0,0.0,59.363603,4e-06,1e-06,73.635481,3e-06,2e-06,573.698628
60.41,373.0,168.0,89.421989,372.999999,168.0,81.47157,0.0,0.0,56.27781,3e-06,1e-06,71.260053,3e-06,2e-06,546.3206
60.42,373.0,168.0,89.965784,372.999999,168.0,82.159954,0.0,0.0,53.181842,3e-06,1e-06,68.838363,3e-06,2e-06,518.865286
60.43,373.0,168.0,90.4788,372.999999,168.0,82.823715,0.0,0.0,50.083663,3e-06,1e-06,66.376141,2e-06,2e-06,491.405918
60.44,373.0,168.0,90.961056,372.999999,168.0,83.462509,0.0,0.0,46.991476,3e-06,1e-06,63.879349,2e-06,1e-06,464.018035
60.45,373.0,168.0,91.412653,372.999999,168.0,84.076051,0.0,0.0,43.913725,3e-06,1e-06,61.354174,2e-06,1e-06,436.779489
60.46,373.0,168.0,91.833777,372.999999,168.0,84.664121,0.0,0.0,40.859097,3e-06,1e-06,58.807033,2e-06,1e-06,409.770445
60.47,373.0,168.0,92.224702,372.999999,168.0,85.226567,0.0,0.0,37.836518,3e-06,1e-06,56.244571,2e-06,1e-06,383.073385
60.48,373.0,168.0,92.585793,373.0,168.0,85.763303,0.0,0.0,34.855158,2e-06,1e-06,53.673664,2e-06,1e-06,356.773112
60.49,373.0,168.0,92.917505,373.0,168.0,86.274317,0.0,0.0,31.924427,2e-06,1e-06,51.101415,2e-06,1e-06,330.956752
60.5,373.0,168.0,93.220388,373.0,168.0,86.759669,0.0,0.0,29.053974,2e-06,1e-06,48.53516,2e-06,1e-06,305.713756
60.51,373.0,168.0,93.495092,373.0,168.0,87.219494,0.0,0.0,26.253694,2e-06,1e-06,45.982464,2e-06,1e-06,281.135904
60.52,373.0,168.0,93.742362,373.0,168.0,87.654005,0.0,0.0,23.533719,2e-06,1e-06,43.451122,2e-06,1e-06,257.317305
60.53,373.0,168.0,93.963049,373.0,168.0,88.063497,0.0,0.0,20.904425,2e-06,1e-06,40.949162,1e-06,1e-06,234.354403
60.54,373.0,168.0,94.158106,373.0,168.0,88.448345,0.0,0.0,18.376428,2e-06,1e-06,38.484841,1e-06,1e-06,212.345976
60.55,373.0,168.0,94.328593,373.0,168.0,88.809011,0.0,0.0,15.960585,2e-06,1e-06,36.06665,1e-06,1e-06,191.393138
60.56,373.0,168.0,94.47568,373.0,168.0,89.146045,0.0,0.0,13.667995,2e-06,1e-06,33.703311,1e-06,1e-06,171.599346
60.57,373.0,168.0,94.600646,373.0,168.0,89.460082,0.0,0.0,11.509998,2e-06,1e-06,31.403777,1e-06,1e-06,153.070395
60.58,373.0,168.0,94.704888,373.0,168.0,89.751855,0.0,0.0,9.498177,1e-06,1e-06,29.177235,1e-06,1e-06,135.914427
60.59,373.0,168.0,94.789915,373.0,168.0,90.022186,0.0,0.0,7.644352,1e-06,0.0,27.033105,1e-06,1e-06,120.241926
60.6,373.0,168.0,94.857358,373.0,168.0,90.271996,0.0,0.0,5.960589,1e-06,0.0,24.981038,1e-06,1e-06,106.165727
60.61,373.0,168.0,94.908967,373.0,168.0,90.502305,0.0,0.0,4.459192,1e-06,0.0,23.030921,1e-06,1e-06,93.80101
60.62,373.0,168.0,94.946616,373.0,168.0,90.714234,0.0,0.0,3.152708,1e-06,0.0,21.192872,1e-06,1e-06,83.26531
60.63,373.0,168.0,94.972305,373.0,168.0,90.909006,0.0,0.0,2.053925,1e-06,0.0,19.477245,1e-06,1e-06,74.678511
60.64,373.0,168.0,94.988162,373.0,168.0,91.087953,0.0,0.0,1.175872,1e-06,0.0,17.894625,1e-06,1e-06,68.162853
60.65,373.0,168.0,94.996447,373.0,168.0,91.252511,0.0,0.0,0.531818,1e-06,0.0,16.455833,1e-06,1e-06,63.842932
60.66,373.0,168.0,94.99955,373.0,168.0,91.40423,0.0,0.0,0.135277,1e-06,0.0,15.171925,1e-06,1e-06,61.845699
60.67,373.0,168.0,95.0,373.0,168.0,91.544772,0.0,0.0,0.0,1e-06,0.0,14.054191,1e-06,0.0,62.300465
60.68,373.0,168.0,95.0,373.0,168.0,91.675914,0.0,0.0,0.0,1e-06,0.0,13.114153,1e-06,0.0,65.338901
60.69,373.0,168.0,95.0,373.0,168.0,91.799428,0.0,0.0,0.0,1e-06,0.0,12.351453,1e-06,0.0,70.125565
60.7,373.0,168.0,95.0,373.0,168.0,91.916632,0.0,0.0,0.0,1e-06,0.0,11.720373,1e-06,0.0,73.028103
60.71,373.0,168.0,95.0,373.0,168.0,92.028426,0.0,0.0,0.0,1e-06,0.0,11.179443,1e-06,0.0,73.929338
60.72,373.0,168.0,95.0,373.0,168.0,92.135443,0.0,0.0,0.0,1e-06,0.0,10.701619,1e-06,0.0,73.568493
60.73,373.0,168.0,95.0,373.0,168.0,92.238135,0.0,0.0,0.0,1e-06,0.0,10.269209,1e-06,0.0,72.423358
60.74,373.0,168.0,95.0,373.0,168.0,92.336841,0.0,0.0,0.0,1e-06,0.0,9.870587,1e-06,0.0,70.802358
60.75,373.0,168.0,95.0,373.0,168.0,92.431821,0.0,0.0,0.0,1e-06,0.0,9.498066,1e-06,0.0,68.904203
60.76,373.0,168.0,95.0,373.0,168.0,92.523286,0.0,0.0,0.0,1e-06,0.0,9.146515,0.0,0.0,66.856553
60.77,373.0,168.0,95.0,373.0,168.0,92.611411,0.0,0.0,0.0,1e-06,0.0,8.812464,0.0,0.0,64.741065
60.78,373.0,168.0,95.0,373.0,168.0,92.696346,0.0,0.0,0.0,1e-06,0.0,8.493526,0.0,0.0,62.609622
60.79,373.0,168.0,95.0,373.0,168.0,92.778227,0.0,0.0,0.0,1e-06,0.0,8.188021,0.0,0.0,60.49485
60.8,373.0,168.0,95.0,373.0,168.0,92.857174,0.0,0.0,0.0,0.0,0.0,7.89473,0.0,0.0,58.416932
60.81,373.0,168.0,95.0,373.0,168.0,92.933301,0.0,0.0,0.0,0.0,0.0,7.612739,0.0,0.0,56.388021
60.82,373.0,168.0,95.0,373.0,168.0,93.006715,0.0,0.0,0.0,0.0,0.0,7.341335,0.0,0.0,54.415102
60.83,373.0,168.0,95.0,373.0,168.0,93.077514,0.0,0.0,0.0,0.0,0.0,7.079941,0.0,0.0,52.501838
60.84,373.0,168.0,95.0,373.0,168.0,93.145795,0.0,0.0,0.0,0.0,0.0,6.828071,0.0,0.0,50.649776
60.85,373.0,168.0,95.0,373.0,168.0,93.211648,0.0,0.0,0.0,0.0,0.0,6.585301,0.0,0.0,48.859114
60.86,373.0,168.0,95.0,373.0,168.0,93.27516,0.0,0.0,0.0,0.0,0.0,6.351254,0.0,0.0,47.129212
60.87,373.0,168.0,95.0,373.0,168.0,93.336416,-0.0,-0.0,0.0,0.0,0.0,6.125583,0.0,0.0,45.458908
60.88,372.999937,167.999991,95.0,373.0,168.0,93.395496,-0.018829,-0.002636,0.0,0.0,0.0,5.907969,0.0,0.0,43.846732
60.89,372.9995,167.99993,95.0,372.999993,167.999999,93.452477,-0.074873,-0.010482,0.0,-0.000661,-0.000116,5.698111,-0.099179,-0.013885,42.291037
60.9,372.99832,167.999765,95.0,372.999941,167.99999,93.507434,-0.167472,-0.023446,0.0,-0.005195,-0.000905,5.495723,-0.685337,-0.095581,40.79009
60.91,372.996036,167.999445,95.0,372.999771,167.99996,93.560439,-0.295969,-0.041436,0.0,-0.017062,-0.002954,5.300535,-1.82174,-0.252209,39.342122
60.92,372.992291,167.998921,95.0,372.999378,167.999893,93.611562,-0.459711,-0.064359,0.0,-0.039284,-0.006754,5.112285,-3.469668,-0.476656,37.945366
60.93,372.986738,167.998143,95.0,372.998633,167.999766,93.66087,-0.658049,-0.092127,0.0,-0.074483,-0.012716,4.930725,-5.594165,-0.762749,36.598076
60.94,372.979035,167.997065,95.0,372.997384,167.999554,93.708426,-0.890338,-0.124647,0.0,-0.124935,-0.021184,4.755616,-8.163623,-1.105127,35.298544
60.95,372.968844,167.995638,95.0,372.995458,167.999229,93.754293,-1.155937,-0.161831,0.0,-0.192601,-0.032441,4.586728,-11.149418,-1.499118,34.045104
60.96,372.955838,167.993817,95.0,372.992666,167.998762,93.798531,-1.45421,-0.203589,0.0,-0.279166,-0.046721,4.423839,-14.525581,-1.940645,32.836141
60.97,372.939692,167.991557,95.0,372.988805,167.99812,93.841199,-1.784522,-0.249833,0.0,-0.386067,-0.064213,4.266735,-18.268512,-2.426138,31.670087
60.98,372.92009,167.988813,95.0,372.98366,167.997269,93.882351,-2.146244,-0.300474,0.0,-0.514522,-0.085071,4.115211,-22.356719,-2.952462,30.545427
60.99,372.896722,167.985541,95.0,372.977005,167.996175,93.922042,-2.538751,-0.355425,0.0,-0.665551,-0.109416,3.969068,-26.770589,-3.516856,29.460697
61.0,372.869282,167.981699,95.0,372.968605,167.994802,93.960323,-2.961422,-0.414599,0.0,-0.840003,-0.13734,3.828116,-31.492186,-4.116881,28.414482
61.01,372.837473,167.977246,95.0,372.958219,167.993113,93.997244,-3.413638,-0.477909,0.0,-1.03857,-0.168915,3.692169,-36.505064,-4.750369,27.405417
61.02,372.801004,167.972141,95.0,372.945601,167.991071,94.032855,-3.894786,-0.54527,0.0,-1.261807,-0.20419,3.56105,-41.794112,-5.415391,26.432183
61.03,372.759587,167.966342,95.0,372.930499,167.988639,94.067201,-4.404256,-0.616596,0.0,-1.510147,-0.243198,3.434588,-47.345405,-6.110217,25.49351
61.04,372.712943,167.959812,95.0,372.91266,167.985779,94.100327,-4.941442,-0.691802,0.0,-1.783913,-0.285955,3.312616,-53.14608,-6.833292,24.58817
61.05,372.660799,167.952512,95.0,372.891827,167.982454,94.132277,-5.505743,-0.770804,0.0,-2.083332,-0.332468,3.194977,-59.184218,-7.583211,23.714981
61.06,372.602886,167.944404,95.0,372.867741,167.978627,94.163092,-6.09656,-0.853518,0.0,-2.408546,-0.38273,3.081515,-65.448747,-8.358694,22.8728
61.07,372.538943,167.935452,95.0,372.840145,167.97426,94.192813,-6.713298,-0.939862,0.0,-2.759619,-0.436725,2.972082,-71.929351,-9.158574,22.060527
61.08,372.468714,167.92562,95.0,372.80878,167.969316,94.221478,-7.355368,-1.029752,0.0,-3.136549,-0.494431,2.866535,-78.616385,-9.981776,21.2771
61.09,372.391948,167.914873,95.0,372.773387,167.963757,94.249125,-8.022184,-1.123106,0.0,-3.539272,-0.555817,2.764737,-85.500813,-10.827309,20.521494
61.1,372.308403,167.903176,95.0,372.73371,167.957549,94.275791,-8.713162,-1.219843,0.0,-3.967671,-0.620846,2.666554,-92.574135,-11.694251,19.792722
61.11,372.217838,167.890497,95.0,372.689495,167.950654,94.301509,-9.427724,-1.319881,0.0,-4.421585,-0.689478,2.571858,-99.828339,-12.581739,19.08983
61.12,372.120022,167.876803,95.0,372.640486,167.943037,94.326315,-10.165297,-1.423142,0.0,-4.900806,-0.761667,2.480524,-107.255844,-13.488966,18.4119
61.13,372.014727,167.862062,95.0,372.586436,167.934664,94.350239,-10.925308,-1.529543,0.0,-5.405092,-0.837362,2.392434,-114.849459,-14.415166,17.758045
61.14,371.901733,167.846243,95.0,372.527094,167.925499,94.373314,-11.707191,-1.639007,0.0,-5.93417,-0.916513,2.307473,-122.602343,-15.359615,17.12741
61.15,371.780823,167.829315,95.0,372.462217,167.915508,94.395569,-12.510383,-1.751454,0.0,-6.487734,-0.999063,2.225528,-130.507971,-16.321622,16.51917
61.16,371.651788,167.81125,95.0,372.391562,167.904659,94.417034,-13.334326,-1.866806,0.0,-7.065455,-1.084956,2.146494,-138.560097,-17.300526,15.932531
61.17,371.514423,167.792019,95.0,372.314892,167.892917,94.437737,-14.178463,-1.984985,0.0,-7.666983,-1.174131,2.070266,-146.752734,-18.295691,15.366725
61.18,371.368529,167.771594,95.0,372.231973,167.880252,94.457704,-15.042245,-2.105914,0.0,-8.291944,-1.266527,1.996745,-155.080124,-19.306506,14.821012
61.19,371.213913,167.749948,95.0,372.142573,167.866631,94.476962,-15.925123,-2.229517,0.0,-8.939952,-1.362083,1.925836,-163.536716,-20.332375,14.294679
61.2,371.050388,167.727054,95.0,372.046467,167.852024,94.495537,-16.826554,-2.355718,0.0,-9.610602,-1.460734,1.857444,-172.117149,-21.372725,13.787037
61.21,370.877769,167.702888,95.0,371.943432,167.8364,94.513452,-17.745999,-2.48444,0.0,-10.303478,-1.562416,1.791482,-180.816233,-22.426994,13.297423
61.22,370.69588,167.677423,95.0,371.833251,167.819729,94.53073,-18.682923,-2.615609,0.0,-11.018152,-1.667064,1.727861,-189.628931,-23.494636,12.825196
61.23,370.50455,167.650637,95.0,371.715709,167.801983,94.547395,-19.636793,-2.749151,0.0,-11.754187,-1.774611,1.6665,-198.550352,-24.575117,12.36974
61.24,370.303611,167.622505,95.0,371.590598,167.783133,94.563469,-20.607082,-2.884991,0.0,-12.511135,-1.884992,1.607319,-207.575731,-25.667913,11.930458
61.25,370.092902,167.593006,95.0,371.457712,167.763152,94.578971,-21.593265,-3.023057,0.0,-13.288544,-1.998138,1.550238,-216.700423,-26.772511,11.506776
61.26,369.872267,167.562117,95.0,371.316853,167.742012,94.593923,-22.594825,-3.163275,0.0,-14.085954,-2.113983,1.495185,-225.919891,-27.888406,11.09814
61.27,369.641555,167.529818,95.0,371.167824,167.719687,94.608344,-23.611243,-3.305574,0.0,-14.902901,-2.23246,1.442087,-235.229698,-29.015101,10.704015
61.28,369.400621,167.496087,95.0,371.010434,167.696152,94.622252,-24.642008,-3.449881,0.0,-15.738917,-2.353501,1.390875,-244.625502,-30.152107,10.323888
61.29,369.149323,167.460905,95.0,370.844499,167.671382,94.635667,-25.686612,-3.596126,0.0,-16.593528,-2.477038,1.341481,-254.103042,-31.298942,9.957259
61.3,368.887526,167.424254,95.0,370.669837,167.645352,94.648606,-26.744551,-3.744237,0.0,-17.466261,-2.603003,1.293842,-263.658142,-32.45513,9.603651
61.31,368.615099,167.386114,95.0,370.48627,167.618038,94.661085,-27.815324,-3.894145,0.0,-18.356638,-2.73133,1.247894,-273.286695,-33.620202,9.2626
61.32,368.331916,167.346468,95.0,370.293628,167.589419,94.67312,-28.898435,-4.045781,0.0,-19.264182,-2.86195,1.203578,-282.984666,-34.793692,8.93366
61.33,368.037857,167.3053,95.0,370.091744,167.559471,94.684729,-29.993391,-4.199075,0.0,-20.188413,-2.994795,1.160836,-292.748086,-35.975144,8.616402
61.34,367.732806,167.262593,95.0,369.880456,167.528173,94.695925,-31.099704,-4.353959,0.0,-21.128851,-3.1298,1.119612,-302.573044,-37.164102,8.310411
61.35,367.416652,167.218331,95.0,369.659606,167.495504,94.706723,-32.216888,-4.510364,0.0,-22.085017,-3.266896,1.079851,-312.455691,-38.360117,8.015287
61.36,367.089289,167.1725,95.0,369.429041,167.461444,94.717138,-33.344464,-4.668225,0.0,-23.056431,-3.406017,1.041503,-322.39223,-39.562746,7.730643
61.37,366.750615,167.125086,95.0,369.188615,167.425973,94.727184,-34.481953,-4.827473,0.0,-24.042614,-3.547095,1.004516,-332.378916,-40.77155,7.456107
61.38,366.400533,167.076075,95.0,368.938184,167.389072,94.736872,-35.628884,-4.988044,0.0,-25.043088,-3.690065,0.968843,-342.412056,-41.986091,7.191321
61.39,366.038952,167.025453,95.0,368.67761,167.350724,94.746216,-36.784787,-5.14987,0.0,-26.057377,-3.834861,0.934437,-352.488004,-43.20594,6.935938
61.4,365.665785,166.97321,95.0,368.40676,167.310909,94.755229,-37.949197,-5.312888,0.0,-27.085005,-3.981416,0.901253,-362.603159,-44.43067,6.689625
61.41,365.280948,166.919333,95.0,368.125505,167.269613,94.763921,-39.121652,-5.477031,0.0,-28.125497,-4.129666,0.869247,-372.753965,-45.659858,6.452059
61.42,364.884365,166.863811,95.0,367.833722,167.226817,94.772305,-40.301696,-5.642237,0.0,-29.178384,-4.279544,0.838378,-382.936908,-46.893085,6.222929
61.43,364.47596,166.806634,95.0,367.53129,167.182507,94.780391,-41.488874,-5.808442,0.0,-30.243193,-4.430987,0.808605,-393.148517,-48.129937,6.001936
61.44,364.055666,166.747793,95.0,367.218095,167.136668,94.78819,-42.682737,-5.975583,0.0,-31.319459,-4.58393,0.779889,-403.385361,-49.370002,5.788792
61.45,363.623417,166.687278,95.0,366.894028,167.089285,94.795712,-43.882841,-6.143598,0.0,-32.406715,-4.738308,0.752193,-413.644045,-50.612875,5.583216
61.46,363.179154,166.625082,95.0,366.558983,167.040345,94.802967,-45.088742,-6.312424,0.0,-33.504498,-4.894058,0.725481,-423.921218,-51.858151,5.384942
61.47,362.722821,166.561195,95.0,366.212859,166.989833,94.809964,-46.300002,-6.482,0.0,-34.612348,-5.051116,0.699717,-434.213561,-53.105432,5.193708
61.48,362.254366,166.495611,95.0,365.855561,166.937739,94.816713,-47.51619,-6.652267,0.0,-35.729808,-5.20942,0.674868,-444.517796,-54.354323,5.009266
61.49,361.773742,166.428324,95.0,365.486997,166.88405,94.823222,-48.736873,-6.823162,0.0,-36.856423,-5.368908,0.650902,-454.830678,-55.604431,4.831374
61.5,361.280908,166.359327,95.0,365.10708,166.828755,94.8295,-49.961626,-6.994628,0.0,-37.991741,-5.529516,0.627787,-465.149,-56.855369,4.659799
61.51,360.775823,166.288615,95.0,364.715727,166.771843,94.835554,-51.190027,-7.166604,0.0,-39.135312,-5.691184,0.605492,-475.469589,-58.106753,4.494317
61.52,360.258455,166.216184,95.0,364.31286,166.713305,94.841394,-52.421658,-7.339032,0.0,-40.28669,-5.85385,0.58399,-485.789307,-59.358203,4.334712
61.53,359.728772,166.142028,95.0,363.898405,166.65313,94.847027,-53.656104,-7.511855,0.0,-41.445434,-6.017453,0.563251,-496.105049,-60.609343,4.180775
61.54,359.186748,166.066145,95.0,363.472294,166.591311,94.852459,-54.892954,-7.685014,0.0,-42.611102,-6.181934,0.543248,-506.413745,-61.859798,4.032305
61.55,358.632362,165.988531,95.0,363.034462,166.527838,94.857699,-56.131803,-7.858452,0.0,-43.783259,-6.347231,0.523956,-516.712359,-63.109202,3.889107
61.56,358.065596,165.909183,95.0,362.584847,166.462706,94.862752,-57.372247,-8.032115,0.0,-44.961471,-6.513286,0.505349,-526.997888,-64.357187,3.750994
61.57,357.486436,165.828101,95.0,362.123394,166.395905,94.867626,-58.613889,-8.205944,0.0,-46.145309,-6.680039,0.487403,-537.26736,-65.603394,3.617787
61.58,356.894871,165.745282,95.0,361.650051,166.327431,94.872327,-59.856332,-8.379886,0.0,-47.334345,-6.847432,0.470094,-547.517839,-66.847463,3.48931
61.59,356.290896,165.660725,95.0,361.164769,166.257277,94.876861,-61.099186,-8.553886,0.0,-48.528156,-7.015407,0.453399,-557.74642,-68.089042,3.365395
61.6,355.674508,165.574431,95.0,360.667506,166.185438,94.881234,-62.342065,-8.727889,0.0,-49.726322,-7.183907,0.437298,-567.95023,-69.327779,3.245881
61.61,355.04571,165.486399,95.0,360.158221,166.111909,94.885452,-63.584584,-8.901842,0.0,-50.928428,-7.352873,0.421768,-578.126429,-70.563328,3.130611
61.62,354.404506,165.396631,95.0,359.636881,166.036686,94.88952,-64.826366,-9.075691,0.0,-52.13406,-7.52225,0.40679,-588.27221,-71.795347,3.019435
61.63,353.750906,165.305127,95.0,359.103453,165.959767,94.893443,-66.067033,-9.249385,0.0,-53.342809,-7.691981,0.392344,-598.384796,-73.023496,2.912207
61.64,353.084923,165.211889,95.0,358.55791,165.881147,94.897227,-67.306216,-9.42287,0.0,-54.554268,-7.862011,0.378411,-608.461444,-74.247441,2.808787
61.65,352.406573,165.11692,95.0,358.00023,165.800824,94.900877,-68.543547,-9.596097,0.0,-55.768037,-8.032284,0.364972,-618.499441,-75.466849,2.709039
61.66,351.715878,165.020223,95.0,357.430393,165.718796,94.904397,-69.778662,-9.769013,0.0,-56.983716,-8.202746,0.352011,-628.496108,-76.681393,2.612834
61.67,351.01286,164.9218,95.0,356.848383,165.635063,94.907792,-71.011202,-9.941568,0.0,-58.20091,-8.373342,0.339511,-638.448795,-77.890748,2.520045
61.68,350.297548,164.821657,95.0,356.254191,165.549623,94.911067,-72.24081,-10.113713,0.0,-59.419227,-8.544019,0.327454,-648.354886,-79.094596,2.430552
61.69,349.569971,164.719796,95.0,355.647808,165.462475,94.914225,-73.467135,-10.285399,0.0,-60.63828,-8.714723,0.315825,-658.211796,-80.292618,2.344237
61.7,348.830166,164.616223,95.0,355.029232,165.373621,94.917271,-74.68983,-10.456576,0.0,-61.857685,-8.885401,0.304609,-668.01697,-81.484502,2.260987
61.71,348.07817,164.510944,95.0,354.398461,165.283061,94.920209,-75.908549,-10.627197,0.0,-63.077061,-9.056002,0.293792,-677.767887,-82.66994,2.180693
61.72,347.314024,164.403963,95.0,353.755501,165.190797,94.923043,-77.122954,-10.797214,0.0,-64.296032,-9.226474,0.283358,-687.462055,-83.848626,2.103251
61.73,346.537772,164.295288,95.0,353.100358,165.096829,94.925776,-78.332707,-10.966579,0.0,-65.514223,-9.396765,0.273295,-697.097015,-85.020258,2.028559
61.74,345.749464,164.184925,95.0,352.433046,165.001161,94.928412,-79.537477,-11.135247,0.0,-66.731267,-9.566825,0.26359,-706.670339,-86.18454,1.956519
61.75,344.949151,164.072881,95.0,351.753578,164.903795,94.930954,-80.736935,-11.303171,0.0,-67.946797,-9.736604,0.254229,-716.179631,-87.341176,1.887038
61.76,344.136886,163.959164,95.0,351.061973,164.804734,94.933406,-81.930757,-11.470306,0.0,-69.160451,-9.906051,0.245201,-725.622524,-88.489878,1.820024
61.77,343.312729,163.843782,95.0,350.358255,164.703983,94.935771,-83.118622,-11.636607,0.0,-70.371872,-10.075117,0.236493,-734.996686,-89.630358,1.755391
61.78,342.47674,163.726744,95.0,349.642448,164.601545,94.938052,-84.300214,-11.80203,0.0,-71.580704,-10.243755,0.228095,-744.299812,-90.762334,1.693052
61.79,341.628983,163.608058,95.0,348.914582,164.497426,94.940252,-85.475219,-11.966531,0.0,-72.786597,-10.411915,0.219994,-753.529633,-91.885527,1.632927
61.8,340.769526,163.487734,95.0,348.174689,164.391631,94.942374,-86.643329,-12.130066,0.0,-73.989205,-10.579551,0.212182,-762.683907,-92.999663,1.574938
61.81,339.89844,163.365782,95.0,347.422808,164.284165,94.94442,-87.80424,-12.292594,0.0,-75.188183,-10.746614,0.204647,-771.760427,-94.10447,1.519008
61.82,339.015796,163.242211,95.0,346.658976,164.175034,94.946394,-88.957649,-12.454071,0.0,-76.383194,-10.913059,0.197379,-780.757013,-95.19968,1.465064
61.83,338.121673,163.117034,95.0,345.883237,164.064246,94.948298,-90.103261,-12.614457,0.0,-77.5739,-11.078839,0.19037,-789.671521,-96.285031,1.413035
61.84,337.216148,162.990261,95.0,345.095637,163.951807,94.950134,-91.240781,-12.773709,0.0,-78.759971,-11.243909,0.183609,-798.501834,-97.360262,1.362855
61.85,336.299306,162.861903,95.0,344.296226,163.837724,94.951904,-92.369921,-12.931789,0.0,-79.941078,-11.408224,0.177089,-807.24587,-98.425117,1.314456
61.86,335.37123,162.731972,95.0,343.485057,163.722007,94.953612,-93.490395,-13.088655,0.0,-81.116898,-11.571739,0.1708,-815.901574,-99.479343,1.267776
61.87,334.432008,162.600481,95.0,342.662186,163.604663,94.95526,-94.601922,-13.244269,0.0,-82.28711,-11.73441,0.164734,-824.466927,-100.522694,1.222754
61.88,333.481732,162.467442,95.0,341.827672,163.485701,94.956849,-95.704224,-13.398591,0.0,-83.451397,-11.896193,0.158884,-832.939937,-101.554923,1.179331
61.89,332.520494,162.332869,95.0,340.981578,163.36513,94.958381,-96.797027,-13.551584,0.0,-84.609447,-12.057047,0.153242,-841.318646,-102.575789,1.13745
61.9,331.548392,162.196775,95.0,340.123968,163.242961,94.959859,-97.880062,-13.703209,0.0,-85.76095,-12.216928,0.1478,-849.601126,-103.585057,1.097056
61.91,330.565523,162.059173,95.0,339.254912,163.119203,94.961285,-98.953064,-13.853429,0.0,-86.905603,-12.375795,0.142551,-857.78548,-104.582492,1.058097
61.92,329.57199,161.920079,95.0,338.374481,162.993867,94.962659,-100.015769,-14.002208,0.0,-88.043103,-12.533606,0.137489,-865.869844,-105.567866,1.020521
61.93,328.567897,161.779506,95.0,337.48275,162.866964,94.963986,-101.06792,-14.149509,0.0,-89.173153,-12.69032,0.132606,-873.852382,-106.540952,0.984279
61.94,327.553349,161.637469,95.0,336.579795,162.738505,94.965265,-102.109264,-14.295297,0.0,-90.29546,-12.845897,0.127897,-881.731293,-107.501528,0.949325
61.95,326.528457,161.493984,95.0,335.665698,162.608502,94.966498,-103.139549,-14.439537,0.0,-91.409735,-13.000298,0.123355,-889.504804,-108.449377,0.915612
61.96,325.493332,161.349067,95.0,334.740541,162.476967,94.967688,-104.158529,-14.582194,0.0,-92.51569,-13.153483,0.118974,-897.171175,-109.384285,0.883096
61.97,324.448089,161.202732,95.0,333.80441,162.343913,94.968835,-105.165963,-14.723235,0.0,-93.613044,-13.305414,0.114749,-904.728697,-110.30604,0.851735
61.98,323.392843,161.054998,95.0,332.857395,162.209353,94.969942,-106.161612,-14.862626,0.0,-94.70152,-13.456051,0.110674,-912.175691,-111.214437,0.821488
61.99,322.327713,160.90588,95.0,331.899587,162.073299,94.971009,-107.14524,-15.000334,0.0,-95.780842,-13.605359,0.106744,-919.510512,-112.109271,0.792315
62.0,321.252821,160.755395,95.0,330.931079,161.935766,94.972039,-108.116619,-15.136327,0.0,-96.850741,-13.753299,0.102953,-926.731542,-112.990346,0.764177
62.01,320.168291,160.603561,95.0,329.95197,161.796768,94.973032,-109.07552,-15.270573,0.0,-97.910949,-13.899836,0.099297,-933.837198,-113.857464,0.737039
62.02,319.074247,160.450395,95.0,328.962358,161.656318,94.97399,-110.021721,-15.403041,0.0,-98.961205,-14.044932,0.095771,-940.825926,-114.710436,0.710865
62.03,317.970818,160.295915,95.0,327.962345,161.514433,94.974913,-110.955003,-15.5337,0.0,-100.001249,-14.188553,0.09237,-947.696205,-115.549072,0.685621
62.04,316.858135,160.140139,95.0,326.952037,161.371126,94.975804,-111.875151,-15.662521,0.0,-101.030826,-14.330664,0.089089,-954.446544,-116.37319,0.661272
62.05,315.736328,159.983086,95.0,325.93154,161.226414,94.976664,-112.781954,-15.789474,0.0,-102.049685,-14.471231,0.085925,-961.075483,-117.18261,0.637789
62.06,314.605533,159.824775,95.0,324.900964,161.080312,94.977492,-113.675205,-15.914529,0.0,-103.057579,-14.610219,0.082874,-967.581593,-117.977155,0.615139
62.07,313.465886,159.665224,95.0,323.860422,160.932836,94.978292,-114.5547,-16.037658,0.0,-104.054265,-14.747595,0.079931,-973.963479,-118.756653,0.593294
62.08,312.317525,159.504453,95.0,322.810027,160.784002,94.979062,-115.420241,-16.158834,0.0,-105.039502,-14.883326,0.077092,-980.219772,-119.520936,0.572225
62.09,311.16059,159.342483,95.0,321.749896,160.633829,94.979806,-116.271631,-16.278028,0.0,-106.013057,-15.017381,0.074355,-986.34914,-120.269838,0.551903
62.1,309.995225,159.179331,95.0,320.680149,160.482331,94.980523,-117.108679,-16.395215,0.0,-106.974695,-15.149727,0.071714,-992.350278,-121.003199,0.532304
62.11,308.821572,159.01502,95.0,319.600907,160.329528,94.981215,-117.931198,-16.510368,0.0,-107.924191,-15.280333,0.069167,-998.221914,-121.720863,0.5134
62.12,307.639779,158.849569,95.0,318.512294,160.175436,94.981882,-118.739004,-16.623461,0.0,-108.86132,-15.409169,0.066711,-1003.962807,-122.422674,0.495168
62.13,306.449992,158.682999,95.0,317.414435,160.020074,94.982525,-119.531917,-16.734468,0.0,-109.785861,-15.536205,0.064342,-1009.571747,-123.108486,0.477583
62.14,305.252362,158.515331,95.0,316.307459,159.86346,94.983146,-120.309761,-16.843366,0.0,-110.697599,-15.661411,0.062057,-1015.047556,-123.77815,0.460623
62.15,304.047039,158.346586,95.0,315.191496,159.705613,94.983744,-121.072363,-16.950131,0.0,-111.596321,-15.784758,0.059853,-1020.389086,-124.431527,0.444265
62.16,302.834178,158.176785,95.0,314.066678,159.54655,94.984322,-121.819557,-17.054738,0.0,-112.481818,-15.906218,0.057728,-1025.59522,-125.068477,0.428488
62.17,301.613932,158.00595,95.0,312.933139,159.386293,94.984879,-122.551178,-17.157165,0.0,-113.353887,-16.025763,0.055678,-1030.664874,-125.688867,0.413271
62.18,300.386458,157.834104,95.0,311.791016,159.224859,94.985416,-123.267065,-17.257389,0.0,-114.212327,-16.143364,0.0537,-1035.596995,-126.292566,0.398595
62.19,299.151914,157.661268,95.0,310.640447,159.062269,94.985933,-123.967062,-17.355389,0.0,-115.056939,-16.258997,0.051793,-1040.390558,-126.879448,0.38444
62.2,297.910459,157.487464,95.0,309.481571,158.898543,94.986433,-124.651017,-17.451142,0.0,-115.887533,-16.372634,0.049954,-1045.044574,-127.44939,0.370787
62.21,296.662255,157.312716,95.0,308.314532,158.7337,94.986915,-125.318781,-17.544629,0.0,-116.703919,-16.484249,0.04818,-1049.558082,-128.002273,0.35762
62.22,295.407463,157.137045,95.0,307.139473,158.567762,94.987379,-125.970209,-17.635829,0.0,-117.505911,-16.593818,0.046469,-1053.930153,-128.537983,0.34492
62.23,294.146248,156.960475,95.0,305.95654,158.400749,94.987828,-126.605162,-17.724723,0.0,-118.293328,-16.701315,0.044819,-1058.159889,-129.056407,0.332671
62.24,292.878774,156.783028,95.0,304.76588,158.232682,94.98826,-127.223501,-17.81129,0.0,-119.065993,-16.806717,0.043227,-1062.246424,-129.557438,0.320857
62.25,291.605209,156.604729,95.0,303.567642,158.063582,94.988677,-127.825094,-17.895513,0.0,-119.823733,-16.91,0.041692,-1066.188922,-130.040974,0.309462
62.26,290.32572,156.425601,95.0,302.361979,157.89347,94.989079,-128.409813,-17.977374,0.0,-120.566378,-17.011141,0.040211,-1069.986581,-130.506914,0.298472
62.27,289.040476,156.245667,95.0,301.149041,157.722369,94.989467,-128.977531,-18.056854,0.0,-121.293762,-17.110117,0.038783,-1073.638626,-130.955161,0.287873
62.28,287.749648,156.064951,95.0,299.928984,157.5503,94.989841,-129.528128,-18.133938,0.0,-122.005723,-17.206907,0.037406,-1077.144316,-131.385625,0.27765
62.29,286.453408,155.883477,95.0,298.701963,157.377285,94.990202,-130.061487,-18.208608,0.0,-122.702104,-17.30149,0.036078,-1080.502942,-131.798216,0.26779
62.3,285.151927,155.70127,95.0,297.468135,157.203347,94.99055,-130.577494,-18.280849,0.0,-123.382751,-17.393843,0.034796,-1083.713823,-132.192851,0.25828
62.31,283.84538,155.518353,95.0,296.22766,157.028507,94.990885,-131.076039,-18.350646,0.0,-124.047513,-17.483948,0.033561,-1086.776312,-132.569448,0.249108
62.32,282.533942,155.334752,95.0,294.980698,156.85279,94.991209,-131.557018,-18.417983,0.0,-124.696244,-17.571783,0.032369,-1089.689792,-132.92793,0.240261
62.33,281.217789,155.15049,95.0,293.72741,156.676216,94.991521,-132.020328,-18.482846,0.0,-125.328802,-17.657331,0.031219,-1092.453678,-133.268225,0.231729
62.34,279.897097,154.965594,95.0,292.467959,156.49881,94.991822,-132.465872,-18.545222,0.0,-125.945049,-17.740572,0.030111,-1095.067415,-133.590264,0.2235
62.35,278.572046,154.780086,95.0,291.202511,156.320596,94.992113,-132.893556,-18.605098,0.0,-126.54485,-17.821489,0.029041,-1097.530481,-133.893981,0.215562
62.36,277.242812,154.593994,95.0,289.93123,156.141595,94.992393,-133.30329,-18.662461,0.0,-127.128074,-17.900063,0.02801,-1099.842384,-134.179314,0.207907
62.37,275.909577,154.407341,95.0,288.654284,155.961832,94.992663,-133.694988,-18.717298,0.0,-127.694594,-17.976278,0.027015,-1102.002663,-134.446205,0.200524
62.38,274.57252,154.220153,95.0,287.371841,155.781331,94.992923,-134.068568,-18.769599,0.0,-128.244288,-18.050117,0.026056,-1104.010889,-134.694602,0.193403
62.39,273.231823,154.032455,95.0,286.084071,155.600115,94.993175,-134.423952,-18.819353,0.0,-128.777037,-18.121564,0.025131,-1105.866663,-134.924453,0.186535
62.4,271.887668,153.844274,95.0,284.791143,155.418209,94.993417,-134.761065,-18.866549,0.0,-129.292726,-18.190603,0.024238,-1107.569619,-135.135713,0.17991
62.41,270.540238,153.655633,95.0,283.493231,155.235637,94.993651,-135.079837,-18.911177,0.0,-129.791244,-18.257221,0.023377,-1109.119422,-135.328338,0.173521
62.42,269.189716,153.46656,95.0,282.190506,155.052423,94.993876,-135.380202,-18.953228,0.0,-130.272482,-18.321402,0.022547,-1110.515766,-135.502291,0.167359
62.43,267.836287,153.27708,95.0,280.883143,154.868592,94.994094,-135.662097,-18.992694,0.0,-130.736339,-18.383133,0.021747,-1111.75838,-135.657537,0.161416
62.44,266.480135,153.087219,95.0,279.571316,154.684168,94.994304,-135.925464,-19.029565,0.0,-131.182715,-18.442401,0.020974,-1112.847019,-135.794044,0.155683
62.45,265.121446,152.897002,95.0,278.2552,154.499176,94.994506,-136.170248,-19.063835,0.0,-131.611513,-18.499192,0.020229,-1113.781475,-135.911785,0.150155
62.46,263.760405,152.706457,95.0,276.934974,154.313641,94.994701,-136.396397,-19.095496,0.0,-132.022643,-18.553495,0.019511,-1114.561567,-136.010738,0.144822
62.47,262.397199,152.515608,95.0,275.610814,154.127588,94.994889,-136.603865,-19.124541,0.0,-132.416016,-18.605299,0.018818,-1115.187147,-136.090882,0.139679
62.48,261.032015,152.324482,95.0,274.282898,153.941042,94.995071,-136.79261,-19.150965,0.0,-132.791549,-18.654592,0.01815,-1115.658098,-136.152202,0.134719
62.49,259.665039,152.133105,95.0,272.951407,153.754028,94.995246,-136.962591,-19.174763,0.0,-133.149162,-18.701363,0.017505,-1115.974335,-136.194687,0.129935
62.5,258.296459,151.941504,95.0,271.616519,153.566572,94.995415,-137.113775,-19.195928,0.0,-133.488779,-18.745603,0.016884,-1116.135802,-136.218327,0.12532
62.51,256.926464,151.749705,95.0,270.278416,153.378699,94.995577,-137.246128,-19.214458,0.0,-133.810327,-18.787302,0.016284,-1116.142476,-136.223119,0.12087
62.52,255.555241,151.557734,95.0,268.937278,153.190435,94.995734,-137.359625,-19.230348,0.0,-134.113739,-18.826451,0.015706,-1115.994366,-136.209063,0.116577
62.53,254.182978,151.365617,95.0,267.593289,153.001804,94.995886,-137.454242,-19.243594,0.0,-134.398949,-18.863043,0.015148,-1115.69151,-136.176161,0.112437
62.54,252.809866,151.173381,95.0,266.24663,152.812834,94.996032,-137.529959,-19.254194,0.0,-134.665899,-18.897069,0.01461,-1115.233978,-136.124422,0.108444
62.55,251.436091,150.981053,95.0,264.897485,152.623548,94.996173,-137.58676,-19.262146,0.0,-134.91453,-18.928522,0.014091,-1114.621873,-136.053856,0.104593
62.56,250.061844,150.788658,95.0,263.546037,152.433975,94.996309,-137.624634,-19.267449,0.0,-135.14479,-18.957396,0.013591,-1113.855326,-135.964478,0.100879
62.57,248.687313,150.596224,95.0,262.19247,152.244138,94.99644,-137.643573,-19.2701,0.0,-135.356632,-18.983683,0.013108,-1112.934502,-135.856307,0.097296
62.58,247.312687,150.403776,95.0,260.83697,152.054064,94.996566,-137.643573,-19.2701,0.0,-135.550009,-19.00738,0.012643,-1111.859597,-135.729365,0.093841
62.59,245.938156,150.211342,95.0,259.479721,151.863779,94.996688,-137.624634,-19.267449,0.0,-135.72488,-19.02848,0.012194,-1110.630836,-135.58368,0.090509
62.6,244.563909,150.018947,95.0,258.120909,151.673309,94.996806,-137.58676,-19.262146,0.0,-135.88121,-19.046979,0.011761,-1109.248477,-135.41928,0.087294
62.61,243.190134,149.826619,95.0,256.76072,151.482681,94.996919,-137.529959,-19.254194,0.0,-136.018964,-19.062874,0.011343,-1107.712809,-135.236201,0.084194
62.62,241.817022,149.634383,95.0,255.399339,151.291919,94.997029,-137.454242,-19.243594,0.0,-136.138114,-19.07616,0.01094,-1106.024153,-135.03448,0.081204
62.63,240.444759,149.442266,95.0,254.036952,151.101051,94.997134,-137.359625,-19.230348,0.0,-136.238633,-19.086836,0.010552,-1104.182859,-134.814158,0.078321
62.64,239.073536,149.250295,95.0,252.673747,150.910102,94.997236,-137.246128,-19.214458,0.0,-136.320502,-19.094898,0.010177,-1102.189311,-134.575281,0.075539
62.65,237.703541,149.058496,95.0,251.30991,150.719098,94.997334,-137.113775,-19.195928,0.0,-136.383701,-19.100344,0.009816,-1100.043922,-134.3179,0.072857
62.66,236.334961,148.866895,95.0,249.945628,150.528066,94.997429,-136.962591,-19.174763,0.0,-136.428218,-19.103175,0.009467,-1097.747138,-134.042065,0.070269
62.67,234.967985,148.675518,95.0,248.581088,150.337033,94.99752,-136.79261,-19.150965,0.0,-136.454043,-19.103388,0.009131,-1095.299433,-133.747836,0.067774
62.68,233.602801,148.484392,95.0,247.216476,150.146023,94.997608,-136.603865,-19.124541,0.0,-136.461169,-19.100985,0.008807,-1092.701317,-133.435272,0.065367
62.69,232.239595,148.293543,95.0,245.85198,149.955063,94.997693,-136.396397,-19.095496,0.0,-136.449596,-19.095964,0.008494,-1089.953328,-133.104438,0.063046
62.7,230.878554,148.102998,95.0,244.487787,149.76418,94.997775,-136.170248,-19.063835,0.0,-136.419324,-19.088328,0.008192,-1087.056036,-132.755403,0.060807
62.71,229.519865,147.912781,95.0,243.124083,149.573399,94.997854,-135.925464,-19.029565,0.0,-136.37036,-19.078077,0.007901,-1084.010042,-132.388239,0.058647
62.72,228.163713,147.72292,95.0,241.761056,149.382747,94.99793,-135.662097,-18.992694,0.0,-136.302714,-19.065215,0.007621,-1080.815978,-132.003022,0.056565
62.73,226.810284,147.53344,95.0,240.398892,149.192249,94.998004,-135.380202,-18.953228,0.0,-136.2164,-19.049743,0.00735,-1077.474509,-131.599832,0.054556
62.74,225.459762,147.344367,95.0,239.037778,149.001933,94.998075,-135.079837,-18.911177,0.0,-136.111434,-19.031664,0.007089,-1073.986328,-131.178752,0.052618
62.75,224.112332,147.155726,95.0,237.677899,148.811823,94.998143,-134.761065,-18.866549,0.0,-135.987838,-19.010982,0.006837,-1070.352163,-130.739871,0.05075
62.76,222.768177,146.967545,95.0,236.319443,148.621946,94.998209,-134.423952,-18.819353,0.0,-135.845639,-18.987702,0.006594,-1066.572771,-130.28328,0.048948
62.77,221.42748,146.779847,95.0,234.962594,148.432328,94.998273,-134.068568,-18.769599,0.0,-135.684864,-18.961829,0.00636,-1062.64894,-129.809074,0.047209
62.78,220.090423,146.592659,95.0,233.607539,148.242994,94.998334,-133.694988,-18.717298,0.0,-135.505548,-18.933367,0.006134,-1058.58149,-129.317351,0.045533
62.79,218.757188,146.406006,95.0,232.254461,148.053971,94.998393,-133.30329,-18.662461,0.0,-135.307727,-18.902322,0.005917,-1054.371272,-128.808216,0.043916
62.8,217.427954,146.219914,95.0,230.903547,147.865284,94.99845,-132.893556,-18.605098,0.0,-135.091443,-18.868701,0.005706,-1050.019169,-128.281775,0.042356
62.81,216.102903,146.034406,95.0,229.55498,147.676959,94.998505,-132.465872,-18.545222,0.0,-134.85674,-18.832512,0.005504,-1045.526093,-127.738138,0.040852
62.82,214.782211,145.84951,95.0,228.208943,147.489021,94.998558,-132.020328,-18.482846,0.0,-134.603667,-18.79376,0.005308,-1040.892991,-127.177419,0.039401
62.83,213.466058,145.665248,95.0,226.86562,147.301496,94.99861,-131.557018,-18.417983,0.0,-134.332277,-18.752455,0.00512,-1036.120837,-126.599737,0.038002
62.84,212.15462,145.481647,95.0,225.525194,147.11441,94.998659,-131.076039,-18.350646,0.0,-134.042627,-18.708606,0.004938,-1031.210639,-126.005214,0.036653
62.85,210.848073,145.29873,95.0,224.187846,146.927788,94.998707,-130.577494,-18.280849,0.0,-133.734776,-18.66222,0.004763,-1026.163435,-125.393976,0.035351
62.86,209.546592,145.116523,95.0,222.853758,146.741655,94.998752,-130.061487,-18.208608,0.0,-133.40879,-18.613308,0.004593,-1020.980296,-124.766152,0.034095
62.87,208.250352,144.935049,95.0,221.523111,146.556036,94.998797,-129.528128,-18.133938,0.0,-133.064737,-18.561881,0.00443,-1015.662322,-124.121876,0.032885
62.88,206.959524,144.754333,95.0,220.196084,146.370957,94.998839,-128.977531,-18.056854,0.0,-132.702688,-18.507949,0.004273,-1010.210644,-123.461286,0.031717
62.89,205.67428,144.574399,95.0,218.872857,146.186442,94.998881,-128.409813,-17.977374,0.0,-132.322721,-18.451523,0.004121,-1004.626428,-122.784521,0.03059
62.9,204.394791,144.395271,95.0,217.553608,146.002515,94.99892,-127.825094,-17.895513,0.0,-131.924915,-18.392615,0.003975,-998.910866,-122.091728,0.029504
62.91,203.121226,144.216972,95.0,216.238514,145.819203,94.998959,-127.223501,-17.81129,0.0,-131.509354,-18.331238,0.003834,-993.065186,-121.383055,0.028456
62.92,201.853752,144.039525,95.0,214.927753,145.636529,94.998996,-126.605162,-17.724723,0.0,-131.076126,-18.267405,0.003698,-987.090643,-120.658655,0.027446
62.93,200.592537,143.862955,95.0,213.6215,145.454518,94.999031,-125.970209,-17.635829,0.0,-130.625323,-18.201128,0.003566,-980.988527,-119.918684,0.026471
62.94,199.337745,143.687284,95.0,212.319929,145.273194,94.999066,-125.318781,-17.544629,0.0,-130.15704,-18.132423,0.00344,-974.760157,-119.163302,0.025531
62.95,198.089541,143.512536,95.0,211.023215,145.09258,94.999099,-124.651017,-17.451142,0.0,-129.671377,-18.061304,0.003317,-968.406883,-118.392674,0.024624
62.96,196.848086,143.338732,95.0,209.731531,144.912703,94.999131,-123.967062,-17.355389,0.0,-129.168438,-17.987786,0.0032,-961.930088,-117.606968,0.02375
62.97,195.613542,143.165896,95.0,208.445048,144.733584,94.999162,-123.267065,-17.257389,0.0,-128.648329,-17.911885,0.003086,-955.331185,-116.806355,0.022906
62.98,194.386068,142.99405,95.0,207.163936,144.555248,94.999192,-122.551178,-17.157165,0.0,-128.111162,-17.833617,0.002976,-948.611619,-115.99101,0.022093
62.99,193.165822,142.823215,95.0,205.888366,144.377718,94.99922,-121.819557,-17.054738,0.0,-127.557053,-17.752998,0.002871,-941.772864,-115.161114,0.021308
63.0,191.952961,142.653414,95.0,204.618504,144.201017,94.999248,-121.072363,-16.950131,0.0,-126.986119,-17.670047,0.002769,-934.816428,-114.31685,0.020552
63.01,190.747638,142.484669,95.0,203.35452,144.025169,94.999275,-120.309761,-16.843366,0.0,-126.398485,-17.584781,0.00267,-927.743849,-113.458404,0.019822
63.02,189.550008,142.317001,95.0,202.096577,143.850197,94.9993,-119.531917,-16.734468,0.0,-125.794277,-17.497219,0.002576,-920.556697,-112.585967,0.019118
63.03,188.360221,142.150431,95.0,200.84484,143.676123,94.999325,-118.739004,-16.623461,0.0,-125.173626,-17.407379,0.002484,-913.256572,-111.699735,0.018439
63.04,187.178428,141.98498,95.0,199.599474,143.502971,94.999349,-117.931198,-16.510368,0.0,-124.536667,-17.315281,0.002396,-905.845105,-110.799905,0.017784
63.05,186.004775,141.820669,95.0,198.360638,143.330761,94.999372,-117.108679,-16.395215,0.0,-123.883538,-17.220945,0.002311,-898.323961,-109.886681,0.017153
63.06,184.83941,141.657517,95.0,197.128495,143.159517,94.999395,-116.271631,-16.278028,0.0,-123.214381,-17.124392,0.002229,-890.694833,-108.960267,0.016544
63.07,183.682475,141.495547,95.0,195.903201,142.989261,94.999416,-115.420241,-16.158834,0.0,-122.529344,-17.025643,0.00215,-882.959446,-108.020875,0.015956
63.08,182.534114,141.334776,95.0,194.684915,142.820014,94.999437,-114.5547,-16.037658,0.0,-121.828576,-16.92472,0.002073,-875.119558,-107.068718,0.015389
63.09,181.394467,141.175225,95.0,193.473793,142.651797,94.999457,-113.675205,-15.914529,0.0,-121.112232,-16.821645,0.002,-867.176957,-106.104014,0.014843
63.1,180.263672,141.016914,95.0,192.269988,142.484633,94.999476,-112.781954,-15.789474,0.0,-120.380469,-16.71644,0.001929,-859.133462,-105.126984,0.014316
63.11,179.141865,140.859861,95.0,191.073654,142.318541,94.999495,-111.875151,-15.662521,0.0,-119.63345,-16.60913,0.00186,-850.990923,-104.137853,0.013807
63.12,178.029182,140.704085,95.0,189.88494,142.153544,94.999513,-110.955003,-15.5337,0.0,-118.871341,-16.499738,0.001794,-842.751222,-103.136851,0.013317
63.13,176.925753,140.549605,95.0,188.703997,141.989661,94.99953,-110.021721,-15.403041,0.0,-118.094311,-16.388288,0.00173,-834.416271,-102.124211,0.012844
63.14,175.831709,140.396439,95.0,187.530972,141.826913,94.999547,-109.07552,-15.270573,0.0,-117.302535,-16.274806,0.001669,-825.988016,-101.10017,0.012388
63.15,174.747179,140.244605,95.0,186.36601,141.66532,94.999563,-108.116619,-15.136327,0.0,-116.496189,-16.159317,0.00161,-817.468431,-100.064967,0.011948
63.16,173.672287,140.09412,95.0,185.209256,141.504901,94.999578,-107.14524,-15.000334,0.0,-115.675456,-16.041848,0.001553,-808.859523,-99.018848,0.011524
63.17,172.607157,139.945002,95.0,184.06085,141.345677,94.999593,-106.161612,-14.862626,0.0,-114.840521,-15.922424,0.001497,-800.16333,-97.962061,0.011114
63.18,171.551911,139.797268,95.0,182.920935,141.187666,94.999608,-105.165963,-14.723235,0.0,-113.991572,-15.801073,0.001444,-791.381921,-96.894858,0.01072
63.19,170.506668,139.650933,95.0,181.789647,141.030888,94.999622,-104.158529,-14.582194,0.0,-113.128804,-15.677823,0.001393,-782.517397,-95.817494,0.010339
63.2,169.471543,139.506016,95.0,180.667122,140.875361,94.999635,-103.139549,-14.439537,0.0,-112.252414,-15.552702,0.001343,-773.571888,-94.73023,0.009972
63.21,168.446651,139.362531,95.0,179.553496,140.721104,94.999648,-102.109264,-14.295297,0.0,-111.362602,-15.425738,0.001296,-764.547557,-93.633329,0.009618
63.22,167.432103,139.220494,95.0,178.448901,140.568134,94.999661,-101.06792,-14.149509,0.0,-110.459574,-15.296962,0.00125,-755.4466,-92.527059,0.009276
63.23,166.42801,139.079921,95.0,177.353465,140.41647,94.999673,-100.015769,-14.002208,0.0,-109.543539,-15.166404,0.001205,-746.27124,-91.411691,0.008947
63.24,165.434477,138.940827,95.0,176.267318,140.266129,94.999684,-98.953064,-13.853429,0.0,-108.614708,-15.034093,0.001163,-737.023734,-90.287499,0.008629
63.25,164.451608,138.803225,95.0,175.190585,140.117129,94.999695,-97.880062,-13.703209,0.0,-107.673299,-14.90006,0.001121,-727.70637,-89.154763,0.008323
63.26,163.479506,138.667131,95.0,174.12339,139.969485,94.999706,-96.797027,-13.551584,0.0,-106.719533,-14.764338,0.001081,-718.321467,-88.013766,0.008027
63.27,162.518268,138.532558,95.0,173.065854,139.823216,94.999717,-95.704224,-13.398591,0.0,-105.753634,-14.626958,0.001043,-708.871376,-86.864793,0.007742
63.28,161.567992,138.399519,95.0,172.018095,139.678336,94.999727,-94.601922,-13.244269,0.0,-104.77583,-14.487954,0.001006,-699.358476,-85.708136,0.007467
63.29,160.62877,138.268028,95.0,170.980232,139.534863,94.999736,-93.490395,-13.088655,0.0,-103.786354,-14.347357,0.00097,-689.785182,-84.544088,0.007202
63.3,159.700694,138.138097,95.0,169.952377,139.392811,94.999746,-92.369921,-12.931789,0.0,-102.785441,-14.205202,0.000936,-680.153937,-83.372948,0.006946
63.31,158.783852,138.009739,95.0,168.934644,139.252195,94.999755,-91.240781,-12.773709,0.0,-101.773332,-14.061524,0.000903,-670.467215,-82.195016,0.006699
63.32,157.878327,137.882966,95.0,167.927141,139.113032,94.999764,-90.103261,-12.614457,0.0,-100.750271,-13.916357,0.000871,-660.727524,-81.0106,0.006462
63.33,156.984204,137.757789,95.0,166.929976,138.975334,94.999772,-88.957649,-12.454071,0.0,-99.716506,-13.769736,0.00084,-650.937401,-79.820009,0.006232
63.34,156.10156,137.634218,95.0,165.943253,138.839117,94.99978,-87.80424,-12.292594,0.0,-98.672289,-13.621698,0.00081,-641.099415,-78.623555,0.006011
63.35,155.230474,137.512266,95.0,164.967075,138.704395,94.999788,-86.643329,-12.130066,0.0,-97.617874,-13.472278,0.000781,-631.216165,-77.421556,0.005797
63.36,154.371017,137.391942,95.0,164.001539,138.571179,94.999795,-85.475219,-11.966531,0.0,-96.553523,-13.321515,0.000753,-621.290283,-76.214333,0.005591
63.37,153.52326,137.273256,95.0,163.046744,138.439485,94.999803,-84.300214,-11.80203,0.0,-95.479498,-13.169445,0.000727,-611.324432,-75.00221,0.005393
63.38,152.687271,137.156218,95.0,162.102784,138.309324,94.99981,-83.118622,-11.636607,0.0,-94.396067,-13.016107,0.000701,-601.321304,-73.785517,0.005201
63.39,151.863114,137.040836,95.0,161.169749,138.180709,94.999816,-81.930757,-11.470306,0.0,-93.303501,-12.861539,0.000676,-591.283626,-72.564585,0.005017
63.4,151.050849,136.927119,95.0,160.247728,138.053651,94.999823,-80.736935,-11.303171,0.0,-92.202075,-12.70578,0.000652,-581.214153,-71.339752,0.004838
63.41,150.250536,136.815075,95.0,159.336807,137.928162,94.999829,-79.537477,-11.135247,0.0,-91.092069,-12.548871,0.000629,-571.115672,-70.111356,0.004667
63.42,149.462228,136.704712,95.0,158.43707,137.804254,94.999835,-78.332707,-10.966579,0.0,-89.973765,-12.390851,0.000606,-560.991003,-68.879742,0.004501
63.43,148.685976,136.596037,95.0,157.548595,137.681936,94.999841,-77.122954,-10.797214,0.0,-88.847451,-12.231762,0.000585,-550.842994,-67.645258,0.004341
63.44,147.92183,136.489056,95.0,156.671461,137.561219,94.999847,-75.908549,-10.627197,0.0,-87.713417,-12.071645,0.000564,-540.674528,-66.408256,0.004187
63.45,147.169834,136.383777,95.0,155.805741,137.442114,94.999852,-74.68983,-10.456576,0.0,-86.571958,-11.910541,0.000544,-530.488517,-65.16909,0.004038
63.46,146.430029,136.280204,95.0,154.951508,137.324629,94.999857,-73.467135,-10.285399,0.0,-85.423373,-11.748494,0.000525,-520.287903,-63.92812,0.003895
63.47,145.702452,136.178343,95.0,154.108828,137.208774,94.999863,-72.24081,-10.113713,0.0,-84.267964,-11.585546,0.000506,-510.075662,-62.685709,0.003757
63.48,144.98714,136.0782,95.0,153.277768,137.094556,94.999867,-71.011202,-9.941568,0.0,-83.106038,-11.421741,0.000488,-499.8548,-61.442223,0.003623
63.49,144.284122,135.979777,95.0,152.458389,136.981985,94.999872,-69.778662,-9.769013,0.0,-81.937905,-11.257123,0.000471,-489.628354,-60.198034,0.003494
63.5,143.593427,135.88308,95.0,151.65075,136.871068,94.999877,-68.543547,-9.596097,0.0,-80.76388,-11.091737,0.000454,-479.399393,-58.953516,0.00337
63.51,142.915077,135.788111,95.0,150.854907,136.761811,94.999881,-67.306216,-9.42287,0.0,-79.584279,-10.925628,0.000438,-469.171016,-57.709048,0.003251
63.52,142.249094,135.694873,95.0,150.070913,136.654223,94.999885,-66.067033,-9.249385,0.0,-78.399427,-10.758841,0.000422,-458.946354,-56.465011,0.003135
63.53,141.595494,135.603369,95.0,149.298816,136.548309,94.999889,-64.826366,-9.075691,0.0,-77.209648,-10.591424,0.000407,-448.728569,-55.221792,0.003024
63.54,140.95429,135.513601,95.0,148.538663,136.444074,94.999893,-63.584584,-8.901842,0.0,-76.015272,-10.423422,0.000393,-438.520856,-53.979779,0.002916
63.55,140.325492,135.425569,95.0,147.790497,136.341526,94.999897,-62.342065,-8.727889,0.0,-74.816634,-10.254884,0.000379,-428.326438,-52.739368,0.002813
63.56,139.709104,135.339275,95.0,147.054356,136.240667,94.999901,-61.099186,-8.553886,0.0,-73.614071,-10.085857,0.000366,-418.148571,-51.500956,0.002713
63.57,139.105129,135.254718,95.0,146.330277,136.141503,94.999904,-59.856332,-8.379886,0.0,-72.407924,-9.91639,0.000353,-407.990542,-50.264943,0.002617
63.58,138.513564,135.171899,95.0,145.618292,136.044038,94.999908,-58.613889,-8.205944,0.0,-71.198539,-9.746532,0.00034,-397.85567,-49.031735,0.002524
63.59,137.934404,135.090817,95.0,144.918429,135.948275,94.999911,-57.372247,-8.032115,0.0,-69.986266,-9.576332,0.000328,-387.747305,-47.801741,0.002434
63.6,137.367638,135.011469,95.0,144.230715,135.854216,94.999914,-56.131803,-7.858452,0.0,-68.771457,-9.405841,0.000316,-377.668826,-46.575374,0.002348
63.61,136.813252,134.933855,95.0,143.55517,135.761865,94.999917,-54.892954,-7.685014,0.0,-67.55447,-9.235109,0.000305,-367.623647,-45.35305,0.002264
63.62,136.271228,134.857972,95.0,142.891813,135.671223,94.99992,-53.656104,-7.511855,0.0,-66.335667,-9.064187,0.000294,-357.61521,-44.13519,0.002184
63.63,135.741545,134.783816,95.0,142.240659,135.582292,94.999923,-52.421658,-7.339032,0.0,-65.115411,-8.893128,0.000284,-347.64699,-42.922218,0.002106
63.64,135.224177,134.711385,95.0,141.601718,135.495072,94.999926,-51.190027,-7.166604,0.0,-63.894072,-8.721984,0.000274,-337.722493,-41.714561,0.002032
63.65,134.719092,134.640673,95.0,140.974998,135.409564,94.999928,-49.961626,-6.994628,0.0,-62.672024,-8.550807,0.000264,-327.845255,-40.512653,0.001959
63.66,134.226258,134.571676,95.0,140.360502,135.325767,94.999931,-48.736873,-6.823162,0.0,-61.449641,-8.379651,0.000255,-318.018844,-39.316928,0.00189
63.67,133.745634,134.504389,95.0,139.758229,135.243682,94.999933,-47.51619,-6.652267,0.0,-60.227306,-8.20857,0.000246,-308.246861,-38.127827,0.001823
63.68,133.277179,134.438805,95.0,139.168175,135.163306,94.999936,-46.300002,-6.482,0.0,-59.005403,-8.037618,0.000237,-298.532936,-36.945792,0.001758
63.69,132.820846,134.374918,95.0,138.590331,135.084637,94.999938,-45.088742,-6.312424,0.0,-57.784319,-7.866851,0.000228,-288.88073,-35.771271,0.001696
63.7,132.376583,134.312722,95.0,138.024687,135.007674,94.99994,-43.882841,-6.143598,0.0,-56.564449,-7.696324,0.00022,-279.293937,-34.604715,0.001635
63.71,131.944334,134.252207,95.0,137.471225,134.932413,94.999942,-42.682737,-5.975583,0.0,-55.346187,-7.526093,0.000212,-269.776281,-33.446579,0.001577
63.72,131.52404,134.193366,95.0,136.929926,134.858851,94.999944,-41.488874,-5.808442,0.0,-54.129933,-7.356215,0.000205,-260.331517,-32.297321,0.001521
63.73,131.115635,134.136189,95.0,136.400765,134.786983,94.999946,-40.301696,-5.642237,0.0,-52.916093,-7.186748,0.000198,-250.963434,-31.157404,0.001467
63.74,130.719052,134.080667,95.0,135.883714,134.716806,94.999948,-39.121652,-5.477031,0.0,-51.705074,-7.017748,0.000191,-241.675847,-30.027295,0.001415
63.75,130.334215,134.02679,95.0,135.378741,134.648313,94.99995,-37.949197,-5.312888,0.0,-50.497287,-6.849275,0.000184,-232.472607,-28.907463,0.001365
63.76,129.961048,133.974547,95.0,134.88581,134.581499,94.999952,-36.784787,-5.14987,0.0,-49.293149,-6.681387,0.000177,-223.357595,-27.798382,0.001316
63.77,129.599467,133.923925,95.0,134.404879,134.516358,94.999954,-35.628884,-4.988044,0.0,-48.093079,-6.514144,0.000171,-214.334721,-26.700531,0.00127
63.78,129.249385,133.874914,95.0,133.935904,134.452882,94.999955,-34.481953,-4.827473,0.0,-46.897501,-6.347606,0.000165,-205.40793,-25.614391,0.001225
63.79,128.910711,133.8275,95.0,133.478835,134.391063,94.999957,-33.344464,-4.668225,0.0,-45.706843,-6.181832,0.000159,-196.581194,-24.540447,0.001181
63.8,128.583348,133.781669,95.0,133.03362,134.330895,94.999958,-32.216888,-4.510364,0.0,-44.521535,-6.016885,0.000153,-187.85852,-23.479189,0.001139
63.81,128.267194,133.737407,95.0,132.6002,134.272366,94.99996,-31.099704,-4.353959,0.0,-43.342012,-5.852826,0.000148,-179.243944,-22.431109,0.001099
63.82,127.962143,133.6947,95.0,132.178513,134.215469,94.999961,-29.993391,-4.199075,0.0,-42.168715,-5.689717,0.000143,-170.741535,-21.396706,0.00106
63.83,127.668084,133.653532,95.0,131.768492,134.160193,94.999963,-28.898435,-4.045781,0.0,-41.002086,-5.527621,0.000138,-162.35539,-20.376478,0.001022
63.84,127.384901,133.613886,95.0,131.370066,134.106527,94.999964,-27.815324,-3.894145,0.0,-39.842573,-5.366601,0.000133,-154.089641,-19.370933,0.000986
63.85,127.112474,133.575746,95.0,130.98316,134.05446,94.999965,-26.744551,-3.744237,0.0,-38.690625,-5.206721,0.000128,-145.948449,-18.380576,0.000951
63.86,126.850677,133.539095,95.0,130.607693,134.003979,94.999966,-25.686612,-3.596126,0.0,-37.546699,-5.048045,0.000124,-137.936007,-17.405922,0.000917
63.87,126.599379,133.503913,95.0,130.243581,133.955073,94.999968,-24.642008,-3.449881,0.0,-36.411252,-4.890638,0.000119,-130.056538,-16.447485,0.000884
63.88,126.358445,133.470182,95.0,129.890733,133.907727,94.999969,-23.611243,-3.305574,0.0,-35.284747,-4.734566,0.000115,-122.314299,-15.505786,0.000853
63.89,126.127733,133.437883,95.0,129.549057,133.861928,94.99997,-22.594825,-3.163275,0.0,-34.167651,-4.579894,0.000111,-114.713576,-14.581349,0.000823
63.9,125.907098,133.406994,95.0,129.218452,133.817661,94.999971,-21.593265,-3.023057,0.0,-33.060434,-4.426689,0.000107,-107.258686,-13.674701,0.000793
63.91,125.696389,133.377495,95.0,128.898816,133.774911,94.999972,-20.607082,-2.884991,0.0,-31.963571,-4.275019,0.000103,-99.953979,-12.786373,0.000765
63.92,125.49545,133.349363,95.0,128.590041,133.733662,94.999973,-19.636793,-2.749151,0.0,-30.877539,-4.12495,9.9e-05,-92.803834,-11.916902,0.000738
63.93,125.30412,133.322577,95.0,128.292013,133.693896,94.999974,-18.682923,-2.615609,0.0,-29.802821,-3.976552,9.6e-05,-85.812663,-11.066824,0.000712
63.94,125.122231,133.297112,95.0,128.004614,133.655597,94.999975,-17.745999,-2.48444,0.0,-28.739904,-3.829892,9.3e-05,-78.984909,-10.236685,0.000687
63.95,124.949612,133.272946,95.0,127.727721,133.618747,94.999976,-16.826554,-2.355718,0.0,-27.689276,-3.68504,8.9e-05,-72.325045,-9.427029,0.000662
63.96,124.786087,133.250052,95.0,127.461207,133.583326,94.999977,-15.925123,-2.229517,0.0,-26.651432,-3.542066,8.6e-05,-65.837577,-8.638409,0.000639
63.97,124.631471,133.228406,95.0,127.204938,133.549316,94.999977,-15.042245,-2.105914,0.0,-25.626869,-3.40104,8.3e-05,-59.527041,-7.871377,0.000616
63.98,124.485577,133.207981,95.0,126.958777,133.516695,94.999978,-14.178463,-1.984985,0.0,-24.616089,-3.262034,8e-05,-53.398005,-7.126493,0.000594
63.99,124.348212,133.18875,95.0,126.722581,133.485444,94.999979,-13.334326,-1.866806,0.0,-23.619598,-3.125118,7.7e-05,-47.455067,-6.404318,0.000573
64.0,124.219177,133.170685,95.0,126.496202,133.455541,94.99998,-12.510383,-1.751454,0.0,-22.637905,-2.990364,7.4e-05,-41.702858,-5.705418,0.000553
64.01,124.098267,133.153757,95.0,126.279487,133.426962,94.99998,-11.707191,-1.639007,0.0,-21.671524,-2.857846,7.2e-05,-36.146038,-5.030363,0.000533
64.02,123.985273,133.137938,95.0,126.072277,133.399686,94.999981,-10.925308,-1.529543,0.0,-20.720971,-2.727636,6.9e-05,-30.789301,-4.379726,0.000514
64.03,123.879978,133.123197,95.0,125.87441,133.373688,94.999982,-10.165297,-1.423142,0.0,-19.786769,-2.599808,6.7e-05,-25.637369,-3.754085,0.000496
64.04,123.782162,133.109503,95.0,125.685715,133.348943,94.999982,-9.427724,-1.319881,0.0,-18.869441,-2.474436,6.4e-05,-20.694999,-3.15402,0.000478
64.05,123.691597,133.096824,95.0,125.50602,133.325427,94.999983,-8.713162,-1.219843,0.0,-17.969517,-2.351595,6.2e-05,-15.966976,-2.580117,0.000461
64.06,123.608052,133.085127,95.0,125.335145,133.303114,94.999984,-8.022184,-1.123106,0.0,-17.087531,-2.23136,6e-05,-11.458117,-2.032964,0.000445
64.07,123.531286,133.07438,95.0,125.172904,133.281976,94.999984,-7.355368,-1.029752,0.0,-16.224017,-2.113807,5.8e-05,-7.173272,-1.513154,0.000429
64.08,123.461057,133.064548,95.0,125.019109,133.261986,94.999985,-6.713298,-0.939862,0.0,-15.379519,-1.999012,5.6e-05,-3.11732,-1.021283,0.000414
64.09,123.397114,133.055596,95.0,124.873563,133.243115,94.999985,-6.09656,-0.853518,0.0,-14.554579,-1.887053,5.4e-05,0.704828,-0.557952,0.000399
64.1,123.339201,133.047488,95.0,124.736066,133.225335,94.999986,-5.505743,-0.770804,0.0,-13.749746,-1.778006,5.2e-05,4.288229,-0.123764,0.000385
64.11,123.287057,133.040188,95.0,124.60641,133.208615,94.999986,-4.941442,-0.691802,0.0,-12.965574,-1.67195,5e-05,7.62791,0.280672,0.000371
64.12,123.240413,133.033658,95.0,124.484384,133.192926,94.999987,-4.404256,-0.616596,0.0,-12.202617,-1.568964,4.8e-05,10.718866,0.654744,0.000358
64.13,123.198996,133.027859,95.0,124.36977,133.178235,94.999987,-3.894786,-0.54527,0.0,-11.461437,-1.469125,4.7e-05,13.55606,0.997838,0.000345
64.14,123.162527,133.022754,95.0,124.262344,133.164509,94.999988,-3.413638,-0.477909,0.0,-10.742598,-1.372515,4.5e-05,16.134427,1.309334,0.000333
64.15,123.130718,133.018301,95.0,124.161877,133.151717,94.999988,-2.961422,-0.414599,0.0,-10.046667,-1.279213,4.3e-05,18.448866,1.588608,0.000321
64.16,123.103278,133.014459,95.0,124.068135,133.139824,94.999989,-2.538751,-0.355425,0.0,-9.374216,-1.189301,4.2e-05,20.494249,1.835034,0.00031
64.17,123.07991,133.011187,95.0,123.980877,133.128796,94.999989,-2.146244,-0.300474,0.0,-8.725822,-1.102858,4e-05,22.265414,2.047981,0.000299
64.18,123.060308,133.008443,95.0,123.899856,133.118596,94.999989,-1.784522,-0.249833,0.0,-8.102064,-1.019968,3.9e-05,23.757169,2.226813,0.000288
64.19,123.044162,133.006183,95.0,123.824821,133.109189,94.99999,-1.45421,-0.203589,0.0,-7.503525,-0.940713,3.7e-05,24.964291,2.370893,0.000278
64.2,123.031156,133.004362,95.0,123.755513,133.100537,94.99999,-1.155937,-0.161831,0.0,-6.930794,-0.865175,3.6e-05,25.881524,2.479579,0.000268
64.21,123.020965,133.002935,95.0,123.691668,133.092603,94.999991,-0.890338,-0.124647,0.0,-6.384461,-0.793437,3.5e-05,26.503584,2.552223,0.000259
64.22,123.013262,133.001857,95.0,123.633017,133.085347,94.999991,-0.658049,-0.092127,0.0,-5.865122,-0.725585,3.4e-05,26.825153,2.588177,0.000249
64.23,123.007709,133.001079,95.0,123.579283,133.07873,94.999991,-0.459711,-0.064359,0.0,-5.373376,-0.661703,3.2e-05,26.840883,2.586785,0.000241
64.24,123.003964,133.000555,95.0,123.530185,133.072711,94.999992,-0.295969,-0.041436,0.0,-4.909827,-0.601875,3.1e-05,26.545393,2.547392,0.000232
64.25,123.00168,133.000235,95.0,123.485434,133.067249,94.999992,-0.167472,-0.023446,0.0,-4.475081,-0.546188,3e-05,25.933274,2.469334,0.000224
64.26,123.0005,133.00007,95.0,123.444737,133.062302,94.999992,-0.074873,-0.010482,0.0,-4.069749,-0.494728,2.9e-05,24.999083,2.351948,0.000216
64.27,123.000063,133.000009,95.0,123.407792,133.057826,94.999992,-0.018829,-0.002636,0.0,-3.694447,-0.447581,2.8e-05,23.737347,2.194563,0.000208
64.28,123.0,133.0,95.0,123.374294,133.053778,94.999993,0.0,0.0,0.0,-3.349793,-0.404834,2.7e-05,22.142561,1.996507,0.000201
64.29,123.0,133.0,95.0,123.34393,133.050112,94.999993,0.0,0.0,0.0,-3.036409,-0.366576,2.6e-05,20.209189,1.757103,0.000194
64.3,123.0,133.0,95.0,123.316388,133.046784,94.999993,0.0,0.0,0.0,-2.754256,-0.332779,2.5e-05,18.031721,1.489678,0.000187
64.31,123.0,133.0,95.0,123.291381,133.043755,94.999993,0.0,0.0,0.0,-2.500677,-0.302959,2.4e-05,16.002826,1.248937,0.00018
64.32,123.0,133.0,95.0,123.268654,133.040989,94.999994,0.0,0.0,0.0,-2.272643,-0.276586,2.3e-05,14.19968,1.044006,0.000174
64.33,123.0,133.0,95.0,123.24798,133.038457,94.999994,0.0,0.0,0.0,-2.067453,-0.253205,2.3e-05,12.597285,0.869685,0.000168
64.34,123.0,133.0,95.0,123.229153,133.036133,94.999994,0.0,0.0,0.0,-1.8827,-0.232422,2.2e-05,11.173405,0.721525,0.000162
64.35,123.0,133.0,95.0,123.211991,133.033994,94.999994,0.0,0.0,0.0,-1.716234,-0.213899,2.1e-05,9.908262,0.595718,0.000156
64.36,123.0,133.0,95.0,123.196329,133.03202,94.999994,0.0,0.0,0.0,-1.56614,-0.197347,2e-05,8.784263,0.489004,0.00015
64.37,123.0,133.0,95.0,123.182022,133.030195,94.999995,0.0,0.0,0.0,-1.430707,-0.182513,2e-05,7.785761,0.398594,0.000145
64.38,123.0,133.0,95.0,123.168938,133.028503,94.999995,0.0,0.0,0.0,-1.308411,-0.169183,1.9e-05,6.898839,0.322102,0.00014
64.39,123.0,133.0,95.0,123.156959,133.026931,94.999995,0.0,0.0,0.0,-1.197888,-0.157168,1.8e-05,6.111118,0.257486,0.000135
64.4,123.0,133.0,95.0,123.14598,133.025468,94.999995,0.0,0.0,0.0,-1.097923,-0.146308,1.8e-05,5.411588,0.203,0.00013
64.41,123.0,133.0,95.0,123.135906,133.024104,94.999995,0.0,0.0,0.0,-1.007431,-0.136464,1.7e-05,4.790457,0.157149,0.000126
64.42,123.0,133.0,95.0,123.126651,133.022829,94.999996,0.0,0.0,0.0,-0.925441,-0.127515,1.6e-05,4.239018,0.118657,0.000121
64.43,123.0,133.0,95.0,123.11814,133.021635,94.999996,0.0,0.0,0.0,-0.851088,-0.119356,1.6e-05,3.749524,0.086431,0.000117
64.44,123.0,133.0,95.0,123.110304,133.020516,94.999996,0.0,0.0,0.0,-0.783596,-0.111897,1.5e-05,3.315089,0.059537,0.000113
64.45,123.0,133.0,95.0,123.103082,133.019465,94.999996,0.0,0.0,0.0,-0.722273,-0.10506,1.5e-05,2.929586,0.037176,0.000109
64.46,123.0,133.0,95.0,123.096417,133.018478,94.999996,0.0,0.0,0.0,-0.666502,-0.098776,1.4e-05,2.58757,0.018667,0.000105
64.47,123.0,133.0,95.0,123.090259,133.017548,94.999996,0.0,0.0,0.0,-0.615727,-0.092986,1.4e-05,2.284196,0.003427,0.000101
64.48,123.0,133.0,95.0,123.084565,133.016671,94.999996,0.0,0.0,-0.0,-0.569454,-0.087637,1.3e-05,2.015156,-0.009042,9.7e-05
64.49,123.0,133.0,94.99955,123.079292,133.015845,94.999997,0.0,0.0,-0.135277,-0.527239,-0.082684,1.3e-05,1.776622,-0.019165,9.4e-05
64.5,123.0,133.0,94.996447,123.074406,133.015064,94.999879,0.0,0.0,-0.531818,-0.488685,-0.078089,-0.011799,1.565188,-0.027304,-0.94484
64.51,123.0,133.0,94.988162,123.069871,133.014326,94.998986,0.0,0.0,-1.175872,-0.453436,-0.073815,-0.089252,1.377826,-0.033769,-6.314217
64.52,123.0,133.0,94.972305,123.065659,133.013627,94.996222,0.0,0.0,-2.053925,-0.421174,-0.069833,-0.276423,1.211844,-0.038824,-15.866167
64.53,123.0,133.0,94.946616,123.061743,133.012966,94.990231,0.0,0.0,-3.152708,-0.391612,-0.066115,-0.599092,1.06485,-0.042693,-28.577727
64.54,123.0,133.0,94.908967,123.058098,133.01234,94.979519,0.0,0.0,-4.459192,-0.364495,-0.062638,-1.071175,0.934716,-0.045568,-43.757576
64.55,123.0,133.0,94.857358,123.054702,133.011746,94.96253,0.0,0.0,-5.960589,-0.339591,-0.059381,-1.698897,0.81955,-0.047612,-60.929486
64.56,123.0,133.0,94.789915,123.051536,133.011183,94.937695,0.0,0.0,-7.644352,-0.316695,-0.056325,-2.483495,0.717673,-0.048964,-79.756824
64.57,123.0,133.0,94.704888,123.048579,133.010648,94.903465,0.0,0.0,-9.498177,-0.295621,-0.053454,-3.422978,0.627589,-0.049742,-99.993643
64.58,123.0,133.0,94.600646,123.045817,133.010141,94.858333,0.0,0.0,-11.509998,-0.276201,-0.050753,-4.513269,0.54797,-0.050045,-121.45302
64.59,123.0,133.0,94.47568,123.043234,133.009659,94.800843,0.0,0.0,-13.667995,-0.258286,-0.048208,-5.748942,0.477637,-0.04996,-143.986551
64.6,123.0,133.0,94.328593,123.040817,133.0092,94.729606,0.0,0.0,-15.960585,-0.241741,-0.045809,-7.123713,0.415542,-0.049556,-167.471087
64.61,123.0,133.0,94.158106,123.038553,133.008765,94.643299,0.0,0.0,-18.376428,-0.226443,-0.043545,-8.630751,0.360751,-0.048897,-191.800161
64.62,123.0,133.0,93.963049,123.03643,133.008351,94.54067,0.0,0.0,-20.904425,-0.212283,-0.041405,-10.262888,0.312438,-0.048032,-216.878446
64.63,123.0,133.0,93.742362,123.034438,133.007957,94.420542,0.0,0.0,-23.533719,-0.199162,-0.039381,-12.012754,0.269866,-0.047006,-242.618188
64.64,123.0,133.0,93.495092,123.032568,133.007582,94.281814,0.0,0.0,-26.253694,-0.186991,-0.037466,-13.872871,0.232383,-0.045854,-268.936904
64.65,123.0,133.0,93.220388,123.030811,133.007226,94.123456,0.0,0.0,-29.053974,-0.175689,-0.035652,-15.835711,0.199408,-0.044608,-295.755917
64.66,123.0,133.0,92.917505,123.02916,133.006887,93.944519,0.0,0.0,-31.924427,-0.165183,-0.033933,-17.89374,0.170425,-0.043293,-322.999414
64.67,123.0,133.0,92.585793,123.027605,133.006564,93.744125,0.0,0.0,-34.855158,-0.155406,-0.032303,-20.039446,0.144977,-0.041931,-350.593857
64.68,123.0,133.0,92.224702,123.026142,133.006256,93.521471,0.0,0.0,-37.836518,-0.1463,-0.030757,-22.26536,0.122659,-0.040538,-378.467615
64.69,123.0,133.0,91.833777,123.024764,133.005963,93.27583,0.0,0.0,-40.859097,-0.13781,-0.029289,-24.564074,0.103108,-0.039131,-406.550738
64.7,123.0,133.0,91.412653,123.023465,133.005684,93.006548,0.0,0.0,-43.913725,-0.129887,-0.027895,-26.92825,0.086005,-0.037721,-434.774827
64.71,123.0,133.0,90.961056,123.022241,133.005418,92.713041,0.0,0.0,-46.991476,-0.122486,-0.02657,-29.350631,0.071066,-0.036318,-463.072965
64.72,123.0,133.0,90.4788,123.021085,133.005165,92.394801,0.0,0.0,-50.083663,-0.115566,-0.025311,-31.824048,0.058039,-0.03493,-491.379679
64.73,123.0,133.0,89.965784,123.019994,133.004924,92.051387,0.0,0.0,-53.181842,-0.109092,-0.024114,-34.341429,0.046699,-0.033563,-519.630935
64.74,123.0,133.0,89.421989,123.018964,133.004694,91.682429,0.0,0.0,-56.27781,-0.103028,-0.022976,-36.895802,0.036849,-0.032224,-547.764144
64.75,123.0,133.0,88.847476,123.01799,133.004476,91.287626,0.0,0.0,-59.363603,-0.097344,-0.021894,-39.480304,0.028313,-0.030915,-575.718178
64.76,123.0,133.0,88.242386,123.01707,133.004267,90.866744,0.0,0.0,-62.431502,-0.092013,-0.020863,-42.088183,0.020935,-0.02964,-603.433388
64.77,123.0,133.0,87.606934,123.0162,133.004068,90.419616,0.0,0.0,-65.474026,-0.087008,-0.019883,-44.712806,0.014577,-0.028401,-630.851636
64.78,123.0,133.0,86.941408,123.015377,133.003879,89.946139,0.0,0.0,-68.483937,-0.082307,-0.01895,-47.347659,0.009115,-0.0272,-657.916315
64.79,123.0,133.0,86.246167,123.014598,133.003698,89.446276,0.0,0.0,-71.454239,-0.077888,-0.018061,-49.986356,0.004443,-0.026038,-684.572379
64.8,123.0,133.0,85.521638,123.013861,133.003526,88.920049,0.0,0.0,-74.378174,-0.073731,-0.017216,-52.622642,0.000463,-0.024915,-710.766375
64.81,123.0,133.0,84.768314,123.013163,133.003362,88.367545,0.0,0.0,-77.24923,-0.069818,-0.01641,-55.250392,-0.002909,-0.023832,-736.446461
64.82,123.0,133.0,83.986753,123.012501,133.003205,87.788909,0.0,0.0,-80.061132,-0.066132,-0.015643,-57.863624,-0.005748,-0.022789,-761.562442
64.83,123.0,133.0,83.177572,123.011875,133.003056,87.184344,0.0,0.0,-82.807848,-0.06266,-0.014912,-60.456493,-0.008122,-0.021785,-786.06579
64.84,123.0,133.0,82.341447,123.011281,133.002914,86.554111,0.0,0.0,-85.483589,-0.059385,-0.014215,-63.023302,-0.010088,-0.02082,-809.909675
64.85,123.0,133.0,81.479113,123.010718,133.002778,85.898526,0.0,0.0,-88.082803,-0.056296,-0.013552,-65.558502,-0.011699,-0.019893,-833.048984
64.86,123.0,133.0,80.591355,123.010184,133.002649,85.217959,0.0,0.0,-90.600185,-0.05338,-0.01292,-68.056694,-0.013,-0.019003,-855.440349
64.87,123.0,133.0,79.679012,123.009678,133.002526,84.512833,0.0,0.0,-93.030665,-0.050627,-0.012317,-70.512634,-0.014033,-0.01815,-877.042166
64.88,123.0,133.0,78.742973,123.009198,133.002409,83.78362,0.0,0.0,-95.36942,-0.048025,-0.011743,-72.921237,-0.014832,-0.017332,-897.814625
64.89,123.0,133.0,77.78417,123.008742,133.002297,83.030845,0.0,0.0,-97.611864,-0.045567,-0.011196,-75.277579,-0.01543,-0.016548,-917.719721
64.9,123.0,133.0,76.803583,123.00831,133.00219,82.255076,0.0,0.0,-99.753654,-0.043242,-0.010675,-77.576898,-0.015854,-0.015798,-936.721285
64.91,123.0,133.0,75.802233,123.007899,133.002088,81.45693,0.0,0.0,-101.79069,-0.041044,-0.010178,-79.814598,-0.016128,-0.01508,-954.784997
64.92,123.0,133.0,74.781179,123.007509,133.001991,80.637067,0.0,0.0,-103.71911,-0.038963,-0.009704,-81.986254,-0.016274,-0.014394,-971.878408
64.93,123.0,133.0,73.74152,123.00714,133.001899,79.796191,0.0,0.0,-105.535295,-0.036994,-0.009252,-84.087609,-0.016311,-0.013737,-987.97096
64.94,123.0,133.0,72.684386,123.006788,133.00181,78.935045,0.0,0.0,-107.235867,-0.035129,-0.008822,-86.114583,-0.016256,-0.013109,-1003.034
64.95,123.0,133.0,71.610944,123.006455,133.001726,78.054412,0.0,0.0,-108.81769,-0.033363,-0.008411,-88.06327,-0.016122,-0.012508,-1017.040802
64.96,123.0,133.0,70.522386,123.006138,133.001646,77.155113,0.0,0.0,-110.277868,-0.03169,-0.00802,-89.929943,-0.015922,-0.011935,-1029.966582
64.97,123.0,133.0,69.419936,123.005837,133.00157,76.238002,0.0,0.0,-111.613748,-0.030104,-0.007647,-91.711057,-0.015669,-0.011387,-1041.788511
64.98,123.0,133.0,68.304841,123.005551,133.001497,75.30397,0.0,0.0,-112.822916,-0.028601,-0.007292,-93.403247,-0.01537,-0.010863,-1052.485738
64.99,123.0,133.0,67.178369,123.005279,133.001427,74.353937,0.0,0.0,-113.903201,-0.027176,-0.006953,-95.003333,-0.015036,-0.010363,-1062.039397
65.0,123.0,133.0,66.041813,123.005021,133.001361,73.388853,0.0,0.0,-114.852673,-0.025824,-0.00663,-96.508324,-0.014672,-0.009886,-1070.432627
65.01,123.0,133.0,64.896479,123.004775,133.001298,72.409699,0.0,0.0,-115.669643,-0.024542,-0.006321,-97.915416,-0.014286,-0.00943,-1077.650581
65.02,123.0,133.0,63.743693,123.004542,133.001237,71.417479,0.0,0.0,-116.352662,-0.023326,-0.006028,-99.221995,-0.013883,-0.008995,-1083.680448
65.03,123.0,133.0,62.584791,123.00432,133.00118,70.413223,0.0,0.0,-116.900526,-0.022172,-0.005747,-100.425639,-0.013468,-0.00858,-1088.511455
65.04,123.0,133.0,61.421121,123.004109,133.001125,69.397982,0.0,0.0,-117.312268,-0.021076,-0.00548,-101.52412,-0.013045,-0.008184,-1092.134888
65.05,123.0,133.0,60.254039,123.003909,133.001073,68.372828,0.0,0.0,-117.587165,-0.020036,-0.005226,-102.515406,-0.012617,-0.007805,-1094.544102
65.06,123.0,133.0,59.084907,123.003719,133.001023,67.338851,0.0,0.0,-117.724734,-0.019049,-0.004983,-103.397662,-0.012187,-0.007444,-1095.734531
65.07,123.0,133.0,57.915093,123.003538,133.000976,66.297159,0.0,0.0,-117.724734,-0.018111,-0.004751,-104.16925,-0.011758,-0.0071,-1095.703698
65.08,123.0,133.0,56.745961,123.003365,133.00093,65.248871,0.0,0.0,-117.587165,-0.017221,-0.004531,-104.828735,-0.011332,-0.006771,-1094.451232
65.09,123.0,133.0,55.578879,123.003202,133.000887,64.195122,0.0,0.0,-117.312268,-0.016375,-0.00432,-105.374879,-0.010911,-0.006458,-1091.978872
65.1,123.0,133.0,54.415209,123.003046,133.000846,63.137056,0.0,0.0,-116.900526,-0.015572,-0.00412,-105.80665,-0.010497,-0.006159,-1088.290482
65.11,123.0,133.0,53.256307,123.002898,133.000807,62.075824,0.0,0.0,-116.352662,-0.014809,-0.003928,-106.123219,-0.01009,-0.005874,-1083.392054
65.12,123.0,133.0,52.103521,123.002757,133.000769,61.012584,0.0,0.0,-115.669643,-0.014083,-0.003746,-106.323963,-0.009691,-0.005601,-1077.291728
65.13,123.0,133.0,50.958187,123.002623,133.000733,59.948499,0.0,0.0,-114.852673,-0.013394,-0.003572,-106.408465,-0.009302,-0.005342,-1069.999789
65.14,123.0,133.0,49.821631,123.002496,133.000699,58.884734,0.0,0.0,-113.903201,-0.012739,-0.003406,-106.376516,-0.008924,-0.005094,-1061.528686
65.15,123.0,133.0,48.695159,123.002374,133.000667,57.822453,0.0,0.0,-112.822916,-0.012117,-0.003248,-106.228114,-0.008555,-0.004858,-1051.893034
65.16,123.0,133.0,47.580064,123.002259,133.000636,56.762818,0.0,0.0,-111.613748,-0.011525,-0.003097,-105.96347,-0.008197,-0.004633,-1041.109625
65.17,123.0,133.0,46.477614,123.00215,133.000606,55.706988,0.0,0.0,-110.277868,-0.010963,-0.002953,-105.583004,-0.007851,-0.004418,-1029.197435
65.18,123.0,133.0,45.389056,123.002045,133.000578,54.656115,0.0,0.0,-108.81769,-0.010429,-0.002816,-105.087349,-0.007516,-0.004213,-1016.177631
65.19,123.0,133.0,44.315614,123.001946,133.000551,53.611341,0.0,0.0,-107.235867,-0.00992,-0.002685,-104.47735,-0.007192,-0.004018,-1002.07358
65.2,123.0,133.0,43.25848,123.001852,133.000526,52.573801,0.0,0.0,-105.535295,-0.009437,-0.00256,-103.754067,-0.006879,-0.003831,-986.910854
65.21,123.0,133.0,42.218821,123.001762,133.000501,51.544613,0.0,0.0,-103.71911,-0.008978,-0.002441,-102.918774,-0.006578,-0.003653,-970.717239
65.22,123.0,133.0,41.197767,123.001676,133.000478,50.524883,0.0,0.0,-101.79069,-0.008541,-0.002328,-101.972962,-0.006288,-0.003484,-953.52274
65.23,123.0,133.0,40.196417,123.001595,133.000456,49.5157,0.0,0.0,-99.753654,-0.008125,-0.00222,-100.918336,-0.006008,-0.003322,-935.359586
65.24,123.0,133.0,39.21583,123.001518,133.000435,48.518132,0.0,0.0,-97.611864,-0.00773,-0.002117,-99.756822,-0.00574,-0.003168,-916.262241
65.25,123.0,133.0,38.257027,123.001444,133.000414,47.533226,0.0,0.0,-95.36942,-0.007354,-0.002019,-98.490562,-0.005482,-0.003021,-896.267404
65.26,123.0,133.0,37.320988,123.001374,133.000395,46.562007,0.0,0.0,-93.030665,-0.006997,-0.001925,-97.121917,-0.005234,-0.002881,-875.414018
65.27,123.0,133.0,36.408645,123.001308,133.000377,45.605472,0.0,0.0,-90.600185,-0.006657,-0.001835,-95.653468,-0.004997,-0.002747,-853.743276
65.28,123.0,133.0,35.520887,123.001245,133.000359,44.664592,0.0,0.0,-88.082803,-0.006334,-0.00175,-94.088018,-0.004769,-0.00262,-831.298623
65.29,123.0,133.0,34.658553,123.001184,133.000343,43.740306,0.0,0.0,-85.483589,-0.006027,-0.001669,-92.428587,-0.004551,-0.002498,-808.125765
65.3,123.0,133.0,33.822428,123.001127,133.000327,42.833522,0.0,0.0,-82.807848,-0.005734,-0.001591,-90.678422,-0.004342,-0.002382,-784.272671
65.31,123.0,133.0,33.013247,123.001072,133.000312,41.945112,0.0,0.0,-80.061132,-0.005456,-0.001517,-88.840989,-0.004141,-0.002271,-759.789579
65.32,123.0,133.0,32.231686,123.00102,133.000297,41.075912,0.0,0.0,-77.24923,-0.005191,-0.001447,-86.919978,-0.00395,-0.002166,-734.729001
65.33,123.0,133.0,31.478362,123.000971,133.000283,40.226719,0.0,0.0,-74.378174,-0.004939,-0.00138,-84.919303,-0.003767,-0.002065,-709.145726
65.34,123.0,133.0,30.753833,123.000924,133.00027,39.398288,0.0,0.0,-71.454239,-0.0047,-0.001316,-82.8431,-0.003591,-0.00197,-683.096826
65.35,123.0,133.0,30.058592,123.000879,133.000258,38.591331,0.0,0.0,-68.483937,-0.004472,-0.001255,-80.695733,-0.003424,-0.001878,-656.641658
65.36,123.0,133.0,29.393066,123.000837,133.000246,37.806513,0.0,0.0,-65.474026,-0.004255,-0.001196,-78.48179,-0.003264,-0.001791,-629.841868
65.37,123.0,133.0,28.757614,123.000796,133.000234,37.044452,0.0,0.0,-62.431502,-0.004049,-0.001141,-76.206084,-0.003111,-0.001708,-602.7614
65.38,123.0,133.0,28.152524,123.000758,133.000223,36.305716,0.0,0.0,-59.363603,-0.003853,-0.001088,-73.873654,-0.002965,-0.001628,-575.466491
65.39,123.0,133.0,27.578011,123.000721,133.000213,35.590818,0.0,0.0,-56.27781,-0.003666,-0.001037,-71.489769,-0.002825,-0.001553,-548.025681
65.4,123.0,133.0,27.034216,123.000686,133.000203,34.900219,0.0,0.0,-53.181842,-0.003489,-0.000989,-69.05992,-0.002692,-0.001481,-520.509815
65.41,123.0,133.0,26.5212,123.000653,133.000194,34.234321,0.0,0.0,-50.083663,-0.00332,-0.000943,-66.589831,-0.002565,-0.001412,-492.992046
65.42,123.0,133.0,26.038944,123.000621,133.000185,33.593466,0.0,0.0,-46.991476,-0.003159,-0.000899,-64.08545,-0.002444,-0.001346,-465.547836
65.43,123.0,133.0,25.587347,123.000591,133.000176,32.977936,0.0,0.0,-43.913725,-0.003006,-0.000858,-61.552956,-0.002328,-0.001284,-438.254962
65.44,123.0,133.0,25.166223,123.000563,133.000168,32.387949,0.0,0.0,-40.859097,-0.00286,-0.000818,-58.998755,-0.002217,-0.001224,-411.19352
65.45,123.0,133.0,24.775298,123.000536,133.00016,31.823654,0.0,0.0,-37.836518,-0.002722,-0.00078,-56.429485,-0.002112,-0.001167,-384.445923
65.46,123.0,133.0,24.414207,123.00051,133.000153,31.285134,0.0,0.0,-34.855158,-0.00259,-0.000744,-53.852011,-0.002012,-0.001113,-358.096907
65.47,123.0,133.0,24.082495,123.000485,133.000146,30.7724,0.0,0.0,-31.924427,-0.002465,-0.000709,-51.273428,-0.001916,-0.001062,-332.233536
65.48,123.0,133.0,23.779612,123.000462,133.000139,30.285389,0.0,0.0,-29.053974,-0.002346,-0.000676,-48.701065,-0.001825,-0.001012,-306.945198
65.49,123.0,133.0,23.504908,123.000439,133.000132,29.823964,0.0,0.0,-26.253694,-0.002232,-0.000645,-46.142477,-0.001738,-0.000965,-282.323614
65.5,123.0,133.0,23.257638,123.000418,133.000126,29.38791,0.0,0.0,-23.533719,-0.002124,-0.000615,-43.605453,-0.001655,-0.00092,-258.462837
65.51,123.0,133.0,23.036951,123.000398,133.00012,28.97693,0.0,0.0,-20.904425,-0.002021,-0.000586,-41.098012,-0.001576,-0.000878,-235.459254
65.52,123.0,133.0,22.841894,123.000379,133.000115,28.590646,0.0,0.0,-18.376428,-0.001923,-0.000559,-38.628405,-0.0015,-0.000837,-213.41159
65.53,123.0,133.0,22.671407,123.00036,133.000109,28.228594,0.0,0.0,-15.960585,-0.00183,-0.000533,-36.205116,-0.001428,-0.000798,-192.42091
65.54,123.0,133.0,22.52432,123.000343,133.000104,27.890226,0.0,0.0,-13.667995,-0.001742,-0.000508,-33.836859,-0.00136,-0.000761,-172.590619
65.55,123.0,133.0,22.399354,123.000326,133.0001,27.5749,0.0,0.0,-11.509998,-0.001658,-0.000485,-31.532583,-0.001295,-0.000726,-154.026465
65.56,123.0,133.0,22.295112,123.00031,133.000095,27.281885,0.0,0.0,-9.498177,-0.001577,-0.000462,-29.301467,-0.001233,-0.000692,-136.836544
65.57,123.0,133.0,22.210085,123.000295,133.000091,27.010356,0.0,0.0,-7.644352,-0.001501,-0.000441,-27.152924,-0.001174,-0.00066,-121.131297
65.58,123.0,133.0,22.142642,123.000281,133.000086,26.75939,0.0,0.0,-5.960589,-0.001428,-0.00042,-25.096603,-0.001117,-0.000629,-107.023513
65.59,123.0,133.0,22.091033,123.000268,133.000082,26.527966,0.0,0.0,-4.459192,-0.001359,-0.000401,-23.142382,-0.001064,-0.0006,-94.628335
65.6,123.0,133.0,22.053384,123.000255,133.000078,26.314962,0.0,0.0,-3.152708,-0.001294,-0.000382,-21.300375,-0.001013,-0.000572,-84.063254
65.61,123.0,133.0,22.027695,123.000242,133.000075,26.119153,0.0,0.0,-2.053925,-0.001231,-0.000364,-19.580929,-0.000964,-0.000546,-75.448118
65.62,123.0,133.0,22.011838,123.000231,133.000071,25.939207,0.0,0.0,-1.175872,-0.001172,-0.000347,-17.994627,-0.000918,-0.00052,-68.905129
65.63,123.0,133.0,22.003553,123.000219,133.000068,25.773684,0.0,0.0,-0.531818,-0.001115,-0.000331,-16.552284,-0.000873,-0.000496,-64.558848
65.64,123.0,133.0,22.00045,123.000209,133.000065,25.621035,0.0,0.0,-0.135277,-0.001061,-0.000316,-15.264951,-0.000831,-0.000473,-62.536191
65.65,123.0,133.0,22.0,123.000199,133.000062,25.479595,0.0,0.0,0.0,-0.00101,-0.000301,-14.143913,-0.000791,-0.000451,-62.966435
65.66,123.0,133.0,22.0,123.000189,133.000059,25.347589,0.0,0.0,0.0,-0.000961,-0.000287,-13.200689,-0.000753,-0.00043,-65.981221
65.67,123.0,133.0,22.0,123.00018,133.000056,25.223239,0.0,0.0,0.0,-0.000914,-0.000274,-12.434916,-0.000717,-0.00041,-70.745075
65.68,123.0,133.0,22.0,123.000171,133.000054,25.105231,0.0,0.0,0.0,-0.00087,-0.000261,-11.800872,-0.000683,-0.000391,-73.625612
65.69,123.0,133.0,22.0,123.000163,133.000051,24.99266,0.0,0.0,0.0,-0.000828,-0.000249,-11.257083,-0.00065,-0.000373,-74.505628
65.7,123.0,133.0,22.0,123.000155,133.000049,24.884895,0.0,0.0,0.0,-0.000788,-0.000238,-10.776502,-0.000618,-0.000356,-74.124317
65.71,123.0,133.0,22.0,123.000148,133.000047,24.78148,0.0,0.0,0.0,-0.00075,-0.000227,-10.341432,-0.000589,-0.000339,-72.959444
65.72,123.0,133.0,22.0,123.00014,133.000044,24.682078,0.0,0.0,0.0,-0.000714,-0.000216,-9.940246,-0.00056,-0.000323,-71.319406
65.73,123.0,133.0,22.0,123.000134,133.000042,24.586426,0.0,0.0,0.0,-0.000679,-0.000206,-9.565251,-0.000533,-0.000308,-69.402889
65.74,123.0,133.0,22.0,123.000127,133.00004,24.494312,0.0,0.0,0.0,-0.000646,-0.000196,-9.211314,-0.000507,-0.000294,-67.33753
65.75,123.0,133.0,22.0,123.000121,133.000038,24.405563,0.0,0.0,0.0,-0.000615,-0.000187,-8.874962,-0.000483,-0.00028,-65.204961
65.76,123.0,133.0,22.0,123.000115,133.000037,24.320025,0.0,0.0,0.0,-0.000585,-0.000179,-8.553804,-0.00046,-0.000267,-63.057044
65.77,123.0,133.0,22.0,123.00011,133.000035,24.237563,0.0,0.0,0.0,-0.000557,-0.00017,-8.246159,-0.000438,-0.000255,-60.926383
65.78,123.0,133.0,22.0,123.000104,133.000033,24.158055,0.0,0.0,0.0,-0.00053,-0.000162,-7.950803,-0.000416,-0.000243,-58.833139
65.79,123.0,133.0,22.0,123.000099,133.000032,24.081387,0.0,0.0,0.0,-0.000504,-0.000155,-7.666821,-0.000396,-0.000232,-56.789448
65.8,123.0,133.0,22.0,123.000095,133.00003,24.007452,0.0,0.0,0.0,-0.00048,-0.000148,-7.393497,-0.000377,-0.000221,-54.802273
65.81,123.0,133.0,22.0,123.00009,133.000029,23.936149,0.0,0.0,0.0,-0.000457,-0.000141,-7.13025,-0.000359,-0.000211,-52.87526
65.82,123.0,133.0,22.0,123.000086,133.000028,23.867383,0.0,0.0,0.0,-0.000435,-0.000134,-6.876593,-0.000342,-0.000201,-51.009936
65.83,123.0,133.0,22.0,123.000081,133.000026,23.801062,0.0,0.0,0.0,-0.000414,-0.000128,-6.6321,-0.000325,-0.000192,-49.206485
65.84,123.0,133.0,22.0,123.000078,133.000025,23.737099,0.0,0.0,0.0,-0.000394,-0.000122,-6.396391,-0.000309,-0.000183,-47.464247
65.85,123.0,133.0,22.0,123.000074,133.000024,23.675407,0.0,0.0,0.0,-0.000375,-0.000116,-6.169117,-0.000295,-0.000174,-45.782045
65.86,123.0,133.0,22.00045,123.00007,133.000023,23.615908,0.0,0.0,0.135277,-0.000357,-0.000111,-5.949958,-0.00028,-0.000166,-44.158393
65.87,123.0,133.0,22.003553,123.000067,133.000022,23.55864,0.0,0.0,0.531818,-0.000339,-0.000106,-5.726797,-0.000267,-0.000158,-41.6467
65.88,123.0,133.0,22.011838,123.000064,133.000021,23.504185,0.0,0.0,1.175872,-0.000323,-0.000101,-5.445518,-0.000254,-0.000151,-34.765704
65.89,123.0,133.0,22.027695,123.00006,133.00002,23.453567,0.0,0.0,2.053925,-0.000307,-9.6e-05,-5.061772,-0.000242,-0.000144,-23.755493
65.9,123.0,133.0,22.053384,123.000058,133.000019,23.408072,0.0,0.0,3.152708,-0.000292,-9.2e-05,-4.549516,-0.00023,-0.000137,-9.63725
65.91,123.0,133.0,22.091033,123.000055,133.000018,23.369126,0.0,0.0,4.459192,-0.000278,-8.8e-05,-3.894584,-0.000219,-0.000131,6.899464
65.92,123.0,133.0,22.142642,123.000052,133.000017,23.338221,0.0,0.0,5.960589,-0.000265,-8.3e-05,-3.090509,-0.000208,-0.000125,25.380141
65.93,123.0,133.0,22.210085,123.00005,133.000016,23.316863,0.0,0.0,7.644352,-0.000252,-8e-05,-2.135822,-0.000198,-0.000119,45.469824
65.94,123.0,133.0,22.295112,123.000047,133.000016,23.30654,0.0,0.0,9.498177,-0.00024,-7.6e-05,-1.032292,-0.000189,-0.000114,66.924197
65.95,123.0,133.0,22.399354,123.000045,133.000015,23.308702,0.0,0.0,11.509998,-0.000228,-7.2e-05,0.216218,-0.00018,-0.000108,89.557913
65.96,123.0,133.0,22.52432,123.000043,133.000014,23.324747,0.0,0.0,13.667995,-0.000217,-6.9e-05,1.604492,-0.000171,-0.000103,113.224095
65.97,123.0,133.0,22.671407,123.000041,133.000014,23.356011,0.0,0.0,15.960585,-0.000207,-6.6e-05,3.126444,-0.000163,-9.8e-05,137.801068
65.98,123.0,133.0,22.841894,123.000039,133.000013,23.403766,0.0,0.0,18.376428,-0.000197,-6.3e-05,4.775436,-0.000155,-9.4e-05,163.183791
65.99,123.0,133.0,23.036951,123.000037,133.000012,23.46921,0.0,0.0,20.904425,-0.000187,-6e-05,6.544485,-0.000147,-9e-05,189.278312
66.0,123.0,133.0,23.257638,123.000035,133.000012,23.553475,0.0,0.0,23.533719,-0.000178,-5.7e-05,8.426402,-0.00014,-8.5e-05,215.998202
66.01,123.0,133.0,23.504908,123.000033,133.000011,23.657613,0.0,0.0,26.253694,-0.00017,-5.4e-05,10.41388,-0.000133,-8.1e-05,243.262261
66.02,123.0,133.0,23.779612,123.000032,133.000011,23.782609,0.0,0.0,29.053974,-0.000161,-5.2e-05,12.499558,-0.000127,-7.8e-05,270.993046
66.03,123.0,133.0,24.082495,123.00003,133.00001,23.92937,0.0,0.0,31.924427,-0.000154,-4.9e-05,14.676063,-0.000121,-7.4e-05,299.115936
66.04,123.0,133.0,24.414207,123.000029,133.00001,24.09873,0.0,0.0,34.855158,-0.000146,-4.7e-05,16.936037,-0.000115,-7.1e-05,327.558544
66.05,123.0,133.0,24.775298,123.000027,133.000009,24.291451,0.0,0.0,37.836518,-0.000139,-4.5e-05,19.272161,-0.000109,-6.7e-05,356.250346
66.06,123.0,133.0,25.166223,123.000026,133.000009,24.508223,0.0,0.0,40.859097,-0.000132,-4.3e-05,21.677172,-0.000104,-6.4e-05,385.122462
66.07,123.0,133.0,25.587347,123.000025,133.000008,24.749662,0.0,0.0,43.913725,-0.000126,-4.1e-05,24.14387,-9.9e-05,-6.1e-05,414.107526
66.08,123.0,133.0,26.038944,123.000024,133.000008,25.016313,0.0,0.0,46.991476,-0.00012,-3.9e-05,26.665131,-9.4e-05,-5.8e-05,443.139614
66.09,123.0,133.0,26.5212,123.000022,133.000008,25.308652,0.0,0.0,50.083663,-0.000114,-3.7e-05,29.233917,-9e-05,-5.6e-05,472.154213
66.1,123.0,133.0,27.034216,123.000021,133.000007,25.627085,0.0,0.0,53.181842,-0.000109,-3.5e-05,31.84328,-8.5e-05,-5.3e-05,501.088217
66.11,123.0,133.0,27.578011,123.00002,133.000007,25.971949,0.0,0.0,56.27781,-0.000103,-3.4e-05,34.486369,-8.1e-05,-5.1e-05,529.879927
66.12,123.0,133.0,28.152524,123.000019,133.000007,26.343513,0.0,0.0,59.363603,-9.8e-05,-3.2e-05,37.156437,-7.7e-05,-4.8e-05,558.469076
66.13,123.0,133.0,28.757614,123.000018,133.000006,26.741982,0.0,0.0,62.431502,-9.4e-05,-3.1e-05,39.846843,-7.4e-05,-4.6e-05,586.796848
66.14,123.0,133.0,29.393066,123.000018,133.000006,27.167492,0.0,0.0,65.474026,-8.9e-05,-2.9e-05,42.551061,-7e-05,-4.4e-05,614.805903
66.15,123.0,133.0,30.058592,123.000017,133.000006,27.620119,0.0,0.0,68.483937,-8.5e-05,-2.8e-05,45.262684,-6.7e-05,-4.2e-05,642.440408
66.16,123.0,133.0,30.753833,123.000016,133.000005,28.099873,0.0,0.0,71.454239,-8.1e-05,-2.7e-05,47.975424,-6.3e-05,-4e-05,669.646063
66.17,123.0,133.0,31.478362,123.000015,133.000005,28.606705,0.0,0.0,74.378174,-7.7e-05,-2.5e-05,50.683123,-6e-05,-3.8e-05,696.370131
66.18,123.0,133.0,32.231686,123.000014,133.000005,29.140502,0.0,0.0,77.24923,-7.3e-05,-2.4e-05,53.379751,-5.7e-05,-3.6e-05,722.561466
66.19,123.0,133.0,33.013247,123.000014,133.000005,29.701096,0.0,0.0,80.061132,-7e-05,-2.3e-05,56.059413,-5.5e-05,-3.5e-05,748.170539
66.2,123.0,133.0,33.822428,123.000013,133.000005,30.28826,0.0,0.0,82.807848,-6.6e-05,-2.2e-05,58.716355,-5.2e-05,-3.3e-05,773.14947
66.21,123.0,133.0,34.658553,123.000012,133.000004,30.901709,0.0,0.0,85.483589,-6.3e-05,-2.1e-05,61.344961,-5e-05,-3.1e-05,797.452047
66.22,123.0,133.0,35.520887,123.000012,133.000004,31.541107,0.0,0.0,88.082803,-6e-05,-2e-05,63.939763,-4.7e-05,-3e-05,821.03376
66.23,123.0,133.0,36.408645,123.000011,133.000004,32.206061,0.0,0.0,90.600185,-5.7e-05,-1.9e-05,66.495441,-4.5e-05,-2.9e-05,843.851816
66.24,123.0,133.0,37.320988,123.000011,133.000004,32.89613,0.0,0.0,93.030665,-5.4e-05,-1.8e-05,69.006825,-4.3e-05,-2.7e-05,865.865173
66.25,123.0,133.0,38.257027,123.00001,133.000004,33.610819,0.0,0.0,95.36942,-5.2e-05,-1.7e-05,71.468904,-4.1e-05,-2.6e-05,887.034556
66.26,123.0,133.0,39.21583,123.00001,133.000003,34.349587,0.0,0.0,97.611864,-4.9e-05,-1.7e-05,73.876822,-3.9e-05,-2.5e-05,907.322482
66.27,123.0,133.0,40.196417,123.000009,133.000003,35.111846,0.0,0.0,99.753654,-4.7e-05,-1.6e-05,76.225885,-3.7e-05,-2.4e-05,926.693279
66.28,123.0,133.0,41.197767,123.000009,133.000003,35.896961,0.0,0.0,101.79069,-4.4e-05,-1.5e-05,78.511563,-3.5e-05,-2.3e-05,945.113112
66.29,123.0,133.0,42.218821,123.000008,133.000003,36.704256,0.0,0.0,103.71911,-4.2e-05,-1.4e-05,80.729493,-3.3e-05,-2.2e-05,962.549997
66.3,123.0,133.0,43.25848,123.000008,133.000003,37.533011,0.0,0.0,105.535295,-4e-05,-1.4e-05,82.875479,-3.2e-05,-2.1e-05,978.973825
66.31,123.0,133.0,44.315614,123.000008,133.000003,38.382466,0.0,0.0,107.235867,-3.8e-05,-1.3e-05,84.945499,-3e-05,-2e-05,994.356377
66.32,123.0,133.0,45.389056,123.000007,133.000003,39.251823,0.0,0.0,108.81769,-3.6e-05,-1.2e-05,86.935703,-2.9e-05,-1.9e-05,1008.671345
66.33,123.0,133.0,46.477614,123.000007,133.000002,40.140247,0.0,0.0,110.277868,-3.5e-05,-1.2e-05,88.84242,-2.7e-05,-1.8e-05,1021.894346
66.34,123.0,133.0,47.580064,123.000007,133.000002,41.046869,0.0,0.0,111.613748,-3.3e-05,-1.1e-05,90.662154,-2.6e-05,-1.7e-05,1034.002942
66.35,123.0,133.0,48.695159,123.000006,133.000002,41.970785,0.0,0.0,112.822916,-3.1e-05,-1.1e-05,92.391593,-2.5e-05,-1.6e-05,1044.976655
66.36,123.0,133.0,49.821631,123.000006,133.000002,42.911061,0.0,0.0,113.903201,-3e-05,-1e-05,94.027606,-2.4e-05,-1.5e-05,1054.796981
66.37,123.0,133.0,50.958187,123.000006,133.000002,43.866733,0.0,0.0,114.852673,-2.8e-05,-1e-05,95.567248,-2.2e-05,-1.5e-05,1063.447408
66.38,123.0,133.0,52.103521,123.000005,133.000002,44.836811,0.0,0.0,115.669643,-2.7e-05,-9e-06,97.00776,-2.1e-05,-1.4e-05,1070.913426
66.39,123.0,133.0,53.256307,123.000005,133.000002,45.820277,0.0,0.0,116.352662,-2.6e-05,-9e-06,98.346572,-2e-05,-1.3e-05,1077.182547
66.4,123.0,133.0,54.415209,123.000005,133.000002,46.81609,0.0,0.0,116.900526,-2.5e-05,-9e-06,99.581304,-1.9e-05,-1.3e-05,1082.244311
66.41,123.0,133.0,55.578879,123.000005,133.000002,47.823187,0.0,0.0,117.312268,-2.3e-05,-8e-06,100.70977,-1.8e-05,-1.2e-05,1086.090308
66.42,123.0,133.0,56.745961,123.000004,133.000002,48.840487,0.0,0.0,117.587165,-2.2e-05,-8e-06,101.729976,-1.7e-05,-1.2e-05,1088.714181
66.43,123.0,133.0,57.915093,123.000004,133.000002,49.866888,0.0,0.0,117.724734,-2.1e-05,-7e-06,102.640125,-1.7e-05,-1.1e-05,1090.111645
66.44,123.0,133.0,59.084907,123.000004,133.000001,50.901275,0.0,0.0,117.724734,-2e-05,-7e-06,103.438615,-1.6e-05,-1.1e-05,1090.280496
66.45,123.0,133.0,60.254039,123.000004,133.000001,51.942515,0.0,0.0,117.587165,-1.9e-05,-7e-06,104.124046,-1.5e-05,-1e-05,1089.220622
66.46,123.0,133.0,61.421121,123.000004,133.000001,52.989467,0.0,0.0,117.312268,-1.8e-05,-6e-06,104.695215,-1.4e-05,-1e-05,1086.934015
66.47,123.0,133.0,62.584791,123.000003,133.000001,54.040978,0.0,0.0,116.900526,-1.7e-05,-6e-06,105.151123,-1.4e-05,-9e-06,1083.424781
66.48,123.0,133.0,63.743693,123.000003,133.000001,55.095888,0.0,0.0,116.352662,-1.7e-05,-6e-06,105.490972,-1.3e-05,-9e-06,1078.699147
66.49,123.0,133.0,64.896479,123.000003,133.000001,56.15303,0.0,0.0,115.669643,-1.6e-05,-6e-06,105.714169,-1.2e-05,-8e-06,1072.765478
66.5,123.0,133.0,66.041813,123.000003,133.000001,57.211233,0.0,0.0,114.852673,-1.5e-05,-5e-06,105.820327,-1.2e-05,-8e-06,1065.634279
66.51,123.0,133.0,67.178369,123.000003,133.000001,58.269326,0.0,0.0,113.903201,-1.4e-05,-5e-06,105.809263,-1.1e-05,-8e-06,1057.318206
66.52,123.0,133.0,68.304841,123.000003,133.000001,59.326136,0.0,0.0,112.822916,-1.4e-05,-5e-06,105.681006,-1.1e-05,-7e-06,1047.83208
66.53,123.0,133.0,69.419936,123.000003,133.000001,60.380494,0.0,0.0,111.613748,-1.3e-05,-5e-06,105.435792,-1e-05,-7e-06,1037.192886
66.54,123.0,133.0,70.522386,123.000002,133.000001,61.431234,0.0,0.0,110.277868,-1.2e-05,-4e-06,105.074065,-1e-05,-7e-06,1025.419789
66.55,123.0,133.0,71.610944,123.000002,133.000001,62.477199,0.0,0.0,108.81769,-1.2e-05,-4e-06,104.596484,-9e-06,-6e-06,1012.53414
66.56,123.0,133.0,72.684386,123.000002,133.000001,63.517238,0.0,0.0,107.235867,-1.1e-05,-4e-06,104.003917,-9e-06,-6e-06,998.559478
66.57,123.0,133.0,73.74152,123.000002,133.000001,64.550213,0.0,0.0,105.535295,-1.1e-05,-4e-06,103.297446,-8e-06,-6e-06,983.521548
66.58,123.0,133.0,74.781179,123.000002,133.000001,65.574997,0.0,0.0,103.71911,-1e-05,-4e-06,102.478369,-8e-06,-5e-06,967.448296
66.59,123.0,133.0,75.802233,123.000002,133.000001,66.590479,0.0,0.0,101.79069,-1e-05,-3e-06,101.548197,-8e-06,-5e-06,950.369885
66.6,123.0,133.0,76.803583,123.000002,133.000001,67.595565,0.0,0.0,99.753654,-9e-06,-3e-06,100.508656,-7e-06,-5e-06,932.318698
66.61,123.0,133.0,77.78417,123.000002,133.000001,68.589182,0.0,0.0,97.611864,-9e-06,-3e-06,99.361691,-7e-06,-5e-06,913.329343
66.62,123.0,133.0,78.742973,123.000002,133.000001,69.570277,0.0,0.0,95.36942,-8e-06,-3e-06,98.109463,-6e-06,-4e-06,893.43866
66.63,123.0,133.0,79.679012,123.000002,133.000001,70.53782,0.0,0.0,93.030665,-8e-06,-3e-06,96.754351,-6e-06,-4e-06,872.685731
66.64,123.0,133.0,80.591355,123.000001,133.000001,71.49081,0.0,0.0,90.600185,-7e-06,-3e-06,95.298956,-6e-06,-4e-06,851.111877
66.65,123.0,133.0,81.479113,123.000001,133.000001,72.428271,0.0,0.0,88.082803,-7e-06,-3e-06,93.746095,-6e-06,-4e-06,828.760672
66.66,123.0,133.0,82.341447,123.000001,133.000001,73.349259,0.0,0.0,85.483589,-7e-06,-2e-06,92.098807,-5e-06,-4e-06,805.677943
66.67,123.0,133.0,83.177572,123.000001,133.0,74.252862,0.0,0.0,82.807848,-6e-06,-2e-06,90.360354,-5e-06,-4e-06,781.911778
66.68,123.0,133.0,83.986753,123.000001,133.0,75.138204,0.0,0.0,80.061132,-6e-06,-2e-06,88.534216,-5e-06,-3e-06,757.512528
66.69,123.0,133.0,84.768314,123.000001,133.0,76.004445,0.0,0.0,77.24923,-6e-06,-2e-06,86.624099,-5e-06,-3e-06,732.532814
66.7,123.0,133.0,85.521638,123.000001,133.0,76.850785,0.0,0.0,74.378174,-6e-06,-2e-06,84.633931,-4e-06,-3e-06,707.027532
66.71,123.0,133.0,86.246167,123.000001,133.0,77.676463,0.0,0.0,71.454239,-5e-06,-2e-06,82.567863,-4e-06,-3e-06,681.053854
66.72,123.0,133.0,86.941408,123.000001,133.0,78.480766,0.0,0.0,68.483937,-5e-06,-2e-06,80.43027,-4e-06,-3e-06,654.671237
66.73,123.0,133.0,87.606934,123.000001,133.0,79.263024,0.0,0.0,65.474026,-5e-06,-2e-06,78.225754,-4e-06,-3e-06,627.941423
66.74,123.0,133.0,88.242386,123.000001,133.0,80.022615,0.0,0.0,62.431502,-5e-06,-2e-06,75.959141,-4e-06,-3e-06,600.928444
66.75,123.0,133.0,88.847476,123.000001,133.0,80.75897,0.0,0.0,59.363603,-4e-06,-2e-06,73.635481,-3e-06,-2e-06,573.698628
66.76,123.0,133.0,89.421989,123.000001,133.0,81.47157,0.0,0.0,56.27781,-4e-06,-2e-06,71.260053,-3e-06,-2e-06,546.3206
66.77,123.0,133.0,89.965784,123.000001,133.0,82.159954,0.0,0.0,53.181842,-4e-06,-1e-06,68.838363,-3e-06,-2e-06,518.865286
66.78,123.0,133.0,90.4788,123.000001,133.0,82.823715,0.0,0.0,50.083663,-4e-06,-1e-06,66.376141,-3e-06,-2e-06,491.405918
66.79,123.0,133.0,90.961056,123.000001,133.0,83.462509,0.0,0.0,46.991476,-4e-06,-1e-06,63.879349,-3e-06,-2e-06,464.018035
66.8,123.0,133.0,91.412653,123.000001,133.0,84.076051,0.0,0.0,43.913725,-3e-06,-1e-06,61.354174,-3e-06,-2e-06,436.779489
66.81,123.0,133.0,91.833777,123.000001,133.0,84.664121,0.0,0.0,40.859097,-3e-06,-1e-06,58.807033,-3e-06,-2e-06,409.770445
66.82,123.0,133.0,92.224702,123.000001,133.0,85.226567,0.0,0.0,37.836518,-3e-06,-1e-06,56.244571,-2e-06,-2e-06,383.073385
66.83,123.0,133.0,92.585793,123.000001,133.0,85.763303,0.0,0.0,34.855158,-3e-06,-1e-06,53.673664,-2e-06,-2e-06,356.773112
66.84,123.0,133.0,92.917505,123.000001,133.0,86.274317,0.0,0.0,31.924427,-3e-06,-1e-06,51.101415,-2e-06,-2e-06,330.956752
66.85,123.0,133.0,93.220388,123.000001,133.0,86.759669,0.0,0.0,29.053974,-3e-06,-1e-06,48.53516,-2e-06,-2e-06,305.713756
66.86,123.0,133.0,93.495092,123.0,133.0,87.219494,0.0,0.0,26.253694,-3e-06,-1e-06,45.982464,-2e-06,-1e-06,281.135904
66.87,123.0,133.0,93.742362,123.0,133.0,87.654005,0.0,0.0,23.533719,-2e-06,-1e-06,43.451122,-2e-06,-1e-06,257.317305
66.88,123.0,133.0,93.963049,123.0,133.0,88.063497,0.0,0.0,20.904425,-2e-06,-1e-06,40.949162,-2e-06,-1e-06,234.354403
66.89,123.0,133.0,94.158106,123.0,133.0,88.448345,0.0,0.0,18.376428,-2e-06,-1e-06,38.484841,-2e-06,-1e-06,212.345976
66.9,123.0,133.0,94.328593,123.0,133.0,88.809011,0.0,0.0,15.960585,-2e-06,-1e-06,36.06665,-2e-06,-1e-06,191.393138
66.91,123.0,133.0,94.47568,123.0,133.0,89.146045,0.0,0.0,13.667995,-2e-06,-1e-06,33.703311,-2e-06,-1e-06,171.599346
66.92,123.0,133.0,94.600646,123.0,133.0,89.460082,0.0,0.0,11.509998,-2e-06,-1e-06,31.403777,-1e-06,-1e-06,153.070395
66.93,123.0,133.0,94.704888,123.0,133.0,89.751855,0.0,0.0,9.498177,-2e-06,-1e-06,29.177235,-1e-06,-1e-06,135.914427
66.94,123.0,133.0,94.789915,123.0,133.0,90.022186,0.0,0.0,7.644352,-2e-06,-1e-06,27.033105,-1e-06,-1e-06,120.241926
66.95,123.0,133.0,94.857358,123.0,133.0,90.271996,0.0,0.0,5.960589,-2e-06,-1e-06,24.981038,-1e-06,-1e-06,106.165727
66.96,123.0,133.0,94.908967,123.0,133.0,90.502305,0.0,0.0,4.459192,-2e-06,-1e-06,23.030921,-1e-06,-1e-06,93.80101
66.97,123.0,133.0,94.946616,123.0,133.0,90.714234,0.0,0.0,3.152708,-1e-06,-1e-06,21.192872,-1e-06,-1e-06,83.26531
66.98,123.0,133.0,94.972305,123.0,133.0,90.909006,0.0,0.0,2.053925,-1e-06,-1e-06,19.477245,-1e-06,-1e-06,74.678511
66.99,123.0,133.0,94.988162,123.0,133.0,91.087953,0.0,0.0,1.175872,-1e-06,-1e-06,17.894625,-1e-06,-1e-06,68.162853
67.0,123.0,133.0,94.996447,123.0,133.0,91.252511,0.0,0.0,0.531818,-1e-06,-0.0,16.455833,-1e-06,-1e-06,63.842932
67.01,123.0,133.0,94.99955,123.0,133.0,91.40423,0.0,0.0,0.135277,-1e-06,-0.0,15.171925,-1e-06,-1e-06,61.845699
67.02,123.0,133.0,95.0,123.0,133.0,91.544772,0.0,0.0,0.0,-1e-06,-0.0,14.054191,-1e-06,-1e-06,62.300465
67.03,123.0,133.0,95.0,123.0,133.0,91.675914,0.0,0.0,0.0,-1e-06,-0.0,13.114153,-1e-06,-1e-06,65.338901
67.04,123.0,133.0,95.0,123.0,133.0,91.799428,0.0,0.0,0.0,-1e-06,-0.0,12.351453,-1e-06,-1e-06,70.125565
67.05,123.0,133.0,95.0,123.0,133.0,91.916632,0.0,0.0,0.0,-1e-06,-0.0,11.720373,-1e-06,-1e-06,73.028103
67.06,123.0,133.0,95.0,123.0,133.0,92.028426,0.0,0.0,0.0,-1e-06,-0.0,11.179443,-1e-06,-1e-06,73.929338
67.07,123.0,133.0,95.0,123.0,133.0,92.135443,0.0,0.0,0.0,-1e-06,-0.0,10.701619,-1e-06,-1e-06,73.568493
67.08,123.0,133.0,95.0,123.0,133.0,92.238135,0.0,0.0,0.0,-1e-06,-0.0,10.269209,-1e-06,-1e-06,72.423358
67.09,123.0,133.0,95.0,123.0,133.0,92.336841,0.0,0.0,0.0,-1e-06,-0.0,9.870587,-1e-06,-0.0,70.802358
67.1,123.0,133.0,95.0,123.0,133.0,92.431821,0.0,0.0,0.0,-1e-06,-0.0,9.498066,-1e-06,-0.0,68.904203
67.11,123.0,133.0,95.0,123.0,133.0,92.523286,0.0,0.0,0.0,-1e-06,-0.0,9.146515,-1e-06,-0.0,66.856553
67.12,123.0,133.0,95.0,123.0,133.0,92.611411,0.0,0.0,0.0,-1e-06,-0.0,8.812464,-1e-06,-0.0,64.741065
67.13,123.0,133.0,95.0,123.0,133.0,92.696346,0.0,0.0,0.0,-1e-06,-0.0,8.493526,-1e-06,-0.0,62.609622
67.14,123.0,133.0,95.0,123.0,133.0,92.778227,0.0,0.0,0.0,-1e-06,-0.0,8.188021,-0.0,-0.0,60.49485
67.15,123.0,133.0,95.0,123.0,133.0,92.857174,0.0,0.0,0.0,-1e-06,-0.0,7.89473,-0.0,-0.0,58.416932
67.16,123.0,133.0,95.0,123.0,133.0,92.933301,0.0,0.0,0.0,-1e-06,-0.0,7.612739,-0.0,-0.0,56.388021
67.17,123.0,133.0,95.0,123.0,133.0,93.006715,0.0,0.0,0.0,-1e-06,-0.0,7.341335,-0.0,-0.0,54.415102
67.18,123.0,133.0,95.0,123.0,133.0,93.077514,0.0,0.0,0.0,-1e-06,-0.0,7.079941,-0.0,-0.0,52.501838
67.19,123.0,133.0,95.0,123.0,133.0,93.145795,0.0,0.0,0.0,-0.0,-0.0,6.828071,-0.0,-0.0,50.649776
67.2,123.0,133.0,95.0,123.0,133.0,93.211648,0.0,0.0,0.0,-0.0,-0.0,6.585301,-0.0,-0.0,48.859114
67.21,123.0,133.0,95.0,123.0,133.0,93.27516,0.0,0.0,0.0,-0.0,-0.0,6.351254,-0.0,-0.0,47.129212
67.22,123.0,133.0,95.0,123.0,133.0,93.336416,0.0,0.0,0.0,-0.0,-0.0,6.125583,-0.0,-0.0,45.458908
67.23,123.000051,133.0,95.0,123.0,133.0,93.395496,0.015288,0.0,0.0,-0.0,-0.0,5.907969,-0.0,-0.0,43.846732
67.24,123.000406,133.0,95.0,123.000005,133.0,93.452477,0.060832,0.0,0.0,0.000536,-0.0,5.698111,0.080464,-0.0,42.291037
67.25,123.001364,133.0,95.0,123.000048,133.0,93.507434,0.136152,0.0,0.0,0.004216,-0.0,5.495723,0.556321,-0.0,40.79009
67.26,123.003221,133.0,95.0,123.000186,133.0,93.560439,0.240772,0.0,0.0,0.013856,-0.0,5.300535,1.479713,-0.0,39.342122
67.27,123.006266,133.0,95.0,123.000505,133.0,93.611562,0.374219,0.0,0.0,0.031918,-0.0,5.112285,2.820067,-0.0,37.945366
67.28,123.010785,133.0,95.0,123.001111,133.0,93.66087,0.53602,0.0,0.0,0.060547,-0.0,4.930725,4.549807,-0.0,36.598076
67.29,123.017058,133.0,95.0,123.002127,133.0,93.708426,0.725707,0.0,0.0,0.101612,-0.0,4.755616,6.64403,-0.0,35.298544
67.3,123.025362,133.0,95.0,123.003694,133.0,93.754293,0.942814,0.0,0.0,0.156727,-0.0,4.586728,9.080207,-0.0,34.045104
67.31,123.035967,133.0,95.0,123.005967,133.0,93.798531,1.186876,0.0,0.0,0.227288,-0.0,4.423839,11.837927,-0.0,32.836141
67.32,123.049141,133.0,95.0,123.009112,133.0,93.841199,1.457433,0.0,0.0,0.31449,-0.0,4.266735,14.898667,-0.0,31.670087
67.33,123.065145,133.0,95.0,123.013306,133.0,93.882351,1.754026,0.0,0.0,0.419355,-0.0,4.115211,18.245579,-0.0,30.545427
67.34,123.084238,133.0,95.0,123.018733,133.0,93.922042,2.076198,0.0,0.0,0.542745,-0.0,3.969068,21.863315,-0.0,29.460697
67.35,123.106671,133.0,95.0,123.025587,133.0,93.960323,2.423496,0.0,0.0,0.685384,-0.0,3.828116,25.737857,-0.0,28.414482
67.36,123.132694,133.0,95.0,123.034066,133.0,93.997244,2.795468,0.0,0.0,0.847873,-0.0,3.692169,29.856377,-0.0,27.405417
67.37,123.162551,133.0,95.0,123.044373,133.0,94.032855,3.191666,0.0,0.0,1.0307,-0.0,3.56105,34.207103,-0.0,26.432183
67.38,123.196482,133.0,95.0,123.056715,133.0,94.067201,3.611644,0.0,0.0,1.234257,-0.0,3.434588,38.779211,-0.0,25.49351
67.39,123.23472,133.0,95.0,123.071304,133.0,94.100327,4.054958,0.0,0.0,1.458848,-0.0,3.312616,43.562715,-0.0,24.58817
67.4,123.277498,133.0,95.0,123.088351,133.0,94.132277,4.521167,0.0,0.0,1.704699,-0.0,3.194977,48.548383,-0.0,23.714981
67.41,123.325041,133.0,95.0,123.10807,133.0,94.163092,5.009833,0.0,0.0,1.971966,-0.0,3.081515,53.727651,-0.0,22.8728
67.42,123.377571,133.0,95.0,123.130678,133.0,94.192813,5.520519,0.0,0.0,2.260745,-0.0,2.972082,59.092555,-0.0,22.060527
67.43,123.435306,133.0,95.0,123.156388,133.0,94.221478,6.052793,0.0,0.0,2.571076,-0.0,2.866535,64.635664,-0.0,21.2771
67.44,123.498459,133.0,95.0,123.185418,133.0,94.249125,6.606222,0.0,0.0,2.902952,-0.0,2.764737,70.350025,-0.0,20.521494
67.45,123.56724,133.0,95.0,123.217981,133.0,94.275791,7.180379,0.0,0.0,3.256322,-0.0,2.666554,76.229112,-0.0,19.792722
67.46,123.641853,133.0,95.0,123.254292,133.0,94.301509,7.774838,0.0,0.0,3.631097,-0.0,2.571858,82.266781,-0.0,19.08983
67.47,123.722498,133.0,95.0,123.294564,133.0,94.326315,8.389175,0.0,0.0,4.027153,-0.0,2.480524,88.457228,-0.0,18.4119
67.48,123.809371,133.0,95.0,123.339007,133.0,94.350239,9.02297,0.0,0.0,4.444338,-0.0,2.392434,94.794959,-0.0,17.758045
67.49,123.902666,133.0,95.0,123.387832,133.0,94.373314,9.675804,0.0,0.0,4.882472,-0.0,2.307473,101.274751,-0.0,17.12741
67.5,124.00257,133.0,95.0,123.441245,133.0,94.395569,10.347261,0.0,0.0,5.341351,-0.0,2.225528,107.891629,-0.0,16.51917
67.51,124.109266,133.0,95.0,123.499453,133.0,94.417034,11.036928,0.0,0.0,5.820751,-0.0,2.146494,114.640838,-0.0,15.932531
67.52,124.222934,133.0,95.0,123.562657,133.0,94.437737,11.744395,0.0,0.0,6.32043,-0.0,2.070266,121.517824,-0.0,15.366725
67.53,124.34375,133.0,95.0,123.631058,133.0,94.457704,12.469253,0.0,0.0,6.840128,-0.0,1.996745,128.518209,-0.0,14.821012
67.54,124.471886,133.0,95.0,123.704854,133.0,94.476962,13.211096,0.0,0.0,7.379573,-0.0,1.925836,135.637781,-0.0,14.294679
67.55,124.607509,133.0,95.0,123.784239,133.0,94.495537,13.969522,0.0,0.0,7.938479,-0.0,1.857444,142.872468,-0.0,13.787037
67.56,124.750782,133.0,95.0,123.869404,133.0,94.513452,14.744129,0.0,0.0,8.516549,-0.0,1.791482,150.218336,-0.0,13.297423
67.57,124.901865,133.0,95.0,123.960539,133.0,94.53073,15.53452,0.0,0.0,9.113477,-0.0,1.727861,157.671566,-0.0,12.825196
67.58,125.060913,133.0,95.0,124.057829,133.0,94.547395,16.340299,0.0,0.0,9.728948,-0.0,1.6665,165.22845,-0.0,12.36974
67.59,125.228079,133.0,95.0,124.161455,133.0,94.563469,17.161073,0.0,0.0,10.36264,-0.0,1.607319,172.885376,-0.0,11.930458
67.6,125.403509,133.0,95.0,124.271597,133.0,94.578971,17.996452,0.0,0.0,11.014225,-0.0,1.550238,180.638825,-0.0,11.506776
67.61,125.587349,133.0,95.0,124.388431,133.0,94.593923,18.846047,0.0,0.0,11.683368,-0.0,1.495185,188.485357,-0.0,11.09814
67.62,125.779736,133.0,95.0,124.512128,133.0,94.608344,19.709473,0.0,0.0,12.369733,-0.0,1.442087,196.42161,-0.0,10.704015
67.63,125.980809,133.0,95.0,124.642858,133.0,94.622252,20.586347,0.0,0.0,13.072976,-0.0,1.390875,204.44429,-0.0,10.323888
67.64,126.190698,133.0,95.0,124.780786,133.0,94.635667,21.476288,0.0,0.0,13.792751,-0.0,1.341481,212.550166,-0.0,9.957259
67.65,126.409533,133.0,95.0,124.926073,133.0,94.648606,22.37892,0.0,0.0,14.528712,-0.0,1.293842,220.736066,-0.0,9.603651
67.66,126.637439,133.0,95.0,125.078878,133.0,94.661085,23.293866,0.0,0.0,15.280506,-0.0,1.247894,228.998873,-0.0,9.2626
67.67,126.874536,133.0,95.0,125.239356,133.0,94.67312,24.220753,0.0,0.0,16.047783,-0.0,1.203578,237.33552,-0.0,8.93366
67.68,127.120941,133.0,95.0,125.407658,133.0,94.684729,25.159212,0.0,0.0,16.830188,-0.0,1.160836,245.742989,-0.0,8.616402
67.69,127.376769,133.0,95.0,125.583931,133.0,94.695925,26.108874,0.0,0.0,17.627366,-0.0,1.119612,254.218303,-0.0,8.310411
67.7,127.64213,133.0,95.0,125.768321,133.0,94.706723,27.069374,0.0,0.0,18.438964,-0.0,1.079851,262.758529,-0.0,8.015287
67.71,127.917129,133.0,95.0,125.960967,133.0,94.717138,28.04035,0.0,0.0,19.264624,-0.0,1.041503,271.360773,-0.0,7.730643
67.72,128.201869,133.0,95.0,126.162007,133.0,94.727184,29.021442,0.0,0.0,20.103992,-0.0,1.004516,280.022177,-0.0,7.456107
67.73,128.496451,133.0,95.0,126.371574,133.0,94.736872,30.012291,0.0,0.0,20.956712,-0.0,0.968843,288.739917,-0.0,7.191321
67.74,128.800968,133.0,95.0,126.589798,133.0,94.746216,31.012543,0.0,0.0,21.822429,-0.0,0.934437,297.511206,-0.0,6.935938
67.75,129.115514,133.0,95.0,126.816806,133.0,94.755229,32.021845,0.0,0.0,22.700788,-0.0,0.901253,306.333286,-0.0,6.689625
67.76,129.440176,133.0,95.0,127.052721,133.0,94.763921,33.039846,0.0,0.0,23.591435,-0.0,0.869247,315.20343,-0.0,6.452059
67.77,129.775041,133.0,95.0,127.297661,133.0,94.772305,34.0662,0.0,0.0,24.494018,-0.0,0.838378,324.118941,-0.0,6.222929
67.78,130.120189,133.0,95.0,127.551743,133.0,94.780391,35.100562,0.0,0.0,25.408185,-0.0,0.808605,333.077149,-0.0,6.001936
67.79,130.4757,133.0,95.0,127.815078,133.0,94.78819,36.142588,0.0,0.0,26.333584,-0.0,0.779889,342.075414,-0.0,5.788792
67.8,130.841646,133.0,95.0,128.087777,133.0,94.795712,37.191939,0.0,0.0,27.269867,-0.0,0.752193,351.111121,-0.0,5.583216
67.81,131.218101,133.0,95.0,128.369944,133.0,94.802967,38.248277,0.0,0.0,28.216686,-0.0,0.725481,360.18168,-0.0,5.384942
67.82,131.605132,133.0,95.0,128.661681,133.0,94.809964,39.311268,0.0,0.0,29.173693,-0.0,0.699717,369.284528,-0.0,5.193708
67.83,132.002804,133.0,95.0,128.963086,133.0,94.816713,40.380579,0.0,0.0,30.140543,-0.0,0.674868,378.417125,-0.0,5.009266
67.84,132.411178,133.0,95.0,129.274255,133.0,94.823222,41.455881,0.0,0.0,31.116894,-0.0,0.650902,387.576957,-0.0,4.831374
67.85,132.830312,133.0,95.0,129.595279,133.0,94.8295,42.536845,0.0,0.0,32.102403,-0.0,0.627787,396.761532,-0.0,4.659799
67.86,133.260262,133.0,95.0,129.926247,133.0,94.835554,43.623148,0.0,0.0,33.096731,-0.0,0.605492,405.968382,-0.0,4.494317
67.87,133.701079,133.0,95.0,130.267242,133.0,94.841394,44.714466,0.0,0.0,34.099539,-0.0,0.58399,415.195061,-0.0,4.334712
67.88,134.152811,133.0,95.0,130.618347,133.0,94.847027,45.81048,0.0,0.0,35.110491,-0.0,0.563251,424.439147,-0.0,4.180775
67.89,134.615504,133.0,95.0,130.979639,133.0,94.852459,46.910874,0.0,0.0,36.129253,-0.0,0.543248,433.698239,-0.0,4.032305
67.9,135.0892,133.0,95.0,131.351194,133.0,94.857699,48.015332,0.0,0.0,37.155493,-0.0,0.523956,442.96996,-0.0,3.889107
67.91,135.573938,133.0,95.0,131.733083,133.0,94.862752,49.123541,0.0,0.0,38.18888,-0.0,0.505349,452.251953,-0.0,3.750994
67.92,136.069754,133.0,95.0,132.125374,133.0,94.867626,50.235193,0.0,0.0,39.229085,-0.0,0.487403,461.541882,-0.0,3.617787
67.93,136.57668,133.0,95.0,132.528132,133.0,94.872327,51.349981,0.0,0.0,40.275784,-0.0,0.470094,470.837435,-0.0,3.48931
67.94,137.094746,133.0,95.0,132.941418,133.0,94.876861,52.467599,0.0,0.0,41.328651,-0.0,0.453399,480.136319,-0.0,3.365395
67.95,137.62398,133.0,95.0,133.365292,133.0,94.881234,53.587746,0.0,0.0,42.387364,-0.0,0.437298,489.436263,-0.0,3.245881
67.96,138.164405,133.0,95.0,133.799808,133.0,94.885452,54.710122,0.0,0.0,43.451605,-0.0,0.421768,498.735018,-0.0,3.130611
67.97,138.716041,133.0,95.0,134.245019,133.0,94.88952,55.83443,0.0,0.0,44.521055,-0.0,0.40679,508.030354,-0.0,3.019435
67.98,139.278906,133.0,95.0,134.700973,133.0,94.893443,56.960376,0.0,0.0,45.595399,-0.0,0.392344,517.320064,-0.0,2.912207
67.99,139.853016,133.0,95.0,135.167716,133.0,94.897227,58.087668,0.0,0.0,46.674324,-0.0,0.378411,526.60196,-0.0,2.808787
68.0,140.438382,133.0,95.0,135.645291,133.0,94.900877,59.216016,0.0,0.0,47.75752,-0.0,0.364972,535.873874,-0.0,2.709039
68.01,141.035014,133.0,95.0,136.133738,133.0,94.904397,60.345133,0.0,0.0,48.844676,-0.0,0.352011,545.133663,-0.0,2.612834
68.02,141.642917,133.0,95.0,136.633093,133.0,94.907792,61.474736,0.0,0.0,49.935488,-0.0,0.339511,554.379198,-0.0,2.520045
68.03,142.262095,133.0,95.0,137.143389,133.0,94.911067,62.604542,0.0,0.0,51.029651,-0.0,0.327454,563.608377,-0.0,2.430552
68.04,142.892549,133.0,95.0,137.664658,133.0,94.914225,63.734271,0.0,0.0,52.126864,-0.0,0.315825,572.819113,-0.0,2.344237
68.05,143.534277,133.0,95.0,138.196926,133.0,94.917271,64.863648,0.0,0.0,53.226827,-0.0,0.304609,582.009344,-0.0,2.260987
68.06,144.187273,133.0,95.0,138.740219,133.0,94.920209,65.992398,0.0,0.0,54.329243,-0.0,0.293792,591.177025,-0.0,2.180693
68.07,144.85153,133.0,95.0,139.294557,133.0,94.923043,67.120249,0.0,0.0,55.433818,-0.0,0.283358,600.320133,-0.0,2.103251
68.08,145.527038,133.0,95.0,139.859959,133.0,94.925776,68.246932,0.0,0.0,56.540258,-0.0,0.273295,609.436666,-0.0,2.028559
68.09,146.213784,133.0,95.0,140.436442,133.0,94.928412,69.372181,0.0,0.0,57.648276,-0.0,0.26359,618.524639,-0.0,1.956519
68.1,146.911752,133.0,95.0,141.024018,133.0,94.930954,70.495731,0.0,0.0,58.757581,-0.0,0.254229,627.582091,-0.0,1.887038
68.11,147.620924,133.0,95.0,141.622697,133.0,94.933406,71.61732,0.0,0.0,59.867891,-0.0,0.245201,636.607081,-0.0,1.820024
68.12,148.341279,133.0,95.0,142.232486,133.0,94.935771,72.73669,0.0,0.0,60.978921,-0.0,0.236493,645.597685,-0.0,1.755391
68.13,149.072794,133.0,95.0,142.85339,133.0,94.938052,73.853584,0.0,0.0,62.090392,-0.0,0.228095,654.552002,-0.0,1.693052
68.14,149.815442,133.0,95.0,143.48541,133.0,94.940252,74.967747,0.0,0.0,63.202026,-0.0,0.219994,663.468151,-0.0,1.632927
68.15,150.569195,133.0,95.0,144.128546,133.0,94.942374,76.07893,0.0,0.0,64.313546,-0.0,0.212182,672.344271,-0.0,1.574938
68.16,151.334022,133.0,95.0,144.782792,133.0,94.94442,77.186881,0.0,0.0,65.42468,-0.0,0.204647,681.17852,-0.0,1.519008
68.17,152.10989,133.0,95.0,145.448144,133.0,94.946394,78.291356,0.0,0.0,66.535158,-0.0,0.197379,689.969078,-0.0,1.465064
68.18,152.896763,133.0,95.0,146.124591,133.0,94.948298,79.39211,0.0,0.0,67.644711,-0.0,0.19037,698.714145,-0.0,1.413035
68.19,153.694602,133.0,95.0,146.812122,133.0,94.950134,80.488901,0.0,0.0,68.753072,-0.0,0.183609,707.41194,-0.0,1.362855
68.2,154.503366,133.0,95.0,147.510722,133.0,94.951904,81.581492,0.0,0.0,69.85998,-0.0,0.177089,716.060702,-0.0,1.314456
68.21,155.323013,133.0,95.0,148.220373,133.0,94.953612,82.669645,0.0,0.0,70.965172,-0.0,0.1708,724.658692,-0.0,1.267776
68.22,156.153497,133.0,95.0,148.941057,133.0,94.95526,83.753126,0.0,0.0,72.068391,-0.0,0.164734,733.204191,-0.0,1.222754
68.23,156.994771,133.0,95.0,149.672751,133.0,94.956849,84.831705,0.0,0.0,73.16938,-0.0,0.158884,741.695497,-0.0,1.179331
68.24,157.846783,133.0,95.0,150.41543,133.0,94.958381,85.905153,0.0,0.0,74.267886,-0.0,0.153242,750.130932,-0.0,1.13745
68.25,158.709483,133.0,95.0,151.169067,133.0,94.959859,86.973244,0.0,0.0,75.363658,-0.0,0.1478,758.508837,-0.0,1.097056
68.26,159.582814,133.0,95.0,151.933631,133.0,94.961285,88.035753,0.0,0.0,76.456446,-0.0,0.142551,766.827572,-0.0,1.058097
68.27,160.466722,133.0,95.0,152.709091,133.0,94.962659,89.092459,0.0,0.0,77.546006,-0.0,0.137489,775.085518,-0.0,1.020521
68.28,161.361145,133.0,95.0,153.495412,133.0,94.963986,90.143145,0.0,0.0,78.632093,-0.0,0.132606,783.281077,-0.0,0.984279
68.29,162.266024,133.0,95.0,154.292557,133.0,94.965265,91.187593,0.0,0.0,79.714466,-0.0,0.127897,791.41267,-0.0,0.949325
68.3,163.181295,133.0,95.0,155.100485,133.0,94.966498,92.225591,0.0,0.0,80.792886,-0.0,0.123355,799.478739,-0.0,0.915612
68.31,164.106892,133.0,95.0,155.919157,133.0,94.967688,93.256927,0.0,0.0,81.867117,-0.0,0.118974,807.477744,-0.0,0.883096
68.32,165.042749,133.0,95.0,156.748526,133.0,94.968835,94.281393,0.0,0.0,82.936925,-0.0,0.114749,815.408169,-0.0,0.851735
68.33,165.988794,133.0,95.0,157.588547,133.0,94.969942,95.298782,0.0,0.0,84.002079,-0.0,0.110674,823.268515,-0.0,0.821488
68.34,166.944958,133.0,95.0,158.43917,133.0,94.971009,96.308892,0.0,0.0,85.06235,-0.0,0.106744,831.057304,-0.0,0.792315
68.35,167.911166,133.0,95.0,159.300345,133.0,94.972039,97.31152,0.0,0.0,86.117512,-0.0,0.102953,838.773078,-0.0,0.764177
68.36,168.887342,133.0,95.0,160.172019,133.0,94.973032,98.30647,0.0,0.0,87.167341,-0.0,0.099297,846.414401,-0.0,0.737039
68.37,169.873409,133.0,95.0,161.054135,133.0,94.97399,99.293545,0.0,0.0,88.211615,-0.0,0.095771,853.979854,-0.0,0.710865
68.38,170.869287,133.0,95.0,161.946636,133.0,94.974913,100.272551,0.0,0.0,89.250116,-0.0,0.09237,861.468041,-0.0,0.685621
68.39,171.874895,133.0,95.0,162.849462,133.0,94.975804,101.243298,0.0,0.0,90.282627,-0.0,0.089089,868.877585,-0.0,0.661272
68.4,172.890149,133.0,95.0,163.762552,133.0,94.976664,102.205597,0.0,0.0,91.308934,-0.0,0.085925,876.207128,-0.0,0.637789
68.41,173.914965,133.0,95.0,164.68584,133.0,94.977492,103.159263,0.0,0.0,92.328827,-0.0,0.082874,883.455335,-0.0,0.615139
68.42,174.949254,133.0,95.0,165.619261,133.0,94.978292,104.104112,0.0,0.0,93.342095,-0.0,0.079931,890.620888,-0.0,0.593294
68.43,175.992929,133.0,95.0,166.562746,133.0,94.979062,105.039964,0.0,0.0,94.348533,-0.0,0.077092,897.702492,-0.0,0.572225
68.44,177.045898,133.0,95.0,167.516226,133.0,94.979806,105.966641,0.0,0.0,95.347937,-0.0,0.074355,904.698869,-0.0,0.551903
68.45,178.10807,133.0,95.0,168.479627,133.0,94.980523,106.883966,0.0,0.0,96.340106,-0.0,0.071714,911.608765,-0.0,0.532304
68.46,179.179349,133.0,95.0,169.452875,133.0,94.981215,107.791767,0.0,0.0,97.32484,-0.0,0.069167,918.430944,-0.0,0.5134
68.47,180.25964,133.0,95.0,170.435894,133.0,94.981882,108.689874,0.0,0.0,98.301943,-0.0,0.066711,925.164189,-0.0,0.495168
68.48,181.348846,133.0,95.0,171.428607,133.0,94.982525,109.578117,0.0,0.0,99.271221,-0.0,0.064342,931.807306,-0.0,0.477583
68.49,182.446866,133.0,95.0,172.430932,133.0,94.983146,110.456331,0.0,0.0,100.232484,-0.0,0.062057,938.359118,-0.0,0.460623
68.5,183.553601,133.0,95.0,173.442787,133.0,94.983744,111.324354,0.0,0.0,101.185541,-0.0,0.059853,944.818472,-0.0,0.444265
68.51,184.668948,133.0,95.0,174.464089,133.0,94.984322,112.182025,0.0,0.0,102.130207,-0.0,0.057728,951.184231,-0.0,0.428488
68.52,185.792802,133.0,95.0,175.494752,133.0,94.984879,113.029185,0.0,0.0,103.066298,-0.0,0.055678,957.455281,-0.0,0.413271
68.53,186.925058,133.0,95.0,176.534688,133.0,94.985416,113.86568,0.0,0.0,103.993632,-0.0,0.0537,963.630528,-0.0,0.398595
68.54,188.065608,133.0,95.0,177.583809,133.0,94.985933,114.691357,0.0,0.0,104.912031,-0.0,0.051793,969.708896,-0.0,0.38444
68.55,189.214345,133.0,95.0,178.642022,133.0,94.986433,115.506064,0.0,0.0,105.821318,-0.0,0.049954,975.689333,-0.0,0.370787
68.56,190.371157,133.0,95.0,179.709235,133.0,94.986915,116.309655,0.0,0.0,106.72132,-0.0,0.04818,981.570802,-0.0,0.35762
68.57,191.535933,133.0,95.0,180.785354,133.0,94.987379,117.101984,0.0,0.0,107.611865,-0.0,0.046469,987.352292,-0.0,0.34492
68.58,192.70856,133.0,95.0,181.870281,133.0,94.987828,117.882908,0.0,0.0,108.492784,-0.0,0.044819,993.032808,-0.0,0.332671
68.59,193.888924,133.0,95.0,182.963921,133.0,94.98826,118.652287,0.0,0.0,109.363912,-0.0,0.043227,998.611375,-0.0,0.320857
68.6,195.076908,133.0,95.0,184.066171,133.0,94.988677,119.409983,0.0,0.0,110.225083,-0.0,0.041692,1004.087042,-0.0,0.309462
68.61,196.272395,133.0,95.0,185.176933,133.0,94.989079,120.155861,0.0,0.0,111.076138,-0.0,0.040211,1009.458874,-0.0,0.298472
68.62,197.475267,133.0,95.0,186.296102,133.0,94.989467,120.889787,0.0,0.0,111.916917,-0.0,0.038783,1014.725959,-0.0,0.287873
68.63,198.685404,133.0,95.0,187.423575,133.0,94.989841,121.611633,0.0,0.0,112.747264,-0.0,0.037406,1019.887404,-0.0,0.27765
68.64,199.902684,133.0,95.0,188.559245,133.0,94.990202,122.32127,0.0,0.0,113.567026,-0.0,0.036078,1024.942335,-0.0,0.26779
68.65,201.126985,133.0,95.0,189.703005,133.0,94.99055,123.018574,0.0,0.0,114.37605,-0.0,0.034796,1029.889901,-0.0,0.25828
68.66,202.358184,133.0,95.0,190.854747,133.0,94.990885,123.703421,0.0,0.0,115.174189,-0.0,0.033561,1034.729269,-0.0,0.249108
68.67,203.596154,133.0,95.0,192.01436,133.0,94.991209,124.375691,0.0,0.0,115.961297,-0.0,0.032369,1039.459627,-0.0,0.240261
68.68,204.840771,133.0,95.0,193.181733,133.0,94.991521,125.035268,0.0,0.0,116.737229,-0.0,0.031219,1044.080182,-0.0,0.231729
68.69,206.091907,133.0,95.0,194.356751,133.0,94.991822,125.682035,0.0,0.0,117.501844,-0.0,0.030111,1048.590164,-0.0,0.2235
68.7,207.349434,133.0,95.0,195.539301,133.0,94.992113,126.315881,0.0,0.0,118.255005,-0.0,0.029041,1052.98882,-0.0,0.215562
68.71,208.613222,133.0,95.0,196.729267,133.0,94.992393,126.936696,0.0,0.0,118.996574,-0.0,0.02801,1057.275419,-0.0,0.207907
68.72,209.88314,133.0,95.0,197.926531,133.0,94.992663,127.544372,0.0,0.0,119.726418,-0.0,0.027015,1061.449249,-0.0,0.200524
68.73,211.159057,133.0,95.0,199.130975,133.0,94.992923,128.138804,0.0,0.0,120.444407,-0.0,0.026056,1065.50962,-0.0,0.193403
68.74,212.44084,133.0,95.0,200.342479,133.0,94.993175,128.71989,0.0,0.0,121.150411,-0.0,0.025131,1069.45586,-0.0,0.186535
68.75,213.728355,133.0,95.0,201.560922,133.0,94.993417,129.28753,0.0,0.0,121.844304,-0.0,0.024238,1073.287319,-0.0,0.17991
68.76,215.021469,133.0,95.0,202.786182,133.0,94.993651,129.841626,0.0,0.0,122.525964,-0.0,0.023377,1077.003367,-0.0,0.173521
68.77,216.320044,133.0,95.0,204.018134,133.0,94.993876,130.382085,0.0,0.0,123.195269,-0.0,0.022547,1080.603391,-0.0,0.167359
68.78,217.623945,133.0,95.0,205.256655,133.0,94.994094,130.908813,0.0,0.0,123.8521,-0.0,0.021747,1084.086804,-0.0,0.161416
68.79,218.933034,133.0,95.0,206.501619,133.0,94.994304,131.421722,0.0,0.0,124.496341,-0.0,0.020974,1087.453033,-0.0,0.155683
68.8,220.247172,133.0,95.0,207.752898,133.0,94.994506,131.920723,0.0,0.0,125.12788,-0.0,0.020229,1090.70153,-0.0,0.150155
68.81,221.566222,133.0,95.0,209.010364,133.0,94.994701,132.405732,0.0,0.0,125.746605,-0.0,0.019511,1093.831765,-0.0,0.144822
68.82,222.890041,133.0,95.0,210.273888,133.0,94.994889,132.876667,0.0,0.0,126.352407,-0.0,0.018818,1096.843228,-0.0,0.139679
68.83,224.21849,133.0,95.0,211.54334,133.0,94.995071,133.333448,0.0,0.0,126.945182,-0.0,0.01815,1099.735431,-0.0,0.134719
68.84,225.551427,133.0,95.0,212.818588,133.0,94.995246,133.775999,0.0,0.0,127.524825,-0.0,0.017505,1102.507902,-0.0,0.129935
68.85,226.88871,133.0,95.0,214.0995,133.0,94.995415,134.204244,0.0,0.0,128.091235,-0.0,0.016884,1105.160195,-0.0,0.12532
68.86,228.230194,133.0,95.0,215.385943,133.0,94.995577,134.618112,0.0,0.0,128.644315,-0.0,0.016284,1107.691879,-0.0,0.12087
68.87,229.575738,133.0,95.0,216.677783,133.0,94.995734,135.017533,0.0,0.0,129.183969,-0.0,0.015706,1110.102547,-0.0,0.116577
68.88,230.925195,133.0,95.0,217.974884,133.0,94.995886,135.40244,0.0,0.0,129.710103,-0.0,0.015148,1112.39181,-0.0,0.112437
68.89,232.278421,133.0,95.0,219.27711,133.0,94.996032,135.772768,0.0,0.0,130.222626,-0.0,0.01461,1114.559299,-0.0,0.108444
68.9,233.63527,133.0,95.0,220.584325,133.0,94.996173,136.128457,0.0,0.0,130.72145,-0.0,0.014091,1116.604667,-0.0,0.104593
68.91,234.995596,133.0,95.0,221.89639,133.0,94.996309,136.469445,0.0,0.0,131.20649,-0.0,0.013591,1118.527586,-0.0,0.100879
68.92,236.359251,133.0,95.0,223.213166,133.0,94.99644,136.795678,0.0,0.0,131.677662,-0.0,0.013108,1120.327747,-0.0,0.097296
68.93,237.726089,133.0,95.0,224.534515,133.0,94.996566,137.107099,0.0,0.0,132.134886,-0.0,0.012643,1122.004863,-0.0,0.093841
68.94,239.09596,133.0,95.0,225.860296,133.0,94.996688,137.403658,0.0,0.0,132.578083,-0.0,0.012194,1123.558668,-0.0,0.090509
68.95,240.468717,133.0,95.0,227.190368,133.0,94.996806,137.685304,0.0,0.0,133.007178,-0.0,0.011761,1124.988913,-0.0,0.087294
68.96,241.84421,133.0,95.0,228.524589,133.0,94.996919,137.951992,0.0,0.0,133.422098,-0.0,0.011343,1126.295372,-0.0,0.084194
68.97,243.22229,133.0,95.0,229.862817,133.0,94.997029,138.203677,0.0,0.0,133.822772,-0.0,0.01094,1127.477838,-0.0,0.081204
68.98,244.602807,133.0,95.0,231.204908,133.0,94.997134,138.440318,0.0,0.0,134.209131,-0.0,0.010552,1128.536124,-0.0,0.078321
68.99,245.98561,133.0,95.0,232.550719,133.0,94.997236,138.661874,0.0,0.0,134.581111,-0.0,0.010177,1129.470063,-0.0,0.075539
69.0,247.370549,133.0,95.0,233.900105,133.0,94.997334,138.86831,0.0,0.0,134.938649,-0.0,0.009816,1130.279511,-0.0,0.072857
69.01,248.757473,133.0,95.0,235.252922,133.0,94.997429,139.059591,0.0,0.0,135.281683,-0.0,0.009467,1130.964339,-0.0,0.070269
69.02,250.14623,133.0,95.0,236.609024,133.0,94.99752,139.235686,0.0,0.0,135.610156,-0.0,0.009131,1131.524443,-0.0,0.067774
69.03,251.536668,133.0,95.0,237.968264,133.0,94.997608,139.396566,0.0,0.0,135.924013,-0.0,0.008807,1131.959737,-0.0,0.065367
69.04,252.928637,133.0,95.0,239.330496,133.0,94.997693,139.542204,0.0,0.0,136.2232,-0.0,0.008494,1132.270155,-0.0,0.063046
69.05,254.321982,133.0,95.0,240.695573,133.0,94.997775,139.672576,0.0,0.0,136.507667,-0.0,0.008192,1132.455651,-0.0,0.060807
69.06,255.716553,133.0,95.0,242.063346,133.0,94.997854,139.787661,0.0,0.0,136.777366,-0.0,0.007901,1132.516201,-0.0,0.058647
69.07,257.112196,133.0,95.0,243.433669,133.0,94.99793,139.887439,0.0,0.0,137.032252,-0.0,0.007621,1132.451799,-0.0,0.056565
69.08,258.508758,133.0,95.0,244.806392,133.0,94.998004,139.971895,0.0,0.0,137.272281,-0.0,0.00735,1132.262461,-0.0,0.054556
69.09,259.906086,133.0,95.0,246.181366,133.0,94.998075,140.041014,0.0,0.0,137.497415,-0.0,0.007089,1131.948222,-0.0,0.052618
69.1,261.304028,133.0,95.0,247.558442,133.0,94.998143,140.094785,0.0,0.0,137.707613,-0.0,0.006837,1131.509138,-0.0,0.05075
69.11,262.70243,133.0,95.0,248.93747,133.0,94.998209,140.133199,0.0,0.0,137.902843,-0.0,0.006594,1130.945283,-0.0,0.048948
69.12,264.101138,133.0,95.0,250.318301,133.0,94.998273,140.15625,0.0,0.0,138.083069,-0.0,0.00636,1130.256755,-0.0,0.047209
69.13,265.5,133.0,95.0,251.700784,133.0,94.998334,140.163934,0.0,0.0,138.248263,-0.0,0.006134,1129.443669,-0.0,0.045533
69.14,266.898862,133.0,95.0,253.084768,133.0,94.998393,140.15625,0.0,0.0,138.398397,-0.0,0.005917,1128.506161,-0.0,0.043916
69.15,268.29757,133.0,95.0,254.470102,133.0,94.99845,140.133199,0.0,0.0,138.533445,-0.0,0.005706,1127.444387,-0.0,0.042356
69.16,269.695972,133.0,95.0,255.856636,133.0,94.998505,140.094785,0.0,0.0,138.653385,-0.0,0.005504,1126.258525,-0.0,0.040852
69.17,271.093914,133.0,95.0,257.244218,133.0,94.998558,140.041014,0.0,0.0,138.758196,-0.0,0.005308,1124.948771,-0.0,0.039401
69.18,272.491242,133.0,95.0,258.632697,133.0,94.99861,139.971895,0.0,0.0,138.847861,-0.0,0.00512,1123.515342,-0.0,0.038002
69.19,273.887804,133.0,95.0,260.02192,133.0,94.998659,139.887439,0.0,0.0,138.922365,-0.0,0.004938,1121.958476,-0.0,0.036653
69.2,275.283447,133.0,95.0,261.411737,133.0,94.998707,139.787661,0.0,0.0,138.981695,-0.0,0.004763,1120.278429,-0.0,0.035351
69.21,276.678018,133.0,95.0,262.801996,133.0,94.998752,139.672576,0.0,0.0,139.025841,-0.0,0.004593,1118.475479,-0.0,0.034095
69.22,278.071363,133.0,95.0,264.192544,133.0,94.998797,139.542204,0.0,0.0,139.054796,-0.0,0.00443,1116.549923,-0.0,0.032885
69.23,279.463332,133.0,95.0,265.583229,133.0,94.998839,139.396566,0.0,0.0,139.068554,-0.0,0.004273,1114.50208,0.0,0.031717
69.24,280.85377,133.0,95.0,266.9739,133.0,94.998881,139.235686,0.0,0.0,139.067113,-0.0,0.004121,1112.332288,-0.0,0.03059
69.25,282.242527,133.0,95.0,268.364405,133.0,94.99892,139.059591,0.0,0.0,139.050473,-0.0,0.003975,1110.040905,-0.0,0.029504
69.26,283.629451,133.0,95.0,269.754591,133.0,94.998959,138.86831,0.0,0.0,139.018637,-0.0,0.003834,1107.628309,-0.0,0.028456
69.27,285.01439,133.0,95.0,271.144307,133.0,94.998996,138.661874,0.0,0.0,138.971609,-0.0,0.003698,1105.094898,-0.0,0.027446
69.28,286.397193,133.0,95.0,272.533401,133.0,94.999031,138.440318,0.0,0.0,138.909397,-0.0,0.003566,1102.441093,0.0,0.026471
69.29,287.77771,133.0,95.0,273.921721,133.0,94.999066,138.203677,0.0,0.0,138.832011,-0.0,0.00344,1099.66733,-0.0,0.025531
69.3,289.15579,133.0,95.0,275.309116,133.0,94.999099,137.951992,0.0,0.0,138.739464,-0.0,0.003317,1096.774071,-0.0,0.024624
69.31,290.531283,133.0,95.0,276.695434,133.0,94.999131,137.685304,0.0,0.0,138.631772,-0.0,0.0032,1093.761793,-0.0,0.02375
69.32,291.90404,133.0,95.0,278.080523,133.0,94.999162,137.403658,0.0,0.0,138.50895,-0.0,0.003086,1090.630997,-0.0,0.022906
69.33,293.273911,133.0,95.0,279.464234,133.0,94.999192,137.107099,0.0,0.0,138.371021,-0.0,0.002976,1087.382203,-0.0,0.022093
69.34,294.640749,133.0,95.0,280.846414,133.0,94.99922,136.795678,0.0,0.0,138.218006,-0.0,0.002871,1084.015949,0.0,0.021308
69.35,296.004404,133.0,95.0,282.226913,133.0,94.999248,136.469445,0.0,0.0,138.049931,-0.0,0.002769,1080.532796,-0.0,0.020552
69.36,297.36473,133.0,95.0,283.605581,133.0,94.999275,136.128457,0.0,0.0,137.866824,-0.0,0.00267,1076.933324,-0.0,0.019822
69.37,298.721579,133.0,95.0,284.982268,133.0,94.9993,135.772768,0.0,0.0,137.668714,-0.0,0.002576,1073.218135,-0.0,0.019118
69.38,300.074805,133.0,95.0,286.356825,133.0,94.999325,135.40244,0.0,0.0,137.455635,-0.0,0.002484,1069.387847,-0.0,0.018439
69.39,301.424262,133.0,95.0,287.729101,133.0,94.999349,135.017533,0.0,0.0,137.227622,-0.0,0.002396,1065.443102,-0.0,0.017784
69.4,302.769806,133.0,95.0,289.098948,133.0,94.999372,134.618112,0.0,0.0,136.984712,-0.0,0.002311,1061.384562,-0.0,0.017153
69.41,304.11129,133.0,95.0,290.466217,133.0,94.999395,134.204244,0.0,0.0,136.726947,-0.0,0.002229,1057.212906,-0.0,0.016544
69.42,305.448573,133.0,95.0,291.830761,133.0,94.999416,133.775999,0.0,0.0,136.454369,-0.0,0.00215,1052.928837,-0.0,0.015956
69.43,306.78151,133.0,95.0,293.192431,133.0,94.999437,133.333448,0.0,0.0,136.167023,-0.0,0.002073,1048.533076,0.0,0.015389
69.44,308.109959,133.0,95.0,294.551081,133.0,94.999457,132.876667,0.0,0.0,135.864958,-0.0,0.002,1044.026364,0.0,0.014843
69.45,309.433778,133.0,95.0,295.906563,133.0,94.999476,132.405732,0.0,0.0,135.548223,-0.0,0.001929,1039.409464,0.0,0.014316
69.46,310.752828,133.0,95.0,297.258732,133.0,94.999495,131.920723,0.0,0.0,135.216872,-0.0,0.00186,1034.683157,-0.0,0.013807
69.47,312.066966,133.0,95.0,298.607441,133.0,94.999513,131.421722,0.0,0.0,134.87096,-0.0,0.001794,1029.848245,-0.0,0.013317
69.48,313.376055,133.0,95.0,299.952547,133.0,94.99953,130.908813,0.0,0.0,134.510546,-0.0,0.00173,1024.905552,-0.0,0.012844
69.49,314.679956,133.0,95.0,301.293904,133.0,94.999547,130.382085,0.0,0.0,134.13569,-0.0,0.001669,1019.855919,-0.0,0.012388
69.5,315.978531,133.0,95.0,302.631368,133.0,94.999563,129.841626,0.0,0.0,133.746455,-0.0,0.00161,1014.70021,-0.0,0.011948
69.51,317.271645,133.0,95.0,303.964797,133.0,94.999578,129.28753,0.0,0.0,133.342906,-0.0,0.001553,1009.439307,-0.0,0.011524
69.52,318.55916,133.0,95.0,305.294049,133.0,94.999593,128.71989,0.0,0.0,132.925111,-0.0,0.001497,1004.074113,-0.0,0.011114
69.53,319.840943,133.0,95.0,306.61898,133.0,94.999608,128.138804,0.0,0.0,132.493143,-0.0,0.001444,998.605552,-0.0,0.01072
69.54,321.11686,133.0,95.0,307.939451,133.0,94.999622,127.544372,0.0,0.0,132.047072,-0.0,0.001393,993.034567,-0.0,0.010339
69.55,322.386778,133.0,95.0,309.25532,133.0,94.999635,126.936696,0.0,0.0,131.586976,-0.0,0.001343,987.362122,-0.0,0.009972
69.56,323.650566,133.0,95.0,310.56645,133.0,94.999648,126.315881,0.0,0.0,131.112932,-0.0,0.001296,981.589201,-0.0,0.009618
69.57,324.908093,133.0,95.0,311.8727,133.0,94.999661,125.682035,0.0,0.0,130.625021,-0.0,0.00125,975.716807,-0.0,0.009276
69.58,326.159229,133.0,95.0,313.173933,133.0,94.999673,125.035268,0.0,0.0,130.123326,-0.0,0.001205,969.745966,-0.0,0.008947
69.59,327.403846,133.0,95.0,314.470013,133.0,94.999684,124.375691,0.0,0.0,129.607933,-0.0,0.001163,963.67772,0.0,0.008629
69.6,328.641816,133.0,95.0,315.760802,133.0,94.999695,123.703421,0.0,0.0,129.078931,-0.0,0.001121,957.513136,0.0,0.008323
69.61,329.873015,133.0,95.0,317.046166,133.0,94.999706,123.018574,0.0,0.0,128.53641,-0.0,0.001081,951.253297,0.0,0.008027
69.62,331.097316,133.0,95.0,318.325971,133.0,94.999717,122.32127,0.0,0.0,127.980464,-0.0,0.001043,944.899309,0.0,0.007742
69.63,332.314596,133.0,95.0,319.600083,133.0,94.999727,121.611633,0.0,0.0,127.411188,-0.0,0.001006,938.452296,0.0,0.007467
69.64,333.524733,133.0,95.0,320.868369,133.0,94.999736,120.889787,0.0,0.0,126.82868,-0.0,0.00097,931.913404,0.0,0.007202
69.65,334.727605,133.0,95.0,322.1307,133.0,94.999746,120.155861,0.0,0.0,126.233043,-0.0,0.000936,925.283799,0.0,0.006946
69.66,335.923092,133.0,95.0,323.386944,133.0,94.999755,119.409983,0.0,0.0,125.624378,-0.0,0.000903,918.564666,-0.0,0.006699
69.67,337.111076,133.0,95.0,324.636971,133.0,94.999764,118.652287,0.0,0.0,125.002793,-0.0,0.000871,911.757211,0.0,0.006462
69.68,338.29144,133.0,95.0,325.880655,133.0,94.999772,117.882908,0.0,0.0,124.368395,-0.0,0.00084,904.862659,-0.0,0.006232
69.69,339.464067,133.0,95.0,327.117868,133.0,94.99978,117.101984,0.0,0.0,123.721296,-0.0,0.00081,897.882258,0.0,0.006011
69.7,340.628843,133.0,95.0,328.348484,133.0,94.999788,116.309655,0.0,0.0,123.061608,-0.0,0.000781,890.817273,-0.0,0.005797
69.71,341.785655,133.0,95.0,329.572379,133.0,94.999795,115.506064,0.0,0.0,122.389449,-0.0,0.000753,883.668992,-0.0,0.005591
69.72,342.934392,133.0,95.0,330.789428,133.0,94.999803,114.691357,0.0,0.0,121.704937,-0.0,0.000727,876.43872,0.0,0.005393
69.73,344.074942,133.0,95.0,331.99951,133.0,94.99981,113.86568,0.0,0.0,121.008192,-0.0,0.000701,869.127785,-0.0,0.005201
69.74,345.207198,133.0,95.0,333.202504,133.0,94.999816,113.029185,0.0,0.0,120.299339,-0.0,0.000676,861.737534,-0.0,0.005017
69.75,346.331052,133.0,95.0,334.398289,133.0,94.999823,112.182025,0.0,0.0,119.578503,-0.0,0.000652,854.269334,-0.0,0.004838
69.76,347.446399,133.0,95.0,335.586747,133.0,94.999829,111.324354,0.0,0.0,118.845813,-0.0,0.000629,846.724573,0.0,0.004667
69.77,348.553134,133.0,95.0,336.767761,133.0,94.999835,110.456331,0.0,0.0,118.101401,-0.0,0.000606,839.104658,-0.0,0.004501
69.78,349.651154,133.0,95.0,337.941215,133.0,94.999841,109.578117,0.0,0.0,117.345399,-0.0,0.000585,831.411017,-0.0,0.004341
69.79,350.74036,133.0,95.0,339.106994,133.0,94.999847,108.689874,0.0,0.0,116.577945,-0.0,0.000564,823.645098,-0.0,0.004187
69.8,351.820651,133.0,95.0,340.264986,133.0,94.999852,107.791767,0.0,0.0,115.799178,-0.0,0.000544,815.808369,-0.0,0.004038
69.81,352.89193,133.0,95.0,341.415078,133.0,94.999857,106.883966,0.0,0.0,115.009237,-0.0,0.000525,807.902319,0.0,0.003895
69.82,353.954102,133.0,95.0,342.557161,133.0,94.999863,105.966641,0.0,0.0,114.208267,-0.0,0.000506,799.928457,-0.0,0.003757
69.83,355.007071,133.0,95.0,343.691125,133.0,94.999867,105.039964,0.0,0.0,113.396415,-0.0,0.000488,791.88831,-0.0,0.003623
69.84,356.050746,133.0,95.0,344.816863,133.0,94.999872,104.104112,0.0,0.0,112.573829,-0.0,0.000471,783.783428,-0.0,0.003494
69.85,357.085035,133.0,95.0,345.93427,133.0,94.999877,103.159263,0.0,0.0,111.740661,-0.0,0.000454,775.615381,-0.0,0.00337
69.86,358.109851,133.0,95.0,347.043241,133.0,94.999881,102.205597,0.0,0.0,110.897064,-0.0,0.000438,767.385756,-0.0,0.003251
69.87,359.125105,133.0,95.0,348.143673,133.0,94.999885,101.243298,0.0,0.0,110.043195,-0.0,0.000422,759.096165,0.0,0.003135
69.88,360.130713,133.0,95.0,349.235465,133.0,94.999889,100.272551,0.0,0.0,109.179213,-0.0,0.000407,750.748235,-0.0,0.003024
69.89,361.126591,133.0,95.0,350.318518,133.0,94.999893,99.293545,0.0,0.0,108.305279,-0.0,0.000393,742.343618,-0.0,0.002916
69.9,362.112658,133.0,95.0,351.392733,133.0,94.999897,98.30647,0.0,0.0,107.421557,-0.0,0.000379,733.883983,-0.0,0.002813
69.91,363.088834,133.0,95.0,352.458015,133.0,94.999901,97.31152,0.0,0.0,106.528214,-0.0,0.000366,725.371021,-0.0,0.002713
69.92,364.055042,133.0,95.0,353.514269,133.0,94.999904,96.308892,0.0,0.0,105.625419,-0.0,0.000353,716.806441,-0.0,0.002617
69.93,365.011206,133.0,95.0,354.561403,133.0,94.999908,95.298782,0.0,0.0,104.713343,-0.0,0.00034,708.191975,-0.0,0.002524
69.94,365.957251,133.0,95.0,355.599325,133.0,94.999911,94.281393,0.0,0.0,103.792161,-0.0,0.000328,699.529373,-0.0,0.002434
69.95,366.893108,133.0,95.0,356.627945,133.0,94.999914,93.256927,0.0,0.0,102.862048,-0.0,0.000316,690.820406,-0.0,0.002348
69.96,367.818705,133.0,95.0,357.647177,133.0,94.999917,92.225591,0.0,0.0,101.923185,-0.0,0.000305,682.066865,0.0,0.002264
69.97,368.733976,133.0,95.0,358.656934,133.0,94.99992,91.187593,0.0,0.0,100.975752,-0.0,0.000294,673.270561,-0.0,0.002184
69.98,369.638855,133.0,95.0,359.657134,133.0,94.999923,90.143145,0.0,0.0,100.019934,-0.0,0.000284,664.433326,-0.0,0.002106
69.99,370.533278,133.0,95.0,360.647693,133.0,94.999926,89.092459,0.0,0.0,99.055918,-0.0,0.000274,655.557011,-0.0,0.002032
70.0,371.417186,133.0,95.0,361.628532,133.0,94.999928,88.035753,0.0,0.0,98.083892,-0.0,0.000264,646.643489,-0.0,0.001959
70.01,372.290517,133.0,95.0,362.599572,133.0,94.999931,86.973244,0.0,0.0,97.104049,-0.0,0.000255,637.694651,-0.0,0.00189
70.02,373.153217,133.0,95.0,363.560738,133.0,94.999933,85.905153,0.0,0.0,96.116582,-0.0,0.000246,628.71241,-0.0,0.001823
70.03,374.005229,133.0,95.0,364.511955,133.0,94.999936,84.831705,0.0,0.0,95.121689,-0.0,0.000237,619.698697,-0.0,0.001758
70.04,374.846503,133.0,95.0,365.453151,133.0,94.999938,83.753126,0.0,0.0,94.119569,-0.0,0.000228,610.655466,-0.0,0.001696
70.05,375.676987,133.0,95.0,366.384255,133.0,94.99994,82.669645,0.0,0.0,93.110423,-0.0,0.00022,601.584689,-0.0,0.001635
70.06,376.496634,133.0,95.0,367.3052,133.0,94.999942,81.581492,0.0,0.0,92.094456,-0.0,0.000212,592.488359,-0.0,0.001577
70.07,377.305398,133.0,95.0,368.215918,133.0,94.999944,80.488901,0.0,0.0,91.071875,-0.0,0.000205,583.368489,-0.0,0.001521
70.08,378.103237,133.0,95.0,369.116347,133.0,94.999946,79.39211,0.0,0.0,90.042889,-0.0,0.000198,574.227113,-0.0,0.001467
70.09,378.89011,133.0,95.0,370.006424,133.0,94.999948,78.291356,0.0,0.0,89.00771,-0.0,0.000191,565.066283,-0.0,0.001415
70.1,379.665978,133.0,95.0,370.88609,133.0,94.99995,77.186881,0.0,0.0,87.966553,-0.0,0.000184,555.888074,-0.0,0.001365
70.11,380.430805,133.0,95.0,371.755286,133.0,94.999952,76.07893,0.0,0.0,86.919634,-0.0,0.000177,546.694579,-0.0,0.001316
70.12,381.184558,133.0,95.0,372.613958,133.0,94.999954,74.967747,0.0,0.0,85.867173,-0.0,0.000171,537.487912,-0.0,0.00127
70.13,381.927206,133.0,95.0,373.462052,133.0,94.999955,73.853584,0.0,0.0,84.809392,-0.0,0.000165,528.270208,0.0,0.001225
70.14,382.658721,133.0,95.0,374.299517,133.0,94.999957,72.73669,0.0,0.0,83.746515,-0.0,0.000159,519.043621,-0.0,0.001181
70.15,383.379076,133.0,95.0,375.126305,133.0,94.999958,71.61732,0.0,0.0,82.67877,-0.0,0.000153,509.810325,-0.0,0.001139
70.16,384.088248,133.0,95.0,375.942368,133.0,94.99996,70.495731,0.0,0.0,81.606385,-0.0,0.000148,500.572515,-0.0,0.001099
70.17,384.786216,133.0,95.0,376.747664,133.0,94.999961,69.372181,0.0,0.0,80.529594,-0.0,0.000143,491.332406,-0.0,0.00106
70.18,385.472962,133.0,95.0,377.542151,133.0,94.999963,68.246932,0.0,0.0,79.448631,-0.0,0.000138,482.092234,-0.0,0.001022
70.19,386.14847,133.0,95.0,378.325788,133.0,94.999964,67.120249,0.0,0.0,78.363732,-0.0,0.000133,472.854252,-0.0,0.000986
70.2,386.812727,133.0,95.0,379.098539,133.0,94.999965,65.992398,0.0,0.0,77.275138,-0.0,0.000128,463.620738,-0.0,0.000951
70.21,387.465723,133.0,95.0,379.86037,133.0,94.999966,64.863648,0.0,0.0,76.183091,-0.0,0.000124,454.393986,-0.0,0.000917
70.22,388.107451,133.0,95.0,380.611249,133.0,94.999968,63.734271,0.0,0.0,75.087834,-0.0,0.000119,445.176312,-0.0,0.000884
70.23,388.737905,133.0,95.0,381.351145,133.0,94.999969,62.604542,0.0,0.0,73.989617,-0.0,0.000115,435.970052,-0.0,0.000853
70.24,389.357083,133.0,95.0,382.080032,133.0,94.99997,61.474736,0.0,0.0,72.888688,-0.0,0.000111,426.777563,-0.0,0.000823
70.25,389.964986,133.0,95.0,382.797885,133.0,94.999971,60.345133,0.0,0.0,71.785299,-0.0,0.000107,417.60122,-0.0,0.000793
70.26,390.561618,133.0,95.0,383.504682,133.0,94.999972,59.216016,0.0,0.0,70.679706,-0.0,0.000103,408.443421,-0.0,0.000765
70.27,391.146984,133.0,95.0,384.200403,133.0,94.999973,58.087668,0.0,0.0,69.572166,-0.0,9.9e-05,399.306582,-0.0,0.000738
70.28,391.721094,133.0,95.0,384.885033,133.0,94.999974,56.960376,0.0,0.0,68.462938,-0.0,9.6e-05,390.19314,-0.0,0.000712
70.29,392.283959,133.0,95.0,385.558556,133.0,94.999975,55.83443,0.0,0.0,67.352285,-0.0,9.3e-05,381.105552,-0.0,0.000687
70.3,392.835595,133.0,95.0,386.22096,133.0,94.999976,54.710122,0.0,0.0,66.240472,-0.0,8.9e-05,372.046295,-0.0,0.000662
70.31,393.37602,133.0,95.0,386.872238,133.0,94.999977,53.587746,0.0,0.0,65.127766,-0.0,8.6e-05,363.017867,-0.0,0.000639
70.32,393.905254,133.0,95.0,387.512382,133.0,94.999977,52.467599,0.0,0.0,64.014437,-0.0,8.3e-05,354.022785,-0.0,0.000616
70.33,394.42332,133.0,95.0,388.14139,133.0,94.999978,51.349981,0.0,0.0,62.900757,-0.0,8e-05,345.063587,-0.0,0.000594
70.34,394.930246,133.0,95.0,388.75926,133.0,94.999979,50.235193,0.0,0.0,61.787002,-0.0,7.7e-05,336.142832,-0.0,0.000573
70.35,395.426062,133.0,95.0,389.365994,133.0,94.99998,49.123541,0.0,0.0,60.67345,-0.0,7.4e-05,327.263096,-0.0,0.000553
70.36,395.9108,133.0,95.0,389.961598,133.0,94.99998,48.015332,0.0,0.0,59.560379,-0.0,7.2e-05,318.42698,-0.0,0.000533
70.37,396.384496,133.0,95.0,390.546079,133.0,94.999981,46.910874,0.0,0.0,58.448073,-0.0,6.9e-05,309.6371,-0.0,0.000514
70.38,396.847189,133.0,95.0,391.119447,133.0,94.999982,45.81048,0.0,0.0,57.336816,-0.0,6.7e-05,300.896097,-0.0,0.000496
70.39,397.298921,133.0,95.0,391.681716,133.0,94.999982,44.714466,0.0,0.0,56.226897,-0.0,6.4e-05,292.206628,-0.0,0.000478
70.4,397.739738,133.0,95.0,392.232902,133.0,94.999983,43.623148,0.0,0.0,55.118605,-0.0,6.2e-05,283.571373,-0.0,0.000461
70.41,398.169688,133.0,95.0,392.773025,133.0,94.999984,42.536845,0.0,0.0,54.012233,-0.0,6e-05,274.993032,-0.0,0.000445
70.42,398.588822,133.0,95.0,393.302105,133.0,94.999984,41.455881,0.0,0.0,52.908076,-0.0,5.8e-05,266.474322,-0.0,0.000429
70.43,398.997196,133.0,95.0,393.82017,133.0,94.999985,40.380579,0.0,0.0,51.806432,-0.0,5.6e-05,258.017986,-0.0,0.000414
70.44,399.394868,133.0,95.0,394.327246,133.0,94.999985,39.311268,0.0,0.0,50.7076,-0.0,5.4e-05,249.626781,-0.0,0.000399
70.45,399.781899,133.0,95.0,394.823364,133.0,94.999986,38.248277,0.0,0.0,49.611885,-0.0,5.2e-05,241.303488,-0.0,0.000385
70.46,400.158354,133.0,95.0,395.30856,133.0,94.999986,37.191939,0.0,0.0,48.519591,-0.0,5e-05,233.050907,-0.0,0.000371
70.47,400.5243,133.0,95.0,395.782871,133.0,94.999987,36.142588,0.0,0.0,47.431025,-0.0,4.8e-05,224.871858,-0.0,0.000358
70.48,400.879811,133.0,95.0,396.246336,133.0,94.999987,35.100562,0.0,0.0,46.346498,-0.0,4.7e-05,216.769183,-0.0,0.000345
70.49,401.224959,133.0,95.0,396.698999,133.0,94.999988,34.0662,0.0,0.0,45.266323,-0.0,4.5e-05,208.745741,-0.0,0.000333
70.5,401.559824,133.0,95.0,397.140907,133.0,94.999988,33.039846,0.0,0.0,44.190815,-0.0,4.3e-05,200.804414,-0.0,0.000321
70.51,401.884486,133.0,95.0,397.57211,133.0,94.999989,32.021845,0.0,0.0,43.120292,-0.0,4.2e-05,192.948103,-0.0,0.00031
70.52,402.199032,133.0,95.0,397.992661,133.0,94.999989,31.012543,0.0,0.0,42.055075,-0.0,4e-05,185.179729,-0.0,0.000299
70.53,402.503549,133.0,95.0,398.402615,133.0,94.999989,30.012291,0.0,0.0,40.995486,-0.0,3.9e-05,177.502232,-0.0,0.000288
70.54,402.798131,133.0,95.0,398.802034,133.0,94.99999,29.021442,0.0,0.0,39.941851,-0.0,3.7e-05,169.918576,-0.0,0.000278
70.55,403.082871,133.0,95.0,399.190979,133.0,94.99999,28.04035,0.0,0.0,38.894497,-0.0,3.6e-05,162.431742,-0.0,0.000268
70.56,403.35787,133.0,95.0,399.569517,133.0,94.999991,27.069374,0.0,0.0,37.853755,-0.0,3.5e-05,155.044732,-0.0,0.000259
70.57,403.623231,133.0,95.0,399.937716,133.0,94.999991,26.108874,0.0,0.0,36.819959,-0.0,3.4e-05,147.760567,-0.0,0.000249
70.58,403.879059,133.0,95.0,400.295651,133.0,94.999991,25.159212,0.0,0.0,35.793443,-0.0,3.2e-05,140.582291,-0.0,0.000241
70.59,404.125464,133.0,95.0,400.643396,133.0,94.999992,24.220753,0.0,0.0,34.774546,-0.0,3.1e-05,133.512965,-0.0,0.000232
70.6,404.362561,133.0,95.0,400.981032,133.0,94.999992,23.293866,0.0,0.0,33.763608,-0.0,3e-05,126.555673,-0.0,0.000224
70.61,404.590467,133.0,95.0,401.308642,133.0,94.999992,22.37892,0.0,0.0,32.760972,-0.0,2.9e-05,119.713517,-0.0,0.000216
70.62,404.809302,133.0,95.0,401.626312,133.0,94.999992,21.476288,0.0,0.0,31.766984,-0.0,2.8e-05,112.989621,-0.0,0.000208
70.63,405.019191,133.0,95.0,401.934132,133.0,94.999993,20.586347,0.0,0.0,30.781993,-0.0,2.7e-05,106.387127,-0.0,0.000201
70.64,405.220264,133.0,95.0,402.232195,133.0,94.999993,19.709473,0.0,0.0,29.806348,-0.0,2.6e-05,99.9092,-0.0,0.000194
70.65,405.412651,133.0,95.0,402.520599,133.0,94.999993,18.846047,0.0,0.0,28.840403,-0.0,2.5e-05,93.559022,-0.0,0.000187
70.66,405.596491,133.0,95.0,402.799444,133.0,94.999993,17.996452,0.0,0.0,27.884513,-0.0,2.4e-05,87.339798,-0.0,0.00018
70.67,405.771921,133.0,95.0,403.068835,133.0,94.999994,17.161073,0.0,0.0,26.939037,-0.0,2.3e-05,81.254751,-0.0,0.000174
70.68,405.939087,133.0,95.0,403.328878,133.0,94.999994,16.340299,0.0,0.0,26.004336,-0.0,2.3e-05,75.307126,-0.0,0.000168
70.69,406.098135,133.0,95.0,403.579686,133.0,94.999994,15.53452,0.0,0.0,25.080773,-0.0,2.2e-05,69.500187,-0.0,0.000162
70.7,406.249218,133.0,95.0,403.821373,133.0,94.999994,14.744129,0.0,0.0,24.168713,-0.0,2.1e-05,63.837218,-0.0,0.000156
70.71,406.392491,133.0,95.0,404.054058,133.0,94.999994,13.969522,0.0,0.0,23.268525,-0.0,2e-05,58.321524,-0.0,0.00015
70.72,406.528114,133.0,95.0,404.277864,133.0,94.999995,13.211096,0.0,0.0,22.38058,-0.0,2e-05,52.956431,-0.0,0.000145
70.73,406.65625,133.0,95.0,404.492916,133.0,94.999995,12.469253,0.0,0.0,21.505251,-0.0,1.9e-05,47.745283,-0.0,0.00014
70.74,406.777066,133.0,95.0,404.699345,133.0,94.999995,11.744395,0.0,0.0,20.642914,-0.0,1.8e-05,42.691445,-0.0,0.000135
70.75,406.890734,133.0,95.0,404.897285,133.0,94.999995,11.036928,0.0,0.0,19.793947,-0.0,1.8e-05,37.798303,-0.0,0.00013
70.76,406.99743,133.0,95.0,405.086872,133.0,94.999995,10.347261,0.0,0.0,18.958732,-0.0,1.7e-05,33.069262,-0.0,0.000126
70.77,407.097334,133.0,95.0,405.268249,133.0,94.999996,9.675804,0.0,0.0,18.137651,-0.0,1.6e-05,28.507748,-0.0,0.000121
70.78,407.190629,133.0,95.0,405.44156,133.0,94.999996,9.02297,0.0,0.0,17.331091,-0.0,1.6e-05,24.117208,-0.0,0.000117
70.79,407.277502,133.0,95.0,405.606954,133.0,94.999996,8.389175,0.0,0.0,16.53944,-0.0,1.5e-05,19.901107,-0.0,0.000113
70.8,407.358147,133.0,95.0,405.764585,133.0,94.999996,7.774838,0.0,0.0,15.76309,-0.0,1.5e-05,15.862931,-0.0,0.000109
70.81,407.43276,133.0,95.0,405.914609,133.0,94.999996,7.180379,0.0,0.0,15.002433,-0.0,1.4e-05,12.006188,-0.0,0.000105
70.82,407.501541,133.0,95.0,406.057188,133.0,94.999996,6.606222,0.0,0.0,14.257866,-0.0,1.4e-05,8.334404,-0.0,0.000101
70.83,407.564694,133.0,95.0,406.192486,133.0,94.999996,6.052793,0.0,0.0,13.529787,-0.0,1.3e-05,4.851125,-0.0,9.7e-05
70.84,407.622429,133.0,95.0,406.320672,133.0,94.999997,5.520519,0.0,0.0,12.818598,-0.0,1.3e-05,1.559919,-0.0,9.4e-05
70.85,407.674959,133.0,95.0,406.441919,133.0,94.999997,5.009833,0.0,0.0,12.124702,-0.0,1.2e-05,-1.535627,-0.0,9.1e-05
70.86,407.722502,133.0,95.0,406.556404,133.0,94.999997,4.521167,0.0,0.0,11.448505,-0.0,1.2e-05,-4.431905,-0.0,8.7e-05
70.87,407.76528,133.0,95.0,406.664308,133.0,94.999997,4.054958,0.0,0.0,10.790416,-0.0,1.1e-05,-7.125289,-0.0,8.4e-05
70.88,407.803518,133.0,95.0,406.765817,133.0,94.999997,3.611644,0.0,0.0,10.150846,-0.0,1.1e-05,-9.61213,-0.0,8.1e-05
70.89,407.837449,133.0,95.0,406.861119,133.0,94.999997,3.191666,0.0,0.0,9.53021,-0.0,1.1e-05,-11.888759,-0.0,7.8e-05
70.9,407.867306,133.0,95.0,406.950408,133.0,94.999997,2.795468,0.0,0.0,8.928922,-0.0,1e-05,-13.95149,-0.0,7.6e-05
70.91,407.893329,133.0,95.0,407.033882,133.0,94.999997,2.423496,0.0,0.0,8.347402,-0.0,1e-05,-15.796614,-0.0,7.3e-05
70.92,407.915762,133.0,95.0,407.111743,133.0,94.999997,2.076198,0.0,0.0,7.786071,-0.0,9e-06,-17.420402,-0.0,7e-05
70.93,407.934855,133.0,95.0,407.184196,133.0,94.999998,1.754026,0.0,0.0,7.245353,-0.0,9e-06,-18.819106,-0.0,6.8e-05
70.94,407.950859,133.0,95.0,407.251453,133.0,94.999998,1.457433,0.0,0.0,6.725675,-0.0,9e-06,-19.988956,-0.0,6.5e-05
70.95,407.964033,133.0,95.0,407.313727,133.0,94.999998,1.186876,0.0,0.0,6.227464,-0.0,9e-06,-20.926164,-0.0,6.3e-05
70.96,407.974638,133.0,95.0,407.371239,133.0,94.999998,0.942814,0.0,0.0,5.751153,-0.0,8e-06,-21.62692,-0.0,6.1e-05
70.97,407.982942,133.0,95.0,407.424211,133.0,94.999998,0.725707,0.0,0.0,5.297176,-0.0,8e-06,-22.087395,-0.0,5.9e-05
70.98,407.989215,133.0,95.0,407.47287,133.0,94.999998,0.53602,0.0,0.0,4.865968,-0.0,8e-06,-22.30374,-0.0,5.7e-05
70.99,407.993734,133.0,95.0,407.51745,133.0,94.999998,0.374219,0.0,0.0,4.457969,-0.0,7e-06,-22.272084,-0.0,5.5e-05
71.0,407.996779,133.0,95.0,407.558186,133.0,94.999998,0.240772,0.0,0.0,4.073621,-0.0,7e-06,-21.988538,-0.0,5.3e-05
71.01,407.998636,133.0,95.0,407.59532,133.0,94.999998,0.136152,0.0,0.0,3.713366,-0.0,7e-06,-21.449192,-0.0,5.1e-05
71.02,407.999594,133.0,95.0,407.629097,133.0,94.999998,0.060832,0.0,0.0,3.377653,-0.0,7e-06,-20.650114,-0.0,4.9e-05
71.03,407.999949,133.0,95.0,407.659766,133.0,94.999998,0.015288,0.0,0.0,3.066929,-0.0,6e-06,-19.587356,-0.0,4.7e-05
71.04,408.0,133.0,95.0,407.687582,133.0,94.999998,0.0,0.0,0.0,2.781646,-0.0,6e-06,-18.256945,-0.0,4.6e-05
71.05,408.0,133.0,95.0,407.712805,133.0,94.999998,0.0,0.0,0.0,2.522259,-0.0,6e-06,-16.654891,-0.0,4.4e-05
71.06,408.0,133.0,95.0,407.735692,133.0,94.999998,0.0,0.0,0.0,2.288684,-0.0,6e-06,-14.858283,-0.0,4.2e-05
71.07,408.0,133.0,95.0,407.756479,133.0,94.999999,0.0,0.0,0.0,2.078717,-0.0,6e-06,-13.185594,-0.0,4.1e-05
71.08,408.0,133.0,95.0,407.775377,133.0,94.999999,0.0,0.0,0.0,1.889858,-0.0,5e-06,-11.699061,-0.0,3.9e-05
71.09,408.0,133.0,95.0,407.792576,133.0,94.999999,0.0,0.0,0.0,1.719878,-0.0,5e-06,-10.378068,-0.0,3.8e-05
71.1,408.0,133.0,95.0,407.808244,133.0,94.999999,0.0,0.0,0.0,1.56679,-0.0,5e-06,-9.204278,-0.0,3.7e-05
71.11,408.0,133.0,95.0,407.822532,133.0,94.999999,0.0,0.0,0.0,1.428818,-0.0,5e-06,-8.161379,-0.0,3.5e-05
71.12,408.0,133.0,95.0,407.835576,133.0,94.999999,0.0,0.0,0.0,1.304382,-0.0,5e-06,-7.234864,-0.0,3.4e-05
71.13,408.0,133.0,95.0,407.847497,133.0,94.999999,0.0,0.0,0.0,1.19207,-0.0,4e-06,-6.411829,-0.0,3.3e-05
71.14,408.0,133.0,95.0,407.858403,133.0,94.999999,0.0,0.0,0.0,1.090621,-0.0,4e-06,-5.680796,-0.0,3.2e-05
71.15,408.0,133.0,95.0,407.868392,133.0,94.999999,0.0,0.0,0.0,0.998911,-0.0,4e-06,-5.031557,-0.0,3.1e-05
71.16,408.0,133.0,95.0,407.877552,133.0,94.999999,0.0,0.0,0.0,0.915935,-0.0,4e-06,-4.455033,-0.0,3e-05
71.17,408.0,133.0,95.0,407.88596,133.0,94.999999,0.0,0.0,0.0,0.840798,-0.0,4e-06,-3.94315,-0.0,2.8e-05
71.18,408.0,133.0,95.0,407.893686,133.0,94.999999,0.0,0.0,0.0,0.772697,-0.0,4e-06,-3.488725,-0.0,2.7e-05
71.19,408.0,133.0,95.0,407.900796,133.0,94.999999,0.0,0.0,0.0,0.710917,-0.0,4e-06,-3.085372,-0.0,2.7e-05
71.2,408.0,133.0,95.0,407.907344,133.0,94.999999,0.0,0.0,0.0,0.654819,-0.0,3e-06,-2.727411,-0.0,2.6e-05
71.21,408.0,133.0,95.0,407.913382,133.0,94.999999,0.0,0.0,0.0,0.60383,-0.0,3e-06,-2.409791,-0.0,2.5e-05
71.22,408.0,133.0,95.0,407.918957,133.0,94.999999,0.0,0.0,0.0,0.557439,-0.0,3e-06,-2.128021,-0.0,2.4e-05
71.23,408.0,133.0,95.0,407.924108,133.0,94.999999,0.0,0.0,0.0,0.515188,-0.0,3e-06,-1.878106,-0.0,2.3e-05
71.24,408.0,133.0,95.0,407.928875,133.0,94.999999,0.0,0.0,-0.0,0.476668,-0.0,3e-06,-1.656495,-0.0,2.2e-05
71.25,408.0,133.0,94.99955,407.93329,133.0,94.999999,0.0,0.0,-0.135277,0.441512,-0.0,3e-06,-1.460029,-0.0,2.1e-05
71.26,408.0,133.0,94.996447,407.937384,133.0,94.999881,0.0,0.0,-0.531818,0.409392,-0.0,-0.011809,-1.285902,-0.0,-0.94491
71.27,408.0,133.0,94.988162,407.941184,133.0,94.998989,0.0,0.0,-1.175872,0.380014,-0.0,-0.089261,-1.131615,-0.0,-6.314284
71.28,408.0,133.0,94.972305,407.944715,133.0,94.996224,0.0,0.0,-2.053925,0.353113,-0.0,-0.276432,-0.994951,-0.0,-15.866232
71.29,408.0,133.0,94.946616,407.948,133.0,94.990233,0.0,0.0,-3.152708,0.328455,-0.0,-0.5991,-0.873936,-0.0,-28.57779
71.3,408.0,133.0,94.908967,407.951058,133.0,94.979521,0.0,0.0,-4.459192,0.305825,-0.0,-1.071183,-0.766815,-0.0,-43.757637
71.31,408.0,133.0,94.857358,407.953909,133.0,94.962532,0.0,0.0,-5.960589,0.285034,-0.0,-1.698904,-0.67203,-0.0,-60.929545
71.32,408.0,133.0,94.789915,407.956568,133.0,94.937697,0.0,0.0,-7.644352,0.265911,-0.0,-2.483502,-0.588194,-0.0,-79.75688
71.33,408.0,133.0,94.704888,407.959051,133.0,94.903467,0.0,0.0,-9.498177,0.248302,-0.0,-3.422986,-0.514076,-0.0,-99.993698
71.34,408.0,133.0,94.600646,407.961371,133.0,94.858335,0.0,0.0,-11.509998,0.232069,-0.0,-4.513276,-0.448581,-0.0,-121.453073
71.35,408.0,133.0,94.47568,407.963542,133.0,94.800845,0.0,0.0,-13.667995,0.217087,-0.0,-5.748949,-0.390737,-0.0,-143.986601
71.36,408.0,133.0,94.328593,407.965575,133.0,94.729608,0.0,0.0,-15.960585,0.203244,-0.0,-7.12372,-0.339677,-0.0,-167.471136
71.37,408.0,133.0,94.158106,407.967479,133.0,94.6433,0.0,0.0,-18.376428,0.19044,-0.0,-8.630757,-0.294636,-0.0,-191.800208
71.38,408.0,133.0,93.963049,407.969265,133.0,94.540671,0.0,0.0,-20.904425,0.178584,-0.0,-10.262894,-0.254929,-0.0,-216.878492
71.39,408.0,133.0,93.742362,407.970941,133.0,94.420544,0.0,0.0,-23.533719,0.167593,-0.0,-12.01276,-0.219951,-0.0,-242.618232
71.4,408.0,133.0,93.495092,407.972515,133.0,94.281815,0.0,0.0,-26.253694,0.157394,-0.0,-13.872877,-0.189163,-0.0,-268.936946
71.41,408.0,133.0,93.220388,407.973994,133.0,94.123458,0.0,0.0,-29.053974,0.147919,-0.0,-15.835717,-0.162087,-0.0,-295.755958
71.42,408.0,133.0,92.917505,407.975385,133.0,93.944521,0.0,0.0,-31.924427,0.139108,-0.0,-17.893745,-0.138299,-0.0,-322.999453
71.43,408.0,133.0,92.585793,407.976694,133.0,93.744126,0.0,0.0,-34.855158,0.130906,-0.0,-20.039451,-0.11742,-0.0,-350.593895
71.44,408.0,133.0,92.224702,407.977927,133.0,93.521472,0.0,0.0,-37.836518,0.123263,-0.0,-22.265365,-0.099117,-0.0,-378.467652
71.45,408.0,133.0,91.833777,407.979088,133.0,93.275832,0.0,0.0,-40.859097,0.116135,-0.0,-24.564079,-0.083091,-0.0,-406.550773
71.46,408.0,133.0,91.412653,407.980183,133.0,93.006549,0.0,0.0,-43.913725,0.109481,-0.0,-26.928255,-0.069079,-0.0,-434.774861
71.47,408.0,133.0,90.961056,407.981216,133.0,92.713043,0.0,0.0,-46.991476,0.103263,-0.0,-29.350636,-0.056848,-0.0,-463.072998
71.48,408.0,133.0,90.4788,407.98219,133.0,92.394802,0.0,0.0,-50.083663,0.097448,-0.0,-31.824052,-0.046189,-0.0,-491.37971
71.49,408.0,133.0,89.965784,407.98311,133.0,92.051388,0.0,0.0,-53.181842,0.092004,-0.0,-34.341433,-0.036918,-0.0,-519.630966
71.5,408.0,133.0,89.421989,407.983979,133.0,91.68243,0.0,0.0,-56.27781,0.086905,-0.0,-36.895806,-0.028871,-0.0,-547.764174
71.51,408.0,133.0,88.847476,407.9848,133.0,91.287627,0.0,0.0,-59.363603,0.082124,-0.0,-39.480308,-0.021905,-0.0,-575.718206
71.52,408.0,133.0,88.242386,407.985577,133.0,90.866745,0.0,0.0,-62.431502,0.077638,-0.0,-42.088187,-0.015889,-0.0,-603.433416
71.53,408.0,133.0,87.606934,407.986311,133.0,90.419617,0.0,0.0,-65.474026,0.073426,-0.0,-44.712809,-0.010712,-0.0,-630.851662
71.54,408.0,133.0,86.941408,407.987006,133.0,89.94614,0.0,0.0,-68.483937,0.069468,-0.0,-47.347663,-0.006271,-0.0,-657.91634
71.55,408.0,133.0,86.246167,407.987663,133.0,89.446276,0.0,0.0,-71.454239,0.065747,-0.0,-49.98636,-0.002477,-0.0,-684.572404
71.56,408.0,133.0,85.521638,407.988286,133.0,88.92005,0.0,0.0,-74.378174,0.062245,-0.0,-52.622645,0.000747,-0.0,-710.766398
71.57,408.0,133.0,84.768314,407.988875,133.0,88.367546,0.0,0.0,-77.24923,0.058949,-0.0,-55.250395,0.003474,-0.0,-736.446484
71.58,408.0,133.0,83.986753,407.989434,133.0,87.78891,0.0,0.0,-80.061132,0.055843,-0.0,-57.863627,0.005764,-0.0,-761.562464
71.59,408.0,133.0,83.177572,407.989963,133.0,87.184345,0.0,0.0,-82.807848,0.052916,-0.0,-60.456496,0.007672,-0.0,-786.065812
71.6,408.0,133.0,82.341447,407.990464,133.0,86.554112,0.0,0.0,-85.483589,0.050155,-0.0,-63.023305,0.009246,-0.0,-809.909696
71.61,408.0,133.0,81.479113,407.99094,133.0,85.898527,0.0,0.0,-88.082803,0.047551,-0.0,-65.558505,0.01053,-0.0,-833.049004
71.62,408.0,133.0,80.591355,407.991391,133.0,85.21796,0.0,0.0,-90.600185,0.045092,-0.0,-68.056696,0.011561,-0.0,-855.440368
71.63,408.0,133.0,79.679012,407.991818,133.0,84.512833,0.0,0.0,-93.030665,0.042769,-0.0,-70.512636,0.012372,-0.0,-877.042185
71.64,408.0,133.0,78.742973,407.992224,133.0,83.783621,0.0,0.0,-95.36942,0.040575,-0.0,-72.92124,0.012993,-0.0,-897.814642
71.65,408.0,133.0,77.78417,407.992609,133.0,83.030845,0.0,0.0,-97.611864,0.038501,-0.0,-75.277582,0.013449,-0.0,-917.719738
71.66,408.0,133.0,76.803583,407.992974,133.0,82.255076,0.0,0.0,-99.753654,0.036539,-0.0,-77.5769,0.013764,-0.0,-936.721302
71.67,408.0,133.0,75.802233,407.993321,133.0,81.45693,0.0,0.0,-101.79069,0.034683,-0.0,-79.8146,0.013956,-0.0,-954.785013
71.68,408.0,133.0,74.781179,407.993651,133.0,80.637068,0.0,0.0,-103.71911,0.032927,-0.0,-81.986256,0.014045,-0.0,-971.878424
71.69,408.0,133.0,73.74152,407.993963,133.0,79.796192,0.0,0.0,-105.535295,0.031265,-0.0,-84.087611,0.014046,-0.0,-987.970975
71.7,408.0,133.0,72.684386,407.99426,133.0,78.935046,0.0,0.0,-107.235867,0.02969,-0.0,-86.114585,0.013971,-0.0,-1003.034014
71.71,408.0,133.0,71.610944,407.994542,133.0,78.054413,0.0,0.0,-108.81769,0.028199,-0.0,-88.063272,0.013834,-0.0,-1017.040816
71.72,408.0,133.0,70.522386,407.99481,133.0,77.155114,0.0,0.0,-110.277868,0.026786,-0.0,-89.929945,0.013643,-0.0,-1029.966595
71.73,408.0,133.0,69.419936,407.995064,133.0,76.238003,0.0,0.0,-111.613748,0.025447,-0.0,-91.711059,0.013409,-0.0,-1041.788524
71.74,408.0,133.0,68.304841,407.995306,133.0,75.30397,0.0,0.0,-112.822916,0.024177,-0.0,-93.403248,0.01314,-0.0,-1052.485751
71.75,408.0,133.0,67.178369,407.995536,133.0,74.353937,0.0,0.0,-113.903201,0.022973,-0.0,-95.003335,0.012841,-0.0,-1062.039409
71.76,408.0,133.0,66.041813,407.995754,133.0,73.388854,0.0,0.0,-114.852673,0.021832,-0.0,-96.508326,0.01252,-0.0,-1070.432638
71.77,408.0,133.0,64.896479,407.995962,133.0,72.4097,0.0,0.0,-115.669643,0.020749,-0.0,-97.915418,0.012182,-0.0,-1077.650592
71.78,408.0,133.0,63.743693,407.996159,133.0,71.41748,0.0,0.0,-116.352662,0.019721,-0.0,-99.221996,0.01183,-0.0,-1083.680458
71.79,408.0,133.0,62.584791,407.996346,133.0,70.413223,0.0,0.0,-116.900526,0.018746,-0.0,-100.42564,0.011469,-0.0,-1088.511465
71.8,408.0,133.0,61.421121,407.996525,133.0,69.397982,0.0,0.0,-117.312268,0.01782,-0.0,-101.524121,0.011103,-0.0,-1092.134898
71.81,408.0,133.0,60.254039,407.996694,133.0,68.372828,0.0,0.0,-117.587165,0.016941,-0.0,-102.515407,0.010733,-0.0,-1094.544112
71.82,408.0,133.0,59.084907,407.996855,133.0,67.338851,0.0,0.0,-117.724734,0.016106,-0.0,-103.397663,0.010363,-0.0,-1095.73454
71.83,408.0,133.0,57.915093,407.997008,133.0,66.297159,0.0,0.0,-117.724734,0.015314,-0.0,-104.169252,0.009994,-0.0,-1095.703707
71.84,408.0,133.0,56.745961,407.997154,133.0,65.248872,0.0,0.0,-117.587165,0.014562,-0.0,-104.828736,0.009628,-0.0,-1094.451241
71.85,408.0,133.0,55.578879,407.997292,133.0,64.195123,0.0,0.0,-117.312268,0.013847,-0.0,-105.37488,0.009268,-0.0,-1091.978881
71.86,408.0,133.0,54.415209,407.997424,133.0,63.137056,0.0,0.0,-116.900526,0.013168,-0.0,-105.806651,0.008913,-0.0,-1088.29049
71.87,408.0,133.0,53.256307,407.997549,133.0,62.075824,0.0,0.0,-116.352662,0.012522,-0.0,-106.12322,0.008565,-0.0,-1083.392062
71.88,408.0,133.0,52.103521,407.997668,133.0,61.012584,0.0,0.0,-115.669643,0.011909,-0.0,-106.323964,0.008224,-0.0,-1077.291735
71.89,408.0,133.0,50.958187,407.997782,133.0,59.9485,0.0,0.0,-114.852673,0.011327,-0.0,-106.408466,0.007892,-0.0,-1069.999796
71.9,408.0,133.0,49.821631,407.997889,133.0,58.884735,0.0,0.0,-113.903201,0.010773,-0.0,-106.376517,0.007569,-0.0,-1061.528693
71.91,408.0,133.0,48.695159,407.997992,133.0,57.822453,0.0,0.0,-112.822916,0.010247,-0.0,-106.228115,0.007255,-0.0,-1051.893041
71.92,408.0,133.0,47.580064,407.998089,133.0,56.762819,0.0,0.0,-111.613748,0.009747,-0.0,-105.963471,0.006951,-0.0,-1041.109632
71.93,408.0,133.0,46.477614,407.998182,133.0,55.706989,0.0,0.0,-110.277868,0.009271,-0.0,-105.583005,0.006656,-0.0,-1029.197441
71.94,408.0,133.0,45.389056,407.99827,133.0,54.656115,0.0,0.0,-108.81769,0.008819,-0.0,-105.08735,0.006371,-0.0,-1016.177637
71.95,408.0,133.0,44.315614,407.998354,133.0,53.611342,0.0,0.0,-107.235867,0.00839,-0.0,-104.477351,0.006095,-0.0,-1002.073586
71.96,408.0,133.0,43.25848,407.998434,133.0,52.573801,0.0,0.0,-105.535295,0.007981,-0.0,-103.754068,0.005829,-0.0,-986.91086
71.97,408.0,133.0,42.218821,407.99851,133.0,51.544613,0.0,0.0,-103.71911,0.007593,-0.0,-102.918775,0.005573,-0.0,-970.717244
71.98,408.0,133.0,41.197767,407.998582,133.0,50.524884,0.0,0.0,-101.79069,0.007223,-0.0,-101.972962,0.005327,-0.0,-953.522745
71.99,408.0,133.0,40.196417,407.998651,133.0,49.5157,0.0,0.0,-99.753654,0.006872,-0.0,-100.918337,0.00509,-0.0,-935.359591
72.0,408.0,133.0,39.21583,407.998716,133.0,48.518132,0.0,0.0,-97.611864,0.006538,-0.0,-99.756823,0.004862,-0.0,-916.262246
72.01,408.0,133.0,38.257027,407.998778,133.0,47.533226,0.0,0.0,-95.36942,0.00622,-0.0,-98.490563,0.004643,-0.0,-896.267408
72.02,408.0,133.0,37.320988,407.998838,133.0,46.562007,0.0,0.0,-93.030665,0.005918,-0.0,-97.121918,0.004433,-0.0,-875.414022
72.03,408.0,133.0,36.408645,407.998894,133.0,45.605472,0.0,0.0,-90.600185,0.00563,-0.0,-95.653469,0.004231,-0.0,-853.74328
72.04,408.0,133.0,35.520887,407.998947,133.0,44.664592,0.0,0.0,-88.082803,0.005357,-0.0,-94.088018,0.004038,-0.0,-831.298627
72.05,408.0,133.0,34.658553,407.998998,133.0,43.740306,0.0,0.0,-85.483589,0.005097,-0.0,-92.428588,0.003853,-0.0,-808.125769
72.06,408.0,133.0,33.822428,407.999047,133.0,42.833522,0.0,0.0,-82.807848,0.00485,-0.0,-90.678423,0.003676,-0.0,-784.272675
72.07,408.0,133.0,33.013247,407.999093,133.0,41.945112,0.0,0.0,-80.061132,0.004614,-0.0,-88.84099,0.003506,-0.0,-759.789583
72.08,408.0,133.0,32.231686,407.999137,133.0,41.075912,0.0,0.0,-77.24923,0.004391,-0.0,-86.919979,0.003344,-0.0,-734.729005
72.09,408.0,133.0,31.478362,407.999179,133.0,40.226719,0.0,0.0,-74.378174,0.004178,-0.0,-84.919303,0.003188,-0.0,-709.14573
72.1,408.0,133.0,30.753833,407.999218,133.0,39.398288,0.0,0.0,-71.454239,0.003975,-0.0,-82.8431,0.00304,-0.0,-683.09683
72.11,408.0,133.0,30.058592,407.999256,133.0,38.591331,0.0,0.0,-68.483937,0.003782,-0.0,-80.695734,0.002898,-0.0,-656.641661
72.12,408.0,133.0,29.393066,407.999292,133.0,37.806513,0.0,0.0,-65.474026,0.003599,-0.0,-78.48179,0.002762,-0.0,-629.841872
72.13,408.0,133.0,28.757614,407.999326,133.0,37.044452,0.0,0.0,-62.431502,0.003425,-0.0,-76.206084,0.002633,-0.0,-602.761403
72.14,408.0,133.0,28.152524,407.999359,133.0,36.305716,0.0,0.0,-59.363603,0.003259,-0.0,-73.873655,0.002509,-0.0,-575.466494
72.15,408.0,133.0,27.578011,407.99939,133.0,35.590818,0.0,0.0,-56.27781,0.003101,-0.0,-71.489769,0.002391,-0.0,-548.025684
72.16,408.0,133.0,27.034216,407.99942,133.0,34.900219,0.0,0.0,-53.181842,0.002951,-0.0,-69.059921,0.002278,-0.0,-520.509818
72.17,408.0,133.0,26.5212,407.999448,133.0,34.234321,0.0,0.0,-50.083663,0.002808,-0.0,-66.589831,0.00217,-0.0,-492.992048
72.18,408.0,133.0,26.038944,407.999474,133.0,33.593466,0.0,0.0,-46.991476,0.002672,-0.0,-64.08545,0.002068,-0.0,-465.547838
72.19,408.0,133.0,25.587347,407.9995,133.0,32.977937,0.0,0.0,-43.913725,0.002543,-0.0,-61.552956,0.00197,-0.0,-438.254965
72.2,408.0,133.0,25.166223,407.999524,133.0,32.387949,0.0,0.0,-40.859097,0.002419,-0.0,-58.998756,0.001876,-0.0,-411.193522
72.21,408.0,133.0,24.775298,407.999547,133.0,31.823654,0.0,0.0,-37.836518,0.002302,-0.0,-56.429485,0.001787,-0.0,-384.445925
72.22,408.0,133.0,24.414207,407.999569,133.0,31.285134,0.0,0.0,-34.855158,0.002191,-0.0,-53.852011,0.001702,-0.0,-358.09691
72.23,408.0,133.0,24.082495,407.99959,133.0,30.7724,0.0,0.0,-31.924427,0.002085,-0.0,-51.273429,0.001621,-0.0,-332.233538
72.24,408.0,133.0,23.779612,407.99961,133.0,30.285389,0.0,0.0,-29.053974,0.001984,-0.0,-48.701065,0.001544,-0.0,-306.9452
72.25,408.0,133.0,23.504908,407.999629,133.0,29.823964,0.0,0.0,-26.253694,0.001888,-0.0,-46.142477,0.00147,-0.0,-282.323616
72.26,408.0,133.0,23.257638,407.999646,133.0,29.38791,0.0,0.0,-23.533719,0.001797,-0.0,-43.605453,0.0014,-0.0,-258.462839
72.27,408.0,133.0,23.036951,407.999664,133.0,28.97693,0.0,0.0,-20.904425,0.00171,-0.0,-41.098012,0.001333,-0.0,-235.459256
72.28,408.0,133.0,22.841894,407.99968,133.0,28.590646,0.0,0.0,-18.376428,0.001627,-0.0,-38.628405,0.001269,-0.0,-213.411592
72.29,408.0,133.0,22.671407,407.999695,133.0,28.228594,0.0,0.0,-15.960585,0.001548,-0.0,-36.205116,0.001208,-0.0,-192.420912
72.3,408.0,133.0,22.52432,407.99971,133.0,27.890226,0.0,0.0,-13.667995,0.001473,-0.0,-33.836859,0.001151,-0.0,-172.59062
72.31,408.0,133.0,22.399354,407.999724,133.0,27.5749,0.0,0.0,-11.509998,0.001402,-0.0,-31.532583,0.001095,-0.0,-154.026467
72.32,408.0,133.0,22.295112,407.999737,133.0,27.281885,0.0,0.0,-9.498177,0.001334,-0.0,-29.301467,0.001043,-0.0,-136.836546
72.33,408.0,133.0,22.210085,407.99975,133.0,27.010356,0.0,0.0,-7.644352,0.00127,-0.0,-27.152925,0.000993,-0.0,-121.131298
72.34,408.0,133.0,22.142642,407.999762,133.0,26.75939,0.0,0.0,-5.960589,0.001208,-0.0,-25.096603,0.000945,-0.0,-107.023515
72.35,408.0,133.0,22.091033,407.999774,133.0,26.527966,0.0,0.0,-4.459192,0.00115,-0.0,-23.142382,0.0009,-0.0,-94.628336
72.36,408.0,133.0,22.053384,407.999785,133.0,26.314963,0.0,0.0,-3.152708,0.001094,-0.0,-21.300375,0.000857,-0.0,-84.063255
72.37,408.0,133.0,22.027695,407.999795,133.0,26.119153,0.0,0.0,-2.053925,0.001041,-0.0,-19.580929,0.000815,-0.0,-75.448119
72.38,408.0,133.0,22.011838,407.999805,133.0,25.939207,0.0,0.0,-1.175872,0.000991,-0.0,-17.994627,0.000776,-0.0,-68.905131
72.39,408.0,133.0,22.003553,407.999814,133.0,25.773684,0.0,0.0,-0.531818,0.000943,-0.0,-16.552285,0.000739,-0.0,-64.558849
72.4,408.0,133.0,22.00045,407.999823,133.0,25.621035,0.0,0.0,-0.135277,0.000897,-0.0,-15.264951,0.000703,-0.0,-62.536192
72.41,408.0,133.0,22.0,407.999832,133.0,25.479595,0.0,0.0,0.0,0.000854,-0.0,-14.143913,0.000669,-0.0,-62.966437
72.42,408.0,133.0,22.0,407.99984,133.0,25.347589,0.0,0.0,0.0,0.000813,-0.0,-13.200689,0.000637,-0.0,-65.981222
72.43,408.0,133.0,22.0,407.999848,133.0,25.223239,0.0,0.0,0.0,0.000773,-0.0,-12.434916,0.000607,-0.0,-70.745076
72.44,408.0,133.0,22.0,407.999855,133.0,25.105231,0.0,0.0,0.0,0.000736,-0.0,-11.800872,0.000577,-0.0,-73.625613
72.45,408.0,133.0,22.0,407.999862,133.0,24.99266,0.0,0.0,0.0,0.0007,-0.0,-11.257083,0.00055,-0.0,-74.505629
72.46,408.0,133.0,22.0,407.999869,133.0,24.884895,0.0,0.0,0.0,0.000667,-0.0,-10.776502,0.000523,-0.0,-74.124318
72.47,408.0,133.0,22.0,407.999875,133.0,24.781481,0.0,0.0,0.0,0.000634,-0.0,-10.341432,0.000498,-0.0,-72.959445
72.48,408.0,133.0,22.0,407.999881,133.0,24.682078,0.0,0.0,0.0,0.000604,-0.0,-9.940246,0.000474,-0.0,-71.319407
72.49,408.0,133.0,22.0,407.999887,133.0,24.586426,0.0,0.0,0.0,0.000574,-0.0,-9.565251,0.000451,-0.0,-69.40289
72.5,408.0,133.0,22.0,407.999892,133.0,24.494312,0.0,0.0,0.0,0.000547,-0.0,-9.211314,0.000429,-0.0,-67.337531
72.51,408.0,133.0,22.0,407.999898,133.0,24.405563,0.0,0.0,0.0,0.00052,-0.0,-8.874962,0.000409,-0.0,-65.204962
72.52,408.0,133.0,22.0,407.999903,133.0,24.320025,0.0,0.0,0.0,0.000495,-0.0,-8.553805,0.000389,-0.0,-63.057045
72.53,408.0,133.0,22.0,407.999907,133.0,24.237563,0.0,0.0,0.0,0.000471,-0.0,-8.246159,0.00037,-0.0,-60.926383
72.54,408.0,133.0,22.0,407.999912,133.0,24.158055,0.0,0.0,0.0,0.000448,-0.0,-7.950803,0.000352,-0.0,-58.83314
72.55,408.0,133.0,22.0,407.999916,133.0,24.081387,0.0,0.0,0.0,0.000427,-0.0,-7.666821,0.000335,-0.0,-56.789449
72.56,408.0,133.0,22.0,407.99992,133.0,24.007452,0.0,0.0,0.0,0.000406,-0.0,-7.393497,0.000319,-0.0,-54.802274
72.57,408.0,133.0,22.0,407.999924,133.0,23.936149,0.0,0.0,0.0,0.000386,-0.0,-7.13025,0.000304,-0.0,-52.875261
72.58,408.0,133.0,22.0,407.999928,133.0,23.867384,0.0,0.0,0.0,0.000368,-0.0,-6.876593,0.000289,-0.0,-51.009937
72.59,408.0,133.0,22.0,407.999931,133.0,23.801063,0.0,0.0,0.0,0.00035,-0.0,-6.6321,0.000275,-0.0,-49.206485
72.6,408.0,133.0,22.0,407.999934,133.0,23.737099,0.0,0.0,0.0,0.000333,-0.0,-6.396391,0.000262,-0.0,-47.464247
72.61,408.0,133.0,22.0,407.999938,133.0,23.675407,0.0,0.0,0.0,0.000317,-0.0,-6.169117,0.000249,-0.0,-45.782045
72.62,408.0,133.0,22.00045,407.999941,133.0,23.615908,0.0,0.0,0.135277,0.000302,-0.0,-5.949958,0.000237,-0.0,-44.158393
72.63,408.0,133.0,22.003553,407.999943,133.0,23.55864,0.0,0.0,0.531818,0.000287,-0.0,-5.726797,0.000226,-0.0,-41.6467
72.64,408.0,133.0,22.011838,407.999946,133.0,23.504185,0.0,0.0,1.175872,0.000273,-0.0,-5.445518,0.000215,-0.0,-34.765705
72.65,408.0,133.0,22.027695,407.999949,133.0,23.453567,0.0,0.0,2.053925,0.00026,-0.0,-5.061772,0.000204,-0.0,-23.755494
72.66,408.0,133.0,22.053384,407.999951,133.0,23.408072,0.0,0.0,3.152708,0.000247,-0.0,-4.549516,0.000194,-0.0,-9.63725
72.67,408.0,133.0,22.091033,407.999954,133.0,23.369126,0.0,0.0,4.459192,0.000235,-0.0,-3.894584,0.000185,-0.0,6.899463
72.68,408.0,133.0,22.142642,407.999956,133.0,23.338221,0.0,0.0,5.960589,0.000224,-0.0,-3.090509,0.000176,-0.0,25.38014
72.69,408.0,133.0,22.210085,407.999958,133.0,23.316863,0.0,0.0,7.644352,0.000213,-0.0,-2.135822,0.000168,-0.0,45.469824
72.7,408.0,133.0,22.295112,407.99996,133.0,23.30654,0.0,0.0,9.498177,0.000203,-0.0,-1.032292,0.00016,-0.0,66.924197
72.71,408.0,133.0,22.399354,407.999962,133.0,23.308702,0.0,0.0,11.509998,0.000193,-0.0,0.216218,0.000152,-0.0,89.557913
72.72,408.0,133.0,22.52432,407.999964,133.0,23.324747,0.0,0.0,13.667995,0.000184,-0.0,1.604492,0.000145,-0.0,113.224094
72.73,408.0,133.0,22.671407,407.999966,133.0,23.356011,0.0,0.0,15.960585,0.000175,-0.0,3.126444,0.000138,-0.0,137.801068
72.74,408.0,133.0,22.841894,407.999967,133.0,23.403766,0.0,0.0,18.376428,0.000166,-0.0,4.775436,0.000131,-0.0,163.183791
72.75,408.0,133.0,23.036951,407.999969,133.0,23.46921,0.0,0.0,20.904425,0.000158,-0.0,6.544485,0.000125,-0.0,189.278311
72.76,408.0,133.0,23.257638,407.99997,133.0,23.553475,0.0,0.0,23.533719,0.000151,-0.0,8.426402,0.000119,-0.0,215.998201
72.77,408.0,133.0,23.504908,407.999972,133.0,23.657613,0.0,0.0,26.253694,0.000143,-0.0,10.41388,0.000113,-0.0,243.26226
72.78,408.0,133.0,23.779612,407.999973,133.0,23.782609,0.0,0.0,29.053974,0.000137,-0.0,12.499558,0.000107,-0.0,270.993045
72.79,408.0,133.0,24.082495,407.999974,133.0,23.92937,0.0,0.0,31.924427,0.00013,-0.0,14.676063,0.000102,-0.0,299.115936
72.8,408.0,133.0,24.414207,407.999976,133.0,24.09873,0.0,0.0,34.855158,0.000124,-0.0,16.936037,9.7e-05,-0.0,327.558544
72.81,408.0,133.0,24.775298,407.999977,133.0,24.291452,0.0,0.0,37.836518,0.000118,-0.0,19.272161,9.3e-05,-0.0,356.250346
72.82,408.0,133.0,25.166223,407.999978,133.0,24.508223,0.0,0.0,40.859097,0.000112,-0.0,21.677172,8.8e-05,-0.0,385.122462
72.83,408.0,133.0,25.587347,407.999979,133.0,24.749662,0.0,0.0,43.913725,0.000107,-0.0,24.14387,8.4e-05,-0.0,414.107526
72.84,408.0,133.0,26.038944,407.99998,133.0,25.016313,0.0,0.0,46.991476,0.000101,-0.0,26.665131,8e-05,-0.0,443.139614
72.85,408.0,133.0,26.5212,407.999981,133.0,25.308652,0.0,0.0,50.083663,9.6e-05,-0.0,29.233917,7.6e-05,-0.0,472.154213
72.86,408.0,133.0,27.034216,407.999982,133.0,25.627085,0.0,0.0,53.181842,9.2e-05,-0.0,31.84328,7.2e-05,-0.0,501.088217
72.87,408.0,133.0,27.578011,407.999983,133.0,25.971949,0.0,0.0,56.27781,8.7e-05,-0.0,34.486369,6.9e-05,-0.0,529.879927
72.88,408.0,133.0,28.152524,407.999984,133.0,26.343513,0.0,0.0,59.363603,8.3e-05,-0.0,37.156437,6.5e-05,-0.0,558.469076
72.89,408.0,133.0,28.757614,407.999984,133.0,26.741982,0.0,0.0,62.431502,7.9e-05,-0.0,39.846843,6.2e-05,-0.0,586.796848
72.9,408.0,133.0,29.393066,407.999985,133.0,27.167492,0.0,0.0,65.474026,7.5e-05,-0.0,42.551061,5.9e-05,-0.0,614.805903
72.91,408.0,133.0,30.058592,407.999986,133.0,27.620119,0.0,0.0,68.483937,7.2e-05,-0.0,45.262684,5.6e-05,-0.0,642.440408
72.92,408.0,133.0,30.753833,407.999987,133.0,28.099873,0.0,0.0,71.454239,6.8e-05,-0.0,47.975424,5.4e-05,-0.0,669.646063
72.93,408.0,133.0,31.478362,407.999987,133.0,28.606705,0.0,0.0,74.378174,6.5e-05,-0.0,50.683123,5.1e-05,-0.0,696.370131
72.94,408.0,133.0,32.231686,407.999988,133.0,29.140502,0.0,0.0,77.24923,6.2e-05,-0.0,53.379751,4.9e-05,-0.0,722.561465
72.95,408.0,133.0,33.013247,407.999988,133.0,29.701096,0.0,0.0,80.061132,5.9e-05,-0.0,56.059413,4.6e-05,-0.0,748.170539
72.96,408.0,133.0,33.822428,407.999989,133.0,30.28826,0.0,0.0,82.807848,5.6e-05,-0.0,58.716355,4.4e-05,-0.0,773.14947
72.97,408.0,133.0,34.658553,407.99999,133.0,30.901709,0.0,0.0,85.483589,5.3e-05,-0.0,61.344961,4.2e-05,-0.0,797.452047
72.98,408.0,133.0,35.520887,407.99999,133.0,31.541107,0.0,0.0,88.082803,5.1e-05,-0.0,63.939763,4e-05,-0.0,821.03376
72.99,408.0,133.0,36.408645,407.999991,133.0,32.206061,0.0,0.0,90.600185,4.8e-05,-0.0,66.49544,3.8e-05,-0.0,843.851816
73.0,408.0,133.0,37.320988,407.999991,133.0,32.89613,0.0,0.0,93.030665,4.6e-05,-0.0,69.006825,3.6e-05,-0.0,865.865173
73.01,408.0,133.0,38.257027,407.999991,133.0,33.610819,0.0,0.0,95.36942,4.4e-05,-0.0,71.468904,3.4e-05,-0.0,887.034556
73.02,408.0,133.0,39.21583,407.999992,133.0,34.349587,0.0,0.0,97.611864,4.2e-05,-0.0,73.876822,3.3e-05,-0.0,907.322481
73.03,408.0,133.0,40.196417,407.999992,133.0,35.111846,0.0,0.0,99.753654,4e-05,-0.0,76.225885,3.1e-05,-0.0,926.693279
73.04,408.0,133.0,41.197767,407.999993,133.0,35.896961,0.0,0.0,101.79069,3.8e-05,-0.0,78.511563,3e-05,-0.0,945.113112
73.05,408.0,133.0,42.218821,407.999993,133.0,36.704256,0.0,0.0,103.71911,3.6e-05,-0.0,80.729493,2.8e-05,-0.0,962.549997
73.06,408.0,133.0,43.25848,407.999993,133.0,37.533011,0.0,0.0,105.535295,3.4e-05,-0.0,82.875479,2.7e-05,-0.0,978.973825
73.07,408.0,133.0,44.315614,407.999994,133.0,38.382466,0.0,0.0,107.235867,3.2e-05,-0.0,84.945499,2.6e-05,-0.0,994.356377
73.08,408.0,133.0,45.389056,407.999994,133.0,39.251823,0.0,0.0,108.81769,3.1e-05,-0.0,86.935703,2.4e-05,-0.0,1008.671344
73.09,408.0,133.0,46.477614,407.999994,133.0,40.140247,0.0,0.0,110.277868,2.9e-05,-0.0,88.84242,2.3e-05,-0.0,1021.894346
73.1,408.0,133.0,47.580064,407.999994,133.0,41.046869,0.0,0.0,111.613748,2.8e-05,-0.0,90.662154,2.2e-05,-0.0,1034.002942
73.11,408.0,133.0,48.695159,407.999995,133.0,41.970785,0.0,0.0,112.822916,2.7e-05,-0.0,92.391593,2.1e-05,-0.0,1044.976655
73.12,408.0,133.0,49.821631,407.999995,133.0,42.911061,0.0,0.0,113.903201,2.5e-05,-0.0,94.027606,2e-05,-0.0,1054.796981
73.13,408.0,133.0,50.958187,407.999995,133.0,43.866733,0.0,0.0,114.852673,2.4e-05,-0.0,95.567248,1.9e-05,-0.0,1063.447408
73.14,408.0,133.0,52.103521,407.999995,133.0,44.836811,0.0,0.0,115.669643,2.3e-05,-0.0,97.00776,1.8e-05,-0.0,1070.913426
73.15,408.0,133.0,53.256307,407.999996,133.0,45.820277,0.0,0.0,116.352662,2.2e-05,-0.0,98.346572,1.7e-05,-0.0,1077.182547
73.16,408.0,133.0,54.415209,407.999996,133.0,46.81609,0.0,0.0,116.900526,2.1e-05,-0.0,99.581304,1.6e-05,-0.0,1082.244311
73.17,408.0,133.0,55.578879,407.999996,133.0,47.823187,0.0,0.0,117.312268,2e-05,-0.0,100.70977,1.6e-05,-0.0,1086.090308
73.18,408.0,133.0,56.745961,407.999996,133.0,48.840487,0.0,0.0,117.587165,1.9e-05,-0.0,101.729976,1.5e-05,-0.0,1088.714181
73.19,408.0,133.0,57.915093,407.999996,133.0,49.866888,0.0,0.0,117.724734,1.8e-05,-0.0,102.640125,1.4e-05,-0.0,1090.111645
73.2,408.0,133.0,59.084907,407.999997,133.0,50.901275,0.0,0.0,117.724734,1.7e-05,-0.0,103.438615,1.3e-05,-0.0,1090.280496
73.21,408.0,133.0,60.254039,407.999997,133.0,51.942515,0.0,0.0,117.587165,1.6e-05,-0.0,104.124046,1.3e-05,-0.0,1089.220622
73.22,408.0,133.0,61.421121,407.999997,133.0,52.989467,0.0,0.0,117.312268,1.5e-05,-0.0,104.695215,1.2e-05,-0.0,1086.934015
73.23,408.0,133.0,62.584791,407.999997,133.0,54.040978,0.0,0.0,116.900526,1.5e-05,-0.0,105.151123,1.2e-05,-0.0,1083.42478
73.24,408.0,133.0,63.743693,407.999997,133.0,55.095888,0.0,0.0,116.352662,1.4e-05,-0.0,105.490972,1.1e-05,-0.0,1078.699147
73.25,408.0,133.0,64.896479,407.999997,133.0,56.15303,0.0,0.0,115.669643,1.3e-05,-0.0,105.714169,1e-05,-0.0,1072.765478
73.26,408.0,133.0,66.041813,407.999998,133.0,57.211233,0.0,0.0,114.852673,1.3e-05,-0.0,105.820327,1e-05,-0.0,1065.634278
73.27,408.0,133.0,67.178369,407.999998,133.0,58.269326,0.0,0.0,113.903201,1.2e-05,-0.0,105.809263,9e-06,-0.0,1057.318206
73.28,408.0,133.0,68.304841,407.999998,133.0,59.326136,0.0,0.0,112.822916,1.1e-05,-0.0,105.681006,9e-06,-0.0,1047.83208
73.29,408.0,133.0,69.419936,407.999998,133.0,60.380494,0.0,0.0,111.613748,1.1e-05,-0.0,105.435792,9e-06,-0.0,1037.192886
73.3,408.0,133.0,70.522386,407.999998,133.0,61.431234,0.0,0.0,110.277868,1e-05,-0.0,105.074065,8e-06,-0.0,1025.419789
73.31,408.0,133.0,71.610944,407.999998,133.0,62.477199,0.0,0.0,108.81769,1e-05,-0.0,104.596484,8e-06,-0.0,1012.53414
73.32,408.0,133.0,72.684386,407.999998,133.0,63.517238,0.0,0.0,107.235867,9e-06,-0.0,104.003917,7e-06,-0.0,998.559478
73.33,408.0,133.0,73.74152,407.999998,133.0,64.550213,0.0,0.0,105.535295,9e-06,-0.0,103.297446,7e-06,-0.0,983.521548
73.34,408.0,133.0,74.781179,407.999998,133.0,65.574997,0.0,0.0,103.71911,9e-06,-0.0,102.478369,7e-06,-0.0,967.448296
73.35,408.0,133.0,75.802233,407.999998,133.0,66.590479,0.0,0.0,101.79069,8e-06,-0.0,101.548197,6e-06,-0.0,950.369885
73.36,408.0,133.0,76.803583,407.999998,133.0,67.595565,0.0,0.0,99.753654,8e-06,-0.0,100.508656,6e-06,-0.0,932.318698
73.37,408.0,133.0,77.78417,407.999999,133.0,68.589182,0.0,0.0,97.611864,7e-06,-0.0,99.361691,6e-06,-0.0,913.329343
73.38,408.0,133.0,78.742973,407.999999,133.0,69.570277,0.0,0.0,95.36942,7e-06,-0.0,98.109463,5e-06,-0.0,893.43866
73.39,408.0,133.0,79.679012,407.999999,133.0,70.53782,0.0,0.0,93.030665,7e-06,-0.0,96.754351,5e-06,-0.0,872.685731
73.4,408.0,133.0,80.591355,407.999999,133.0,71.49081,0.0,0.0,90.600185,6e-06,-0.0,95.298956,5e-06,-0.0,851.111877
73.41,408.0,133.0,81.479113,407.999999,133.0,72.428271,0.0,0.0,88.082803,6e-06,-0.0,93.746095,5e-06,-0.0,828.760672
73.42,408.0,133.0,82.341447,407.999999,133.0,73.349259,0.0,0.0,85.483589,6e-06,-0.0,92.098807,5e-06,-0.0,805.677943
73.43,408.0,133.0,83.177572,407.999999,133.0,74.252862,0.0,0.0,82.807848,5e-06,-0.0,90.360354,4e-06,-0.0,781.911778
73.44,408.0,133.0,83.986753,407.999999,133.0,75.138204,0.0,0.0,80.061132,5e-06,-0.0,88.534216,4e-06,-0.0,757.512528
73.45,408.0,133.0,84.768314,407.999999,133.0,76.004445,0.0,0.0,77.24923,5e-06,-0.0,86.624099,4e-06,-0.0,732.532814
73.46,408.0,133.0,85.521638,407.999999,133.0,76.850785,0.0,0.0,74.378174,5e-06,-0.0,84.633931,4e-06,-0.0,707.027532
73.47,408.0,133.0,86.246167,407.999999,133.0,77.676463,0.0,0.0,71.454239,4e-06,-0.0,82.567863,4e-06,-0.0,681.053854
73.48,408.0,133.0,86.941408,407.999999,133.0,78.480766,0.0,0.0,68.483937,4e-06,-0.0,80.43027,3e-06,-0.0,654.671237
73.49,408.0,133.0,87.606934,407.999999,133.0,79.263024,0.0,0.0,65.474026,4e-06,-0.0,78.225754,3e-06,-0.0,627.941423
73.5,408.0,133.0,88.242386,407.999999,133.0,80.022615,0.0,0.0,62.431502,4e-06,-0.0,75.959141,3e-06,-0.0,600.928444
73.51,408.0,133.0,88.847476,407.999999,133.0,80.75897,0.0,0.0,59.363603,4e-06,-0.0,73.635481,3e-06,-0.0,573.698628
73.52,408.0,133.0,89.421989,407.999999,133.0,81.47157,0.0,0.0,56.27781,3e-06,-0.0,71.260053,3e-06,-0.0,546.3206
73.53,408.0,133.0,89.965784,407.999999,133.0,82.159954,0.0,0.0,53.181842,3e-06,-0.0,68.838363,3e-06,-0.0,518.865286
73.54,408.0,133.0,90.4788,407.999999,133.0,82.823715,0.0,0.0,50.083663,3e-06,-0.0,66.376141,2e-06,-0.0,491.405918
73.55,408.0,133.0,90.961056,407.999999,133.0,83.462509,0.0,0.0,46.991476,3e-06,-0.0,63.879349,2e-06,-0.0,464.018035
73.56,408.0,133.0,91.412653,407.999999,133.0,84.076051,0.0,0.0,43.913725,3e-06,-0.0,61.354174,2e-06,-0.0,436.779489
73.57,408.0,133.0,91.833777,407.999999,133.0,84.664121,0.0,0.0,40.859097,3e-06,-0.0,58.807033,2e-06,-0.0,409.770445
73.58,408.0,133.0,92.224702,407.999999,133.0,85.226567,0.0,0.0,37.836518,3e-06,-0.0,56.244571,2e-06,-0.0,383.073385
73.59,408.0,133.0,92.585793,408.0,133.0,85.763303,0.0,0.0,34.855158,2e-06,-0.0,53.673664,2e-06,-0.0,356.773112
73.6,408.0,133.0,92.917505,408.0,133.0,86.274317,0.0,0.0,31.924427,2e-06,-0.0,51.101415,2e-06,-0.0,330.956752
73.61,408.0,133.0,93.220388,408.0,133.0,86.759669,0.0,0.0,29.053974,2e-06,-0.0,48.53516,2e-06,-0.0,305.713756
73.62,408.0,133.0,93.495092,408.0,133.0,87.219494,0.0,0.0,26.253694,2e-06,-0.0,45.982464,2e-06,-0.0,281.135904
73.63,408.0,133.0,93.742362,408.0,133.0,87.654005,0.0,0.0,23.533719,2e-06,-0.0,43.451122,2e-06,-0.0,257.317305
73.64,408.0,133.0,93.963049,408.0,133.0,88.063497,0.0,0.0,20.904425,2e-06,-0.0,40.949162,2e-06,-0.0,234.354403
73.65,408.0,133.0,94.158106,408.0,133.0,88.448345,0.0,0.0,18.376428,2e-06,-0.0,38.484841,1e-06,-0.0,212.345976
73.66,408.0,133.0,94.328593,408.0,133.0,88.809011,0.0,0.0,15.960585,2e-06,-0.0,36.06665,1e-06,-0.0,191.393138
73.67,408.0,133.0,94.47568,408.0,133.0,89.146045,0.0,0.0,13.667995,2e-06,-0.0,33.703311,1e-06,-0.0,171.599346
73.68,408.0,133.0,94.600646,408.0,133.0,89.460082,0.0,0.0,11.509998,2e-06,-0.0,31.403777,1e-06,-0.0,153.070395
73.69,408.0,133.0,94.704888,408.0,133.0,89.751855,0.0,0.0,9.498177,2e-06,-0.0,29.177235,1e-06,-0.0,135.914427
73.7,408.0,133.0,94.789915,408.0,133.0,90.022186,0.0,0.0,7.644352,1e-06,-0.0,27.033105,1e-06,-0.0,120.241926
73.71,408.0,133.0,94.857358,408.0,133.0,90.271996,0.0,0.0,5.960589,1e-06,-0.0,24.981038,1e-06,-0.0,106.165727
73.72,408.0,133.0,94.908967,408.0,133.0,90.502305,0.0,0.0,4.459192,1e-06,-0.0,23.030921,1e-06,-0.0,93.80101
73.73,408.0,133.0,94.946616,408.0,133.0,90.714234,0.0,0.0,3.152708,1e-06,-0.0,21.192872,1e-06,-0.0,83.26531
73.74,408.0,133.0,94.972305,408.0,133.0,90.909006,0.0,0.0,2.053925,1e-06,-0.0,19.477245,1e-06,-0.0,74.678511
73.75,408.0,133.0,94.988162,408.0,133.0,91.087953,0.0,0.0,1.175872,1e-06,-0.0,17.894625,1e-06,-0.0,68.162853
73.76,408.0,133.0,94.996447,408.0,133.0,91.252511,0.0,0.0,0.531818,1e-06,-0.0,16.455833,1e-06,-0.0,63.842932
73.77,408.0,133.0,94.99955,408.0,133.0,91.40423,0.0,0.0,0.135277,1e-06,-0.0,15.171925,1e-06,-0.0,61.845699
73.78,408.0,133.0,95.0,408.0,133.0,91.544772,0.0,0.0,0.0,1e-06,-0.0,14.054191,1e-06,-0.0,62.300465
73.79,408.0,133.0,95.0,408.0,133.0,91.675914,0.0,0.0,0.0,1e-06,-0.0,13.114153,1e-06,-0.0,65.338901
73.8,408.0,133.0,95.0,408.0,133.0,91.799428,0.0,0.0,0.0,1e-06,-0.0,12.351453,1e-06,-0.0,70.125565
73.81,408.0,133.0,95.0,408.0,133.0,91.916632,0.0,0.0,0.0,1e-06,-0.0,11.720373,1e-06,-0.0,73.028103
73.82,408.0,133.0,95.0,408.0,133.0,92.028426,0.0,0.0,0.0,1e-06,-0.0,11.179443,1e-06,-0.0,73.929338
73.83,408.0,133.0,95.0,408.0,133.0,92.135443,0.0,0.0,0.0,1e-06,-0.0,10.701619,1e-06,-0.0,73.568493
73.84,408.0,133.0,95.0,408.0,133.0,92.238135,0.0,0.0,0.0,1e-06,-0.0,10.269209,1e-06,-0.0,72.423358
73.85,408.0,133.0,95.0,408.0,133.0,92.336841,0.0,0.0,0.0,1e-06,-0.0,9.870587,1e-06,-0.0,70.802358
73.86,408.0,133.0,95.0,408.0,133.0,92.431821,0.0,0.0,0.0,1e-06,-0.0,9.498066,1e-06,-0.0,68.904203
73.87,408.0,133.0,95.0,408.0,133.0,92.523286,0.0,0.0,0.0,1e-06,-0.0,9.146515,0.0,-0.0,66.856553
73.88,408.0,133.0,95.0,408.0,133.0,92.611411,0.0,0.0,0.0,1e-06,-0.0,8.812464,0.0,-0.0,64.741065
73.89,408.0,133.0,95.0,408.0,133.0,92.696346,0.0,0.0,0.0,1e-06,-0.0,8.493526,0.0,-0.0,62.609622
73.9,408.0,133.0,95.0,408.0,133.0,92.778227,0.0,0.0,0.0,1e-06,-0.0,8.188021,0.0,-0.0,60.49485
73.91,408.0,133.0,95.0,408.0,133.0,92.857174,0.0,0.0,0.0,1e-06,-0.0,7.89473,0.0,-0.0,58.416932
73.92,408.0,133.0,95.0,408.0,133.0,92.933301,0.0,0.0,0.0,0.0,-0.0,7.612739,0.0,-0.0,56.388021
73.93,408.0,133.0,95.0,408.0,133.0,93.006715,0.0,0.0,0.0,0.0,-0.0,7.341335,0.0,-0.0,54.415102
73.94,408.0,133.0,95.0,408.0,133.0,93.077514,0.0,0.0,0.0,0.0,-0.0,7.079941,0.0,-0.0,52.501838
73.95,408.0,133.0,95.0,408.0,133.0,93.145795,0.0,0.0,0.0,0.0,-0.0,6.828071,0.0,-0.0,50.649776
73.96,408.0,133.0,95.0,408.0,133.0,93.211648,0.0,0.0,0.0,0.0,-0.0,6.585301,0.0,-0.0,48.859114
73.97,408.0,133.0,95.0,408.0,133.0,93.27516,0.0,0.0,0.0,0.0,-0.0,6.351254,0.0,-0.0,47.129212
