pair_a,pair_b,bbox_overlap_candidate,exact_overlap_volume_mm3,minimum_distance_mm,clearance_threshold_mm,audit_status,notes
base_plate_1200x900x15,xz_adapter_plate_simplified,no,,197.500000,5.0,ok,
base_plate_1200x900x15,label_plate_INPUT_1,yes,,,5.0,allowed_mount_contact,whitelisted expected mount/contact pair
base_plate_1200x900x15,label_plate_INPUT_2,yes,,,5.0,allowed_mount_contact,whitelisted expected mount/contact pair
base_plate_1200x900x15,label_plate_INPUT_3,yes,,,5.0,allowed_mount_contact,whitelisted expected mount/contact pair
base_plate_1200x900x15,label_plate_INPUT_4,yes,,,5.0,allowed_mount_contact,whitelisted expected mount/contact pair
base_plate_1200x900x15,scan_tube_holder,no,,3.000000,5.0,allowed_mount_contact,whitelisted expected mount/contact pair
base_plate_1200x900x15,barcode_scanner_mount_bracket,no,,19.000000,5.0,ok,
base_plate_1200x900x15,photoelectric_sensor_mount_bracket,no,,14.000000,5.0,ok,
base_plate_1200x900x15,label_plate_SCAN,yes,,,5.0,allowed_mount_contact,whitelisted expected mount/contact pair
base_plate_1200x900x15,label_plate_A,yes,,,5.0,allowed_mount_contact,whitelisted expected mount/contact pair
base_plate_1200x900x15,label_plate_B,yes,,,5.0,allowed_mount_contact,whitelisted expected mount/contact pair
base_plate_1200x900x15,label_plate_C,yes,,,5.0,allowed_mount_contact,whitelisted expected mount/contact pair
base_plate_1200x900x15,label_plate_D,yes,,,5.0,allowed_mount_contact,whitelisted expected mount/contact pair
base_plate_1200x900x15,label_plate_REVIEW,yes,,,5.0,allowed_mount_contact,whitelisted expected mount/contact pair
base_plate_1200x900x15,control_box_placeholder,yes,,,5.0,allowed_mount_contact,whitelisted expected mount/contact pair
base_plate_1200x900x15,emergency_stop_placeholder,no,,7.000000,5.0,ok,
base_plate_1200x900x15,cable_chain_path_placeholder,no,,50.000000,5.0,ok,
base_plate_1200x900x15,transparent_guard_frame_placeholder,yes,,,5.0,allowed_mount_contact,whitelisted expected mount/contact pair
base_plate_1200x900x15,limit_switch_placeholder_1,no,,76.000000,5.0,ok,
base_plate_1200x900x15,limit_switch_placeholder_2,no,,76.000000,5.0,ok,
base_plate_1200x900x15,limit_switch_placeholder_3,no,,76.000000,5.0,ok,
base_plate_1200x900x15,limit_switch_placeholder_4,no,,76.000000,5.0,ok,
base_plate_1200x900x15,left_y_axis_module,no,,2.059842,5.0,allowed_mount_contact,whitelisted expected mount/contact pair
base_plate_1200x900x15,right_y_axis_module,no,,2.059842,5.0,allowed_mount_contact,whitelisted expected mount/contact pair
base_plate_1200x900x15,x_axis_module_on_gantry,no,,194.820176,5.0,ok,
base_plate_1200x900x15,z_axis_module,no,,151.500000,5.0,ok,
base_plate_1200x900x15,electric_parallel_gripper,no,,69.000000,5.0,ok,
base_plate_1200x900x15,input_box_1,yes,,,5.0,allowed_mount_contact,whitelisted expected mount/contact pair
base_plate_1200x900x15,input_box_2,yes,,,5.0,allowed_mount_contact,whitelisted expected mount/contact pair
base_plate_1200x900x15,input_box_3,yes,,,5.0,allowed_mount_contact,whitelisted expected mount/contact pair
base_plate_1200x900x15,input_box_4,yes,,,5.0,allowed_mount_contact,whitelisted expected mount/contact pair
base_plate_1200x900x15,barcode_scanner,no,,72.400000,5.0,ok,
base_plate_1200x900x15,photoelectric_sensor,no,,55.000000,5.0,ok,
base_plate_1200x900x15,category_A_output_box_4x6,yes,,,5.0,allowed_mount_contact,whitelisted expected mount/contact pair
base_plate_1200x900x15,category_B_output_box_4x6,yes,,,5.0,allowed_mount_contact,whitelisted expected mount/contact pair
base_plate_1200x900x15,category_C_output_box_4x6,yes,,,5.0,allowed_mount_contact,whitelisted expected mount/contact pair
base_plate_1200x900x15,category_D_output_box_4x6,yes,,,5.0,allowed_mount_contact,whitelisted expected mount/contact pair
base_plate_1200x900x15,manual_review_bin_2x3,yes,,,5.0,allowed_mount_contact,whitelisted expected mount/contact pair
base_plate_1200x900x15,input_box_1_demo_tube_01_purple75,no,,25.000000,5.0,ok,
base_plate_1200x900x15,input_box_1_demo_tube_02_yellow100,no,,25.000000,5.0,ok,
base_plate_1200x900x15,input_box_1_demo_tube_03_blue75,no,,25.000000,5.0,ok,
base_plate_1200x900x15,input_box_1_demo_tube_04_red75,no,,25.000000,5.0,ok,
base_plate_1200x900x15,input_box_1_demo_tube_05_purple75,no,,25.000000,5.0,ok,
base_plate_1200x900x15,input_box_2_demo_tube_01_purple75,no,,25.000000,5.0,ok,
base_plate_1200x900x15,input_box_2_demo_tube_02_yellow100,no,,25.000000,5.0,ok,
base_plate_1200x900x15,input_box_2_demo_tube_03_blue75,no,,25.000000,5.0,ok,
base_plate_1200x900x15,input_box_2_demo_tube_04_red75,no,,25.000000,5.0,ok,
base_plate_1200x900x15,input_box_2_demo_tube_05_purple75,no,,25.000000,5.0,ok,
base_plate_1200x900x15,input_box_3_demo_tube_01_purple75,no,,25.000000,5.0,ok,
base_plate_1200x900x15,input_box_3_demo_tube_02_yellow100,no,,25.000000,5.0,ok,
base_plate_1200x900x15,input_box_3_demo_tube_03_blue75,no,,25.000000,5.0,ok,
base_plate_1200x900x15,input_box_3_demo_tube_04_red75,no,,25.000000,5.0,ok,
base_plate_1200x900x15,input_box_3_demo_tube_05_purple75,no,,25.000000,5.0,ok,
base_plate_1200x900x15,input_box_4_demo_tube_01_purple75,no,,25.000000,5.0,ok,
base_plate_1200x900x15,input_box_4_demo_tube_02_yellow100,no,,25.000000,5.0,ok,
base_plate_1200x900x15,input_box_4_demo_tube_03_blue75,no,,25.000000,5.0,ok,
base_plate_1200x900x15,input_box_4_demo_tube_04_red75,no,,25.000000,5.0,ok,
base_plate_1200x900x15,input_box_4_demo_tube_05_purple75,no,,25.000000,5.0,ok,
base_plate_1200x900x15,scan_station_demo_tube_yellow100,no,,24.000000,5.0,ok,
base_plate_1200x900x15,category_A_classified_tube_01_purple75,no,,25.000000,5.0,ok,
base_plate_1200x900x15,category_A_classified_tube_02_purple75,no,,25.000000,5.0,ok,
base_plate_1200x900x15,category_A_classified_tube_03_purple75,no,,25.000000,5.0,ok,
base_plate_1200x900x15,category_B_classified_tube_01_yellow100,no,,25.000000,5.0,ok,
base_plate_1200x900x15,category_B_classified_tube_02_yellow100,no,,25.000000,5.0,ok,
base_plate_1200x900x15,category_B_classified_tube_03_yellow100,no,,25.000000,5.0,ok,
base_plate_1200x900x15,category_C_classified_tube_01_blue75,no,,25.000000,5.0,ok,
base_plate_1200x900x15,category_C_classified_tube_02_blue75,no,,25.000000,5.0,ok,
base_plate_1200x900x15,category_C_classified_tube_03_blue75,no,,25.000000,5.0,ok,
base_plate_1200x900x15,category_D_classified_tube_01_red75,no,,25.000000,5.0,ok,
base_plate_1200x900x15,category_D_classified_tube_02_red75,no,,25.000000,5.0,ok,
base_plate_1200x900x15,category_D_classified_tube_03_red75,no,,25.000000,5.0,ok,
xz_adapter_plate_simplified,label_plate_INPUT_1,no,,337.865761,5.0,ok,
xz_adapter_plate_simplified,label_plate_INPUT_2,no,,251.976730,5.0,ok,
xz_adapter_plate_simplified,label_plate_INPUT_3,no,,215.942701,5.0,ok,
xz_adapter_plate_simplified,label_plate_INPUT_4,no,,246.899453,5.0,ok,
xz_adapter_plate_simplified,scan_tube_holder,no,,202.779616,5.0,ok,
xz_adapter_plate_simplified,barcode_scanner_mount_bracket,no,,166.228946,5.0,ok,
xz_adapter_plate_simplified,photoelectric_sensor_mount_bracket,no,,148.409274,5.0,ok,
xz_adapter_plate_simplified,label_plate_SCAN,no,,185.232961,5.0,ok,
xz_adapter_plate_simplified,label_plate_A,no,,218.666807,5.0,ok,
xz_adapter_plate_simplified,label_plate_B,no,,367.090142,5.0,ok,
xz_adapter_plate_simplified,label_plate_C,no,,246.891758,5.0,ok,
xz_adapter_plate_simplified,label_plate_D,no,,384.571892,5.0,ok,
xz_adapter_plate_simplified,label_plate_REVIEW,no,,424.053464,5.0,ok,
xz_adapter_plate_simplified,control_box_placeholder,no,,568.686920,5.0,ok,
xz_adapter_plate_simplified,emergency_stop_placeholder,no,,617.348435,5.0,ok,
xz_adapter_plate_simplified,cable_chain_path_placeholder,no,,288.250000,5.0,ok,
xz_adapter_plate_simplified,transparent_guard_frame_placeholder,no,,26.500000,5.0,ok,
xz_adapter_plate_simplified,limit_switch_placeholder_1,no,,616.733849,5.0,ok,
xz_adapter_plate_simplified,limit_switch_placeholder_2,no,,592.266885,5.0,ok,
xz_adapter_plate_simplified,limit_switch_placeholder_3,no,,607.142191,5.0,ok,
xz_adapter_plate_simplified,limit_switch_placeholder_4,no,,582.272327,5.0,ok,
xz_adapter_plate_simplified,left_y_axis_module,no,,440.550029,5.0,ok,
xz_adapter_plate_simplified,right_y_axis_module,no,,468.448991,5.0,ok,
xz_adapter_plate_simplified,x_axis_module_on_gantry,yes,,,5.0,allowed_mount_contact,whitelisted expected mount/contact pair
xz_adapter_plate_simplified,z_axis_module,yes,,,5.0,allowed_mount_contact,whitelisted expected mount/contact pair
xz_adapter_plate_simplified,electric_parallel_gripper,no,,45.500000,5.0,ok,
xz_adapter_plate_simplified,input_box_1,no,,325.985142,5.0,ok,
xz_adapter_plate_simplified,input_box_2,no,,265.671437,5.0,ok,
xz_adapter_plate_simplified,input_box_3,no,,255.658464,5.0,ok,
xz_adapter_plate_simplified,input_box_4,no,,262.881513,5.0,ok,
xz_adapter_plate_simplified,barcode_scanner,no,,129.449933,20.0,ok,
xz_adapter_plate_simplified,photoelectric_sensor,no,,131.153774,20.0,ok,
xz_adapter_plate_simplified,category_A_output_box_4x6,no,,184.969761,5.0,ok,
xz_adapter_plate_simplified,category_B_output_box_4x6,no,,300.821895,5.0,ok,
xz_adapter_plate_simplified,category_C_output_box_4x6,no,,163.098896,5.0,ok,
xz_adapter_plate_simplified,category_D_output_box_4x6,no,,287.891038,5.0,ok,
xz_adapter_plate_simplified,manual_review_bin_2x3,no,,333.698876,5.0,ok,
xz_adapter_plate_simplified,input_box_1_demo_tube_01_purple75,no,,469.543728,5.0,ok,
xz_adapter_plate_simplified,input_box_1_demo_tube_02_yellow100,no,,405.350851,5.0,ok,
xz_adapter_plate_simplified,input_box_1_demo_tube_03_blue75,no,,354.944098,5.0,ok,
xz_adapter_plate_simplified,input_box_1_demo_tube_04_red75,no,,392.748409,5.0,ok,
xz_adapter_plate_simplified,input_box_1_demo_tube_05_purple75,no,,334.181556,5.0,ok,
xz_adapter_plate_simplified,input_box_2_demo_tube_01_purple75,no,,400.432657,5.0,ok,
xz_adapter_plate_simplified,input_box_2_demo_tube_02_yellow100,no,,322.775948,5.0,ok,
xz_adapter_plate_simplified,input_box_2_demo_tube_03_blue75,no,,270.444657,5.0,ok,
xz_adapter_plate_simplified,input_box_2_demo_tube_04_red75,no,,329.676072,5.0,ok,
xz_adapter_plate_simplified,input_box_2_demo_tube_05_purple75,no,,270.910156,5.0,ok,
xz_adapter_plate_simplified,input_box_3_demo_tube_01_purple75,no,,366.089214,5.0,ok,
xz_adapter_plate_simplified,input_box_3_demo_tube_02_yellow100,no,,279.032816,5.0,ok,
xz_adapter_plate_simplified,input_box_3_demo_tube_03_blue75,no,,232.583990,5.0,ok,
xz_adapter_plate_simplified,input_box_3_demo_tube_04_red75,no,,310.694786,5.0,ok,
xz_adapter_plate_simplified,input_box_3_demo_tube_05_purple75,no,,259.349745,5.0,ok,
xz_adapter_plate_simplified,input_box_4_demo_tube_01_purple75,no,,371.182826,5.0,ok,
xz_adapter_plate_simplified,input_box_4_demo_tube_02_yellow100,no,,285.682849,5.0,ok,
xz_adapter_plate_simplified,input_box_4_demo_tube_03_blue75,no,,252.720973,5.0,ok,
xz_adapter_plate_simplified,input_box_4_demo_tube_04_red75,no,,335.724724,5.0,ok,
xz_adapter_plate_simplified,input_box_4_demo_tube_05_purple75,no,,301.188131,5.0,ok,
xz_adapter_plate_simplified,scan_station_demo_tube_yellow100,no,,120.576998,20.0,ok,
xz_adapter_plate_simplified,category_A_classified_tube_01_purple75,no,,209.854265,5.0,ok,
xz_adapter_plate_simplified,category_A_classified_tube_02_purple75,no,,205.914576,5.0,ok,
xz_adapter_plate_simplified,category_A_classified_tube_03_purple75,no,,220.460456,5.0,ok,
xz_adapter_plate_simplified,category_B_classified_tube_01_yellow100,no,,317.976119,5.0,ok,
xz_adapter_plate_simplified,category_B_classified_tube_02_yellow100,no,,350.700460,5.0,ok,
xz_adapter_plate_simplified,category_B_classified_tube_03_yellow100,no,,390.784867,5.0,ok,
xz_adapter_plate_simplified,category_C_classified_tube_01_blue75,no,,105.951357,5.0,ok,
xz_adapter_plate_simplified,category_C_classified_tube_02_blue75,no,,141.721170,5.0,ok,
xz_adapter_plate_simplified,category_C_classified_tube_03_blue75,no,,191.791788,5.0,ok,
xz_adapter_plate_simplified,category_D_classified_tube_01_red75,no,,269.343071,5.0,ok,
xz_adapter_plate_simplified,category_D_classified_tube_02_red75,no,,323.921117,5.0,ok,
xz_adapter_plate_simplified,category_D_classified_tube_03_red75,no,,380.977808,5.0,ok,
label_plate_INPUT_1,label_plate_INPUT_2,no,,126.100000,5.0,ok,
label_plate_INPUT_1,label_plate_INPUT_3,no,,256.100000,5.0,ok,
label_plate_INPUT_1,label_plate_INPUT_4,no,,386.100000,5.0,ok,
label_plate_INPUT_1,scan_tube_holder,no,,204.600000,5.0,ok,
label_plate_INPUT_1,barcode_scanner_mount_bracket,no,,157.628551,5.0,ok,
label_plate_INPUT_1,photoelectric_sensor_mount_bracket,no,,197.895831,5.0,ok,
label_plate_INPUT_1,label_plate_SCAN,no,,264.381561,5.0,ok,
label_plate_INPUT_1,label_plate_A,no,,355.471251,5.0,ok,
label_plate_INPUT_1,label_plate_B,no,,544.866782,5.0,ok,
label_plate_INPUT_1,label_plate_C,no,,499.881796,5.0,ok,
label_plate_INPUT_1,label_plate_D,no,,648.383999,5.0,ok,
label_plate_INPUT_1,label_plate_REVIEW,no,,636.100000,5.0,ok,
label_plate_INPUT_1,control_box_placeholder,no,,625.879381,5.0,ok,
label_plate_INPUT_1,emergency_stop_placeholder,no,,716.430708,5.0,ok,
label_plate_INPUT_1,cable_chain_path_placeholder,no,,41.907637,5.0,ok,
label_plate_INPUT_1,transparent_guard_frame_placeholder,yes,,,5.0,allowed_mount_contact,whitelisted expected mount/contact pair
label_plate_INPUT_1,limit_switch_placeholder_1,no,,719.661281,5.0,ok,
label_plate_INPUT_1,limit_switch_placeholder_2,no,,290.174516,5.0,ok,
label_plate_INPUT_1,limit_switch_placeholder_3,no,,928.094478,5.0,ok,
label_plate_INPUT_1,limit_switch_placeholder_4,no,,653.948201,5.0,ok,
label_plate_INPUT_1,left_y_axis_module,no,,232.820176,5.0,ok,
label_plate_INPUT_1,right_y_axis_module,no,,651.751224,5.0,ok,
label_plate_INPUT_1,x_axis_module_on_gantry,no,,299.020894,5.0,ok,
label_plate_INPUT_1,z_axis_module,no,,280.381561,5.0,ok,
label_plate_INPUT_1,electric_parallel_gripper,no,,280.222412,5.0,ok,
label_plate_INPUT_1,input_box_1,no,,8.000000,5.0,ok,
label_plate_INPUT_1,input_box_2,no,,68.071727,5.0,ok,
label_plate_INPUT_1,input_box_3,no,,197.761877,5.0,ok,
label_plate_INPUT_1,input_box_4,no,,327.697666,5.0,ok,
label_plate_INPUT_1,barcode_scanner,no,,174.178654,5.0,ok,
label_plate_INPUT_1,photoelectric_sensor,no,,216.177450,5.0,ok,
label_plate_INPUT_1,category_A_output_box_4x6,no,,233.988803,5.0,ok,
label_plate_INPUT_1,category_B_output_box_4x6,no,,441.147096,5.0,ok,
label_plate_INPUT_1,category_C_output_box_4x6,no,,347.768256,5.0,ok,
label_plate_INPUT_1,category_D_output_box_4x6,no,,510.688516,5.0,ok,
label_plate_INPUT_1,manual_review_bin_2x3,no,,545.100000,5.0,ok,
label_plate_INPUT_1,input_box_1_demo_tube_01_purple75,no,,163.515290,5.0,ok,
label_plate_INPUT_1,input_box_1_demo_tube_02_yellow100,no,,83.145956,5.0,ok,
label_plate_INPUT_1,input_box_1_demo_tube_03_blue75,no,,22.388613,5.0,ok,
label_plate_INPUT_1,input_box_1_demo_tube_04_red75,no,,104.450754,5.0,ok,
label_plate_INPUT_1,input_box_1_demo_tube_05_purple75,no,,58.168376,5.0,ok,
label_plate_INPUT_1,input_box_2_demo_tube_01_purple75,no,,178.052689,5.0,ok,
label_plate_INPUT_1,input_box_2_demo_tube_02_yellow100,no,,108.989724,5.0,ok,
label_plate_INPUT_1,input_box_2_demo_tube_03_blue75,no,,107.853419,5.0,ok,
label_plate_INPUT_1,input_box_2_demo_tube_04_red75,no,,169.546336,5.0,ok,
label_plate_INPUT_1,input_box_2_demo_tube_05_purple75,no,,168.818127,5.0,ok,
label_plate_INPUT_1,input_box_3_demo_tube_01_purple75,no,,262.257049,5.0,ok,
label_plate_INPUT_1,input_box_3_demo_tube_02_yellow100,no,,221.257226,5.0,ok,
label_plate_INPUT_1,input_box_3_demo_tube_03_blue75,no,,236.618596,5.0,ok,
label_plate_INPUT_1,input_box_3_demo_tube_04_red75,no,,283.517125,5.0,ok,
label_plate_INPUT_1,input_box_3_demo_tube_05_purple75,no,,295.661225,5.0,ok,
label_plate_INPUT_1,input_box_4_demo_tube_01_purple75,no,,373.704108,5.0,ok,
label_plate_INPUT_1,input_box_4_demo_tube_02_yellow100,no,,346.165798,5.0,ok,
label_plate_INPUT_1,input_box_4_demo_tube_03_blue75,no,,366.257232,5.0,ok,
label_plate_INPUT_1,input_box_4_demo_tube_04_red75,no,,407.207515,5.0,ok,
label_plate_INPUT_1,input_box_4_demo_tube_05_purple75,no,,424.419085,5.0,ok,
label_plate_INPUT_1,scan_station_demo_tube_yellow100,no,,214.981767,5.0,ok,
label_plate_INPUT_1,category_A_classified_tube_01_purple75,no,,248.192989,5.0,ok,
label_plate_INPUT_1,category_A_classified_tube_02_purple75,no,,309.685905,5.0,ok,
label_plate_INPUT_1,category_A_classified_tube_03_purple75,no,,371.552096,5.0,ok,
label_plate_INPUT_1,category_B_classified_tube_01_yellow100,no,,454.422447,5.0,ok,
label_plate_INPUT_1,category_B_classified_tube_02_yellow100,no,,514.125821,5.0,ok,
label_plate_INPUT_1,category_B_classified_tube_03_yellow100,no,,574.448396,5.0,ok,
label_plate_INPUT_1,category_C_classified_tube_01_blue75,no,,363.306702,5.0,ok,
label_plate_INPUT_1,category_C_classified_tube_02_blue75,no,,421.968435,5.0,ok,
label_plate_INPUT_1,category_C_classified_tube_03_blue75,no,,481.625332,5.0,ok,
label_plate_INPUT_1,category_D_classified_tube_01_red75,no,,526.205055,5.0,ok,
label_plate_INPUT_1,category_D_classified_tube_02_red75,no,,588.623275,5.0,ok,
label_plate_INPUT_1,category_D_classified_tube_03_red75,no,,651.078306,5.0,ok,
label_plate_INPUT_2,label_plate_INPUT_3,no,,126.100000,5.0,ok,
label_plate_INPUT_2,label_plate_INPUT_4,no,,256.100000,5.0,ok,
label_plate_INPUT_2,scan_tube_holder,no,,74.600000,5.0,ok,
label_plate_INPUT_2,barcode_scanner_mount_bracket,no,,27.762565,5.0,ok,
label_plate_INPUT_2,photoelectric_sensor_mount_bracket,no,,85.362521,5.0,ok,
label_plate_INPUT_2,label_plate_SCAN,no,,135.615670,5.0,ok,
label_plate_INPUT_2,label_plate_A,no,,306.747143,5.0,ok,
label_plate_INPUT_2,label_plate_B,no,,514.406269,5.0,ok,
label_plate_INPUT_2,label_plate_C,no,,403.752164,5.0,ok,
label_plate_INPUT_2,label_plate_D,no,,577.525593,5.0,ok,
label_plate_INPUT_2,label_plate_REVIEW,no,,506.100000,5.0,ok,
label_plate_INPUT_2,control_box_placeholder,no,,659.063730,5.0,ok,
label_plate_INPUT_2,emergency_stop_placeholder,no,,595.849780,5.0,ok,
label_plate_INPUT_2,cable_chain_path_placeholder,no,,158.196871,5.0,ok,
label_plate_INPUT_2,transparent_guard_frame_placeholder,yes,,,5.0,allowed_mount_contact,whitelisted expected mount/contact pair
label_plate_INPUT_2,limit_switch_placeholder_1,no,,601.461852,5.0,ok,
label_plate_INPUT_2,limit_switch_placeholder_2,no,,355.234078,5.0,ok,
label_plate_INPUT_2,limit_switch_placeholder_3,no,,839.763872,5.0,ok,
label_plate_INPUT_2,limit_switch_placeholder_4,no,,685.301576,5.0,ok,
label_plate_INPUT_2,left_y_axis_module,no,,232.820176,5.0,ok,
label_plate_INPUT_2,right_y_axis_module,no,,651.751224,5.0,ok,
label_plate_INPUT_2,x_axis_module_on_gantry,no,,209.766385,5.0,ok,
label_plate_INPUT_2,z_axis_module,no,,201.885661,5.0,ok,
label_plate_INPUT_2,electric_parallel_gripper,no,,164.768322,5.0,ok,
label_plate_INPUT_2,input_box_1,no,,68.965571,5.0,ok,
label_plate_INPUT_2,input_box_2,no,,8.000000,5.0,ok,
label_plate_INPUT_2,input_box_3,no,,68.071727,5.0,ok,
label_plate_INPUT_2,input_box_4,no,,197.761877,5.0,ok,
label_plate_INPUT_2,barcode_scanner,no,,66.544069,5.0,ok,
label_plate_INPUT_2,photoelectric_sensor,no,,120.709113,5.0,ok,
label_plate_INPUT_2,category_A_output_box_4x6,no,,228.000000,5.0,ok,
label_plate_INPUT_2,category_B_output_box_4x6,no,,438.000000,5.0,ok,
label_plate_INPUT_2,category_C_output_box_4x6,no,,263.755114,5.0,ok,
label_plate_INPUT_2,category_D_output_box_4x6,no,,457.631686,5.0,ok,
label_plate_INPUT_2,manual_review_bin_2x3,no,,415.100000,5.0,ok,
label_plate_INPUT_2,input_box_1_demo_tube_01_purple75,no,,228.226313,5.0,ok,
label_plate_INPUT_2,input_box_1_demo_tube_02_yellow100,no,,179.619737,5.0,ok,
label_plate_INPUT_2,input_box_1_demo_tube_03_blue75,no,,136.276374,5.0,ok,
label_plate_INPUT_2,input_box_1_demo_tube_04_red75,no,,149.128300,5.0,ok,
label_plate_INPUT_2,input_box_1_demo_tube_05_purple75,no,,92.451339,5.0,ok,
label_plate_INPUT_2,input_box_2_demo_tube_01_purple75,no,,163.515290,5.0,ok,
label_plate_INPUT_2,input_box_2_demo_tube_02_yellow100,no,,83.145956,5.0,ok,
label_plate_INPUT_2,input_box_2_demo_tube_03_blue75,no,,22.388613,5.0,ok,
label_plate_INPUT_2,input_box_2_demo_tube_04_red75,no,,104.450754,5.0,ok,
label_plate_INPUT_2,input_box_2_demo_tube_05_purple75,no,,58.168376,5.0,ok,
label_plate_INPUT_2,input_box_3_demo_tube_01_purple75,no,,178.052689,5.0,ok,
label_plate_INPUT_2,input_box_3_demo_tube_02_yellow100,no,,108.989724,5.0,ok,
label_plate_INPUT_2,input_box_3_demo_tube_03_blue75,no,,107.853419,5.0,ok,
label_plate_INPUT_2,input_box_3_demo_tube_04_red75,no,,169.546336,5.0,ok,
label_plate_INPUT_2,input_box_3_demo_tube_05_purple75,no,,168.818127,5.0,ok,
label_plate_INPUT_2,input_box_4_demo_tube_01_purple75,no,,262.257049,5.0,ok,
label_plate_INPUT_2,input_box_4_demo_tube_02_yellow100,no,,221.257226,5.0,ok,
label_plate_INPUT_2,input_box_4_demo_tube_03_blue75,no,,236.618596,5.0,ok,
label_plate_INPUT_2,input_box_4_demo_tube_04_red75,no,,283.517125,5.0,ok,
label_plate_INPUT_2,input_box_4_demo_tube_05_purple75,no,,295.661225,5.0,ok,
label_plate_INPUT_2,scan_station_demo_tube_yellow100,no,,85.563777,5.0,ok,
label_plate_INPUT_2,category_A_classified_tube_01_purple75,no,,244.820853,5.0,ok,
label_plate_INPUT_2,category_A_classified_tube_02_purple75,no,,296.778116,5.0,ok,
label_plate_INPUT_2,category_A_classified_tube_03_purple75,no,,352.115038,5.0,ok,
label_plate_INPUT_2,category_B_classified_tube_01_yellow100,no,,452.589494,5.0,ok,
label_plate_INPUT_2,category_B_classified_tube_02_yellow100,no,,506.455576,5.0,ok,
label_plate_INPUT_2,category_B_classified_tube_03_yellow100,no,,562.072059,5.0,ok,
label_plate_INPUT_2,category_C_classified_tube_01_blue75,no,,279.313014,5.0,ok,
label_plate_INPUT_2,category_C_classified_tube_02_blue75,no,,341.762140,5.0,ok,
label_plate_INPUT_2,category_C_classified_tube_03_blue75,no,,404.261005,5.0,ok,
label_plate_INPUT_2,category_D_classified_tube_01_red75,no,,472.139556,5.0,ok,
label_plate_INPUT_2,category_D_classified_tube_02_red75,no,,534.061195,5.0,ok,
label_plate_INPUT_2,category_D_classified_tube_03_red75,no,,596.126631,5.0,ok,
label_plate_INPUT_3,label_plate_INPUT_4,no,,126.100000,5.0,ok,
label_plate_INPUT_3,scan_tube_holder,no,,15.500000,5.0,ok,
label_plate_INPUT_3,barcode_scanner_mount_bracket,no,,84.553238,5.0,ok,
label_plate_INPUT_3,photoelectric_sensor_mount_bracket,no,,83.302161,5.0,ok,
label_plate_INPUT_3,label_plate_SCAN,no,,26.184156,5.0,ok,
label_plate_INPUT_3,label_plate_A,no,,307.542859,5.0,ok,
label_plate_INPUT_3,label_plate_B,no,,514.881161,5.0,ok,
label_plate_INPUT_3,label_plate_C,no,,331.586806,5.0,ok,
label_plate_INPUT_3,label_plate_D,no,,529.594005,5.0,ok,
label_plate_INPUT_3,label_plate_REVIEW,no,,376.100000,5.0,ok,
label_plate_INPUT_3,control_box_placeholder,no,,714.706233,5.0,ok,
label_plate_INPUT_3,emergency_stop_placeholder,no,,480.209288,5.0,ok,
label_plate_INPUT_3,cable_chain_path_placeholder,no,,286.524432,5.0,ok,
label_plate_INPUT_3,transparent_guard_frame_placeholder,yes,,,5.0,allowed_mount_contact,whitelisted expected mount/contact pair
label_plate_INPUT_3,limit_switch_placeholder_1,no,,489.285561,5.0,ok,
label_plate_INPUT_3,limit_switch_placeholder_2,no,,449.423241,5.0,ok,
label_plate_INPUT_3,limit_switch_placeholder_3,no,,763.444405,5.0,ok,
label_plate_INPUT_3,limit_switch_placeholder_4,no,,738.531144,5.0,ok,
label_plate_INPUT_3,left_y_axis_module,no,,232.820176,5.0,ok,
label_plate_INPUT_3,right_y_axis_module,no,,651.751224,5.0,ok,
label_plate_INPUT_3,x_axis_module_on_gantry,no,,178.820176,5.0,ok,
label_plate_INPUT_3,z_axis_module,no,,185.098514,5.0,ok,
label_plate_INPUT_3,electric_parallel_gripper,no,,97.839665,5.0,ok,
label_plate_INPUT_3,input_box_1,no,,198.661144,5.0,ok,
label_plate_INPUT_3,input_box_2,no,,68.965571,5.0,ok,
label_plate_INPUT_3,input_box_3,no,,8.000000,5.0,ok,
label_plate_INPUT_3,input_box_4,no,,68.071727,5.0,ok,
label_plate_INPUT_3,barcode_scanner,no,,88.147376,5.0,ok,
label_plate_INPUT_3,photoelectric_sensor,no,,107.848273,5.0,ok,
label_plate_INPUT_3,category_A_output_box_4x6,no,,242.809081,5.0,ok,
label_plate_INPUT_3,category_B_output_box_4x6,no,,445.888159,5.0,ok,
label_plate_INPUT_3,category_C_output_box_4x6,no,,228.014824,5.0,ok,
label_plate_INPUT_3,category_D_output_box_4x6,no,,438.007717,5.0,ok,
label_plate_INPUT_3,manual_review_bin_2x3,no,,285.100000,5.0,ok,
label_plate_INPUT_3,input_box_1_demo_tube_01_purple75,no,,333.522488,5.0,ok,
label_plate_INPUT_3,input_box_1_demo_tube_02_yellow100,no,,302.346242,5.0,ok,
label_plate_INPUT_3,input_box_1_demo_tube_03_blue75,no,,265.407705,5.0,ok,
label_plate_INPUT_3,input_box_1_demo_tube_04_red75,no,,258.513539,5.0,ok,
label_plate_INPUT_3,input_box_1_demo_tube_05_purple75,no,,214.143060,5.0,ok,
label_plate_INPUT_3,input_box_2_demo_tube_01_purple75,no,,228.226313,5.0,ok,
label_plate_INPUT_3,input_box_2_demo_tube_02_yellow100,no,,179.619737,5.0,ok,
label_plate_INPUT_3,input_box_2_demo_tube_03_blue75,no,,136.276374,5.0,ok,
label_plate_INPUT_3,input_box_2_demo_tube_04_red75,no,,149.128300,5.0,ok,
label_plate_INPUT_3,input_box_2_demo_tube_05_purple75,no,,92.451339,5.0,ok,
label_plate_INPUT_3,input_box_3_demo_tube_01_purple75,no,,163.515290,5.0,ok,
label_plate_INPUT_3,input_box_3_demo_tube_02_yellow100,no,,83.145956,5.0,ok,
label_plate_INPUT_3,input_box_3_demo_tube_03_blue75,no,,22.388613,5.0,ok,
label_plate_INPUT_3,input_box_3_demo_tube_04_red75,no,,104.450754,5.0,ok,
label_plate_INPUT_3,input_box_3_demo_tube_05_purple75,no,,58.168376,5.0,ok,
label_plate_INPUT_3,input_box_4_demo_tube_01_purple75,no,,178.052689,5.0,ok,
label_plate_INPUT_3,input_box_4_demo_tube_02_yellow100,no,,108.989724,5.0,ok,
label_plate_INPUT_3,input_box_4_demo_tube_03_blue75,no,,107.853419,5.0,ok,
label_plate_INPUT_3,input_box_4_demo_tube_04_red75,no,,169.546336,5.0,ok,
label_plate_INPUT_3,input_box_4_demo_tube_05_purple75,no,,168.818127,5.0,ok,
label_plate_INPUT_3,scan_station_demo_tube_yellow100,no,,28.535066,5.0,ok,
label_plate_INPUT_3,category_A_classified_tube_01_purple75,no,,298.642345,5.0,ok,
label_plate_INPUT_3,category_A_classified_tube_02_purple75,no,,331.733703,5.0,ok,
label_plate_INPUT_3,category_A_classified_tube_03_purple75,no,,372.487919,5.0,ok,
label_plate_INPUT_3,category_B_classified_tube_01_yellow100,no,,483.825640,5.0,ok,
label_plate_INPUT_3,category_B_classified_tube_02_yellow100,no,,527.699962,5.0,ok,
label_plate_INPUT_3,category_B_classified_tube_03_yellow100,no,,575.054128,5.0,ok,
label_plate_INPUT_3,category_C_classified_tube_01_blue75,no,,240.498981,5.0,ok,
label_plate_INPUT_3,category_C_classified_tube_02_blue75,no,,298.906942,5.0,ok,
label_plate_INPUT_3,category_C_classified_tube_03_blue75,no,,358.735223,5.0,ok,
label_plate_INPUT_3,category_D_classified_tube_01_red75,no,,450.266321,5.0,ok,
label_plate_INPUT_3,category_D_classified_tube_02_red75,no,,507.705978,5.0,ok,
label_plate_INPUT_3,category_D_classified_tube_03_red75,no,,566.242845,5.0,ok,
label_plate_INPUT_4,scan_tube_holder,no,,145.500000,5.0,ok,
label_plate_INPUT_4,barcode_scanner_mount_bracket,no,,214.520978,5.0,ok,
label_plate_INPUT_4,photoelectric_sensor_mount_bracket,no,,194.959611,5.0,ok,
label_plate_INPUT_4,label_plate_SCAN,no,,121.904922,5.0,ok,
label_plate_INPUT_4,label_plate_A,no,,357.615170,5.0,ok,
label_plate_INPUT_4,label_plate_B,no,,546.267892,5.0,ok,
label_plate_INPUT_4,label_plate_C,no,,301.137527,5.0,ok,
label_plate_INPUT_4,label_plate_D,no,,511.081021,5.0,ok,
label_plate_INPUT_4,label_plate_REVIEW,no,,246.100000,5.0,ok,
label_plate_INPUT_4,control_box_placeholder,no,,788.064084,5.0,ok,
label_plate_INPUT_4,emergency_stop_placeholder,no,,374.118912,5.0,ok,
label_plate_INPUT_4,cable_chain_path_placeholder,no,,415.892113,5.0,ok,
label_plate_INPUT_4,transparent_guard_frame_placeholder,yes,,,5.0,allowed_mount_contact,whitelisted expected mount/contact pair
label_plate_INPUT_4,limit_switch_placeholder_1,no,,388.386869,5.0,ok,
label_plate_INPUT_4,limit_switch_placeholder_2,no,,558.185677,5.0,ok,
label_plate_INPUT_4,limit_switch_placeholder_3,no,,703.058575,5.0,ok,
label_plate_INPUT_4,limit_switch_placeholder_4,no,,809.331978,5.0,ok,
label_plate_INPUT_4,left_y_axis_module,no,,232.820176,5.0,ok,
label_plate_INPUT_4,right_y_axis_module,no,,651.751224,5.0,ok,
label_plate_INPUT_4,x_axis_module_on_gantry,no,,192.493238,5.0,ok,
label_plate_INPUT_4,z_axis_module,no,,222.516763,5.0,ok,
label_plate_INPUT_4,electric_parallel_gripper,no,,131.901819,5.0,ok,
label_plate_INPUT_4,input_box_1,no,,328.597398,5.0,ok,
label_plate_INPUT_4,input_box_2,no,,198.661144,5.0,ok,
label_plate_INPUT_4,input_box_3,no,,68.965571,5.0,ok,
label_plate_INPUT_4,input_box_4,no,,8.000000,5.0,ok,
label_plate_INPUT_4,barcode_scanner,no,,205.411684,5.0,ok,
label_plate_INPUT_4,photoelectric_sensor,no,,185.421816,5.0,ok,
label_plate_INPUT_4,category_A_output_box_4x6,no,,312.355967,5.0,ok,
label_plate_INPUT_4,category_B_output_box_4x6,no,,487.264045,5.0,ok,
label_plate_INPUT_4,category_C_output_box_4x6,no,,228.026862,5.0,ok,
label_plate_INPUT_4,category_D_output_box_4x6,no,,438.013984,5.0,ok,
label_plate_INPUT_4,manual_review_bin_2x3,no,,155.100000,5.0,ok,
label_plate_INPUT_4,input_box_1_demo_tube_01_purple75,no,,451.870833,5.0,ok,
label_plate_INPUT_4,input_box_1_demo_tube_02_yellow100,no,,429.375418,5.0,ok,
label_plate_INPUT_4,input_box_1_demo_tube_03_blue75,no,,395.109162,5.0,ok,
label_plate_INPUT_4,input_box_1_demo_tube_04_red75,no,,381.076436,5.0,ok,
label_plate_INPUT_4,input_box_1_demo_tube_05_purple75,no,,342.004751,5.0,ok,
label_plate_INPUT_4,input_box_2_demo_tube_01_purple75,no,,333.522488,5.0,ok,
label_plate_INPUT_4,input_box_2_demo_tube_02_yellow100,no,,302.346242,5.0,ok,
label_plate_INPUT_4,input_box_2_demo_tube_03_blue75,no,,265.407705,5.0,ok,
label_plate_INPUT_4,input_box_2_demo_tube_04_red75,no,,258.513539,5.0,ok,
label_plate_INPUT_4,input_box_2_demo_tube_05_purple75,no,,214.143060,5.0,ok,
label_plate_INPUT_4,input_box_3_demo_tube_01_purple75,no,,228.226313,5.0,ok,
label_plate_INPUT_4,input_box_3_demo_tube_02_yellow100,no,,179.619737,5.0,ok,
label_plate_INPUT_4,input_box_3_demo_tube_03_blue75,no,,136.276374,5.0,ok,
label_plate_INPUT_4,input_box_3_demo_tube_04_red75,no,,149.128300,5.0,ok,
label_plate_INPUT_4,input_box_3_demo_tube_05_purple75,no,,92.451339,5.0,ok,
label_plate_INPUT_4,input_box_4_demo_tube_01_purple75,no,,163.515290,5.0,ok,
label_plate_INPUT_4,input_box_4_demo_tube_02_yellow100,no,,83.145956,5.0,ok,
label_plate_INPUT_4,input_box_4_demo_tube_03_blue75,no,,22.388613,5.0,ok,
label_plate_INPUT_4,input_box_4_demo_tube_04_red75,no,,104.450754,5.0,ok,
label_plate_INPUT_4,input_box_4_demo_tube_05_purple75,no,,58.168376,5.0,ok,
label_plate_INPUT_4,scan_station_demo_tube_yellow100,no,,156.026440,5.0,ok,
label_plate_INPUT_4,category_A_classified_tube_01_purple75,no,,390.175922,5.0,ok,
label_plate_INPUT_4,category_A_classified_tube_02_purple75,no,,407.206643,5.0,ok,
label_plate_INPUT_4,category_A_classified_tube_03_purple75,no,,432.709198,5.0,ok,
label_plate_INPUT_4,category_B_classified_tube_01_yellow100,no,,545.102972,5.0,ok,
label_plate_INPUT_4,category_B_classified_tube_02_yellow100,no,,578.132554,5.0,ok,
label_plate_INPUT_4,category_B_classified_tube_03_yellow100,no,,615.773700,5.0,ok,
label_plate_INPUT_4,category_C_classified_tube_01_blue75,no,,259.205035,5.0,ok,
label_plate_INPUT_4,category_C_classified_tube_02_blue75,no,,304.182922,5.0,ok,
label_plate_INPUT_4,category_C_classified_tube_03_blue75,no,,354.552182,5.0,ok,
label_plate_INPUT_4,category_D_classified_tube_01_red75,no,,460.529315,5.0,ok,
label_plate_INPUT_4,category_D_classified_tube_02_red75,no,,510.829962,5.0,ok,
label_plate_INPUT_4,category_D_classified_tube_03_red75,no,,563.602032,5.0,ok,
scan_tube_holder,barcode_scanner_mount_bracket,no,,33.614878,5.0,ok,
scan_tube_holder,photoelectric_sensor_mount_bracket,no,,27.202206,5.0,ok,
scan_tube_holder,label_plate_SCAN,no,,22.500000,5.0,ok,
scan_tube_holder,label_plate_A,no,,265.253765,5.0,ok,
scan_tube_holder,label_plate_B,no,,475.141621,5.0,ok,
scan_tube_holder,label_plate_C,no,,308.783500,5.0,ok,
scan_tube_holder,label_plate_D,no,,500.746692,5.0,ok,
scan_tube_holder,label_plate_REVIEW,no,,395.500000,5.0,ok,
scan_tube_holder,control_box_placeholder,no,,658.240268,5.0,ok,
scan_tube_holder,emergency_stop_placeholder,no,,537.227140,5.0,ok,
scan_tube_holder,cable_chain_path_placeholder,no,,235.982542,5.0,ok,
scan_tube_holder,transparent_guard_frame_placeholder,yes,,,5.0,allowed_mount_contact,whitelisted expected mount/contact pair
scan_tube_holder,limit_switch_placeholder_1,no,,548.566824,5.0,ok,
scan_tube_holder,limit_switch_placeholder_2,no,,461.871800,5.0,ok,
scan_tube_holder,limit_switch_placeholder_3,no,,744.519013,5.0,ok,
scan_tube_holder,limit_switch_placeholder_4,no,,683.160713,5.0,ok,
scan_tube_holder,left_y_axis_module,no,,306.820176,5.0,ok,
scan_tube_holder,right_y_axis_module,no,,615.751224,5.0,ok,
scan_tube_holder,x_axis_module_on_gantry,no,,182.220176,5.0,ok,
scan_tube_holder,z_axis_module,no,,165.563341,5.0,ok,
scan_tube_holder,electric_parallel_gripper,no,,76.153792,5.0,ok,
scan_tube_holder,input_box_1,no,,168.324092,5.0,ok,
scan_tube_holder,input_box_2,no,,83.743656,5.0,ok,
scan_tube_holder,input_box_3,no,,82.000000,5.0,ok,
scan_tube_holder,input_box_4,no,,119.553335,5.0,ok,
scan_tube_holder,barcode_scanner,no,,61.877702,5.0,ok,
scan_tube_holder,photoelectric_sensor,no,,75.111650,5.0,ok,
scan_tube_holder,category_A_output_box_4x6,no,,194.648401,5.0,ok,
scan_tube_holder,category_B_output_box_4x6,no,,403.271621,5.0,ok,
scan_tube_holder,category_C_output_box_4x6,no,,193.256306,5.0,ok,
scan_tube_holder,category_D_output_box_4x6,no,,402.601540,5.0,ok,
scan_tube_holder,manual_review_bin_2x3,no,,304.500000,5.0,ok,
scan_tube_holder,input_box_1_demo_tube_01_purple75,no,,336.140982,5.0,ok,
scan_tube_holder,input_box_1_demo_tube_02_yellow100,no,,284.138628,5.0,ok,
scan_tube_holder,input_box_1_demo_tube_03_blue75,no,,233.149652,5.0,ok,
scan_tube_holder,input_box_1_demo_tube_04_red75,no,,257.026769,5.0,ok,
scan_tube_holder,input_box_1_demo_tube_05_purple75,no,,199.215361,5.0,ok,
scan_tube_holder,input_box_2_demo_tube_01_purple75,no,,259.288951,5.0,ok,
scan_tube_holder,input_box_2_demo_tube_02_yellow100,no,,187.015400,5.0,ok,
scan_tube_holder,input_box_2_demo_tube_03_blue75,no,,126.010952,5.0,ok,
scan_tube_holder,input_box_2_demo_tube_04_red75,no,,186.715720,5.0,ok,
scan_tube_holder,input_box_2_demo_tube_05_purple75,no,,125.565760,5.0,ok,
scan_tube_holder,input_box_3_demo_tube_01_purple75,no,,234.328317,5.0,ok,
scan_tube_holder,input_box_3_demo_tube_02_yellow100,no,,150.511661,5.0,ok,
scan_tube_holder,input_box_3_demo_tube_03_blue75,no,,94.814345,5.0,ok,
scan_tube_holder,input_box_3_demo_tube_04_red75,no,,179.907643,5.0,ok,
scan_tube_holder,input_box_3_demo_tube_05_purple75,no,,132.810994,5.0,ok,
scan_tube_holder,input_box_4_demo_tube_01_purple75,no,,253.611435,5.0,ok,
scan_tube_holder,input_box_4_demo_tube_02_yellow100,no,,179.060772,5.0,ok,
scan_tube_holder,input_box_4_demo_tube_03_blue75,no,,156.890918,5.0,ok,
scan_tube_holder,input_box_4_demo_tube_04_red75,no,,235.046293,5.0,ok,
scan_tube_holder,input_box_4_demo_tube_05_purple75,no,,218.629275,5.0,ok,
scan_tube_holder,scan_station_demo_tube_yellow100,no,,11.400000,5.0,ok,
scan_tube_holder,category_A_classified_tube_01_purple75,no,,240.095314,5.0,ok,
scan_tube_holder,category_A_classified_tube_02_purple75,no,,278.132630,5.0,ok,
scan_tube_holder,category_A_classified_tube_03_purple75,no,,323.897762,5.0,ok,
scan_tube_holder,category_B_classified_tube_01_yellow100,no,,432.926968,5.0,ok,
scan_tube_holder,category_B_classified_tube_02_yellow100,no,,480.268425,5.0,ok,
scan_tube_holder,category_B_classified_tube_03_yellow100,no,,530.782215,5.0,ok,
scan_tube_holder,category_C_classified_tube_01_blue75,no,,206.866527,5.0,ok,
scan_tube_holder,category_C_classified_tube_02_blue75,no,,267.121246,5.0,ok,
scan_tube_holder,category_C_classified_tube_03_blue75,no,,328.258678,5.0,ok,
scan_tube_holder,category_D_classified_tube_01_red75,no,,415.419980,5.0,ok,
scan_tube_holder,category_D_classified_tube_02_red75,no,,473.976540,5.0,ok,
scan_tube_holder,category_D_classified_tube_03_red75,no,,533.454553,5.0,ok,
barcode_scanner_mount_bracket,photoelectric_sensor_mount_bracket,no,,37.576588,5.0,ok,
barcode_scanner_mount_bracket,label_plate_SCAN,no,,91.549167,5.0,ok,
barcode_scanner_mount_bracket,label_plate_A,no,,272.578888,5.0,ok,
barcode_scanner_mount_bracket,label_plate_B,no,,482.326912,5.0,ok,
barcode_scanner_mount_bracket,label_plate_C,no,,354.611407,5.0,ok,
barcode_scanner_mount_bracket,label_plate_D,no,,533.000235,5.0,ok,
barcode_scanner_mount_bracket,label_plate_REVIEW,no,,464.509688,5.0,ok,
barcode_scanner_mount_bracket,control_box_placeholder,no,,644.035131,5.0,ok,
barcode_scanner_mount_bracket,emergency_stop_placeholder,no,,579.744771,5.0,ok,
barcode_scanner_mount_bracket,cable_chain_path_placeholder,no,,186.000000,5.0,ok,
barcode_scanner_mount_bracket,transparent_guard_frame_placeholder,yes,,,5.0,allowed_mount_contact,whitelisted expected mount/contact pair
barcode_scanner_mount_bracket,limit_switch_placeholder_1,no,,584.811936,5.0,ok,
barcode_scanner_mount_bracket,limit_switch_placeholder_2,no,,405.626676,5.0,ok,
barcode_scanner_mount_bracket,limit_switch_placeholder_3,no,,788.835217,5.0,ok,
barcode_scanner_mount_bracket,limit_switch_placeholder_4,no,,666.925033,5.0,ok,
barcode_scanner_mount_bracket,left_y_axis_module,no,,278.820176,5.0,ok,
barcode_scanner_mount_bracket,right_y_axis_module,no,,622.751224,5.0,ok,
barcode_scanner_mount_bracket,x_axis_module_on_gantry,no,,127.081715,5.0,ok,
barcode_scanner_mount_bracket,z_axis_module,no,,122.659733,5.0,ok,
barcode_scanner_mount_bracket,electric_parallel_gripper,no,,105.409867,5.0,ok,
barcode_scanner_mount_bracket,input_box_1,no,,113.648581,5.0,ok,
barcode_scanner_mount_bracket,input_box_2,no,,54.000000,5.0,ok,
barcode_scanner_mount_bracket,input_box_3,no,,59.933296,5.0,ok,
barcode_scanner_mount_bracket,input_box_4,no,,165.081798,5.0,ok,
barcode_scanner_mount_bracket,barcode_scanner,yes,,,5.0,allowed_mount_contact,whitelisted expected mount/contact pair
barcode_scanner_mount_bracket,photoelectric_sensor,no,,71.087341,5.0,ok,
barcode_scanner_mount_bracket,category_A_output_box_4x6,no,,199.000000,5.0,ok,
barcode_scanner_mount_bracket,category_B_output_box_4x6,no,,409.000000,5.0,ok,
barcode_scanner_mount_bracket,category_C_output_box_4x6,no,,218.819560,5.0,ok,
barcode_scanner_mount_bracket,category_D_output_box_4x6,no,,419.001193,5.0,ok,
barcode_scanner_mount_bracket,manual_review_bin_2x3,no,,373.500000,5.0,ok,
barcode_scanner_mount_bracket,input_box_1_demo_tube_01_purple75,no,,282.969963,5.0,ok,
barcode_scanner_mount_bracket,input_box_1_demo_tube_02_yellow100,no,,229.172424,5.0,ok,
barcode_scanner_mount_bracket,input_box_1_demo_tube_03_blue75,no,,178.639301,5.0,ok,
barcode_scanner_mount_bracket,input_box_1_demo_tube_04_red75,no,,203.823453,5.0,ok,
barcode_scanner_mount_bracket,input_box_1_demo_tube_05_purple75,no,,144.692778,5.0,ok,
barcode_scanner_mount_bracket,input_box_2_demo_tube_01_purple75,no,,215.712772,5.0,ok,
barcode_scanner_mount_bracket,input_box_2_demo_tube_02_yellow100,no,,137.767921,5.0,ok,
barcode_scanner_mount_bracket,input_box_2_demo_tube_03_blue75,no,,75.179785,5.0,ok,
barcode_scanner_mount_bracket,input_box_2_demo_tube_04_red75,no,,150.213182,5.0,ok,
barcode_scanner_mount_bracket,input_box_2_demo_tube_05_purple75,no,,94.000000,5.0,ok,
barcode_scanner_mount_bracket,input_box_3_demo_tube_01_purple75,no,,209.121974,5.0,ok,
barcode_scanner_mount_bracket,input_box_3_demo_tube_02_yellow100,no,,127.200629,5.0,ok,
barcode_scanner_mount_bracket,input_box_3_demo_tube_03_blue75,no,,91.934759,5.0,ok,
barcode_scanner_mount_bracket,input_box_3_demo_tube_04_red75,no,,175.965906,5.0,ok,
barcode_scanner_mount_bracket,input_box_3_demo_tube_05_purple75,no,,152.433592,5.0,ok,
barcode_scanner_mount_bracket,input_box_4_demo_tube_01_purple75,no,,264.560012,5.0,ok,
barcode_scanner_mount_bracket,input_box_4_demo_tube_02_yellow100,no,,206.009709,5.0,ok,
barcode_scanner_mount_bracket,input_box_4_demo_tube_03_blue75,no,,204.919496,5.0,ok,
barcode_scanner_mount_bracket,input_box_4_demo_tube_04_red75,no,,267.925363,5.0,ok,
barcode_scanner_mount_bracket,input_box_4_demo_tube_05_purple75,no,,267.088000,5.0,ok,
barcode_scanner_mount_bracket,scan_station_demo_tube_yellow100,no,,43.000000,5.0,ok,
barcode_scanner_mount_bracket,category_A_classified_tube_01_purple75,no,,225.304239,5.0,ok,
barcode_scanner_mount_bracket,category_A_classified_tube_02_purple75,no,,271.827151,5.0,ok,
barcode_scanner_mount_bracket,category_A_classified_tube_03_purple75,no,,323.817850,5.0,ok,
barcode_scanner_mount_bracket,category_B_classified_tube_01_yellow100,no,,428.347989,5.0,ok,
barcode_scanner_mount_bracket,category_B_classified_tube_02_yellow100,no,,479.718668,5.0,ok,
barcode_scanner_mount_bracket,category_B_classified_tube_03_yellow100,no,,533.496017,5.0,ok,
barcode_scanner_mount_bracket,category_C_classified_tube_01_blue75,no,,233.927339,5.0,ok,
barcode_scanner_mount_bracket,category_C_classified_tube_02_blue75,no,,296.529931,5.0,ok,
barcode_scanner_mount_bracket,category_C_classified_tube_03_blue75,no,,359.135072,5.0,ok,
barcode_scanner_mount_bracket,category_D_classified_tube_01_red75,no,,432.945724,5.0,ok,
barcode_scanner_mount_bracket,category_D_classified_tube_02_red75,no,,494.135609,5.0,ok,
barcode_scanner_mount_bracket,category_D_classified_tube_03_red75,no,,555.641971,5.0,ok,
photoelectric_sensor_mount_bracket,label_plate_SCAN,no,,61.500000,5.0,ok,
photoelectric_sensor_mount_bracket,label_plate_A,no,,153.000000,5.0,ok,
photoelectric_sensor_mount_bracket,label_plate_B,no,,363.000000,5.0,ok,
photoelectric_sensor_mount_bracket,label_plate_C,no,,249.830443,5.0,ok,
photoelectric_sensor_mount_bracket,label_plate_D,no,,413.249622,5.0,ok,
photoelectric_sensor_mount_bracket,label_plate_REVIEW,no,,437.034610,5.0,ok,
photoelectric_sensor_mount_bracket,control_box_placeholder,no,,552.530768,5.0,ok,
photoelectric_sensor_mount_bracket,emergency_stop_placeholder,no,,606.584701,5.0,ok,
photoelectric_sensor_mount_bracket,cable_chain_path_placeholder,no,,216.000000,5.0,ok,
photoelectric_sensor_mount_bracket,transparent_guard_frame_placeholder,yes,,,5.0,allowed_mount_contact,whitelisted expected mount/contact pair
photoelectric_sensor_mount_bracket,limit_switch_placeholder_1,no,,615.416119,5.0,ok,
photoelectric_sensor_mount_bracket,limit_switch_placeholder_2,no,,496.371836,5.0,ok,
photoelectric_sensor_mount_bracket,limit_switch_placeholder_3,no,,679.365145,5.0,ok,
photoelectric_sensor_mount_bracket,limit_switch_placeholder_4,no,,573.746460,5.0,ok,
photoelectric_sensor_mount_bracket,left_y_axis_module,no,,369.820176,5.0,ok,
photoelectric_sensor_mount_bracket,right_y_axis_module,no,,503.751224,5.0,ok,
photoelectric_sensor_mount_bracket,x_axis_module_on_gantry,no,,139.127248,5.0,ok,
photoelectric_sensor_mount_bracket,z_axis_module,no,,90.946413,5.0,ok,
photoelectric_sensor_mount_bracket,electric_parallel_gripper,no,,61.522354,5.0,ok,
photoelectric_sensor_mount_bracket,input_box_1,no,,194.743421,5.0,ok,
photoelectric_sensor_mount_bracket,input_box_2,no,,145.000000,5.0,ok,
photoelectric_sensor_mount_bracket,input_box_3,no,,145.000000,5.0,ok,
photoelectric_sensor_mount_bracket,input_box_4,no,,192.096330,5.0,ok,
photoelectric_sensor_mount_bracket,barcode_scanner,no,,17.899721,5.0,ok,
photoelectric_sensor_mount_bracket,photoelectric_sensor,yes,,,5.0,allowed_mount_contact,whitelisted expected mount/contact pair
photoelectric_sensor_mount_bracket,category_A_output_box_4x6,no,,81.394103,5.0,ok,
photoelectric_sensor_mount_bracket,category_B_output_box_4x6,no,,290.387672,5.0,ok,
photoelectric_sensor_mount_bracket,category_C_output_box_4x6,no,,100.603181,5.0,ok,
photoelectric_sensor_mount_bracket,category_D_output_box_4x6,no,,296.346081,5.0,ok,
photoelectric_sensor_mount_bracket,manual_review_bin_2x3,no,,345.278511,5.0,ok,
photoelectric_sensor_mount_bracket,input_box_1_demo_tube_01_purple75,no,,372.001344,5.0,ok,
photoelectric_sensor_mount_bracket,input_box_1_demo_tube_02_yellow100,no,,309.103543,5.0,ok,
photoelectric_sensor_mount_bracket,input_box_1_demo_tube_03_blue75,no,,251.127458,5.0,ok,
photoelectric_sensor_mount_bracket,input_box_1_demo_tube_04_red75,no,,293.777126,5.0,ok,
photoelectric_sensor_mount_bracket,input_box_1_demo_tube_05_purple75,no,,232.002155,5.0,ok,
photoelectric_sensor_mount_bracket,input_box_2_demo_tube_01_purple75,no,,311.520465,5.0,ok,
photoelectric_sensor_mount_bracket,input_box_2_demo_tube_02_yellow100,no,,232.819673,5.0,ok,
photoelectric_sensor_mount_bracket,input_box_2_demo_tube_03_blue75,no,,170.308544,5.0,ok,
photoelectric_sensor_mount_bracket,input_box_2_demo_tube_04_red75,no,,243.977458,5.0,ok,
photoelectric_sensor_mount_bracket,input_box_2_demo_tube_05_purple75,no,,185.270073,5.0,ok,
photoelectric_sensor_mount_bracket,input_box_3_demo_tube_01_purple75,no,,297.060600,5.0,ok,
photoelectric_sensor_mount_bracket,input_box_3_demo_tube_02_yellow100,no,,213.084490,5.0,ok,
photoelectric_sensor_mount_bracket,input_box_3_demo_tube_03_blue75,no,,160.639348,5.0,ok,
photoelectric_sensor_mount_bracket,input_box_3_demo_tube_04_red75,no,,248.847343,5.0,ok,
photoelectric_sensor_mount_bracket,input_box_3_demo_tube_05_purple75,no,,205.730406,5.0,ok,
photoelectric_sensor_mount_bracket,input_box_4_demo_tube_01_purple75,no,,326.657313,5.0,ok,
photoelectric_sensor_mount_bracket,input_box_4_demo_tube_02_yellow100,no,,252.715255,5.0,ok,
photoelectric_sensor_mount_bracket,input_box_4_demo_tube_03_blue75,no,,227.035240,5.0,ok,
photoelectric_sensor_mount_bracket,input_box_4_demo_tube_04_red75,no,,308.131465,5.0,ok,
photoelectric_sensor_mount_bracket,input_box_4_demo_tube_05_purple75,no,,287.445647,5.0,ok,
photoelectric_sensor_mount_bracket,scan_station_demo_tube_yellow100,no,,39.217343,5.0,ok,
photoelectric_sensor_mount_bracket,category_A_classified_tube_01_purple75,no,,142.635900,5.0,ok,
photoelectric_sensor_mount_bracket,category_A_classified_tube_02_purple75,no,,168.715737,5.0,ok,
photoelectric_sensor_mount_bracket,category_A_classified_tube_03_purple75,no,,210.772389,5.0,ok,
photoelectric_sensor_mount_bracket,category_B_classified_tube_01_yellow100,no,,321.068529,5.0,ok,
photoelectric_sensor_mount_bracket,category_B_classified_tube_02_yellow100,no,,367.049043,5.0,ok,
photoelectric_sensor_mount_bracket,category_B_classified_tube_03_yellow100,no,,417.378725,5.0,ok,
photoelectric_sensor_mount_bracket,category_C_classified_tube_01_blue75,no,,116.211015,5.0,ok,
photoelectric_sensor_mount_bracket,category_C_classified_tube_02_blue75,no,,178.058979,5.0,ok,
photoelectric_sensor_mount_bracket,category_C_classified_tube_03_blue75,no,,240.301893,5.0,ok,
photoelectric_sensor_mount_bracket,category_D_classified_tube_01_red75,no,,310.233783,5.0,ok,
photoelectric_sensor_mount_bracket,category_D_classified_tube_02_red75,no,,371.436401,5.0,ok,
photoelectric_sensor_mount_bracket,category_D_classified_tube_03_red75,no,,433.041568,5.0,ok,
label_plate_SCAN,label_plate_A,no,,231.851267,5.0,ok,
label_plate_SCAN,label_plate_B,no,,436.663497,5.0,ok,
label_plate_SCAN,label_plate_C,no,,257.471183,5.0,ok,
label_plate_SCAN,label_plate_D,no,,450.789763,5.0,ok,
label_plate_SCAN,label_plate_REVIEW,no,,369.235440,5.0,ok,
label_plate_SCAN,control_box_placeholder,no,,650.691939,5.0,ok,
label_plate_SCAN,emergency_stop_placeholder,no,,532.596996,5.0,ok,
label_plate_SCAN,cable_chain_path_placeholder,no,,293.476149,5.0,ok,
label_plate_SCAN,transparent_guard_frame_placeholder,yes,,,5.0,allowed_mount_contact,whitelisted expected mount/contact pair
label_plate_SCAN,limit_switch_placeholder_1,no,,545.133892,5.0,ok,
label_plate_SCAN,limit_switch_placeholder_2,no,,520.020432,5.0,ok,
label_plate_SCAN,limit_switch_placeholder_3,no,,693.237304,5.0,ok,
label_plate_SCAN,limit_switch_placeholder_4,no,,673.667759,5.0,ok,
label_plate_SCAN,left_y_axis_module,no,,332.820176,5.0,ok,
label_plate_SCAN,right_y_axis_module,no,,571.751224,5.0,ok,
label_plate_SCAN,x_axis_module_on_gantry,no,,178.820176,5.0,ok,
label_plate_SCAN,z_axis_module,no,,143.128299,5.0,ok,
label_plate_SCAN,electric_parallel_gripper,no,,53.045641,5.0,ok,
label_plate_SCAN,input_box_1,no,,232.151351,5.0,ok,
label_plate_SCAN,input_box_2,no,,131.773480,5.0,ok,
label_plate_SCAN,input_box_3,no,,108.000000,5.0,ok,
label_plate_SCAN,input_box_4,no,,123.840058,5.0,ok,
label_plate_SCAN,barcode_scanner,no,,93.361234,5.0,ok,
label_plate_SCAN,photoelectric_sensor,no,,52.108061,5.0,ok,
label_plate_SCAN,category_A_output_box_4x6,no,,173.476944,5.0,ok,
label_plate_SCAN,category_B_output_box_4x6,no,,369.261764,5.0,ok,
label_plate_SCAN,category_C_output_box_4x6,no,,148.000000,5.0,ok,
label_plate_SCAN,category_D_output_box_4x6,no,,358.000000,5.0,ok,
label_plate_SCAN,manual_review_bin_2x3,no,,278.100000,5.0,ok,
label_plate_SCAN,input_box_1_demo_tube_01_purple75,no,,396.713058,5.0,ok,
label_plate_SCAN,input_box_1_demo_tube_02_yellow100,no,,347.501439,5.0,ok,
label_plate_SCAN,input_box_1_demo_tube_03_blue75,no,,296.973484,5.0,ok,
label_plate_SCAN,input_box_1_demo_tube_04_red75,no,,317.788058,5.0,ok,
label_plate_SCAN,input_box_1_demo_tube_05_purple75,no,,261.582205,5.0,ok,
label_plate_SCAN,input_box_2_demo_tube_01_purple75,no,,310.501610,5.0,ok,
label_plate_SCAN,input_box_2_demo_tube_02_yellow100,no,,244.514315,5.0,ok,
label_plate_SCAN,input_box_2_demo_tube_03_blue75,no,,185.750505,5.0,ok,
label_plate_SCAN,input_box_2_demo_tube_04_red75,no,,233.622024,5.0,ok,
label_plate_SCAN,input_box_2_demo_tube_05_purple75,no,,171.158552,5.0,ok,
label_plate_SCAN,input_box_3_demo_tube_01_purple75,no,,263.137322,5.0,ok,
label_plate_SCAN,input_box_3_demo_tube_02_yellow100,no,,180.602464,5.0,ok,
label_plate_SCAN,input_box_3_demo_tube_03_blue75,no,,120.885276,5.0,ok,
label_plate_SCAN,input_box_3_demo_tube_04_red75,no,,204.198433,5.0,ok,
label_plate_SCAN,input_box_3_demo_tube_05_purple75,no,,150.300233,5.0,ok,
label_plate_SCAN,input_box_4_demo_tube_01_purple75,no,,269.565131,5.0,ok,
label_plate_SCAN,input_box_4_demo_tube_02_yellow100,no,,189.845621,5.0,ok,
label_plate_SCAN,input_box_4_demo_tube_03_blue75,no,,155.573005,5.0,ok,
label_plate_SCAN,input_box_4_demo_tube_04_red75,no,,240.259360,5.0,ok,
label_plate_SCAN,input_box_4_demo_tube_05_purple75,no,,214.210551,5.0,ok,
label_plate_SCAN,scan_station_demo_tube_yellow100,no,,33.470136,5.0,ok,
label_plate_SCAN,category_A_classified_tube_01_purple75,no,,244.379316,5.0,ok,
label_plate_SCAN,category_A_classified_tube_02_purple75,no,,266.888085,5.0,ok,
label_plate_SCAN,category_A_classified_tube_03_purple75,no,,300.960546,5.0,ok,
label_plate_SCAN,category_B_classified_tube_01_yellow100,no,,413.547156,5.0,ok,
label_plate_SCAN,category_B_classified_tube_02_yellow100,no,,453.926481,5.0,ok,
label_plate_SCAN,category_B_classified_tube_03_yellow100,no,,498.916075,5.0,ok,
label_plate_SCAN,category_C_classified_tube_01_blue75,no,,160.350741,5.0,ok,
label_plate_SCAN,category_C_classified_tube_02_blue75,no,,218.782906,5.0,ok,
label_plate_SCAN,category_C_classified_tube_03_blue75,no,,279.033260,5.0,ok,
label_plate_SCAN,category_D_classified_tube_01_red75,no,,370.151807,5.0,ok,
label_plate_SCAN,category_D_classified_tube_02_red75,no,,427.417782,5.0,ok,
label_plate_SCAN,category_D_classified_tube_03_red75,no,,486.003663,5.0,ok,
label_plate_A,label_plate_B,no,,176.000000,5.0,ok,
label_plate_A,label_plate_C,no,,206.100000,5.0,ok,
label_plate_A,label_plate_D,no,,271.022527,5.0,ok,
label_plate_A,label_plate_REVIEW,no,,526.842111,5.0,ok,
label_plate_A,control_box_placeholder,no,,406.636201,5.0,ok,
label_plate_A,emergency_stop_placeholder,no,,783.669165,5.0,ok,
label_plate_A,cable_chain_path_placeholder,no,,220.141432,5.0,ok,
label_plate_A,transparent_guard_frame_placeholder,yes,,,5.0,allowed_mount_contact,whitelisted expected mount/contact pair
label_plate_A,limit_switch_placeholder_1,no,,799.446534,5.0,ok,
label_plate_A,limit_switch_placeholder_2,no,,706.805666,5.0,ok,
label_plate_A,limit_switch_placeholder_3,no,,567.830749,5.0,ok,
label_plate_A,limit_switch_placeholder_4,no,,427.657866,5.0,ok,
label_plate_A,left_y_axis_module,no,,607.820176,5.0,ok,
label_plate_A,right_y_axis_module,no,,316.751224,5.0,ok,
label_plate_A,x_axis_module_on_gantry,no,,184.807457,5.0,ok,
label_plate_A,z_axis_module,no,,176.105707,5.0,ok,
label_plate_A,electric_parallel_gripper,no,,129.364794,5.0,ok,
label_plate_A,input_box_1,no,,404.945984,5.0,ok,
label_plate_A,input_box_2,no,,383.002937,5.0,ok,
label_plate_A,input_box_3,no,,383.027623,5.0,ok,
label_plate_A,input_box_4,no,,405.963250,5.0,ok,
label_plate_A,barcode_scanner,no,,258.039454,5.0,ok,
label_plate_A,photoelectric_sensor,no,,92.612094,5.0,ok,
label_plate_A,category_A_output_box_4x6,no,,16.500000,5.0,ok,
label_plate_A,category_B_output_box_4x6,no,,104.313230,5.0,ok,
label_plate_A,category_C_output_box_4x6,no,,69.600000,5.0,ok,
label_plate_A,category_D_output_box_4x6,no,,124.310740,5.0,ok,
label_plate_A,manual_review_bin_2x3,no,,445.537215,5.0,ok,
label_plate_A,input_box_1_demo_tube_01_purple75,no,,580.651574,5.0,ok,
label_plate_A,input_box_1_demo_tube_02_yellow100,no,,504.313642,5.0,ok,
label_plate_A,input_box_1_demo_tube_03_blue75,no,,441.715123,5.0,ok,
label_plate_A,input_box_1_demo_tube_04_red75,no,,508.185252,5.0,ok,
label_plate_A,input_box_1_demo_tube_05_purple75,no,,446.130306,5.0,ok,
label_plate_A,input_box_2_demo_tube_01_purple75,no,,543.531278,5.0,ok,
label_plate_A,input_box_2_demo_tube_02_yellow100,no,,461.088115,5.0,ok,
label_plate_A,input_box_2_demo_tube_03_blue75,no,,400.826958,5.0,ok,
label_plate_A,input_box_2_demo_tube_04_red75,no,,480.710152,5.0,ok,
label_plate_A,input_box_2_demo_tube_05_purple75,no,,423.251993,5.0,ok,
label_plate_A,input_box_3_demo_tube_01_purple75,no,,535.274845,5.0,ok,
label_plate_A,input_box_3_demo_tube_02_yellow100,no,,451.326002,5.0,ok,
label_plate_A,input_box_3_demo_tube_03_blue75,no,,397.392451,5.0,ok,
label_plate_A,input_box_3_demo_tube_04_red75,no,,484.258567,5.0,ok,
label_plate_A,input_box_3_demo_tube_05_purple75,no,,434.432918,5.0,ok,
label_plate_A,input_box_4_demo_tube_01_purple75,no,,554.269934,5.0,ok,
label_plate_A,input_box_4_demo_tube_02_yellow100,no,,473.699441,5.0,ok,
label_plate_A,input_box_4_demo_tube_03_blue75,no,,431.157465,5.0,ok,
label_plate_A,input_box_4_demo_tube_04_red75,no,,519.386523,5.0,ok,
label_plate_A,input_box_4_demo_tube_05_purple75,no,,480.903275,5.0,ok,
label_plate_A,scan_station_demo_tube_yellow100,no,,275.962969,5.0,ok,
label_plate_A,category_A_classified_tube_01_purple75,no,,119.650533,5.0,ok,
label_plate_A,category_A_classified_tube_02_purple75,no,,82.989457,5.0,ok,
label_plate_A,category_A_classified_tube_03_purple75,no,,57.794896,5.0,ok,
label_plate_A,category_B_classified_tube_01_yellow100,no,,159.738067,5.0,ok,
label_plate_A,category_B_classified_tube_02_yellow100,no,,190.074328,5.0,ok,
label_plate_A,category_B_classified_tube_03_yellow100,no,,233.624164,5.0,ok,
label_plate_A,category_C_classified_tube_01_blue75,no,,91.881228,5.0,ok,
label_plate_A,category_C_classified_tube_02_blue75,no,,107.975738,5.0,ok,
label_plate_A,category_C_classified_tube_03_blue75,no,,136.957512,5.0,ok,
label_plate_A,category_D_classified_tube_01_red75,no,,140.150491,5.0,ok,
label_plate_A,category_D_classified_tube_02_red75,no,,202.236891,5.0,ok,
label_plate_A,category_D_classified_tube_03_red75,no,,264.570142,5.0,ok,
label_plate_B,label_plate_C,no,,271.022527,5.0,ok,
label_plate_B,label_plate_D,no,,206.100000,5.0,ok,
label_plate_B,label_plate_REVIEW,no,,664.351270,5.0,ok,
label_plate_B,control_box_placeholder,no,,300.986711,5.0,ok,
label_plate_B,emergency_stop_placeholder,no,,958.236589,5.0,ok,
label_plate_B,cable_chain_path_placeholder,no,,220.141432,5.0,ok,
label_plate_B,transparent_guard_frame_placeholder,yes,,,5.0,allowed_mount_contact,whitelisted expected mount/contact pair
label_plate_B,limit_switch_placeholder_1,no,,976.142797,5.0,ok,
label_plate_B,limit_switch_placeholder_2,no,,901.839370,5.0,ok,
label_plate_B,limit_switch_placeholder_3,no,,486.571434,5.0,ok,
label_plate_B,limit_switch_placeholder_4,no,,311.787187,5.0,ok,
label_plate_B,left_y_axis_module,no,,817.820176,5.0,ok,
label_plate_B,right_y_axis_module,no,,106.751224,5.0,ok,
label_plate_B,x_axis_module_on_gantry,no,,184.807457,5.0,ok,
label_plate_B,z_axis_module,no,,348.963064,5.0,ok,
label_plate_B,electric_parallel_gripper,no,,317.586602,5.0,ok,
label_plate_B,input_box_1,no,,607.405342,5.0,ok,
label_plate_B,input_box_2,no,,593.001897,5.0,ok,
label_plate_B,input_box_3,no,,593.017841,5.0,ok,
label_plate_B,input_box_4,no,,608.084007,5.0,ok,
label_plate_B,barcode_scanner,no,,465.231512,5.0,ok,
label_plate_B,photoelectric_sensor,no,,296.575454,5.0,ok,
label_plate_B,category_A_output_box_4x6,no,,104.313230,5.0,ok,
label_plate_B,category_B_output_box_4x6,no,,16.500000,5.0,ok,
label_plate_B,category_C_output_box_4x6,no,,124.310740,5.0,ok,
label_plate_B,category_D_output_box_4x6,no,,69.600000,5.0,ok,
label_plate_B,manual_review_bin_2x3,no,,597.715158,5.0,ok,
label_plate_B,input_box_1_demo_tube_01_purple75,no,,778.431917,5.0,ok,
label_plate_B,input_box_1_demo_tube_02_yellow100,no,,698.464208,5.0,ok,
label_plate_B,input_box_1_demo_tube_03_blue75,no,,636.484289,5.0,ok,
label_plate_B,input_box_1_demo_tube_04_red75,no,,709.600063,5.0,ok,
label_plate_B,input_box_1_demo_tube_05_purple75,no,,648.685016,5.0,ok,
label_plate_B,input_box_2_demo_tube_01_purple75,no,,751.149952,5.0,ok,
label_plate_B,input_box_2_demo_tube_02_yellow100,no,,667.923835,5.0,ok,
label_plate_B,input_box_2_demo_tube_03_blue75,no,,608.820376,5.0,ok,
label_plate_B,input_box_2_demo_tube_04_red75,no,,690.190010,5.0,ok,
label_plate_B,input_box_2_demo_tube_05_purple75,no,,633.168422,5.0,ok,
label_plate_B,input_box_3_demo_tube_01_purple75,no,,745.197397,5.0,ok,
label_plate_B,input_box_3_demo_tube_02_yellow100,no,,661.222474,5.0,ok,
label_plate_B,input_box_3_demo_tube_03_blue75,no,,606.564720,5.0,ok,
label_plate_B,input_box_3_demo_tube_04_red75,no,,692.666124,5.0,ok,
label_plate_B,input_box_3_demo_tube_05_purple75,no,,640.696465,5.0,ok,
label_plate_B,input_box_4_demo_tube_01_purple75,no,,758.956626,5.0,ok,
label_plate_B,input_box_4_demo_tube_02_yellow100,no,,676.691333,5.0,ok,
label_plate_B,input_box_4_demo_tube_03_blue75,no,,629.203274,5.0,ok,
label_plate_B,input_box_4_demo_tube_04_red75,no,,717.664518,5.0,ok,
label_plate_B,input_box_4_demo_tube_05_purple75,no,,673.073518,5.0,ok,
label_plate_B,scan_station_demo_tube_yellow100,no,,485.546661,5.0,ok,
label_plate_B,category_A_classified_tube_01_purple75,no,,278.057998,5.0,ok,
label_plate_B,category_A_classified_tube_02_purple75,no,,215.611340,5.0,ok,
label_plate_B,category_A_classified_tube_03_purple75,no,,153.297913,5.0,ok,
label_plate_B,category_B_classified_tube_01_yellow100,no,,119.650533,5.0,ok,
label_plate_B,category_B_classified_tube_02_yellow100,no,,82.989457,5.0,ok,
label_plate_B,category_B_classified_tube_03_yellow100,no,,57.794896,5.0,ok,
label_plate_B,category_C_classified_tube_01_blue75,no,,267.286663,5.0,ok,
label_plate_B,category_C_classified_tube_02_blue75,no,,226.406184,5.0,ok,
label_plate_B,category_C_classified_tube_03_blue75,no,,197.274834,5.0,ok,
label_plate_B,category_D_classified_tube_01_red75,no,,91.881228,5.0,ok,
label_plate_B,category_D_classified_tube_02_red75,no,,107.975738,5.0,ok,
label_plate_B,category_D_classified_tube_03_red75,no,,136.957512,5.0,ok,
label_plate_C,label_plate_D,no,,176.000000,5.0,ok,
label_plate_C,label_plate_REVIEW,no,,368.185565,5.0,ok,
label_plate_C,control_box_placeholder,no,,576.275108,5.0,ok,
label_plate_C,emergency_stop_placeholder,no,,675.562995,5.0,ok,
label_plate_C,cable_chain_path_placeholder,no,,428.849915,5.0,ok,
label_plate_C,transparent_guard_frame_placeholder,yes,,,5.0,allowed_mount_contact,whitelisted expected mount/contact pair
label_plate_C,limit_switch_placeholder_1,no,,696.220339,5.0,ok,
label_plate_C,limit_switch_placeholder_2,no,,815.637327,5.0,ok,
label_plate_C,limit_switch_placeholder_3,no,,409.926530,5.0,ok,
label_plate_C,limit_switch_placeholder_4,no,,590.407698,5.0,ok,
label_plate_C,left_y_axis_module,no,,607.820176,5.0,ok,
label_plate_C,right_y_axis_module,no,,316.751224,5.0,ok,
label_plate_C,x_axis_module_on_gantry,no,,197.674543,5.0,ok,
label_plate_C,z_axis_module,no,,222.116433,5.0,ok,
label_plate_C,electric_parallel_gripper,no,,148.974293,5.0,ok,
label_plate_C,input_box_1,no,,513.138626,5.0,ok,
label_plate_C,input_box_2,no,,437.517143,5.0,ok,
label_plate_C,input_box_3,no,,391.575344,5.0,ok,
label_plate_C,input_box_4,no,,383.000000,5.0,ok,
label_plate_C,barcode_scanner,no,,332.944980,5.0,ok,
label_plate_C,photoelectric_sensor,no,,189.650336,5.0,ok,
label_plate_C,category_A_output_box_4x6,no,,226.500000,5.0,ok,
label_plate_C,category_B_output_box_4x6,no,,248.819714,5.0,ok,
label_plate_C,category_C_output_box_4x6,no,,16.500000,5.0,ok,
label_plate_C,category_D_output_box_4x6,no,,104.313230,5.0,ok,
label_plate_C,manual_review_bin_2x3,no,,307.768436,5.0,ok,
label_plate_C,input_box_1_demo_tube_01_purple75,no,,689.903073,5.0,ok,
label_plate_C,input_box_1_demo_tube_02_yellow100,no,,627.010566,5.0,ok,
label_plate_C,input_box_1_demo_tube_03_blue75,no,,567.593384,5.0,ok,
label_plate_C,input_box_1_demo_tube_04_red75,no,,611.181029,5.0,ok,
label_plate_C,input_box_1_demo_tube_05_purple75,no,,550.056588,5.0,ok,
label_plate_C,input_box_2_demo_tube_01_purple75,no,,616.146289,5.0,ok,
label_plate_C,input_box_2_demo_tube_02_yellow100,no,,544.804782,5.0,ok,
label_plate_C,input_box_2_demo_tube_03_blue75,no,,482.816994,5.0,ok,
label_plate_C,input_box_2_demo_tube_04_red75,no,,540.159467,5.0,ok,
label_plate_C,input_box_2_demo_tube_05_purple75,no,,477.569105,5.0,ok,
label_plate_C,input_box_3_demo_tube_01_purple75,no,,563.121878,5.0,ok,
label_plate_C,input_box_3_demo_tube_02_yellow100,no,,484.027117,5.0,ok,
label_plate_C,input_box_3_demo_tube_03_blue75,no,,421.737181,5.0,ok,
label_plate_C,input_box_3_demo_tube_04_red75,no,,493.763354,5.0,ok,
label_plate_C,input_box_3_demo_tube_05_purple75,no,,432.876715,5.0,ok,
label_plate_C,input_box_4_demo_tube_01_purple75,no,,537.006750,5.0,ok,
label_plate_C,input_box_4_demo_tube_02_yellow100,no,,453.378705,5.0,ok,
label_plate_C,input_box_4_demo_tube_03_blue75,no,,395.489886,5.0,ok,
label_plate_C,input_box_4_demo_tube_04_red75,no,,479.084544,5.0,ok,
label_plate_C,input_box_4_demo_tube_05_purple75,no,,423.504380,5.0,ok,
label_plate_C,scan_station_demo_tube_yellow100,no,,322.616258,5.0,ok,
label_plate_C,category_A_classified_tube_01_purple75,no,,323.768822,5.0,ok,
label_plate_C,category_A_classified_tube_02_purple75,no,,292.638429,5.0,ok,
label_plate_C,category_A_classified_tube_03_purple75,no,,265.198511,5.0,ok,
label_plate_C,category_B_classified_tube_01_yellow100,no,,340.626261,5.0,ok,
label_plate_C,category_B_classified_tube_02_yellow100,no,,338.936941,5.0,ok,
label_plate_C,category_B_classified_tube_03_yellow100,no,,348.669256,5.0,ok,
label_plate_C,category_C_classified_tube_01_blue75,no,,119.650533,5.0,ok,
label_plate_C,category_C_classified_tube_02_blue75,no,,82.989457,5.0,ok,
label_plate_C,category_C_classified_tube_03_blue75,no,,57.794896,5.0,ok,
label_plate_C,category_D_classified_tube_01_red75,no,,159.738067,5.0,ok,
label_plate_C,category_D_classified_tube_02_red75,no,,190.074328,5.0,ok,
label_plate_C,category_D_classified_tube_03_red75,no,,233.624164,5.0,ok,
label_plate_D,label_plate_REVIEW,no,,547.138566,5.0,ok,
label_plate_D,control_box_placeholder,no,,507.280002,5.0,ok,
label_plate_D,emergency_stop_placeholder,no,,872.046650,5.0,ok,
label_plate_D,cable_chain_path_placeholder,no,,428.849915,5.0,ok,
label_plate_D,transparent_guard_frame_placeholder,yes,,,5.0,allowed_mount_contact,whitelisted expected mount/contact pair
label_plate_D,limit_switch_placeholder_1,no,,893.567435,5.0,ok,
label_plate_D,limit_switch_placeholder_2,no,,989.446436,5.0,ok,
label_plate_D,limit_switch_placeholder_3,no,,286.983902,5.0,ok,
label_plate_D,limit_switch_placeholder_4,no,,512.738969,5.0,ok,
label_plate_D,left_y_axis_module,no,,817.820176,5.0,ok,
label_plate_D,right_y_axis_module,no,,106.751224,5.0,ok,
label_plate_D,x_axis_module_on_gantry,no,,197.674543,5.0,ok,
label_plate_D,z_axis_module,no,,374.296286,5.0,ok,
label_plate_D,electric_parallel_gripper,no,,326.066466,5.0,ok,
label_plate_D,input_box_1,no,,684.303478,5.0,ok,
label_plate_D,input_box_2,no,,629.588159,5.0,ok,
label_plate_D,input_box_3,no,,598.574348,5.0,ok,
label_plate_D,input_box_4,no,,593.000000,5.0,ok,
label_plate_D,barcode_scanner,no,,510.596083,5.0,ok,
label_plate_D,photoelectric_sensor,no,,339.628105,5.0,ok,
label_plate_D,category_A_output_box_4x6,no,,248.819714,5.0,ok,
label_plate_D,category_B_output_box_4x6,no,,226.500000,5.0,ok,
label_plate_D,category_C_output_box_4x6,no,,104.313230,5.0,ok,
label_plate_D,category_D_output_box_4x6,no,,16.500000,5.0,ok,
label_plate_D,manual_review_bin_2x3,no,,503.469373,5.0,ok,
label_plate_D,input_box_1_demo_tube_01_purple75,no,,862.998407,5.0,ok,
label_plate_D,input_box_1_demo_tube_02_yellow100,no,,791.620016,5.0,ok,
label_plate_D,input_box_1_demo_tube_03_blue75,no,,729.494517,5.0,ok,
label_plate_D,input_box_1_demo_tube_04_red75,no,,786.652560,5.0,ok,
label_plate_D,input_box_1_demo_tube_05_purple75,no,,724.100994,5.0,ok,
label_plate_D,input_box_2_demo_tube_01_purple75,no,,805.255394,5.0,ok,
label_plate_D,input_box_2_demo_tube_02_yellow100,no,,728.239143,5.0,ok,
label_plate_D,input_box_2_demo_tube_03_blue75,no,,665.666771,5.0,ok,
label_plate_D,input_box_2_demo_tube_04_red75,no,,732.838488,5.0,ok,
label_plate_D,input_box_2_demo_tube_05_purple75,no,,670.695348,5.0,ok,
label_plate_D,input_box_3_demo_tube_01_purple75,no,,765.445132,5.0,ok,
label_plate_D,input_box_3_demo_tube_02_yellow100,no,,683.960708,5.0,ok,
label_plate_D,input_box_3_demo_tube_03_blue75,no,,622.785878,5.0,ok,
label_plate_D,input_box_3_demo_tube_04_red75,no,,699.344157,5.0,ok,
label_plate_D,input_box_3_demo_tube_05_purple75,no,,639.642283,5.0,ok,
label_plate_D,input_box_4_demo_tube_01_purple75,no,,746.442396,5.0,ok,
label_plate_D,input_box_4_demo_tube_02_yellow100,no,,662.625271,5.0,ok,
label_plate_D,input_box_4_demo_tube_03_blue75,no,,605.319957,5.0,ok,
label_plate_D,input_box_4_demo_tube_04_red75,no,,689.058778,5.0,ok,
label_plate_D,input_box_4_demo_tube_05_purple75,no,,633.337161,5.0,ok,
label_plate_D,scan_station_demo_tube_yellow100,no,,513.499026,5.0,ok,
label_plate_D,category_A_classified_tube_01_purple75,no,,409.666023,5.0,ok,
label_plate_D,category_A_classified_tube_02_purple75,no,,353.890167,5.0,ok,
label_plate_D,category_A_classified_tube_03_purple75,no,,300.815974,5.0,ok,
label_plate_D,category_B_classified_tube_01_yellow100,no,,323.768822,5.0,ok,
label_plate_D,category_B_classified_tube_02_yellow100,no,,292.638429,5.0,ok,
label_plate_D,category_B_classified_tube_03_yellow100,no,,265.198511,5.0,ok,
label_plate_D,category_C_classified_tube_01_blue75,no,,278.057998,5.0,ok,
label_plate_D,category_C_classified_tube_02_blue75,no,,215.611340,5.0,ok,
label_plate_D,category_C_classified_tube_03_blue75,no,,153.297913,5.0,ok,
label_plate_D,category_D_classified_tube_01_red75,no,,119.650533,5.0,ok,
label_plate_D,category_D_classified_tube_02_red75,no,,82.989457,5.0,ok,
label_plate_D,category_D_classified_tube_03_red75,no,,57.794896,5.0,ok,
label_plate_REVIEW,control_box_placeholder,no,,953.165778,5.0,ok,
label_plate_REVIEW,emergency_stop_placeholder,no,,260.178708,5.0,ok,
label_plate_REVIEW,cable_chain_path_placeholder,no,,665.369258,5.0,ok,
label_plate_REVIEW,transparent_guard_frame_placeholder,yes,,,5.0,allowed_mount_contact,whitelisted expected mount/contact pair
label_plate_REVIEW,limit_switch_placeholder_1,no,,288.472460,5.0,ok,
label_plate_REVIEW,limit_switch_placeholder_2,no,,790.565146,5.0,ok,
label_plate_REVIEW,limit_switch_placeholder_3,no,,631.378935,5.0,ok,
label_plate_REVIEW,limit_switch_placeholder_4,no,,969.750612,5.0,ok,
label_plate_REVIEW,left_y_axis_module,no,,246.820176,5.0,ok,
label_plate_REVIEW,right_y_axis_module,no,,635.751224,5.0,ok,
label_plate_REVIEW,x_axis_module_on_gantry,no,,367.668535,5.0,ok,
label_plate_REVIEW,z_axis_module,no,,412.291778,5.0,ok,
label_plate_REVIEW,electric_parallel_gripper,no,,348.960872,5.0,ok,
label_plate_REVIEW,input_box_1,no,,578.918172,5.0,ok,
label_plate_REVIEW,input_box_2,no,,449.039252,5.0,ok,
label_plate_REVIEW,input_box_3,no,,319.258907,5.0,ok,
label_plate_REVIEW,input_box_4,no,,189.779477,5.0,ok,
label_plate_REVIEW,barcode_scanner,no,,450.940927,5.0,ok,
label_plate_REVIEW,photoelectric_sensor,no,,412.615135,5.0,ok,
label_plate_REVIEW,category_A_output_box_4x6,no,,509.682499,5.0,ok,
label_plate_REVIEW,category_B_output_box_4x6,no,,626.830320,5.0,ok,
label_plate_REVIEW,category_C_output_box_4x6,no,,330.463689,5.0,ok,
label_plate_REVIEW,category_D_output_box_4x6,no,,492.286756,5.0,ok,
label_plate_REVIEW,manual_review_bin_2x3,no,,16.000000,5.0,ok,
label_plate_REVIEW,input_box_1_demo_tube_01_purple75,no,,694.703714,5.0,ok,
label_plate_REVIEW,input_box_1_demo_tube_02_yellow100,no,,678.555267,5.0,ok,
label_plate_REVIEW,input_box_1_demo_tube_03_blue75,no,,645.458945,5.0,ok,
label_plate_REVIEW,input_box_1_demo_tube_04_red75,no,,627.755725,5.0,ok,
label_plate_REVIEW,input_box_1_demo_tube_05_purple75,no,,591.825354,5.0,ok,
label_plate_REVIEW,input_box_2_demo_tube_01_purple75,no,,569.792287,5.0,ok,
label_plate_REVIEW,input_box_2_demo_tube_02_yellow100,no,,549.988409,5.0,ok,
label_plate_REVIEW,input_box_2_demo_tube_03_blue75,no,,515.700737,5.0,ok,
label_plate_REVIEW,input_box_2_demo_tube_04_red75,no,,500.686778,5.0,ok,
label_plate_REVIEW,input_box_2_demo_tube_05_purple75,no,,462.760467,5.0,ok,
label_plate_REVIEW,input_box_3_demo_tube_01_purple75,no,,447.787059,5.0,ok,
label_plate_REVIEW,input_box_3_demo_tube_02_yellow100,no,,422.299953,5.0,ok,
label_plate_REVIEW,input_box_3_demo_tube_03_blue75,no,,386.105232,5.0,ok,
label_plate_REVIEW,input_box_3_demo_tube_04_red75,no,,375.629139,5.0,ok,
label_plate_REVIEW,input_box_3_demo_tube_05_purple75,no,,334.420768,5.0,ok,
label_plate_REVIEW,input_box_4_demo_tube_01_purple75,no,,331.908496,5.0,ok,
label_plate_REVIEW,input_box_4_demo_tube_02_yellow100,no,,296.626449,5.0,ok,
label_plate_REVIEW,input_box_4_demo_tube_03_blue75,no,,256.918761,5.0,ok,
label_plate_REVIEW,input_box_4_demo_tube_04_red75,no,,255.552832,5.0,ok,
label_plate_REVIEW,input_box_4_demo_tube_05_purple75,no,,208.151988,5.0,ok,
label_plate_REVIEW,scan_station_demo_tube_yellow100,no,,405.578907,5.0,ok,
label_plate_REVIEW,category_A_classified_tube_01_purple75,no,,600.885388,5.0,ok,
label_plate_REVIEW,category_A_classified_tube_02_purple75,no,,599.041943,5.0,ok,
label_plate_REVIEW,category_A_classified_tube_03_purple75,no,,603.721169,5.0,ok,
label_plate_REVIEW,category_B_classified_tube_01_yellow100,no,,706.571476,5.0,ok,
label_plate_REVIEW,category_B_classified_tube_02_yellow100,no,,721.492377,5.0,ok,
label_plate_REVIEW,category_B_classified_tube_03_yellow100,no,,741.417055,5.0,ok,
label_plate_REVIEW,category_C_classified_tube_01_blue75,no,,413.537483,5.0,ok,
label_plate_REVIEW,category_C_classified_tube_02_blue75,no,,424.924993,5.0,ok,
label_plate_REVIEW,category_C_classified_tube_03_blue75,no,,444.914879,5.0,ok,
label_plate_REVIEW,category_D_classified_tube_01_red75,no,,556.051481,5.0,ok,
label_plate_REVIEW,category_D_classified_tube_02_red75,no,,585.030982,5.0,ok,
label_plate_REVIEW,category_D_classified_tube_03_red75,no,,619.006664,5.0,ok,
control_box_placeholder,emergency_stop_placeholder,no,,1216.161276,5.0,ok,
control_box_placeholder,cable_chain_path_placeholder,no,,50.000000,5.0,ok,
control_box_placeholder,transparent_guard_frame_placeholder,yes,,,5.0,allowed_mount_contact,whitelisted expected mount/contact pair
control_box_placeholder,limit_switch_placeholder_1,no,,1228.946398,5.0,ok,
control_box_placeholder,limit_switch_placeholder_2,no,,959.018769,5.0,ok,
control_box_placeholder,limit_switch_placeholder_3,no,,768.523422,5.0,ok,
control_box_placeholder,limit_switch_placeholder_4,no,,6.000000,5.0,ok,
control_box_placeholder,left_y_axis_module,no,,924.865589,5.0,ok,
control_box_placeholder,right_y_axis_module,no,,9.165104,5.0,ok,
control_box_placeholder,x_axis_module_on_gantry,no,,374.068405,5.0,ok,
control_box_placeholder,z_axis_module,no,,536.837135,5.0,ok,
control_box_placeholder,electric_parallel_gripper,no,,550.982341,5.0,ok,
control_box_placeholder,input_box_1,no,,701.170628,5.0,ok,
control_box_placeholder,input_box_2,no,,720.465301,5.0,ok,
control_box_placeholder,input_box_3,no,,761.774409,5.0,ok,
control_box_placeholder,input_box_4,no,,821.784795,5.0,ok,
control_box_placeholder,barcode_scanner,no,,628.589251,5.0,ok,
control_box_placeholder,photoelectric_sensor,no,,495.814038,5.0,ok,
control_box_placeholder,category_A_output_box_4x6,no,,261.304899,5.0,ok,
control_box_placeholder,category_B_output_box_4x6,no,,155.500000,5.0,ok,
control_box_placeholder,category_C_output_box_4x6,no,,421.533213,5.0,ok,
control_box_placeholder,category_D_output_box_4x6,no,,365.500000,5.0,ok,
control_box_placeholder,manual_review_bin_2x3,no,,876.358374,5.0,ok,
control_box_placeholder,input_box_1_demo_tube_01_purple75,no,,853.495313,5.0,ok,
control_box_placeholder,input_box_1_demo_tube_02_yellow100,no,,769.658528,5.0,ok,
control_box_placeholder,input_box_1_demo_tube_03_blue75,no,,716.314351,5.0,ok,
control_box_placeholder,input_box_1_demo_tube_04_red75,no,,803.092927,5.0,ok,
control_box_placeholder,input_box_1_demo_tube_05_purple75,no,,752.123826,5.0,ok,
control_box_placeholder,input_box_2_demo_tube_01_purple75,no,,870.910013,5.0,ok,
control_box_placeholder,input_box_2_demo_tube_02_yellow100,no,,788.926010,5.0,ok,
control_box_placeholder,input_box_2_demo_tube_03_blue75,no,,741.900431,5.0,ok,
control_box_placeholder,input_box_2_demo_tube_04_red75,no,,830.390420,5.0,ok,
control_box_placeholder,input_box_2_demo_tube_05_purple75,no,,785.850017,5.0,ok,
control_box_placeholder,input_box_3_demo_tube_01_purple75,no,,906.815444,5.0,ok,
control_box_placeholder,input_box_3_demo_tube_02_yellow100,no,,828.392570,5.0,ok,
control_box_placeholder,input_box_3_demo_tube_03_blue75,no,,788.369361,5.0,ok,
control_box_placeholder,input_box_3_demo_tube_04_red75,no,,876.320860,5.0,ok,
control_box_placeholder,input_box_3_demo_tube_05_purple75,no,,838.588248,5.0,ok,
control_box_placeholder,input_box_4_demo_tube_01_purple75,no,,959.137243,5.0,ok,
control_box_placeholder,input_box_4_demo_tube_02_yellow100,no,,885.361085,5.0,ok,
control_box_placeholder,input_box_4_demo_tube_03_blue75,no,,852.312296,5.0,ok,
control_box_placeholder,input_box_4_demo_tube_04_red75,no,,938.151507,5.0,ok,
control_box_placeholder,input_box_4_demo_tube_05_purple75,no,,907.028252,5.0,ok,
control_box_placeholder,scan_station_demo_tube_yellow100,no,,671.766514,5.0,ok,
control_box_placeholder,category_A_classified_tube_01_purple75,no,,398.038001,5.0,ok,
control_box_placeholder,category_A_classified_tube_02_purple75,no,,362.047304,5.0,ok,
control_box_placeholder,category_A_classified_tube_03_purple75,no,,334.009356,5.0,ok,
control_box_placeholder,category_B_classified_tube_01_yellow100,no,,224.709257,5.0,ok,
control_box_placeholder,category_B_classified_tube_02_yellow100,no,,216.005208,5.0,ok,
control_box_placeholder,category_B_classified_tube_03_yellow100,no,,225.082763,5.0,ok,
control_box_placeholder,category_C_classified_tube_01_blue75,no,,521.578613,5.0,ok,
control_box_placeholder,category_C_classified_tube_02_blue75,no,,506.407198,5.0,ok,
control_box_placeholder,category_C_classified_tube_03_blue75,no,,498.690535,5.0,ok,
control_box_placeholder,category_D_classified_tube_01_red75,no,,405.097828,5.0,ok,
control_box_placeholder,category_D_classified_tube_02_red75,no,,414.762884,5.0,ok,
control_box_placeholder,category_D_classified_tube_03_red75,no,,433.350032,5.0,ok,
emergency_stop_placeholder,cable_chain_path_placeholder,no,,705.234713,5.0,ok,
emergency_stop_placeholder,transparent_guard_frame_placeholder,yes,,,5.0,allowed_mount_contact,whitelisted expected mount/contact pair
emergency_stop_placeholder,limit_switch_placeholder_1,no,,40.000000,5.0,ok,
emergency_stop_placeholder,limit_switch_placeholder_2,no,,775.032903,5.0,ok,
emergency_stop_placeholder,limit_switch_placeholder_3,no,,962.831242,5.0,ok,
emergency_stop_placeholder,limit_switch_placeholder_4,no,,1235.362295,5.0,ok,
emergency_stop_placeholder,left_y_axis_module,no,,17.334896,5.0,ok,
emergency_stop_placeholder,right_y_axis_module,no,,969.906147,5.0,ok,
emergency_stop_placeholder,x_axis_module_on_gantry,no,,405.462700,5.0,ok,
emergency_stop_placeholder,z_axis_module,no,,616.024399,5.0,ok,
emergency_stop_placeholder,electric_parallel_gripper,no,,550.113661,5.0,ok,
emergency_stop_placeholder,input_box_1,no,,618.540217,5.0,ok,
emergency_stop_placeholder,input_box_2,no,,489.215699,5.0,ok,
emergency_stop_placeholder,input_box_3,no,,360.377580,5.0,ok,
emergency_stop_placeholder,input_box_4,no,,232.834705,5.0,ok,
emergency_stop_placeholder,barcode_scanner,no,,584.763208,5.0,ok,
emergency_stop_placeholder,photoelectric_sensor,no,,605.819280,5.0,ok,
emergency_stop_placeholder,category_A_output_box_4x6,no,,741.024291,5.0,ok,
emergency_stop_placeholder,category_B_output_box_4x6,no,,906.938256,5.0,ok,
emergency_stop_placeholder,category_C_output_box_4x6,no,,618.705908,5.0,ok,
emergency_stop_placeholder,category_D_output_box_4x6,no,,810.072219,5.0,ok,
emergency_stop_placeholder,manual_review_bin_2x3,no,,251.750372,5.0,ok,
emergency_stop_placeholder,input_box_1_demo_tube_01_purple75,no,,713.248905,5.0,ok,
emergency_stop_placeholder,input_box_1_demo_tube_02_yellow100,no,,726.088149,5.0,ok,
emergency_stop_placeholder,input_box_1_demo_tube_03_blue75,no,,713.013324,5.0,ok,
emergency_stop_placeholder,input_box_1_demo_tube_04_red75,no,,665.651561,5.0,ok,
emergency_stop_placeholder,input_box_1_demo_tube_05_purple75,no,,651.364721,5.0,ok,
emergency_stop_placeholder,input_box_2_demo_tube_01_purple75,no,,583.972602,5.0,ok,
emergency_stop_placeholder,input_box_2_demo_tube_02_yellow100,no,,599.586524,5.0,ok,
emergency_stop_placeholder,input_box_2_demo_tube_03_blue75,no,,589.888125,5.0,ok,
emergency_stop_placeholder,input_box_2_demo_tube_04_red75,no,,538.471912,5.0,ok,
emergency_stop_placeholder,input_box_2_demo_tube_05_purple75,no,,527.651400,5.0,ok,
emergency_stop_placeholder,input_box_3_demo_tube_01_purple75,no,,455.108778,5.0,ok,
emergency_stop_placeholder,input_box_3_demo_tube_02_yellow100,no,,474.977894,5.0,ok,
emergency_stop_placeholder,input_box_3_demo_tube_03_blue75,no,,470.476354,5.0,ok,
emergency_stop_placeholder,input_box_3_demo_tube_04_red75,no,,413.052055,5.0,ok,
emergency_stop_placeholder,input_box_3_demo_tube_05_purple75,no,,407.867626,5.0,ok,
emergency_stop_placeholder,input_box_4_demo_tube_01_purple75,no,,327.145228,5.0,ok,
emergency_stop_placeholder,input_box_4_demo_tube_02_yellow100,no,,354.265437,5.0,ok,
emergency_stop_placeholder,input_box_4_demo_tube_03_blue75,no,,358.508019,5.0,ok,
emergency_stop_placeholder,input_box_4_demo_tube_04_red75,no,,291.671048,5.0,ok,
emergency_stop_placeholder,input_box_4_demo_tube_05_purple75,no,,296.809703,5.0,ok,
emergency_stop_placeholder,scan_station_demo_tube_yellow100,no,,551.210486,5.0,ok,
emergency_stop_placeholder,category_A_classified_tube_01_purple75,no,,815.713798,5.0,ok,
emergency_stop_placeholder,category_A_classified_tube_02_purple75,no,,835.754150,5.0,ok,
emergency_stop_placeholder,category_A_classified_tube_03_purple75,no,,859.895924,5.0,ok,
emergency_stop_placeholder,category_B_classified_tube_01_yellow100,no,,971.518914,5.0,ok,
emergency_stop_placeholder,category_B_classified_tube_02_yellow100,no,,1000.232473,5.0,ok,
emergency_stop_placeholder,category_B_classified_tube_03_yellow100,no,,1031.950096,5.0,ok,
emergency_stop_placeholder,category_C_classified_tube_01_blue75,no,,677.929937,5.0,ok,
emergency_stop_placeholder,category_C_classified_tube_02_blue75,no,,710.242916,5.0,ok,
emergency_stop_placeholder,category_C_classified_tube_03_blue75,no,,746.418783,5.0,ok,
emergency_stop_placeholder,category_D_classified_tube_01_red75,no,,859.097783,5.0,ok,
emergency_stop_placeholder,category_D_classified_tube_02_red75,no,,898.011693,5.0,ok,
emergency_stop_placeholder,category_D_classified_tube_03_red75,no,,939.489755,5.0,ok,
cable_chain_path_placeholder,transparent_guard_frame_placeholder,yes,,,5.0,allowed_mount_contact,whitelisted expected mount/contact pair
cable_chain_path_placeholder,limit_switch_placeholder_1,no,,699.683500,5.0,ok,
cable_chain_path_placeholder,limit_switch_placeholder_2,no,,89.000000,5.0,ok,
cable_chain_path_placeholder,limit_switch_placeholder_3,no,,698.148981,5.0,ok,
cable_chain_path_placeholder,limit_switch_placeholder_4,no,,76.000000,5.0,ok,
cable_chain_path_placeholder,left_y_axis_module,no,,54.820176,5.0,ok,
cable_chain_path_placeholder,right_y_axis_module,no,,83.751224,5.0,ok,
cable_chain_path_placeholder,x_axis_module_on_gantry,no,,268.059842,5.0,ok,
cable_chain_path_placeholder,z_axis_module,no,,239.000000,5.0,ok,
cable_chain_path_placeholder,electric_parallel_gripper,no,,291.000000,5.0,ok,
cable_chain_path_placeholder,input_box_1,no,,13.000000,5.0,ok,
cable_chain_path_placeholder,input_box_2,no,,96.876210,5.0,ok,
cable_chain_path_placeholder,input_box_3,no,,226.373585,5.0,ok,
cable_chain_path_placeholder,input_box_4,no,,356.237280,5.0,ok,
cable_chain_path_placeholder,barcode_scanner,no,,193.054194,5.0,ok,
cable_chain_path_placeholder,photoelectric_sensor,no,,217.100000,5.0,ok,
cable_chain_path_placeholder,category_A_output_box_4x6,no,,82.036577,5.0,ok,
cable_chain_path_placeholder,category_B_output_box_4x6,no,,82.036577,5.0,ok,
cable_chain_path_placeholder,category_C_output_box_4x6,no,,291.290233,5.0,ok,
cable_chain_path_placeholder,category_D_output_box_4x6,no,,291.290233,5.0,ok,
cable_chain_path_placeholder,manual_review_bin_2x3,no,,573.647322,5.0,ok,
cable_chain_path_placeholder,input_box_1_demo_tube_01_purple75,yes,,,5.0,allowed_mount_contact,whitelisted expected mount/contact pair
cable_chain_path_placeholder,input_box_1_demo_tube_02_yellow100,yes,,,5.0,allowed_mount_contact,whitelisted expected mount/contact pair
cable_chain_path_placeholder,input_box_1_demo_tube_03_blue75,no,,4.000000,5.0,allowed_mount_contact,whitelisted expected mount/contact pair
cable_chain_path_placeholder,input_box_1_demo_tube_04_red75,no,,32.000000,5.0,ok,
cable_chain_path_placeholder,input_box_1_demo_tube_05_purple75,no,,60.000000,5.0,ok,
cable_chain_path_placeholder,input_box_2_demo_tube_01_purple75,no,,106.000000,5.0,ok,
cable_chain_path_placeholder,input_box_2_demo_tube_02_yellow100,no,,106.000000,5.0,ok,
cable_chain_path_placeholder,input_box_2_demo_tube_03_blue75,no,,134.000000,5.0,ok,
cable_chain_path_placeholder,input_box_2_demo_tube_04_red75,no,,162.000000,5.0,ok,
cable_chain_path_placeholder,input_box_2_demo_tube_05_purple75,no,,190.000000,5.0,ok,
cable_chain_path_placeholder,input_box_3_demo_tube_01_purple75,no,,236.000000,5.0,ok,
cable_chain_path_placeholder,input_box_3_demo_tube_02_yellow100,no,,236.000000,5.0,ok,
cable_chain_path_placeholder,input_box_3_demo_tube_03_blue75,no,,264.000000,5.0,ok,
cable_chain_path_placeholder,input_box_3_demo_tube_04_red75,no,,292.000000,5.0,ok,
cable_chain_path_placeholder,input_box_3_demo_tube_05_purple75,no,,320.000000,5.0,ok,
cable_chain_path_placeholder,input_box_4_demo_tube_01_purple75,no,,366.000000,5.0,ok,
cable_chain_path_placeholder,input_box_4_demo_tube_02_yellow100,no,,366.000000,5.0,ok,
cable_chain_path_placeholder,input_box_4_demo_tube_03_blue75,no,,394.000000,5.0,ok,
cable_chain_path_placeholder,input_box_4_demo_tube_04_red75,no,,422.000000,5.0,ok,
cable_chain_path_placeholder,input_box_4_demo_tube_05_purple75,no,,450.000000,5.0,ok,
cable_chain_path_placeholder,scan_station_demo_tube_yellow100,no,,243.000000,5.0,ok,
cable_chain_path_placeholder,category_A_classified_tube_01_purple75,no,,91.000000,5.0,ok,
cable_chain_path_placeholder,category_A_classified_tube_02_purple75,no,,119.000000,5.0,ok,
cable_chain_path_placeholder,category_A_classified_tube_03_purple75,no,,147.000000,5.0,ok,
cable_chain_path_placeholder,category_B_classified_tube_01_yellow100,no,,91.000000,5.0,ok,
cable_chain_path_placeholder,category_B_classified_tube_02_yellow100,no,,119.000000,5.0,ok,
cable_chain_path_placeholder,category_B_classified_tube_03_yellow100,no,,147.000000,5.0,ok,
cable_chain_path_placeholder,category_C_classified_tube_01_blue75,no,,301.000000,5.0,ok,
cable_chain_path_placeholder,category_C_classified_tube_02_blue75,no,,329.000000,5.0,ok,
cable_chain_path_placeholder,category_C_classified_tube_03_blue75,no,,357.000000,5.0,ok,
cable_chain_path_placeholder,category_D_classified_tube_01_red75,no,,301.000000,5.0,ok,
cable_chain_path_placeholder,category_D_classified_tube_02_red75,no,,329.000000,5.0,ok,
cable_chain_path_placeholder,category_D_classified_tube_03_red75,no,,357.000000,5.0,ok,
transparent_guard_frame_placeholder,limit_switch_placeholder_1,yes,,,5.0,allowed_mount_contact,whitelisted expected mount/contact pair
transparent_guard_frame_placeholder,limit_switch_placeholder_2,yes,,,5.0,allowed_mount_contact,whitelisted expected mount/contact pair
transparent_guard_frame_placeholder,limit_switch_placeholder_3,yes,,,5.0,allowed_mount_contact,whitelisted expected mount/contact pair
transparent_guard_frame_placeholder,limit_switch_placeholder_4,yes,,,5.0,allowed_mount_contact,whitelisted expected mount/contact pair
transparent_guard_frame_placeholder,left_y_axis_module,yes,,,5.0,allowed_mount_contact,whitelisted expected mount/contact pair
transparent_guard_frame_placeholder,right_y_axis_module,yes,,,5.0,allowed_mount_contact,whitelisted expected mount/contact pair
transparent_guard_frame_placeholder,x_axis_module_on_gantry,no,,23.820176,5.0,ok,
transparent_guard_frame_placeholder,z_axis_module,yes,,,5.0,allowed_mount_contact,whitelisted expected mount/contact pair
transparent_guard_frame_placeholder,electric_parallel_gripper,yes,,,5.0,allowed_mount_contact,whitelisted expected mount/contact pair
transparent_guard_frame_placeholder,input_box_1,yes,,,5.0,allowed_mount_contact,whitelisted expected mount/contact pair
transparent_guard_frame_placeholder,input_box_2,yes,,,5.0,allowed_mount_contact,whitelisted expected mount/contact pair
transparent_guard_frame_placeholder,input_box_3,yes,,,5.0,allowed_mount_contact,whitelisted expected mount/contact pair
transparent_guard_frame_placeholder,input_box_4,yes,,,5.0,allowed_mount_contact,whitelisted expected mount/contact pair
transparent_guard_frame_placeholder,barcode_scanner,yes,,,5.0,allowed_mount_contact,whitelisted expected mount/contact pair
transparent_guard_frame_placeholder,photoelectric_sensor,yes,,,5.0,allowed_mount_contact,whitelisted expected mount/contact pair
transparent_guard_frame_placeholder,category_A_output_box_4x6,yes,,,5.0,allowed_mount_contact,whitelisted expected mount/contact pair
transparent_guard_frame_placeholder,category_B_output_box_4x6,yes,,,5.0,allowed_mount_contact,whitelisted expected mount/contact pair
transparent_guard_frame_placeholder,category_C_output_box_4x6,yes,,,5.0,allowed_mount_contact,whitelisted expected mount/contact pair
transparent_guard_frame_placeholder,category_D_output_box_4x6,yes,,,5.0,allowed_mount_contact,whitelisted expected mount/contact pair
transparent_guard_frame_placeholder,manual_review_bin_2x3,yes,,,5.0,allowed_mount_contact,whitelisted expected mount/contact pair
transparent_guard_frame_placeholder,input_box_1_demo_tube_01_purple75,yes,,,5.0,allowed_mount_contact,whitelisted expected mount/contact pair
transparent_guard_frame_placeholder,input_box_1_demo_tube_02_yellow100,yes,,,5.0,allowed_mount_contact,whitelisted expected mount/contact pair
transparent_guard_frame_placeholder,input_box_1_demo_tube_03_blue75,yes,,,5.0,allowed_mount_contact,whitelisted expected mount/contact pair
transparent_guard_frame_placeholder,input_box_1_demo_tube_04_red75,yes,,,5.0,allowed_mount_contact,whitelisted expected mount/contact pair
transparent_guard_frame_placeholder,input_box_1_demo_tube_05_purple75,yes,,,5.0,allowed_mount_contact,whitelisted expected mount/contact pair
transparent_guard_frame_placeholder,input_box_2_demo_tube_01_purple75,yes,,,5.0,allowed_mount_contact,whitelisted expected mount/contact pair
transparent_guard_frame_placeholder,input_box_2_demo_tube_02_yellow100,yes,,,5.0,allowed_mount_contact,whitelisted expected mount/contact pair
transparent_guard_frame_placeholder,input_box_2_demo_tube_03_blue75,yes,,,5.0,allowed_mount_contact,whitelisted expected mount/contact pair
transparent_guard_frame_placeholder,input_box_2_demo_tube_04_red75,yes,,,5.0,allowed_mount_contact,whitelisted expected mount/contact pair
transparent_guard_frame_placeholder,input_box_2_demo_tube_05_purple75,yes,,,5.0,allowed_mount_contact,whitelisted expected mount/contact pair
transparent_guard_frame_placeholder,input_box_3_demo_tube_01_purple75,yes,,,5.0,allowed_mount_contact,whitelisted expected mount/contact pair
transparent_guard_frame_placeholder,input_box_3_demo_tube_02_yellow100,yes,,,5.0,allowed_mount_contact,whitelisted expected mount/contact pair
transparent_guard_frame_placeholder,input_box_3_demo_tube_03_blue75,yes,,,5.0,allowed_mount_contact,whitelisted expected mount/contact pair
transparent_guard_frame_placeholder,input_box_3_demo_tube_04_red75,yes,,,5.0,allowed_mount_contact,whitelisted expected mount/contact pair
transparent_guard_frame_placeholder,input_box_3_demo_tube_05_purple75,yes,,,5.0,allowed_mount_contact,whitelisted expected mount/contact pair
transparent_guard_frame_placeholder,input_box_4_demo_tube_01_purple75,yes,,,5.0,allowed_mount_contact,whitelisted expected mount/contact pair
transparent_guard_frame_placeholder,input_box_4_demo_tube_02_yellow100,yes,,,5.0,allowed_mount_contact,whitelisted expected mount/contact pair
transparent_guard_frame_placeholder,input_box_4_demo_tube_03_blue75,yes,,,5.0,allowed_mount_contact,whitelisted expected mount/contact pair
transparent_guard_frame_placeholder,input_box_4_demo_tube_04_red75,yes,,,5.0,allowed_mount_contact,whitelisted expected mount/contact pair
transparent_guard_frame_placeholder,input_box_4_demo_tube_05_purple75,yes,,,5.0,allowed_mount_contact,whitelisted expected mount/contact pair
transparent_guard_frame_placeholder,scan_station_demo_tube_yellow100,yes,,,5.0,allowed_mount_contact,whitelisted expected mount/contact pair
transparent_guard_frame_placeholder,category_A_classified_tube_01_purple75,yes,,,5.0,allowed_mount_contact,whitelisted expected mount/contact pair
transparent_guard_frame_placeholder,category_A_classified_tube_02_purple75,yes,,,5.0,allowed_mount_contact,whitelisted expected mount/contact pair
transparent_guard_frame_placeholder,category_A_classified_tube_03_purple75,yes,,,5.0,allowed_mount_contact,whitelisted expected mount/contact pair
transparent_guard_frame_placeholder,category_B_classified_tube_01_yellow100,yes,,,5.0,allowed_mount_contact,whitelisted expected mount/contact pair
transparent_guard_frame_placeholder,category_B_classified_tube_02_yellow100,yes,,,5.0,allowed_mount_contact,whitelisted expected mount/contact pair
transparent_guard_frame_placeholder,category_B_classified_tube_03_yellow100,yes,,,5.0,allowed_mount_contact,whitelisted expected mount/contact pair
transparent_guard_frame_placeholder,category_C_classified_tube_01_blue75,yes,,,5.0,allowed_mount_contact,whitelisted expected mount/contact pair
transparent_guard_frame_placeholder,category_C_classified_tube_02_blue75,yes,,,5.0,allowed_mount_contact,whitelisted expected mount/contact pair
transparent_guard_frame_placeholder,category_C_classified_tube_03_blue75,yes,,,5.0,allowed_mount_contact,whitelisted expected mount/contact pair
transparent_guard_frame_placeholder,category_D_classified_tube_01_red75,yes,,,5.0,allowed_mount_contact,whitelisted expected mount/contact pair
transparent_guard_frame_placeholder,category_D_classified_tube_02_red75,yes,,,5.0,allowed_mount_contact,whitelisted expected mount/contact pair
transparent_guard_frame_placeholder,category_D_classified_tube_03_red75,yes,,,5.0,allowed_mount_contact,whitelisted expected mount/contact pair
limit_switch_placeholder_1,limit_switch_placeholder_2,no,,766.000000,5.0,ok,
limit_switch_placeholder_1,limit_switch_placeholder_3,no,,985.000000,5.0,ok,
limit_switch_placeholder_1,limit_switch_placeholder_4,no,,1247.790447,5.0,ok,
limit_switch_placeholder_1,left_y_axis_module,no,,9.334896,5.0,ok,
limit_switch_placeholder_1,right_y_axis_module,no,,992.795111,5.0,ok,
limit_switch_placeholder_1,x_axis_module_on_gantry,no,,386.537927,5.0,ok,
limit_switch_placeholder_1,z_axis_module,no,,619.831759,5.0,ok,
limit_switch_placeholder_1,electric_parallel_gripper,no,,560.822824,5.0,ok,
limit_switch_placeholder_1,input_box_1,no,,614.350063,5.0,ok,
limit_switch_placeholder_1,input_box_2,no,,486.051438,5.0,ok,
limit_switch_placeholder_1,input_box_3,no,,358.979108,5.0,ok,
limit_switch_placeholder_1,input_box_4,no,,235.129751,5.0,ok,
limit_switch_placeholder_1,barcode_scanner,no,,590.252869,5.0,ok,
limit_switch_placeholder_1,photoelectric_sensor,no,,615.949673,5.0,ok,
limit_switch_placeholder_1,category_A_output_box_4x6,no,,753.877311,5.0,ok,
limit_switch_placeholder_1,category_B_output_box_4x6,no,,922.719351,5.0,ok,
limit_switch_placeholder_1,category_C_output_box_4x6,no,,636.687521,5.0,ok,
limit_switch_placeholder_1,category_D_output_box_4x6,no,,829.729474,5.0,ok,
limit_switch_placeholder_1,manual_review_bin_2x3,no,,275.594358,5.0,ok,
limit_switch_placeholder_1,input_box_1_demo_tube_01_purple75,no,,707.873576,5.0,ok,
limit_switch_placeholder_1,input_box_1_demo_tube_02_yellow100,no,,723.483932,5.0,ok,
limit_switch_placeholder_1,input_box_1_demo_tube_03_blue75,no,,712.486491,5.0,ok,
limit_switch_placeholder_1,input_box_1_demo_tube_04_red75,no,,662.514151,5.0,ok,
limit_switch_placeholder_1,input_box_1_demo_tube_05_purple75,no,,650.486741,5.0,ok,
limit_switch_placeholder_1,input_box_2_demo_tube_01_purple75,no,,579.193405,5.0,ok,
limit_switch_placeholder_1,input_box_2_demo_tube_02_yellow100,no,,598.171380,5.0,ok,
limit_switch_placeholder_1,input_box_2_demo_tube_03_blue75,no,,591.013536,5.0,ok,
limit_switch_placeholder_1,input_box_2_demo_tube_04_red75,no,,536.530521,5.0,ok,
limit_switch_placeholder_1,input_box_2_demo_tube_05_purple75,no,,528.538551,5.0,ok,
limit_switch_placeholder_1,input_box_3_demo_tube_01_purple75,no,,451.270429,5.0,ok,
limit_switch_placeholder_1,input_box_3_demo_tube_02_yellow100,no,,475.383003,5.0,ok,
limit_switch_placeholder_1,input_box_3_demo_tube_03_blue75,no,,474.085435,5.0,ok,
limit_switch_placeholder_1,input_box_3_demo_tube_04_red75,no,,413.043581,5.0,ok,
limit_switch_placeholder_1,input_box_3_demo_tube_05_purple75,no,,411.549511,5.0,ok,
limit_switch_placeholder_1,input_box_4_demo_tube_01_purple75,no,,325.000000,5.0,ok,
limit_switch_placeholder_1,input_box_4_demo_tube_02_yellow100,no,,357.727550,5.0,ok,
limit_switch_placeholder_1,input_box_4_demo_tube_03_blue75,no,,366.083324,5.0,ok,
limit_switch_placeholder_1,input_box_4_demo_tube_04_red75,no,,295.203320,5.0,ok,
limit_switch_placeholder_1,input_box_4_demo_tube_05_purple75,no,,305.275286,5.0,ok,
limit_switch_placeholder_1,scan_station_demo_tube_yellow100,no,,558.950803,5.0,ok,
limit_switch_placeholder_1,category_A_classified_tube_01_purple75,no,,825.911618,5.0,ok,
limit_switch_placeholder_1,category_A_classified_tube_02_purple75,no,,847.496313,5.0,ok,
limit_switch_placeholder_1,category_A_classified_tube_03_purple75,no,,873.046391,5.0,ok,
limit_switch_placeholder_1,category_B_classified_tube_01_yellow100,no,,985.012690,5.0,ok,
limit_switch_placeholder_1,category_B_classified_tube_02_yellow100,no,,1014.834962,5.0,ok,
limit_switch_placeholder_1,category_B_classified_tube_03_yellow100,no,,1047.554295,5.0,ok,
limit_switch_placeholder_1,category_C_classified_tube_01_blue75,no,,692.596564,5.0,ok,
limit_switch_placeholder_1,category_C_classified_tube_02_blue75,no,,726.340141,5.0,ok,
limit_switch_placeholder_1,category_C_classified_tube_03_blue75,no,,763.734247,5.0,ok,
limit_switch_placeholder_1,category_D_classified_tube_01_red75,no,,876.247682,5.0,ok,
limit_switch_placeholder_1,category_D_classified_tube_02_red75,no,,916.084057,5.0,ok,
limit_switch_placeholder_1,category_D_classified_tube_03_red75,no,,958.357971,5.0,ok,
limit_switch_placeholder_2,limit_switch_placeholder_3,no,,1247.790447,5.0,ok,
limit_switch_placeholder_2,limit_switch_placeholder_4,no,,985.000000,5.0,ok,
limit_switch_placeholder_2,left_y_axis_module,no,,6.665104,5.0,ok,
limit_switch_placeholder_2,right_y_axis_module,no,,992.773598,5.0,ok,
limit_switch_placeholder_2,x_axis_module_on_gantry,no,,376.861501,5.0,ok,
limit_switch_placeholder_2,z_axis_module,no,,564.361063,5.0,ok,
limit_switch_placeholder_2,electric_parallel_gripper,no,,557.554697,5.0,ok,
limit_switch_placeholder_2,input_box_1,no,,95.947903,5.0,ok,
limit_switch_placeholder_2,input_box_2,no,,189.699763,5.0,ok,
limit_switch_placeholder_2,input_box_3,no,,310.750704,5.0,ok,
limit_switch_placeholder_2,input_box_4,no,,436.973683,5.0,ok,
limit_switch_placeholder_2,barcode_scanner,no,,437.285451,5.0,ok,
limit_switch_placeholder_2,photoelectric_sensor,no,,525.688891,5.0,ok,
limit_switch_placeholder_2,category_A_output_box_4x6,no,,590.500635,5.0,ok,
limit_switch_placeholder_2,category_B_output_box_4x6,no,,794.840236,5.0,ok,
limit_switch_placeholder_2,category_C_output_box_4x6,no,,676.055471,5.0,ok,
limit_switch_placeholder_2,category_D_output_box_4x6,no,,860.308666,5.0,ok,
limit_switch_placeholder_2,manual_review_bin_2x3,no,,700.394353,5.0,ok,
limit_switch_placeholder_2,input_box_1_demo_tube_01_purple75,no,,102.883429,5.0,ok,
limit_switch_placeholder_2,input_box_1_demo_tube_02_yellow100,no,,181.463495,5.0,ok,
limit_switch_placeholder_2,input_box_1_demo_tube_03_blue75,no,,243.181003,5.0,ok,
limit_switch_placeholder_2,input_box_1_demo_tube_04_red75,no,,180.069431,5.0,ok,
limit_switch_placeholder_2,input_box_1_demo_tube_05_purple75,no,,242.142520,5.0,ok,
limit_switch_placeholder_2,input_box_2_demo_tube_01_purple75,no,,199.912481,5.0,ok,
limit_switch_placeholder_2,input_box_2_demo_tube_02_yellow100,no,,249.617708,5.0,ok,
limit_switch_placeholder_2,input_box_2_demo_tube_03_blue75,no,,309.510904,5.0,ok,
limit_switch_placeholder_2,input_box_2_demo_tube_04_red75,no,,276.342179,5.0,ok,
limit_switch_placeholder_2,input_box_2_demo_tube_05_purple75,no,,331.440794,5.0,ok,
limit_switch_placeholder_2,input_box_3_demo_tube_01_purple75,no,,321.161953,5.0,ok,
limit_switch_placeholder_2,input_box_3_demo_tube_02_yellow100,no,,354.244266,5.0,ok,
limit_switch_placeholder_2,input_box_3_demo_tube_03_blue75,no,,407.746245,5.0,ok,
limit_switch_placeholder_2,input_box_3_demo_tube_04_red75,no,,392.562097,5.0,ok,
limit_switch_placeholder_2,input_box_3_demo_tube_05_purple75,no,,441.444221,5.0,ok,
limit_switch_placeholder_2,input_box_4_demo_tube_01_purple75,no,,447.353328,5.0,ok,
limit_switch_placeholder_2,input_box_4_demo_tube_02_yellow100,no,,471.666196,5.0,ok,
limit_switch_placeholder_2,input_box_4_demo_tube_03_blue75,no,,520.112488,5.0,ok,
limit_switch_placeholder_2,input_box_4_demo_tube_04_red75,no,,515.407606,5.0,ok,
limit_switch_placeholder_2,input_box_4_demo_tube_05_purple75,no,,560.083030,5.0,ok,
limit_switch_placeholder_2,scan_station_demo_tube_yellow100,no,,471.620610,5.0,ok,
limit_switch_placeholder_2,category_A_classified_tube_01_purple75,no,,603.431852,5.0,ok,
limit_switch_placeholder_2,category_A_classified_tube_02_purple75,no,,665.018797,5.0,ok,
limit_switch_placeholder_2,category_A_classified_tube_03_purple75,no,,726.780572,5.0,ok,
limit_switch_placeholder_2,category_B_classified_tube_01_yellow100,no,,807.619960,5.0,ok,
limit_switch_placeholder_2,category_B_classified_tube_02_yellow100,no,,868.268392,5.0,ok,
limit_switch_placeholder_2,category_B_classified_tube_03_yellow100,no,,929.177055,5.0,ok,
limit_switch_placeholder_2,category_C_classified_tube_01_blue75,no,,690.427404,5.0,ok,
limit_switch_placeholder_2,category_C_classified_tube_02_blue75,no,,752.708443,5.0,ok,
limit_switch_placeholder_2,category_C_classified_tube_03_blue75,no,,815.039876,5.0,ok,
limit_switch_placeholder_2,category_D_classified_tube_01_red75,no,,874.534162,5.0,ok,
limit_switch_placeholder_2,category_D_classified_tube_02_red75,no,,937.128593,5.0,ok,
limit_switch_placeholder_2,category_D_classified_tube_03_red75,no,,999.724962,5.0,ok,
limit_switch_placeholder_3,limit_switch_placeholder_4,no,,766.000000,5.0,ok,
limit_switch_placeholder_3,left_y_axis_module,no,,950.865999,5.0,ok,
limit_switch_placeholder_3,right_y_axis_module,no,,9.334896,5.0,ok,
limit_switch_placeholder_3,x_axis_module_on_gantry,no,,381.744899,5.0,ok,
limit_switch_placeholder_3,z_axis_module,no,,610.094919,5.0,ok,
limit_switch_placeholder_3,electric_parallel_gripper,no,,572.303145,5.0,ok,
limit_switch_placeholder_3,input_box_1,no,,947.766321,5.0,ok,
limit_switch_placeholder_3,input_box_2,no,,870.104017,5.0,ok,
limit_switch_placeholder_3,input_box_3,no,,806.040322,5.0,ok,
limit_switch_placeholder_3,input_box_4,no,,759.026350,5.0,ok,
limit_switch_placeholder_3,barcode_scanner,no,,762.378285,5.0,ok,
limit_switch_placeholder_3,photoelectric_sensor,no,,607.455348,5.0,ok,
limit_switch_placeholder_3,category_A_output_box_4x6,no,,547.965327,5.0,ok,
limit_switch_placeholder_3,category_B_output_box_4x6,no,,495.223182,5.0,ok,
limit_switch_placeholder_3,category_C_output_box_4x6,no,,370.548242,5.0,ok,
limit_switch_placeholder_3,category_D_output_box_4x6,no,,286.855364,5.0,ok,
limit_switch_placeholder_3,manual_review_bin_2x3,no,,618.908111,5.0,ok,
limit_switch_placeholder_3,input_box_1_demo_tube_01_purple75,no,,1124.138781,5.0,ok,
limit_switch_placeholder_3,input_box_1_demo_tube_02_yellow100,no,,1059.830175,5.0,ok,
limit_switch_placeholder_3,input_box_1_demo_tube_03_blue75,no,,999.459854,5.0,ok,
limit_switch_placeholder_3,input_box_1_demo_tube_04_red75,no,,1045.466403,5.0,ok,
limit_switch_placeholder_3,input_box_1_demo_tube_05_purple75,no,,984.215424,5.0,ok,
limit_switch_placeholder_3,input_box_2_demo_tube_01_purple75,no,,1047.887399,5.0,ok,
limit_switch_placeholder_3,input_box_2_demo_tube_02_yellow100,no,,978.580605,5.0,ok,
limit_switch_placeholder_3,input_box_2_demo_tube_03_blue75,no,,916.831500,5.0,ok,
limit_switch_placeholder_3,input_box_2_demo_tube_04_red75,no,,970.535934,5.0,ok,
limit_switch_placeholder_3,input_box_2_demo_tube_05_purple75,no,,908.240056,5.0,ok,
limit_switch_placeholder_3,input_box_3_demo_tube_01_purple75,no,,982.979145,5.0,ok,
limit_switch_placeholder_3,input_box_3_demo_tube_02_yellow100,no,,908.735385,5.0,ok,
limit_switch_placeholder_3,input_box_3_demo_tube_03_blue75,no,,846.191468,5.0,ok,
limit_switch_placeholder_3,input_box_3_demo_tube_04_red75,no,,908.118935,5.0,ok,
limit_switch_placeholder_3,input_box_3_demo_tube_05_purple75,no,,845.529420,5.0,ok,
limit_switch_placeholder_3,input_box_4_demo_tube_01_purple75,no,,931.787529,5.0,ok,
limit_switch_placeholder_3,input_box_4_demo_tube_02_yellow100,no,,853.100229,5.0,ok,
limit_switch_placeholder_3,input_box_4_demo_tube_03_blue75,no,,790.759129,5.0,ok,
limit_switch_placeholder_3,input_box_4_demo_tube_04_red75,no,,860.941345,5.0,ok,
limit_switch_placeholder_3,input_box_4_demo_tube_05_purple75,no,,799.212112,5.0,ok,
limit_switch_placeholder_3,scan_station_demo_tube_yellow100,no,,755.744004,5.0,ok,
limit_switch_placeholder_3,category_A_classified_tube_01_purple75,no,,703.642665,5.0,ok,
limit_switch_placeholder_3,category_A_classified_tube_02_purple75,no,,650.157673,5.0,ok,
limit_switch_placeholder_3,category_A_classified_tube_03_purple75,no,,598.445486,5.0,ok,
limit_switch_placeholder_3,category_B_classified_tube_01_yellow100,no,,613.394653,5.0,ok,
limit_switch_placeholder_3,category_B_classified_tube_02_yellow100,no,,572.158195,5.0,ok,
limit_switch_placeholder_3,category_B_classified_tube_03_yellow100,no,,535.085974,5.0,ok,
limit_switch_placeholder_3,category_C_classified_tube_01_blue75,no,,540.992606,5.0,ok,
limit_switch_placeholder_3,category_C_classified_tube_02_blue75,no,,481.689734,5.0,ok,
limit_switch_placeholder_3,category_C_classified_tube_03_blue75,no,,423.340289,5.0,ok,
limit_switch_placeholder_3,category_D_classified_tube_01_red75,no,,416.908863,5.0,ok,
limit_switch_placeholder_3,category_D_classified_tube_02_red75,no,,369.709345,5.0,ok,
limit_switch_placeholder_3,category_D_classified_tube_03_red75,no,,327.714815,5.0,ok,
limit_switch_placeholder_4,left_y_axis_module,no,,950.843537,5.0,ok,
limit_switch_placeholder_4,right_y_axis_module,no,,6.665104,5.0,ok,
limit_switch_placeholder_4,x_axis_module_on_gantry,no,,371.943800,5.0,ok,
limit_switch_placeholder_4,z_axis_module,no,,553.649537,5.0,ok,
limit_switch_placeholder_4,electric_parallel_gripper,no,,569.100949,5.0,ok,
limit_switch_placeholder_4,input_box_1,no,,728.039147,5.0,ok,
limit_switch_placeholder_4,input_box_2,no,,746.204396,5.0,ok,
limit_switch_placeholder_4,input_box_3,no,,785.748688,5.0,ok,
limit_switch_placeholder_4,input_box_4,no,,843.671144,5.0,ok,
limit_switch_placeholder_4,barcode_scanner,no,,651.184126,5.0,ok,
limit_switch_placeholder_4,photoelectric_sensor,no,,515.710006,5.0,ok,
limit_switch_placeholder_4,category_A_output_box_4x6,no,,283.947178,5.0,ok,
limit_switch_placeholder_4,category_B_output_box_4x6,no,,160.018749,5.0,ok,
limit_switch_placeholder_4,category_C_output_box_4x6,no,,434.725201,5.0,ok,
limit_switch_placeholder_4,category_D_output_box_4x6,no,,366.013661,5.0,ok,
limit_switch_placeholder_4,manual_review_bin_2x3,no,,893.110995,5.0,ok,
limit_switch_placeholder_4,input_box_1_demo_tube_01_purple75,no,,879.311094,5.0,ok,
limit_switch_placeholder_4,input_box_1_demo_tube_02_yellow100,no,,795.449558,5.0,ok,
limit_switch_placeholder_4,input_box_1_demo_tube_03_blue75,no,,741.902959,5.0,ok,
limit_switch_placeholder_4,input_box_1_demo_tube_04_red75,no,,828.552955,5.0,ok,
limit_switch_placeholder_4,input_box_1_demo_tube_05_purple75,no,,777.290165,5.0,ok,
limit_switch_placeholder_4,input_box_2_demo_tube_01_purple75,no,,895.861596,5.0,ok,
limit_switch_placeholder_4,input_box_2_demo_tube_02_yellow100,no,,813.707564,5.0,ok,
limit_switch_placeholder_4,input_box_2_demo_tube_03_blue75,no,,766.211459,5.0,ok,
limit_switch_placeholder_4,input_box_2_demo_tube_04_red75,no,,854.657826,5.0,ok,
limit_switch_placeholder_4,input_box_2_demo_tube_05_purple75,no,,809.567786,5.0,ok,
limit_switch_placeholder_4,input_box_3_demo_tube_01_purple75,no,,930.455802,5.0,ok,
limit_switch_placeholder_4,input_box_3_demo_tube_02_yellow100,no,,851.645466,5.0,ok,
limit_switch_placeholder_4,input_box_3_demo_tube_03_blue75,no,,810.888402,5.0,ok,
limit_switch_placeholder_4,input_box_3_demo_tube_04_red75,no,,898.988320,5.0,ok,
limit_switch_placeholder_4,input_box_3_demo_tube_05_purple75,no,,860.476612,5.0,ok,
limit_switch_placeholder_4,input_box_4_demo_tube_01_purple75,no,,981.187036,5.0,ok,
limit_switch_placeholder_4,input_box_4_demo_tube_02_yellow100,no,,906.796559,5.0,ok,
limit_switch_placeholder_4,input_box_4_demo_tube_03_blue75,no,,872.811549,5.0,ok,
limit_switch_placeholder_4,input_box_4_demo_tube_04_red75,no,,959.020333,5.0,ok,
limit_switch_placeholder_4,input_box_4_demo_tube_05_purple75,no,,926.951994,5.0,ok,
limit_switch_placeholder_4,scan_station_demo_tube_yellow100,no,,693.649047,5.0,ok,
limit_switch_placeholder_4,category_A_classified_tube_01_purple75,no,,420.847954,5.0,ok,
limit_switch_placeholder_4,category_A_classified_tube_02_purple75,no,,383.020887,5.0,ok,
limit_switch_placeholder_4,category_A_classified_tube_03_purple75,no,,352.330810,5.0,ok,
limit_switch_placeholder_4,category_B_classified_tube_01_yellow100,no,,241.356583,5.0,ok,
limit_switch_placeholder_4,category_B_classified_tube_02_yellow100,no,,226.638479,5.0,ok,
limit_switch_placeholder_4,category_B_classified_tube_03_yellow100,no,,228.729097,5.0,ok,
limit_switch_placeholder_4,category_C_classified_tube_01_blue75,no,,538.212783,5.0,ok,
limit_switch_placeholder_4,category_C_classified_tube_02_blue75,no,,520.600615,5.0,ok,
limit_switch_placeholder_4,category_C_classified_tube_03_blue75,no,,510.114693,5.0,ok,
limit_switch_placeholder_4,category_D_classified_tube_01_red75,no,,413.295294,5.0,ok,
limit_switch_placeholder_4,category_D_classified_tube_02_red75,no,,419.147945,5.0,ok,
limit_switch_placeholder_4,category_D_classified_tube_03_red75,no,,434.047232,5.0,ok,
left_y_axis_module,right_y_axis_module,no,,958.571400,5.0,ok,
left_y_axis_module,x_axis_module_on_gantry,no,,148.770633,5.0,ok,
left_y_axis_module,z_axis_module,no,,439.241834,5.0,ok,
left_y_axis_module,electric_parallel_gripper,no,,389.020176,5.0,ok,
left_y_axis_module,input_box_1,no,,44.820176,5.0,ok,
left_y_axis_module,input_box_2,no,,44.820176,5.0,ok,
left_y_axis_module,input_box_3,no,,44.820176,5.0,ok,
left_y_axis_module,input_box_4,no,,44.820176,5.0,ok,
left_y_axis_module,barcode_scanner,no,,313.620176,5.0,ok,
left_y_axis_module,photoelectric_sensor,no,,404.820176,5.0,ok,
left_y_axis_module,category_A_output_box_4x6,no,,534.820176,5.0,ok,
left_y_axis_module,category_B_output_box_4x6,no,,744.820176,5.0,ok,
left_y_axis_module,category_C_output_box_4x6,no,,534.820176,5.0,ok,
left_y_axis_module,category_D_output_box_4x6,no,,744.820176,5.0,ok,
left_y_axis_module,manual_review_bin_2x3,no,,234.820176,5.0,ok,
left_y_axis_module,input_box_1_demo_tube_01_purple75,no,,56.820176,5.0,ok,
left_y_axis_module,input_box_1_demo_tube_02_yellow100,no,,140.820176,5.0,ok,
left_y_axis_module,input_box_1_demo_tube_03_blue75,no,,196.820176,5.0,ok,
left_y_axis_module,input_box_1_demo_tube_04_red75,no,,112.820176,5.0,ok,
left_y_axis_module,input_box_1_demo_tube_05_purple75,no,,168.820176,5.0,ok,
left_y_axis_module,input_box_2_demo_tube_01_purple75,no,,56.820176,5.0,ok,
left_y_axis_module,input_box_2_demo_tube_02_yellow100,no,,140.820176,5.0,ok,
left_y_axis_module,input_box_2_demo_tube_03_blue75,no,,196.820176,5.0,ok,
left_y_axis_module,input_box_2_demo_tube_04_red75,no,,112.820176,5.0,ok,
left_y_axis_module,input_box_2_demo_tube_05_purple75,no,,168.820176,5.0,ok,
left_y_axis_module,input_box_3_demo_tube_01_purple75,no,,56.820176,5.0,ok,
left_y_axis_module,input_box_3_demo_tube_02_yellow100,no,,140.820176,5.0,ok,
left_y_axis_module,input_box_3_demo_tube_03_blue75,no,,196.820176,5.0,ok,
left_y_axis_module,input_box_3_demo_tube_04_red75,no,,112.820176,5.0,ok,
left_y_axis_module,input_box_3_demo_tube_05_purple75,no,,168.820176,5.0,ok,
left_y_axis_module,input_box_4_demo_tube_01_purple75,no,,56.820176,5.0,ok,
left_y_axis_module,input_box_4_demo_tube_02_yellow100,no,,140.820176,5.0,ok,
left_y_axis_module,input_box_4_demo_tube_03_blue75,no,,196.820176,5.0,ok,
left_y_axis_module,input_box_4_demo_tube_04_red75,no,,112.820176,5.0,ok,
left_y_axis_module,input_box_4_demo_tube_05_purple75,no,,168.820176,5.0,ok,
left_y_axis_module,scan_station_demo_tube_yellow100,no,,316.820176,5.0,ok,
left_y_axis_module,category_A_classified_tube_01_purple75,no,,546.820176,5.0,ok,
left_y_axis_module,category_A_classified_tube_02_purple75,no,,602.820176,5.0,ok,
left_y_axis_module,category_A_classified_tube_03_purple75,no,,658.820176,5.0,ok,
left_y_axis_module,category_B_classified_tube_01_yellow100,no,,756.820176,5.0,ok,
left_y_axis_module,category_B_classified_tube_02_yellow100,no,,812.820176,5.0,ok,
left_y_axis_module,category_B_classified_tube_03_yellow100,no,,868.820176,5.0,ok,
left_y_axis_module,category_C_classified_tube_01_blue75,no,,546.820176,5.0,ok,
left_y_axis_module,category_C_classified_tube_02_blue75,no,,602.820176,5.0,ok,
left_y_axis_module,category_C_classified_tube_03_blue75,no,,658.820176,5.0,ok,
left_y_axis_module,category_D_classified_tube_01_red75,no,,756.820176,5.0,ok,
left_y_axis_module,category_D_classified_tube_02_red75,no,,812.820176,5.0,ok,
left_y_axis_module,category_D_classified_tube_03_red75,no,,868.820176,5.0,ok,
right_y_axis_module,x_axis_module_on_gantry,no,,166.162716,5.0,ok,
right_y_axis_module,z_axis_module,no,,467.782067,5.0,ok,
right_y_axis_module,electric_parallel_gripper,no,,446.051224,5.0,ok,
right_y_axis_module,input_box_1,no,,733.751224,5.0,ok,
right_y_axis_module,input_box_2,no,,733.751224,5.0,ok,
right_y_axis_module,input_box_3,no,,733.751224,5.0,ok,
right_y_axis_module,input_box_4,no,,733.751224,5.0,ok,
right_y_axis_module,barcode_scanner,no,,602.551224,5.0,ok,
right_y_axis_module,photoelectric_sensor,no,,434.751224,5.0,ok,
right_y_axis_module,category_A_output_box_4x6,no,,243.751224,5.0,ok,
right_y_axis_module,category_B_output_box_4x6,no,,33.751224,5.0,ok,
right_y_axis_module,category_C_output_box_4x6,no,,243.751224,5.0,ok,
right_y_axis_module,category_D_output_box_4x6,no,,33.751224,5.0,ok,
right_y_axis_module,manual_review_bin_2x3,no,,623.751224,5.0,ok,
right_y_axis_module,input_box_1_demo_tube_01_purple75,no,,885.751224,5.0,ok,
right_y_axis_module,input_box_1_demo_tube_02_yellow100,no,,801.751224,5.0,ok,
right_y_axis_module,input_box_1_demo_tube_03_blue75,no,,745.751224,5.0,ok,
right_y_axis_module,input_box_1_demo_tube_04_red75,no,,829.751224,5.0,ok,
right_y_axis_module,input_box_1_demo_tube_05_purple75,no,,773.751224,5.0,ok,
right_y_axis_module,input_box_2_demo_tube_01_purple75,no,,885.751224,5.0,ok,
right_y_axis_module,input_box_2_demo_tube_02_yellow100,no,,801.751224,5.0,ok,
right_y_axis_module,input_box_2_demo_tube_03_blue75,no,,745.751224,5.0,ok,
right_y_axis_module,input_box_2_demo_tube_04_red75,no,,829.751224,5.0,ok,
right_y_axis_module,input_box_2_demo_tube_05_purple75,no,,773.751224,5.0,ok,
right_y_axis_module,input_box_3_demo_tube_01_purple75,no,,885.751224,5.0,ok,
right_y_axis_module,input_box_3_demo_tube_02_yellow100,no,,801.751224,5.0,ok,
right_y_axis_module,input_box_3_demo_tube_03_blue75,no,,745.751224,5.0,ok,
right_y_axis_module,input_box_3_demo_tube_04_red75,no,,829.751224,5.0,ok,
right_y_axis_module,input_box_3_demo_tube_05_purple75,no,,773.751224,5.0,ok,
right_y_axis_module,input_box_4_demo_tube_01_purple75,no,,885.751224,5.0,ok,
right_y_axis_module,input_box_4_demo_tube_02_yellow100,no,,801.751224,5.0,ok,
right_y_axis_module,input_box_4_demo_tube_03_blue75,no,,745.751224,5.0,ok,
right_y_axis_module,input_box_4_demo_tube_04_red75,no,,829.751224,5.0,ok,
right_y_axis_module,input_box_4_demo_tube_05_purple75,no,,773.751224,5.0,ok,
right_y_axis_module,scan_station_demo_tube_yellow100,no,,625.751224,5.0,ok,
right_y_axis_module,category_A_classified_tube_01_purple75,no,,395.751224,5.0,ok,
right_y_axis_module,category_A_classified_tube_02_purple75,no,,339.751224,5.0,ok,
right_y_axis_module,category_A_classified_tube_03_purple75,no,,283.751224,5.0,ok,
right_y_axis_module,category_B_classified_tube_01_yellow100,no,,185.751224,5.0,ok,
right_y_axis_module,category_B_classified_tube_02_yellow100,no,,129.751224,5.0,ok,
right_y_axis_module,category_B_classified_tube_03_yellow100,no,,73.751224,5.0,ok,
right_y_axis_module,category_C_classified_tube_01_blue75,no,,395.751224,5.0,ok,
right_y_axis_module,category_C_classified_tube_02_blue75,no,,339.751224,5.0,ok,
right_y_axis_module,category_C_classified_tube_03_blue75,no,,283.751224,5.0,ok,
right_y_axis_module,category_D_classified_tube_01_red75,no,,185.751224,5.0,ok,
right_y_axis_module,category_D_classified_tube_02_red75,no,,129.751224,5.0,ok,
right_y_axis_module,category_D_classified_tube_03_red75,no,,73.751224,5.0,ok,
x_axis_module_on_gantry,z_axis_module,yes,,,5.0,allowed_mount_contact,whitelisted expected mount/contact pair
x_axis_module_on_gantry,electric_parallel_gripper,no,,42.820176,5.0,ok,
x_axis_module_on_gantry,input_box_1,no,,240.941889,5.0,ok,
x_axis_module_on_gantry,input_box_2,no,,166.184943,5.0,ok,
x_axis_module_on_gantry,input_box_3,no,,157.820176,5.0,ok,
x_axis_module_on_gantry,input_box_4,no,,158.334605,5.0,ok,
x_axis_module_on_gantry,barcode_scanner,no,,96.180338,20.0,ok,
x_axis_module_on_gantry,photoelectric_sensor,no,,125.966021,20.0,ok,
x_axis_module_on_gantry,category_A_output_box_4x6,no,,171.476618,5.0,ok,
x_axis_module_on_gantry,category_B_output_box_4x6,no,,171.476618,5.0,ok,
x_axis_module_on_gantry,category_C_output_box_4x6,no,,157.820176,5.0,ok,
x_axis_module_on_gantry,category_D_output_box_4x6,no,,157.820176,5.0,ok,
x_axis_module_on_gantry,manual_review_bin_2x3,no,,279.148091,5.0,ok,
x_axis_module_on_gantry,input_box_1_demo_tube_01_purple75,no,,292.465503,5.0,ok,
x_axis_module_on_gantry,input_box_1_demo_tube_02_yellow100,no,,284.752337,5.0,ok,
x_axis_module_on_gantry,input_box_1_demo_tube_03_blue75,no,,265.564589,5.0,ok,
x_axis_module_on_gantry,input_box_1_demo_tube_04_red75,no,,239.618864,5.0,ok,
x_axis_module_on_gantry,input_box_1_demo_tube_05_purple75,no,,214.191150,5.0,ok,
x_axis_module_on_gantry,input_box_2_demo_tube_01_purple75,no,,175.101433,5.0,ok,
x_axis_module_on_gantry,input_box_2_demo_tube_02_yellow100,no,,161.889884,5.0,ok,
x_axis_module_on_gantry,input_box_2_demo_tube_03_blue75,no,,151.423222,5.0,ok,
x_axis_module_on_gantry,input_box_2_demo_tube_04_red75,no,,130.773243,5.0,ok,
x_axis_module_on_gantry,input_box_2_demo_tube_05_purple75,no,,113.323827,5.0,ok,
x_axis_module_on_gantry,input_box_3_demo_tube_01_purple75,no,,97.902772,5.0,ok,
x_axis_module_on_gantry,input_box_3_demo_tube_02_yellow100,no,,71.643391,5.0,ok,
x_axis_module_on_gantry,input_box_3_demo_tube_03_blue75,no,,94.820176,5.0,ok,
x_axis_module_on_gantry,input_box_3_demo_tube_04_red75,no,,94.820176,5.0,ok,
x_axis_module_on_gantry,input_box_3_demo_tube_05_purple75,no,,94.820176,5.0,ok,
x_axis_module_on_gantry,input_box_4_demo_tube_01_purple75,no,,99.220631,5.0,ok,
x_axis_module_on_gantry,input_box_4_demo_tube_02_yellow100,no,,73.434028,5.0,ok,
x_axis_module_on_gantry,input_box_4_demo_tube_03_blue75,no,,107.548751,5.0,ok,
x_axis_module_on_gantry,input_box_4_demo_tube_04_red75,no,,123.259492,5.0,ok,
x_axis_module_on_gantry,input_box_4_demo_tube_05_purple75,no,,142.783300,5.0,ok,
x_axis_module_on_gantry,scan_station_demo_tube_yellow100,no,,71.397325,20.0,ok,
x_axis_module_on_gantry,category_A_classified_tube_01_purple75,no,,186.898739,5.0,ok,
x_axis_module_on_gantry,category_A_classified_tube_02_purple75,no,,163.388455,5.0,ok,
x_axis_module_on_gantry,category_A_classified_tube_03_purple75,no,,141.521858,5.0,ok,
x_axis_module_on_gantry,category_B_classified_tube_01_yellow100,no,,175.542387,5.0,ok,
x_axis_module_on_gantry,category_B_classified_tube_02_yellow100,no,,150.265693,5.0,ok,
x_axis_module_on_gantry,category_B_classified_tube_03_yellow100,no,,129.142500,5.0,ok,
x_axis_module_on_gantry,category_C_classified_tube_01_blue75,no,,94.820176,5.0,ok,
x_axis_module_on_gantry,category_C_classified_tube_02_blue75,no,,94.820176,5.0,ok,
x_axis_module_on_gantry,category_C_classified_tube_03_blue75,no,,95.812374,5.0,ok,
x_axis_module_on_gantry,category_D_classified_tube_01_red75,no,,94.820176,5.0,ok,
x_axis_module_on_gantry,category_D_classified_tube_02_red75,no,,94.820176,5.0,ok,
x_axis_module_on_gantry,category_D_classified_tube_03_red75,no,,99.726471,5.0,ok,
z_axis_module,electric_parallel_gripper,yes,,,5.0,allowed_mount_contact,whitelisted expected mount/contact pair
z_axis_module,input_box_1,no,,282.532936,5.0,ok,
z_axis_module,input_box_2,no,,238.631222,5.0,ok,
z_axis_module,input_box_3,no,,237.520231,5.0,ok,
z_axis_module,input_box_4,no,,246.253650,5.0,ok,
z_axis_module,barcode_scanner,no,,88.635827,20.0,ok,
z_axis_module,photoelectric_sensor,no,,82.500000,20.0,ok,
z_axis_module,category_A_output_box_4x6,no,,126.514268,5.0,ok,
z_axis_module,category_B_output_box_4x6,no,,275.876530,5.0,ok,
z_axis_module,category_C_output_box_4x6,no,,120.672532,5.0,ok,
z_axis_module,category_D_output_box_4x6,no,,273.246885,5.0,ok,
z_axis_module,manual_review_bin_2x3,no,,320.218847,5.0,ok,
z_axis_module,input_box_1_demo_tube_01_purple75,no,,439.696782,5.0,ok,
z_axis_module,input_box_1_demo_tube_02_yellow100,no,,371.406058,5.0,ok,
z_axis_module,input_box_1_demo_tube_03_blue75,no,,314.733633,5.0,ok,
z_axis_module,input_box_1_demo_tube_04_red75,no,,362.781008,5.0,ok,
z_axis_module,input_box_1_demo_tube_05_purple75,no,,301.288665,5.0,ok,
z_axis_module,input_box_2_demo_tube_01_purple75,no,,382.116815,5.0,ok,
z_axis_module,input_box_2_demo_tube_02_yellow100,no,,301.035646,5.0,ok,
z_axis_module,input_box_2_demo_tube_03_blue75,no,,242.934683,5.0,ok,
z_axis_module,input_box_2_demo_tube_04_red75,no,,314.404294,5.0,ok,
z_axis_module,input_box_2_demo_tube_05_purple75,no,,255.528589,5.0,ok,
z_axis_module,input_box_3_demo_tube_01_purple75,no,,363.764017,5.0,ok,
z_axis_module,input_box_3_demo_tube_02_yellow100,no,,277.368816,5.0,ok,
z_axis_module,input_box_3_demo_tube_03_blue75,no,,226.044819,5.0,ok,
z_axis_module,input_box_3_demo_tube_04_red75,no,,308.431613,5.0,ok,
z_axis_module,input_box_3_demo_tube_05_purple75,no,,255.042859,5.0,ok,
z_axis_module,input_box_4_demo_tube_01_purple75,no,,371.415212,5.0,ok,
z_axis_module,input_box_4_demo_tube_02_yellow100,no,,287.329880,5.0,ok,
z_axis_module,input_box_4_demo_tube_03_blue75,no,,248.405435,5.0,ok,
z_axis_module,input_box_4_demo_tube_04_red75,no,,335.097090,5.0,ok,
z_axis_module,input_box_4_demo_tube_05_purple75,no,,299.143544,5.0,ok,
z_axis_module,scan_station_demo_tube_yellow100,no,,103.808766,20.0,ok,
z_axis_module,category_A_classified_tube_01_purple75,no,,150.287258,5.0,ok,
z_axis_module,category_A_classified_tube_02_purple75,no,,157.243315,5.0,ok,
z_axis_module,category_A_classified_tube_03_purple75,no,,186.291868,5.0,ok,
z_axis_module,category_B_classified_tube_01_yellow100,no,,292.879258,5.0,ok,
z_axis_module,category_B_classified_tube_02_yellow100,no,,333.822498,5.0,ok,
z_axis_module,category_B_classified_tube_03_yellow100,no,,380.705477,5.0,ok,
z_axis_module,category_C_classified_tube_01_blue75,no,,72.541436,5.0,ok,
z_axis_module,category_C_classified_tube_02_blue75,no,,123.909079,5.0,ok,
z_axis_module,category_C_classified_tube_03_blue75,no,,182.440840,5.0,ok,
z_axis_module,category_D_classified_tube_01_red75,no,,265.338011,5.0,ok,
z_axis_module,category_D_classified_tube_02_red75,no,,322.514279,5.0,ok,
z_axis_module,category_D_classified_tube_03_red75,no,,381.400918,5.0,ok,
electric_parallel_gripper,input_box_1,no,,264.595238,5.0,ok,
electric_parallel_gripper,input_box_2,no,,183.332048,5.0,ok,
electric_parallel_gripper,input_box_3,no,,167.289091,5.0,ok,
electric_parallel_gripper,input_box_4,no,,169.957759,5.0,ok,
electric_parallel_gripper,barcode_scanner,no,,80.933367,20.0,ok,
electric_parallel_gripper,photoelectric_sensor,no,,29.000000,20.0,ok,
electric_parallel_gripper,category_A_output_box_4x6,no,,98.088174,5.0,ok,
electric_parallel_gripper,category_B_output_box_4x6,no,,251.171834,5.0,ok,
electric_parallel_gripper,category_C_output_box_4x6,no,,39.003718,5.0,ok,
electric_parallel_gripper,category_D_output_box_4x6,no,,234.493689,5.0,ok,
electric_parallel_gripper,manual_review_bin_2x3,no,,255.377935,5.0,ok,
electric_parallel_gripper,input_box_1_demo_tube_01_purple75,no,,435.182077,5.0,ok,
electric_parallel_gripper,input_box_1_demo_tube_02_yellow100,no,,378.573427,5.0,ok,
electric_parallel_gripper,input_box_1_demo_tube_03_blue75,no,,323.245170,5.0,ok,
electric_parallel_gripper,input_box_1_demo_tube_04_red75,no,,356.023932,5.0,ok,
electric_parallel_gripper,input_box_1_demo_tube_05_purple75,no,,296.517520,5.0,ok,
electric_parallel_gripper,input_box_2_demo_tube_01_purple75,no,,358.529552,5.0,ok,
electric_parallel_gripper,input_box_2_demo_tube_02_yellow100,no,,287.189554,5.0,ok,
electric_parallel_gripper,input_box_2_demo_tube_03_blue75,no,,225.671088,5.0,ok,
electric_parallel_gripper,input_box_2_demo_tube_04_red75,no,,283.677704,5.0,ok,
electric_parallel_gripper,input_box_2_demo_tube_05_purple75,no,,221.184629,5.0,ok,
electric_parallel_gripper,input_box_3_demo_tube_01_purple75,no,,318.596045,5.0,ok,
electric_parallel_gripper,input_box_3_demo_tube_02_yellow100,no,,235.452415,5.0,ok,
electric_parallel_gripper,input_box_3_demo_tube_03_blue75,no,,176.543026,5.0,ok,
electric_parallel_gripper,input_box_3_demo_tube_04_red75,no,,260.200000,5.0,ok,
electric_parallel_gripper,input_box_3_demo_tube_05_purple75,no,,204.200000,5.0,ok,
electric_parallel_gripper,input_box_4_demo_tube_01_purple75,no,,318.720002,5.0,ok,
electric_parallel_gripper,input_box_4_demo_tube_02_yellow100,no,,235.620118,5.0,ok,
electric_parallel_gripper,input_box_4_demo_tube_03_blue75,no,,188.866196,5.0,ok,
electric_parallel_gripper,input_box_4_demo_tube_04_red75,no,,277.344623,5.0,ok,
electric_parallel_gripper,input_box_4_demo_tube_05_purple75,no,,238.900900,5.0,ok,
electric_parallel_gripper,scan_station_demo_tube_yellow100,no,,64.671787,20.0,ok,
electric_parallel_gripper,category_A_classified_tube_01_purple75,no,,187.169682,5.0,ok,
electric_parallel_gripper,category_A_classified_tube_02_purple75,no,,180.250076,5.0,ok,
electric_parallel_gripper,category_A_classified_tube_03_purple75,no,,194.390560,5.0,ok,
electric_parallel_gripper,category_B_classified_tube_01_yellow100,no,,305.840628,5.0,ok,
electric_parallel_gripper,category_B_classified_tube_02_yellow100,no,,338.402261,5.0,ok,
electric_parallel_gripper,category_B_classified_tube_03_yellow100,no,,378.594361,5.0,ok,
electric_parallel_gripper,category_C_classified_tube_01_blue75,no,,34.300000,5.0,ok,
electric_parallel_gripper,category_C_classified_tube_02_blue75,no,,90.349820,5.0,ok,
electric_parallel_gripper,category_C_classified_tube_03_blue75,no,,149.548286,5.0,ok,
electric_parallel_gripper,category_D_classified_tube_01_red75,no,,244.300000,5.0,ok,
electric_parallel_gripper,category_D_classified_tube_02_red75,no,,300.314985,5.0,ok,
electric_parallel_gripper,category_D_classified_tube_03_red75,no,,357.646040,5.0,ok,
input_box_1,input_box_2,no,,10.000000,5.0,ok,
input_box_1,input_box_3,no,,140.000000,5.0,ok,
input_box_1,input_box_4,no,,270.000000,5.0,ok,
input_box_1,barcode_scanner,no,,143.524215,5.0,ok,
input_box_1,photoelectric_sensor,no,,223.408169,5.0,ok,
input_box_1,category_A_output_box_4x6,no,,310.000000,5.0,ok,
input_box_1,category_B_output_box_4x6,no,,520.000000,5.0,ok,
input_box_1,category_C_output_box_4x6,no,,371.651719,5.0,ok,
input_box_1,category_D_output_box_4x6,no,,558.949908,5.0,ok,
input_box_1,manual_review_bin_2x3,no,,487.602553,5.0,ok,
input_box_1,input_box_1_demo_tube_01_purple75,yes,,,5.0,allowed_mount_contact,whitelisted expected mount/contact pair
input_box_1,input_box_1_demo_tube_02_yellow100,yes,,,5.0,allowed_mount_contact,whitelisted expected mount/contact pair
input_box_1,input_box_1_demo_tube_03_blue75,yes,,,5.0,allowed_mount_contact,whitelisted expected mount/contact pair
input_box_1,input_box_1_demo_tube_04_red75,yes,,,5.0,allowed_mount_contact,whitelisted expected mount/contact pair
input_box_1,input_box_1_demo_tube_05_purple75,yes,,,5.0,allowed_mount_contact,whitelisted expected mount/contact pair
input_box_1,input_box_2_demo_tube_01_purple75,no,,20.000000,5.0,ok,
input_box_1,input_box_2_demo_tube_02_yellow100,no,,20.000000,5.0,ok,
input_box_1,input_box_2_demo_tube_03_blue75,no,,48.000000,5.0,ok,
input_box_1,input_box_2_demo_tube_04_red75,no,,76.000000,5.0,ok,
input_box_1,input_box_2_demo_tube_05_purple75,no,,104.000000,5.0,ok,
input_box_1,input_box_3_demo_tube_01_purple75,no,,150.000000,5.0,ok,
input_box_1,input_box_3_demo_tube_02_yellow100,no,,150.000000,5.0,ok,
input_box_1,input_box_3_demo_tube_03_blue75,no,,178.000000,5.0,ok,
input_box_1,input_box_3_demo_tube_04_red75,no,,206.000000,5.0,ok,
input_box_1,input_box_3_demo_tube_05_purple75,no,,234.000000,5.0,ok,
input_box_1,input_box_4_demo_tube_01_purple75,no,,280.000000,5.0,ok,
input_box_1,input_box_4_demo_tube_02_yellow100,no,,280.000000,5.0,ok,
input_box_1,input_box_4_demo_tube_03_blue75,no,,308.000000,5.0,ok,
input_box_1,input_box_4_demo_tube_04_red75,no,,336.000000,5.0,ok,
input_box_1,input_box_4_demo_tube_05_purple75,no,,364.000000,5.0,ok,
input_box_1,scan_station_demo_tube_yellow100,no,,181.969778,5.0,ok,
input_box_1,category_A_classified_tube_01_purple75,no,,322.038818,5.0,ok,
input_box_1,category_A_classified_tube_02_purple75,no,,379.437742,5.0,ok,
input_box_1,category_A_classified_tube_03_purple75,no,,438.265901,5.0,ok,
input_box_1,category_B_classified_tube_01_yellow100,no,,532.023496,5.0,ok,
input_box_1,category_B_classified_tube_02_yellow100,no,,588.925292,5.0,ok,
input_box_1,category_B_classified_tube_03_yellow100,no,,646.882524,5.0,ok,
input_box_1,category_C_classified_tube_01_blue75,no,,387.180836,5.0,ok,
input_box_1,category_C_classified_tube_02_blue75,no,,449.369558,5.0,ok,
input_box_1,category_C_classified_tube_03_blue75,no,,511.661021,5.0,ok,
input_box_1,category_D_classified_tube_01_red75,no,,573.802231,5.0,ok,
input_box_1,category_D_classified_tube_02_red75,no,,636.233448,5.0,ok,
input_box_1,category_D_classified_tube_03_red75,no,,698.696644,5.0,ok,
input_box_2,input_box_3,no,,10.000000,5.0,ok,
input_box_2,input_box_4,no,,140.000000,5.0,ok,
input_box_2,barcode_scanner,no,,95.596025,5.0,ok,
input_box_2,photoelectric_sensor,no,,180.901105,5.0,ok,
input_box_2,category_A_output_box_4x6,no,,310.000000,5.0,ok,
input_box_2,category_B_output_box_4x6,no,,520.000000,5.0,ok,
input_box_2,category_C_output_box_4x6,no,,318.943569,5.0,ok,
input_box_2,category_D_output_box_4x6,no,,525.380814,5.0,ok,
input_box_2,manual_review_bin_2x3,no,,357.639833,5.0,ok,
input_box_2,input_box_1_demo_tube_01_purple75,no,,104.000000,5.0,ok,
input_box_2,input_box_1_demo_tube_02_yellow100,no,,104.000000,5.0,ok,
input_box_2,input_box_1_demo_tube_03_blue75,no,,76.000000,5.0,ok,
input_box_2,input_box_1_demo_tube_04_red75,no,,48.000000,5.0,ok,
input_box_2,input_box_1_demo_tube_05_purple75,no,,20.000000,5.0,ok,
input_box_2,input_box_2_demo_tube_01_purple75,yes,,,5.0,allowed_mount_contact,whitelisted expected mount/contact pair
input_box_2,input_box_2_demo_tube_02_yellow100,yes,,,5.0,allowed_mount_contact,whitelisted expected mount/contact pair
input_box_2,input_box_2_demo_tube_03_blue75,yes,,,5.0,allowed_mount_contact,whitelisted expected mount/contact pair
input_box_2,input_box_2_demo_tube_04_red75,yes,,,5.0,allowed_mount_contact,whitelisted expected mount/contact pair
input_box_2,input_box_2_demo_tube_05_purple75,yes,,,5.0,allowed_mount_contact,whitelisted expected mount/contact pair
input_box_2,input_box_3_demo_tube_01_purple75,no,,20.000000,5.0,ok,
input_box_2,input_box_3_demo_tube_02_yellow100,no,,20.000000,5.0,ok,
input_box_2,input_box_3_demo_tube_03_blue75,no,,48.000000,5.0,ok,
input_box_2,input_box_3_demo_tube_04_red75,no,,76.000000,5.0,ok,
input_box_2,input_box_3_demo_tube_05_purple75,no,,104.000000,5.0,ok,
input_box_2,input_box_4_demo_tube_01_purple75,no,,150.000000,5.0,ok,
input_box_2,input_box_4_demo_tube_02_yellow100,no,,150.000000,5.0,ok,
input_box_2,input_box_4_demo_tube_03_blue75,no,,178.000000,5.0,ok,
input_box_2,input_box_4_demo_tube_04_red75,no,,206.000000,5.0,ok,
input_box_2,input_box_4_demo_tube_05_purple75,no,,234.000000,5.0,ok,
input_box_2,scan_station_demo_tube_yellow100,no,,95.880134,5.0,ok,
input_box_2,category_A_classified_tube_01_purple75,no,,322.000000,5.0,ok,
input_box_2,category_A_classified_tube_02_purple75,no,,378.000000,5.0,ok,
input_box_2,category_A_classified_tube_03_purple75,no,,434.000000,5.0,ok,
input_box_2,category_B_classified_tube_01_yellow100,no,,532.000000,5.0,ok,
input_box_2,category_B_classified_tube_02_yellow100,no,,588.000000,5.0,ok,
input_box_2,category_B_classified_tube_03_yellow100,no,,644.000000,5.0,ok,
input_box_2,category_C_classified_tube_01_blue75,no,,333.030029,5.0,ok,
input_box_2,category_C_classified_tube_02_blue75,no,,394.528833,5.0,ok,
input_box_2,category_C_classified_tube_03_blue75,no,,456.329925,5.0,ok,
input_box_2,category_D_classified_tube_01_red75,no,,538.747622,5.0,ok,
input_box_2,category_D_classified_tube_02_red75,no,,598.759551,5.0,ok,
input_box_2,category_D_classified_tube_03_red75,no,,659.254882,5.0,ok,
input_box_3,input_box_4,no,,10.000000,5.0,ok,
input_box_3,barcode_scanner,no,,96.009426,5.0,ok,
input_box_3,photoelectric_sensor,no,,180.897761,5.0,ok,
input_box_3,category_A_output_box_4x6,no,,311.006431,5.0,ok,
input_box_3,category_B_output_box_4x6,no,,520.600615,5.0,ok,
input_box_3,category_C_output_box_4x6,no,,310.000000,5.0,ok,
input_box_3,category_D_output_box_4x6,no,,520.000000,5.0,ok,
input_box_3,manual_review_bin_2x3,no,,227.719674,5.0,ok,
input_box_3,input_box_1_demo_tube_01_purple75,no,,234.000000,5.0,ok,
input_box_3,input_box_1_demo_tube_02_yellow100,no,,234.000000,5.0,ok,
input_box_3,input_box_1_demo_tube_03_blue75,no,,206.000000,5.0,ok,
input_box_3,input_box_1_demo_tube_04_red75,no,,178.000000,5.0,ok,
input_box_3,input_box_1_demo_tube_05_purple75,no,,150.000000,5.0,ok,
input_box_3,input_box_2_demo_tube_01_purple75,no,,104.000000,5.0,ok,
input_box_3,input_box_2_demo_tube_02_yellow100,no,,104.000000,5.0,ok,
input_box_3,input_box_2_demo_tube_03_blue75,no,,76.000000,5.0,ok,
input_box_3,input_box_2_demo_tube_04_red75,no,,48.000000,5.0,ok,
input_box_3,input_box_2_demo_tube_05_purple75,no,,20.000000,5.0,ok,
input_box_3,input_box_3_demo_tube_01_purple75,yes,,,5.0,allowed_mount_contact,whitelisted expected mount/contact pair
input_box_3,input_box_3_demo_tube_02_yellow100,yes,,,5.0,allowed_mount_contact,whitelisted expected mount/contact pair
input_box_3,input_box_3_demo_tube_03_blue75,yes,,,5.0,allowed_mount_contact,whitelisted expected mount/contact pair
input_box_3,input_box_3_demo_tube_04_red75,yes,,,5.0,allowed_mount_contact,whitelisted expected mount/contact pair
input_box_3,input_box_3_demo_tube_05_purple75,yes,,,5.0,allowed_mount_contact,whitelisted expected mount/contact pair
input_box_3,input_box_4_demo_tube_01_purple75,no,,20.000000,5.0,ok,
input_box_3,input_box_4_demo_tube_02_yellow100,no,,20.000000,5.0,ok,
input_box_3,input_box_4_demo_tube_03_blue75,no,,48.000000,5.0,ok,
input_box_3,input_box_4_demo_tube_04_red75,no,,76.000000,5.0,ok,
input_box_3,input_box_4_demo_tube_05_purple75,no,,104.000000,5.0,ok,
input_box_3,scan_station_demo_tube_yellow100,no,,92.000000,5.0,ok,
input_box_3,category_A_classified_tube_01_purple75,no,,343.285595,5.0,ok,
input_box_3,category_A_classified_tube_02_purple75,no,,388.799434,5.0,ok,
input_box_3,category_A_classified_tube_03_purple75,no,,438.548743,5.0,ok,
input_box_3,category_B_classified_tube_01_yellow100,no,,545.146769,5.0,ok,
input_box_3,category_B_classified_tube_02_yellow100,no,,595.000000,5.0,ok,
input_box_3,category_B_classified_tube_03_yellow100,no,,647.074184,5.0,ok,
input_box_3,category_C_classified_tube_01_blue75,no,,322.000000,5.0,ok,
input_box_3,category_C_classified_tube_02_blue75,no,,378.000000,5.0,ok,
input_box_3,category_C_classified_tube_03_blue75,no,,434.139379,5.0,ok,
input_box_3,category_D_classified_tube_01_red75,no,,532.000000,5.0,ok,
input_box_3,category_D_classified_tube_02_red75,no,,588.000000,5.0,ok,
input_box_3,category_D_classified_tube_03_red75,no,,644.093937,5.0,ok,
input_box_4,barcode_scanner,no,,168.617348,5.0,ok,
input_box_4,photoelectric_sensor,no,,203.862699,5.0,ok,
input_box_4,category_A_output_box_4x6,no,,346.590537,5.0,ok,
input_box_4,category_B_output_box_4x6,no,,542.609436,5.0,ok,
input_box_4,category_C_output_box_4x6,no,,310.000000,5.0,ok,
input_box_4,category_D_output_box_4x6,no,,520.000000,5.0,ok,
input_box_4,manual_review_bin_2x3,no,,98.011479,5.0,ok,
input_box_4,input_box_1_demo_tube_01_purple75,no,,364.000000,5.0,ok,
input_box_4,input_box_1_demo_tube_02_yellow100,no,,364.000000,5.0,ok,
input_box_4,input_box_1_demo_tube_03_blue75,no,,336.000000,5.0,ok,
input_box_4,input_box_1_demo_tube_04_red75,no,,308.000000,5.0,ok,
input_box_4,input_box_1_demo_tube_05_purple75,no,,280.000000,5.0,ok,
input_box_4,input_box_2_demo_tube_01_purple75,no,,234.000000,5.0,ok,
input_box_4,input_box_2_demo_tube_02_yellow100,no,,234.000000,5.0,ok,
input_box_4,input_box_2_demo_tube_03_blue75,no,,206.000000,5.0,ok,
input_box_4,input_box_2_demo_tube_04_red75,no,,178.000000,5.0,ok,
input_box_4,input_box_2_demo_tube_05_purple75,no,,150.000000,5.0,ok,
input_box_4,input_box_3_demo_tube_01_purple75,no,,104.000000,5.0,ok,
input_box_4,input_box_3_demo_tube_02_yellow100,no,,104.000000,5.0,ok,
input_box_4,input_box_3_demo_tube_03_blue75,no,,76.000000,5.0,ok,
input_box_4,input_box_3_demo_tube_04_red75,no,,48.000000,5.0,ok,
input_box_4,input_box_3_demo_tube_05_purple75,no,,20.000000,5.0,ok,
input_box_4,input_box_4_demo_tube_01_purple75,yes,,,5.0,allowed_mount_contact,whitelisted expected mount/contact pair
input_box_4,input_box_4_demo_tube_02_yellow100,yes,,,5.0,allowed_mount_contact,whitelisted expected mount/contact pair
input_box_4,input_box_4_demo_tube_03_blue75,yes,,,5.0,allowed_mount_contact,whitelisted expected mount/contact pair
input_box_4,input_box_4_demo_tube_04_red75,yes,,,5.0,allowed_mount_contact,whitelisted expected mount/contact pair
input_box_4,input_box_4_demo_tube_05_purple75,yes,,,5.0,allowed_mount_contact,whitelisted expected mount/contact pair
input_box_4,scan_station_demo_tube_yellow100,no,,133.689940,5.0,ok,
input_box_4,category_A_classified_tube_01_purple75,no,,407.044224,5.0,ok,
input_box_4,category_A_classified_tube_02_purple75,no,,437.864134,5.0,ok,
input_box_4,category_A_classified_tube_03_purple75,no,,474.978947,5.0,ok,
input_box_4,category_B_classified_tube_01_yellow100,no,,587.388287,5.0,ok,
input_box_4,category_B_classified_tube_02_yellow100,no,,628.160011,5.0,ok,
input_box_4,category_B_classified_tube_03_yellow100,no,,672.298297,5.0,ok,
input_box_4,category_C_classified_tube_01_blue75,no,,324.353203,5.0,ok,
input_box_4,category_C_classified_tube_02_blue75,no,,378.160019,5.0,ok,
input_box_4,category_C_classified_tube_03_blue75,no,,434.000000,5.0,ok,
input_box_4,category_D_classified_tube_01_red75,no,,533.427596,5.0,ok,
input_box_4,category_D_classified_tube_02_red75,no,,588.102882,5.0,ok,
input_box_4,category_D_classified_tube_03_red75,no,,644.000000,5.0,ok,
barcode_scanner,photoelectric_sensor,no,,48.918299,5.0,ok,
barcode_scanner,category_A_output_box_4x6,no,,182.270678,5.0,ok,
barcode_scanner,category_B_output_box_4x6,no,,390.408248,5.0,ok,
barcode_scanner,category_C_output_box_4x6,no,,196.682002,5.0,ok,
barcode_scanner,category_D_output_box_4x6,no,,397.340924,5.0,ok,
barcode_scanner,manual_review_bin_2x3,no,,358.153766,5.0,ok,
barcode_scanner,input_box_1_demo_tube_01_purple75,no,,313.699584,5.0,ok,
barcode_scanner,input_box_1_demo_tube_02_yellow100,no,,254.968682,5.0,ok,
barcode_scanner,input_box_1_demo_tube_03_blue75,no,,200.270801,5.0,ok,
barcode_scanner,input_box_1_demo_tube_04_red75,no,,234.929264,5.0,ok,
barcode_scanner,input_box_1_demo_tube_05_purple75,no,,174.043455,5.0,ok,
barcode_scanner,input_box_2_demo_tube_01_purple75,no,,251.064411,5.0,ok,
barcode_scanner,input_box_2_demo_tube_02_yellow100,no,,172.148013,5.0,ok,
barcode_scanner,input_box_2_demo_tube_03_blue75,no,,109.609779,5.0,ok,
barcode_scanner,input_box_2_demo_tube_04_red75,no,,185.412159,5.0,ok,
barcode_scanner,input_box_2_demo_tube_05_purple75,no,,128.800000,5.0,ok,
barcode_scanner,input_box_3_demo_tube_01_purple75,no,,241.540576,5.0,ok,
barcode_scanner,input_box_3_demo_tube_02_yellow100,no,,157.934955,5.0,ok,
barcode_scanner,input_box_3_demo_tube_03_blue75,no,,111.176661,5.0,ok,
barcode_scanner,input_box_3_demo_tube_04_red75,no,,199.401730,5.0,ok,
barcode_scanner,input_box_3_demo_tube_05_purple75,no,,164.857059,5.0,ok,
barcode_scanner,input_box_4_demo_tube_01_purple75,no,,283.118085,5.0,ok,
barcode_scanner,input_box_4_demo_tube_02_yellow100,no,,216.234710,5.0,ok,
barcode_scanner,input_box_4_demo_tube_03_blue75,no,,203.603168,5.0,ok,
barcode_scanner,input_box_4_demo_tube_04_red75,no,,275.925805,5.0,ok,
barcode_scanner,input_box_4_demo_tube_05_purple75,no,,266.142537,5.0,ok,
barcode_scanner,scan_station_demo_tube_yellow100,no,,25.900000,5.0,ok,
barcode_scanner,category_A_classified_tube_01_purple75,no,,209.308299,5.0,ok,
barcode_scanner,category_A_classified_tube_02_purple75,no,,253.536051,5.0,ok,
barcode_scanner,category_A_classified_tube_03_purple75,no,,304.287848,5.0,ok,
barcode_scanner,category_B_classified_tube_01_yellow100,no,,409.934097,5.0,ok,
barcode_scanner,category_B_classified_tube_02_yellow100,no,,460.474244,5.0,ok,
barcode_scanner,category_B_classified_tube_03_yellow100,no,,513.679953,5.0,ok,
barcode_scanner,category_C_classified_tube_01_blue75,no,,208.431883,5.0,ok,
barcode_scanner,category_C_classified_tube_02_blue75,no,,270.983117,5.0,ok,
barcode_scanner,category_C_classified_tube_03_blue75,no,,333.556367,5.0,ok,
barcode_scanner,category_D_classified_tube_01_red75,no,,409.487301,5.0,ok,
barcode_scanner,category_D_classified_tube_02_red75,no,,470.306124,5.0,ok,
barcode_scanner,category_D_classified_tube_03_red75,no,,531.541014,5.0,ok,
photoelectric_sensor,category_A_output_box_4x6,no,,26.536955,5.0,ok,
photoelectric_sensor,category_B_output_box_4x6,no,,222.315564,5.0,ok,
photoelectric_sensor,category_C_output_box_4x6,no,,35.860842,5.0,ok,
photoelectric_sensor,category_D_output_box_4x6,no,,223.620214,5.0,ok,
photoelectric_sensor,manual_review_bin_2x3,no,,319.775312,5.0,ok,
photoelectric_sensor,input_box_1_demo_tube_01_purple75,no,,401.115956,5.0,ok,
photoelectric_sensor,input_box_1_demo_tube_02_yellow100,no,,334.923887,5.0,ok,
photoelectric_sensor,input_box_1_demo_tube_03_blue75,no,,275.158881,5.0,ok,
photoelectric_sensor,input_box_1_demo_tube_04_red75,no,,323.683194,5.0,ok,
photoelectric_sensor,input_box_1_demo_tube_05_purple75,no,,261.360307,5.0,ok,
photoelectric_sensor,input_box_2_demo_tube_01_purple75,no,,345.352009,5.0,ok,
photoelectric_sensor,input_box_2_demo_tube_02_yellow100,no,,265.608753,5.0,ok,
photoelectric_sensor,input_box_2_demo_tube_03_blue75,no,,203.387340,5.0,ok,
photoelectric_sensor,input_box_2_demo_tube_04_red75,no,,278.755825,5.0,ok,
photoelectric_sensor,input_box_2_demo_tube_05_purple75,no,,220.279845,5.0,ok,
photoelectric_sensor,input_box_3_demo_tube_01_purple75,no,,332.000000,5.0,ok,
photoelectric_sensor,input_box_3_demo_tube_02_yellow100,no,,248.000000,5.0,ok,
photoelectric_sensor,input_box_3_demo_tube_03_blue75,no,,192.010416,5.0,ok,
photoelectric_sensor,input_box_3_demo_tube_04_red75,no,,277.625647,5.0,ok,
photoelectric_sensor,input_box_3_demo_tube_05_purple75,no,,227.517032,5.0,ok,
photoelectric_sensor,input_box_4_demo_tube_01_purple75,no,,347.908034,5.0,ok,
photoelectric_sensor,input_box_4_demo_tube_02_yellow100,no,,268.923781,5.0,ok,
photoelectric_sensor,input_box_4_demo_tube_03_blue75,no,,232.997854,5.0,ok,
photoelectric_sensor,input_box_4_demo_tube_04_red75,no,,319.023510,5.0,ok,
photoelectric_sensor,input_box_4_demo_tube_05_purple75,no,,289.385556,5.0,ok,
photoelectric_sensor,scan_station_demo_tube_yellow100,no,,72.000000,5.0,ok,
photoelectric_sensor,category_A_classified_tube_01_purple75,no,,112.476709,5.0,ok,
photoelectric_sensor,category_A_classified_tube_02_purple75,no,,113.935991,5.0,ok,
photoelectric_sensor,category_A_classified_tube_03_purple75,no,,145.436618,5.0,ok,
photoelectric_sensor,category_B_classified_tube_01_yellow100,no,,257.703337,5.0,ok,
photoelectric_sensor,category_B_classified_tube_02_yellow100,no,,300.435367,5.0,ok,
photoelectric_sensor,category_B_classified_tube_03_yellow100,no,,349.215993,5.0,ok,
photoelectric_sensor,category_C_classified_tube_01_blue75,no,,45.276926,5.0,ok,
photoelectric_sensor,category_C_classified_tube_02_blue75,no,,103.585713,5.0,ok,
photoelectric_sensor,category_C_classified_tube_03_blue75,no,,165.075740,5.0,ok,
photoelectric_sensor,category_D_classified_tube_01_red75,no,,236.241402,5.0,ok,
photoelectric_sensor,category_D_classified_tube_02_red75,no,,296.664794,5.0,ok,
photoelectric_sensor,category_D_classified_tube_03_red75,no,,357.840747,5.0,ok,
category_A_output_box_4x6,category_B_output_box_4x6,no,,30.000000,5.0,ok,
category_A_output_box_4x6,category_C_output_box_4x6,no,,90.000000,5.0,ok,
category_A_output_box_4x6,category_D_output_box_4x6,no,,94.868330,5.0,ok,
category_A_output_box_4x6,manual_review_bin_2x3,no,,422.795754,5.0,ok,
category_A_output_box_4x6,input_box_1_demo_tube_01_purple75,no,,470.494421,5.0,ok,
category_A_output_box_4x6,input_box_1_demo_tube_02_yellow100,no,,388.336195,5.0,ok,
category_A_output_box_4x6,input_box_1_demo_tube_03_blue75,no,,327.727021,5.0,ok,
category_A_output_box_4x6,input_box_1_demo_tube_04_red75,no,,407.338925,5.0,ok,
category_A_output_box_4x6,input_box_1_demo_tube_05_purple75,no,,350.035712,5.0,ok,
category_A_output_box_4x6,input_box_2_demo_tube_01_purple75,no,,462.000000,5.0,ok,
category_A_output_box_4x6,input_box_2_demo_tube_02_yellow100,no,,378.000000,5.0,ok,
category_A_output_box_4x6,input_box_2_demo_tube_03_blue75,no,,322.000000,5.0,ok,
category_A_output_box_4x6,input_box_2_demo_tube_04_red75,no,,406.000000,5.0,ok,
category_A_output_box_4x6,input_box_2_demo_tube_05_purple75,no,,350.000000,5.0,ok,
category_A_output_box_4x6,input_box_3_demo_tube_01_purple75,no,,463.323861,5.0,ok,
category_A_output_box_4x6,input_box_3_demo_tube_02_yellow100,no,,379.616912,5.0,ok,
category_A_output_box_4x6,input_box_3_demo_tube_03_blue75,no,,328.105166,5.0,ok,
category_A_output_box_4x6,input_box_3_demo_tube_04_red75,no,,416.073311,5.0,ok,
category_A_output_box_4x6,input_box_3_demo_tube_05_purple75,no,,369.676886,5.0,ok,
category_A_output_box_4x6,input_box_4_demo_tube_01_purple75,no,,490.580269,5.0,ok,
category_A_output_box_4x6,input_box_4_demo_tube_02_yellow100,no,,412.442723,5.0,ok,
category_A_output_box_4x6,input_box_4_demo_tube_03_blue75,no,,375.410442,5.0,ok,
category_A_output_box_4x6,input_box_4_demo_tube_04_red75,no,,462.252096,5.0,ok,
category_A_output_box_4x6,input_box_4_demo_tube_05_purple75,no,,429.535796,5.0,ok,
category_A_output_box_4x6,scan_station_demo_tube_yellow100,no,,206.320140,5.0,ok,
category_A_output_box_4x6,category_A_classified_tube_01_purple75,yes,,,5.0,allowed_mount_contact,whitelisted expected mount/contact pair
category_A_output_box_4x6,category_A_classified_tube_02_purple75,yes,,,5.0,allowed_mount_contact,whitelisted expected mount/contact pair
category_A_output_box_4x6,category_A_classified_tube_03_purple75,yes,,,5.0,allowed_mount_contact,whitelisted expected mount/contact pair
category_A_output_box_4x6,category_B_classified_tube_01_yellow100,no,,42.000000,5.0,ok,
category_A_output_box_4x6,category_B_classified_tube_02_yellow100,no,,98.000000,5.0,ok,
category_A_output_box_4x6,category_B_classified_tube_03_yellow100,no,,154.000000,5.0,ok,
category_A_output_box_4x6,category_C_classified_tube_01_blue75,no,,100.000000,5.0,ok,
category_A_output_box_4x6,category_C_classified_tube_02_blue75,no,,128.000000,5.0,ok,
category_A_output_box_4x6,category_C_classified_tube_03_blue75,no,,156.000000,5.0,ok,
category_A_output_box_4x6,category_D_classified_tube_01_red75,no,,108.461975,5.0,ok,
category_A_output_box_4x6,category_D_classified_tube_02_red75,no,,161.207940,5.0,ok,
category_A_output_box_4x6,category_D_classified_tube_03_red75,no,,219.207664,5.0,ok,
category_B_output_box_4x6,category_C_output_box_4x6,no,,94.868330,5.0,ok,
category_B_output_box_4x6,category_D_output_box_4x6,no,,90.000000,5.0,ok,
category_B_output_box_4x6,manual_review_bin_2x3,no,,553.946071,5.0,ok,
category_B_output_box_4x6,input_box_1_demo_tube_01_purple75,no,,677.867981,5.0,ok,
category_B_output_box_4x6,input_box_1_demo_tube_02_yellow100,no,,594.697402,5.0,ok,
category_B_output_box_4x6,input_box_1_demo_tube_03_blue75,no,,535.485761,5.0,ok,
category_B_output_box_4x6,input_box_1_demo_tube_04_red75,no,,616.883295,5.0,ok,
category_B_output_box_4x6,input_box_1_demo_tube_05_purple75,no,,560.022321,5.0,ok,
category_B_output_box_4x6,input_box_2_demo_tube_01_purple75,no,,672.000000,5.0,ok,
category_B_output_box_4x6,input_box_2_demo_tube_02_yellow100,no,,588.000000,5.0,ok,
category_B_output_box_4x6,input_box_2_demo_tube_03_blue75,no,,532.000000,5.0,ok,
category_B_output_box_4x6,input_box_2_demo_tube_04_red75,no,,616.000000,5.0,ok,
category_B_output_box_4x6,input_box_2_demo_tube_05_purple75,no,,560.000000,5.0,ok,
category_B_output_box_4x6,input_box_3_demo_tube_01_purple75,no,,672.910841,5.0,ok,
category_B_output_box_4x6,input_box_3_demo_tube_02_yellow100,no,,589.040746,5.0,ok,
category_B_output_box_4x6,input_box_3_demo_tube_03_blue75,no,,535.717276,5.0,ok,
category_B_output_box_4x6,input_box_3_demo_tube_04_red75,no,,622.685314,5.0,ok,
category_B_output_box_4x6,input_box_3_demo_tube_05_purple75,no,,572.504148,5.0,ok,
category_B_output_box_4x6,input_box_4_demo_tube_01_purple75,no,,691.960259,5.0,ok,
category_B_output_box_4x6,input_box_4_demo_tube_02_yellow100,no,,610.711880,5.0,ok,
category_B_output_box_4x6,input_box_4_demo_tube_03_blue75,no,,565.926674,5.0,ok,
category_B_output_box_4x6,input_box_4_demo_tube_04_red75,no,,654.444039,5.0,ok,
category_B_output_box_4x6,input_box_4_demo_tube_05_purple75,no,,612.862954,5.0,ok,
category_B_output_box_4x6,scan_station_demo_tube_yellow100,no,,414.135244,5.0,ok,
category_B_output_box_4x6,category_A_classified_tube_01_purple75,no,,182.000000,5.0,ok,
category_B_output_box_4x6,category_A_classified_tube_02_purple75,no,,126.000000,5.0,ok,
category_B_output_box_4x6,category_A_classified_tube_03_purple75,no,,70.000000,5.0,ok,
category_B_output_box_4x6,category_B_classified_tube_01_yellow100,yes,,,5.0,allowed_mount_contact,whitelisted expected mount/contact pair
category_B_output_box_4x6,category_B_classified_tube_02_yellow100,yes,,,5.0,allowed_mount_contact,whitelisted expected mount/contact pair
category_B_output_box_4x6,category_B_classified_tube_03_yellow100,yes,,,5.0,allowed_mount_contact,whitelisted expected mount/contact pair
category_B_output_box_4x6,category_C_classified_tube_01_blue75,no,,207.663189,5.0,ok,
category_B_output_box_4x6,category_C_classified_tube_02_blue75,no,,179.610690,5.0,ok,
category_B_output_box_4x6,category_C_classified_tube_03_blue75,no,,170.985379,5.0,ok,
category_B_output_box_4x6,category_D_classified_tube_01_red75,no,,100.000000,5.0,ok,
category_B_output_box_4x6,category_D_classified_tube_02_red75,no,,128.000000,5.0,ok,
category_B_output_box_4x6,category_D_classified_tube_03_red75,no,,156.000000,5.0,ok,
category_C_output_box_4x6,category_D_output_box_4x6,no,,30.000000,5.0,ok,
category_C_output_box_4x6,manual_review_bin_2x3,no,,257.694102,5.0,ok,
category_C_output_box_4x6,input_box_1_demo_tube_01_purple75,no,,550.313547,5.0,ok,
category_C_output_box_4x6,input_box_1_demo_tube_02_yellow100,no,,481.959542,5.0,ok,
category_C_output_box_4x6,input_box_1_demo_tube_03_blue75,no,,420.862210,5.0,ok,
category_C_output_box_4x6,input_box_1_demo_tube_04_red75,no,,473.164876,5.0,ok,
category_C_output_box_4x6,input_box_1_demo_tube_05_purple75,no,,410.761488,5.0,ok,
category_C_output_box_4x6,input_box_2_demo_tube_01_purple75,no,,491.940037,5.0,ok,
category_C_output_box_4x6,input_box_2_demo_tube_02_yellow100,no,,414.059175,5.0,ok,
category_C_output_box_4x6,input_box_2_demo_tube_03_blue75,no,,351.518136,5.0,ok,
category_C_output_box_4x6,input_box_2_demo_tube_04_red75,no,,421.432082,5.0,ok,
category_C_output_box_4x6,input_box_2_demo_tube_05_purple75,no,,360.173569,5.0,ok,
category_C_output_box_4x6,input_box_3_demo_tube_01_purple75,no,,463.643182,5.0,ok,
category_C_output_box_4x6,input_box_3_demo_tube_02_yellow100,no,,380.006579,5.0,ok,
category_C_output_box_4x6,input_box_3_demo_tube_03_blue75,no,,322.187833,5.0,ok,
category_C_output_box_4x6,input_box_3_demo_tube_04_red75,no,,406.000000,5.0,ok,
category_C_output_box_4x6,input_box_3_demo_tube_05_purple75,no,,350.000000,5.0,ok,
category_C_output_box_4x6,input_box_4_demo_tube_01_purple75,no,,462.000000,5.0,ok,
category_C_output_box_4x6,input_box_4_demo_tube_02_yellow100,no,,378.000000,5.0,ok,
category_C_output_box_4x6,input_box_4_demo_tube_03_blue75,no,,322.000000,5.0,ok,
category_C_output_box_4x6,input_box_4_demo_tube_04_red75,no,,406.148987,5.0,ok,
category_C_output_box_4x6,input_box_4_demo_tube_05_purple75,no,,352.166154,5.0,ok,
category_C_output_box_4x6,scan_station_demo_tube_yellow100,no,,204.518948,5.0,ok,
category_C_output_box_4x6,category_A_classified_tube_01_purple75,no,,184.000000,5.0,ok,
category_C_output_box_4x6,category_A_classified_tube_02_purple75,no,,156.000000,5.0,ok,
category_C_output_box_4x6,category_A_classified_tube_03_purple75,no,,128.000000,5.0,ok,
category_C_output_box_4x6,category_B_classified_tube_01_yellow100,no,,188.732615,5.0,ok,
category_C_output_box_4x6,category_B_classified_tube_02_yellow100,no,,184.228119,5.0,ok,
category_C_output_box_4x6,category_B_classified_tube_03_yellow100,no,,200.249844,5.0,ok,
category_C_output_box_4x6,category_C_classified_tube_01_blue75,yes,,,5.0,allowed_mount_contact,whitelisted expected mount/contact pair
category_C_output_box_4x6,category_C_classified_tube_02_blue75,yes,,,5.0,allowed_mount_contact,whitelisted expected mount/contact pair
category_C_output_box_4x6,category_C_classified_tube_03_blue75,yes,,,5.0,allowed_mount_contact,whitelisted expected mount/contact pair
category_C_output_box_4x6,category_D_classified_tube_01_red75,no,,42.000000,5.0,ok,
category_C_output_box_4x6,category_D_classified_tube_02_red75,no,,98.000000,5.0,ok,
category_C_output_box_4x6,category_D_classified_tube_03_red75,no,,154.000000,5.0,ok,
category_D_output_box_4x6,manual_review_bin_2x3,no,,441.028627,5.0,ok,
category_D_output_box_4x6,input_box_1_demo_tube_01_purple75,no,,735.516825,5.0,ok,
category_D_output_box_4x6,input_box_1_demo_tube_02_yellow100,no,,659.655213,5.0,ok,
category_D_output_box_4x6,input_box_1_demo_tube_03_blue75,no,,597.046899,5.0,ok,
category_D_output_box_4x6,input_box_1_demo_tube_04_red75,no,,662.197101,5.0,ok,
category_D_output_box_4x6,input_box_1_demo_tube_05_purple75,no,,599.854149,5.0,ok,
category_D_output_box_4x6,input_box_2_demo_tube_01_purple75,no,,692.924960,5.0,ok,
category_D_output_box_4x6,input_box_2_demo_tube_02_yellow100,no,,611.804707,5.0,ok,
category_D_output_box_4x6,input_box_2_demo_tube_03_blue75,no,,550.368059,5.0,ok,
category_D_output_box_4x6,input_box_2_demo_tube_04_red75,no,,626.278692,5.0,ok,
category_D_output_box_4x6,input_box_2_demo_tube_05_purple75,no,,566.414159,5.0,ok,
category_D_output_box_4x6,input_box_3_demo_tube_01_purple75,no,,673.130745,5.0,ok,
category_D_output_box_4x6,input_box_3_demo_tube_02_yellow100,no,,589.291948,5.0,ok,
category_D_output_box_4x6,input_box_3_demo_tube_03_blue75,no,,532.113710,5.0,ok,
category_D_output_box_4x6,input_box_3_demo_tube_04_red75,no,,616.000000,5.0,ok,
category_D_output_box_4x6,input_box_3_demo_tube_05_purple75,no,,560.000000,5.0,ok,
category_D_output_box_4x6,input_box_4_demo_tube_01_purple75,no,,672.000000,5.0,ok,
category_D_output_box_4x6,input_box_4_demo_tube_02_yellow100,no,,588.000000,5.0,ok,
category_D_output_box_4x6,input_box_4_demo_tube_03_blue75,no,,532.000000,5.0,ok,
category_D_output_box_4x6,input_box_4_demo_tube_04_red75,no,,616.098206,5.0,ok,
category_D_output_box_4x6,input_box_4_demo_tube_05_purple75,no,,561.356393,5.0,ok,
category_D_output_box_4x6,scan_station_demo_tube_yellow100,no,,413.240850,5.0,ok,
category_D_output_box_4x6,category_A_classified_tube_01_purple75,no,,258.804946,5.0,ok,
category_D_output_box_4x6,category_A_classified_tube_02_purple75,no,,200.529300,5.0,ok,
category_D_output_box_4x6,category_A_classified_tube_03_purple75,no,,145.890370,5.0,ok,
category_D_output_box_4x6,category_B_classified_tube_01_yellow100,no,,184.000000,5.0,ok,
category_D_output_box_4x6,category_B_classified_tube_02_yellow100,no,,156.000000,5.0,ok,
category_D_output_box_4x6,category_B_classified_tube_03_yellow100,no,,128.000000,5.0,ok,
category_D_output_box_4x6,category_C_classified_tube_01_blue75,no,,182.000000,5.0,ok,
category_D_output_box_4x6,category_C_classified_tube_02_blue75,no,,126.000000,5.0,ok,
category_D_output_box_4x6,category_C_classified_tube_03_blue75,no,,70.000000,5.0,ok,
category_D_output_box_4x6,category_D_classified_tube_01_red75,yes,,,5.0,allowed_mount_contact,whitelisted expected mount/contact pair
category_D_output_box_4x6,category_D_classified_tube_02_red75,yes,,,5.0,allowed_mount_contact,whitelisted expected mount/contact pair
category_D_output_box_4x6,category_D_classified_tube_03_red75,yes,,,5.0,allowed_mount_contact,whitelisted expected mount/contact pair
manual_review_bin_2x3,input_box_1_demo_tube_01_purple75,no,,603.644142,5.0,ok,
manual_review_bin_2x3,input_box_1_demo_tube_02_yellow100,no,,586.707977,5.0,ok,
manual_review_bin_2x3,input_box_1_demo_tube_03_blue75,no,,553.937045,5.0,ok,
manual_review_bin_2x3,input_box_1_demo_tube_04_red75,no,,536.084182,5.0,ok,
manual_review_bin_2x3,input_box_1_demo_tube_05_purple75,no,,500.006250,5.0,ok,
manual_review_bin_2x3,input_box_2_demo_tube_01_purple75,no,,479.683489,5.0,ok,
manual_review_bin_2x3,input_box_2_demo_tube_02_yellow100,no,,458.188007,5.0,ok,
manual_review_bin_2x3,input_box_2_demo_tube_03_blue75,no,,424.071044,5.0,ok,
manual_review_bin_2x3,input_box_2_demo_tube_04_red75,no,,409.458484,5.0,ok,
manual_review_bin_2x3,input_box_2_demo_tube_05_purple75,no,,370.885764,5.0,ok,
manual_review_bin_2x3,input_box_3_demo_tube_01_purple75,no,,360.008680,5.0,ok,
manual_review_bin_2x3,input_box_3_demo_tube_02_yellow100,no,,330.826616,5.0,ok,
manual_review_bin_2x3,input_box_3_demo_tube_03_blue75,no,,294.323377,5.0,ok,
manual_review_bin_2x3,input_box_3_demo_tube_04_red75,no,,285.878033,5.0,ok,
manual_review_bin_2x3,input_box_3_demo_tube_05_purple75,no,,242.706098,5.0,ok,
manual_review_bin_2x3,input_box_4_demo_tube_01_purple75,no,,250.831118,5.0,ok,
manual_review_bin_2x3,input_box_4_demo_tube_02_yellow100,no,,206.775845,5.0,ok,
manual_review_bin_2x3,input_box_4_demo_tube_03_blue75,no,,164.973483,5.0,ok,
manual_review_bin_2x3,input_box_4_demo_tube_04_red75,no,,172.035607,5.0,ok,
manual_review_bin_2x3,input_box_4_demo_tube_05_purple75,no,,118.559057,5.0,ok,
manual_review_bin_2x3,scan_station_demo_tube_yellow100,no,,314.500000,5.0,ok,
manual_review_bin_2x3,category_A_classified_tube_01_purple75,no,,512.412188,5.0,ok,
manual_review_bin_2x3,category_A_classified_tube_02_purple75,no,,513.912687,5.0,ok,
manual_review_bin_2x3,category_A_classified_tube_03_purple75,no,,522.959128,5.0,ok,
manual_review_bin_2x3,category_B_classified_tube_01_yellow100,no,,629.051866,5.0,ok,
manual_review_bin_2x3,category_B_classified_tube_02_yellow100,no,,648.664975,5.0,ok,
manual_review_bin_2x3,category_B_classified_tube_03_yellow100,no,,673.547511,5.0,ok,
manual_review_bin_2x3,category_C_classified_tube_01_blue75,no,,332.770567,5.0,ok,
manual_review_bin_2x3,category_C_classified_tube_02_blue75,no,,352.187805,5.0,ok,
manual_review_bin_2x3,category_C_classified_tube_03_blue75,no,,381.020013,5.0,ok,
manual_review_bin_2x3,category_D_classified_tube_01_red75,no,,493.838283,5.0,ok,
manual_review_bin_2x3,category_D_classified_tube_02_red75,no,,529.807748,5.0,ok,
manual_review_bin_2x3,category_D_classified_tube_03_red75,no,,570.400079,5.0,ok,
input_box_1_demo_tube_01_purple75,input_box_1_demo_tube_02_yellow100,no,,68.000000,5.0,ok,
input_box_1_demo_tube_01_purple75,input_box_1_demo_tube_03_blue75,no,,124.579292,5.0,ok,
input_box_1_demo_tube_01_purple75,input_box_1_demo_tube_04_red75,no,,56.568542,5.0,ok,
input_box_1_demo_tube_01_purple75,input_box_1_demo_tube_05_purple75,no,,117.643529,5.0,ok,
input_box_1_demo_tube_01_purple75,input_box_2_demo_tube_01_purple75,no,,114.000000,5.0,ok,
input_box_1_demo_tube_01_purple75,input_box_2_demo_tube_02_yellow100,no,,132.740348,5.0,ok,
input_box_1_demo_tube_01_purple75,input_box_2_demo_tube_03_blue75,no,,188.520556,5.0,ok,
input_box_1_demo_tube_01_purple75,input_box_2_demo_tube_04_red75,no,,174.642492,5.0,ok,
input_box_1_demo_tube_01_purple75,input_box_2_demo_tube_05_purple75,no,,220.045450,5.0,ok,
input_box_1_demo_tube_01_purple75,input_box_3_demo_tube_01_purple75,no,,244.000000,5.0,ok,
input_box_1_demo_tube_01_purple75,input_box_3_demo_tube_02_yellow100,no,,253.298243,5.0,ok,
input_box_1_demo_tube_01_purple75,input_box_3_demo_tube_03_blue75,no,,298.931430,5.0,ok,
input_box_1_demo_tube_01_purple75,input_box_3_demo_tube_04_red75,no,,302.654919,5.0,ok,
input_box_1_demo_tube_01_purple75,input_box_3_demo_tube_05_purple75,no,,341.760150,5.0,ok,
input_box_1_demo_tube_01_purple75,input_box_4_demo_tube_01_purple75,no,,374.000000,5.0,ok,
input_box_1_demo_tube_01_purple75,input_box_4_demo_tube_02_yellow100,no,,380.131556,5.0,ok,
input_box_1_demo_tube_01_purple75,input_box_4_demo_tube_03_blue75,no,,420.689910,5.0,ok,
input_box_1_demo_tube_01_purple75,input_box_4_demo_tube_04_red75,no,,431.856458,5.0,ok,
input_box_1_demo_tube_01_purple75,input_box_4_demo_tube_05_purple75,no,,467.952989,5.0,ok,
input_box_1_demo_tube_01_purple75,scan_station_demo_tube_yellow100,no,,350.052853,5.0,ok,
input_box_1_demo_tube_01_purple75,category_A_classified_tube_01_purple75,no,,484.228252,5.0,ok,
input_box_1_demo_tube_01_purple75,category_A_classified_tube_02_purple75,no,,545.003670,5.0,ok,
input_box_1_demo_tube_01_purple75,category_A_classified_tube_03_purple75,no,,606.152621,5.0,ok,
input_box_1_demo_tube_01_purple75,category_B_classified_tube_01_yellow100,no,,691.127340,5.0,ok,
input_box_1_demo_tube_01_purple75,category_B_classified_tube_02_yellow100,no,,750.818886,5.0,ok,
input_box_1_demo_tube_01_purple75,category_B_classified_tube_03_yellow100,no,,810.950677,5.0,ok,
input_box_1_demo_tube_01_purple75,category_C_classified_tube_01_blue75,no,,565.824178,5.0,ok,
input_box_1_demo_tube_01_purple75,category_C_classified_tube_02_blue75,no,,628.067672,5.0,ok,
input_box_1_demo_tube_01_purple75,category_C_classified_tube_03_blue75,no,,690.377433,5.0,ok,
input_box_1_demo_tube_01_purple75,category_D_classified_tube_01_red75,no,,750.557793,5.0,ok,
input_box_1_demo_tube_01_purple75,category_D_classified_tube_02_red75,no,,813.122992,5.0,ok,
input_box_1_demo_tube_01_purple75,category_D_classified_tube_03_red75,no,,875.694581,5.0,ok,
input_box_1_demo_tube_02_yellow100,input_box_1_demo_tube_03_blue75,no,,41.761226,5.0,ok,
input_box_1_demo_tube_02_yellow100,input_box_1_demo_tube_04_red75,no,,41.761226,5.0,ok,
input_box_1_demo_tube_02_yellow100,input_box_1_demo_tube_05_purple75,no,,69.050706,5.0,ok,
input_box_1_demo_tube_02_yellow100,input_box_2_demo_tube_01_purple75,no,,132.740348,5.0,ok,
input_box_1_demo_tube_02_yellow100,input_box_2_demo_tube_02_yellow100,no,,114.000000,5.0,ok,
input_box_1_demo_tube_02_yellow100,input_box_2_demo_tube_03_blue75,no,,147.526269,5.0,ok,
input_box_1_demo_tube_02_yellow100,input_box_2_demo_tube_04_red75,no,,170.423003,5.0,ok,
input_box_1_demo_tube_02_yellow100,input_box_2_demo_tube_05_purple75,no,,198.363303,5.0,ok,
input_box_1_demo_tube_02_yellow100,input_box_3_demo_tube_01_purple75,no,,253.298243,5.0,ok,
input_box_1_demo_tube_02_yellow100,input_box_3_demo_tube_02_yellow100,no,,244.000000,5.0,ok,
input_box_1_demo_tube_02_yellow100,input_box_3_demo_tube_03_blue75,no,,274.925444,5.0,ok,
input_box_1_demo_tube_02_yellow100,input_box_3_demo_tube_04_red75,no,,300.239904,5.0,ok,
input_box_1_demo_tube_02_yellow100,input_box_3_demo_tube_05_purple75,no,,328.219439,5.0,ok,
input_box_1_demo_tube_02_yellow100,input_box_4_demo_tube_01_purple75,no,,380.131556,5.0,ok,
input_box_1_demo_tube_02_yellow100,input_box_4_demo_tube_02_yellow100,no,,374.000000,5.0,ok,
input_box_1_demo_tube_02_yellow100,input_box_4_demo_tube_03_blue75,no,,403.985148,5.0,ok,
input_box_1_demo_tube_02_yellow100,input_box_4_demo_tube_04_red75,no,,430.167409,5.0,ok,
input_box_1_demo_tube_02_yellow100,input_box_4_demo_tube_05_purple75,no,,458.157178,5.0,ok,
input_box_1_demo_tube_02_yellow100,scan_station_demo_tube_yellow100,no,,297.659201,5.0,ok,
input_box_1_demo_tube_02_yellow100,category_A_classified_tube_01_purple75,no,,402.369233,5.0,ok,
input_box_1_demo_tube_02_yellow100,category_A_classified_tube_02_purple75,no,,463.729447,5.0,ok,
input_box_1_demo_tube_02_yellow100,category_A_classified_tube_03_purple75,no,,525.384621,5.0,ok,
input_box_1_demo_tube_02_yellow100,category_B_classified_tube_01_yellow100,no,,608.112654,5.0,ok,
input_box_1_demo_tube_02_yellow100,category_B_classified_tube_02_yellow100,no,,668.180365,5.0,ok,
input_box_1_demo_tube_02_yellow100,category_B_classified_tube_03_yellow100,no,,728.676197,5.0,ok,
input_box_1_demo_tube_02_yellow100,category_C_classified_tube_01_blue75,no,,497.575120,5.0,ok,
input_box_1_demo_tube_02_yellow100,category_C_classified_tube_02_blue75,no,,559.003578,5.0,ok,
input_box_1_demo_tube_02_yellow100,category_C_classified_tube_03_blue75,no,,620.668188,5.0,ok,
input_box_1_demo_tube_02_yellow100,category_D_classified_tube_01_red75,no,,674.893325,5.0,ok,
input_box_1_demo_tube_02_yellow100,category_D_classified_tube_02_red75,no,,737.499153,5.0,ok,
input_box_1_demo_tube_02_yellow100,category_D_classified_tube_03_red75,no,,800.105618,5.0,ok,
input_box_1_demo_tube_03_blue75,input_box_1_demo_tube_04_red75,no,,69.050706,5.0,ok,
input_box_1_demo_tube_03_blue75,input_box_1_demo_tube_05_purple75,no,,41.761226,5.0,ok,
input_box_1_demo_tube_03_blue75,input_box_2_demo_tube_01_purple75,no,,150.903943,5.0,ok,
input_box_1_demo_tube_03_blue75,input_box_2_demo_tube_02_yellow100,no,,94.847246,5.0,ok,
input_box_1_demo_tube_03_blue75,input_box_2_demo_tube_03_blue75,no,,114.000000,5.0,ok,
input_box_1_demo_tube_03_blue75,input_box_2_demo_tube_04_red75,no,,157.442053,5.0,ok,
input_box_1_demo_tube_03_blue75,input_box_2_demo_tube_05_purple75,no,,170.423003,5.0,ok,
input_box_1_demo_tube_03_blue75,input_box_3_demo_tube_01_purple75,no,,249.062241,5.0,ok,
input_box_1_demo_tube_03_blue75,input_box_3_demo_tube_02_yellow100,no,,219.672483,5.0,ok,
input_box_1_demo_tube_03_blue75,input_box_3_demo_tube_03_blue75,no,,244.000000,5.0,ok,
input_box_1_demo_tube_03_blue75,input_box_3_demo_tube_04_red75,no,,280.371183,5.0,ok,
input_box_1_demo_tube_03_blue75,input_box_3_demo_tube_05_purple75,no,,300.239904,5.0,ok,
input_box_1_demo_tube_03_blue75,input_box_4_demo_tube_01_purple75,no,,367.548636,5.0,ok,
input_box_1_demo_tube_03_blue75,input_box_4_demo_tube_02_yellow100,no,,348.304465,5.0,ok,
input_box_1_demo_tube_03_blue75,input_box_4_demo_tube_03_blue75,no,,374.000000,5.0,ok,
input_box_1_demo_tube_03_blue75,input_box_4_demo_tube_04_red75,no,,407.710682,5.0,ok,
input_box_1_demo_tube_03_blue75,input_box_4_demo_tube_05_purple75,no,,430.167409,5.0,ok,
input_box_1_demo_tube_03_blue75,scan_station_demo_tube_yellow100,no,,246.058936,5.0,ok,
input_box_1_demo_tube_03_blue75,category_A_classified_tube_01_purple75,no,,341.463029,5.0,ok,
input_box_1_demo_tube_03_blue75,category_A_classified_tube_02_purple75,no,,402.369233,5.0,ok,
input_box_1_demo_tube_03_blue75,category_A_classified_tube_03_purple75,no,,463.729447,5.0,ok,
input_box_1_demo_tube_03_blue75,category_B_classified_tube_01_yellow100,no,,548.613707,5.0,ok,
input_box_1_demo_tube_03_blue75,category_B_classified_tube_02_yellow100,no,,608.112654,5.0,ok,
input_box_1_demo_tube_03_blue75,category_B_classified_tube_03_yellow100,no,,668.180365,5.0,ok,
input_box_1_demo_tube_03_blue75,category_C_classified_tube_01_blue75,no,,436.482531,5.0,ok,
input_box_1_demo_tube_03_blue75,category_C_classified_tube_02_blue75,no,,497.575120,5.0,ok,
input_box_1_demo_tube_03_blue75,category_C_classified_tube_03_blue75,no,,559.003578,5.0,ok,
input_box_1_demo_tube_03_blue75,category_D_classified_tube_01_red75,no,,612.288331,5.0,ok,
input_box_1_demo_tube_03_blue75,category_D_classified_tube_02_red75,no,,674.893325,5.0,ok,
input_box_1_demo_tube_03_blue75,category_D_classified_tube_03_red75,no,,737.499153,5.0,ok,
input_box_1_demo_tube_04_red75,input_box_1_demo_tube_05_purple75,no,,41.761226,5.0,ok,
input_box_1_demo_tube_04_red75,input_box_2_demo_tube_01_purple75,no,,70.455660,5.0,ok,
input_box_1_demo_tube_04_red75,input_box_2_demo_tube_02_yellow100,no,,59.228372,5.0,ok,
input_box_1_demo_tube_04_red75,input_box_2_demo_tube_03_blue75,no,,109.635761,5.0,ok,
input_box_1_demo_tube_04_red75,input_box_2_demo_tube_04_red75,no,,114.000000,5.0,ok,
input_box_1_demo_tube_04_red75,input_box_2_demo_tube_05_purple75,no,,147.526269,5.0,ok,
input_box_1_demo_tube_04_red75,input_box_3_demo_tube_01_purple75,no,,192.208220,5.0,ok,
input_box_1_demo_tube_04_red75,input_box_3_demo_tube_02_yellow100,no,,188.382589,5.0,ok,
input_box_1_demo_tube_04_red75,input_box_3_demo_tube_03_blue75,no,,226.450878,5.0,ok,
input_box_1_demo_tube_04_red75,input_box_3_demo_tube_04_red75,no,,244.000000,5.0,ok,
input_box_1_demo_tube_04_red75,input_box_3_demo_tube_05_purple75,no,,274.925444,5.0,ok,
input_box_1_demo_tube_04_red75,input_box_4_demo_tube_01_purple75,no,,320.505850,5.0,ok,
input_box_1_demo_tube_04_red75,input_box_4_demo_tube_02_yellow100,no,,318.226335,5.0,ok,
input_box_1_demo_tube_04_red75,input_box_4_demo_tube_03_blue75,no,,352.618774,5.0,ok,
input_box_1_demo_tube_04_red75,input_box_4_demo_tube_04_red75,no,,374.000000,5.0,ok,
input_box_1_demo_tube_04_red75,input_box_4_demo_tube_05_purple75,no,,403.985148,5.0,ok,
input_box_1_demo_tube_04_red75,scan_station_demo_tube_yellow100,no,,270.867126,5.0,ok,
input_box_1_demo_tube_04_red75,category_A_classified_tube_01_purple75,no,,420.205902,5.0,ok,
input_box_1_demo_tube_04_red75,category_A_classified_tube_02_purple75,no,,479.288014,5.0,ok,
input_box_1_demo_tube_04_red75,category_A_classified_tube_03_purple75,no,,539.166950,5.0,ok,
input_box_1_demo_tube_04_red75,category_B_classified_tube_01_yellow100,no,,629.470412,5.0,ok,
input_box_1_demo_tube_04_red75,category_B_classified_tube_02_yellow100,no,,687.675069,5.0,ok,
input_box_1_demo_tube_04_red75,category_B_classified_tube_03_yellow100,no,,746.592928,5.0,ok,
input_box_1_demo_tube_04_red75,category_C_classified_tube_01_blue75,no,,488.603111,5.0,ok,
input_box_1_demo_tube_04_red75,category_C_classified_tube_02_blue75,no,,551.032667,5.0,ok,
input_box_1_demo_tube_04_red75,category_C_classified_tube_03_blue75,no,,613.498981,5.0,ok,
input_box_1_demo_tube_04_red75,category_D_classified_tube_01_red75,no,,677.047266,5.0,ok,
input_box_1_demo_tube_04_red75,category_D_classified_tube_02_red75,no,,739.470757,5.0,ok,
input_box_1_demo_tube_04_red75,category_D_classified_tube_03_red75,no,,801.923313,5.0,ok,
input_box_1_demo_tube_05_purple75,input_box_2_demo_tube_01_purple75,no,,100.578328,5.0,ok,
input_box_1_demo_tube_05_purple75,input_box_2_demo_tube_02_yellow100,no,,32.310989,5.0,ok,
input_box_1_demo_tube_05_purple75,input_box_2_demo_tube_03_blue75,no,,59.228372,5.0,ok,
input_box_1_demo_tube_05_purple75,input_box_2_demo_tube_04_red75,no,,94.847246,5.0,ok,
input_box_1_demo_tube_05_purple75,input_box_2_demo_tube_05_purple75,no,,114.000000,5.0,ok,
input_box_1_demo_tube_05_purple75,input_box_3_demo_tube_01_purple75,no,,186.590461,5.0,ok,
input_box_1_demo_tube_05_purple75,input_box_3_demo_tube_02_yellow100,no,,160.449369,5.0,ok,
input_box_1_demo_tube_05_purple75,input_box_3_demo_tube_03_blue75,no,,188.382589,5.0,ok,
input_box_1_demo_tube_05_purple75,input_box_3_demo_tube_04_red75,no,,219.672483,5.0,ok,
input_box_1_demo_tube_05_purple75,input_box_3_demo_tube_05_purple75,no,,244.000000,5.0,ok,
input_box_1_demo_tube_05_purple75,input_box_4_demo_tube_01_purple75,no,,305.476677,5.0,ok,
input_box_1_demo_tube_05_purple75,input_box_4_demo_tube_02_yellow100,no,,290.248170,5.0,ok,
input_box_1_demo_tube_05_purple75,input_box_4_demo_tube_03_blue75,no,,318.226335,5.0,ok,
input_box_1_demo_tube_05_purple75,input_box_4_demo_tube_04_red75,no,,348.304465,5.0,ok,
input_box_1_demo_tube_05_purple75,input_box_4_demo_tube_05_purple75,no,,374.000000,5.0,ok,
input_box_1_demo_tube_05_purple75,scan_station_demo_tube_yellow100,no,,212.868504,5.0,ok,
input_box_1_demo_tube_05_purple75,category_A_classified_tube_01_purple75,no,,362.310640,5.0,ok,
input_box_1_demo_tube_05_purple75,category_A_classified_tube_02_purple75,no,,420.205902,5.0,ok,
input_box_1_demo_tube_05_purple75,category_A_classified_tube_03_purple75,no,,479.288014,5.0,ok,
input_box_1_demo_tube_05_purple75,category_B_classified_tube_01_yellow100,no,,572.196645,5.0,ok,
input_box_1_demo_tube_05_purple75,category_B_classified_tube_02_yellow100,no,,629.470412,5.0,ok,
input_box_1_demo_tube_05_purple75,category_B_classified_tube_03_yellow100,no,,687.675069,5.0,ok,
input_box_1_demo_tube_05_purple75,category_C_classified_tube_01_blue75,no,,426.226466,5.0,ok,
input_box_1_demo_tube_05_purple75,category_C_classified_tube_02_blue75,no,,488.603111,5.0,ok,
input_box_1_demo_tube_05_purple75,category_C_classified_tube_03_blue75,no,,551.032667,5.0,ok,
input_box_1_demo_tube_05_purple75,category_D_classified_tube_01_red75,no,,614.661696,5.0,ok,
input_box_1_demo_tube_05_purple75,category_D_classified_tube_02_red75,no,,677.047266,5.0,ok,
input_box_1_demo_tube_05_purple75,category_D_classified_tube_03_red75,no,,739.470757,5.0,ok,
input_box_2_demo_tube_01_purple75,input_box_2_demo_tube_02_yellow100,no,,68.000000,5.0,ok,
input_box_2_demo_tube_01_purple75,input_box_2_demo_tube_03_blue75,no,,124.579292,5.0,ok,
input_box_2_demo_tube_01_purple75,input_box_2_demo_tube_04_red75,no,,56.568542,5.0,ok,
input_box_2_demo_tube_01_purple75,input_box_2_demo_tube_05_purple75,no,,117.643529,5.0,ok,
input_box_2_demo_tube_01_purple75,input_box_3_demo_tube_01_purple75,no,,114.000000,5.0,ok,
input_box_2_demo_tube_01_purple75,input_box_3_demo_tube_02_yellow100,no,,132.740348,5.0,ok,
input_box_2_demo_tube_01_purple75,input_box_3_demo_tube_03_blue75,no,,188.520556,5.0,ok,
input_box_2_demo_tube_01_purple75,input_box_3_demo_tube_04_red75,no,,174.642492,5.0,ok,
input_box_2_demo_tube_01_purple75,input_box_3_demo_tube_05_purple75,no,,220.045450,5.0,ok,
input_box_2_demo_tube_01_purple75,input_box_4_demo_tube_01_purple75,no,,244.000000,5.0,ok,
input_box_2_demo_tube_01_purple75,input_box_4_demo_tube_02_yellow100,no,,253.298243,5.0,ok,
input_box_2_demo_tube_01_purple75,input_box_4_demo_tube_03_blue75,no,,298.931430,5.0,ok,
input_box_2_demo_tube_01_purple75,input_box_4_demo_tube_04_red75,no,,302.654919,5.0,ok,
input_box_2_demo_tube_01_purple75,input_box_4_demo_tube_05_purple75,no,,341.760150,5.0,ok,
input_box_2_demo_tube_01_purple75,scan_station_demo_tube_yellow100,no,,272.354548,5.0,ok,
input_box_2_demo_tube_01_purple75,category_A_classified_tube_01_purple75,no,,474.000000,5.0,ok,
input_box_2_demo_tube_01_purple75,category_A_classified_tube_02_purple75,no,,530.000000,5.0,ok,
input_box_2_demo_tube_01_purple75,category_A_classified_tube_03_purple75,no,,586.533034,5.0,ok,
input_box_2_demo_tube_01_purple75,category_B_classified_tube_01_yellow100,no,,684.000000,5.0,ok,
input_box_2_demo_tube_01_purple75,category_B_classified_tube_02_yellow100,no,,740.000000,5.0,ok,
input_box_2_demo_tube_01_purple75,category_B_classified_tube_03_yellow100,no,,796.392491,5.0,ok,
input_box_2_demo_tube_01_purple75,category_C_classified_tube_01_blue75,no,,506.672478,5.0,ok,
input_box_2_demo_tube_01_purple75,category_C_classified_tube_02_blue75,no,,568.989455,5.0,ok,
input_box_2_demo_tube_01_purple75,category_C_classified_tube_03_blue75,no,,631.364396,5.0,ok,
input_box_2_demo_tube_01_purple75,category_D_classified_tube_01_red75,no,,707.033945,5.0,ok,
input_box_2_demo_tube_01_purple75,category_D_classified_tube_02_red75,no,,768.406793,5.0,ok,
input_box_2_demo_tube_01_purple75,category_D_classified_tube_03_red75,no,,829.964457,5.0,ok,
input_box_2_demo_tube_02_yellow100,input_box_2_demo_tube_03_blue75,no,,41.761226,5.0,ok,
input_box_2_demo_tube_02_yellow100,input_box_2_demo_tube_04_red75,no,,41.761226,5.0,ok,
input_box_2_demo_tube_02_yellow100,input_box_2_demo_tube_05_purple75,no,,69.050706,5.0,ok,
input_box_2_demo_tube_02_yellow100,input_box_3_demo_tube_01_purple75,no,,132.740348,5.0,ok,
input_box_2_demo_tube_02_yellow100,input_box_3_demo_tube_02_yellow100,no,,114.000000,5.0,ok,
input_box_2_demo_tube_02_yellow100,input_box_3_demo_tube_03_blue75,no,,147.526269,5.0,ok,
input_box_2_demo_tube_02_yellow100,input_box_3_demo_tube_04_red75,no,,170.423003,5.0,ok,
input_box_2_demo_tube_02_yellow100,input_box_3_demo_tube_05_purple75,no,,198.363303,5.0,ok,
input_box_2_demo_tube_02_yellow100,input_box_4_demo_tube_01_purple75,no,,253.298243,5.0,ok,
input_box_2_demo_tube_02_yellow100,input_box_4_demo_tube_02_yellow100,no,,244.000000,5.0,ok,
input_box_2_demo_tube_02_yellow100,input_box_4_demo_tube_03_blue75,no,,274.925444,5.0,ok,
input_box_2_demo_tube_02_yellow100,input_box_4_demo_tube_04_red75,no,,300.239904,5.0,ok,
input_box_2_demo_tube_02_yellow100,input_box_4_demo_tube_05_purple75,no,,328.219439,5.0,ok,
input_box_2_demo_tube_02_yellow100,scan_station_demo_tube_yellow100,no,,200.601595,5.0,ok,
input_box_2_demo_tube_02_yellow100,category_A_classified_tube_01_purple75,no,,390.000000,5.0,ok,
input_box_2_demo_tube_02_yellow100,category_A_classified_tube_02_purple75,no,,446.000000,5.0,ok,
input_box_2_demo_tube_02_yellow100,category_A_classified_tube_03_purple75,no,,502.622124,5.0,ok,
input_box_2_demo_tube_02_yellow100,category_B_classified_tube_01_yellow100,no,,600.000000,5.0,ok,
input_box_2_demo_tube_02_yellow100,category_B_classified_tube_02_yellow100,no,,656.000000,5.0,ok,
input_box_2_demo_tube_02_yellow100,category_B_classified_tube_03_yellow100,no,,712.438769,5.0,ok,
input_box_2_demo_tube_02_yellow100,category_C_classified_tube_01_blue75,no,,429.116534,5.0,ok,
input_box_2_demo_tube_02_yellow100,category_C_classified_tube_02_blue75,no,,491.696044,5.0,ok,
input_box_2_demo_tube_02_yellow100,category_C_classified_tube_03_blue75,no,,554.282419,5.0,ok,
input_box_2_demo_tube_02_yellow100,category_D_classified_tube_01_red75,no,,626.131775,5.0,ok,
input_box_2_demo_tube_02_yellow100,category_D_classified_tube_02_red75,no,,687.884438,5.0,ok,
input_box_2_demo_tube_02_yellow100,category_D_classified_tube_03_red75,no,,749.779301,5.0,ok,
input_box_2_demo_tube_03_blue75,input_box_2_demo_tube_04_red75,no,,69.050706,5.0,ok,
input_box_2_demo_tube_03_blue75,input_box_2_demo_tube_05_purple75,no,,41.761226,5.0,ok,
input_box_2_demo_tube_03_blue75,input_box_3_demo_tube_01_purple75,no,,150.903943,5.0,ok,
input_box_2_demo_tube_03_blue75,input_box_3_demo_tube_02_yellow100,no,,94.847246,5.0,ok,
input_box_2_demo_tube_03_blue75,input_box_3_demo_tube_03_blue75,no,,114.000000,5.0,ok,
input_box_2_demo_tube_03_blue75,input_box_3_demo_tube_04_red75,no,,157.442053,5.0,ok,
input_box_2_demo_tube_03_blue75,input_box_3_demo_tube_05_purple75,no,,170.423003,5.0,ok,
input_box_2_demo_tube_03_blue75,input_box_4_demo_tube_01_purple75,no,,249.062241,5.0,ok,
input_box_2_demo_tube_03_blue75,input_box_4_demo_tube_02_yellow100,no,,219.672483,5.0,ok,
input_box_2_demo_tube_03_blue75,input_box_4_demo_tube_03_blue75,no,,244.000000,5.0,ok,
input_box_2_demo_tube_03_blue75,input_box_4_demo_tube_04_red75,no,,280.371183,5.0,ok,
input_box_2_demo_tube_03_blue75,input_box_4_demo_tube_05_purple75,no,,300.239904,5.0,ok,
input_box_2_demo_tube_03_blue75,scan_station_demo_tube_yellow100,no,,139.517024,5.0,ok,
input_box_2_demo_tube_03_blue75,category_A_classified_tube_01_purple75,no,,335.089540,5.0,ok,
input_box_2_demo_tube_03_blue75,category_A_classified_tube_02_purple75,no,,390.000000,5.0,ok,
input_box_2_demo_tube_03_blue75,category_A_classified_tube_03_purple75,no,,446.000000,5.0,ok,
input_box_2_demo_tube_03_blue75,category_B_classified_tube_01_yellow100,no,,544.669625,5.0,ok,
input_box_2_demo_tube_03_blue75,category_B_classified_tube_02_yellow100,no,,600.000000,5.0,ok,
input_box_2_demo_tube_03_blue75,category_B_classified_tube_03_yellow100,no,,656.000000,5.0,ok,
input_box_2_demo_tube_03_blue75,category_C_classified_tube_01_blue75,no,,366.547405,5.0,ok,
input_box_2_demo_tube_03_blue75,category_C_classified_tube_02_blue75,no,,429.116534,5.0,ok,
input_box_2_demo_tube_03_blue75,category_C_classified_tube_03_blue75,no,,491.696044,5.0,ok,
input_box_2_demo_tube_03_blue75,category_D_classified_tube_01_red75,no,,564.567976,5.0,ok,
input_box_2_demo_tube_03_blue75,category_D_classified_tube_02_red75,no,,626.131775,5.0,ok,
input_box_2_demo_tube_03_blue75,category_D_classified_tube_03_red75,no,,687.884438,5.0,ok,
input_box_2_demo_tube_04_red75,input_box_2_demo_tube_05_purple75,no,,41.761226,5.0,ok,
input_box_2_demo_tube_04_red75,input_box_3_demo_tube_01_purple75,no,,70.455660,5.0,ok,
input_box_2_demo_tube_04_red75,input_box_3_demo_tube_02_yellow100,no,,59.228372,5.0,ok,
input_box_2_demo_tube_04_red75,input_box_3_demo_tube_03_blue75,no,,109.635761,5.0,ok,
input_box_2_demo_tube_04_red75,input_box_3_demo_tube_04_red75,no,,114.000000,5.0,ok,
input_box_2_demo_tube_04_red75,input_box_3_demo_tube_05_purple75,no,,147.526269,5.0,ok,
input_box_2_demo_tube_04_red75,input_box_4_demo_tube_01_purple75,no,,192.208220,5.0,ok,
input_box_2_demo_tube_04_red75,input_box_4_demo_tube_02_yellow100,no,,188.382589,5.0,ok,
input_box_2_demo_tube_04_red75,input_box_4_demo_tube_03_blue75,no,,226.450878,5.0,ok,
input_box_2_demo_tube_04_red75,input_box_4_demo_tube_04_red75,no,,244.000000,5.0,ok,
input_box_2_demo_tube_04_red75,input_box_4_demo_tube_05_purple75,no,,274.925444,5.0,ok,
input_box_2_demo_tube_04_red75,scan_station_demo_tube_yellow100,no,,198.919582,5.0,ok,
input_box_2_demo_tube_04_red75,category_A_classified_tube_01_purple75,no,,421.602894,5.0,ok,
input_box_2_demo_tube_04_red75,category_A_classified_tube_02_purple75,no,,474.768365,5.0,ok,
input_box_2_demo_tube_04_red75,category_A_classified_tube_03_purple75,no,,530.000000,5.0,ok,
input_box_2_demo_tube_04_red75,category_B_classified_tube_01_yellow100,no,,630.403839,5.0,ok,
input_box_2_demo_tube_04_red75,category_B_classified_tube_02_yellow100,no,,684.532687,5.0,ok,
input_box_2_demo_tube_04_red75,category_B_classified_tube_03_yellow100,no,,740.000000,5.0,ok,
input_box_2_demo_tube_04_red75,category_C_classified_tube_01_blue75,no,,435.721241,5.0,ok,
input_box_2_demo_tube_04_red75,category_C_classified_tube_02_blue75,no,,497.470602,5.0,ok,
input_box_2_demo_tube_04_red75,category_C_classified_tube_03_blue75,no,,559.411298,5.0,ok,
input_box_2_demo_tube_04_red75,category_D_classified_tube_01_red75,no,,639.932028,5.0,ok,
input_box_2_demo_tube_04_red75,category_D_classified_tube_02_red75,no,,700.469129,5.0,ok,
input_box_2_demo_tube_04_red75,category_D_classified_tube_03_red75,no,,761.341579,5.0,ok,
input_box_2_demo_tube_05_purple75,input_box_3_demo_tube_01_purple75,no,,100.578328,5.0,ok,
input_box_2_demo_tube_05_purple75,input_box_3_demo_tube_02_yellow100,no,,32.310989,5.0,ok,
input_box_2_demo_tube_05_purple75,input_box_3_demo_tube_03_blue75,no,,59.228372,5.0,ok,
input_box_2_demo_tube_05_purple75,input_box_3_demo_tube_04_red75,no,,94.847246,5.0,ok,
input_box_2_demo_tube_05_purple75,input_box_3_demo_tube_05_purple75,no,,114.000000,5.0,ok,
input_box_2_demo_tube_05_purple75,input_box_4_demo_tube_01_purple75,no,,186.590461,5.0,ok,
input_box_2_demo_tube_05_purple75,input_box_4_demo_tube_02_yellow100,no,,160.449369,5.0,ok,
input_box_2_demo_tube_05_purple75,input_box_4_demo_tube_03_blue75,no,,188.382589,5.0,ok,
input_box_2_demo_tube_05_purple75,input_box_4_demo_tube_04_red75,no,,219.672483,5.0,ok,
input_box_2_demo_tube_05_purple75,input_box_4_demo_tube_05_purple75,no,,244.000000,5.0,ok,
input_box_2_demo_tube_05_purple75,scan_station_demo_tube_yellow100,no,,137.087563,5.0,ok,
input_box_2_demo_tube_05_purple75,category_A_classified_tube_01_purple75,no,,371.393323,5.0,ok,
input_box_2_demo_tube_05_purple75,category_A_classified_tube_02_purple75,no,,421.602894,5.0,ok,
input_box_2_demo_tube_05_purple75,category_A_classified_tube_03_purple75,no,,474.768365,5.0,ok,
input_box_2_demo_tube_05_purple75,category_B_classified_tube_01_yellow100,no,,577.990484,5.0,ok,
input_box_2_demo_tube_05_purple75,category_B_classified_tube_02_yellow100,no,,630.403839,5.0,ok,
input_box_2_demo_tube_05_purple75,category_B_classified_tube_03_yellow100,no,,684.532687,5.0,ok,
input_box_2_demo_tube_05_purple75,category_C_classified_tube_01_blue75,no,,374.257932,5.0,ok,
input_box_2_demo_tube_05_purple75,category_C_classified_tube_02_blue75,no,,435.721241,5.0,ok,
input_box_2_demo_tube_05_purple75,category_C_classified_tube_03_blue75,no,,497.470602,5.0,ok,
input_box_2_demo_tube_05_purple75,category_D_classified_tube_01_red75,no,,579.835321,5.0,ok,
input_box_2_demo_tube_05_purple75,category_D_classified_tube_02_red75,no,,639.932028,5.0,ok,
input_box_2_demo_tube_05_purple75,category_D_classified_tube_03_red75,no,,700.469129,5.0,ok,
input_box_3_demo_tube_01_purple75,input_box_3_demo_tube_02_yellow100,no,,68.000000,5.0,ok,
input_box_3_demo_tube_01_purple75,input_box_3_demo_tube_03_blue75,no,,124.579292,5.0,ok,
input_box_3_demo_tube_01_purple75,input_box_3_demo_tube_04_red75,no,,56.568542,5.0,ok,
input_box_3_demo_tube_01_purple75,input_box_3_demo_tube_05_purple75,no,,117.643529,5.0,ok,
input_box_3_demo_tube_01_purple75,input_box_4_demo_tube_01_purple75,no,,114.000000,5.0,ok,
input_box_3_demo_tube_01_purple75,input_box_4_demo_tube_02_yellow100,no,,132.740348,5.0,ok,
input_box_3_demo_tube_01_purple75,input_box_4_demo_tube_03_blue75,no,,188.520556,5.0,ok,
input_box_3_demo_tube_01_purple75,input_box_4_demo_tube_04_red75,no,,174.642492,5.0,ok,
input_box_3_demo_tube_01_purple75,input_box_4_demo_tube_05_purple75,no,,220.045450,5.0,ok,
input_box_3_demo_tube_01_purple75,scan_station_demo_tube_yellow100,no,,244.000000,5.0,ok,
input_box_3_demo_tube_01_purple75,category_A_classified_tube_01_purple75,no,,491.240267,5.0,ok,
input_box_3_demo_tube_01_purple75,category_A_classified_tube_02_purple75,no,,539.537765,5.0,ok,
input_box_3_demo_tube_01_purple75,category_A_classified_tube_03_purple75,no,,590.529423,5.0,ok,
input_box_3_demo_tube_01_purple75,category_B_classified_tube_01_yellow100,no,,696.058187,5.0,ok,
input_box_3_demo_tube_01_purple75,category_B_classified_tube_02_yellow100,no,,746.860763,5.0,ok,
input_box_3_demo_tube_01_purple75,category_B_classified_tube_03_yellow100,no,,799.340353,5.0,ok,
input_box_3_demo_tube_01_purple75,category_C_classified_tube_01_blue75,no,,476.525970,5.0,ok,
input_box_3_demo_tube_01_purple75,category_C_classified_tube_02_blue75,no,,535.564188,5.0,ok,
input_box_3_demo_tube_01_purple75,category_C_classified_tube_03_blue75,no,,595.332680,5.0,ok,
input_box_3_demo_tube_01_purple75,category_D_classified_tube_01_red75,no,,685.752871,5.0,ok,
input_box_3_demo_tube_01_purple75,category_D_classified_tube_02_red75,no,,743.995296,5.0,ok,
input_box_3_demo_tube_01_purple75,category_D_classified_tube_03_red75,no,,802.895385,5.0,ok,
input_box_3_demo_tube_02_yellow100,input_box_3_demo_tube_03_blue75,no,,41.761226,5.0,ok,
input_box_3_demo_tube_02_yellow100,input_box_3_demo_tube_04_red75,no,,41.761226,5.0,ok,
input_box_3_demo_tube_02_yellow100,input_box_3_demo_tube_05_purple75,no,,69.050706,5.0,ok,
input_box_3_demo_tube_02_yellow100,input_box_4_demo_tube_01_purple75,no,,132.740348,5.0,ok,
input_box_3_demo_tube_02_yellow100,input_box_4_demo_tube_02_yellow100,no,,114.000000,5.0,ok,
input_box_3_demo_tube_02_yellow100,input_box_4_demo_tube_03_blue75,no,,147.526269,5.0,ok,
input_box_3_demo_tube_02_yellow100,input_box_4_demo_tube_04_red75,no,,170.423003,5.0,ok,
input_box_3_demo_tube_02_yellow100,input_box_4_demo_tube_05_purple75,no,,198.363303,5.0,ok,
input_box_3_demo_tube_02_yellow100,scan_station_demo_tube_yellow100,no,,160.000000,5.0,ok,
input_box_3_demo_tube_02_yellow100,category_A_classified_tube_01_purple75,no,,410.780964,5.0,ok,
input_box_3_demo_tube_02_yellow100,category_A_classified_tube_02_purple75,no,,457.293123,5.0,ok,
input_box_3_demo_tube_02_yellow100,category_A_classified_tube_03_purple75,no,,507.280002,5.0,ok,
input_box_3_demo_tube_02_yellow100,category_B_classified_tube_01_yellow100,no,,613.710844,5.0,ok,
input_box_3_demo_tube_02_yellow100,category_B_classified_tube_02_yellow100,no,,663.729614,5.0,ok,
input_box_3_demo_tube_02_yellow100,category_B_classified_tube_03_yellow100,no,,715.732492,5.0,ok,
input_box_3_demo_tube_02_yellow100,category_C_classified_tube_01_blue75,no,,393.066152,5.0,ok,
input_box_3_demo_tube_02_yellow100,category_C_classified_tube_02_blue75,no,,452.598056,5.0,ok,
input_box_3_demo_tube_02_yellow100,category_C_classified_tube_03_blue75,no,,512.863530,5.0,ok,
input_box_3_demo_tube_02_yellow100,category_D_classified_tube_01_red75,no,,601.997508,5.0,ok,
input_box_3_demo_tube_02_yellow100,category_D_classified_tube_02_red75,no,,660.503596,5.0,ok,
input_box_3_demo_tube_02_yellow100,category_D_classified_tube_03_red75,no,,719.700632,5.0,ok,
input_box_3_demo_tube_03_blue75,input_box_3_demo_tube_04_red75,no,,69.050706,5.0,ok,
input_box_3_demo_tube_03_blue75,input_box_3_demo_tube_05_purple75,no,,41.761226,5.0,ok,
input_box_3_demo_tube_03_blue75,input_box_4_demo_tube_01_purple75,no,,150.903943,5.0,ok,
input_box_3_demo_tube_03_blue75,input_box_4_demo_tube_02_yellow100,no,,94.847246,5.0,ok,
input_box_3_demo_tube_03_blue75,input_box_4_demo_tube_03_blue75,no,,114.000000,5.0,ok,
input_box_3_demo_tube_03_blue75,input_box_4_demo_tube_04_red75,no,,157.442053,5.0,ok,
input_box_3_demo_tube_03_blue75,input_box_4_demo_tube_05_purple75,no,,170.423003,5.0,ok,
input_box_3_demo_tube_03_blue75,scan_station_demo_tube_yellow100,no,,104.120123,5.0,ok,
input_box_3_demo_tube_03_blue75,category_A_classified_tube_01_purple75,no,,369.059616,5.0,ok,
input_box_3_demo_tube_03_blue75,category_A_classified_tube_02_purple75,no,,410.780964,5.0,ok,
input_box_3_demo_tube_03_blue75,category_A_classified_tube_03_purple75,no,,457.293123,5.0,ok,
input_box_3_demo_tube_03_blue75,category_B_classified_tube_01_yellow100,no,,566.202261,5.0,ok,
input_box_3_demo_tube_03_blue75,category_B_classified_tube_02_yellow100,no,,613.710844,5.0,ok,
input_box_3_demo_tube_03_blue75,category_B_classified_tube_03_yellow100,no,,663.729614,5.0,ok,
input_box_3_demo_tube_03_blue75,category_C_classified_tube_01_blue75,no,,334.659528,5.0,ok,
input_box_3_demo_tube_03_blue75,category_C_classified_tube_02_blue75,no,,393.066152,5.0,ok,
input_box_3_demo_tube_03_blue75,category_C_classified_tube_03_blue75,no,,452.598056,5.0,ok,
input_box_3_demo_tube_03_blue75,category_D_classified_tube_01_red75,no,,544.405180,5.0,ok,
input_box_3_demo_tube_03_blue75,category_D_classified_tube_02_red75,no,,601.997508,5.0,ok,
input_box_3_demo_tube_03_blue75,category_D_classified_tube_03_red75,no,,660.503596,5.0,ok,
input_box_3_demo_tube_04_red75,input_box_3_demo_tube_05_purple75,no,,41.761226,5.0,ok,
input_box_3_demo_tube_04_red75,input_box_4_demo_tube_01_purple75,no,,70.455660,5.0,ok,
input_box_3_demo_tube_04_red75,input_box_4_demo_tube_02_yellow100,no,,59.228372,5.0,ok,
input_box_3_demo_tube_04_red75,input_box_4_demo_tube_03_blue75,no,,109.635761,5.0,ok,
input_box_3_demo_tube_04_red75,input_box_4_demo_tube_04_red75,no,,114.000000,5.0,ok,
input_box_3_demo_tube_04_red75,input_box_4_demo_tube_05_purple75,no,,147.526269,5.0,ok,
input_box_3_demo_tube_04_red75,scan_station_demo_tube_yellow100,no,,190.874304,5.0,ok,
input_box_3_demo_tube_04_red75,category_A_classified_tube_01_purple75,no,,457.109396,5.0,ok,
input_box_3_demo_tube_04_red75,category_A_classified_tube_02_purple75,no,,499.324544,5.0,ok,
input_box_3_demo_tube_04_red75,category_A_classified_tube_03_purple75,no,,545.473189,5.0,ok,
input_box_3_demo_tube_04_red75,category_B_classified_tube_01_yellow100,no,,654.682366,5.0,ok,
input_box_3_demo_tube_04_red75,category_B_classified_tube_02_yellow100,no,,701.787005,5.0,ok,
input_box_3_demo_tube_04_red75,category_B_classified_tube_03_yellow100,no,,751.159770,5.0,ok,
input_box_3_demo_tube_04_red75,category_C_classified_tube_01_blue75,no,,418.000000,5.0,ok,
input_box_3_demo_tube_04_red75,category_C_classified_tube_02_blue75,no,,474.464962,5.0,ok,
input_box_3_demo_tube_04_red75,category_C_classified_tube_03_blue75,no,,532.260275,5.0,ok,
input_box_3_demo_tube_04_red75,category_D_classified_tube_01_red75,no,,628.000000,5.0,ok,
input_box_3_demo_tube_04_red75,category_D_classified_tube_02_red75,no,,684.322292,5.0,ok,
input_box_3_demo_tube_04_red75,category_D_classified_tube_03_red75,no,,741.620523,5.0,ok,
input_box_3_demo_tube_05_purple75,input_box_4_demo_tube_01_purple75,no,,100.578328,5.0,ok,
input_box_3_demo_tube_05_purple75,input_box_4_demo_tube_02_yellow100,no,,32.310989,5.0,ok,
input_box_3_demo_tube_05_purple75,input_box_4_demo_tube_03_blue75,no,,59.228372,5.0,ok,
input_box_3_demo_tube_05_purple75,input_box_4_demo_tube_04_red75,no,,94.847246,5.0,ok,
input_box_3_demo_tube_05_purple75,input_box_4_demo_tube_05_purple75,no,,114.000000,5.0,ok,
input_box_3_demo_tube_05_purple75,scan_station_demo_tube_yellow100,no,,145.413204,5.0,ok,
input_box_3_demo_tube_05_purple75,category_A_classified_tube_01_purple75,no,,420.015476,5.0,ok,
input_box_3_demo_tube_05_purple75,category_A_classified_tube_02_purple75,no,,457.109396,5.0,ok,
input_box_3_demo_tube_05_purple75,category_A_classified_tube_03_purple75,no,,499.324544,5.0,ok,
input_box_3_demo_tube_05_purple75,category_B_classified_tube_01_yellow100,no,,610.371199,5.0,ok,
input_box_3_demo_tube_05_purple75,category_B_classified_tube_02_yellow100,no,,654.682366,5.0,ok,
input_box_3_demo_tube_05_purple75,category_B_classified_tube_03_yellow100,no,,701.787005,5.0,ok,
input_box_3_demo_tube_05_purple75,category_C_classified_tube_01_blue75,no,,362.012431,5.0,ok,
input_box_3_demo_tube_05_purple75,category_C_classified_tube_02_blue75,no,,418.000000,5.0,ok,
input_box_3_demo_tube_05_purple75,category_C_classified_tube_03_blue75,no,,474.464962,5.0,ok,
input_box_3_demo_tube_05_purple75,category_D_classified_tube_01_red75,no,,572.007867,5.0,ok,
input_box_3_demo_tube_05_purple75,category_D_classified_tube_02_red75,no,,628.000000,5.0,ok,
input_box_3_demo_tube_05_purple75,category_D_classified_tube_03_red75,no,,684.322292,5.0,ok,
input_box_4_demo_tube_01_purple75,input_box_4_demo_tube_02_yellow100,no,,68.000000,5.0,ok,
input_box_4_demo_tube_01_purple75,input_box_4_demo_tube_03_blue75,no,,124.579292,5.0,ok,
input_box_4_demo_tube_01_purple75,input_box_4_demo_tube_04_red75,no,,56.568542,5.0,ok,
input_box_4_demo_tube_01_purple75,input_box_4_demo_tube_05_purple75,no,,117.643529,5.0,ok,
input_box_4_demo_tube_01_purple75,scan_station_demo_tube_yellow100,no,,266.430103,5.0,ok,
input_box_4_demo_tube_01_purple75,category_A_classified_tube_01_purple75,no,,540.145351,5.0,ok,
input_box_4_demo_tube_01_purple75,category_A_classified_tube_02_purple75,no,,578.153094,5.0,ok,
input_box_4_demo_tube_01_purple75,category_A_classified_tube_03_purple75,no,,620.165301,5.0,ok,
input_box_4_demo_tube_01_purple75,category_B_classified_tube_01_yellow100,no,,731.393875,5.0,ok,
input_box_4_demo_tube_01_purple75,category_B_classified_tube_02_yellow100,no,,775.216744,5.0,ok,
input_box_4_demo_tube_01_purple75,category_B_classified_tube_03_yellow100,no,,821.477328,5.0,ok,
input_box_4_demo_tube_01_purple75,category_C_classified_tube_01_blue75,no,,476.525970,5.0,ok,
input_box_4_demo_tube_01_purple75,category_C_classified_tube_02_blue75,no,,530.415875,5.0,ok,
input_box_4_demo_tube_01_purple75,category_C_classified_tube_03_blue75,no,,586.000000,5.0,ok,
input_box_4_demo_tube_01_purple75,category_D_classified_tube_01_red75,no,,685.752871,5.0,ok,
input_box_4_demo_tube_01_purple75,category_D_classified_tube_02_red75,no,,740.297913,5.0,ok,
input_box_4_demo_tube_01_purple75,category_D_classified_tube_03_red75,no,,796.000000,5.0,ok,
input_box_4_demo_tube_02_yellow100,input_box_4_demo_tube_03_blue75,no,,41.761226,5.0,ok,
input_box_4_demo_tube_02_yellow100,input_box_4_demo_tube_04_red75,no,,41.761226,5.0,ok,
input_box_4_demo_tube_02_yellow100,input_box_4_demo_tube_05_purple75,no,,69.050706,5.0,ok,
input_box_4_demo_tube_02_yellow100,scan_station_demo_tube_yellow100,no,,192.481168,5.0,ok,
input_box_4_demo_tube_02_yellow100,category_A_classified_tube_01_purple75,no,,468.167705,5.0,ok,
input_box_4_demo_tube_02_yellow100,category_A_classified_tube_02_purple75,no,,502.271839,5.0,ok,
input_box_4_demo_tube_02_yellow100,category_A_classified_tube_03_purple75,no,,541.491459,5.0,ok,
input_box_4_demo_tube_02_yellow100,category_B_classified_tube_01_yellow100,no,,653.514346,5.0,ok,
input_box_4_demo_tube_02_yellow100,category_B_classified_tube_02_yellow100,no,,695.483285,5.0,ok,
input_box_4_demo_tube_02_yellow100,category_B_classified_tube_03_yellow100,no,,740.373554,5.0,ok,
input_box_4_demo_tube_02_yellow100,category_C_classified_tube_01_blue75,no,,393.066152,5.0,ok,
input_box_4_demo_tube_02_yellow100,category_C_classified_tube_02_blue75,no,,446.494121,5.0,ok,
input_box_4_demo_tube_02_yellow100,category_C_classified_tube_03_blue75,no,,502.000000,5.0,ok,
input_box_4_demo_tube_02_yellow100,category_D_classified_tube_01_red75,no,,601.997508,5.0,ok,
input_box_4_demo_tube_02_yellow100,category_D_classified_tube_02_red75,no,,656.336042,5.0,ok,
input_box_4_demo_tube_02_yellow100,category_D_classified_tube_03_red75,no,,712.000000,5.0,ok,
input_box_4_demo_tube_03_blue75,input_box_4_demo_tube_04_red75,no,,69.050706,5.0,ok,
input_box_4_demo_tube_03_blue75,input_box_4_demo_tube_05_purple75,no,,41.761226,5.0,ok,
input_box_4_demo_tube_03_blue75,scan_station_demo_tube_yellow100,no,,170.414201,5.0,ok,
input_box_4_demo_tube_03_blue75,category_A_classified_tube_01_purple75,no,,440.369163,5.0,ok,
input_box_4_demo_tube_03_blue75,category_A_classified_tube_02_purple75,no,,468.167705,5.0,ok,
input_box_4_demo_tube_03_blue75,category_A_classified_tube_03_purple75,no,,502.271839,5.0,ok,
input_box_4_demo_tube_03_blue75,category_B_classified_tube_01_yellow100,no,,615.065037,5.0,ok,
input_box_4_demo_tube_03_blue75,category_B_classified_tube_02_yellow100,no,,653.514346,5.0,ok,
input_box_4_demo_tube_03_blue75,category_B_classified_tube_03_yellow100,no,,695.483285,5.0,ok,
input_box_4_demo_tube_03_blue75,category_C_classified_tube_01_blue75,no,,342.760850,5.0,ok,
input_box_4_demo_tube_03_blue75,category_C_classified_tube_02_blue75,no,,393.066152,5.0,ok,
input_box_4_demo_tube_03_blue75,category_C_classified_tube_03_blue75,no,,446.494121,5.0,ok,
input_box_4_demo_tube_03_blue75,category_D_classified_tube_01_red75,no,,549.422424,5.0,ok,
input_box_4_demo_tube_03_blue75,category_D_classified_tube_02_red75,no,,601.997508,5.0,ok,
input_box_4_demo_tube_03_blue75,category_D_classified_tube_03_red75,no,,656.336042,5.0,ok,
input_box_4_demo_tube_04_red75,input_box_4_demo_tube_05_purple75,no,,41.761226,5.0,ok,
input_box_4_demo_tube_04_red75,scan_station_demo_tube_yellow100,no,,248.823230,5.0,ok,
input_box_4_demo_tube_04_red75,category_A_classified_tube_01_purple75,no,,523.401376,5.0,ok,
input_box_4_demo_tube_04_red75,category_A_classified_tube_02_purple75,no,,554.116414,5.0,ok,
input_box_4_demo_tube_04_red75,category_A_classified_tube_03_purple75,no,,589.899144,5.0,ok,
input_box_4_demo_tube_04_red75,category_B_classified_tube_01_yellow100,no,,702.573128,5.0,ok,
input_box_4_demo_tube_04_red75,category_B_classified_tube_02_yellow100,no,,741.771528,5.0,ok,
input_box_4_demo_tube_04_red75,category_B_classified_tube_03_yellow100,no,,784.015944,5.0,ok,
input_box_4_demo_tube_04_red75,category_C_classified_tube_01_blue75,no,,430.986079,5.0,ok,
input_box_4_demo_tube_04_red75,category_C_classified_tube_02_blue75,no,,480.213494,5.0,ok,
input_box_4_demo_tube_04_red75,category_C_classified_tube_03_blue75,no,,532.260275,5.0,ok,
input_box_4_demo_tube_04_red75,category_D_classified_tube_01_red75,no,,636.717363,5.0,ok,
input_box_4_demo_tube_04_red75,category_D_classified_tube_02_red75,no,,688.320420,5.0,ok,
input_box_4_demo_tube_04_red75,category_D_classified_tube_03_red75,no,,741.620523,5.0,ok,
input_box_4_demo_tube_05_purple75,scan_station_demo_tube_yellow100,no,,232.174503,5.0,ok,
input_box_4_demo_tube_05_purple75,category_A_classified_tube_01_purple75,no,,498.691287,5.0,ok,
input_box_4_demo_tube_05_purple75,category_A_classified_tube_02_purple75,no,,523.401376,5.0,ok,
input_box_4_demo_tube_05_purple75,category_A_classified_tube_03_purple75,no,,554.116414,5.0,ok,
input_box_4_demo_tube_05_purple75,category_B_classified_tube_01_yellow100,no,,666.958020,5.0,ok,
input_box_4_demo_tube_05_purple75,category_B_classified_tube_02_yellow100,no,,702.573128,5.0,ok,
input_box_4_demo_tube_05_purple75,category_B_classified_tube_03_yellow100,no,,741.771528,5.0,ok,
input_box_4_demo_tube_05_purple75,category_C_classified_tube_01_blue75,no,,385.659176,5.0,ok,
input_box_4_demo_tube_05_purple75,category_C_classified_tube_02_blue75,no,,430.986079,5.0,ok,
input_box_4_demo_tube_05_purple75,category_C_classified_tube_03_blue75,no,,480.213494,5.0,ok,
input_box_4_demo_tube_05_purple75,category_D_classified_tube_01_red75,no,,587.258887,5.0,ok,
input_box_4_demo_tube_05_purple75,category_D_classified_tube_02_red75,no,,636.717363,5.0,ok,
input_box_4_demo_tube_05_purple75,category_D_classified_tube_03_red75,no,,688.320420,5.0,ok,
scan_station_demo_tube_yellow100,category_A_classified_tube_01_purple75,no,,253.558672,5.0,ok,
scan_station_demo_tube_yellow100,category_A_classified_tube_02_purple75,no,,290.798900,5.0,ok,
scan_station_demo_tube_yellow100,category_A_classified_tube_03_purple75,no,,335.672459,5.0,ok,
scan_station_demo_tube_yellow100,category_B_classified_tube_01_yellow100,no,,445.277442,5.0,ok,
scan_station_demo_tube_yellow100,category_B_classified_tube_02_yellow100,no,,492.000000,5.0,ok,
scan_station_demo_tube_yellow100,category_B_classified_tube_03_yellow100,no,,541.937266,5.0,ok,
scan_station_demo_tube_yellow100,category_C_classified_tube_01_blue75,no,,218.082553,5.0,ok,
scan_station_demo_tube_yellow100,category_C_classified_tube_02_blue75,no,,278.926514,5.0,ok,
scan_station_demo_tube_yellow100,category_C_classified_tube_03_blue75,no,,340.411516,5.0,ok,
scan_station_demo_tube_yellow100,category_D_classified_tube_01_red75,no,,426.075111,5.0,ok,
scan_station_demo_tube_yellow100,category_D_classified_tube_02_red75,no,,485.077313,5.0,ok,
scan_station_demo_tube_yellow100,category_D_classified_tube_03_red75,no,,544.885309,5.0,ok,
category_A_classified_tube_01_purple75,category_A_classified_tube_02_purple75,no,,41.761226,5.0,ok,
category_A_classified_tube_01_purple75,category_A_classified_tube_03_purple75,no,,104.000000,5.0,ok,
category_A_classified_tube_01_purple75,category_B_classified_tube_01_yellow100,no,,194.000000,5.0,ok,
category_A_classified_tube_01_purple75,category_B_classified_tube_02_yellow100,no,,250.287834,5.0,ok,
category_A_classified_tube_01_purple75,category_B_classified_tube_03_yellow100,no,,308.603305,5.0,ok,
category_A_classified_tube_01_purple75,category_C_classified_tube_01_blue75,no,,194.000000,5.0,ok,
category_A_classified_tube_01_purple75,category_C_classified_tube_02_blue75,no,,225.574821,5.0,ok,
category_A_classified_tube_01_purple75,category_C_classified_tube_03_blue75,no,,267.798432,5.0,ok,
category_A_classified_tube_01_purple75,category_D_classified_tube_01_red75,no,,274.357431,5.0,ok,
category_A_classified_tube_01_purple75,category_D_classified_tube_02_red75,no,,334.341143,5.0,ok,
category_A_classified_tube_01_purple75,category_D_classified_tube_03_red75,no,,395.140481,5.0,ok,
category_A_classified_tube_02_purple75,category_A_classified_tube_03_purple75,no,,41.761226,5.0,ok,
category_A_classified_tube_02_purple75,category_B_classified_tube_01_yellow100,no,,138.520757,5.0,ok,
category_A_classified_tube_02_purple75,category_B_classified_tube_02_yellow100,no,,194.000000,5.0,ok,
category_A_classified_tube_02_purple75,category_B_classified_tube_03_yellow100,no,,250.287834,5.0,ok,
category_A_classified_tube_02_purple75,category_C_classified_tube_01_blue75,no,,170.751281,5.0,ok,
category_A_classified_tube_02_purple75,category_C_classified_tube_02_blue75,no,,194.000000,5.0,ok,
category_A_classified_tube_02_purple75,category_C_classified_tube_03_blue75,no,,225.574821,5.0,ok,
category_A_classified_tube_02_purple75,category_D_classified_tube_01_red75,no,,215.870331,5.0,ok,
category_A_classified_tube_02_purple75,category_D_classified_tube_02_red75,no,,274.357431,5.0,ok,
category_A_classified_tube_02_purple75,category_D_classified_tube_03_red75,no,,334.341143,5.0,ok,
category_A_classified_tube_03_purple75,category_B_classified_tube_01_yellow100,no,,91.235958,5.0,ok,
category_A_classified_tube_03_purple75,category_B_classified_tube_02_yellow100,no,,138.520757,5.0,ok,
category_A_classified_tube_03_purple75,category_B_classified_tube_03_yellow100,no,,194.000000,5.0,ok,
category_A_classified_tube_03_purple75,category_C_classified_tube_01_blue75,no,,168.107109,5.0,ok,
category_A_classified_tube_03_purple75,category_C_classified_tube_02_blue75,no,,170.751281,5.0,ok,
category_A_classified_tube_03_purple75,category_C_classified_tube_03_blue75,no,,194.000000,5.0,ok,
category_A_classified_tube_03_purple75,category_D_classified_tube_01_red75,no,,160.524141,5.0,ok,
category_A_classified_tube_03_purple75,category_D_classified_tube_02_red75,no,,215.870331,5.0,ok,
category_A_classified_tube_03_purple75,category_D_classified_tube_03_red75,no,,274.357431,5.0,ok,
category_B_classified_tube_01_yellow100,category_B_classified_tube_02_yellow100,no,,41.761226,5.0,ok,
category_B_classified_tube_01_yellow100,category_B_classified_tube_03_yellow100,no,,104.000000,5.0,ok,
category_B_classified_tube_01_yellow100,category_C_classified_tube_01_blue75,no,,274.357431,5.0,ok,
category_B_classified_tube_01_yellow100,category_C_classified_tube_02_blue75,no,,261.396251,5.0,ok,
category_B_classified_tube_01_yellow100,category_C_classified_tube_03_blue75,no,,263.104542,5.0,ok,
category_B_classified_tube_01_yellow100,category_D_classified_tube_01_red75,no,,194.000000,5.0,ok,
category_B_classified_tube_01_yellow100,category_D_classified_tube_02_red75,no,,225.574821,5.0,ok,
category_B_classified_tube_01_yellow100,category_D_classified_tube_03_red75,no,,267.798432,5.0,ok,
category_B_classified_tube_02_yellow100,category_B_classified_tube_03_yellow100,no,,41.761226,5.0,ok,
category_B_classified_tube_02_yellow100,category_C_classified_tube_01_blue75,no,,300.093319,5.0,ok,
category_B_classified_tube_02_yellow100,category_C_classified_tube_02_blue75,no,,274.357431,5.0,ok,
category_B_classified_tube_02_yellow100,category_C_classified_tube_03_blue75,no,,261.396251,5.0,ok,
category_B_classified_tube_02_yellow100,category_D_classified_tube_01_red75,no,,170.751281,5.0,ok,
category_B_classified_tube_02_yellow100,category_D_classified_tube_02_red75,no,,194.000000,5.0,ok,
category_B_classified_tube_02_yellow100,category_D_classified_tube_03_red75,no,,225.574821,5.0,ok,
category_B_classified_tube_03_yellow100,category_C_classified_tube_01_blue75,no,,335.678418,5.0,ok,
category_B_classified_tube_03_yellow100,category_C_classified_tube_02_blue75,no,,300.093319,5.0,ok,
category_B_classified_tube_03_yellow100,category_C_classified_tube_03_blue75,no,,274.357431,5.0,ok,
category_B_classified_tube_03_yellow100,category_D_classified_tube_01_red75,no,,168.107109,5.0,ok,
category_B_classified_tube_03_yellow100,category_D_classified_tube_02_red75,no,,170.751281,5.0,ok,
category_B_classified_tube_03_yellow100,category_D_classified_tube_03_red75,no,,194.000000,5.0,ok,
category_C_classified_tube_01_blue75,category_C_classified_tube_02_blue75,no,,41.761226,5.0,ok,
category_C_classified_tube_01_blue75,category_C_classified_tube_03_blue75,no,,104.000000,5.0,ok,
category_C_classified_tube_01_blue75,category_D_classified_tube_01_red75,no,,194.000000,5.0,ok,
category_C_classified_tube_01_blue75,category_D_classified_tube_02_red75,no,,250.287834,5.0,ok,
category_C_classified_tube_01_blue75,category_D_classified_tube_03_red75,no,,308.603305,5.0,ok,
category_C_classified_tube_02_blue75,category_C_classified_tube_03_blue75,no,,41.761226,5.0,ok,
category_C_classified_tube_02_blue75,category_D_classified_tube_01_red75,no,,138.520757,5.0,ok,
category_C_classified_tube_02_blue75,category_D_classified_tube_02_red75,no,,194.000000,5.0,ok,
category_C_classified_tube_02_blue75,category_D_classified_tube_03_red75,no,,250.287834,5.0,ok,
category_C_classified_tube_03_blue75,category_D_classified_tube_01_red75,no,,91.235958,5.0,ok,
category_C_classified_tube_03_blue75,category_D_classified_tube_02_red75,no,,138.520757,5.0,ok,
category_C_classified_tube_03_blue75,category_D_classified_tube_03_red75,no,,194.000000,5.0,ok,
category_D_classified_tube_01_red75,category_D_classified_tube_02_red75,no,,41.761226,5.0,ok,
category_D_classified_tube_01_red75,category_D_classified_tube_03_red75,no,,104.000000,5.0,ok,
category_D_classified_tube_02_red75,category_D_classified_tube_03_red75,no,,41.761226,5.0,ok,
