pair_a,pair_b,bbox_overlap_candidate,exact_overlap_volume_mm3,minimum_distance_mm,clearance_threshold_mm,audit_status,notes
base_plate_1200x900x15,xz_adapter_plate_simplified,no,,197.500000,5.0,ok,
base_plate_1200x900x15,scan_tube_holder,no,,3.000000,5.0,allowed_mount_contact,whitelisted expected mount/contact or internal electrical-box packaging
base_plate_1200x900x15,barcode_scanner_mount_bracket,no,,19.000000,5.0,ok,
base_plate_1200x900x15,photoelectric_sensor_mount_bracket,no,,14.000000,5.0,ok,
base_plate_1200x900x15,left_y_axis_module,no,,2.059842,5.0,allowed_mount_contact,whitelisted expected mount/contact or internal electrical-box packaging
base_plate_1200x900x15,right_y_axis_module,no,,2.059842,5.0,allowed_mount_contact,whitelisted expected mount/contact or internal electrical-box packaging
base_plate_1200x900x15,x_axis_module_on_gantry,no,,194.820176,5.0,ok,
base_plate_1200x900x15,z_axis_module,no,,151.500000,5.0,ok,
base_plate_1200x900x15,electric_parallel_gripper,no,,69.000000,5.0,ok,
base_plate_1200x900x15,input_box_1,yes,,,5.0,allowed_mount_contact,whitelisted expected mount/contact or internal electrical-box packaging
base_plate_1200x900x15,input_box_2,yes,,,5.0,allowed_mount_contact,whitelisted expected mount/contact or internal electrical-box packaging
base_plate_1200x900x15,input_box_3,yes,,,5.0,allowed_mount_contact,whitelisted expected mount/contact or internal electrical-box packaging
base_plate_1200x900x15,input_box_4,yes,,,5.0,allowed_mount_contact,whitelisted expected mount/contact or internal electrical-box packaging
base_plate_1200x900x15,barcode_scanner,no,,72.400000,5.0,ok,
base_plate_1200x900x15,photoelectric_sensor,no,,55.000000,5.0,ok,
base_plate_1200x900x15,category_A_output_box_4x6,yes,,,5.0,allowed_mount_contact,whitelisted expected mount/contact or internal electrical-box packaging
base_plate_1200x900x15,category_B_output_box_4x6,yes,,,5.0,allowed_mount_contact,whitelisted expected mount/contact or internal electrical-box packaging
base_plate_1200x900x15,category_C_output_box_4x6,yes,,,5.0,allowed_mount_contact,whitelisted expected mount/contact or internal electrical-box packaging
base_plate_1200x900x15,category_D_output_box_4x6,yes,,,5.0,allowed_mount_contact,whitelisted expected mount/contact or internal electrical-box packaging
base_plate_1200x900x15,manual_review_bin_2x3,yes,,,5.0,allowed_mount_contact,whitelisted expected mount/contact or internal electrical-box packaging
base_plate_1200x900x15,input_box_1_demo_tube_01_purple75,no,,25.000000,5.0,ok,
base_plate_1200x900x15,input_box_1_demo_tube_02_yellow100,no,,25.000000,5.0,ok,
base_plate_1200x900x15,input_box_1_demo_tube_03_blue75,no,,25.000000,5.0,ok,
base_plate_1200x900x15,input_box_1_demo_tube_04_red75,no,,25.000000,5.0,ok,
base_plate_1200x900x15,input_box_1_demo_tube_05_purple75,no,,25.000000,5.0,ok,
base_plate_1200x900x15,input_box_2_demo_tube_01_purple75,no,,25.000000,5.0,ok,
base_plate_1200x900x15,input_box_2_demo_tube_02_yellow100,no,,25.000000,5.0,ok,
base_plate_1200x900x15,input_box_2_demo_tube_03_blue75,no,,25.000000,5.0,ok,
base_plate_1200x900x15,input_box_2_demo_tube_04_red75,no,,25.000000,5.0,ok,
base_plate_1200x900x15,input_box_2_demo_tube_05_purple75,no,,25.000000,5.0,ok,
base_plate_1200x900x15,input_box_3_demo_tube_01_purple75,no,,25.000000,5.0,ok,
base_plate_1200x900x15,input_box_3_demo_tube_02_yellow100,no,,25.000000,5.0,ok,
base_plate_1200x900x15,input_box_3_demo_tube_03_blue75,no,,25.000000,5.0,ok,
base_plate_1200x900x15,input_box_3_demo_tube_04_red75,no,,25.000000,5.0,ok,
base_plate_1200x900x15,input_box_3_demo_tube_05_purple75,no,,25.000000,5.0,ok,
base_plate_1200x900x15,input_box_4_demo_tube_01_purple75,no,,25.000000,5.0,ok,
base_plate_1200x900x15,input_box_4_demo_tube_02_yellow100,no,,25.000000,5.0,ok,
base_plate_1200x900x15,input_box_4_demo_tube_03_blue75,no,,25.000000,5.0,ok,
base_plate_1200x900x15,input_box_4_demo_tube_04_red75,no,,25.000000,5.0,ok,
base_plate_1200x900x15,input_box_4_demo_tube_05_purple75,no,,25.000000,5.0,ok,
base_plate_1200x900x15,scan_station_demo_tube_yellow100,no,,24.000000,5.0,ok,
base_plate_1200x900x15,category_A_classified_tube_01_purple75,no,,25.000000,5.0,ok,
base_plate_1200x900x15,category_A_classified_tube_02_purple75,no,,25.000000,5.0,ok,
base_plate_1200x900x15,category_A_classified_tube_03_purple75,no,,25.000000,5.0,ok,
base_plate_1200x900x15,category_B_classified_tube_01_yellow100,no,,25.000000,5.0,ok,
base_plate_1200x900x15,category_B_classified_tube_02_yellow100,no,,25.000000,5.0,ok,
base_plate_1200x900x15,category_B_classified_tube_03_yellow100,no,,25.000000,5.0,ok,
base_plate_1200x900x15,category_C_classified_tube_01_blue75,no,,25.000000,5.0,ok,
base_plate_1200x900x15,category_C_classified_tube_02_blue75,no,,25.000000,5.0,ok,
base_plate_1200x900x15,category_C_classified_tube_03_blue75,no,,25.000000,5.0,ok,
base_plate_1200x900x15,category_D_classified_tube_01_red75,no,,25.000000,5.0,ok,
base_plate_1200x900x15,category_D_classified_tube_02_red75,no,,25.000000,5.0,ok,
base_plate_1200x900x15,category_D_classified_tube_03_red75,no,,25.000000,5.0,ok,
base_plate_1200x900x15,enclosure_bottom_rear_rail,yes,,,5.0,allowed_mount_contact,whitelisted expected mount/contact or internal electrical-box packaging
base_plate_1200x900x15,enclosure_bottom_left_rail,yes,,,5.0,allowed_mount_contact,whitelisted expected mount/contact or internal electrical-box packaging
base_plate_1200x900x15,enclosure_bottom_right_rail,yes,,,5.0,allowed_mount_contact,whitelisted expected mount/contact or internal electrical-box packaging
base_plate_1200x900x15,enclosure_bottom_front_left_stub,yes,,,5.0,allowed_mount_contact,whitelisted expected mount/contact or internal electrical-box packaging
base_plate_1200x900x15,enclosure_bottom_front_center_stub,yes,,,5.0,allowed_mount_contact,whitelisted expected mount/contact or internal electrical-box packaging
base_plate_1200x900x15,enclosure_bottom_front_right_stub,yes,,,5.0,allowed_mount_contact,whitelisted expected mount/contact or internal electrical-box packaging
base_plate_1200x900x15,enclosure_corner_post_front_left,yes,,,5.0,allowed_mount_contact,whitelisted expected mount/contact or internal electrical-box packaging
base_plate_1200x900x15,enclosure_corner_post_front_right,yes,,,5.0,allowed_mount_contact,whitelisted expected mount/contact or internal electrical-box packaging
base_plate_1200x900x15,enclosure_corner_post_rear_left,yes,,,5.0,allowed_mount_contact,whitelisted expected mount/contact or internal electrical-box packaging
base_plate_1200x900x15,enclosure_corner_post_rear_right,yes,,,5.0,allowed_mount_contact,whitelisted expected mount/contact or internal electrical-box packaging
base_plate_1200x900x15,enclosure_top_rear_crossbeam,no,,412.000000,5.0,ok,
base_plate_1200x900x15,enclosure_top_left_crossbeam,no,,412.000000,5.0,ok,
base_plate_1200x900x15,enclosure_top_right_crossbeam,no,,412.000000,5.0,ok,
base_plate_1200x900x15,enclosure_front_upper_left_beam,no,,412.000000,5.0,ok,
base_plate_1200x900x15,enclosure_front_upper_center_beam,no,,412.000000,5.0,ok,
base_plate_1200x900x15,enclosure_front_upper_right_beam,no,,412.000000,5.0,ok,
base_plate_1200x900x15,enclosure_rear_transparent_panel,yes,,,5.0,allowed_mount_contact,whitelisted expected mount/contact or internal electrical-box packaging
base_plate_1200x900x15,enclosure_left_transparent_panel,yes,,,5.0,allowed_mount_contact,whitelisted expected mount/contact or internal electrical-box packaging
base_plate_1200x900x15,enclosure_right_transparent_panel,yes,,,5.0,allowed_mount_contact,whitelisted expected mount/contact or internal electrical-box packaging
base_plate_1200x900x15,enclosure_front_left_low_panel,yes,,,5.0,allowed_mount_contact,whitelisted expected mount/contact or internal electrical-box packaging
base_plate_1200x900x15,enclosure_front_center_low_panel,yes,,,5.0,allowed_mount_contact,whitelisted expected mount/contact or internal electrical-box packaging
base_plate_1200x900x15,enclosure_front_right_low_panel,yes,,,5.0,allowed_mount_contact,whitelisted expected mount/contact or internal electrical-box packaging
base_plate_1200x900x15,enclosure_input_box_replace_opening_left_jamb,no,,16.000000,5.0,ok,
base_plate_1200x900x15,enclosure_input_box_replace_opening_right_jamb,no,,16.000000,5.0,ok,
base_plate_1200x900x15,enclosure_input_box_replace_opening_top_rail,no,,271.000000,5.0,ok,
base_plate_1200x900x15,enclosure_input_box_replace_opening_bottom_sill,no,,11.000000,5.0,ok,
base_plate_1200x900x15,enclosure_output_box_replace_opening_left_jamb,no,,16.000000,5.0,ok,
base_plate_1200x900x15,enclosure_output_box_replace_opening_right_jamb,no,,16.000000,5.0,ok,
base_plate_1200x900x15,enclosure_output_box_replace_opening_top_rail,no,,271.000000,5.0,ok,
base_plate_1200x900x15,enclosure_output_box_replace_opening_bottom_sill,no,,11.000000,5.0,ok,
base_plate_1200x900x15,enclosure_input_door_simple_pull_handle,no,,126.003968,5.0,ok,
base_plate_1200x900x15,enclosure_output_door_simple_pull_handle,no,,126.003968,5.0,ok,
base_plate_1200x900x15,enclosure_manual_review_access_opening_left_jamb,no,,8.000000,5.0,ok,
base_plate_1200x900x15,enclosure_manual_review_access_opening_right_jamb,no,,8.000000,5.0,ok,
base_plate_1200x900x15,enclosure_manual_review_access_opening_top_rail,no,,153.000000,5.0,ok,
base_plate_1200x900x15,enclosure_manual_review_access_opening_bottom_sill,no,,3.000000,5.0,allowed_mount_contact,whitelisted expected mount/contact or internal electrical-box packaging
base_plate_1200x900x15,enclosure_manual_review_access_simple_pull_handle,no,,60.133186,5.0,ok,
base_plate_1200x900x15,enclosure_top_open_front_rectangular_rail,no,,412.000000,5.0,ok,
base_plate_1200x900x15,enclosure_top_open_rear_rectangular_rail,no,,412.000000,5.0,ok,
base_plate_1200x900x15,enclosure_top_open_left_rectangular_rail,no,,412.000000,5.0,ok,
base_plate_1200x900x15,enclosure_top_open_right_rectangular_rail,no,,412.000000,5.0,ok,
base_plate_1200x900x15,control_box_housing,no,,17.649079,5.0,ok,
base_plate_1200x900x15,din_rail_and_mounting,no,,53.600373,5.0,ok,
base_plate_1200x900x15,controller_board_placeholder,no,,84.023806,5.0,ok,
base_plate_1200x900x15,motor_driver_placeholders,no,,85.000000,5.0,ok,
base_plate_1200x900x15,power_supply_placeholder,no,,33.000000,5.0,ok,
base_plate_1200x900x15,terminal_blocks,no,,45.000000,5.0,ok,
base_plate_1200x900x15,cable_glands_and_connectors,no,,176.567268,5.0,ok,
base_plate_1200x900x15,ventilation_slots,no,,108.472347,5.0,ok,
base_plate_1200x900x15,mounting_brackets,no,,11.180340,5.0,ok,
xz_adapter_plate_simplified,scan_tube_holder,no,,202.779616,5.0,ok,
xz_adapter_plate_simplified,barcode_scanner_mount_bracket,no,,166.228946,5.0,ok,
xz_adapter_plate_simplified,photoelectric_sensor_mount_bracket,no,,148.409274,5.0,ok,
xz_adapter_plate_simplified,left_y_axis_module,no,,440.550029,5.0,ok,
xz_adapter_plate_simplified,right_y_axis_module,no,,468.448991,5.0,ok,
xz_adapter_plate_simplified,x_axis_module_on_gantry,yes,,,5.0,allowed_mount_contact,whitelisted expected mount/contact or internal electrical-box packaging
xz_adapter_plate_simplified,z_axis_module,yes,,,5.0,allowed_mount_contact,whitelisted expected mount/contact or internal electrical-box packaging
xz_adapter_plate_simplified,electric_parallel_gripper,no,,45.500000,5.0,ok,
xz_adapter_plate_simplified,input_box_1,no,,325.985142,5.0,ok,
xz_adapter_plate_simplified,input_box_2,no,,265.671437,5.0,ok,
xz_adapter_plate_simplified,input_box_3,no,,255.658464,5.0,ok,
xz_adapter_plate_simplified,input_box_4,no,,262.881513,5.0,ok,
xz_adapter_plate_simplified,barcode_scanner,no,,129.449933,5.0,ok,
xz_adapter_plate_simplified,photoelectric_sensor,no,,131.153774,5.0,ok,
xz_adapter_plate_simplified,category_A_output_box_4x6,no,,184.969761,5.0,ok,
xz_adapter_plate_simplified,category_B_output_box_4x6,no,,300.821895,5.0,ok,
xz_adapter_plate_simplified,category_C_output_box_4x6,no,,163.098896,5.0,ok,
xz_adapter_plate_simplified,category_D_output_box_4x6,no,,287.891038,5.0,ok,
xz_adapter_plate_simplified,manual_review_bin_2x3,no,,333.698876,5.0,ok,
xz_adapter_plate_simplified,input_box_1_demo_tube_01_purple75,no,,469.543728,5.0,ok,
xz_adapter_plate_simplified,input_box_1_demo_tube_02_yellow100,no,,405.350851,5.0,ok,
xz_adapter_plate_simplified,input_box_1_demo_tube_03_blue75,no,,354.944098,5.0,ok,
xz_adapter_plate_simplified,input_box_1_demo_tube_04_red75,no,,392.748409,5.0,ok,
xz_adapter_plate_simplified,input_box_1_demo_tube_05_purple75,no,,334.181556,5.0,ok,
xz_adapter_plate_simplified,input_box_2_demo_tube_01_purple75,no,,400.432657,5.0,ok,
xz_adapter_plate_simplified,input_box_2_demo_tube_02_yellow100,no,,322.775948,5.0,ok,
xz_adapter_plate_simplified,input_box_2_demo_tube_03_blue75,no,,270.444657,5.0,ok,
xz_adapter_plate_simplified,input_box_2_demo_tube_04_red75,no,,329.676072,5.0,ok,
xz_adapter_plate_simplified,input_box_2_demo_tube_05_purple75,no,,270.910156,5.0,ok,
xz_adapter_plate_simplified,input_box_3_demo_tube_01_purple75,no,,366.089214,5.0,ok,
xz_adapter_plate_simplified,input_box_3_demo_tube_02_yellow100,no,,279.032816,5.0,ok,
xz_adapter_plate_simplified,input_box_3_demo_tube_03_blue75,no,,232.583990,5.0,ok,
xz_adapter_plate_simplified,input_box_3_demo_tube_04_red75,no,,310.694786,5.0,ok,
xz_adapter_plate_simplified,input_box_3_demo_tube_05_purple75,no,,259.349745,5.0,ok,
xz_adapter_plate_simplified,input_box_4_demo_tube_01_purple75,no,,371.182826,5.0,ok,
xz_adapter_plate_simplified,input_box_4_demo_tube_02_yellow100,no,,285.682849,5.0,ok,
xz_adapter_plate_simplified,input_box_4_demo_tube_03_blue75,no,,252.720973,5.0,ok,
xz_adapter_plate_simplified,input_box_4_demo_tube_04_red75,no,,335.724724,5.0,ok,
xz_adapter_plate_simplified,input_box_4_demo_tube_05_purple75,no,,301.188131,5.0,ok,
xz_adapter_plate_simplified,scan_station_demo_tube_yellow100,no,,120.576998,5.0,ok,
xz_adapter_plate_simplified,category_A_classified_tube_01_purple75,no,,209.854265,5.0,ok,
xz_adapter_plate_simplified,category_A_classified_tube_02_purple75,no,,205.914576,5.0,ok,
xz_adapter_plate_simplified,category_A_classified_tube_03_purple75,no,,220.460456,5.0,ok,
xz_adapter_plate_simplified,category_B_classified_tube_01_yellow100,no,,317.976119,5.0,ok,
xz_adapter_plate_simplified,category_B_classified_tube_02_yellow100,no,,350.700460,5.0,ok,
xz_adapter_plate_simplified,category_B_classified_tube_03_yellow100,no,,390.784867,5.0,ok,
xz_adapter_plate_simplified,category_C_classified_tube_01_blue75,no,,105.951357,5.0,ok,
xz_adapter_plate_simplified,category_C_classified_tube_02_blue75,no,,141.721170,5.0,ok,
xz_adapter_plate_simplified,category_C_classified_tube_03_blue75,no,,191.791788,5.0,ok,
xz_adapter_plate_simplified,category_D_classified_tube_01_red75,no,,269.343071,5.0,ok,
xz_adapter_plate_simplified,category_D_classified_tube_02_red75,no,,323.921117,5.0,ok,
xz_adapter_plate_simplified,category_D_classified_tube_03_red75,no,,380.977808,5.0,ok,
xz_adapter_plate_simplified,enclosure_bottom_rear_rail,no,,446.884563,5.0,ok,
xz_adapter_plate_simplified,enclosure_bottom_left_rail,no,,570.001096,5.0,ok,
xz_adapter_plate_simplified,enclosure_bottom_right_rail,no,,570.001096,5.0,ok,
xz_adapter_plate_simplified,enclosure_bottom_front_left_stub,no,,645.867239,5.0,ok,
xz_adapter_plate_simplified,enclosure_bottom_front_center_stub,no,,482.807922,5.0,ok,
xz_adapter_plate_simplified,enclosure_bottom_front_right_stub,no,,645.867239,5.0,ok,
xz_adapter_plate_simplified,enclosure_corner_post_front_left,no,,702.541273,5.0,ok,
xz_adapter_plate_simplified,enclosure_corner_post_front_right,no,,702.541273,5.0,ok,
xz_adapter_plate_simplified,enclosure_corner_post_rear_left,no,,678.355779,5.0,ok,
xz_adapter_plate_simplified,enclosure_corner_post_rear_right,no,,678.355779,5.0,ok,
xz_adapter_plate_simplified,enclosure_top_rear_crossbeam,no,,418.922203,5.0,ok,
xz_adapter_plate_simplified,enclosure_top_left_crossbeam,no,,548.353216,5.0,ok,
xz_adapter_plate_simplified,enclosure_top_right_crossbeam,no,,548.353216,5.0,ok,
xz_adapter_plate_simplified,enclosure_front_upper_left_beam,no,,557.363876,5.0,ok,
xz_adapter_plate_simplified,enclosure_front_upper_center_beam,no,,457.048674,5.0,ok,
xz_adapter_plate_simplified,enclosure_front_upper_right_beam,no,,557.363876,5.0,ok,
xz_adapter_plate_simplified,enclosure_rear_transparent_panel,no,,407.750000,5.0,ok,
xz_adapter_plate_simplified,enclosure_left_transparent_panel,no,,539.500000,5.0,ok,
xz_adapter_plate_simplified,enclosure_right_transparent_panel,no,,539.500000,5.0,ok,
xz_adapter_plate_simplified,enclosure_front_left_low_panel,no,,675.663333,5.0,ok,
xz_adapter_plate_simplified,enclosure_front_center_low_panel,no,,466.261665,5.0,ok,
xz_adapter_plate_simplified,enclosure_front_right_low_panel,no,,675.663333,5.0,ok,
xz_adapter_plate_simplified,enclosure_input_box_replace_opening_left_jamb,no,,650.002338,5.0,ok,
xz_adapter_plate_simplified,enclosure_input_box_replace_opening_right_jamb,no,,466.929374,5.0,ok,
xz_adapter_plate_simplified,enclosure_input_box_replace_opening_top_rail,no,,466.929374,5.0,ok,
xz_adapter_plate_simplified,enclosure_input_box_replace_opening_bottom_sill,no,,499.174609,5.0,ok,
xz_adapter_plate_simplified,enclosure_output_box_replace_opening_left_jamb,no,,455.832250,5.0,ok,
xz_adapter_plate_simplified,enclosure_output_box_replace_opening_right_jamb,no,,635.879737,5.0,ok,
xz_adapter_plate_simplified,enclosure_output_box_replace_opening_top_rail,no,,455.832250,5.0,ok,
xz_adapter_plate_simplified,enclosure_output_box_replace_opening_bottom_sill,no,,488.810076,5.0,ok,
xz_adapter_plate_simplified,enclosure_input_door_simple_pull_handle,no,,479.211947,5.0,ok,
xz_adapter_plate_simplified,enclosure_output_door_simple_pull_handle,no,,644.952781,5.0,ok,
xz_adapter_plate_simplified,enclosure_manual_review_access_opening_left_jamb,no,,511.550086,5.0,ok,
xz_adapter_plate_simplified,enclosure_manual_review_access_opening_right_jamb,no,,461.999448,5.0,ok,
xz_adapter_plate_simplified,enclosure_manual_review_access_opening_top_rail,no,,461.598841,5.0,ok,
xz_adapter_plate_simplified,enclosure_manual_review_access_opening_bottom_sill,no,,495.906735,5.0,ok,
xz_adapter_plate_simplified,enclosure_manual_review_access_simple_pull_handle,no,,480.660265,5.0,ok,
xz_adapter_plate_simplified,enclosure_top_open_front_rectangular_rail,no,,457.048674,5.0,ok,
xz_adapter_plate_simplified,enclosure_top_open_rear_rectangular_rail,no,,418.922203,5.0,ok,
xz_adapter_plate_simplified,enclosure_top_open_left_rectangular_rail,no,,548.353216,5.0,ok,
xz_adapter_plate_simplified,enclosure_top_open_right_rectangular_rail,no,,548.353216,5.0,ok,
xz_adapter_plate_simplified,control_box_housing,no,,520.742885,5.0,ok,
xz_adapter_plate_simplified,din_rail_and_mounting,no,,535.094209,5.0,ok,
xz_adapter_plate_simplified,controller_board_placeholder,no,,519.146234,5.0,ok,
xz_adapter_plate_simplified,motor_driver_placeholders,no,,544.015912,5.0,ok,
xz_adapter_plate_simplified,power_supply_placeholder,no,,522.633536,5.0,ok,
xz_adapter_plate_simplified,terminal_blocks,no,,589.542460,5.0,ok,
xz_adapter_plate_simplified,cable_glands_and_connectors,no,,698.857684,5.0,ok,
xz_adapter_plate_simplified,ventilation_slots,no,,627.654413,5.0,ok,
xz_adapter_plate_simplified,mounting_brackets,no,,525.815379,5.0,ok,
scan_tube_holder,barcode_scanner_mount_bracket,no,,33.614878,5.0,ok,
scan_tube_holder,photoelectric_sensor_mount_bracket,no,,27.202206,5.0,ok,
scan_tube_holder,left_y_axis_module,no,,306.820176,5.0,ok,
scan_tube_holder,right_y_axis_module,no,,615.751224,5.0,ok,
scan_tube_holder,x_axis_module_on_gantry,no,,182.220176,5.0,ok,
scan_tube_holder,z_axis_module,no,,165.563341,5.0,ok,
scan_tube_holder,electric_parallel_gripper,no,,76.153792,5.0,ok,
scan_tube_holder,input_box_1,no,,168.324092,5.0,ok,
scan_tube_holder,input_box_2,no,,83.743656,5.0,ok,
scan_tube_holder,input_box_3,no,,82.000000,5.0,ok,
scan_tube_holder,input_box_4,no,,119.553335,5.0,ok,
scan_tube_holder,barcode_scanner,no,,61.877702,5.0,ok,
scan_tube_holder,photoelectric_sensor,no,,75.111650,5.0,ok,
scan_tube_holder,category_A_output_box_4x6,no,,194.648401,5.0,ok,
scan_tube_holder,category_B_output_box_4x6,no,,403.271621,5.0,ok,
scan_tube_holder,category_C_output_box_4x6,no,,193.256306,5.0,ok,
scan_tube_holder,category_D_output_box_4x6,no,,402.601540,5.0,ok,
scan_tube_holder,manual_review_bin_2x3,no,,304.500000,5.0,ok,
scan_tube_holder,input_box_1_demo_tube_01_purple75,no,,336.140982,5.0,ok,
scan_tube_holder,input_box_1_demo_tube_02_yellow100,no,,284.138628,5.0,ok,
scan_tube_holder,input_box_1_demo_tube_03_blue75,no,,233.149652,5.0,ok,
scan_tube_holder,input_box_1_demo_tube_04_red75,no,,257.026769,5.0,ok,
scan_tube_holder,input_box_1_demo_tube_05_purple75,no,,199.215361,5.0,ok,
scan_tube_holder,input_box_2_demo_tube_01_purple75,no,,259.288951,5.0,ok,
scan_tube_holder,input_box_2_demo_tube_02_yellow100,no,,187.015400,5.0,ok,
scan_tube_holder,input_box_2_demo_tube_03_blue75,no,,126.010952,5.0,ok,
scan_tube_holder,input_box_2_demo_tube_04_red75,no,,186.715720,5.0,ok,
scan_tube_holder,input_box_2_demo_tube_05_purple75,no,,125.565760,5.0,ok,
scan_tube_holder,input_box_3_demo_tube_01_purple75,no,,234.328317,5.0,ok,
scan_tube_holder,input_box_3_demo_tube_02_yellow100,no,,150.511661,5.0,ok,
scan_tube_holder,input_box_3_demo_tube_03_blue75,no,,94.814345,5.0,ok,
scan_tube_holder,input_box_3_demo_tube_04_red75,no,,179.907643,5.0,ok,
scan_tube_holder,input_box_3_demo_tube_05_purple75,no,,132.810994,5.0,ok,
scan_tube_holder,input_box_4_demo_tube_01_purple75,no,,253.611435,5.0,ok,
scan_tube_holder,input_box_4_demo_tube_02_yellow100,no,,179.060772,5.0,ok,
scan_tube_holder,input_box_4_demo_tube_03_blue75,no,,156.890918,5.0,ok,
scan_tube_holder,input_box_4_demo_tube_04_red75,no,,235.046293,5.0,ok,
scan_tube_holder,input_box_4_demo_tube_05_purple75,no,,218.629275,5.0,ok,
scan_tube_holder,scan_station_demo_tube_yellow100,no,,11.400000,5.0,ok,
scan_tube_holder,category_A_classified_tube_01_purple75,no,,240.095314,5.0,ok,
scan_tube_holder,category_A_classified_tube_02_purple75,no,,278.132630,5.0,ok,
scan_tube_holder,category_A_classified_tube_03_purple75,no,,323.897762,5.0,ok,
scan_tube_holder,category_B_classified_tube_01_yellow100,no,,432.926968,5.0,ok,
scan_tube_holder,category_B_classified_tube_02_yellow100,no,,480.268425,5.0,ok,
scan_tube_holder,category_B_classified_tube_03_yellow100,no,,530.782215,5.0,ok,
scan_tube_holder,category_C_classified_tube_01_blue75,no,,206.866527,5.0,ok,
scan_tube_holder,category_C_classified_tube_02_blue75,no,,267.121246,5.0,ok,
scan_tube_holder,category_C_classified_tube_03_blue75,no,,328.258678,5.0,ok,
scan_tube_holder,category_D_classified_tube_01_red75,no,,415.419980,5.0,ok,
scan_tube_holder,category_D_classified_tube_02_red75,no,,473.976540,5.0,ok,
scan_tube_holder,category_D_classified_tube_03_red75,no,,533.454553,5.0,ok,
scan_tube_holder,enclosure_bottom_rear_rail,no,,354.000000,5.0,ok,
scan_tube_holder,enclosure_bottom_left_rail,no,,424.000000,5.0,ok,
scan_tube_holder,enclosure_bottom_right_rail,no,,704.000000,5.0,ok,
scan_tube_holder,enclosure_bottom_front_left_stub,no,,567.468061,5.0,ok,
scan_tube_holder,enclosure_bottom_front_center_stub,no,,477.719845,5.0,ok,
scan_tube_holder,enclosure_bottom_front_right_stub,no,,758.379852,5.0,ok,
scan_tube_holder,enclosure_corner_post_front_left,no,,635.965408,5.0,ok,
scan_tube_holder,enclosure_corner_post_front_right,no,,848.700183,5.0,ok,
scan_tube_holder,enclosure_corner_post_rear_left,no,,552.351337,5.0,ok,
scan_tube_holder,enclosure_corner_post_rear_right,no,,787.992386,5.0,ok,
scan_tube_holder,enclosure_top_rear_crossbeam,no,,533.700628,5.0,ok,
scan_tube_holder,enclosure_top_left_crossbeam,no,,582.491511,5.0,ok,
scan_tube_holder,enclosure_top_right_crossbeam,no,,809.404942,5.0,ok,
scan_tube_holder,enclosure_front_upper_left_beam,no,,651.920517,5.0,ok,
scan_tube_holder,enclosure_front_upper_center_beam,no,,621.615122,5.0,ok,
scan_tube_holder,enclosure_front_upper_right_beam,no,,785.188105,5.0,ok,
scan_tube_holder,enclosure_rear_transparent_panel,no,,352.500000,5.0,ok,
scan_tube_holder,enclosure_left_transparent_panel,no,,422.500000,5.0,ok,
scan_tube_holder,enclosure_right_transparent_panel,no,,702.500000,5.0,ok,
scan_tube_holder,enclosure_front_left_low_panel,no,,606.880754,5.0,ok,
scan_tube_holder,enclosure_front_center_low_panel,no,,486.975615,5.0,ok,
scan_tube_holder,enclosure_front_right_low_panel,no,,809.335684,5.0,ok,
scan_tube_holder,enclosure_input_box_replace_opening_left_jamb,no,,593.111760,5.0,ok,
scan_tube_holder,enclosure_input_box_replace_opening_right_jamb,no,,481.012016,5.0,ok,
scan_tube_holder,enclosure_input_box_replace_opening_top_rail,no,,546.014249,5.0,ok,
scan_tube_holder,enclosure_input_box_replace_opening_bottom_sill,no,,481.000000,5.0,ok,
scan_tube_holder,enclosure_output_box_replace_opening_left_jamb,no,,516.082900,5.0,ok,
scan_tube_holder,enclosure_output_box_replace_opening_right_jamb,no,,774.481478,5.0,ok,
scan_tube_holder,enclosure_output_box_replace_opening_top_rail,no,,577.148646,5.0,ok,
scan_tube_holder,enclosure_output_box_replace_opening_bottom_sill,no,,516.071700,5.0,ok,
scan_tube_holder,enclosure_input_door_simple_pull_handle,no,,505.874055,5.0,ok,
scan_tube_holder,enclosure_output_door_simple_pull_handle,no,,790.162996,5.0,ok,
scan_tube_holder,enclosure_manual_review_access_opening_left_jamb,no,,495.686393,5.0,ok,
scan_tube_holder,enclosure_manual_review_access_opening_right_jamb,no,,484.752514,5.0,ok,
scan_tube_holder,enclosure_manual_review_access_opening_top_rail,no,,503.952537,5.0,ok,
scan_tube_holder,enclosure_manual_review_access_opening_bottom_sill,no,,484.000000,5.0,ok,
scan_tube_holder,enclosure_manual_review_access_simple_pull_handle,no,,498.990741,5.0,ok,
scan_tube_holder,enclosure_top_open_front_rectangular_rail,no,,619.835752,5.0,ok,
scan_tube_holder,enclosure_top_open_rear_rectangular_rail,no,,533.700628,5.0,ok,
scan_tube_holder,enclosure_top_open_left_rectangular_rail,no,,582.491511,5.0,ok,
scan_tube_holder,enclosure_top_open_right_rectangular_rail,no,,809.404942,5.0,ok,
scan_tube_holder,control_box_housing,no,,583.746049,5.0,ok,
scan_tube_holder,din_rail_and_mounting,no,,599.563308,5.0,ok,
scan_tube_holder,controller_board_placeholder,no,,587.943841,5.0,ok,
scan_tube_holder,motor_driver_placeholders,no,,624.876596,5.0,ok,
scan_tube_holder,power_supply_placeholder,no,,579.147788,5.0,ok,
scan_tube_holder,terminal_blocks,no,,660.913580,5.0,ok,
scan_tube_holder,cable_glands_and_connectors,no,,729.514229,5.0,ok,
scan_tube_holder,ventilation_slots,no,,686.694590,5.0,ok,
scan_tube_holder,mounting_brackets,no,,583.442371,5.0,ok,
barcode_scanner_mount_bracket,photoelectric_sensor_mount_bracket,no,,37.576588,5.0,ok,
barcode_scanner_mount_bracket,left_y_axis_module,no,,278.820176,5.0,ok,
barcode_scanner_mount_bracket,right_y_axis_module,no,,622.751224,5.0,ok,
barcode_scanner_mount_bracket,x_axis_module_on_gantry,no,,127.081715,5.0,ok,
barcode_scanner_mount_bracket,z_axis_module,no,,122.659733,5.0,ok,
barcode_scanner_mount_bracket,electric_parallel_gripper,no,,105.409867,5.0,ok,
barcode_scanner_mount_bracket,input_box_1,no,,113.648581,5.0,ok,
barcode_scanner_mount_bracket,input_box_2,no,,54.000000,5.0,ok,
barcode_scanner_mount_bracket,input_box_3,no,,59.933296,5.0,ok,
barcode_scanner_mount_bracket,input_box_4,no,,165.081798,5.0,ok,
barcode_scanner_mount_bracket,barcode_scanner,yes,,,5.0,allowed_mount_contact,whitelisted expected mount/contact or internal electrical-box packaging
barcode_scanner_mount_bracket,photoelectric_sensor,no,,71.087341,5.0,ok,
barcode_scanner_mount_bracket,category_A_output_box_4x6,no,,199.000000,5.0,ok,
barcode_scanner_mount_bracket,category_B_output_box_4x6,no,,409.000000,5.0,ok,
barcode_scanner_mount_bracket,category_C_output_box_4x6,no,,218.819560,5.0,ok,
barcode_scanner_mount_bracket,category_D_output_box_4x6,no,,419.001193,5.0,ok,
barcode_scanner_mount_bracket,manual_review_bin_2x3,no,,373.500000,5.0,ok,
barcode_scanner_mount_bracket,input_box_1_demo_tube_01_purple75,no,,282.969963,5.0,ok,
barcode_scanner_mount_bracket,input_box_1_demo_tube_02_yellow100,no,,229.172424,5.0,ok,
barcode_scanner_mount_bracket,input_box_1_demo_tube_03_blue75,no,,178.639301,5.0,ok,
barcode_scanner_mount_bracket,input_box_1_demo_tube_04_red75,no,,203.823453,5.0,ok,
barcode_scanner_mount_bracket,input_box_1_demo_tube_05_purple75,no,,144.692778,5.0,ok,
barcode_scanner_mount_bracket,input_box_2_demo_tube_01_purple75,no,,215.712772,5.0,ok,
barcode_scanner_mount_bracket,input_box_2_demo_tube_02_yellow100,no,,137.767921,5.0,ok,
barcode_scanner_mount_bracket,input_box_2_demo_tube_03_blue75,no,,75.179785,5.0,ok,
barcode_scanner_mount_bracket,input_box_2_demo_tube_04_red75,no,,150.213182,5.0,ok,
barcode_scanner_mount_bracket,input_box_2_demo_tube_05_purple75,no,,94.000000,5.0,ok,
barcode_scanner_mount_bracket,input_box_3_demo_tube_01_purple75,no,,209.121974,5.0,ok,
barcode_scanner_mount_bracket,input_box_3_demo_tube_02_yellow100,no,,127.200629,5.0,ok,
barcode_scanner_mount_bracket,input_box_3_demo_tube_03_blue75,no,,91.934759,5.0,ok,
barcode_scanner_mount_bracket,input_box_3_demo_tube_04_red75,no,,175.965906,5.0,ok,
barcode_scanner_mount_bracket,input_box_3_demo_tube_05_purple75,no,,152.433592,5.0,ok,
barcode_scanner_mount_bracket,input_box_4_demo_tube_01_purple75,no,,264.560012,5.0,ok,
barcode_scanner_mount_bracket,input_box_4_demo_tube_02_yellow100,no,,206.009709,5.0,ok,
barcode_scanner_mount_bracket,input_box_4_demo_tube_03_blue75,no,,204.919496,5.0,ok,
barcode_scanner_mount_bracket,input_box_4_demo_tube_04_red75,no,,267.925363,5.0,ok,
barcode_scanner_mount_bracket,input_box_4_demo_tube_05_purple75,no,,267.088000,5.0,ok,
barcode_scanner_mount_bracket,scan_station_demo_tube_yellow100,no,,43.000000,5.0,ok,
barcode_scanner_mount_bracket,category_A_classified_tube_01_purple75,no,,225.304239,5.0,ok,
barcode_scanner_mount_bracket,category_A_classified_tube_02_purple75,no,,271.827151,5.0,ok,
barcode_scanner_mount_bracket,category_A_classified_tube_03_purple75,no,,323.817850,5.0,ok,
barcode_scanner_mount_bracket,category_B_classified_tube_01_yellow100,no,,428.347989,5.0,ok,
barcode_scanner_mount_bracket,category_B_classified_tube_02_yellow100,no,,479.718668,5.0,ok,
barcode_scanner_mount_bracket,category_B_classified_tube_03_yellow100,no,,533.496017,5.0,ok,
barcode_scanner_mount_bracket,category_C_classified_tube_01_blue75,no,,233.927339,5.0,ok,
barcode_scanner_mount_bracket,category_C_classified_tube_02_blue75,no,,296.529931,5.0,ok,
barcode_scanner_mount_bracket,category_C_classified_tube_03_blue75,no,,359.135072,5.0,ok,
barcode_scanner_mount_bracket,category_D_classified_tube_01_red75,no,,432.945724,5.0,ok,
barcode_scanner_mount_bracket,category_D_classified_tube_02_red75,no,,494.135609,5.0,ok,
barcode_scanner_mount_bracket,category_D_classified_tube_03_red75,no,,555.641971,5.0,ok,
barcode_scanner_mount_bracket,enclosure_bottom_rear_rail,no,,307.001629,5.0,ok,
barcode_scanner_mount_bracket,enclosure_bottom_left_rail,no,,396.001263,5.0,ok,
barcode_scanner_mount_bracket,enclosure_bottom_right_rail,no,,711.000703,5.0,ok,
barcode_scanner_mount_bracket,enclosure_bottom_front_left_stub,no,,612.785444,5.0,ok,
barcode_scanner_mount_bracket,enclosure_bottom_front_center_stub,no,,547.057812,5.0,ok,
barcode_scanner_mount_bracket,enclosure_bottom_front_right_stub,no,,808.486858,5.0,ok,
barcode_scanner_mount_bracket,enclosure_corner_post_front_left,no,,672.060265,5.0,ok,
barcode_scanner_mount_bracket,enclosure_corner_post_front_right,no,,894.634003,5.0,ok,
barcode_scanner_mount_bracket,enclosure_corner_post_rear_left,no,,501.063868,5.0,ok,
barcode_scanner_mount_bracket,enclosure_corner_post_rear_right,no,,774.448191,5.0,ok,
barcode_scanner_mount_bracket,enclosure_top_rear_crossbeam,no,,446.709357,5.0,ok,
barcode_scanner_mount_bracket,enclosure_top_left_crossbeam,no,,511.972900,5.0,ok,
barcode_scanner_mount_bracket,enclosure_top_right_crossbeam,no,,781.550542,5.0,ok,
barcode_scanner_mount_bracket,enclosure_front_upper_left_beam,no,,656.068022,5.0,ok,
barcode_scanner_mount_bracket,enclosure_front_upper_center_beam,no,,634.874200,5.0,ok,
barcode_scanner_mount_bracket,enclosure_front_upper_right_beam,no,,799.543776,5.0,ok,
barcode_scanner_mount_bracket,enclosure_rear_transparent_panel,no,,305.500000,5.0,ok,
barcode_scanner_mount_bracket,enclosure_left_transparent_panel,no,,394.500000,5.0,ok,
barcode_scanner_mount_bracket,enclosure_right_transparent_panel,no,,709.500000,5.0,ok,
barcode_scanner_mount_bracket,enclosure_front_left_low_panel,no,,647.447488,5.0,ok,
barcode_scanner_mount_bracket,enclosure_front_center_low_panel,no,,556.162072,5.0,ok,
barcode_scanner_mount_bracket,enclosure_front_right_low_panel,no,,857.399119,5.0,ok,
barcode_scanner_mount_bracket,enclosure_input_box_replace_opening_left_jamb,no,,635.815225,5.0,ok,
barcode_scanner_mount_bracket,enclosure_input_box_replace_opening_right_jamb,no,,550.000000,5.0,ok,
barcode_scanner_mount_bracket,enclosure_input_box_replace_opening_top_rail,no,,579.803631,5.0,ok,
barcode_scanner_mount_bracket,enclosure_input_box_replace_opening_bottom_sill,no,,550.000000,5.0,ok,
barcode_scanner_mount_bracket,enclosure_output_box_replace_opening_left_jamb,no,,583.211797,5.0,ok,
barcode_scanner_mount_bracket,enclosure_output_box_replace_opening_right_jamb,no,,824.315474,5.0,ok,
barcode_scanner_mount_bracket,enclosure_output_box_replace_opening_top_rail,no,,611.398602,5.0,ok,
barcode_scanner_mount_bracket,enclosure_output_box_replace_opening_bottom_sill,no,,583.211797,5.0,ok,
barcode_scanner_mount_bracket,enclosure_input_door_simple_pull_handle,no,,563.317184,5.0,ok,
barcode_scanner_mount_bracket,enclosure_output_door_simple_pull_handle,no,,833.260013,5.0,ok,
barcode_scanner_mount_bracket,enclosure_manual_review_access_opening_left_jamb,no,,558.614357,5.0,ok,
barcode_scanner_mount_bracket,enclosure_manual_review_access_opening_right_jamb,no,,554.044222,5.0,ok,
barcode_scanner_mount_bracket,enclosure_manual_review_access_opening_top_rail,no,,556.865558,5.0,ok,
barcode_scanner_mount_bracket,enclosure_manual_review_access_opening_bottom_sill,no,,553.032549,5.0,ok,
barcode_scanner_mount_bracket,enclosure_manual_review_access_simple_pull_handle,no,,566.022084,5.0,ok,
barcode_scanner_mount_bracket,enclosure_top_open_front_rectangular_rail,no,,632.573514,5.0,ok,
barcode_scanner_mount_bracket,enclosure_top_open_rear_rectangular_rail,no,,446.709357,5.0,ok,
barcode_scanner_mount_bracket,enclosure_top_open_left_rectangular_rail,no,,511.972900,5.0,ok,
barcode_scanner_mount_bracket,enclosure_top_open_right_rectangular_rail,no,,781.550542,5.0,ok,
barcode_scanner_mount_bracket,control_box_housing,no,,559.783431,5.0,ok,
barcode_scanner_mount_bracket,din_rail_and_mounting,no,,575.195619,5.0,ok,
barcode_scanner_mount_bracket,controller_board_placeholder,no,,560.315982,5.0,ok,
barcode_scanner_mount_bracket,motor_driver_placeholders,no,,600.170809,5.0,ok,
barcode_scanner_mount_bracket,power_supply_placeholder,no,,556.181625,5.0,ok,
barcode_scanner_mount_bracket,terminal_blocks,no,,640.925113,5.0,ok,
barcode_scanner_mount_bracket,cable_glands_and_connectors,no,,699.707975,5.0,ok,
barcode_scanner_mount_bracket,ventilation_slots,no,,659.902455,5.0,ok,
barcode_scanner_mount_bracket,mounting_brackets,no,,559.400572,5.0,ok,
photoelectric_sensor_mount_bracket,left_y_axis_module,no,,369.820176,5.0,ok,
photoelectric_sensor_mount_bracket,right_y_axis_module,no,,503.751224,5.0,ok,
photoelectric_sensor_mount_bracket,x_axis_module_on_gantry,no,,139.127248,5.0,ok,
photoelectric_sensor_mount_bracket,z_axis_module,no,,90.946413,5.0,ok,
photoelectric_sensor_mount_bracket,electric_parallel_gripper,no,,61.522354,5.0,ok,
photoelectric_sensor_mount_bracket,input_box_1,no,,194.743421,5.0,ok,
photoelectric_sensor_mount_bracket,input_box_2,no,,145.000000,5.0,ok,
photoelectric_sensor_mount_bracket,input_box_3,no,,145.000000,5.0,ok,
photoelectric_sensor_mount_bracket,input_box_4,no,,192.096330,5.0,ok,
photoelectric_sensor_mount_bracket,barcode_scanner,no,,17.899721,5.0,ok,
photoelectric_sensor_mount_bracket,photoelectric_sensor,yes,,,5.0,allowed_mount_contact,whitelisted expected mount/contact or internal electrical-box packaging
photoelectric_sensor_mount_bracket,category_A_output_box_4x6,no,,81.394103,5.0,ok,
photoelectric_sensor_mount_bracket,category_B_output_box_4x6,no,,290.387672,5.0,ok,
photoelectric_sensor_mount_bracket,category_C_output_box_4x6,no,,100.603181,5.0,ok,
photoelectric_sensor_mount_bracket,category_D_output_box_4x6,no,,296.346081,5.0,ok,
photoelectric_sensor_mount_bracket,manual_review_bin_2x3,no,,345.278511,5.0,ok,
photoelectric_sensor_mount_bracket,input_box_1_demo_tube_01_purple75,no,,372.001344,5.0,ok,
photoelectric_sensor_mount_bracket,input_box_1_demo_tube_02_yellow100,no,,309.103543,5.0,ok,
photoelectric_sensor_mount_bracket,input_box_1_demo_tube_03_blue75,no,,251.127458,5.0,ok,
photoelectric_sensor_mount_bracket,input_box_1_demo_tube_04_red75,no,,293.777126,5.0,ok,
photoelectric_sensor_mount_bracket,input_box_1_demo_tube_05_purple75,no,,232.002155,5.0,ok,
photoelectric_sensor_mount_bracket,input_box_2_demo_tube_01_purple75,no,,311.520465,5.0,ok,
photoelectric_sensor_mount_bracket,input_box_2_demo_tube_02_yellow100,no,,232.819673,5.0,ok,
photoelectric_sensor_mount_bracket,input_box_2_demo_tube_03_blue75,no,,170.308544,5.0,ok,
photoelectric_sensor_mount_bracket,input_box_2_demo_tube_04_red75,no,,243.977458,5.0,ok,
photoelectric_sensor_mount_bracket,input_box_2_demo_tube_05_purple75,no,,185.270073,5.0,ok,
photoelectric_sensor_mount_bracket,input_box_3_demo_tube_01_purple75,no,,297.060600,5.0,ok,
photoelectric_sensor_mount_bracket,input_box_3_demo_tube_02_yellow100,no,,213.084490,5.0,ok,
photoelectric_sensor_mount_bracket,input_box_3_demo_tube_03_blue75,no,,160.639348,5.0,ok,
photoelectric_sensor_mount_bracket,input_box_3_demo_tube_04_red75,no,,248.847343,5.0,ok,
photoelectric_sensor_mount_bracket,input_box_3_demo_tube_05_purple75,no,,205.730406,5.0,ok,
photoelectric_sensor_mount_bracket,input_box_4_demo_tube_01_purple75,no,,326.657313,5.0,ok,
photoelectric_sensor_mount_bracket,input_box_4_demo_tube_02_yellow100,no,,252.715255,5.0,ok,
photoelectric_sensor_mount_bracket,input_box_4_demo_tube_03_blue75,no,,227.035240,5.0,ok,
photoelectric_sensor_mount_bracket,input_box_4_demo_tube_04_red75,no,,308.131465,5.0,ok,
photoelectric_sensor_mount_bracket,input_box_4_demo_tube_05_purple75,no,,287.445647,5.0,ok,
photoelectric_sensor_mount_bracket,scan_station_demo_tube_yellow100,no,,39.217343,5.0,ok,
photoelectric_sensor_mount_bracket,category_A_classified_tube_01_purple75,no,,142.635900,5.0,ok,
photoelectric_sensor_mount_bracket,category_A_classified_tube_02_purple75,no,,168.715737,5.0,ok,
photoelectric_sensor_mount_bracket,category_A_classified_tube_03_purple75,no,,210.772389,5.0,ok,
photoelectric_sensor_mount_bracket,category_B_classified_tube_01_yellow100,no,,321.068529,5.0,ok,
photoelectric_sensor_mount_bracket,category_B_classified_tube_02_yellow100,no,,367.049043,5.0,ok,
photoelectric_sensor_mount_bracket,category_B_classified_tube_03_yellow100,no,,417.378725,5.0,ok,
photoelectric_sensor_mount_bracket,category_C_classified_tube_01_blue75,no,,116.211015,5.0,ok,
photoelectric_sensor_mount_bracket,category_C_classified_tube_02_blue75,no,,178.058979,5.0,ok,
photoelectric_sensor_mount_bracket,category_C_classified_tube_03_blue75,no,,240.301893,5.0,ok,
photoelectric_sensor_mount_bracket,category_D_classified_tube_01_red75,no,,310.233783,5.0,ok,
photoelectric_sensor_mount_bracket,category_D_classified_tube_02_red75,no,,371.436401,5.0,ok,
photoelectric_sensor_mount_bracket,category_D_classified_tube_03_red75,no,,433.041568,5.0,ok,
photoelectric_sensor_mount_bracket,enclosure_bottom_rear_rail,no,,337.000000,5.0,ok,
photoelectric_sensor_mount_bracket,enclosure_bottom_left_rail,no,,487.000000,5.0,ok,
photoelectric_sensor_mount_bracket,enclosure_bottom_right_rail,no,,592.000000,5.0,ok,
photoelectric_sensor_mount_bracket,enclosure_bottom_front_left_stub,no,,635.447874,5.0,ok,
photoelectric_sensor_mount_bracket,enclosure_bottom_front_center_stub,no,,513.000000,5.0,ok,
photoelectric_sensor_mount_bracket,enclosure_bottom_front_right_stub,no,,702.544661,5.0,ok,
photoelectric_sensor_mount_bracket,enclosure_corner_post_front_left,no,,707.345743,5.0,ok,
photoelectric_sensor_mount_bracket,enclosure_corner_post_front_right,no,,783.347305,5.0,ok,
photoelectric_sensor_mount_bracket,enclosure_corner_post_rear_left,no,,592.231374,5.0,ok,
photoelectric_sensor_mount_bracket,enclosure_corner_post_rear_right,no,,681.199677,5.0,ok,
photoelectric_sensor_mount_bracket,enclosure_top_rear_crossbeam,no,,486.590177,5.0,ok,
photoelectric_sensor_mount_bracket,enclosure_top_left_crossbeam,no,,600.308254,5.0,ok,
photoelectric_sensor_mount_bracket,enclosure_top_right_crossbeam,no,,688.233245,5.0,ok,
photoelectric_sensor_mount_bracket,enclosure_front_upper_left_beam,no,,675.718137,5.0,ok,
photoelectric_sensor_mount_bracket,enclosure_front_upper_center_beam,no,,621.586679,5.0,ok,
photoelectric_sensor_mount_bracket,enclosure_front_upper_right_beam,no,,723.374039,5.0,ok,
photoelectric_sensor_mount_bracket,enclosure_rear_transparent_panel,no,,335.500000,5.0,ok,
photoelectric_sensor_mount_bracket,enclosure_left_transparent_panel,no,,485.500000,5.0,ok,
photoelectric_sensor_mount_bracket,enclosure_right_transparent_panel,no,,590.500000,5.0,ok,
photoelectric_sensor_mount_bracket,enclosure_front_left_low_panel,no,,676.806656,5.0,ok,
photoelectric_sensor_mount_bracket,enclosure_front_center_low_panel,no,,518.500000,5.0,ok,
photoelectric_sensor_mount_bracket,enclosure_front_right_low_panel,no,,748.626910,5.0,ok,
photoelectric_sensor_mount_bracket,enclosure_input_box_replace_opening_left_jamb,no,,662.193325,5.0,ok,
photoelectric_sensor_mount_bracket,enclosure_input_box_replace_opening_right_jamb,no,,522.398315,5.0,ok,
photoelectric_sensor_mount_bracket,enclosure_input_box_replace_opening_top_rail,no,,563.027530,5.0,ok,
photoelectric_sensor_mount_bracket,enclosure_input_box_replace_opening_bottom_sill,no,,522.398315,5.0,ok,
photoelectric_sensor_mount_bracket,enclosure_output_box_replace_opening_left_jamb,no,,525.380814,5.0,ok,
photoelectric_sensor_mount_bracket,enclosure_output_box_replace_opening_right_jamb,no,,717.931055,5.0,ok,
photoelectric_sensor_mount_bracket,enclosure_output_box_replace_opening_top_rail,no,,565.795900,5.0,ok,
photoelectric_sensor_mount_bracket,enclosure_output_box_replace_opening_bottom_sill,no,,525.380814,5.0,ok,
photoelectric_sensor_mount_bracket,enclosure_input_door_simple_pull_handle,no,,538.283383,5.0,ok,
photoelectric_sensor_mount_bracket,enclosure_output_door_simple_pull_handle,no,,729.571107,5.0,ok,
photoelectric_sensor_mount_bracket,enclosure_manual_review_access_opening_left_jamb,no,,549.935451,5.0,ok,
photoelectric_sensor_mount_bracket,enclosure_manual_review_access_opening_right_jamb,no,,523.000000,5.0,ok,
photoelectric_sensor_mount_bracket,enclosure_manual_review_access_opening_top_rail,no,,531.030131,5.0,ok,
photoelectric_sensor_mount_bracket,enclosure_manual_review_access_opening_bottom_sill,no,,523.000956,5.0,ok,
photoelectric_sensor_mount_bracket,enclosure_manual_review_access_simple_pull_handle,no,,535.000000,5.0,ok,
photoelectric_sensor_mount_bracket,enclosure_top_open_front_rectangular_rail,no,,621.586679,5.0,ok,
photoelectric_sensor_mount_bracket,enclosure_top_open_rear_rectangular_rail,no,,486.590177,5.0,ok,
photoelectric_sensor_mount_bracket,enclosure_top_open_left_rectangular_rail,no,,600.308254,5.0,ok,
photoelectric_sensor_mount_bracket,enclosure_top_open_right_rectangular_rail,no,,688.233245,5.0,ok,
photoelectric_sensor_mount_bracket,control_box_housing,no,,491.542969,5.0,ok,
photoelectric_sensor_mount_bracket,din_rail_and_mounting,no,,504.250930,5.0,ok,
photoelectric_sensor_mount_bracket,controller_board_placeholder,no,,490.789160,5.0,ok,
photoelectric_sensor_mount_bracket,motor_driver_placeholders,no,,523.239907,5.0,ok,
photoelectric_sensor_mount_bracket,power_supply_placeholder,no,,484.409950,5.0,ok,
photoelectric_sensor_mount_bracket,terminal_blocks,no,,560.064282,5.0,ok,
photoelectric_sensor_mount_bracket,cable_glands_and_connectors,no,,646.415694,5.0,ok,
photoelectric_sensor_mount_bracket,ventilation_slots,no,,596.125197,5.0,ok,
photoelectric_sensor_mount_bracket,mounting_brackets,no,,491.391901,5.0,ok,
left_y_axis_module,right_y_axis_module,no,,958.571400,5.0,ok,
left_y_axis_module,x_axis_module_on_gantry,no,,148.770633,5.0,ok,
left_y_axis_module,z_axis_module,no,,439.241834,5.0,ok,
left_y_axis_module,electric_parallel_gripper,no,,389.020176,5.0,ok,
left_y_axis_module,input_box_1,no,,44.820176,5.0,ok,
left_y_axis_module,input_box_2,no,,44.820176,5.0,ok,
left_y_axis_module,input_box_3,no,,44.820176,5.0,ok,
left_y_axis_module,input_box_4,no,,44.820176,5.0,ok,
left_y_axis_module,barcode_scanner,no,,313.620176,5.0,ok,
left_y_axis_module,photoelectric_sensor,no,,404.820176,5.0,ok,
left_y_axis_module,category_A_output_box_4x6,no,,534.820176,5.0,ok,
left_y_axis_module,category_B_output_box_4x6,no,,744.820176,5.0,ok,
left_y_axis_module,category_C_output_box_4x6,no,,534.820176,5.0,ok,
left_y_axis_module,category_D_output_box_4x6,no,,744.820176,5.0,ok,
left_y_axis_module,manual_review_bin_2x3,no,,234.820176,5.0,ok,
left_y_axis_module,input_box_1_demo_tube_01_purple75,no,,56.820176,5.0,ok,
left_y_axis_module,input_box_1_demo_tube_02_yellow100,no,,140.820176,5.0,ok,
left_y_axis_module,input_box_1_demo_tube_03_blue75,no,,196.820176,5.0,ok,
left_y_axis_module,input_box_1_demo_tube_04_red75,no,,112.820176,5.0,ok,
left_y_axis_module,input_box_1_demo_tube_05_purple75,no,,168.820176,5.0,ok,
left_y_axis_module,input_box_2_demo_tube_01_purple75,no,,56.820176,5.0,ok,
left_y_axis_module,input_box_2_demo_tube_02_yellow100,no,,140.820176,5.0,ok,
left_y_axis_module,input_box_2_demo_tube_03_blue75,no,,196.820176,5.0,ok,
left_y_axis_module,input_box_2_demo_tube_04_red75,no,,112.820176,5.0,ok,
left_y_axis_module,input_box_2_demo_tube_05_purple75,no,,168.820176,5.0,ok,
left_y_axis_module,input_box_3_demo_tube_01_purple75,no,,56.820176,5.0,ok,
left_y_axis_module,input_box_3_demo_tube_02_yellow100,no,,140.820176,5.0,ok,
left_y_axis_module,input_box_3_demo_tube_03_blue75,no,,196.820176,5.0,ok,
left_y_axis_module,input_box_3_demo_tube_04_red75,no,,112.820176,5.0,ok,
left_y_axis_module,input_box_3_demo_tube_05_purple75,no,,168.820176,5.0,ok,
left_y_axis_module,input_box_4_demo_tube_01_purple75,no,,56.820176,5.0,ok,
left_y_axis_module,input_box_4_demo_tube_02_yellow100,no,,140.820176,5.0,ok,
left_y_axis_module,input_box_4_demo_tube_03_blue75,no,,196.820176,5.0,ok,
left_y_axis_module,input_box_4_demo_tube_04_red75,no,,112.820176,5.0,ok,
left_y_axis_module,input_box_4_demo_tube_05_purple75,no,,168.820176,5.0,ok,
left_y_axis_module,scan_station_demo_tube_yellow100,no,,316.820176,5.0,ok,
left_y_axis_module,category_A_classified_tube_01_purple75,no,,546.820176,5.0,ok,
left_y_axis_module,category_A_classified_tube_02_purple75,no,,602.820176,5.0,ok,
left_y_axis_module,category_A_classified_tube_03_purple75,no,,658.820176,5.0,ok,
left_y_axis_module,category_B_classified_tube_01_yellow100,no,,756.820176,5.0,ok,
left_y_axis_module,category_B_classified_tube_02_yellow100,no,,812.820176,5.0,ok,
left_y_axis_module,category_B_classified_tube_03_yellow100,no,,868.820176,5.0,ok,
left_y_axis_module,category_C_classified_tube_01_blue75,no,,546.820176,5.0,ok,
left_y_axis_module,category_C_classified_tube_02_blue75,no,,602.820176,5.0,ok,
left_y_axis_module,category_C_classified_tube_03_blue75,no,,658.820176,5.0,ok,
left_y_axis_module,category_D_classified_tube_01_red75,no,,756.820176,5.0,ok,
left_y_axis_module,category_D_classified_tube_02_red75,no,,812.820176,5.0,ok,
left_y_axis_module,category_D_classified_tube_03_red75,no,,868.820176,5.0,ok,
left_y_axis_module,enclosure_bottom_rear_rail,no,,55.665104,5.0,ok,
left_y_axis_module,enclosure_bottom_left_rail,no,,40.751224,5.0,ok,
left_y_axis_module,enclosure_bottom_right_rail,no,,1046.820176,5.0,ok,
left_y_axis_module,enclosure_bottom_front_left_stub,no,,58.334896,5.0,ok,
left_y_axis_module,enclosure_bottom_front_center_stub,no,,406.527347,5.0,ok,
left_y_axis_module,enclosure_bottom_front_right_stub,no,,936.638522,5.0,ok,
left_y_axis_module,enclosure_corner_post_front_left,no,,71.159134,5.0,ok,
left_y_axis_module,enclosure_corner_post_front_right,no,,1048.444296,5.0,ok,
left_y_axis_module,enclosure_corner_post_rear_left,no,,68.987434,5.0,ok,
left_y_axis_module,enclosure_corner_post_rear_right,no,,1048.299139,5.0,ok,
left_y_axis_module,enclosure_top_rear_crossbeam,no,,339.349645,5.0,ok,
left_y_axis_module,enclosure_top_left_crossbeam,no,,337.224317,5.0,ok,
left_y_axis_module,enclosure_top_right_crossbeam,no,,1099.041427,5.0,ok,
left_y_axis_module,enclosure_front_upper_left_beam,no,,339.797789,5.0,ok,
left_y_axis_module,enclosure_front_upper_center_beam,no,,517.128908,5.0,ok,
left_y_axis_module,enclosure_front_upper_right_beam,no,,892.071107,5.0,ok,
left_y_axis_module,enclosure_rear_transparent_panel,no,,54.165104,5.0,ok,
left_y_axis_module,enclosure_left_transparent_panel,no,,39.251224,5.0,ok,
left_y_axis_module,enclosure_right_transparent_panel,no,,1045.320176,5.0,ok,
left_y_axis_module,enclosure_front_left_low_panel,no,,63.834896,5.0,ok,
left_y_axis_module,enclosure_front_center_low_panel,no,,432.556351,5.0,ok,
left_y_axis_module,enclosure_front_right_low_panel,no,,996.866128,5.0,ok,
left_y_axis_module,enclosure_input_box_replace_opening_left_jamb,no,,65.334896,5.0,ok,
left_y_axis_module,enclosure_input_box_replace_opening_right_jamb,no,,316.634158,5.0,ok,
left_y_axis_module,enclosure_input_box_replace_opening_top_rail,no,,204.472192,5.0,ok,
left_y_axis_module,enclosure_input_box_replace_opening_bottom_sill,no,,65.334896,5.0,ok,
left_y_axis_module,enclosure_output_box_replace_opening_left_jamb,no,,533.833371,5.0,ok,
left_y_axis_module,enclosure_output_box_replace_opening_right_jamb,no,,952.064607,5.0,ok,
left_y_axis_module,enclosure_output_box_replace_opening_top_rail,no,,567.906943,5.0,ok,
left_y_axis_module,enclosure_output_box_replace_opening_bottom_sill,no,,533.833371,5.0,ok,
left_y_axis_module,enclosure_input_door_simple_pull_handle,no,,323.026444,5.0,ok,
left_y_axis_module,enclosure_output_door_simple_pull_handle,no,,954.209573,5.0,ok,
left_y_axis_module,enclosure_manual_review_access_opening_left_jamb,no,,201.745774,5.0,ok,
left_y_axis_module,enclosure_manual_review_access_opening_right_jamb,no,,376.080604,5.0,ok,
left_y_axis_module,enclosure_manual_review_access_opening_top_rail,no,,215.499132,5.0,ok,
left_y_axis_module,enclosure_manual_review_access_opening_bottom_sill,no,,201.745774,5.0,ok,
left_y_axis_module,enclosure_manual_review_access_simple_pull_handle,no,,378.445053,5.0,ok,
left_y_axis_module,enclosure_top_open_front_rectangular_rail,no,,339.797789,5.0,ok,
left_y_axis_module,enclosure_top_open_rear_rectangular_rail,no,,339.349645,5.0,ok,
left_y_axis_module,enclosure_top_open_left_rectangular_rail,no,,337.224317,5.0,ok,
left_y_axis_module,enclosure_top_open_right_rectangular_rail,no,,1099.041427,5.0,ok,
left_y_axis_module,control_box_housing,no,,789.193207,5.0,ok,
left_y_axis_module,din_rail_and_mounting,no,,808.952845,5.0,ok,
left_y_axis_module,controller_board_placeholder,no,,794.460422,5.0,ok,
left_y_axis_module,motor_driver_placeholders,no,,847.481844,5.0,ok,
left_y_axis_module,power_supply_placeholder,no,,795.534875,5.0,ok,
left_y_axis_module,terminal_blocks,no,,891.785581,5.0,ok,
left_y_axis_module,cable_glands_and_connectors,no,,862.637257,5.0,ok,
left_y_axis_module,ventilation_slots,no,,859.634915,5.0,ok,
left_y_axis_module,mounting_brackets,no,,788.272744,5.0,ok,
right_y_axis_module,x_axis_module_on_gantry,no,,166.162716,5.0,ok,
right_y_axis_module,z_axis_module,no,,467.782067,5.0,ok,
right_y_axis_module,electric_parallel_gripper,no,,446.051224,5.0,ok,
right_y_axis_module,input_box_1,no,,733.751224,5.0,ok,
right_y_axis_module,input_box_2,no,,733.751224,5.0,ok,
right_y_axis_module,input_box_3,no,,733.751224,5.0,ok,
right_y_axis_module,input_box_4,no,,733.751224,5.0,ok,
right_y_axis_module,barcode_scanner,no,,602.551224,5.0,ok,
right_y_axis_module,photoelectric_sensor,no,,434.751224,5.0,ok,
right_y_axis_module,category_A_output_box_4x6,no,,243.751224,5.0,ok,
right_y_axis_module,category_B_output_box_4x6,no,,33.751224,5.0,ok,
right_y_axis_module,category_C_output_box_4x6,no,,243.751224,5.0,ok,
right_y_axis_module,category_D_output_box_4x6,no,,33.751224,5.0,ok,
right_y_axis_module,manual_review_bin_2x3,no,,623.751224,5.0,ok,
right_y_axis_module,input_box_1_demo_tube_01_purple75,no,,885.751224,5.0,ok,
right_y_axis_module,input_box_1_demo_tube_02_yellow100,no,,801.751224,5.0,ok,
right_y_axis_module,input_box_1_demo_tube_03_blue75,no,,745.751224,5.0,ok,
right_y_axis_module,input_box_1_demo_tube_04_red75,no,,829.751224,5.0,ok,
right_y_axis_module,input_box_1_demo_tube_05_purple75,no,,773.751224,5.0,ok,
right_y_axis_module,input_box_2_demo_tube_01_purple75,no,,885.751224,5.0,ok,
right_y_axis_module,input_box_2_demo_tube_02_yellow100,no,,801.751224,5.0,ok,
right_y_axis_module,input_box_2_demo_tube_03_blue75,no,,745.751224,5.0,ok,
right_y_axis_module,input_box_2_demo_tube_04_red75,no,,829.751224,5.0,ok,
right_y_axis_module,input_box_2_demo_tube_05_purple75,no,,773.751224,5.0,ok,
right_y_axis_module,input_box_3_demo_tube_01_purple75,no,,885.751224,5.0,ok,
right_y_axis_module,input_box_3_demo_tube_02_yellow100,no,,801.751224,5.0,ok,
right_y_axis_module,input_box_3_demo_tube_03_blue75,no,,745.751224,5.0,ok,
right_y_axis_module,input_box_3_demo_tube_04_red75,no,,829.751224,5.0,ok,
right_y_axis_module,input_box_3_demo_tube_05_purple75,no,,773.751224,5.0,ok,
right_y_axis_module,input_box_4_demo_tube_01_purple75,no,,885.751224,5.0,ok,
right_y_axis_module,input_box_4_demo_tube_02_yellow100,no,,801.751224,5.0,ok,
right_y_axis_module,input_box_4_demo_tube_03_blue75,no,,745.751224,5.0,ok,
right_y_axis_module,input_box_4_demo_tube_04_red75,no,,829.751224,5.0,ok,
right_y_axis_module,input_box_4_demo_tube_05_purple75,no,,773.751224,5.0,ok,
right_y_axis_module,scan_station_demo_tube_yellow100,no,,625.751224,5.0,ok,
right_y_axis_module,category_A_classified_tube_01_purple75,no,,395.751224,5.0,ok,
right_y_axis_module,category_A_classified_tube_02_purple75,no,,339.751224,5.0,ok,
right_y_axis_module,category_A_classified_tube_03_purple75,no,,283.751224,5.0,ok,
right_y_axis_module,category_B_classified_tube_01_yellow100,no,,185.751224,5.0,ok,
right_y_axis_module,category_B_classified_tube_02_yellow100,no,,129.751224,5.0,ok,
right_y_axis_module,category_B_classified_tube_03_yellow100,no,,73.751224,5.0,ok,
right_y_axis_module,category_C_classified_tube_01_blue75,no,,395.751224,5.0,ok,
right_y_axis_module,category_C_classified_tube_02_blue75,no,,339.751224,5.0,ok,
right_y_axis_module,category_C_classified_tube_03_blue75,no,,283.751224,5.0,ok,
right_y_axis_module,category_D_classified_tube_01_red75,no,,185.751224,5.0,ok,
right_y_axis_module,category_D_classified_tube_02_red75,no,,129.751224,5.0,ok,
right_y_axis_module,category_D_classified_tube_03_red75,no,,73.751224,5.0,ok,
right_y_axis_module,enclosure_bottom_rear_rail,no,,55.665104,5.0,ok,
right_y_axis_module,enclosure_bottom_left_rail,no,,1075.751224,5.0,ok,
right_y_axis_module,enclosure_bottom_right_rail,no,,11.820176,5.0,ok,
right_y_axis_module,enclosure_bottom_front_left_stub,no,,965.515086,5.0,ok,
right_y_axis_module,enclosure_bottom_front_center_stub,no,,464.925426,5.0,ok,
right_y_axis_module,enclosure_bottom_front_right_stub,no,,58.334896,5.0,ok,
right_y_axis_module,enclosure_corner_post_front_left,no,,1077.331730,5.0,ok,
right_y_axis_module,enclosure_corner_post_front_right,no,,59.520389,5.0,ok,
right_y_axis_module,enclosure_corner_post_rear_left,no,,1077.190466,5.0,ok,
right_y_axis_module,enclosure_corner_post_rear_right,no,,56.906242,5.0,ok,
right_y_axis_module,enclosure_top_rear_crossbeam,no,,339.349645,5.0,ok,
right_y_axis_module,enclosure_top_left_crossbeam,no,,1126.632271,5.0,ok,
right_y_axis_module,enclosure_top_right_crossbeam,no,,334.961631,5.0,ok,
right_y_axis_module,enclosure_front_upper_left_beam,no,,918.887202,5.0,ok,
right_y_axis_module,enclosure_front_upper_center_beam,no,,554.946100,5.0,ok,
right_y_axis_module,enclosure_front_upper_right_beam,no,,339.797789,5.0,ok,
right_y_axis_module,enclosure_rear_transparent_panel,no,,54.165104,5.0,ok,
right_y_axis_module,enclosure_left_transparent_panel,no,,1074.251224,5.0,ok,
right_y_axis_module,enclosure_right_transparent_panel,no,,10.320176,5.0,ok,
right_y_axis_module,enclosure_front_left_low_panel,no,,1025.739471,5.0,ok,
right_y_axis_module,enclosure_front_center_low_panel,no,,477.041522,5.0,ok,
right_y_axis_module,enclosure_front_right_low_panel,no,,63.834896,5.0,ok,
right_y_axis_module,enclosure_input_box_replace_opening_left_jamb,no,,1000.885935,5.0,ok,
right_y_axis_module,enclosure_input_box_replace_opening_right_jamb,no,,642.083931,5.0,ok,
right_y_axis_module,enclosure_input_box_replace_opening_top_rail,no,,670.680254,5.0,ok,
right_y_axis_module,enclosure_input_box_replace_opening_bottom_sill,no,,642.083931,5.0,ok,
right_y_axis_module,enclosure_output_box_replace_opening_left_jamb,no,,423.817456,5.0,ok,
right_y_axis_module,enclosure_output_box_replace_opening_right_jamb,no,,65.334896,5.0,ok,
right_y_axis_module,enclosure_output_box_replace_opening_top_rail,no,,204.472192,5.0,ok,
right_y_axis_module,enclosure_output_box_replace_opening_bottom_sill,no,,65.334896,5.0,ok,
right_y_axis_module,enclosure_input_door_simple_pull_handle,no,,645.260155,5.0,ok,
right_y_axis_module,enclosure_output_door_simple_pull_handle,no,,91.419594,5.0,ok,
right_y_axis_module,enclosure_manual_review_access_opening_left_jamb,no,,761.822209,5.0,ok,
right_y_axis_module,enclosure_manual_review_access_opening_right_jamb,no,,582.771514,5.0,ok,
right_y_axis_module,enclosure_manual_review_access_opening_top_rail,no,,587.674362,5.0,ok,
right_y_axis_module,enclosure_manual_review_access_opening_bottom_sill,no,,582.771514,5.0,ok,
right_y_axis_module,enclosure_manual_review_access_simple_pull_handle,no,,584.300158,5.0,ok,
right_y_axis_module,enclosure_top_open_front_rectangular_rail,no,,339.797789,5.0,ok,
right_y_axis_module,enclosure_top_open_rear_rectangular_rail,no,,339.349645,5.0,ok,
right_y_axis_module,enclosure_top_open_left_rectangular_rail,no,,1126.632271,5.0,ok,
right_y_axis_module,enclosure_top_open_right_rectangular_rail,no,,334.961631,5.0,ok,
right_y_axis_module,control_box_housing,no,,82.965104,5.0,ok,
right_y_axis_module,din_rail_and_mounting,no,,81.665104,5.0,ok,
right_y_axis_module,controller_board_placeholder,no,,127.783509,5.0,ok,
right_y_axis_module,motor_driver_placeholders,no,,67.114419,5.0,ok,
right_y_axis_module,power_supply_placeholder,no,,111.207860,5.0,ok,
right_y_axis_module,terminal_blocks,no,,72.665104,5.0,ok,
right_y_axis_module,cable_glands_and_connectors,no,,247.665104,5.0,ok,
right_y_axis_module,ventilation_slots,no,,171.665104,5.0,ok,
right_y_axis_module,mounting_brackets,no,,83.665104,5.0,ok,
x_axis_module_on_gantry,z_axis_module,yes,,,5.0,allowed_mount_contact,whitelisted expected mount/contact or internal electrical-box packaging
x_axis_module_on_gantry,electric_parallel_gripper,no,,42.820176,5.0,ok,
x_axis_module_on_gantry,input_box_1,no,,240.941889,5.0,ok,
x_axis_module_on_gantry,input_box_2,no,,166.184943,5.0,ok,
x_axis_module_on_gantry,input_box_3,no,,157.820176,5.0,ok,
x_axis_module_on_gantry,input_box_4,no,,158.334605,5.0,ok,
x_axis_module_on_gantry,barcode_scanner,no,,96.180338,5.0,ok,
x_axis_module_on_gantry,photoelectric_sensor,no,,125.966021,5.0,ok,
x_axis_module_on_gantry,category_A_output_box_4x6,no,,171.476618,5.0,ok,
x_axis_module_on_gantry,category_B_output_box_4x6,no,,171.476618,5.0,ok,
x_axis_module_on_gantry,category_C_output_box_4x6,no,,157.820176,5.0,ok,
x_axis_module_on_gantry,category_D_output_box_4x6,no,,157.820176,5.0,ok,
x_axis_module_on_gantry,manual_review_bin_2x3,no,,279.148091,5.0,ok,
x_axis_module_on_gantry,input_box_1_demo_tube_01_purple75,no,,292.465503,5.0,ok,
x_axis_module_on_gantry,input_box_1_demo_tube_02_yellow100,no,,284.752337,5.0,ok,
x_axis_module_on_gantry,input_box_1_demo_tube_03_blue75,no,,265.564589,5.0,ok,
x_axis_module_on_gantry,input_box_1_demo_tube_04_red75,no,,239.618864,5.0,ok,
x_axis_module_on_gantry,input_box_1_demo_tube_05_purple75,no,,214.191150,5.0,ok,
x_axis_module_on_gantry,input_box_2_demo_tube_01_purple75,no,,175.101433,5.0,ok,
x_axis_module_on_gantry,input_box_2_demo_tube_02_yellow100,no,,161.889884,5.0,ok,
x_axis_module_on_gantry,input_box_2_demo_tube_03_blue75,no,,151.423222,5.0,ok,
x_axis_module_on_gantry,input_box_2_demo_tube_04_red75,no,,130.773243,5.0,ok,
x_axis_module_on_gantry,input_box_2_demo_tube_05_purple75,no,,113.323827,5.0,ok,
x_axis_module_on_gantry,input_box_3_demo_tube_01_purple75,no,,97.902772,5.0,ok,
x_axis_module_on_gantry,input_box_3_demo_tube_02_yellow100,no,,71.643391,5.0,ok,
x_axis_module_on_gantry,input_box_3_demo_tube_03_blue75,no,,94.820176,5.0,ok,
x_axis_module_on_gantry,input_box_3_demo_tube_04_red75,no,,94.820176,5.0,ok,
x_axis_module_on_gantry,input_box_3_demo_tube_05_purple75,no,,94.820176,5.0,ok,
x_axis_module_on_gantry,input_box_4_demo_tube_01_purple75,no,,99.220631,5.0,ok,
x_axis_module_on_gantry,input_box_4_demo_tube_02_yellow100,no,,73.434028,5.0,ok,
x_axis_module_on_gantry,input_box_4_demo_tube_03_blue75,no,,107.548751,5.0,ok,
x_axis_module_on_gantry,input_box_4_demo_tube_04_red75,no,,123.259492,5.0,ok,
x_axis_module_on_gantry,input_box_4_demo_tube_05_purple75,no,,142.783300,5.0,ok,
x_axis_module_on_gantry,scan_station_demo_tube_yellow100,no,,71.397325,5.0,ok,
x_axis_module_on_gantry,category_A_classified_tube_01_purple75,no,,186.898739,5.0,ok,
x_axis_module_on_gantry,category_A_classified_tube_02_purple75,no,,163.388455,5.0,ok,
x_axis_module_on_gantry,category_A_classified_tube_03_purple75,no,,141.521858,5.0,ok,
x_axis_module_on_gantry,category_B_classified_tube_01_yellow100,no,,175.542387,5.0,ok,
x_axis_module_on_gantry,category_B_classified_tube_02_yellow100,no,,150.265693,5.0,ok,
x_axis_module_on_gantry,category_B_classified_tube_03_yellow100,no,,129.142500,5.0,ok,
x_axis_module_on_gantry,category_C_classified_tube_01_blue75,no,,94.820176,5.0,ok,
x_axis_module_on_gantry,category_C_classified_tube_02_blue75,no,,94.820176,5.0,ok,
x_axis_module_on_gantry,category_C_classified_tube_03_blue75,no,,95.812374,5.0,ok,
x_axis_module_on_gantry,category_D_classified_tube_01_red75,no,,94.820176,5.0,ok,
x_axis_module_on_gantry,category_D_classified_tube_02_red75,no,,94.820176,5.0,ok,
x_axis_module_on_gantry,category_D_classified_tube_03_red75,no,,99.726471,5.0,ok,
x_axis_module_on_gantry,enclosure_bottom_rear_rail,no,,427.355748,5.0,ok,
x_axis_module_on_gantry,enclosure_bottom_left_rail,no,,273.255931,5.0,ok,
x_axis_module_on_gantry,enclosure_bottom_right_rail,no,,271.225939,5.0,ok,
x_axis_module_on_gantry,enclosure_bottom_front_left_stub,no,,447.602788,5.0,ok,
x_axis_module_on_gantry,enclosure_bottom_front_center_stub,no,,437.113079,5.0,ok,
x_axis_module_on_gantry,enclosure_bottom_front_right_stub,no,,447.035787,5.0,ok,
x_axis_module_on_gantry,enclosure_corner_post_front_left,no,,450.783648,5.0,ok,
x_axis_module_on_gantry,enclosure_corner_post_front_right,no,,449.556007,5.0,ok,
x_axis_module_on_gantry,enclosure_corner_post_rear_left,no,,441.328664,5.0,ok,
x_axis_module_on_gantry,enclosure_corner_post_rear_right,no,,440.074648,5.0,ok,
x_axis_module_on_gantry,enclosure_top_rear_crossbeam,no,,413.737196,5.0,ok,
x_axis_module_on_gantry,enclosure_top_left_crossbeam,no,,251.424613,5.0,ok,
x_axis_module_on_gantry,enclosure_top_right_crossbeam,no,,249.216857,5.0,ok,
x_axis_module_on_gantry,enclosure_front_upper_left_beam,no,,423.808183,5.0,ok,
x_axis_module_on_gantry,enclosure_front_upper_center_beam,no,,423.808183,5.0,ok,
x_axis_module_on_gantry,enclosure_front_upper_right_beam,no,,423.808183,5.0,ok,
x_axis_module_on_gantry,enclosure_rear_transparent_panel,no,,387.559842,5.0,ok,
x_axis_module_on_gantry,enclosure_left_transparent_panel,no,,206.834896,5.0,ok,
x_axis_module_on_gantry,enclosure_right_transparent_panel,no,,204.165104,5.0,ok,
x_axis_module_on_gantry,enclosure_front_left_low_panel,no,,446.830920,5.0,ok,
x_axis_module_on_gantry,enclosure_front_center_low_panel,no,,418.589621,5.0,ok,
x_axis_module_on_gantry,enclosure_front_right_low_panel,no,,445.903841,5.0,ok,
x_axis_module_on_gantry,enclosure_input_box_replace_opening_left_jamb,no,,427.430539,5.0,ok,
x_axis_module_on_gantry,enclosure_input_box_replace_opening_right_jamb,no,,406.753010,5.0,ok,
x_axis_module_on_gantry,enclosure_input_box_replace_opening_top_rail,no,,406.753010,5.0,ok,
x_axis_module_on_gantry,enclosure_input_box_replace_opening_bottom_sill,no,,442.336370,5.0,ok,
x_axis_module_on_gantry,enclosure_output_box_replace_opening_left_jamb,no,,406.753010,5.0,ok,
x_axis_module_on_gantry,enclosure_output_box_replace_opening_right_jamb,no,,421.017952,5.0,ok,
x_axis_module_on_gantry,enclosure_output_box_replace_opening_top_rail,no,,406.753010,5.0,ok,
x_axis_module_on_gantry,enclosure_output_box_replace_opening_bottom_sill,no,,442.336370,5.0,ok,
x_axis_module_on_gantry,enclosure_input_door_simple_pull_handle,no,,419.270274,5.0,ok,
x_axis_module_on_gantry,enclosure_output_door_simple_pull_handle,no,,433.123155,5.0,ok,
x_axis_module_on_gantry,enclosure_manual_review_access_opening_left_jamb,no,,411.404004,5.0,ok,
x_axis_module_on_gantry,enclosure_manual_review_access_opening_right_jamb,no,,411.404004,5.0,ok,
x_axis_module_on_gantry,enclosure_manual_review_access_opening_top_rail,no,,410.986682,5.0,ok,
x_axis_module_on_gantry,enclosure_manual_review_access_opening_bottom_sill,no,,448.281279,5.0,ok,
x_axis_module_on_gantry,enclosure_manual_review_access_simple_pull_handle,no,,430.596498,5.0,ok,
x_axis_module_on_gantry,enclosure_top_open_front_rectangular_rail,no,,423.808183,5.0,ok,
x_axis_module_on_gantry,enclosure_top_open_rear_rectangular_rail,no,,413.737196,5.0,ok,
x_axis_module_on_gantry,enclosure_top_open_left_rectangular_rail,no,,251.424613,5.0,ok,
x_axis_module_on_gantry,enclosure_top_open_right_rectangular_rail,no,,249.216857,5.0,ok,
x_axis_module_on_gantry,control_box_housing,no,,419.329904,5.0,ok,
x_axis_module_on_gantry,din_rail_and_mounting,no,,423.438891,5.0,ok,
x_axis_module_on_gantry,controller_board_placeholder,no,,413.556584,5.0,ok,
x_axis_module_on_gantry,motor_driver_placeholders,no,,405.134947,5.0,ok,
x_axis_module_on_gantry,power_supply_placeholder,no,,416.660092,5.0,ok,
x_axis_module_on_gantry,terminal_blocks,no,,430.817453,5.0,ok,
x_axis_module_on_gantry,cable_glands_and_connectors,no,,600.819895,5.0,ok,
x_axis_module_on_gantry,ventilation_slots,no,,509.462204,5.0,ok,
x_axis_module_on_gantry,mounting_brackets,no,,426.000769,5.0,ok,
z_axis_module,electric_parallel_gripper,yes,,,5.0,allowed_mount_contact,whitelisted expected mount/contact or internal electrical-box packaging
z_axis_module,input_box_1,no,,282.532936,5.0,ok,
z_axis_module,input_box_2,no,,238.631222,5.0,ok,
z_axis_module,input_box_3,no,,237.520231,5.0,ok,
z_axis_module,input_box_4,no,,246.253650,5.0,ok,
z_axis_module,barcode_scanner,no,,88.635827,5.0,ok,
z_axis_module,photoelectric_sensor,no,,82.500000,5.0,ok,
z_axis_module,category_A_output_box_4x6,no,,126.514268,5.0,ok,
z_axis_module,category_B_output_box_4x6,no,,275.876530,5.0,ok,
z_axis_module,category_C_output_box_4x6,no,,120.672532,5.0,ok,
z_axis_module,category_D_output_box_4x6,no,,273.246885,5.0,ok,
z_axis_module,manual_review_bin_2x3,no,,320.218847,5.0,ok,
z_axis_module,input_box_1_demo_tube_01_purple75,no,,439.696782,5.0,ok,
z_axis_module,input_box_1_demo_tube_02_yellow100,no,,371.406058,5.0,ok,
z_axis_module,input_box_1_demo_tube_03_blue75,no,,314.733633,5.0,ok,
z_axis_module,input_box_1_demo_tube_04_red75,no,,362.781008,5.0,ok,
z_axis_module,input_box_1_demo_tube_05_purple75,no,,301.288665,5.0,ok,
z_axis_module,input_box_2_demo_tube_01_purple75,no,,382.116815,5.0,ok,
z_axis_module,input_box_2_demo_tube_02_yellow100,no,,301.035646,5.0,ok,
z_axis_module,input_box_2_demo_tube_03_blue75,no,,242.934683,5.0,ok,
z_axis_module,input_box_2_demo_tube_04_red75,no,,314.404294,5.0,ok,
z_axis_module,input_box_2_demo_tube_05_purple75,no,,255.528589,5.0,ok,
z_axis_module,input_box_3_demo_tube_01_purple75,no,,363.764017,5.0,ok,
z_axis_module,input_box_3_demo_tube_02_yellow100,no,,277.368816,5.0,ok,
z_axis_module,input_box_3_demo_tube_03_blue75,no,,226.044819,5.0,ok,
z_axis_module,input_box_3_demo_tube_04_red75,no,,308.431613,5.0,ok,
z_axis_module,input_box_3_demo_tube_05_purple75,no,,255.042859,5.0,ok,
z_axis_module,input_box_4_demo_tube_01_purple75,no,,371.415212,5.0,ok,
z_axis_module,input_box_4_demo_tube_02_yellow100,no,,287.329880,5.0,ok,
z_axis_module,input_box_4_demo_tube_03_blue75,no,,248.405435,5.0,ok,
z_axis_module,input_box_4_demo_tube_04_red75,no,,335.097090,5.0,ok,
z_axis_module,input_box_4_demo_tube_05_purple75,no,,299.143544,5.0,ok,
z_axis_module,scan_station_demo_tube_yellow100,no,,103.808766,5.0,ok,
z_axis_module,category_A_classified_tube_01_purple75,no,,150.287258,5.0,ok,
z_axis_module,category_A_classified_tube_02_purple75,no,,157.243315,5.0,ok,
z_axis_module,category_A_classified_tube_03_purple75,no,,186.291868,5.0,ok,
z_axis_module,category_B_classified_tube_01_yellow100,no,,292.879258,5.0,ok,
z_axis_module,category_B_classified_tube_02_yellow100,no,,333.822498,5.0,ok,
z_axis_module,category_B_classified_tube_03_yellow100,no,,380.705477,5.0,ok,
z_axis_module,category_C_classified_tube_01_blue75,no,,72.541436,5.0,ok,
z_axis_module,category_C_classified_tube_02_blue75,no,,123.909079,5.0,ok,
z_axis_module,category_C_classified_tube_03_blue75,no,,182.440840,5.0,ok,
z_axis_module,category_D_classified_tube_01_red75,no,,265.338011,5.0,ok,
z_axis_module,category_D_classified_tube_02_red75,no,,322.514279,5.0,ok,
z_axis_module,category_D_classified_tube_03_red75,no,,381.400918,5.0,ok,
z_axis_module,enclosure_bottom_rear_rail,no,,383.956052,5.0,ok,
z_axis_module,enclosure_bottom_left_rail,no,,566.067363,5.0,ok,
z_axis_module,enclosure_bottom_right_rail,no,,566.067363,5.0,ok,
z_axis_module,enclosure_bottom_front_left_stub,no,,643.473278,5.0,ok,
z_axis_module,enclosure_bottom_front_center_stub,no,,471.302716,5.0,ok,
z_axis_module,enclosure_bottom_front_right_stub,no,,643.473278,5.0,ok,
z_axis_module,enclosure_corner_post_front_left,no,,711.978939,5.0,ok,
z_axis_module,enclosure_corner_post_front_right,no,,711.978939,5.0,ok,
z_axis_module,enclosure_corner_post_rear_left,no,,657.426810,5.0,ok,
z_axis_module,enclosure_corner_post_rear_right,no,,657.426810,5.0,ok,
z_axis_module,enclosure_top_rear_crossbeam,no,,360.000000,5.0,ok,
z_axis_module,enclosure_top_left_crossbeam,no,,550.100000,5.0,ok,
z_axis_module,enclosure_top_right_crossbeam,no,,550.100000,5.0,ok,
z_axis_module,enclosure_front_upper_left_beam,no,,558.528074,5.0,ok,
z_axis_module,enclosure_front_upper_center_beam,no,,452.000000,5.0,ok,
z_axis_module,enclosure_front_upper_right_beam,no,,558.528074,5.0,ok,
z_axis_module,enclosure_rear_transparent_panel,no,,358.500000,5.0,ok,
z_axis_module,enclosure_left_transparent_panel,no,,548.600000,5.0,ok,
z_axis_module,enclosure_right_transparent_panel,no,,548.600000,5.0,ok,
z_axis_module,enclosure_front_left_low_panel,no,,679.111265,5.0,ok,
z_axis_module,enclosure_front_center_low_panel,no,,461.615099,5.0,ok,
z_axis_module,enclosure_front_right_low_panel,no,,679.111265,5.0,ok,
z_axis_module,enclosure_input_box_replace_opening_left_jamb,no,,659.169637,5.0,ok,
z_axis_module,enclosure_input_box_replace_opening_right_jamb,no,,472.728897,5.0,ok,
z_axis_module,enclosure_input_box_replace_opening_top_rail,no,,472.728897,5.0,ok,
z_axis_module,enclosure_input_box_replace_opening_bottom_sill,no,,490.410909,5.0,ok,
z_axis_module,enclosure_output_box_replace_opening_left_jamb,no,,460.191927,5.0,ok,
z_axis_module,enclosure_output_box_replace_opening_right_jamb,no,,644.965588,5.0,ok,
z_axis_module,enclosure_output_box_replace_opening_top_rail,no,,460.191927,5.0,ok,
z_axis_module,enclosure_output_box_replace_opening_bottom_sill,no,,478.337600,5.0,ok,
z_axis_module,enclosure_input_door_simple_pull_handle,no,,484.388904,5.0,ok,
z_axis_module,enclosure_output_door_simple_pull_handle,no,,653.559951,5.0,ok,
z_axis_module,enclosure_manual_review_access_opening_left_jamb,no,,517.474260,5.0,ok,
z_axis_module,enclosure_manual_review_access_opening_right_jamb,no,,465.041514,5.0,ok,
z_axis_module,enclosure_manual_review_access_opening_top_rail,no,,465.041514,5.0,ok,
z_axis_module,enclosure_manual_review_access_opening_bottom_sill,no,,485.227637,5.0,ok,
z_axis_module,enclosure_manual_review_access_simple_pull_handle,no,,478.944527,5.0,ok,
z_axis_module,enclosure_top_open_front_rectangular_rail,no,,452.000000,5.0,ok,
z_axis_module,enclosure_top_open_rear_rectangular_rail,no,,360.000000,5.0,ok,
z_axis_module,enclosure_top_open_left_rectangular_rail,no,,550.100000,5.0,ok,
z_axis_module,enclosure_top_open_right_rectangular_rail,no,,550.100000,5.0,ok,
z_axis_module,control_box_housing,no,,482.747501,5.0,ok,
z_axis_module,din_rail_and_mounting,no,,495.541986,5.0,ok,
z_axis_module,controller_board_placeholder,no,,480.833713,5.0,ok,
z_axis_module,motor_driver_placeholders,no,,509.151117,5.0,ok,
z_axis_module,power_supply_placeholder,no,,480.028603,5.0,ok,
z_axis_module,terminal_blocks,no,,551.749635,5.0,ok,
z_axis_module,cable_glands_and_connectors,no,,652.173604,5.0,ok,
z_axis_module,ventilation_slots,no,,588.699932,5.0,ok,
z_axis_module,mounting_brackets,no,,484.626310,5.0,ok,
electric_parallel_gripper,input_box_1,no,,264.595238,5.0,ok,
electric_parallel_gripper,input_box_2,no,,183.332048,5.0,ok,
electric_parallel_gripper,input_box_3,no,,167.289091,5.0,ok,
electric_parallel_gripper,input_box_4,no,,169.957759,5.0,ok,
electric_parallel_gripper,barcode_scanner,no,,80.933367,5.0,ok,
electric_parallel_gripper,photoelectric_sensor,no,,29.000000,5.0,ok,
electric_parallel_gripper,category_A_output_box_4x6,no,,98.088174,5.0,ok,
electric_parallel_gripper,category_B_output_box_4x6,no,,251.171834,5.0,ok,
electric_parallel_gripper,category_C_output_box_4x6,no,,39.003718,5.0,ok,
electric_parallel_gripper,category_D_output_box_4x6,no,,234.493689,5.0,ok,
electric_parallel_gripper,manual_review_bin_2x3,no,,255.377935,5.0,ok,
electric_parallel_gripper,input_box_1_demo_tube_01_purple75,no,,435.182077,5.0,ok,
electric_parallel_gripper,input_box_1_demo_tube_02_yellow100,no,,378.573427,5.0,ok,
electric_parallel_gripper,input_box_1_demo_tube_03_blue75,no,,323.245170,5.0,ok,
electric_parallel_gripper,input_box_1_demo_tube_04_red75,no,,356.023932,5.0,ok,
electric_parallel_gripper,input_box_1_demo_tube_05_purple75,no,,296.517520,5.0,ok,
electric_parallel_gripper,input_box_2_demo_tube_01_purple75,no,,358.529552,5.0,ok,
electric_parallel_gripper,input_box_2_demo_tube_02_yellow100,no,,287.189554,5.0,ok,
electric_parallel_gripper,input_box_2_demo_tube_03_blue75,no,,225.671088,5.0,ok,
electric_parallel_gripper,input_box_2_demo_tube_04_red75,no,,283.677704,5.0,ok,
electric_parallel_gripper,input_box_2_demo_tube_05_purple75,no,,221.184629,5.0,ok,
electric_parallel_gripper,input_box_3_demo_tube_01_purple75,no,,318.596045,5.0,ok,
electric_parallel_gripper,input_box_3_demo_tube_02_yellow100,no,,235.452415,5.0,ok,
electric_parallel_gripper,input_box_3_demo_tube_03_blue75,no,,176.543026,5.0,ok,
electric_parallel_gripper,input_box_3_demo_tube_04_red75,no,,260.200000,5.0,ok,
electric_parallel_gripper,input_box_3_demo_tube_05_purple75,no,,204.200000,5.0,ok,
electric_parallel_gripper,input_box_4_demo_tube_01_purple75,no,,318.720002,5.0,ok,
electric_parallel_gripper,input_box_4_demo_tube_02_yellow100,no,,235.620118,5.0,ok,
electric_parallel_gripper,input_box_4_demo_tube_03_blue75,no,,188.866196,5.0,ok,
electric_parallel_gripper,input_box_4_demo_tube_04_red75,no,,277.344623,5.0,ok,
electric_parallel_gripper,input_box_4_demo_tube_05_purple75,no,,238.900900,5.0,ok,
electric_parallel_gripper,scan_station_demo_tube_yellow100,no,,64.671787,5.0,ok,
electric_parallel_gripper,category_A_classified_tube_01_purple75,no,,187.169682,5.0,ok,
electric_parallel_gripper,category_A_classified_tube_02_purple75,no,,180.250076,5.0,ok,
electric_parallel_gripper,category_A_classified_tube_03_purple75,no,,194.390560,5.0,ok,
electric_parallel_gripper,category_B_classified_tube_01_yellow100,no,,305.840628,5.0,ok,
electric_parallel_gripper,category_B_classified_tube_02_yellow100,no,,338.402261,5.0,ok,
electric_parallel_gripper,category_B_classified_tube_03_yellow100,no,,378.594361,5.0,ok,
electric_parallel_gripper,category_C_classified_tube_01_blue75,no,,34.300000,5.0,ok,
electric_parallel_gripper,category_C_classified_tube_02_blue75,no,,90.349820,5.0,ok,
electric_parallel_gripper,category_C_classified_tube_03_blue75,no,,149.548286,5.0,ok,
electric_parallel_gripper,category_D_classified_tube_01_red75,no,,244.300000,5.0,ok,
electric_parallel_gripper,category_D_classified_tube_02_red75,no,,300.314985,5.0,ok,
electric_parallel_gripper,category_D_classified_tube_03_red75,no,,357.646040,5.0,ok,
electric_parallel_gripper,enclosure_bottom_rear_rail,no,,415.144553,5.0,ok,
electric_parallel_gripper,enclosure_bottom_left_rail,no,,508.762656,5.0,ok,
electric_parallel_gripper,enclosure_bottom_right_rail,no,,536.728507,5.0,ok,
electric_parallel_gripper,enclosure_bottom_front_left_stub,no,,576.093430,5.0,ok,
electric_parallel_gripper,enclosure_bottom_front_center_stub,no,,420.107129,5.0,ok,
electric_parallel_gripper,enclosure_bottom_front_right_stub,no,,595.673812,5.0,ok,
electric_parallel_gripper,enclosure_corner_post_front_left,no,,655.841017,5.0,ok,
electric_parallel_gripper,enclosure_corner_post_front_right,no,,677.765070,5.0,ok,
electric_parallel_gripper,enclosure_corner_post_rear_left,no,,652.673303,5.0,ok,
electric_parallel_gripper,enclosure_corner_post_rear_right,no,,674.700296,5.0,ok,
electric_parallel_gripper,enclosure_top_rear_crossbeam,no,,487.179638,5.0,ok,
electric_parallel_gripper,enclosure_top_left_crossbeam,no,,569.068045,5.0,ok,
electric_parallel_gripper,enclosure_top_right_crossbeam,no,,594.202398,5.0,ok,
electric_parallel_gripper,enclosure_front_upper_left_beam,no,,567.678289,5.0,ok,
electric_parallel_gripper,enclosure_front_upper_center_beam,no,,491.415303,5.0,ok,
electric_parallel_gripper,enclosure_front_upper_right_beam,no,,582.254489,5.0,ok,
electric_parallel_gripper,enclosure_rear_transparent_panel,no,,410.500000,5.0,ok,
electric_parallel_gripper,enclosure_left_transparent_panel,no,,504.700000,5.0,ok,
electric_parallel_gripper,enclosure_right_transparent_panel,no,,532.800000,5.0,ok,
electric_parallel_gripper,enclosure_front_left_low_panel,no,,620.325632,5.0,ok,
electric_parallel_gripper,enclosure_front_center_low_panel,no,,422.500000,5.0,ok,
electric_parallel_gripper,enclosure_front_right_low_panel,no,,641.186042,5.0,ok,
electric_parallel_gripper,enclosure_input_box_replace_opening_left_jamb,no,,603.314710,5.0,ok,
electric_parallel_gripper,enclosure_input_box_replace_opening_right_jamb,no,,429.609869,5.0,ok,
electric_parallel_gripper,enclosure_input_box_replace_opening_top_rail,no,,445.786541,5.0,ok,
electric_parallel_gripper,enclosure_input_box_replace_opening_bottom_sill,no,,432.283055,5.0,ok,
electric_parallel_gripper,enclosure_output_box_replace_opening_left_jamb,no,,424.352789,5.0,ok,
electric_parallel_gripper,enclosure_output_box_replace_opening_right_jamb,no,,609.103677,5.0,ok,
electric_parallel_gripper,enclosure_output_box_replace_opening_top_rail,no,,440.722464,5.0,ok,
electric_parallel_gripper,enclosure_output_box_replace_opening_bottom_sill,no,,427.058883,5.0,ok,
electric_parallel_gripper,enclosure_input_door_simple_pull_handle,no,,441.457404,5.0,ok,
electric_parallel_gripper,enclosure_output_door_simple_pull_handle,no,,617.517036,5.0,ok,
electric_parallel_gripper,enclosure_manual_review_access_opening_left_jamb,no,,467.039227,5.0,ok,
electric_parallel_gripper,enclosure_manual_review_access_opening_right_jamb,no,,427.099098,5.0,ok,
electric_parallel_gripper,enclosure_manual_review_access_opening_top_rail,no,,427.100269,5.0,ok,
electric_parallel_gripper,enclosure_manual_review_access_opening_bottom_sill,no,,430.754733,5.0,ok,
electric_parallel_gripper,enclosure_manual_review_access_simple_pull_handle,no,,439.096390,5.0,ok,
electric_parallel_gripper,enclosure_top_open_front_rectangular_rail,no,,491.415303,5.0,ok,
electric_parallel_gripper,enclosure_top_open_rear_rectangular_rail,no,,487.179638,5.0,ok,
electric_parallel_gripper,enclosure_top_open_left_rectangular_rail,no,,569.068045,5.0,ok,
electric_parallel_gripper,enclosure_top_open_right_rectangular_rail,no,,594.202398,5.0,ok,
electric_parallel_gripper,control_box_housing,no,,516.847927,5.0,ok,
electric_parallel_gripper,din_rail_and_mounting,no,,526.576955,5.0,ok,
electric_parallel_gripper,controller_board_placeholder,no,,513.882175,5.0,ok,
electric_parallel_gripper,motor_driver_placeholders,no,,537.914761,5.0,ok,
electric_parallel_gripper,power_supply_placeholder,no,,506.608419,5.0,ok,
electric_parallel_gripper,terminal_blocks,no,,570.738723,5.0,ok,
electric_parallel_gripper,cable_glands_and_connectors,no,,681.186788,5.0,ok,
electric_parallel_gripper,ventilation_slots,no,,622.536778,5.0,ok,
electric_parallel_gripper,mounting_brackets,no,,516.917488,5.0,ok,
input_box_1,input_box_2,no,,10.000000,5.0,ok,
input_box_1,input_box_3,no,,140.000000,5.0,ok,
input_box_1,input_box_4,no,,270.000000,5.0,ok,
input_box_1,barcode_scanner,no,,143.524215,5.0,ok,
input_box_1,photoelectric_sensor,no,,223.408169,5.0,ok,
input_box_1,category_A_output_box_4x6,no,,310.000000,5.0,ok,
input_box_1,category_B_output_box_4x6,no,,520.000000,5.0,ok,
input_box_1,category_C_output_box_4x6,no,,371.651719,5.0,ok,
input_box_1,category_D_output_box_4x6,no,,558.949908,5.0,ok,
input_box_1,manual_review_bin_2x3,no,,487.602553,5.0,ok,
input_box_1,input_box_1_demo_tube_01_purple75,yes,,,5.0,allowed_mount_contact,whitelisted expected mount/contact or internal electrical-box packaging
input_box_1,input_box_1_demo_tube_02_yellow100,yes,,,5.0,allowed_mount_contact,whitelisted expected mount/contact or internal electrical-box packaging
input_box_1,input_box_1_demo_tube_03_blue75,yes,,,5.0,allowed_mount_contact,whitelisted expected mount/contact or internal electrical-box packaging
input_box_1,input_box_1_demo_tube_04_red75,yes,,,5.0,allowed_mount_contact,whitelisted expected mount/contact or internal electrical-box packaging
input_box_1,input_box_1_demo_tube_05_purple75,yes,,,5.0,allowed_mount_contact,whitelisted expected mount/contact or internal electrical-box packaging
input_box_1,input_box_2_demo_tube_01_purple75,no,,20.000000,5.0,ok,
input_box_1,input_box_2_demo_tube_02_yellow100,no,,20.000000,5.0,ok,
input_box_1,input_box_2_demo_tube_03_blue75,no,,48.000000,5.0,ok,
input_box_1,input_box_2_demo_tube_04_red75,no,,76.000000,5.0,ok,
input_box_1,input_box_2_demo_tube_05_purple75,no,,104.000000,5.0,ok,
input_box_1,input_box_3_demo_tube_01_purple75,no,,150.000000,5.0,ok,
input_box_1,input_box_3_demo_tube_02_yellow100,no,,150.000000,5.0,ok,
input_box_1,input_box_3_demo_tube_03_blue75,no,,178.000000,5.0,ok,
input_box_1,input_box_3_demo_tube_04_red75,no,,206.000000,5.0,ok,
input_box_1,input_box_3_demo_tube_05_purple75,no,,234.000000,5.0,ok,
input_box_1,input_box_4_demo_tube_01_purple75,no,,280.000000,5.0,ok,
input_box_1,input_box_4_demo_tube_02_yellow100,no,,280.000000,5.0,ok,
input_box_1,input_box_4_demo_tube_03_blue75,no,,308.000000,5.0,ok,
input_box_1,input_box_4_demo_tube_04_red75,no,,336.000000,5.0,ok,
input_box_1,input_box_4_demo_tube_05_purple75,no,,364.000000,5.0,ok,
input_box_1,scan_station_demo_tube_yellow100,no,,181.969778,5.0,ok,
input_box_1,category_A_classified_tube_01_purple75,no,,322.038818,5.0,ok,
input_box_1,category_A_classified_tube_02_purple75,no,,379.437742,5.0,ok,
input_box_1,category_A_classified_tube_03_purple75,no,,438.265901,5.0,ok,
input_box_1,category_B_classified_tube_01_yellow100,no,,532.023496,5.0,ok,
input_box_1,category_B_classified_tube_02_yellow100,no,,588.925292,5.0,ok,
input_box_1,category_B_classified_tube_03_yellow100,no,,646.882524,5.0,ok,
input_box_1,category_C_classified_tube_01_blue75,no,,387.180836,5.0,ok,
input_box_1,category_C_classified_tube_02_blue75,no,,449.369558,5.0,ok,
input_box_1,category_C_classified_tube_03_blue75,no,,511.661021,5.0,ok,
input_box_1,category_D_classified_tube_01_red75,no,,573.802231,5.0,ok,
input_box_1,category_D_classified_tube_02_red75,no,,636.233448,5.0,ok,
input_box_1,category_D_classified_tube_03_red75,no,,698.696644,5.0,ok,
input_box_1,enclosure_bottom_rear_rail,no,,87.000000,5.0,ok,
input_box_1,enclosure_bottom_left_rail,no,,162.000000,5.0,ok,
input_box_1,enclosure_bottom_right_rail,no,,822.000000,5.0,ok,
input_box_1,enclosure_bottom_front_left_stub,no,,658.899841,5.0,ok,
input_box_1,enclosure_bottom_front_center_stub,no,,680.555104,5.0,ok,
input_box_1,enclosure_bottom_front_right_stub,no,,967.341201,5.0,ok,
input_box_1,enclosure_corner_post_front_left,no,,676.677915,5.0,ok,
input_box_1,enclosure_corner_post_front_right,no,,1052.298912,5.0,ok,
input_box_1,enclosure_corner_post_rear_left,no,,183.883115,5.0,ok,
input_box_1,enclosure_corner_post_rear_right,no,,826.591193,5.0,ok,
input_box_1,enclosure_top_rear_crossbeam,no,,384.959738,5.0,ok,
input_box_1,enclosure_top_left_crossbeam,no,,408.496022,5.0,ok,
input_box_1,enclosure_top_right_crossbeam,no,,903.498201,5.0,ok,
input_box_1,enclosure_front_upper_left_beam,no,,756.487938,5.0,ok,
input_box_1,enclosure_front_upper_center_beam,no,,774.273208,5.0,ok,
input_box_1,enclosure_front_upper_right_beam,no,,965.543370,5.0,ok,
input_box_1,enclosure_rear_transparent_panel,no,,85.500000,5.0,ok,
input_box_1,enclosure_left_transparent_panel,no,,160.500000,5.0,ok,
input_box_1,enclosure_right_transparent_panel,no,,820.500000,5.0,ok,
input_box_1,enclosure_front_left_low_panel,no,,671.569989,5.0,ok,
input_box_1,enclosure_front_center_low_panel,no,,692.903493,5.0,ok,
input_box_1,enclosure_front_right_low_panel,no,,1015.778642,5.0,ok,
input_box_1,enclosure_input_box_replace_opening_left_jamb,no,,669.418404,5.0,ok,
input_box_1,enclosure_input_box_replace_opening_right_jamb,no,,669.418404,5.0,ok,
input_box_1,enclosure_input_box_replace_opening_top_rail,no,,704.025568,5.0,ok,
input_box_1,enclosure_input_box_replace_opening_bottom_sill,no,,664.000000,5.0,ok,
input_box_1,enclosure_output_box_replace_opening_left_jamb,no,,730.698980,5.0,ok,
input_box_1,enclosure_output_box_replace_opening_right_jamb,no,,983.117999,5.0,ok,
input_box_1,enclosure_output_box_replace_opening_top_rail,no,,767.252892,5.0,ok,
input_box_1,enclosure_output_box_replace_opening_bottom_sill,no,,730.698980,5.0,ok,
input_box_1,enclosure_input_door_simple_pull_handle,no,,687.111345,5.0,ok,
input_box_1,enclosure_output_door_simple_pull_handle,no,,995.249717,5.0,ok,
input_box_1,enclosure_manual_review_access_opening_left_jamb,no,,667.000000,5.0,ok,
input_box_1,enclosure_manual_review_access_opening_right_jamb,no,,682.578933,5.0,ok,
input_box_1,enclosure_manual_review_access_opening_top_rail,no,,677.011817,5.0,ok,
input_box_1,enclosure_manual_review_access_opening_bottom_sill,no,,667.000000,5.0,ok,
input_box_1,enclosure_manual_review_access_simple_pull_handle,no,,694.690579,5.0,ok,
input_box_1,enclosure_top_open_front_rectangular_rail,no,,756.487938,5.0,ok,
input_box_1,enclosure_top_open_rear_rectangular_rail,no,,384.959738,5.0,ok,
input_box_1,enclosure_top_open_left_rectangular_rail,no,,408.496022,5.0,ok,
input_box_1,enclosure_top_open_right_rectangular_rail,no,,903.498201,5.0,ok,
input_box_1,control_box_housing,no,,571.545702,5.0,ok,
input_box_1,din_rail_and_mounting,no,,591.121815,5.0,ok,
input_box_1,controller_board_placeholder,no,,577.939443,5.0,ok,
input_box_1,motor_driver_placeholders,no,,629.529983,5.0,ok,
input_box_1,power_supply_placeholder,no,,576.223047,5.0,ok,
input_box_1,terminal_blocks,no,,672.142842,5.0,ok,
input_box_1,cable_glands_and_connectors,no,,663.055993,5.0,ok,
input_box_1,ventilation_slots,no,,650.081149,5.0,ok,
input_box_1,mounting_brackets,no,,570.706580,5.0,ok,
input_box_2,input_box_3,no,,10.000000,5.0,ok,
input_box_2,input_box_4,no,,140.000000,5.0,ok,
input_box_2,barcode_scanner,no,,95.596025,5.0,ok,
input_box_2,photoelectric_sensor,no,,180.901105,5.0,ok,
input_box_2,category_A_output_box_4x6,no,,310.000000,5.0,ok,
input_box_2,category_B_output_box_4x6,no,,520.000000,5.0,ok,
input_box_2,category_C_output_box_4x6,no,,318.943569,5.0,ok,
input_box_2,category_D_output_box_4x6,no,,525.380814,5.0,ok,
input_box_2,manual_review_bin_2x3,no,,357.639833,5.0,ok,
input_box_2,input_box_1_demo_tube_01_purple75,no,,104.000000,5.0,ok,
input_box_2,input_box_1_demo_tube_02_yellow100,no,,104.000000,5.0,ok,
input_box_2,input_box_1_demo_tube_03_blue75,no,,76.000000,5.0,ok,
input_box_2,input_box_1_demo_tube_04_red75,no,,48.000000,5.0,ok,
input_box_2,input_box_1_demo_tube_05_purple75,no,,20.000000,5.0,ok,
input_box_2,input_box_2_demo_tube_01_purple75,yes,,,5.0,allowed_mount_contact,whitelisted expected mount/contact or internal electrical-box packaging
input_box_2,input_box_2_demo_tube_02_yellow100,yes,,,5.0,allowed_mount_contact,whitelisted expected mount/contact or internal electrical-box packaging
input_box_2,input_box_2_demo_tube_03_blue75,yes,,,5.0,allowed_mount_contact,whitelisted expected mount/contact or internal electrical-box packaging
input_box_2,input_box_2_demo_tube_04_red75,yes,,,5.0,allowed_mount_contact,whitelisted expected mount/contact or internal electrical-box packaging
input_box_2,input_box_2_demo_tube_05_purple75,yes,,,5.0,allowed_mount_contact,whitelisted expected mount/contact or internal electrical-box packaging
input_box_2,input_box_3_demo_tube_01_purple75,no,,20.000000,5.0,ok,
input_box_2,input_box_3_demo_tube_02_yellow100,no,,20.000000,5.0,ok,
input_box_2,input_box_3_demo_tube_03_blue75,no,,48.000000,5.0,ok,
input_box_2,input_box_3_demo_tube_04_red75,no,,76.000000,5.0,ok,
input_box_2,input_box_3_demo_tube_05_purple75,no,,104.000000,5.0,ok,
input_box_2,input_box_4_demo_tube_01_purple75,no,,150.000000,5.0,ok,
input_box_2,input_box_4_demo_tube_02_yellow100,no,,150.000000,5.0,ok,
input_box_2,input_box_4_demo_tube_03_blue75,no,,178.000000,5.0,ok,
input_box_2,input_box_4_demo_tube_04_red75,no,,206.000000,5.0,ok,
input_box_2,input_box_4_demo_tube_05_purple75,no,,234.000000,5.0,ok,
input_box_2,scan_station_demo_tube_yellow100,no,,95.880134,5.0,ok,
input_box_2,category_A_classified_tube_01_purple75,no,,322.000000,5.0,ok,
input_box_2,category_A_classified_tube_02_purple75,no,,378.000000,5.0,ok,
input_box_2,category_A_classified_tube_03_purple75,no,,434.000000,5.0,ok,
input_box_2,category_B_classified_tube_01_yellow100,no,,532.000000,5.0,ok,
input_box_2,category_B_classified_tube_02_yellow100,no,,588.000000,5.0,ok,
input_box_2,category_B_classified_tube_03_yellow100,no,,644.000000,5.0,ok,
input_box_2,category_C_classified_tube_01_blue75,no,,333.030029,5.0,ok,
input_box_2,category_C_classified_tube_02_blue75,no,,394.528833,5.0,ok,
input_box_2,category_C_classified_tube_03_blue75,no,,456.329925,5.0,ok,
input_box_2,category_D_classified_tube_01_red75,no,,538.747622,5.0,ok,
input_box_2,category_D_classified_tube_02_red75,no,,598.759551,5.0,ok,
input_box_2,category_D_classified_tube_03_red75,no,,659.254882,5.0,ok,
input_box_2,enclosure_bottom_rear_rail,no,,217.000000,5.0,ok,
input_box_2,enclosure_bottom_left_rail,no,,162.000000,5.0,ok,
input_box_2,enclosure_bottom_right_rail,no,,822.000000,5.0,ok,
input_box_2,enclosure_bottom_front_left_stub,no,,529.366603,5.0,ok,
input_box_2,enclosure_bottom_front_center_stub,no,,556.089246,5.0,ok,
input_box_2,enclosure_bottom_front_right_stub,no,,884.210948,5.0,ok,
input_box_2,enclosure_corner_post_front_left,no,,551.337465,5.0,ok,
input_box_2,enclosure_corner_post_front_right,no,,976.428697,5.0,ok,
input_box_2,enclosure_corner_post_rear_left,no,,270.800665,5.0,ok,
input_box_2,enclosure_corner_post_rear_right,no,,850.160573,5.0,ok,
input_box_2,enclosure_top_rear_crossbeam,no,,433.259737,5.0,ok,
input_box_2,enclosure_top_left_crossbeam,no,,408.496022,5.0,ok,
input_box_2,enclosure_top_right_crossbeam,no,,903.498201,5.0,ok,
input_box_2,enclosure_front_upper_left_beam,no,,646.802907,5.0,ok,
input_box_2,enclosure_front_upper_center_beam,no,,667.517041,5.0,ok,
input_box_2,enclosure_front_upper_right_beam,no,,882.243730,5.0,ok,
input_box_2,enclosure_rear_transparent_panel,no,,215.500000,5.0,ok,
input_box_2,enclosure_left_transparent_panel,no,,160.500000,5.0,ok,
input_box_2,enclosure_right_transparent_panel,no,,820.500000,5.0,ok,
input_box_2,enclosure_front_left_low_panel,no,,543.742816,5.0,ok,
input_box_2,enclosure_front_center_low_panel,no,,569.881786,5.0,ok,
input_box_2,enclosure_front_right_low_panel,no,,936.192421,5.0,ok,
input_box_2,enclosure_input_box_replace_opening_left_jamb,no,,540.722665,5.0,ok,
input_box_2,enclosure_input_box_replace_opening_right_jamb,no,,540.722665,5.0,ok,
input_box_2,enclosure_input_box_replace_opening_top_rail,no,,583.019725,5.0,ok,
input_box_2,enclosure_input_box_replace_opening_bottom_sill,no,,534.000000,5.0,ok,
input_box_2,enclosure_output_box_replace_opening_left_jamb,no,,614.964227,5.0,ok,
input_box_2,enclosure_output_box_replace_opening_right_jamb,no,,900.433784,5.0,ok,
input_box_2,enclosure_output_box_replace_opening_top_rail,no,,657.979483,5.0,ok,
input_box_2,enclosure_output_box_replace_opening_bottom_sill,no,,614.964227,5.0,ok,
input_box_2,enclosure_input_door_simple_pull_handle,no,,559.698133,5.0,ok,
input_box_2,enclosure_output_door_simple_pull_handle,no,,911.955043,5.0,ok,
input_box_2,enclosure_manual_review_access_opening_left_jamb,no,,537.000000,5.0,ok,
input_box_2,enclosure_manual_review_access_opening_right_jamb,no,,556.231966,5.0,ok,
input_box_2,enclosure_manual_review_access_opening_top_rail,no,,549.386021,5.0,ok,
input_box_2,enclosure_manual_review_access_opening_bottom_sill,no,,537.000000,5.0,ok,
input_box_2,enclosure_manual_review_access_simple_pull_handle,no,,568.291299,5.0,ok,
input_box_2,enclosure_top_open_front_rectangular_rail,no,,646.802907,5.0,ok,
input_box_2,enclosure_top_open_rear_rectangular_rail,no,,433.259737,5.0,ok,
input_box_2,enclosure_top_open_left_rectangular_rail,no,,408.496022,5.0,ok,
input_box_2,enclosure_top_open_right_rectangular_rail,no,,903.498201,5.0,ok,
input_box_2,control_box_housing,no,,610.968485,5.0,ok,
input_box_2,din_rail_and_mounting,no,,629.050872,5.0,ok,
input_box_2,controller_board_placeholder,no,,615.413682,5.0,ok,
input_box_2,motor_driver_placeholders,no,,662.335263,5.0,ok,
input_box_2,power_supply_placeholder,no,,611.680472,5.0,ok,
input_box_2,terminal_blocks,no,,704.071019,5.0,ok,
input_box_2,cable_glands_and_connectors,no,,727.381090,5.0,ok,
input_box_2,ventilation_slots,no,,701.630601,5.0,ok,
input_box_2,mounting_brackets,no,,610.332696,5.0,ok,
input_box_3,input_box_4,no,,10.000000,5.0,ok,
input_box_3,barcode_scanner,no,,96.009426,5.0,ok,
input_box_3,photoelectric_sensor,no,,180.897761,5.0,ok,
input_box_3,category_A_output_box_4x6,no,,311.006431,5.0,ok,
input_box_3,category_B_output_box_4x6,no,,520.600615,5.0,ok,
input_box_3,category_C_output_box_4x6,no,,310.000000,5.0,ok,
input_box_3,category_D_output_box_4x6,no,,520.000000,5.0,ok,
input_box_3,manual_review_bin_2x3,no,,227.719674,5.0,ok,
input_box_3,input_box_1_demo_tube_01_purple75,no,,234.000000,5.0,ok,
input_box_3,input_box_1_demo_tube_02_yellow100,no,,234.000000,5.0,ok,
input_box_3,input_box_1_demo_tube_03_blue75,no,,206.000000,5.0,ok,
input_box_3,input_box_1_demo_tube_04_red75,no,,178.000000,5.0,ok,
input_box_3,input_box_1_demo_tube_05_purple75,no,,150.000000,5.0,ok,
input_box_3,input_box_2_demo_tube_01_purple75,no,,104.000000,5.0,ok,
input_box_3,input_box_2_demo_tube_02_yellow100,no,,104.000000,5.0,ok,
input_box_3,input_box_2_demo_tube_03_blue75,no,,76.000000,5.0,ok,
input_box_3,input_box_2_demo_tube_04_red75,no,,48.000000,5.0,ok,
input_box_3,input_box_2_demo_tube_05_purple75,no,,20.000000,5.0,ok,
input_box_3,input_box_3_demo_tube_01_purple75,yes,,,5.0,allowed_mount_contact,whitelisted expected mount/contact or internal electrical-box packaging
input_box_3,input_box_3_demo_tube_02_yellow100,yes,,,5.0,allowed_mount_contact,whitelisted expected mount/contact or internal electrical-box packaging
input_box_3,input_box_3_demo_tube_03_blue75,yes,,,5.0,allowed_mount_contact,whitelisted expected mount/contact or internal electrical-box packaging
input_box_3,input_box_3_demo_tube_04_red75,yes,,,5.0,allowed_mount_contact,whitelisted expected mount/contact or internal electrical-box packaging
input_box_3,input_box_3_demo_tube_05_purple75,yes,,,5.0,allowed_mount_contact,whitelisted expected mount/contact or internal electrical-box packaging
input_box_3,input_box_4_demo_tube_01_purple75,no,,20.000000,5.0,ok,
input_box_3,input_box_4_demo_tube_02_yellow100,no,,20.000000,5.0,ok,
input_box_3,input_box_4_demo_tube_03_blue75,no,,48.000000,5.0,ok,
input_box_3,input_box_4_demo_tube_04_red75,no,,76.000000,5.0,ok,
input_box_3,input_box_4_demo_tube_05_purple75,no,,104.000000,5.0,ok,
input_box_3,scan_station_demo_tube_yellow100,no,,92.000000,5.0,ok,
input_box_3,category_A_classified_tube_01_purple75,no,,343.285595,5.0,ok,
input_box_3,category_A_classified_tube_02_purple75,no,,388.799434,5.0,ok,
input_box_3,category_A_classified_tube_03_purple75,no,,438.548743,5.0,ok,
input_box_3,category_B_classified_tube_01_yellow100,no,,545.146769,5.0,ok,
input_box_3,category_B_classified_tube_02_yellow100,no,,595.000000,5.0,ok,
input_box_3,category_B_classified_tube_03_yellow100,no,,647.074184,5.0,ok,
input_box_3,category_C_classified_tube_01_blue75,no,,322.000000,5.0,ok,
input_box_3,category_C_classified_tube_02_blue75,no,,378.000000,5.0,ok,
input_box_3,category_C_classified_tube_03_blue75,no,,434.139379,5.0,ok,
input_box_3,category_D_classified_tube_01_red75,no,,532.000000,5.0,ok,
input_box_3,category_D_classified_tube_02_red75,no,,588.000000,5.0,ok,
input_box_3,category_D_classified_tube_03_red75,no,,644.093937,5.0,ok,
input_box_3,enclosure_bottom_rear_rail,no,,347.000000,5.0,ok,
input_box_3,enclosure_bottom_left_rail,no,,162.000000,5.0,ok,
input_box_3,enclosure_bottom_right_rail,no,,822.000000,5.0,ok,
input_box_3,enclosure_bottom_front_left_stub,no,,400.136227,5.0,ok,
input_box_3,enclosure_bottom_front_center_stub,no,,434.873832,5.0,ok,
input_box_3,enclosure_bottom_front_right_stub,no,,813.454977,5.0,ok,
input_box_3,enclosure_corner_post_front_left,no,,428.780830,5.0,ok,
input_box_3,enclosure_corner_post_front_right,no,,912.848837,5.0,ok,
input_box_3,enclosure_corner_post_rear_left,no,,382.953000,5.0,ok,
input_box_3,enclosure_corner_post_rear_right,no,,892.240438,5.0,ok,
input_box_3,enclosure_top_rear_crossbeam,no,,510.914866,5.0,ok,
input_box_3,enclosure_top_left_crossbeam,no,,408.496022,5.0,ok,
input_box_3,enclosure_top_right_crossbeam,no,,903.498201,5.0,ok,
input_box_3,enclosure_front_upper_left_beam,no,,546.108048,5.0,ok,
input_box_3,enclosure_front_upper_center_beam,no,,570.490140,5.0,ok,
input_box_3,enclosure_front_upper_right_beam,no,,811.316215,5.0,ok,
input_box_3,enclosure_rear_transparent_panel,no,,345.500000,5.0,ok,
input_box_3,enclosure_left_transparent_panel,no,,160.500000,5.0,ok,
input_box_3,enclosure_right_transparent_panel,no,,820.500000,5.0,ok,
input_box_3,enclosure_front_left_low_panel,no,,417.260410,5.0,ok,
input_box_3,enclosure_front_center_low_panel,no,,450.794022,5.0,ok,
input_box_3,enclosure_front_right_low_panel,no,,868.853411,5.0,ok,
input_box_3,enclosure_input_box_replace_opening_left_jamb,no,,412.845007,5.0,ok,
input_box_3,enclosure_input_box_replace_opening_right_jamb,no,,412.845007,5.0,ok,
input_box_3,enclosure_input_box_replace_opening_top_rail,no,,466.874716,5.0,ok,
input_box_3,enclosure_input_box_replace_opening_bottom_sill,no,,404.000000,5.0,ok,
input_box_3,enclosure_output_box_replace_opening_left_jamb,no,,506.202529,5.0,ok,
input_box_3,enclosure_output_box_replace_opening_right_jamb,no,,829.964457,5.0,ok,
input_box_3,enclosure_output_box_replace_opening_top_rail,no,,557.671050,5.0,ok,
input_box_3,enclosure_output_box_replace_opening_bottom_sill,no,,506.202529,5.0,ok,
input_box_3,enclosure_input_door_simple_pull_handle,no,,433.822544,5.0,ok,
input_box_3,enclosure_output_door_simple_pull_handle,no,,840.596217,5.0,ok,
input_box_3,enclosure_manual_review_access_opening_left_jamb,no,,407.000000,5.0,ok,
input_box_3,enclosure_manual_review_access_opening_right_jamb,no,,432.057866,5.0,ok,
input_box_3,enclosure_manual_review_access_opening_top_rail,no,,423.207987,5.0,ok,
input_box_3,enclosure_manual_review_access_opening_bottom_sill,no,,407.000000,5.0,ok,
input_box_3,enclosure_manual_review_access_simple_pull_handle,no,,443.976351,5.0,ok,
input_box_3,enclosure_top_open_front_rectangular_rail,no,,546.108048,5.0,ok,
input_box_3,enclosure_top_open_rear_rectangular_rail,no,,510.914866,5.0,ok,
input_box_3,enclosure_top_open_left_rectangular_rail,no,,408.496022,5.0,ok,
input_box_3,enclosure_top_open_right_rectangular_rail,no,,903.498201,5.0,ok,
input_box_3,control_box_housing,no,,673.572928,5.0,ok,
input_box_3,din_rail_and_mounting,no,,689.771701,5.0,ok,
input_box_3,controller_board_placeholder,no,,676.205590,5.0,ok,
input_box_3,motor_driver_placeholders,no,,717.543030,5.0,ok,
input_box_3,power_supply_placeholder,no,,670.874802,5.0,ok,
input_box_3,terminal_blocks,no,,757.268777,5.0,ok,
input_box_3,cable_glands_and_connectors,no,,807.665308,5.0,ok,
input_box_3,ventilation_slots,no,,771.858471,5.0,ok,
input_box_3,mounting_brackets,no,,673.131488,5.0,ok,
input_box_4,barcode_scanner,no,,168.617348,5.0,ok,
input_box_4,photoelectric_sensor,no,,203.862699,5.0,ok,
input_box_4,category_A_output_box_4x6,no,,346.590537,5.0,ok,
input_box_4,category_B_output_box_4x6,no,,542.609436,5.0,ok,
input_box_4,category_C_output_box_4x6,no,,310.000000,5.0,ok,
input_box_4,category_D_output_box_4x6,no,,520.000000,5.0,ok,
input_box_4,manual_review_bin_2x3,no,,98.011479,5.0,ok,
input_box_4,input_box_1_demo_tube_01_purple75,no,,364.000000,5.0,ok,
input_box_4,input_box_1_demo_tube_02_yellow100,no,,364.000000,5.0,ok,
input_box_4,input_box_1_demo_tube_03_blue75,no,,336.000000,5.0,ok,
input_box_4,input_box_1_demo_tube_04_red75,no,,308.000000,5.0,ok,
input_box_4,input_box_1_demo_tube_05_purple75,no,,280.000000,5.0,ok,
input_box_4,input_box_2_demo_tube_01_purple75,no,,234.000000,5.0,ok,
input_box_4,input_box_2_demo_tube_02_yellow100,no,,234.000000,5.0,ok,
input_box_4,input_box_2_demo_tube_03_blue75,no,,206.000000,5.0,ok,
input_box_4,input_box_2_demo_tube_04_red75,no,,178.000000,5.0,ok,
input_box_4,input_box_2_demo_tube_05_purple75,no,,150.000000,5.0,ok,
input_box_4,input_box_3_demo_tube_01_purple75,no,,104.000000,5.0,ok,
input_box_4,input_box_3_demo_tube_02_yellow100,no,,104.000000,5.0,ok,
input_box_4,input_box_3_demo_tube_03_blue75,no,,76.000000,5.0,ok,
input_box_4,input_box_3_demo_tube_04_red75,no,,48.000000,5.0,ok,
input_box_4,input_box_3_demo_tube_05_purple75,no,,20.000000,5.0,ok,
input_box_4,input_box_4_demo_tube_01_purple75,yes,,,5.0,allowed_mount_contact,whitelisted expected mount/contact or internal electrical-box packaging
input_box_4,input_box_4_demo_tube_02_yellow100,yes,,,5.0,allowed_mount_contact,whitelisted expected mount/contact or internal electrical-box packaging
input_box_4,input_box_4_demo_tube_03_blue75,yes,,,5.0,allowed_mount_contact,whitelisted expected mount/contact or internal electrical-box packaging
input_box_4,input_box_4_demo_tube_04_red75,yes,,,5.0,allowed_mount_contact,whitelisted expected mount/contact or internal electrical-box packaging
input_box_4,input_box_4_demo_tube_05_purple75,yes,,,5.0,allowed_mount_contact,whitelisted expected mount/contact or internal electrical-box packaging
input_box_4,scan_station_demo_tube_yellow100,no,,133.689940,5.0,ok,
input_box_4,category_A_classified_tube_01_purple75,no,,407.044224,5.0,ok,
input_box_4,category_A_classified_tube_02_purple75,no,,437.864134,5.0,ok,
input_box_4,category_A_classified_tube_03_purple75,no,,474.978947,5.0,ok,
input_box_4,category_B_classified_tube_01_yellow100,no,,587.388287,5.0,ok,
input_box_4,category_B_classified_tube_02_yellow100,no,,628.160011,5.0,ok,
input_box_4,category_B_classified_tube_03_yellow100,no,,672.298297,5.0,ok,
input_box_4,category_C_classified_tube_01_blue75,no,,324.353203,5.0,ok,
input_box_4,category_C_classified_tube_02_blue75,no,,378.160019,5.0,ok,
input_box_4,category_C_classified_tube_03_blue75,no,,434.000000,5.0,ok,
input_box_4,category_D_classified_tube_01_red75,no,,533.427596,5.0,ok,
input_box_4,category_D_classified_tube_02_red75,no,,588.102882,5.0,ok,
input_box_4,category_D_classified_tube_03_red75,no,,644.000000,5.0,ok,
input_box_4,enclosure_bottom_rear_rail,no,,477.000000,5.0,ok,
input_box_4,enclosure_bottom_left_rail,no,,162.000000,5.0,ok,
input_box_4,enclosure_bottom_right_rail,no,,822.000000,5.0,ok,
input_box_4,enclosure_bottom_front_left_stub,no,,271.641308,5.0,ok,
input_box_4,enclosure_bottom_front_center_stub,no,,320.616983,5.0,ok,
input_box_4,enclosure_bottom_front_right_stub,no,,758.544000,5.0,ok,
input_box_4,enclosure_corner_post_front_left,no,,312.302738,5.0,ok,
input_box_4,enclosure_corner_post_front_right,no,,864.275998,5.0,ok,
input_box_4,enclosure_corner_post_rear_left,no,,503.758871,5.0,ok,
input_box_4,enclosure_corner_post_rear_right,no,,950.375189,5.0,ok,
input_box_4,enclosure_top_rear_crossbeam,no,,606.756953,5.0,ok,
input_box_4,enclosure_top_left_crossbeam,no,,408.496022,5.0,ok,
input_box_4,enclosure_top_right_crossbeam,no,,903.498201,5.0,ok,
input_box_4,enclosure_front_upper_left_beam,no,,460.341178,5.0,ok,
input_box_4,enclosure_front_upper_center_beam,no,,489.018405,5.0,ok,
input_box_4,enclosure_front_upper_right_beam,no,,756.249959,5.0,ok,
input_box_4,enclosure_rear_transparent_panel,no,,475.500000,5.0,ok,
input_box_4,enclosure_left_transparent_panel,no,,160.500000,5.0,ok,
input_box_4,enclosure_right_transparent_panel,no,,820.500000,5.0,ok,
input_box_4,enclosure_front_left_low_panel,no,,293.864339,5.0,ok,
input_box_4,enclosure_front_center_low_panel,no,,339.801780,5.0,ok,
input_box_4,enclosure_front_right_low_panel,no,,816.796333,5.0,ok,
input_box_4,enclosure_input_box_replace_opening_left_jamb,no,,286.881509,5.0,ok,
input_box_4,enclosure_input_box_replace_opening_right_jamb,no,,286.881509,5.0,ok,
input_box_4,enclosure_input_box_replace_opening_top_rail,no,,360.322078,5.0,ok,
input_box_4,enclosure_input_box_replace_opening_bottom_sill,no,,274.000000,5.0,ok,
input_box_4,enclosure_output_box_replace_opening_left_jamb,no,,410.001220,5.0,ok,
input_box_4,enclosure_output_box_replace_opening_right_jamb,no,,775.049031,5.0,ok,
input_box_4,enclosure_output_box_replace_opening_top_rail,no,,472.077324,5.0,ok,
input_box_4,enclosure_output_box_replace_opening_bottom_sill,no,,410.001220,5.0,ok,
input_box_4,enclosure_input_door_simple_pull_handle,no,,311.355103,5.0,ok,
input_box_4,enclosure_output_door_simple_pull_handle,no,,784.437378,5.0,ok,
input_box_4,enclosure_manual_review_access_opening_left_jamb,no,,277.000000,5.0,ok,
input_box_4,enclosure_manual_review_access_opening_right_jamb,no,,312.656361,5.0,ok,
input_box_4,enclosure_manual_review_access_opening_top_rail,no,,300.308175,5.0,ok,
input_box_4,enclosure_manual_review_access_opening_bottom_sill,no,,277.000000,5.0,ok,
input_box_4,enclosure_manual_review_access_simple_pull_handle,no,,324.152742,5.0,ok,
input_box_4,enclosure_top_open_front_rectangular_rail,no,,460.341178,5.0,ok,
input_box_4,enclosure_top_open_rear_rectangular_rail,no,,606.756953,5.0,ok,
input_box_4,enclosure_top_open_left_rectangular_rail,no,,408.496022,5.0,ok,
input_box_4,enclosure_top_open_right_rectangular_rail,no,,903.498201,5.0,ok,
input_box_4,control_box_housing,no,,753.603669,5.0,ok,
input_box_4,din_rail_and_mounting,no,,767.896477,5.0,ok,
input_box_4,controller_board_placeholder,no,,754.701265,5.0,ok,
input_box_4,motor_driver_placeholders,no,,790.473276,5.0,ok,
input_box_4,power_supply_placeholder,no,,748.193157,5.0,ok,
input_box_4,terminal_blocks,no,,827.644851,5.0,ok,
input_box_4,cable_glands_and_connectors,no,,899.646180,5.0,ok,
input_box_4,ventilation_slots,no,,856.180764,5.0,ok,
input_box_4,mounting_brackets,no,,753.329941,5.0,ok,
barcode_scanner,photoelectric_sensor,no,,48.918299,5.0,ok,
barcode_scanner,category_A_output_box_4x6,no,,182.270678,5.0,ok,
barcode_scanner,category_B_output_box_4x6,no,,390.408248,5.0,ok,
barcode_scanner,category_C_output_box_4x6,no,,196.682002,5.0,ok,
barcode_scanner,category_D_output_box_4x6,no,,397.340924,5.0,ok,
barcode_scanner,manual_review_bin_2x3,no,,358.153766,5.0,ok,
barcode_scanner,input_box_1_demo_tube_01_purple75,no,,313.699584,5.0,ok,
barcode_scanner,input_box_1_demo_tube_02_yellow100,no,,254.968682,5.0,ok,
barcode_scanner,input_box_1_demo_tube_03_blue75,no,,200.270801,5.0,ok,
barcode_scanner,input_box_1_demo_tube_04_red75,no,,234.929264,5.0,ok,
barcode_scanner,input_box_1_demo_tube_05_purple75,no,,174.043455,5.0,ok,
barcode_scanner,input_box_2_demo_tube_01_purple75,no,,251.064411,5.0,ok,
barcode_scanner,input_box_2_demo_tube_02_yellow100,no,,172.148013,5.0,ok,
barcode_scanner,input_box_2_demo_tube_03_blue75,no,,109.609779,5.0,ok,
barcode_scanner,input_box_2_demo_tube_04_red75,no,,185.412159,5.0,ok,
barcode_scanner,input_box_2_demo_tube_05_purple75,no,,128.800000,5.0,ok,
barcode_scanner,input_box_3_demo_tube_01_purple75,no,,241.540576,5.0,ok,
barcode_scanner,input_box_3_demo_tube_02_yellow100,no,,157.934955,5.0,ok,
barcode_scanner,input_box_3_demo_tube_03_blue75,no,,111.176661,5.0,ok,
barcode_scanner,input_box_3_demo_tube_04_red75,no,,199.401730,5.0,ok,
barcode_scanner,input_box_3_demo_tube_05_purple75,no,,164.857059,5.0,ok,
barcode_scanner,input_box_4_demo_tube_01_purple75,no,,283.118085,5.0,ok,
barcode_scanner,input_box_4_demo_tube_02_yellow100,no,,216.234710,5.0,ok,
barcode_scanner,input_box_4_demo_tube_03_blue75,no,,203.603168,5.0,ok,
barcode_scanner,input_box_4_demo_tube_04_red75,no,,275.925805,5.0,ok,
barcode_scanner,input_box_4_demo_tube_05_purple75,no,,266.142537,5.0,ok,
barcode_scanner,scan_station_demo_tube_yellow100,no,,25.900000,5.0,ok,
barcode_scanner,category_A_classified_tube_01_purple75,no,,209.308299,5.0,ok,
barcode_scanner,category_A_classified_tube_02_purple75,no,,253.536051,5.0,ok,
barcode_scanner,category_A_classified_tube_03_purple75,no,,304.287848,5.0,ok,
barcode_scanner,category_B_classified_tube_01_yellow100,no,,409.934097,5.0,ok,
barcode_scanner,category_B_classified_tube_02_yellow100,no,,460.474244,5.0,ok,
barcode_scanner,category_B_classified_tube_03_yellow100,no,,513.679953,5.0,ok,
barcode_scanner,category_C_classified_tube_01_blue75,no,,208.431883,5.0,ok,
barcode_scanner,category_C_classified_tube_02_blue75,no,,270.983117,5.0,ok,
barcode_scanner,category_C_classified_tube_03_blue75,no,,333.556367,5.0,ok,
barcode_scanner,category_D_classified_tube_01_red75,no,,409.487301,5.0,ok,
barcode_scanner,category_D_classified_tube_02_red75,no,,470.306124,5.0,ok,
barcode_scanner,category_D_classified_tube_03_red75,no,,531.541014,5.0,ok,
barcode_scanner,enclosure_bottom_rear_rail,no,,318.730915,5.0,ok,
barcode_scanner,enclosure_bottom_left_rail,no,,434.221142,5.0,ok,
barcode_scanner,enclosure_bottom_right_rail,no,,692.938670,5.0,ok,
barcode_scanner,enclosure_bottom_front_left_stub,no,,617.384491,5.0,ok,
barcode_scanner,enclosure_bottom_front_center_stub,no,,530.729554,5.0,ok,
barcode_scanner,enclosure_bottom_front_right_stub,no,,783.925768,5.0,ok,
barcode_scanner,enclosure_corner_post_front_left,no,,679.823102,5.0,ok,
barcode_scanner,enclosure_corner_post_front_right,no,,868.202424,5.0,ok,
barcode_scanner,enclosure_corner_post_rear_left,no,,533.121634,5.0,ok,
barcode_scanner,enclosure_corner_post_rear_right,no,,758.837714,5.0,ok,
barcode_scanner,enclosure_top_rear_crossbeam,no,,433.453357,5.0,ok,
barcode_scanner,enclosure_top_left_crossbeam,no,,524.252245,5.0,ok,
barcode_scanner,enclosure_top_right_crossbeam,no,,752.632989,5.0,ok,
barcode_scanner,enclosure_front_upper_left_beam,no,,639.859380,5.0,ok,
barcode_scanner,enclosure_front_upper_center_beam,no,,605.776383,5.0,ok,
barcode_scanner,enclosure_front_upper_right_beam,no,,765.242462,5.0,ok,
barcode_scanner,enclosure_rear_transparent_panel,no,,312.554194,5.0,ok,
barcode_scanner,enclosure_left_transparent_panel,no,,429.300000,5.0,ok,
barcode_scanner,enclosure_right_transparent_panel,no,,689.300000,5.0,ok,
barcode_scanner,enclosure_front_left_low_panel,no,,652.591296,5.0,ok,
barcode_scanner,enclosure_front_center_low_panel,no,,536.228682,5.0,ok,
barcode_scanner,enclosure_front_right_low_panel,no,,830.934053,5.0,ok,
barcode_scanner,enclosure_input_box_replace_opening_left_jamb,no,,639.653695,5.0,ok,
barcode_scanner,enclosure_input_box_replace_opening_right_jamb,no,,532.900000,5.0,ok,
barcode_scanner,enclosure_input_box_replace_opening_top_rail,no,,555.758567,5.0,ok,
barcode_scanner,enclosure_input_box_replace_opening_bottom_sill,no,,535.373113,5.0,ok,
barcode_scanner,enclosure_output_box_replace_opening_left_jamb,no,,560.525512,5.0,ok,
barcode_scanner,enclosure_output_box_replace_opening_right_jamb,no,,797.860169,5.0,ok,
barcode_scanner,enclosure_output_box_replace_opening_top_rail,no,,582.300631,5.0,ok,
barcode_scanner,enclosure_output_box_replace_opening_bottom_sill,no,,562.877260,5.0,ok,
barcode_scanner,enclosure_input_door_simple_pull_handle,no,,545.049155,5.0,ok,
barcode_scanner,enclosure_output_door_simple_pull_handle,no,,806.025447,5.0,ok,
barcode_scanner,enclosure_manual_review_access_opening_left_jamb,no,,547.849660,5.0,ok,
barcode_scanner,enclosure_manual_review_access_opening_right_jamb,no,,536.077653,5.0,ok,
barcode_scanner,enclosure_manual_review_access_opening_top_rail,no,,537.372218,5.0,ok,
barcode_scanner,enclosure_manual_review_access_opening_bottom_sill,no,,539.181945,5.0,ok,
barcode_scanner,enclosure_manual_review_access_simple_pull_handle,no,,548.073763,5.0,ok,
barcode_scanner,enclosure_top_open_front_rectangular_rail,no,,604.832693,5.0,ok,
barcode_scanner,enclosure_top_open_rear_rectangular_rail,no,,433.453357,5.0,ok,
barcode_scanner,enclosure_top_open_left_rectangular_rail,no,,524.252245,5.0,ok,
barcode_scanner,enclosure_top_open_right_rectangular_rail,no,,752.632989,5.0,ok,
barcode_scanner,control_box_housing,no,,548.080400,5.0,ok,
barcode_scanner,din_rail_and_mounting,no,,563.079297,5.0,ok,
barcode_scanner,controller_board_placeholder,no,,548.309442,5.0,ok,
barcode_scanner,motor_driver_placeholders,no,,587.014198,5.0,ok,
barcode_scanner,power_supply_placeholder,no,,543.879913,5.0,ok,
barcode_scanner,terminal_blocks,no,,627.417149,5.0,ok,
barcode_scanner,cable_glands_and_connectors,no,,691.517966,5.0,ok,
barcode_scanner,ventilation_slots,no,,649.179713,5.0,ok,
barcode_scanner,mounting_brackets,no,,547.735257,5.0,ok,
photoelectric_sensor,category_A_output_box_4x6,no,,26.536955,5.0,ok,
photoelectric_sensor,category_B_output_box_4x6,no,,222.315564,5.0,ok,
photoelectric_sensor,category_C_output_box_4x6,no,,35.860842,5.0,ok,
photoelectric_sensor,category_D_output_box_4x6,no,,223.620214,5.0,ok,
photoelectric_sensor,manual_review_bin_2x3,no,,319.775312,5.0,ok,
photoelectric_sensor,input_box_1_demo_tube_01_purple75,no,,401.115956,5.0,ok,
photoelectric_sensor,input_box_1_demo_tube_02_yellow100,no,,334.923887,5.0,ok,
photoelectric_sensor,input_box_1_demo_tube_03_blue75,no,,275.158881,5.0,ok,
photoelectric_sensor,input_box_1_demo_tube_04_red75,no,,323.683194,5.0,ok,
photoelectric_sensor,input_box_1_demo_tube_05_purple75,no,,261.360307,5.0,ok,
photoelectric_sensor,input_box_2_demo_tube_01_purple75,no,,345.352009,5.0,ok,
photoelectric_sensor,input_box_2_demo_tube_02_yellow100,no,,265.608753,5.0,ok,
photoelectric_sensor,input_box_2_demo_tube_03_blue75,no,,203.387340,5.0,ok,
photoelectric_sensor,input_box_2_demo_tube_04_red75,no,,278.755825,5.0,ok,
photoelectric_sensor,input_box_2_demo_tube_05_purple75,no,,220.279845,5.0,ok,
photoelectric_sensor,input_box_3_demo_tube_01_purple75,no,,332.000000,5.0,ok,
photoelectric_sensor,input_box_3_demo_tube_02_yellow100,no,,248.000000,5.0,ok,
photoelectric_sensor,input_box_3_demo_tube_03_blue75,no,,192.010416,5.0,ok,
photoelectric_sensor,input_box_3_demo_tube_04_red75,no,,277.625647,5.0,ok,
photoelectric_sensor,input_box_3_demo_tube_05_purple75,no,,227.517032,5.0,ok,
photoelectric_sensor,input_box_4_demo_tube_01_purple75,no,,347.908034,5.0,ok,
photoelectric_sensor,input_box_4_demo_tube_02_yellow100,no,,268.923781,5.0,ok,
photoelectric_sensor,input_box_4_demo_tube_03_blue75,no,,232.997854,5.0,ok,
photoelectric_sensor,input_box_4_demo_tube_04_red75,no,,319.023510,5.0,ok,
photoelectric_sensor,input_box_4_demo_tube_05_purple75,no,,289.385556,5.0,ok,
photoelectric_sensor,scan_station_demo_tube_yellow100,no,,72.000000,5.0,ok,
photoelectric_sensor,category_A_classified_tube_01_purple75,no,,112.476709,5.0,ok,
photoelectric_sensor,category_A_classified_tube_02_purple75,no,,113.935991,5.0,ok,
photoelectric_sensor,category_A_classified_tube_03_purple75,no,,145.436618,5.0,ok,
photoelectric_sensor,category_B_classified_tube_01_yellow100,no,,257.703337,5.0,ok,
photoelectric_sensor,category_B_classified_tube_02_yellow100,no,,300.435367,5.0,ok,
photoelectric_sensor,category_B_classified_tube_03_yellow100,no,,349.215993,5.0,ok,
photoelectric_sensor,category_C_classified_tube_01_blue75,no,,45.276926,5.0,ok,
photoelectric_sensor,category_C_classified_tube_02_blue75,no,,103.585713,5.0,ok,
photoelectric_sensor,category_C_classified_tube_03_blue75,no,,165.075740,5.0,ok,
photoelectric_sensor,category_D_classified_tube_01_red75,no,,236.241402,5.0,ok,
photoelectric_sensor,category_D_classified_tube_02_red75,no,,296.664794,5.0,ok,
photoelectric_sensor,category_D_classified_tube_03_red75,no,,357.840747,5.0,ok,
photoelectric_sensor,enclosure_bottom_rear_rail,no,,340.118523,5.0,ok,
photoelectric_sensor,enclosure_bottom_left_rail,no,,523.309660,5.0,ok,
photoelectric_sensor,enclosure_bottom_right_rail,no,,524.307162,5.0,ok,
photoelectric_sensor,enclosure_bottom_front_left_stub,no,,633.111365,5.0,ok,
photoelectric_sensor,enclosure_bottom_front_center_stub,no,,482.420978,5.0,ok,
photoelectric_sensor,enclosure_bottom_front_right_stub,no,,633.759418,5.0,ok,
photoelectric_sensor,enclosure_corner_post_front_left,no,,709.820400,5.0,ok,
photoelectric_sensor,enclosure_corner_post_front_right,no,,710.556120,5.0,ok,
photoelectric_sensor,enclosure_corner_post_rear_left,no,,621.928943,5.0,ok,
photoelectric_sensor,enclosure_corner_post_rear_right,no,,622.768504,5.0,ok,
photoelectric_sensor,enclosure_top_rear_crossbeam,no,,481.622892,5.0,ok,
photoelectric_sensor,enclosure_top_left_crossbeam,no,,624.606276,5.0,ok,
photoelectric_sensor,enclosure_top_right_crossbeam,no,,625.442244,5.0,ok,
photoelectric_sensor,enclosure_front_upper_left_beam,no,,662.578297,5.0,ok,
photoelectric_sensor,enclosure_front_upper_center_beam,no,,590.770683,5.0,ok,
photoelectric_sensor,enclosure_front_upper_right_beam,no,,663.031673,5.0,ok,
photoelectric_sensor,enclosure_rear_transparent_panel,no,,336.600000,5.0,ok,
photoelectric_sensor,enclosure_left_transparent_panel,no,,520.500000,5.0,ok,
photoelectric_sensor,enclosure_right_transparent_panel,no,,521.500000,5.0,ok,
photoelectric_sensor,enclosure_front_left_low_panel,no,,676.448261,5.0,ok,
photoelectric_sensor,enclosure_front_center_low_panel,no,,486.500000,5.0,ok,
photoelectric_sensor,enclosure_front_right_low_panel,no,,677.143449,5.0,ok,
photoelectric_sensor,enclosure_input_box_replace_opening_left_jamb,no,,660.430920,5.0,ok,
photoelectric_sensor,enclosure_input_box_replace_opening_right_jamb,no,,495.347353,5.0,ok,
photoelectric_sensor,enclosure_input_box_replace_opening_top_rail,no,,534.951400,5.0,ok,
photoelectric_sensor,enclosure_input_box_replace_opening_bottom_sill,no,,496.512840,5.0,ok,
photoelectric_sensor,enclosure_output_box_replace_opening_left_jamb,no,,488.036884,5.0,ok,
photoelectric_sensor,enclosure_output_box_replace_opening_right_jamb,no,,647.780827,5.0,ok,
photoelectric_sensor,enclosure_output_box_replace_opening_top_rail,no,,528.189360,5.0,ok,
photoelectric_sensor,enclosure_output_box_replace_opening_bottom_sill,no,,489.219787,5.0,ok,
photoelectric_sensor,enclosure_input_door_simple_pull_handle,no,,510.366535,5.0,ok,
photoelectric_sensor,enclosure_output_door_simple_pull_handle,no,,659.336788,5.0,ok,
photoelectric_sensor,enclosure_manual_review_access_opening_left_jamb,no,,532.077062,5.0,ok,
photoelectric_sensor,enclosure_manual_review_access_opening_right_jamb,no,,491.636044,5.0,ok,
photoelectric_sensor,enclosure_manual_review_access_opening_top_rail,no,,498.760464,5.0,ok,
photoelectric_sensor,enclosure_manual_review_access_opening_bottom_sill,no,,493.426793,5.0,ok,
photoelectric_sensor,enclosure_manual_review_access_simple_pull_handle,no,,503.620889,5.0,ok,
photoelectric_sensor,enclosure_top_open_front_rectangular_rail,no,,590.770683,5.0,ok,
photoelectric_sensor,enclosure_top_open_rear_rectangular_rail,no,,481.622892,5.0,ok,
photoelectric_sensor,enclosure_top_open_left_rectangular_rail,no,,624.606276,5.0,ok,
photoelectric_sensor,enclosure_top_open_right_rectangular_rail,no,,625.442244,5.0,ok,
photoelectric_sensor,control_box_housing,no,,449.041379,5.0,ok,
photoelectric_sensor,din_rail_and_mounting,no,,459.923700,5.0,ok,
photoelectric_sensor,controller_board_placeholder,no,,446.933563,5.0,ok,
photoelectric_sensor,motor_driver_placeholders,no,,474.518503,5.0,ok,
photoelectric_sensor,power_supply_placeholder,no,,439.925687,5.0,ok,
photoelectric_sensor,terminal_blocks,no,,509.235712,5.0,ok,
photoelectric_sensor,cable_glands_and_connectors,no,,610.476257,5.0,ok,
photoelectric_sensor,ventilation_slots,no,,554.661212,5.0,ok,
photoelectric_sensor,mounting_brackets,no,,449.031413,5.0,ok,
category_A_output_box_4x6,category_B_output_box_4x6,no,,30.000000,5.0,ok,
category_A_output_box_4x6,category_C_output_box_4x6,no,,90.000000,5.0,ok,
category_A_output_box_4x6,category_D_output_box_4x6,no,,94.868330,5.0,ok,
category_A_output_box_4x6,manual_review_bin_2x3,no,,422.795754,5.0,ok,
category_A_output_box_4x6,input_box_1_demo_tube_01_purple75,no,,470.494421,5.0,ok,
category_A_output_box_4x6,input_box_1_demo_tube_02_yellow100,no,,388.336195,5.0,ok,
category_A_output_box_4x6,input_box_1_demo_tube_03_blue75,no,,327.727021,5.0,ok,
category_A_output_box_4x6,input_box_1_demo_tube_04_red75,no,,407.338925,5.0,ok,
category_A_output_box_4x6,input_box_1_demo_tube_05_purple75,no,,350.035712,5.0,ok,
category_A_output_box_4x6,input_box_2_demo_tube_01_purple75,no,,462.000000,5.0,ok,
category_A_output_box_4x6,input_box_2_demo_tube_02_yellow100,no,,378.000000,5.0,ok,
category_A_output_box_4x6,input_box_2_demo_tube_03_blue75,no,,322.000000,5.0,ok,
category_A_output_box_4x6,input_box_2_demo_tube_04_red75,no,,406.000000,5.0,ok,
category_A_output_box_4x6,input_box_2_demo_tube_05_purple75,no,,350.000000,5.0,ok,
category_A_output_box_4x6,input_box_3_demo_tube_01_purple75,no,,463.323861,5.0,ok,
category_A_output_box_4x6,input_box_3_demo_tube_02_yellow100,no,,379.616912,5.0,ok,
category_A_output_box_4x6,input_box_3_demo_tube_03_blue75,no,,328.105166,5.0,ok,
category_A_output_box_4x6,input_box_3_demo_tube_04_red75,no,,416.073311,5.0,ok,
category_A_output_box_4x6,input_box_3_demo_tube_05_purple75,no,,369.676886,5.0,ok,
category_A_output_box_4x6,input_box_4_demo_tube_01_purple75,no,,490.580269,5.0,ok,
category_A_output_box_4x6,input_box_4_demo_tube_02_yellow100,no,,412.442723,5.0,ok,
category_A_output_box_4x6,input_box_4_demo_tube_03_blue75,no,,375.410442,5.0,ok,
category_A_output_box_4x6,input_box_4_demo_tube_04_red75,no,,462.252096,5.0,ok,
category_A_output_box_4x6,input_box_4_demo_tube_05_purple75,no,,429.535796,5.0,ok,
category_A_output_box_4x6,scan_station_demo_tube_yellow100,no,,206.320140,5.0,ok,
category_A_output_box_4x6,category_A_classified_tube_01_purple75,yes,,,5.0,allowed_mount_contact,whitelisted expected mount/contact or internal electrical-box packaging
category_A_output_box_4x6,category_A_classified_tube_02_purple75,yes,,,5.0,allowed_mount_contact,whitelisted expected mount/contact or internal electrical-box packaging
category_A_output_box_4x6,category_A_classified_tube_03_purple75,yes,,,5.0,allowed_mount_contact,whitelisted expected mount/contact or internal electrical-box packaging
category_A_output_box_4x6,category_B_classified_tube_01_yellow100,no,,42.000000,5.0,ok,
category_A_output_box_4x6,category_B_classified_tube_02_yellow100,no,,98.000000,5.0,ok,
category_A_output_box_4x6,category_B_classified_tube_03_yellow100,no,,154.000000,5.0,ok,
category_A_output_box_4x6,category_C_classified_tube_01_blue75,no,,100.000000,5.0,ok,
category_A_output_box_4x6,category_C_classified_tube_02_blue75,no,,128.000000,5.0,ok,
category_A_output_box_4x6,category_C_classified_tube_03_blue75,no,,156.000000,5.0,ok,
category_A_output_box_4x6,category_D_classified_tube_01_red75,no,,108.461975,5.0,ok,
category_A_output_box_4x6,category_D_classified_tube_02_red75,no,,161.207940,5.0,ok,
category_A_output_box_4x6,category_D_classified_tube_03_red75,no,,219.207664,5.0,ok,
category_A_output_box_4x6,enclosure_bottom_rear_rail,no,,202.000000,5.0,ok,
category_A_output_box_4x6,enclosure_bottom_left_rail,no,,652.000000,5.0,ok,
category_A_output_box_4x6,enclosure_bottom_right_rail,no,,332.000000,5.0,ok,
category_A_output_box_4x6,enclosure_bottom_front_left_stub,no,,765.090844,5.0,ok,
category_A_output_box_4x6,enclosure_bottom_front_center_stub,no,,543.295730,5.0,ok,
category_A_output_box_4x6,enclosure_bottom_front_right_stub,no,,584.947861,5.0,ok,
category_A_output_box_4x6,enclosure_corner_post_front_left,no,,847.860838,5.0,ok,
category_A_output_box_4x6,enclosure_corner_post_front_right,no,,635.600503,5.0,ok,
category_A_output_box_4x6,enclosure_corner_post_rear_left,no,,682.574538,5.0,ok,
category_A_output_box_4x6,enclosure_corner_post_rear_right,no,,388.623211,5.0,ok,
category_A_output_box_4x6,enclosure_top_rear_crossbeam,no,,425.944832,5.0,ok,
category_A_output_box_4x6,enclosure_top_left_crossbeam,no,,752.149586,5.0,ok,
category_A_output_box_4x6,enclosure_top_right_crossbeam,no,,500.848280,5.0,ok,
category_A_output_box_4x6,enclosure_front_upper_left_beam,no,,786.949172,5.0,ok,
category_A_output_box_4x6,enclosure_front_upper_center_beam,no,,659.252607,5.0,ok,
category_A_output_box_4x6,enclosure_front_upper_right_beam,no,,668.198324,5.0,ok,
category_A_output_box_4x6,enclosure_rear_transparent_panel,no,,200.500000,5.0,ok,
category_A_output_box_4x6,enclosure_left_transparent_panel,no,,650.500000,5.0,ok,
category_A_output_box_4x6,enclosure_right_transparent_panel,no,,330.500000,5.0,ok,
category_A_output_box_4x6,enclosure_front_left_low_panel,no,,812.253809,5.0,ok,
category_A_output_box_4x6,enclosure_front_center_low_panel,no,,549.688321,5.0,ok,
category_A_output_box_4x6,enclosure_front_right_low_panel,no,,614.944103,5.0,ok,
category_A_output_box_4x6,enclosure_input_box_replace_opening_left_jamb,no,,795.000629,5.0,ok,
category_A_output_box_4x6,enclosure_input_box_replace_opening_right_jamb,no,,589.598168,5.0,ok,
category_A_output_box_4x6,enclosure_input_box_replace_opening_top_rail,no,,634.335873,5.0,ok,
category_A_output_box_4x6,enclosure_input_box_replace_opening_bottom_sill,no,,589.598168,5.0,ok,
category_A_output_box_4x6,enclosure_output_box_replace_opening_left_jamb,no,,549.000000,5.0,ok,
category_A_output_box_4x6,enclosure_output_box_replace_opening_right_jamb,no,,597.181714,5.0,ok,
category_A_output_box_4x6,enclosure_output_box_replace_opening_top_rail,no,,596.788907,5.0,ok,
category_A_output_box_4x6,enclosure_output_box_replace_opening_bottom_sill,no,,549.000000,5.0,ok,
category_A_output_box_4x6,enclosure_input_door_simple_pull_handle,no,,607.344219,5.0,ok,
category_A_output_box_4x6,enclosure_output_door_simple_pull_handle,no,,614.708874,5.0,ok,
category_A_output_box_4x6,enclosure_manual_review_access_opening_left_jamb,no,,645.700395,5.0,ok,
category_A_output_box_4x6,enclosure_manual_review_access_opening_right_jamb,no,,573.348934,5.0,ok,
category_A_output_box_4x6,enclosure_manual_review_access_opening_top_rail,no,,584.965811,5.0,ok,
category_A_output_box_4x6,enclosure_manual_review_access_opening_bottom_sill,no,,573.348934,5.0,ok,
category_A_output_box_4x6,enclosure_manual_review_access_simple_pull_handle,no,,585.363135,5.0,ok,
category_A_output_box_4x6,enclosure_top_open_front_rectangular_rail,no,,659.081937,5.0,ok,
category_A_output_box_4x6,enclosure_top_open_rear_rectangular_rail,no,,425.944832,5.0,ok,
category_A_output_box_4x6,enclosure_top_open_left_rectangular_rail,no,,752.149586,5.0,ok,
category_A_output_box_4x6,enclosure_top_open_right_rectangular_rail,no,,500.848280,5.0,ok,
category_A_output_box_4x6,control_box_housing,no,,239.746721,5.0,ok,
category_A_output_box_4x6,din_rail_and_mounting,no,,245.642016,5.0,ok,
category_A_output_box_4x6,controller_board_placeholder,no,,239.309423,5.0,ok,
category_A_output_box_4x6,motor_driver_placeholders,no,,254.112180,5.0,ok,
category_A_output_box_4x6,power_supply_placeholder,no,,225.893780,5.0,ok,
category_A_output_box_4x6,terminal_blocks,no,,279.823158,5.0,ok,
category_A_output_box_4x6,cable_glands_and_connectors,no,,409.473137,5.0,ok,
category_A_output_box_4x6,ventilation_slots,no,,342.739697,5.0,ok,
category_A_output_box_4x6,mounting_brackets,no,,240.127050,5.0,ok,
category_B_output_box_4x6,category_C_output_box_4x6,no,,94.868330,5.0,ok,
category_B_output_box_4x6,category_D_output_box_4x6,no,,90.000000,5.0,ok,
category_B_output_box_4x6,manual_review_bin_2x3,no,,553.946071,5.0,ok,
category_B_output_box_4x6,input_box_1_demo_tube_01_purple75,no,,677.867981,5.0,ok,
category_B_output_box_4x6,input_box_1_demo_tube_02_yellow100,no,,594.697402,5.0,ok,
category_B_output_box_4x6,input_box_1_demo_tube_03_blue75,no,,535.485761,5.0,ok,
category_B_output_box_4x6,input_box_1_demo_tube_04_red75,no,,616.883295,5.0,ok,
category_B_output_box_4x6,input_box_1_demo_tube_05_purple75,no,,560.022321,5.0,ok,
category_B_output_box_4x6,input_box_2_demo_tube_01_purple75,no,,672.000000,5.0,ok,
category_B_output_box_4x6,input_box_2_demo_tube_02_yellow100,no,,588.000000,5.0,ok,
category_B_output_box_4x6,input_box_2_demo_tube_03_blue75,no,,532.000000,5.0,ok,
category_B_output_box_4x6,input_box_2_demo_tube_04_red75,no,,616.000000,5.0,ok,
category_B_output_box_4x6,input_box_2_demo_tube_05_purple75,no,,560.000000,5.0,ok,
category_B_output_box_4x6,input_box_3_demo_tube_01_purple75,no,,672.910841,5.0,ok,
category_B_output_box_4x6,input_box_3_demo_tube_02_yellow100,no,,589.040746,5.0,ok,
category_B_output_box_4x6,input_box_3_demo_tube_03_blue75,no,,535.717276,5.0,ok,
category_B_output_box_4x6,input_box_3_demo_tube_04_red75,no,,622.685314,5.0,ok,
category_B_output_box_4x6,input_box_3_demo_tube_05_purple75,no,,572.504148,5.0,ok,
category_B_output_box_4x6,input_box_4_demo_tube_01_purple75,no,,691.960259,5.0,ok,
category_B_output_box_4x6,input_box_4_demo_tube_02_yellow100,no,,610.711880,5.0,ok,
category_B_output_box_4x6,input_box_4_demo_tube_03_blue75,no,,565.926674,5.0,ok,
category_B_output_box_4x6,input_box_4_demo_tube_04_red75,no,,654.444039,5.0,ok,
category_B_output_box_4x6,input_box_4_demo_tube_05_purple75,no,,612.862954,5.0,ok,
category_B_output_box_4x6,scan_station_demo_tube_yellow100,no,,414.135244,5.0,ok,
category_B_output_box_4x6,category_A_classified_tube_01_purple75,no,,182.000000,5.0,ok,
category_B_output_box_4x6,category_A_classified_tube_02_purple75,no,,126.000000,5.0,ok,
category_B_output_box_4x6,category_A_classified_tube_03_purple75,no,,70.000000,5.0,ok,
category_B_output_box_4x6,category_B_classified_tube_01_yellow100,yes,,,5.0,allowed_mount_contact,whitelisted expected mount/contact or internal electrical-box packaging
category_B_output_box_4x6,category_B_classified_tube_02_yellow100,yes,,,5.0,allowed_mount_contact,whitelisted expected mount/contact or internal electrical-box packaging
category_B_output_box_4x6,category_B_classified_tube_03_yellow100,yes,,,5.0,allowed_mount_contact,whitelisted expected mount/contact or internal electrical-box packaging
category_B_output_box_4x6,category_C_classified_tube_01_blue75,no,,207.663189,5.0,ok,
category_B_output_box_4x6,category_C_classified_tube_02_blue75,no,,179.610690,5.0,ok,
category_B_output_box_4x6,category_C_classified_tube_03_blue75,no,,170.985379,5.0,ok,
category_B_output_box_4x6,category_D_classified_tube_01_red75,no,,100.000000,5.0,ok,
category_B_output_box_4x6,category_D_classified_tube_02_red75,no,,128.000000,5.0,ok,
category_B_output_box_4x6,category_D_classified_tube_03_red75,no,,156.000000,5.0,ok,
category_B_output_box_4x6,enclosure_bottom_rear_rail,no,,202.000000,5.0,ok,
category_B_output_box_4x6,enclosure_bottom_left_rail,no,,862.000000,5.0,ok,
category_B_output_box_4x6,enclosure_bottom_right_rail,no,,122.000000,5.0,ok,
category_B_output_box_4x6,enclosure_bottom_front_left_stub,no,,925.345341,5.0,ok,
category_B_output_box_4x6,enclosure_bottom_front_center_stub,no,,595.835758,5.0,ok,
category_B_output_box_4x6,enclosure_bottom_front_right_stub,no,,542.092243,5.0,ok,
category_B_output_box_4x6,enclosure_corner_post_front_left,no,,1018.237693,5.0,ok,
category_B_output_box_4x6,enclosure_corner_post_front_right,no,,555.560978,5.0,ok,
category_B_output_box_4x6,enclosure_corner_post_rear_left,no,,885.351907,5.0,ok,
category_B_output_box_4x6,enclosure_corner_post_rear_right,no,,235.983050,5.0,ok,
category_B_output_box_4x6,enclosure_top_rear_crossbeam,no,,425.944832,5.0,ok,
category_B_output_box_4x6,enclosure_top_left_crossbeam,no,,940.036701,5.0,ok,
category_B_output_box_4x6,enclosure_top_right_crossbeam,no,,394.346295,5.0,ok,
category_B_output_box_4x6,enclosure_front_upper_left_beam,no,,918.688739,5.0,ok,
category_B_output_box_4x6,enclosure_front_upper_center_beam,no,,696.429465,5.0,ok,
category_B_output_box_4x6,enclosure_front_upper_right_beam,no,,659.081937,5.0,ok,
category_B_output_box_4x6,enclosure_rear_transparent_panel,no,,200.500000,5.0,ok,
category_B_output_box_4x6,enclosure_left_transparent_panel,no,,860.500000,5.0,ok,
category_B_output_box_4x6,enclosure_right_transparent_panel,no,,120.500000,5.0,ok,
category_B_output_box_4x6,enclosure_front_left_low_panel,no,,977.679012,5.0,ok,
category_B_output_box_4x6,enclosure_front_center_low_panel,no,,605.670909,5.0,ok,
category_B_output_box_4x6,enclosure_front_right_low_panel,no,,551.956746,5.0,ok,
category_B_output_box_4x6,enclosure_input_box_replace_opening_left_jamb,no,,957.927972,5.0,ok,
category_B_output_box_4x6,enclosure_input_box_replace_opening_right_jamb,no,,694.280923,5.0,ok,
category_B_output_box_4x6,enclosure_input_box_replace_opening_top_rail,no,,732.654079,5.0,ok,
category_B_output_box_4x6,enclosure_input_box_replace_opening_bottom_sill,no,,694.280923,5.0,ok,
category_B_output_box_4x6,enclosure_output_box_replace_opening_left_jamb,no,,586.025597,5.0,ok,
category_B_output_box_4x6,enclosure_output_box_replace_opening_right_jamb,no,,549.568922,5.0,ok,
category_B_output_box_4x6,enclosure_output_box_replace_opening_top_rail,no,,596.788907,5.0,ok,
category_B_output_box_4x6,enclosure_output_box_replace_opening_bottom_sill,no,,549.000000,5.0,ok,
category_B_output_box_4x6,enclosure_input_door_simple_pull_handle,no,,709.413138,5.0,ok,
category_B_output_box_4x6,enclosure_output_door_simple_pull_handle,no,,568.565739,5.0,ok,
category_B_output_box_4x6,enclosure_manual_review_access_opening_left_jamb,no,,775.711931,5.0,ok,
category_B_output_box_4x6,enclosure_manual_review_access_opening_right_jamb,no,,661.762042,5.0,ok,
category_B_output_box_4x6,enclosure_manual_review_access_opening_top_rail,no,,671.851918,5.0,ok,
category_B_output_box_4x6,enclosure_manual_review_access_opening_bottom_sill,no,,661.762042,5.0,ok,
category_B_output_box_4x6,enclosure_manual_review_access_simple_pull_handle,no,,672.197888,5.0,ok,
category_B_output_box_4x6,enclosure_top_open_front_rectangular_rail,no,,659.081937,5.0,ok,
category_B_output_box_4x6,enclosure_top_open_rear_rectangular_rail,no,,425.944832,5.0,ok,
category_B_output_box_4x6,enclosure_top_open_left_rectangular_rail,no,,940.036701,5.0,ok,
category_B_output_box_4x6,enclosure_top_open_right_rectangular_rail,no,,394.346295,5.0,ok,
category_B_output_box_4x6,control_box_housing,no,,229.300000,5.0,ok,
category_B_output_box_4x6,din_rail_and_mounting,no,,228.560714,5.0,ok,
category_B_output_box_4x6,controller_board_placeholder,no,,226.920691,5.0,ok,
category_B_output_box_4x6,motor_driver_placeholders,no,,218.341476,5.0,ok,
category_B_output_box_4x6,power_supply_placeholder,no,,212.000000,5.0,ok,
category_B_output_box_4x6,terminal_blocks,no,,219.146070,5.0,ok,
category_B_output_box_4x6,cable_glands_and_connectors,no,,394.000000,5.0,ok,
category_B_output_box_4x6,ventilation_slots,no,,318.141871,5.0,ok,
category_B_output_box_4x6,mounting_brackets,no,,230.000000,5.0,ok,
category_C_output_box_4x6,category_D_output_box_4x6,no,,30.000000,5.0,ok,
category_C_output_box_4x6,manual_review_bin_2x3,no,,257.694102,5.0,ok,
category_C_output_box_4x6,input_box_1_demo_tube_01_purple75,no,,550.313547,5.0,ok,
category_C_output_box_4x6,input_box_1_demo_tube_02_yellow100,no,,481.959542,5.0,ok,
category_C_output_box_4x6,input_box_1_demo_tube_03_blue75,no,,420.862210,5.0,ok,
category_C_output_box_4x6,input_box_1_demo_tube_04_red75,no,,473.164876,5.0,ok,
category_C_output_box_4x6,input_box_1_demo_tube_05_purple75,no,,410.761488,5.0,ok,
category_C_output_box_4x6,input_box_2_demo_tube_01_purple75,no,,491.940037,5.0,ok,
category_C_output_box_4x6,input_box_2_demo_tube_02_yellow100,no,,414.059175,5.0,ok,
category_C_output_box_4x6,input_box_2_demo_tube_03_blue75,no,,351.518136,5.0,ok,
category_C_output_box_4x6,input_box_2_demo_tube_04_red75,no,,421.432082,5.0,ok,
category_C_output_box_4x6,input_box_2_demo_tube_05_purple75,no,,360.173569,5.0,ok,
category_C_output_box_4x6,input_box_3_demo_tube_01_purple75,no,,463.643182,5.0,ok,
category_C_output_box_4x6,input_box_3_demo_tube_02_yellow100,no,,380.006579,5.0,ok,
category_C_output_box_4x6,input_box_3_demo_tube_03_blue75,no,,322.187833,5.0,ok,
category_C_output_box_4x6,input_box_3_demo_tube_04_red75,no,,406.000000,5.0,ok,
category_C_output_box_4x6,input_box_3_demo_tube_05_purple75,no,,350.000000,5.0,ok,
category_C_output_box_4x6,input_box_4_demo_tube_01_purple75,no,,462.000000,5.0,ok,
category_C_output_box_4x6,input_box_4_demo_tube_02_yellow100,no,,378.000000,5.0,ok,
category_C_output_box_4x6,input_box_4_demo_tube_03_blue75,no,,322.000000,5.0,ok,
category_C_output_box_4x6,input_box_4_demo_tube_04_red75,no,,406.148987,5.0,ok,
category_C_output_box_4x6,input_box_4_demo_tube_05_purple75,no,,352.166154,5.0,ok,
category_C_output_box_4x6,scan_station_demo_tube_yellow100,no,,204.518948,5.0,ok,
category_C_output_box_4x6,category_A_classified_tube_01_purple75,no,,184.000000,5.0,ok,
category_C_output_box_4x6,category_A_classified_tube_02_purple75,no,,156.000000,5.0,ok,
category_C_output_box_4x6,category_A_classified_tube_03_purple75,no,,128.000000,5.0,ok,
category_C_output_box_4x6,category_B_classified_tube_01_yellow100,no,,188.732615,5.0,ok,
category_C_output_box_4x6,category_B_classified_tube_02_yellow100,no,,184.228119,5.0,ok,
category_C_output_box_4x6,category_B_classified_tube_03_yellow100,no,,200.249844,5.0,ok,
category_C_output_box_4x6,category_C_classified_tube_01_blue75,yes,,,5.0,allowed_mount_contact,whitelisted expected mount/contact or internal electrical-box packaging
category_C_output_box_4x6,category_C_classified_tube_02_blue75,yes,,,5.0,allowed_mount_contact,whitelisted expected mount/contact or internal electrical-box packaging
category_C_output_box_4x6,category_C_classified_tube_03_blue75,yes,,,5.0,allowed_mount_contact,whitelisted expected mount/contact or internal electrical-box packaging
category_C_output_box_4x6,category_D_classified_tube_01_red75,no,,42.000000,5.0,ok,
category_C_output_box_4x6,category_D_classified_tube_02_red75,no,,98.000000,5.0,ok,
category_C_output_box_4x6,category_D_classified_tube_03_red75,no,,154.000000,5.0,ok,
category_C_output_box_4x6,enclosure_bottom_rear_rail,no,,412.000000,5.0,ok,
category_C_output_box_4x6,enclosure_bottom_left_rail,no,,652.000000,5.0,ok,
category_C_output_box_4x6,enclosure_bottom_right_rail,no,,332.000000,5.0,ok,
category_C_output_box_4x6,enclosure_bottom_front_left_stub,no,,633.895891,5.0,ok,
category_C_output_box_4x6,enclosure_bottom_front_center_stub,no,,334.111134,5.0,ok,
category_C_output_box_4x6,enclosure_bottom_front_right_stub,no,,398.276286,5.0,ok,
category_C_output_box_4x6,enclosure_corner_post_front_left,no,,731.661124,5.0,ok,
category_C_output_box_4x6,enclosure_corner_post_front_right,no,,469.518903,5.0,ok,
category_C_output_box_4x6,enclosure_corner_post_rear_left,no,,771.263898,5.0,ok,
category_C_output_box_4x6,enclosure_corner_post_rear_right,no,,529.120024,5.0,ok,
category_C_output_box_4x6,enclosure_top_rear_crossbeam,no,,557.107710,5.0,ok,
category_C_output_box_4x6,enclosure_top_left_crossbeam,no,,752.149586,5.0,ok,
category_C_output_box_4x6,enclosure_top_right_crossbeam,no,,500.848280,5.0,ok,
category_C_output_box_4x6,enclosure_front_upper_left_beam,no,,660.112869,5.0,ok,
category_C_output_box_4x6,enclosure_front_upper_center_beam,no,,501.072849,5.0,ok,
category_C_output_box_4x6,enclosure_front_upper_right_beam,no,,512.785530,5.0,ok,
category_C_output_box_4x6,enclosure_rear_transparent_panel,no,,410.500000,5.0,ok,
category_C_output_box_4x6,enclosure_left_transparent_panel,no,,650.500000,5.0,ok,
category_C_output_box_4x6,enclosure_right_transparent_panel,no,,330.500000,5.0,ok,
category_C_output_box_4x6,enclosure_front_left_low_panel,no,,688.408491,5.0,ok,
category_C_output_box_4x6,enclosure_front_center_low_panel,no,,341.038488,5.0,ok,
category_C_output_box_4x6,enclosure_front_right_low_panel,no,,438.527365,5.0,ok,
category_C_output_box_4x6,enclosure_input_box_replace_opening_left_jamb,no,,667.492322,5.0,ok,
category_C_output_box_4x6,enclosure_input_box_replace_opening_right_jamb,no,,401.429944,5.0,ok,
category_C_output_box_4x6,enclosure_input_box_replace_opening_top_rail,no,,464.652558,5.0,ok,
category_C_output_box_4x6,enclosure_input_box_replace_opening_bottom_sill,no,,401.429944,5.0,ok,
category_C_output_box_4x6,enclosure_output_box_replace_opening_left_jamb,no,,339.000000,5.0,ok,
category_C_output_box_4x6,enclosure_output_box_replace_opening_right_jamb,no,,412.487576,5.0,ok,
category_C_output_box_4x6,enclosure_output_box_replace_opening_top_rail,no,,411.918681,5.0,ok,
category_C_output_box_4x6,enclosure_output_box_replace_opening_bottom_sill,no,,339.000000,5.0,ok,
category_C_output_box_4x6,enclosure_input_door_simple_pull_handle,no,,421.125872,5.0,ok,
category_C_output_box_4x6,enclosure_output_door_simple_pull_handle,no,,431.679279,5.0,ok,
category_C_output_box_4x6,enclosure_manual_review_access_opening_left_jamb,no,,478.736880,5.0,ok,
category_C_output_box_4x6,enclosure_manual_review_access_opening_right_jamb,no,,375.485020,5.0,ok,
category_C_output_box_4x6,enclosure_manual_review_access_opening_top_rail,no,,392.994911,5.0,ok,
category_C_output_box_4x6,enclosure_manual_review_access_opening_bottom_sill,no,,375.485020,5.0,ok,
category_C_output_box_4x6,enclosure_manual_review_access_simple_pull_handle,no,,387.130469,5.0,ok,
category_C_output_box_4x6,enclosure_top_open_front_rectangular_rail,no,,500.848280,5.0,ok,
category_C_output_box_4x6,enclosure_top_open_rear_rectangular_rail,no,,557.107710,5.0,ok,
category_C_output_box_4x6,enclosure_top_open_left_rectangular_rail,no,,752.149586,5.0,ok,
category_C_output_box_4x6,enclosure_top_open_right_rectangular_rail,no,,500.848280,5.0,ok,
category_C_output_box_4x6,control_box_housing,no,,444.842096,5.0,ok,
category_C_output_box_4x6,din_rail_and_mounting,no,,447.437146,5.0,ok,
category_C_output_box_4x6,controller_board_placeholder,no,,441.145101,5.0,ok,
category_C_output_box_4x6,motor_driver_placeholders,no,,445.121332,5.0,ok,
category_C_output_box_4x6,power_supply_placeholder,no,,429.147993,5.0,ok,
category_C_output_box_4x6,terminal_blocks,no,,463.012959,5.0,ok,
category_C_output_box_4x6,cable_glands_and_connectors,no,,614.205381,5.0,ok,
category_C_output_box_4x6,ventilation_slots,no,,543.259146,5.0,ok,
category_C_output_box_4x6,mounting_brackets,no,,445.377368,5.0,ok,
category_D_output_box_4x6,manual_review_bin_2x3,no,,441.028627,5.0,ok,
category_D_output_box_4x6,input_box_1_demo_tube_01_purple75,no,,735.516825,5.0,ok,
category_D_output_box_4x6,input_box_1_demo_tube_02_yellow100,no,,659.655213,5.0,ok,
category_D_output_box_4x6,input_box_1_demo_tube_03_blue75,no,,597.046899,5.0,ok,
category_D_output_box_4x6,input_box_1_demo_tube_04_red75,no,,662.197101,5.0,ok,
category_D_output_box_4x6,input_box_1_demo_tube_05_purple75,no,,599.854149,5.0,ok,
category_D_output_box_4x6,input_box_2_demo_tube_01_purple75,no,,692.924960,5.0,ok,
category_D_output_box_4x6,input_box_2_demo_tube_02_yellow100,no,,611.804707,5.0,ok,
category_D_output_box_4x6,input_box_2_demo_tube_03_blue75,no,,550.368059,5.0,ok,
category_D_output_box_4x6,input_box_2_demo_tube_04_red75,no,,626.278692,5.0,ok,
category_D_output_box_4x6,input_box_2_demo_tube_05_purple75,no,,566.414159,5.0,ok,
category_D_output_box_4x6,input_box_3_demo_tube_01_purple75,no,,673.130745,5.0,ok,
category_D_output_box_4x6,input_box_3_demo_tube_02_yellow100,no,,589.291948,5.0,ok,
category_D_output_box_4x6,input_box_3_demo_tube_03_blue75,no,,532.113710,5.0,ok,
category_D_output_box_4x6,input_box_3_demo_tube_04_red75,no,,616.000000,5.0,ok,
category_D_output_box_4x6,input_box_3_demo_tube_05_purple75,no,,560.000000,5.0,ok,
category_D_output_box_4x6,input_box_4_demo_tube_01_purple75,no,,672.000000,5.0,ok,
category_D_output_box_4x6,input_box_4_demo_tube_02_yellow100,no,,588.000000,5.0,ok,
category_D_output_box_4x6,input_box_4_demo_tube_03_blue75,no,,532.000000,5.0,ok,
category_D_output_box_4x6,input_box_4_demo_tube_04_red75,no,,616.098206,5.0,ok,
category_D_output_box_4x6,input_box_4_demo_tube_05_purple75,no,,561.356393,5.0,ok,
category_D_output_box_4x6,scan_station_demo_tube_yellow100,no,,413.240850,5.0,ok,
category_D_output_box_4x6,category_A_classified_tube_01_purple75,no,,258.804946,5.0,ok,
category_D_output_box_4x6,category_A_classified_tube_02_purple75,no,,200.529300,5.0,ok,
category_D_output_box_4x6,category_A_classified_tube_03_purple75,no,,145.890370,5.0,ok,
category_D_output_box_4x6,category_B_classified_tube_01_yellow100,no,,184.000000,5.0,ok,
category_D_output_box_4x6,category_B_classified_tube_02_yellow100,no,,156.000000,5.0,ok,
category_D_output_box_4x6,category_B_classified_tube_03_yellow100,no,,128.000000,5.0,ok,
category_D_output_box_4x6,category_C_classified_tube_01_blue75,no,,182.000000,5.0,ok,
category_D_output_box_4x6,category_C_classified_tube_02_blue75,no,,126.000000,5.0,ok,
category_D_output_box_4x6,category_C_classified_tube_03_blue75,no,,70.000000,5.0,ok,
category_D_output_box_4x6,category_D_classified_tube_01_red75,yes,,,5.0,allowed_mount_contact,whitelisted expected mount/contact or internal electrical-box packaging
category_D_output_box_4x6,category_D_classified_tube_02_red75,yes,,,5.0,allowed_mount_contact,whitelisted expected mount/contact or internal electrical-box packaging
category_D_output_box_4x6,category_D_classified_tube_03_red75,yes,,,5.0,allowed_mount_contact,whitelisted expected mount/contact or internal electrical-box packaging
category_D_output_box_4x6,enclosure_bottom_rear_rail,no,,412.000000,5.0,ok,
category_D_output_box_4x6,enclosure_bottom_left_rail,no,,862.000000,5.0,ok,
category_D_output_box_4x6,enclosure_bottom_right_rail,no,,122.000000,5.0,ok,
category_D_output_box_4x6,enclosure_bottom_front_left_stub,no,,820.197537,5.0,ok,
category_D_output_box_4x6,enclosure_bottom_front_center_stub,no,,414.101739,5.0,ok,
category_D_output_box_4x6,enclosure_bottom_front_right_stub,no,,332.150568,5.0,ok,
category_D_output_box_4x6,enclosure_corner_post_front_left,no,,923.725067,5.0,ok,
category_D_output_box_4x6,enclosure_corner_post_front_right,no,,353.706093,5.0,ok,
category_D_output_box_4x6,enclosure_corner_post_rear_left,no,,955.399393,5.0,ok,
category_D_output_box_4x6,enclosure_corner_post_rear_right,no,,429.683605,5.0,ok,
category_D_output_box_4x6,enclosure_top_rear_crossbeam,no,,557.107710,5.0,ok,
category_D_output_box_4x6,enclosure_top_left_crossbeam,no,,940.036701,5.0,ok,
category_D_output_box_4x6,enclosure_top_right_crossbeam,no,,394.346295,5.0,ok,
category_D_output_box_4x6,enclosure_front_upper_left_beam,no,,812.680134,5.0,ok,
category_D_output_box_4x6,enclosure_front_upper_center_beam,no,,549.066480,5.0,ok,
category_D_output_box_4x6,enclosure_front_upper_right_beam,no,,500.848280,5.0,ok,
category_D_output_box_4x6,enclosure_rear_transparent_panel,no,,410.500000,5.0,ok,
category_D_output_box_4x6,enclosure_left_transparent_panel,no,,860.500000,5.0,ok,
category_D_output_box_4x6,enclosure_right_transparent_panel,no,,120.500000,5.0,ok,
category_D_output_box_4x6,enclosure_front_left_low_panel,no,,877.500000,5.0,ok,
category_D_output_box_4x6,enclosure_front_center_low_panel,no,,425.425963,5.0,ok,
category_D_output_box_4x6,enclosure_front_right_low_panel,no,,344.682825,5.0,ok,
category_D_output_box_4x6,enclosure_input_box_replace_opening_left_jamb,no,,855.070757,5.0,ok,
category_D_output_box_4x6,enclosure_input_box_replace_opening_right_jamb,no,,543.641426,5.0,ok,
category_D_output_box_4x6,enclosure_input_box_replace_opening_top_rail,no,,591.863160,5.0,ok,
category_D_output_box_4x6,enclosure_input_box_replace_opening_bottom_sill,no,,543.641426,5.0,ok,
category_D_output_box_4x6,enclosure_output_box_replace_opening_left_jamb,no,,396.164107,5.0,ok,
category_D_output_box_4x6,enclosure_output_box_replace_opening_right_jamb,no,,339.920579,5.0,ok,
category_D_output_box_4x6,enclosure_output_box_replace_opening_top_rail,no,,411.918681,5.0,ok,
category_D_output_box_4x6,enclosure_output_box_replace_opening_bottom_sill,no,,339.000000,5.0,ok,
category_D_output_box_4x6,enclosure_input_door_simple_pull_handle,no,,558.343084,5.0,ok,
category_D_output_box_4x6,enclosure_output_door_simple_pull_handle,no,,362.969696,5.0,ok,
category_D_output_box_4x6,enclosure_manual_review_access_opening_left_jamb,no,,643.419770,5.0,ok,
category_D_output_box_4x6,enclosure_manual_review_access_opening_right_jamb,no,,500.188964,5.0,ok,
category_D_output_box_4x6,enclosure_manual_review_access_opening_top_rail,no,,513.463728,5.0,ok,
category_D_output_box_4x6,enclosure_manual_review_access_opening_bottom_sill,no,,500.188964,5.0,ok,
category_D_output_box_4x6,enclosure_manual_review_access_simple_pull_handle,no,,508.989194,5.0,ok,
category_D_output_box_4x6,enclosure_top_open_front_rectangular_rail,no,,500.848280,5.0,ok,
category_D_output_box_4x6,enclosure_top_open_rear_rectangular_rail,no,,557.107710,5.0,ok,
category_D_output_box_4x6,enclosure_top_open_left_rectangular_rail,no,,940.036701,5.0,ok,
category_D_output_box_4x6,enclosure_top_open_right_rectangular_rail,no,,394.346295,5.0,ok,
category_D_output_box_4x6,control_box_housing,no,,439.300000,5.0,ok,
category_D_output_box_4x6,din_rail_and_mounting,no,,438.292140,5.0,ok,
category_D_output_box_4x6,controller_board_placeholder,no,,434.549192,5.0,ok,
category_D_output_box_4x6,motor_driver_placeholders,no,,425.714693,5.0,ok,
category_D_output_box_4x6,power_supply_placeholder,no,,422.000000,5.0,ok,
category_D_output_box_4x6,terminal_blocks,no,,429.074586,5.0,ok,
category_D_output_box_4x6,cable_glands_and_connectors,no,,604.000000,5.0,ok,
category_D_output_box_4x6,ventilation_slots,no,,528.085457,5.0,ok,
category_D_output_box_4x6,mounting_brackets,no,,440.000000,5.0,ok,
manual_review_bin_2x3,input_box_1_demo_tube_01_purple75,no,,603.644142,5.0,ok,
manual_review_bin_2x3,input_box_1_demo_tube_02_yellow100,no,,586.707977,5.0,ok,
manual_review_bin_2x3,input_box_1_demo_tube_03_blue75,no,,553.937045,5.0,ok,
manual_review_bin_2x3,input_box_1_demo_tube_04_red75,no,,536.084182,5.0,ok,
manual_review_bin_2x3,input_box_1_demo_tube_05_purple75,no,,500.006250,5.0,ok,
manual_review_bin_2x3,input_box_2_demo_tube_01_purple75,no,,479.683489,5.0,ok,
manual_review_bin_2x3,input_box_2_demo_tube_02_yellow100,no,,458.188007,5.0,ok,
manual_review_bin_2x3,input_box_2_demo_tube_03_blue75,no,,424.071044,5.0,ok,
manual_review_bin_2x3,input_box_2_demo_tube_04_red75,no,,409.458484,5.0,ok,
manual_review_bin_2x3,input_box_2_demo_tube_05_purple75,no,,370.885764,5.0,ok,
manual_review_bin_2x3,input_box_3_demo_tube_01_purple75,no,,360.008680,5.0,ok,
manual_review_bin_2x3,input_box_3_demo_tube_02_yellow100,no,,330.826616,5.0,ok,
manual_review_bin_2x3,input_box_3_demo_tube_03_blue75,no,,294.323377,5.0,ok,
manual_review_bin_2x3,input_box_3_demo_tube_04_red75,no,,285.878033,5.0,ok,
manual_review_bin_2x3,input_box_3_demo_tube_05_purple75,no,,242.706098,5.0,ok,
manual_review_bin_2x3,input_box_4_demo_tube_01_purple75,no,,250.831118,5.0,ok,
manual_review_bin_2x3,input_box_4_demo_tube_02_yellow100,no,,206.775845,5.0,ok,
manual_review_bin_2x3,input_box_4_demo_tube_03_blue75,no,,164.973483,5.0,ok,
manual_review_bin_2x3,input_box_4_demo_tube_04_red75,no,,172.035607,5.0,ok,
manual_review_bin_2x3,input_box_4_demo_tube_05_purple75,no,,118.559057,5.0,ok,
manual_review_bin_2x3,scan_station_demo_tube_yellow100,no,,314.500000,5.0,ok,
manual_review_bin_2x3,category_A_classified_tube_01_purple75,no,,512.412188,5.0,ok,
manual_review_bin_2x3,category_A_classified_tube_02_purple75,no,,513.912687,5.0,ok,
manual_review_bin_2x3,category_A_classified_tube_03_purple75,no,,522.959128,5.0,ok,
manual_review_bin_2x3,category_B_classified_tube_01_yellow100,no,,629.051866,5.0,ok,
manual_review_bin_2x3,category_B_classified_tube_02_yellow100,no,,648.664975,5.0,ok,
manual_review_bin_2x3,category_B_classified_tube_03_yellow100,no,,673.547511,5.0,ok,
manual_review_bin_2x3,category_C_classified_tube_01_blue75,no,,332.770567,5.0,ok,
manual_review_bin_2x3,category_C_classified_tube_02_blue75,no,,352.187805,5.0,ok,
manual_review_bin_2x3,category_C_classified_tube_03_blue75,no,,381.020013,5.0,ok,
manual_review_bin_2x3,category_D_classified_tube_01_red75,no,,493.838283,5.0,ok,
manual_review_bin_2x3,category_D_classified_tube_02_red75,no,,529.807748,5.0,ok,
manual_review_bin_2x3,category_D_classified_tube_03_red75,no,,570.400079,5.0,ok,
manual_review_bin_2x3,enclosure_bottom_rear_rail,no,,694.500000,5.0,ok,
manual_review_bin_2x3,enclosure_bottom_left_rail,no,,352.000000,5.0,ok,
manual_review_bin_2x3,enclosure_bottom_right_rail,no,,712.000000,5.0,ok,
manual_review_bin_2x3,enclosure_bottom_front_left_stub,no,,257.934585,5.0,ok,
manual_review_bin_2x3,enclosure_bottom_front_center_stub,no,,116.131391,5.0,ok,
manual_review_bin_2x3,enclosure_bottom_front_right_stub,no,,607.396287,5.0,ok,
manual_review_bin_2x3,enclosure_corner_post_front_left,no,,364.464333,5.0,ok,
manual_review_bin_2x3,enclosure_corner_post_front_right,no,,718.243865,5.0,ok,
manual_review_bin_2x3,enclosure_corner_post_rear_left,no,,778.610461,5.0,ok,
manual_review_bin_2x3,enclosure_corner_post_rear_right,no,,994.622667,5.0,ok,
manual_review_bin_2x3,enclosure_top_rear_crossbeam,no,,789.275142,5.0,ok,
manual_review_bin_2x3,enclosure_top_left_crossbeam,no,,514.323828,5.0,ok,
manual_review_bin_2x3,enclosure_top_right_crossbeam,no,,804.716720,5.0,ok,
manual_review_bin_2x3,enclosure_front_upper_left_beam,no,,407.989277,5.0,ok,
manual_review_bin_2x3,enclosure_front_upper_center_beam,no,,390.615220,5.0,ok,
manual_review_bin_2x3,enclosure_front_upper_right_beam,no,,624.223718,5.0,ok,
manual_review_bin_2x3,enclosure_rear_transparent_panel,no,,693.000000,5.0,ok,
manual_review_bin_2x3,enclosure_left_transparent_panel,no,,412.500303,5.0,ok,
manual_review_bin_2x3,enclosure_right_transparent_panel,no,,743.045423,5.0,ok,
manual_review_bin_2x3,enclosure_front_left_low_panel,no,,316.227766,5.0,ok,
manual_review_bin_2x3,enclosure_front_center_low_panel,no,,136.561342,5.0,ok,
manual_review_bin_2x3,enclosure_front_right_low_panel,no,,667.532771,5.0,ok,
manual_review_bin_2x3,enclosure_input_box_replace_opening_left_jamb,no,,293.133502,5.0,ok,
manual_review_bin_2x3,enclosure_input_box_replace_opening_right_jamb,no,,101.500000,5.0,ok,
manual_review_bin_2x3,enclosure_input_box_replace_opening_top_rail,no,,255.065188,5.0,ok,
manual_review_bin_2x3,enclosure_input_box_replace_opening_bottom_sill,no,,101.500000,5.0,ok,
manual_review_bin_2x3,enclosure_output_box_replace_opening_left_jamb,no,,219.834597,5.0,ok,
manual_review_bin_2x3,enclosure_output_box_replace_opening_right_jamb,no,,623.319541,5.0,ok,
manual_review_bin_2x3,enclosure_output_box_replace_opening_top_rail,no,,321.065803,5.0,ok,
manual_review_bin_2x3,enclosure_output_box_replace_opening_bottom_sill,no,,219.834597,5.0,ok,
manual_review_bin_2x3,enclosure_input_door_simple_pull_handle,no,,144.233318,5.0,ok,
manual_review_bin_2x3,enclosure_output_door_simple_pull_handle,no,,631.686829,5.0,ok,
manual_review_bin_2x3,enclosure_manual_review_access_opening_left_jamb,no,,110.205490,5.0,ok,
manual_review_bin_2x3,enclosure_manual_review_access_opening_right_jamb,no,,110.205490,5.0,ok,
manual_review_bin_2x3,enclosure_manual_review_access_opening_top_rail,no,,156.128953,5.0,ok,
manual_review_bin_2x3,enclosure_manual_review_access_opening_bottom_sill,no,,104.500000,5.0,ok,
manual_review_bin_2x3,enclosure_manual_review_access_simple_pull_handle,no,,123.799233,5.0,ok,
manual_review_bin_2x3,enclosure_top_open_front_rectangular_rail,no,,386.723739,5.0,ok,
manual_review_bin_2x3,enclosure_top_open_rear_rectangular_rail,no,,789.275142,5.0,ok,
manual_review_bin_2x3,enclosure_top_open_left_rectangular_rail,no,,514.323828,5.0,ok,
manual_review_bin_2x3,enclosure_top_open_right_rectangular_rail,no,,804.716720,5.0,ok,
manual_review_bin_2x3,control_box_housing,no,,850.585234,5.0,ok,
manual_review_bin_2x3,din_rail_and_mounting,no,,860.393079,5.0,ok,
manual_review_bin_2x3,controller_board_placeholder,no,,848.914159,5.0,ok,
manual_review_bin_2x3,motor_driver_placeholders,no,,871.856783,5.0,ok,
manual_review_bin_2x3,power_supply_placeholder,no,,840.288195,5.0,ok,
manual_review_bin_2x3,terminal_blocks,no,,901.782818,5.0,ok,
manual_review_bin_2x3,cable_glands_and_connectors,no,,1013.634303,5.0,ok,
manual_review_bin_2x3,ventilation_slots,no,,956.324605,5.0,ok,
manual_review_bin_2x3,mounting_brackets,no,,850.651074,5.0,ok,
input_box_1_demo_tube_01_purple75,input_box_1_demo_tube_02_yellow100,no,,68.000000,5.0,ok,
input_box_1_demo_tube_01_purple75,input_box_1_demo_tube_03_blue75,no,,124.579292,5.0,ok,
input_box_1_demo_tube_01_purple75,input_box_1_demo_tube_04_red75,no,,56.568542,5.0,ok,
input_box_1_demo_tube_01_purple75,input_box_1_demo_tube_05_purple75,no,,117.643529,5.0,ok,
input_box_1_demo_tube_01_purple75,input_box_2_demo_tube_01_purple75,no,,114.000000,5.0,ok,
input_box_1_demo_tube_01_purple75,input_box_2_demo_tube_02_yellow100,no,,132.740348,5.0,ok,
input_box_1_demo_tube_01_purple75,input_box_2_demo_tube_03_blue75,no,,188.520556,5.0,ok,
input_box_1_demo_tube_01_purple75,input_box_2_demo_tube_04_red75,no,,174.642492,5.0,ok,
input_box_1_demo_tube_01_purple75,input_box_2_demo_tube_05_purple75,no,,220.045450,5.0,ok,
input_box_1_demo_tube_01_purple75,input_box_3_demo_tube_01_purple75,no,,244.000000,5.0,ok,
input_box_1_demo_tube_01_purple75,input_box_3_demo_tube_02_yellow100,no,,253.298243,5.0,ok,
input_box_1_demo_tube_01_purple75,input_box_3_demo_tube_03_blue75,no,,298.931430,5.0,ok,
input_box_1_demo_tube_01_purple75,input_box_3_demo_tube_04_red75,no,,302.654919,5.0,ok,
input_box_1_demo_tube_01_purple75,input_box_3_demo_tube_05_purple75,no,,341.760150,5.0,ok,
input_box_1_demo_tube_01_purple75,input_box_4_demo_tube_01_purple75,no,,374.000000,5.0,ok,
input_box_1_demo_tube_01_purple75,input_box_4_demo_tube_02_yellow100,no,,380.131556,5.0,ok,
input_box_1_demo_tube_01_purple75,input_box_4_demo_tube_03_blue75,no,,420.689910,5.0,ok,
input_box_1_demo_tube_01_purple75,input_box_4_demo_tube_04_red75,no,,431.856458,5.0,ok,
input_box_1_demo_tube_01_purple75,input_box_4_demo_tube_05_purple75,no,,467.952989,5.0,ok,
input_box_1_demo_tube_01_purple75,scan_station_demo_tube_yellow100,no,,350.052853,5.0,ok,
input_box_1_demo_tube_01_purple75,category_A_classified_tube_01_purple75,no,,484.228252,5.0,ok,
input_box_1_demo_tube_01_purple75,category_A_classified_tube_02_purple75,no,,545.003670,5.0,ok,
input_box_1_demo_tube_01_purple75,category_A_classified_tube_03_purple75,no,,606.152621,5.0,ok,
input_box_1_demo_tube_01_purple75,category_B_classified_tube_01_yellow100,no,,691.127340,5.0,ok,
input_box_1_demo_tube_01_purple75,category_B_classified_tube_02_yellow100,no,,750.818886,5.0,ok,
input_box_1_demo_tube_01_purple75,category_B_classified_tube_03_yellow100,no,,810.950677,5.0,ok,
input_box_1_demo_tube_01_purple75,category_C_classified_tube_01_blue75,no,,565.824178,5.0,ok,
input_box_1_demo_tube_01_purple75,category_C_classified_tube_02_blue75,no,,628.067672,5.0,ok,
input_box_1_demo_tube_01_purple75,category_C_classified_tube_03_blue75,no,,690.377433,5.0,ok,
input_box_1_demo_tube_01_purple75,category_D_classified_tube_01_red75,no,,750.557793,5.0,ok,
input_box_1_demo_tube_01_purple75,category_D_classified_tube_02_red75,no,,813.122992,5.0,ok,
input_box_1_demo_tube_01_purple75,category_D_classified_tube_03_red75,no,,875.694581,5.0,ok,
input_box_1_demo_tube_01_purple75,enclosure_bottom_rear_rail,no,,97.252249,5.0,ok,
input_box_1_demo_tube_01_purple75,enclosure_bottom_left_rail,no,,174.140748,5.0,ok,
input_box_1_demo_tube_01_purple75,enclosure_bottom_right_rail,no,,974.025154,5.0,ok,
input_box_1_demo_tube_01_purple75,enclosure_bottom_front_left_stub,no,,753.587420,5.0,ok,
input_box_1_demo_tube_01_purple75,enclosure_bottom_front_center_stub,no,,820.134288,5.0,ok,
input_box_1_demo_tube_01_purple75,enclosure_bottom_front_right_stub,no,,1143.282117,5.0,ok,
input_box_1_demo_tube_01_purple75,enclosure_corner_post_front_left,no,,770.893637,5.0,ok,
input_box_1_demo_tube_01_purple75,enclosure_corner_post_front_right,no,,1229.909346,5.0,ok,
input_box_1_demo_tube_01_purple75,enclosure_corner_post_rear_left,no,,199.210943,5.0,ok,
input_box_1_demo_tube_01_purple75,enclosure_corner_post_rear_right,no,,978.818165,5.0,ok,
input_box_1_demo_tube_01_purple75,enclosure_top_rear_crossbeam,no,,326.730776,5.0,ok,
input_box_1_demo_tube_01_purple75,enclosure_top_left_crossbeam,no,,357.239416,5.0,ok,
input_box_1_demo_tube_01_purple75,enclosure_top_right_crossbeam,no,,1022.751192,5.0,ok,
input_box_1_demo_tube_01_purple75,enclosure_front_upper_left_beam,no,,813.231209,5.0,ok,
input_box_1_demo_tube_01_purple75,enclosure_front_upper_center_beam,no,,872.831026,5.0,ok,
input_box_1_demo_tube_01_purple75,enclosure_front_upper_right_beam,no,,1107.632159,5.0,ok,
input_box_1_demo_tube_01_purple75,enclosure_rear_transparent_panel,no,,95.500000,5.0,ok,
input_box_1_demo_tube_01_purple75,enclosure_left_transparent_panel,no,,172.500000,5.0,ok,
input_box_1_demo_tube_01_purple75,enclosure_right_transparent_panel,no,,972.500000,5.0,ok,
input_box_1_demo_tube_01_purple75,enclosure_front_left_low_panel,no,,766.274266,5.0,ok,
input_box_1_demo_tube_01_purple75,enclosure_front_center_low_panel,no,,835.653786,5.0,ok,
input_box_1_demo_tube_01_purple75,enclosure_front_right_low_panel,no,,1192.634164,5.0,ok,
input_box_1_demo_tube_01_purple75,enclosure_input_box_replace_opening_left_jamb,no,,764.181261,5.0,ok,
input_box_1_demo_tube_01_purple75,enclosure_input_box_replace_opening_right_jamb,no,,794.187006,5.0,ok,
input_box_1_demo_tube_01_purple75,enclosure_input_box_replace_opening_top_rail,no,,777.048905,5.0,ok,
input_box_1_demo_tube_01_purple75,enclosure_input_box_replace_opening_bottom_sill,no,,758.010554,5.0,ok,
input_box_1_demo_tube_01_purple75,enclosure_output_box_replace_opening_left_jamb,no,,885.106208,5.0,ok,
input_box_1_demo_tube_01_purple75,enclosure_output_box_replace_opening_right_jamb,no,,1159.177726,5.0,ok,
input_box_1_demo_tube_01_purple75,enclosure_output_box_replace_opening_top_rail,no,,901.473239,5.0,ok,
input_box_1_demo_tube_01_purple75,enclosure_output_box_replace_opening_bottom_sill,no,,885.115247,5.0,ok,
input_box_1_demo_tube_01_purple75,enclosure_input_door_simple_pull_handle,no,,806.067615,5.0,ok,
input_box_1_demo_tube_01_purple75,enclosure_output_door_simple_pull_handle,no,,1167.349562,5.0,ok,
input_box_1_demo_tube_01_purple75,enclosure_manual_review_access_opening_left_jamb,no,,769.941556,5.0,ok,
input_box_1_demo_tube_01_purple75,enclosure_manual_review_access_opening_right_jamb,no,,816.902687,5.0,ok,
input_box_1_demo_tube_01_purple75,enclosure_manual_review_access_opening_top_rail,no,,771.763565,5.0,ok,
input_box_1_demo_tube_01_purple75,enclosure_manual_review_access_opening_bottom_sill,no,,770.035064,5.0,ok,
input_box_1_demo_tube_01_purple75,enclosure_manual_review_access_simple_pull_handle,no,,828.092990,5.0,ok,
input_box_1_demo_tube_01_purple75,enclosure_top_open_front_rectangular_rail,no,,813.231209,5.0,ok,
input_box_1_demo_tube_01_purple75,enclosure_top_open_rear_rectangular_rail,no,,326.730776,5.0,ok,
input_box_1_demo_tube_01_purple75,enclosure_top_open_left_rectangular_rail,no,,357.239416,5.0,ok,
input_box_1_demo_tube_01_purple75,enclosure_top_open_right_rectangular_rail,no,,1022.751192,5.0,ok,
input_box_1_demo_tube_01_purple75,control_box_housing,no,,722.768628,5.0,ok,
input_box_1_demo_tube_01_purple75,din_rail_and_mounting,no,,742.262083,5.0,ok,
input_box_1_demo_tube_01_purple75,controller_board_placeholder,no,,727.470274,5.0,ok,
input_box_1_demo_tube_01_purple75,motor_driver_placeholders,no,,779.517800,5.0,ok,
input_box_1_demo_tube_01_purple75,power_supply_placeholder,no,,727.907274,5.0,ok,
input_box_1_demo_tube_01_purple75,terminal_blocks,no,,823.924754,5.0,ok,
input_box_1_demo_tube_01_purple75,cable_glands_and_connectors,no,,807.021220,5.0,ok,
input_box_1_demo_tube_01_purple75,ventilation_slots,no,,798.435501,5.0,ok,
input_box_1_demo_tube_01_purple75,mounting_brackets,no,,721.904426,5.0,ok,
input_box_1_demo_tube_02_yellow100,input_box_1_demo_tube_03_blue75,no,,41.761226,5.0,ok,
input_box_1_demo_tube_02_yellow100,input_box_1_demo_tube_04_red75,no,,41.761226,5.0,ok,
input_box_1_demo_tube_02_yellow100,input_box_1_demo_tube_05_purple75,no,,69.050706,5.0,ok,
input_box_1_demo_tube_02_yellow100,input_box_2_demo_tube_01_purple75,no,,132.740348,5.0,ok,
input_box_1_demo_tube_02_yellow100,input_box_2_demo_tube_02_yellow100,no,,114.000000,5.0,ok,
input_box_1_demo_tube_02_yellow100,input_box_2_demo_tube_03_blue75,no,,147.526269,5.0,ok,
input_box_1_demo_tube_02_yellow100,input_box_2_demo_tube_04_red75,no,,170.423003,5.0,ok,
input_box_1_demo_tube_02_yellow100,input_box_2_demo_tube_05_purple75,no,,198.363303,5.0,ok,
input_box_1_demo_tube_02_yellow100,input_box_3_demo_tube_01_purple75,no,,253.298243,5.0,ok,
input_box_1_demo_tube_02_yellow100,input_box_3_demo_tube_02_yellow100,no,,244.000000,5.0,ok,
input_box_1_demo_tube_02_yellow100,input_box_3_demo_tube_03_blue75,no,,274.925444,5.0,ok,
input_box_1_demo_tube_02_yellow100,input_box_3_demo_tube_04_red75,no,,300.239904,5.0,ok,
input_box_1_demo_tube_02_yellow100,input_box_3_demo_tube_05_purple75,no,,328.219439,5.0,ok,
input_box_1_demo_tube_02_yellow100,input_box_4_demo_tube_01_purple75,no,,380.131556,5.0,ok,
input_box_1_demo_tube_02_yellow100,input_box_4_demo_tube_02_yellow100,no,,374.000000,5.0,ok,
input_box_1_demo_tube_02_yellow100,input_box_4_demo_tube_03_blue75,no,,403.985148,5.0,ok,
input_box_1_demo_tube_02_yellow100,input_box_4_demo_tube_04_red75,no,,430.167409,5.0,ok,
input_box_1_demo_tube_02_yellow100,input_box_4_demo_tube_05_purple75,no,,458.157178,5.0,ok,
input_box_1_demo_tube_02_yellow100,scan_station_demo_tube_yellow100,no,,297.659201,5.0,ok,
input_box_1_demo_tube_02_yellow100,category_A_classified_tube_01_purple75,no,,402.369233,5.0,ok,
input_box_1_demo_tube_02_yellow100,category_A_classified_tube_02_purple75,no,,463.729447,5.0,ok,
input_box_1_demo_tube_02_yellow100,category_A_classified_tube_03_purple75,no,,525.384621,5.0,ok,
input_box_1_demo_tube_02_yellow100,category_B_classified_tube_01_yellow100,no,,608.112654,5.0,ok,
input_box_1_demo_tube_02_yellow100,category_B_classified_tube_02_yellow100,no,,668.180365,5.0,ok,
input_box_1_demo_tube_02_yellow100,category_B_classified_tube_03_yellow100,no,,728.676197,5.0,ok,
input_box_1_demo_tube_02_yellow100,category_C_classified_tube_01_blue75,no,,497.575120,5.0,ok,
input_box_1_demo_tube_02_yellow100,category_C_classified_tube_02_blue75,no,,559.003578,5.0,ok,
input_box_1_demo_tube_02_yellow100,category_C_classified_tube_03_blue75,no,,620.668188,5.0,ok,
input_box_1_demo_tube_02_yellow100,category_D_classified_tube_01_red75,no,,674.893325,5.0,ok,
input_box_1_demo_tube_02_yellow100,category_D_classified_tube_02_red75,no,,737.499153,5.0,ok,
input_box_1_demo_tube_02_yellow100,category_D_classified_tube_03_red75,no,,800.105618,5.0,ok,
input_box_1_demo_tube_02_yellow100,enclosure_bottom_rear_rail,no,,97.252249,5.0,ok,
input_box_1_demo_tube_02_yellow100,enclosure_bottom_left_rail,no,,258.094944,5.0,ok,
input_box_1_demo_tube_02_yellow100,enclosure_bottom_right_rail,no,,890.027528,5.0,ok,
input_box_1_demo_tube_02_yellow100,enclosure_bottom_front_left_stub,no,,765.092151,5.0,ok,
input_box_1_demo_tube_02_yellow100,enclosure_bottom_front_center_stub,no,,790.139386,5.0,ok,
input_box_1_demo_tube_02_yellow100,enclosure_bottom_front_right_stub,no,,1081.357480,5.0,ok,
input_box_1_demo_tube_02_yellow100,enclosure_corner_post_front_left,no,,794.081230,5.0,ok,
input_box_1_demo_tube_02_yellow100,enclosure_corner_post_front_right,no,,1164.517497,5.0,ok,
input_box_1_demo_tube_02_yellow100,enclosure_corner_post_rear_left,no,,275.632001,5.0,ok,
input_box_1_demo_tube_02_yellow100,enclosure_corner_post_rear_right,no,,895.270350,5.0,ok,
input_box_1_demo_tube_02_yellow100,enclosure_top_rear_crossbeam,no,,302.948841,5.0,ok,
input_box_1_demo_tube_02_yellow100,enclosure_top_left_crossbeam,no,,385.918385,5.0,ok,
input_box_1_demo_tube_02_yellow100,enclosure_top_right_crossbeam,no,,935.130472,5.0,ok,
input_box_1_demo_tube_02_yellow100,enclosure_front_upper_left_beam,no,,804.776988,5.0,ok,
input_box_1_demo_tube_02_yellow100,enclosure_front_upper_center_beam,no,,837.053762,5.0,ok,
input_box_1_demo_tube_02_yellow100,enclosure_front_upper_right_beam,no,,1045.272213,5.0,ok,
input_box_1_demo_tube_02_yellow100,enclosure_rear_transparent_panel,no,,95.500000,5.0,ok,
input_box_1_demo_tube_02_yellow100,enclosure_left_transparent_panel,no,,256.500000,5.0,ok,
input_box_1_demo_tube_02_yellow100,enclosure_right_transparent_panel,no,,888.500000,5.0,ok,
input_box_1_demo_tube_02_yellow100,enclosure_front_left_low_panel,no,,784.046076,5.0,ok,
input_box_1_demo_tube_02_yellow100,enclosure_front_center_low_panel,no,,803.575292,5.0,ok,
input_box_1_demo_tube_02_yellow100,enclosure_front_right_low_panel,no,,1128.953608,5.0,ok,
input_box_1_demo_tube_02_yellow100,enclosure_input_box_replace_opening_left_jamb,no,,779.310593,5.0,ok,
input_box_1_demo_tube_02_yellow100,enclosure_input_box_replace_opening_right_jamb,no,,773.287139,5.0,ok,
input_box_1_demo_tube_02_yellow100,enclosure_input_box_replace_opening_top_rail,no,,771.932640,5.0,ok,
input_box_1_demo_tube_02_yellow100,enclosure_input_box_replace_opening_bottom_sill,no,,758.010554,5.0,ok,
input_box_1_demo_tube_02_yellow100,enclosure_output_box_replace_opening_left_jamb,no,,844.803527,5.0,ok,
input_box_1_demo_tube_02_yellow100,enclosure_output_box_replace_opening_right_jamb,no,,1097.001823,5.0,ok,
input_box_1_demo_tube_02_yellow100,enclosure_output_box_replace_opening_top_rail,no,,857.326659,5.0,ok,
input_box_1_demo_tube_02_yellow100,enclosure_output_box_replace_opening_bottom_sill,no,,844.812997,5.0,ok,
input_box_1_demo_tube_02_yellow100,enclosure_input_door_simple_pull_handle,no,,785.054138,5.0,ok,
input_box_1_demo_tube_02_yellow100,enclosure_output_door_simple_pull_handle,no,,1105.328006,5.0,ok,
input_box_1_demo_tube_02_yellow100,enclosure_manual_review_access_opening_left_jamb,no,,761.715170,5.0,ok,
input_box_1_demo_tube_02_yellow100,enclosure_manual_review_access_opening_right_jamb,no,,790.246797,5.0,ok,
input_box_1_demo_tube_02_yellow100,enclosure_manual_review_access_opening_top_rail,no,,762.229624,5.0,ok,
input_box_1_demo_tube_02_yellow100,enclosure_manual_review_access_opening_bottom_sill,no,,761.809688,5.0,ok,
input_box_1_demo_tube_02_yellow100,enclosure_manual_review_access_simple_pull_handle,no,,801.809204,5.0,ok,
input_box_1_demo_tube_02_yellow100,enclosure_top_open_front_rectangular_rail,no,,803.971393,5.0,ok,
input_box_1_demo_tube_02_yellow100,enclosure_top_open_rear_rectangular_rail,no,,302.948841,5.0,ok,
input_box_1_demo_tube_02_yellow100,enclosure_top_open_left_rectangular_rail,no,,385.918385,5.0,ok,
input_box_1_demo_tube_02_yellow100,enclosure_top_open_right_rectangular_rail,no,,935.130472,5.0,ok,
input_box_1_demo_tube_02_yellow100,control_box_housing,no,,640.183169,5.0,ok,
input_box_1_demo_tube_02_yellow100,din_rail_and_mounting,no,,659.570315,5.0,ok,
input_box_1_demo_tube_02_yellow100,controller_board_placeholder,no,,644.705359,5.0,ok,
input_box_1_demo_tube_02_yellow100,motor_driver_placeholders,no,,696.425158,5.0,ok,
input_box_1_demo_tube_02_yellow100,power_supply_placeholder,no,,644.937982,5.0,ok,
input_box_1_demo_tube_02_yellow100,terminal_blocks,no,,740.823866,5.0,ok,
input_box_1_demo_tube_02_yellow100,cable_glands_and_connectors,no,,729.212760,5.0,ok,
input_box_1_demo_tube_02_yellow100,ventilation_slots,no,,717.829541,5.0,ok,
input_box_1_demo_tube_02_yellow100,mounting_brackets,no,,639.338721,5.0,ok,
input_box_1_demo_tube_03_blue75,input_box_1_demo_tube_04_red75,no,,69.050706,5.0,ok,
input_box_1_demo_tube_03_blue75,input_box_1_demo_tube_05_purple75,no,,41.761226,5.0,ok,
input_box_1_demo_tube_03_blue75,input_box_2_demo_tube_01_purple75,no,,150.903943,5.0,ok,
input_box_1_demo_tube_03_blue75,input_box_2_demo_tube_02_yellow100,no,,94.847246,5.0,ok,
input_box_1_demo_tube_03_blue75,input_box_2_demo_tube_03_blue75,no,,114.000000,5.0,ok,
input_box_1_demo_tube_03_blue75,input_box_2_demo_tube_04_red75,no,,157.442053,5.0,ok,
input_box_1_demo_tube_03_blue75,input_box_2_demo_tube_05_purple75,no,,170.423003,5.0,ok,
input_box_1_demo_tube_03_blue75,input_box_3_demo_tube_01_purple75,no,,249.062241,5.0,ok,
input_box_1_demo_tube_03_blue75,input_box_3_demo_tube_02_yellow100,no,,219.672483,5.0,ok,
input_box_1_demo_tube_03_blue75,input_box_3_demo_tube_03_blue75,no,,244.000000,5.0,ok,
input_box_1_demo_tube_03_blue75,input_box_3_demo_tube_04_red75,no,,280.371183,5.0,ok,
input_box_1_demo_tube_03_blue75,input_box_3_demo_tube_05_purple75,no,,300.239904,5.0,ok,
input_box_1_demo_tube_03_blue75,input_box_4_demo_tube_01_purple75,no,,367.548636,5.0,ok,
input_box_1_demo_tube_03_blue75,input_box_4_demo_tube_02_yellow100,no,,348.304465,5.0,ok,
input_box_1_demo_tube_03_blue75,input_box_4_demo_tube_03_blue75,no,,374.000000,5.0,ok,
input_box_1_demo_tube_03_blue75,input_box_4_demo_tube_04_red75,no,,407.710682,5.0,ok,
input_box_1_demo_tube_03_blue75,input_box_4_demo_tube_05_purple75,no,,430.167409,5.0,ok,
input_box_1_demo_tube_03_blue75,scan_station_demo_tube_yellow100,no,,246.058936,5.0,ok,
input_box_1_demo_tube_03_blue75,category_A_classified_tube_01_purple75,no,,341.463029,5.0,ok,
input_box_1_demo_tube_03_blue75,category_A_classified_tube_02_purple75,no,,402.369233,5.0,ok,
input_box_1_demo_tube_03_blue75,category_A_classified_tube_03_purple75,no,,463.729447,5.0,ok,
input_box_1_demo_tube_03_blue75,category_B_classified_tube_01_yellow100,no,,548.613707,5.0,ok,
input_box_1_demo_tube_03_blue75,category_B_classified_tube_02_yellow100,no,,608.112654,5.0,ok,
input_box_1_demo_tube_03_blue75,category_B_classified_tube_03_yellow100,no,,668.180365,5.0,ok,
input_box_1_demo_tube_03_blue75,category_C_classified_tube_01_blue75,no,,436.482531,5.0,ok,
input_box_1_demo_tube_03_blue75,category_C_classified_tube_02_blue75,no,,497.575120,5.0,ok,
input_box_1_demo_tube_03_blue75,category_C_classified_tube_03_blue75,no,,559.003578,5.0,ok,
input_box_1_demo_tube_03_blue75,category_D_classified_tube_01_red75,no,,612.288331,5.0,ok,
input_box_1_demo_tube_03_blue75,category_D_classified_tube_02_red75,no,,674.893325,5.0,ok,
input_box_1_demo_tube_03_blue75,category_D_classified_tube_03_red75,no,,737.499153,5.0,ok,
input_box_1_demo_tube_03_blue75,enclosure_bottom_rear_rail,no,,125.195847,5.0,ok,
input_box_1_demo_tube_03_blue75,enclosure_bottom_left_rail,no,,314.078016,5.0,ok,
input_box_1_demo_tube_03_blue75,enclosure_bottom_right_rail,no,,834.029376,5.0,ok,
input_box_1_demo_tube_03_blue75,enclosure_bottom_front_left_stub,no,,750.720987,5.0,ok,
input_box_1_demo_tube_03_blue75,enclosure_bottom_front_center_stub,no,,747.454514,5.0,ok,
input_box_1_demo_tube_03_blue75,enclosure_bottom_front_right_stub,no,,1021.793521,5.0,ok,
input_box_1_demo_tube_03_blue75,enclosure_corner_post_front_left,no,,788.241714,5.0,ok,
input_box_1_demo_tube_03_blue75,enclosure_corner_post_front_right,no,,1103.759485,5.0,ok,
input_box_1_demo_tube_03_blue75,enclosure_corner_post_rear_left,no,,337.965975,5.0,ok,
input_box_1_demo_tube_03_blue75,enclosure_corner_post_rear_right,no,,843.315481,5.0,ok,
input_box_1_demo_tube_03_blue75,enclosure_top_rear_crossbeam,no,,336.108613,5.0,ok,
input_box_1_demo_tube_03_blue75,enclosure_top_left_crossbeam,no,,442.651104,5.0,ok,
input_box_1_demo_tube_03_blue75,enclosure_top_right_crossbeam,no,,890.449325,5.0,ok,
input_box_1_demo_tube_03_blue75,enclosure_front_upper_left_beam,no,,792.803254,5.0,ok,
input_box_1_demo_tube_03_blue75,enclosure_front_upper_center_beam,no,,807.094790,5.0,ok,
input_box_1_demo_tube_03_blue75,enclosure_front_upper_right_beam,no,,997.304868,5.0,ok,
input_box_1_demo_tube_03_blue75,enclosure_rear_transparent_panel,no,,123.500000,5.0,ok,
input_box_1_demo_tube_03_blue75,enclosure_left_transparent_panel,no,,312.500000,5.0,ok,
input_box_1_demo_tube_03_blue75,enclosure_right_transparent_panel,no,,832.500000,5.0,ok,
input_box_1_demo_tube_03_blue75,enclosure_front_left_low_panel,no,,774.181019,5.0,ok,
input_box_1_demo_tube_03_blue75,enclosure_front_center_low_panel,no,,759.563855,5.0,ok,
input_box_1_demo_tube_03_blue75,enclosure_front_right_low_panel,no,,1068.754532,5.0,ok,
input_box_1_demo_tube_03_blue75,enclosure_input_box_replace_opening_left_jamb,no,,767.508306,5.0,ok,
input_box_1_demo_tube_03_blue75,enclosure_input_box_replace_opening_right_jamb,no,,736.416322,5.0,ok,
input_box_1_demo_tube_03_blue75,enclosure_input_box_replace_opening_top_rail,no,,749.760628,5.0,ok,
input_box_1_demo_tube_03_blue75,enclosure_input_box_replace_opening_bottom_sill,no,,730.010959,5.0,ok,
input_box_1_demo_tube_03_blue75,enclosure_output_box_replace_opening_left_jamb,no,,795.857399,5.0,ok,
input_box_1_demo_tube_03_blue75,enclosure_output_box_replace_opening_right_jamb,no,,1037.337457,5.0,ok,
input_box_1_demo_tube_03_blue75,enclosure_output_box_replace_opening_top_rail,no,,814.020884,5.0,ok,
input_box_1_demo_tube_03_blue75,enclosure_output_box_replace_opening_bottom_sill,no,,795.867451,5.0,ok,
input_box_1_demo_tube_03_blue75,enclosure_input_door_simple_pull_handle,no,,748.764983,5.0,ok,
input_box_1_demo_tube_03_blue75,enclosure_output_door_simple_pull_handle,no,,1046.140048,5.0,ok,
input_box_1_demo_tube_03_blue75,enclosure_manual_review_access_opening_left_jamb,no,,733.000000,5.0,ok,
input_box_1_demo_tube_03_blue75,enclosure_manual_review_access_opening_right_jamb,no,,749.625240,5.0,ok,
input_box_1_demo_tube_03_blue75,enclosure_manual_review_access_opening_top_rail,no,,734.913600,5.0,ok,
input_box_1_demo_tube_03_blue75,enclosure_manual_review_access_opening_bottom_sill,no,,733.098220,5.0,ok,
input_box_1_demo_tube_03_blue75,enclosure_manual_review_access_simple_pull_handle,no,,761.363251,5.0,ok,
input_box_1_demo_tube_03_blue75,enclosure_top_open_front_rectangular_rail,no,,787.447141,5.0,ok,
input_box_1_demo_tube_03_blue75,enclosure_top_open_rear_rectangular_rail,no,,336.108613,5.0,ok,
input_box_1_demo_tube_03_blue75,enclosure_top_open_left_rectangular_rail,no,,442.651104,5.0,ok,
input_box_1_demo_tube_03_blue75,enclosure_top_open_right_rectangular_rail,no,,890.449325,5.0,ok,
input_box_1_demo_tube_03_blue75,control_box_housing,no,,591.928450,5.0,ok,
input_box_1_demo_tube_03_blue75,din_rail_and_mounting,no,,610.954172,5.0,ok,
input_box_1_demo_tube_03_blue75,controller_board_placeholder,no,,595.910228,5.0,ok,
input_box_1_demo_tube_03_blue75,motor_driver_placeholders,no,,646.467323,5.0,ok,
input_box_1_demo_tube_03_blue75,power_supply_placeholder,no,,595.503988,5.0,ok,
input_box_1_demo_tube_03_blue75,terminal_blocks,no,,690.753212,5.0,ok,
input_box_1_demo_tube_03_blue75,cable_glands_and_connectors,no,,690.558651,5.0,ok,
input_box_1_demo_tube_03_blue75,ventilation_slots,no,,674.055821,5.0,ok,
input_box_1_demo_tube_03_blue75,mounting_brackets,no,,591.142961,5.0,ok,
input_box_1_demo_tube_04_red75,input_box_1_demo_tube_05_purple75,no,,41.761226,5.0,ok,
input_box_1_demo_tube_04_red75,input_box_2_demo_tube_01_purple75,no,,70.455660,5.0,ok,
input_box_1_demo_tube_04_red75,input_box_2_demo_tube_02_yellow100,no,,59.228372,5.0,ok,
input_box_1_demo_tube_04_red75,input_box_2_demo_tube_03_blue75,no,,109.635761,5.0,ok,
input_box_1_demo_tube_04_red75,input_box_2_demo_tube_04_red75,no,,114.000000,5.0,ok,
input_box_1_demo_tube_04_red75,input_box_2_demo_tube_05_purple75,no,,147.526269,5.0,ok,
input_box_1_demo_tube_04_red75,input_box_3_demo_tube_01_purple75,no,,192.208220,5.0,ok,
input_box_1_demo_tube_04_red75,input_box_3_demo_tube_02_yellow100,no,,188.382589,5.0,ok,
input_box_1_demo_tube_04_red75,input_box_3_demo_tube_03_blue75,no,,226.450878,5.0,ok,
input_box_1_demo_tube_04_red75,input_box_3_demo_tube_04_red75,no,,244.000000,5.0,ok,
input_box_1_demo_tube_04_red75,input_box_3_demo_tube_05_purple75,no,,274.925444,5.0,ok,
input_box_1_demo_tube_04_red75,input_box_4_demo_tube_01_purple75,no,,320.505850,5.0,ok,
input_box_1_demo_tube_04_red75,input_box_4_demo_tube_02_yellow100,no,,318.226335,5.0,ok,
input_box_1_demo_tube_04_red75,input_box_4_demo_tube_03_blue75,no,,352.618774,5.0,ok,
input_box_1_demo_tube_04_red75,input_box_4_demo_tube_04_red75,no,,374.000000,5.0,ok,
input_box_1_demo_tube_04_red75,input_box_4_demo_tube_05_purple75,no,,403.985148,5.0,ok,
input_box_1_demo_tube_04_red75,scan_station_demo_tube_yellow100,no,,270.867126,5.0,ok,
input_box_1_demo_tube_04_red75,category_A_classified_tube_01_purple75,no,,420.205902,5.0,ok,
input_box_1_demo_tube_04_red75,category_A_classified_tube_02_purple75,no,,479.288014,5.0,ok,
input_box_1_demo_tube_04_red75,category_A_classified_tube_03_purple75,no,,539.166950,5.0,ok,
input_box_1_demo_tube_04_red75,category_B_classified_tube_01_yellow100,no,,629.470412,5.0,ok,
input_box_1_demo_tube_04_red75,category_B_classified_tube_02_yellow100,no,,687.675069,5.0,ok,
input_box_1_demo_tube_04_red75,category_B_classified_tube_03_yellow100,no,,746.592928,5.0,ok,
input_box_1_demo_tube_04_red75,category_C_classified_tube_01_blue75,no,,488.603111,5.0,ok,
input_box_1_demo_tube_04_red75,category_C_classified_tube_02_blue75,no,,551.032667,5.0,ok,
input_box_1_demo_tube_04_red75,category_C_classified_tube_03_blue75,no,,613.498981,5.0,ok,
input_box_1_demo_tube_04_red75,category_D_classified_tube_01_red75,no,,677.047266,5.0,ok,
input_box_1_demo_tube_04_red75,category_D_classified_tube_02_red75,no,,739.470757,5.0,ok,
input_box_1_demo_tube_04_red75,category_D_classified_tube_03_red75,no,,801.923313,5.0,ok,
input_box_1_demo_tube_04_red75,enclosure_bottom_rear_rail,no,,153.160047,5.0,ok,
input_box_1_demo_tube_04_red75,enclosure_bottom_left_rail,no,,230.106497,5.0,ok,
input_box_1_demo_tube_04_red75,enclosure_bottom_right_rail,no,,918.026688,5.0,ok,
input_box_1_demo_tube_04_red75,enclosure_bottom_front_left_stub,no,,704.980851,5.0,ok,
input_box_1_demo_tube_04_red75,enclosure_bottom_front_center_stub,no,,746.911139,5.0,ok,
input_box_1_demo_tube_04_red75,enclosure_bottom_front_right_stub,no,,1064.288495,5.0,ok,
input_box_1_demo_tube_04_red75,enclosure_corner_post_front_left,no,,732.068986,5.0,ok,
input_box_1_demo_tube_04_red75,enclosure_corner_post_front_right,no,,1151.411742,5.0,ok,
input_box_1_demo_tube_04_red75,enclosure_corner_post_rear_left,no,,276.240837,5.0,ok,
input_box_1_demo_tube_04_red75,enclosure_corner_post_rear_right,no,,930.662667,5.0,ok,
input_box_1_demo_tube_04_red75,enclosure_top_rear_crossbeam,no,,347.495324,5.0,ok,
input_box_1_demo_tube_04_red75,enclosure_top_left_crossbeam,no,,387.613209,5.0,ok,
input_box_1_demo_tube_04_red75,enclosure_top_right_crossbeam,no,,969.571039,5.0,ok,
input_box_1_demo_tube_04_red75,enclosure_front_upper_left_beam,no,,761.861536,5.0,ok,
input_box_1_demo_tube_04_red75,enclosure_front_upper_center_beam,no,,805.288768,5.0,ok,
input_box_1_demo_tube_04_red75,enclosure_front_upper_right_beam,no,,1031.884199,5.0,ok,
input_box_1_demo_tube_04_red75,enclosure_rear_transparent_panel,no,,151.500000,5.0,ok,
input_box_1_demo_tube_04_red75,enclosure_left_transparent_panel,no,,228.500000,5.0,ok,
input_box_1_demo_tube_04_red75,enclosure_right_transparent_panel,no,,916.500000,5.0,ok,
input_box_1_demo_tube_04_red75,enclosure_front_left_low_panel,no,,722.761544,5.0,ok,
input_box_1_demo_tube_04_red75,enclosure_front_center_low_panel,no,,761.643782,5.0,ok,
input_box_1_demo_tube_04_red75,enclosure_front_right_low_panel,no,,1113.847499,5.0,ok,
input_box_1_demo_tube_04_red75,enclosure_input_box_replace_opening_left_jamb,no,,718.479645,5.0,ok,
input_box_1_demo_tube_04_red75,enclosure_input_box_replace_opening_right_jamb,no,,724.958620,5.0,ok,
input_box_1_demo_tube_04_red75,enclosure_input_box_replace_opening_top_rail,no,,722.526816,5.0,ok,
input_box_1_demo_tube_04_red75,enclosure_input_box_replace_opening_bottom_sill,no,,702.011396,5.0,ok,
input_box_1_demo_tube_04_red75,enclosure_output_box_replace_opening_left_jamb,no,,808.458410,5.0,ok,
input_box_1_demo_tube_04_red75,enclosure_output_box_replace_opening_right_jamb,no,,1080.205999,5.0,ok,
input_box_1_demo_tube_04_red75,enclosure_output_box_replace_opening_top_rail,no,,826.344964,5.0,ok,
input_box_1_demo_tube_04_red75,enclosure_output_box_replace_opening_bottom_sill,no,,808.468305,5.0,ok,
input_box_1_demo_tube_04_red75,enclosure_input_door_simple_pull_handle,no,,737.043418,5.0,ok,
input_box_1_demo_tube_04_red75,enclosure_output_door_simple_pull_handle,no,,1088.353343,5.0,ok,
input_box_1_demo_tube_04_red75,enclosure_manual_review_access_opening_left_jamb,no,,707.634086,5.0,ok,
input_box_1_demo_tube_04_red75,enclosure_manual_review_access_opening_right_jamb,no,,745.054360,5.0,ok,
input_box_1_demo_tube_04_red75,enclosure_manual_review_access_opening_top_rail,no,,709.616093,5.0,ok,
input_box_1_demo_tube_04_red75,enclosure_manual_review_access_opening_bottom_sill,no,,707.735826,5.0,ok,
input_box_1_demo_tube_04_red75,enclosure_manual_review_access_simple_pull_handle,no,,756.419196,5.0,ok,
input_box_1_demo_tube_04_red75,enclosure_top_open_front_rectangular_rail,no,,761.819532,5.0,ok,
input_box_1_demo_tube_04_red75,enclosure_top_open_rear_rectangular_rail,no,,347.495324,5.0,ok,
input_box_1_demo_tube_04_red75,enclosure_top_open_left_rectangular_rail,no,,387.613209,5.0,ok,
input_box_1_demo_tube_04_red75,enclosure_top_open_right_rectangular_rail,no,,969.571039,5.0,ok,
input_box_1_demo_tube_04_red75,control_box_housing,no,,680.326458,5.0,ok,
input_box_1_demo_tube_04_red75,din_rail_and_mounting,no,,699.297505,5.0,ok,
input_box_1_demo_tube_04_red75,controller_board_placeholder,no,,684.231686,5.0,ok,
input_box_1_demo_tube_04_red75,motor_driver_placeholders,no,,734.542034,5.0,ok,
input_box_1_demo_tube_04_red75,power_supply_placeholder,no,,683.714122,5.0,ok,
input_box_1_demo_tube_04_red75,terminal_blocks,no,,778.781099,5.0,ok,
input_box_1_demo_tube_04_red75,cable_glands_and_connectors,no,,778.158885,5.0,ok,
input_box_1_demo_tube_04_red75,ventilation_slots,no,,762.524262,5.0,ok,
input_box_1_demo_tube_04_red75,mounting_brackets,no,,679.548379,5.0,ok,
input_box_1_demo_tube_05_purple75,input_box_2_demo_tube_01_purple75,no,,100.578328,5.0,ok,
input_box_1_demo_tube_05_purple75,input_box_2_demo_tube_02_yellow100,no,,32.310989,5.0,ok,
input_box_1_demo_tube_05_purple75,input_box_2_demo_tube_03_blue75,no,,59.228372,5.0,ok,
input_box_1_demo_tube_05_purple75,input_box_2_demo_tube_04_red75,no,,94.847246,5.0,ok,
input_box_1_demo_tube_05_purple75,input_box_2_demo_tube_05_purple75,no,,114.000000,5.0,ok,
input_box_1_demo_tube_05_purple75,input_box_3_demo_tube_01_purple75,no,,186.590461,5.0,ok,
input_box_1_demo_tube_05_purple75,input_box_3_demo_tube_02_yellow100,no,,160.449369,5.0,ok,
input_box_1_demo_tube_05_purple75,input_box_3_demo_tube_03_blue75,no,,188.382589,5.0,ok,
input_box_1_demo_tube_05_purple75,input_box_3_demo_tube_04_red75,no,,219.672483,5.0,ok,
input_box_1_demo_tube_05_purple75,input_box_3_demo_tube_05_purple75,no,,244.000000,5.0,ok,
input_box_1_demo_tube_05_purple75,input_box_4_demo_tube_01_purple75,no,,305.476677,5.0,ok,
input_box_1_demo_tube_05_purple75,input_box_4_demo_tube_02_yellow100,no,,290.248170,5.0,ok,
input_box_1_demo_tube_05_purple75,input_box_4_demo_tube_03_blue75,no,,318.226335,5.0,ok,
input_box_1_demo_tube_05_purple75,input_box_4_demo_tube_04_red75,no,,348.304465,5.0,ok,
input_box_1_demo_tube_05_purple75,input_box_4_demo_tube_05_purple75,no,,374.000000,5.0,ok,
input_box_1_demo_tube_05_purple75,scan_station_demo_tube_yellow100,no,,212.868504,5.0,ok,
input_box_1_demo_tube_05_purple75,category_A_classified_tube_01_purple75,no,,362.310640,5.0,ok,
input_box_1_demo_tube_05_purple75,category_A_classified_tube_02_purple75,no,,420.205902,5.0,ok,
input_box_1_demo_tube_05_purple75,category_A_classified_tube_03_purple75,no,,479.288014,5.0,ok,
input_box_1_demo_tube_05_purple75,category_B_classified_tube_01_yellow100,no,,572.196645,5.0,ok,
input_box_1_demo_tube_05_purple75,category_B_classified_tube_02_yellow100,no,,629.470412,5.0,ok,
input_box_1_demo_tube_05_purple75,category_B_classified_tube_03_yellow100,no,,687.675069,5.0,ok,
input_box_1_demo_tube_05_purple75,category_C_classified_tube_01_blue75,no,,426.226466,5.0,ok,
input_box_1_demo_tube_05_purple75,category_C_classified_tube_02_blue75,no,,488.603111,5.0,ok,
input_box_1_demo_tube_05_purple75,category_C_classified_tube_03_blue75,no,,551.032667,5.0,ok,
input_box_1_demo_tube_05_purple75,category_D_classified_tube_01_red75,no,,614.661696,5.0,ok,
input_box_1_demo_tube_05_purple75,category_D_classified_tube_02_red75,no,,677.047266,5.0,ok,
input_box_1_demo_tube_05_purple75,category_D_classified_tube_03_red75,no,,739.470757,5.0,ok,
input_box_1_demo_tube_05_purple75,enclosure_bottom_rear_rail,no,,181.135309,5.0,ok,
input_box_1_demo_tube_05_purple75,enclosure_bottom_left_rail,no,,286.085652,5.0,ok,
input_box_1_demo_tube_05_purple75,enclosure_bottom_right_rail,no,,862.028422,5.0,ok,
input_box_1_demo_tube_05_purple75,enclosure_bottom_front_left_stub,no,,689.357672,5.0,ok,
input_box_1_demo_tube_05_purple75,enclosure_bottom_front_center_stub,no,,701.601204,5.0,ok,
input_box_1_demo_tube_05_purple75,enclosure_bottom_front_right_stub,no,,1003.712110,5.0,ok,
input_box_1_demo_tube_05_purple75,enclosure_corner_post_front_left,no,,725.730666,5.0,ok,
input_box_1_demo_tube_05_purple75,enclosure_corner_post_front_right,no,,1089.923392,5.0,ok,
input_box_1_demo_tube_05_purple75,enclosure_corner_post_rear_left,no,,338.462701,5.0,ok,
input_box_1_demo_tube_05_purple75,enclosure_corner_post_rear_right,no,,880.797934,5.0,ok,
input_box_1_demo_tube_05_purple75,enclosure_top_rear_crossbeam,no,,360.700707,5.0,ok,
input_box_1_demo_tube_05_purple75,enclosure_top_left_crossbeam,no,,423.249335,5.0,ok,
input_box_1_demo_tube_05_purple75,enclosure_top_right_crossbeam,no,,916.726786,5.0,ok,
input_box_1_demo_tube_05_purple75,enclosure_front_upper_left_beam,no,,739.140717,5.0,ok,
input_box_1_demo_tube_05_purple75,enclosure_front_upper_center_beam,no,,764.367713,5.0,ok,
input_box_1_demo_tube_05_purple75,enclosure_front_upper_right_beam,no,,975.619291,5.0,ok,
input_box_1_demo_tube_05_purple75,enclosure_rear_transparent_panel,no,,179.500000,5.0,ok,
input_box_1_demo_tube_05_purple75,enclosure_left_transparent_panel,no,,284.500000,5.0,ok,
input_box_1_demo_tube_05_purple75,enclosure_right_transparent_panel,no,,860.500000,5.0,ok,
input_box_1_demo_tube_05_purple75,enclosure_front_left_low_panel,no,,712.047927,5.0,ok,
input_box_1_demo_tube_05_purple75,enclosure_front_center_low_panel,no,,715.056117,5.0,ok,
input_box_1_demo_tube_05_purple75,enclosure_front_right_low_panel,no,,1052.784997,5.0,ok,
input_box_1_demo_tube_05_purple75,enclosure_input_box_replace_opening_left_jamb,no,,705.660683,5.0,ok,
input_box_1_demo_tube_05_purple75,enclosure_input_box_replace_opening_right_jamb,no,,685.493253,5.0,ok,
input_box_1_demo_tube_05_purple75,enclosure_input_box_replace_opening_top_rail,no,,695.353867,5.0,ok,
input_box_1_demo_tube_05_purple75,enclosure_input_box_replace_opening_bottom_sill,no,,674.011869,5.0,ok,
input_box_1_demo_tube_05_purple75,enclosure_output_box_replace_opening_left_jamb,no,,757.166428,5.0,ok,
input_box_1_demo_tube_05_purple75,enclosure_output_box_replace_opening_right_jamb,no,,1019.559218,5.0,ok,
input_box_1_demo_tube_05_purple75,enclosure_output_box_replace_opening_top_rail,no,,776.235789,5.0,ok,
input_box_1_demo_tube_05_purple75,enclosure_output_box_replace_opening_bottom_sill,no,,757.176994,5.0,ok,
input_box_1_demo_tube_05_purple75,enclosure_input_door_simple_pull_handle,no,,697.780051,5.0,ok,
input_box_1_demo_tube_05_purple75,enclosure_output_door_simple_pull_handle,no,,1027.860399,5.0,ok,
input_box_1_demo_tube_05_purple75,enclosure_manual_review_access_opening_left_jamb,no,,677.018464,5.0,ok,
input_box_1_demo_tube_05_purple75,enclosure_manual_review_access_opening_right_jamb,no,,701.821915,5.0,ok,
input_box_1_demo_tube_05_purple75,enclosure_manual_review_access_opening_top_rail,no,,679.089832,5.0,ok,
input_box_1_demo_tube_05_purple75,enclosure_manual_review_access_opening_bottom_sill,no,,677.124804,5.0,ok,
input_box_1_demo_tube_05_purple75,enclosure_manual_review_access_simple_pull_handle,no,,713.404514,5.0,ok,
input_box_1_demo_tube_05_purple75,enclosure_top_open_front_rectangular_rail,no,,736.364719,5.0,ok,
input_box_1_demo_tube_05_purple75,enclosure_top_open_rear_rectangular_rail,no,,360.700707,5.0,ok,
input_box_1_demo_tube_05_purple75,enclosure_top_open_left_rectangular_rail,no,,423.249335,5.0,ok,
input_box_1_demo_tube_05_purple75,enclosure_top_open_right_rectangular_rail,no,,916.726786,5.0,ok,
input_box_1_demo_tube_05_purple75,control_box_housing,no,,635.129034,5.0,ok,
input_box_1_demo_tube_05_purple75,din_rail_and_mounting,no,,653.642869,5.0,ok,
input_box_1_demo_tube_05_purple75,controller_board_placeholder,no,,638.464564,5.0,ok,
input_box_1_demo_tube_05_purple75,motor_driver_placeholders,no,,687.360168,5.0,ok,
input_box_1_demo_tube_05_purple75,power_supply_placeholder,no,,637.295065,5.0,ok,
input_box_1_demo_tube_05_purple75,terminal_blocks,no,,731.313886,5.0,ok,
input_box_1_demo_tube_05_purple75,cable_glands_and_connectors,no,,742.058791,5.0,ok,
input_box_1_demo_tube_05_purple75,ventilation_slots,no,,721.467428,5.0,ok,
input_box_1_demo_tube_05_purple75,mounting_brackets,no,,634.414691,5.0,ok,
input_box_2_demo_tube_01_purple75,input_box_2_demo_tube_02_yellow100,no,,68.000000,5.0,ok,
input_box_2_demo_tube_01_purple75,input_box_2_demo_tube_03_blue75,no,,124.579292,5.0,ok,
input_box_2_demo_tube_01_purple75,input_box_2_demo_tube_04_red75,no,,56.568542,5.0,ok,
input_box_2_demo_tube_01_purple75,input_box_2_demo_tube_05_purple75,no,,117.643529,5.0,ok,
input_box_2_demo_tube_01_purple75,input_box_3_demo_tube_01_purple75,no,,114.000000,5.0,ok,
input_box_2_demo_tube_01_purple75,input_box_3_demo_tube_02_yellow100,no,,132.740348,5.0,ok,
input_box_2_demo_tube_01_purple75,input_box_3_demo_tube_03_blue75,no,,188.520556,5.0,ok,
input_box_2_demo_tube_01_purple75,input_box_3_demo_tube_04_red75,no,,174.642492,5.0,ok,
input_box_2_demo_tube_01_purple75,input_box_3_demo_tube_05_purple75,no,,220.045450,5.0,ok,
input_box_2_demo_tube_01_purple75,input_box_4_demo_tube_01_purple75,no,,244.000000,5.0,ok,
input_box_2_demo_tube_01_purple75,input_box_4_demo_tube_02_yellow100,no,,253.298243,5.0,ok,
input_box_2_demo_tube_01_purple75,input_box_4_demo_tube_03_blue75,no,,298.931430,5.0,ok,
input_box_2_demo_tube_01_purple75,input_box_4_demo_tube_04_red75,no,,302.654919,5.0,ok,
input_box_2_demo_tube_01_purple75,input_box_4_demo_tube_05_purple75,no,,341.760150,5.0,ok,
input_box_2_demo_tube_01_purple75,scan_station_demo_tube_yellow100,no,,272.354548,5.0,ok,
input_box_2_demo_tube_01_purple75,category_A_classified_tube_01_purple75,no,,474.000000,5.0,ok,
input_box_2_demo_tube_01_purple75,category_A_classified_tube_02_purple75,no,,530.000000,5.0,ok,
input_box_2_demo_tube_01_purple75,category_A_classified_tube_03_purple75,no,,586.533034,5.0,ok,
input_box_2_demo_tube_01_purple75,category_B_classified_tube_01_yellow100,no,,684.000000,5.0,ok,
input_box_2_demo_tube_01_purple75,category_B_classified_tube_02_yellow100,no,,740.000000,5.0,ok,
input_box_2_demo_tube_01_purple75,category_B_classified_tube_03_yellow100,no,,796.392491,5.0,ok,
input_box_2_demo_tube_01_purple75,category_C_classified_tube_01_blue75,no,,506.672478,5.0,ok,
input_box_2_demo_tube_01_purple75,category_C_classified_tube_02_blue75,no,,568.989455,5.0,ok,
input_box_2_demo_tube_01_purple75,category_C_classified_tube_03_blue75,no,,631.364396,5.0,ok,
input_box_2_demo_tube_01_purple75,category_D_classified_tube_01_red75,no,,707.033945,5.0,ok,
input_box_2_demo_tube_01_purple75,category_D_classified_tube_02_red75,no,,768.406793,5.0,ok,
input_box_2_demo_tube_01_purple75,category_D_classified_tube_03_red75,no,,829.964457,5.0,ok,
input_box_2_demo_tube_01_purple75,enclosure_bottom_rear_rail,no,,227.107904,5.0,ok,
input_box_2_demo_tube_01_purple75,enclosure_bottom_left_rail,no,,174.140748,5.0,ok,
input_box_2_demo_tube_01_purple75,enclosure_bottom_right_rail,no,,974.025154,5.0,ok,
input_box_2_demo_tube_01_purple75,enclosure_bottom_front_left_stub,no,,624.126590,5.0,ok,
input_box_2_demo_tube_01_purple75,enclosure_bottom_front_center_stub,no,,703.036450,5.0,ok,
input_box_2_demo_tube_01_purple75,enclosure_bottom_front_right_stub,no,,1062.418938,5.0,ok,
input_box_2_demo_tube_01_purple75,enclosure_corner_post_front_left,no,,644.916274,5.0,ok,
input_box_2_demo_tube_01_purple75,enclosure_corner_post_front_right,no,,1155.126400,5.0,ok,
input_box_2_demo_tube_01_purple75,enclosure_corner_post_rear_left,no,,286.015734,5.0,ok,
input_box_2_demo_tube_01_purple75,enclosure_corner_post_rear_right,no,,1000.102495,5.0,ok,
input_box_2_demo_tube_01_purple75,enclosure_top_rear_crossbeam,no,,385.840641,5.0,ok,
input_box_2_demo_tube_01_purple75,enclosure_top_left_crossbeam,no,,357.239416,5.0,ok,
input_box_2_demo_tube_01_purple75,enclosure_top_right_crossbeam,no,,1022.751192,5.0,ok,
input_box_2_demo_tube_01_purple75,enclosure_front_upper_left_beam,no,,694.971222,5.0,ok,
input_box_2_demo_tube_01_purple75,enclosure_front_upper_center_beam,no,,763.854698,5.0,ok,
input_box_2_demo_tube_01_purple75,enclosure_front_upper_right_beam,no,,1023.957519,5.0,ok,
input_box_2_demo_tube_01_purple75,enclosure_rear_transparent_panel,no,,225.500000,5.0,ok,
input_box_2_demo_tube_01_purple75,enclosure_left_transparent_panel,no,,172.500000,5.0,ok,
input_box_2_demo_tube_01_purple75,enclosure_right_transparent_panel,no,,972.500000,5.0,ok,
input_box_2_demo_tube_01_purple75,enclosure_front_left_low_panel,no,,638.268165,5.0,ok,
input_box_2_demo_tube_01_purple75,enclosure_front_center_low_panel,no,,720.088363,5.0,ok,
input_box_2_demo_tube_01_purple75,enclosure_front_right_low_panel,no,,1114.713528,5.0,ok,
input_box_2_demo_tube_01_purple75,enclosure_input_box_replace_opening_left_jamb,no,,635.447087,5.0,ok,
input_box_2_demo_tube_01_purple75,enclosure_input_box_replace_opening_right_jamb,no,,671.232449,5.0,ok,
input_box_2_demo_tube_01_purple75,enclosure_input_box_replace_opening_top_rail,no,,650.864809,5.0,ok,
input_box_2_demo_tube_01_purple75,enclosure_input_box_replace_opening_bottom_sill,no,,628.012739,5.0,ok,
input_box_2_demo_tube_01_purple75,enclosure_output_box_replace_opening_left_jamb,no,,776.680758,5.0,ok,
input_box_2_demo_tube_01_purple75,enclosure_output_box_replace_opening_right_jamb,no,,1078.662598,5.0,ok,
input_box_2_demo_tube_01_purple75,enclosure_output_box_replace_opening_top_rail,no,,795.282340,5.0,ok,
input_box_2_demo_tube_01_purple75,enclosure_output_box_replace_opening_bottom_sill,no,,776.691058,5.0,ok,
input_box_2_demo_tube_01_purple75,enclosure_input_door_simple_pull_handle,no,,682.967788,5.0,ok,
input_box_2_demo_tube_01_purple75,enclosure_output_door_simple_pull_handle,no,,1086.004144,5.0,ok,
input_box_2_demo_tube_01_purple75,enclosure_manual_review_access_opening_left_jamb,no,,641.755405,5.0,ok,
input_box_2_demo_tube_01_purple75,enclosure_manual_review_access_opening_right_jamb,no,,697.402323,5.0,ok,
input_box_2_demo_tube_01_purple75,enclosure_manual_review_access_opening_top_rail,no,,643.940215,5.0,ok,
input_box_2_demo_tube_01_purple75,enclosure_manual_review_access_opening_bottom_sill,no,,641.867588,5.0,ok,
input_box_2_demo_tube_01_purple75,enclosure_manual_review_access_simple_pull_handle,no,,708.278194,5.0,ok,
input_box_2_demo_tube_01_purple75,enclosure_top_open_front_rectangular_rail,no,,694.971222,5.0,ok,
input_box_2_demo_tube_01_purple75,enclosure_top_open_rear_rectangular_rail,no,,385.840641,5.0,ok,
input_box_2_demo_tube_01_purple75,enclosure_top_open_left_rectangular_rail,no,,357.239416,5.0,ok,
input_box_2_demo_tube_01_purple75,enclosure_top_open_right_rectangular_rail,no,,1022.751192,5.0,ok,
input_box_2_demo_tube_01_purple75,control_box_housing,no,,756.050587,5.0,ok,
input_box_2_demo_tube_01_purple75,din_rail_and_mounting,no,,774.488864,5.0,ok,
input_box_2_demo_tube_01_purple75,controller_board_placeholder,no,,759.297702,5.0,ok,
input_box_2_demo_tube_01_purple75,motor_driver_placeholders,no,,807.853947,5.0,ok,
input_box_2_demo_tube_01_purple75,power_supply_placeholder,no,,758.003298,5.0,ok,
input_box_2_demo_tube_01_purple75,terminal_blocks,no,,851.699478,5.0,ok,
input_box_2_demo_tube_01_purple75,cable_glands_and_connectors,no,,862.161963,5.0,ok,
input_box_2_demo_tube_01_purple75,ventilation_slots,no,,842.483976,5.0,ok,
input_box_2_demo_tube_01_purple75,mounting_brackets,no,,755.344954,5.0,ok,
input_box_2_demo_tube_02_yellow100,input_box_2_demo_tube_03_blue75,no,,41.761226,5.0,ok,
input_box_2_demo_tube_02_yellow100,input_box_2_demo_tube_04_red75,no,,41.761226,5.0,ok,
input_box_2_demo_tube_02_yellow100,input_box_2_demo_tube_05_purple75,no,,69.050706,5.0,ok,
input_box_2_demo_tube_02_yellow100,input_box_3_demo_tube_01_purple75,no,,132.740348,5.0,ok,
input_box_2_demo_tube_02_yellow100,input_box_3_demo_tube_02_yellow100,no,,114.000000,5.0,ok,
input_box_2_demo_tube_02_yellow100,input_box_3_demo_tube_03_blue75,no,,147.526269,5.0,ok,
input_box_2_demo_tube_02_yellow100,input_box_3_demo_tube_04_red75,no,,170.423003,5.0,ok,
input_box_2_demo_tube_02_yellow100,input_box_3_demo_tube_05_purple75,no,,198.363303,5.0,ok,
input_box_2_demo_tube_02_yellow100,input_box_4_demo_tube_01_purple75,no,,253.298243,5.0,ok,
input_box_2_demo_tube_02_yellow100,input_box_4_demo_tube_02_yellow100,no,,244.000000,5.0,ok,
input_box_2_demo_tube_02_yellow100,input_box_4_demo_tube_03_blue75,no,,274.925444,5.0,ok,
input_box_2_demo_tube_02_yellow100,input_box_4_demo_tube_04_red75,no,,300.239904,5.0,ok,
input_box_2_demo_tube_02_yellow100,input_box_4_demo_tube_05_purple75,no,,328.219439,5.0,ok,
input_box_2_demo_tube_02_yellow100,scan_station_demo_tube_yellow100,no,,200.601595,5.0,ok,
input_box_2_demo_tube_02_yellow100,category_A_classified_tube_01_purple75,no,,390.000000,5.0,ok,
input_box_2_demo_tube_02_yellow100,category_A_classified_tube_02_purple75,no,,446.000000,5.0,ok,
input_box_2_demo_tube_02_yellow100,category_A_classified_tube_03_purple75,no,,502.622124,5.0,ok,
input_box_2_demo_tube_02_yellow100,category_B_classified_tube_01_yellow100,no,,600.000000,5.0,ok,
input_box_2_demo_tube_02_yellow100,category_B_classified_tube_02_yellow100,no,,656.000000,5.0,ok,
input_box_2_demo_tube_02_yellow100,category_B_classified_tube_03_yellow100,no,,712.438769,5.0,ok,
input_box_2_demo_tube_02_yellow100,category_C_classified_tube_01_blue75,no,,429.116534,5.0,ok,
input_box_2_demo_tube_02_yellow100,category_C_classified_tube_02_blue75,no,,491.696044,5.0,ok,
input_box_2_demo_tube_02_yellow100,category_C_classified_tube_03_blue75,no,,554.282419,5.0,ok,
input_box_2_demo_tube_02_yellow100,category_D_classified_tube_01_red75,no,,626.131775,5.0,ok,
input_box_2_demo_tube_02_yellow100,category_D_classified_tube_02_red75,no,,687.884438,5.0,ok,
input_box_2_demo_tube_02_yellow100,category_D_classified_tube_03_red75,no,,749.779301,5.0,ok,
input_box_2_demo_tube_02_yellow100,enclosure_bottom_rear_rail,no,,227.107904,5.0,ok,
input_box_2_demo_tube_02_yellow100,enclosure_bottom_left_rail,no,,258.094944,5.0,ok,
input_box_2_demo_tube_02_yellow100,enclosure_bottom_right_rail,no,,890.027528,5.0,ok,
input_box_2_demo_tube_02_yellow100,enclosure_bottom_front_left_stub,no,,637.970219,5.0,ok,
input_box_2_demo_tube_02_yellow100,enclosure_bottom_front_center_stub,no,,667.802553,5.0,ok,
input_box_2_demo_tube_02_yellow100,enclosure_bottom_front_right_stub,no,,995.476770,5.0,ok,
input_box_2_demo_tube_02_yellow100,enclosure_corner_post_front_left,no,,672.461895,5.0,ok,
input_box_2_demo_tube_02_yellow100,enclosure_corner_post_front_right,no,,1085.237762,5.0,ok,
input_box_2_demo_tube_02_yellow100,enclosure_corner_post_rear_left,no,,343.646621,5.0,ok,
input_box_2_demo_tube_02_yellow100,enclosure_corner_post_rear_right,no,,918.492787,5.0,ok,
input_box_2_demo_tube_02_yellow100,enclosure_top_rear_crossbeam,no,,365.920756,5.0,ok,
input_box_2_demo_tube_02_yellow100,enclosure_top_left_crossbeam,no,,385.918385,5.0,ok,
input_box_2_demo_tube_02_yellow100,enclosure_top_right_crossbeam,no,,935.130472,5.0,ok,
input_box_2_demo_tube_02_yellow100,enclosure_front_upper_left_beam,no,,685.059122,5.0,ok,
input_box_2_demo_tube_02_yellow100,enclosure_front_upper_center_beam,no,,722.702567,5.0,ok,
input_box_2_demo_tube_02_yellow100,enclosure_front_upper_right_beam,no,,956.155845,5.0,ok,
input_box_2_demo_tube_02_yellow100,enclosure_rear_transparent_panel,no,,225.500000,5.0,ok,
input_box_2_demo_tube_02_yellow100,enclosure_left_transparent_panel,no,,256.500000,5.0,ok,
input_box_2_demo_tube_02_yellow100,enclosure_right_transparent_panel,no,,888.500000,5.0,ok,
input_box_2_demo_tube_02_yellow100,enclosure_front_left_low_panel,no,,659.498484,5.0,ok,
input_box_2_demo_tube_02_yellow100,enclosure_front_center_low_panel,no,,682.600359,5.0,ok,
input_box_2_demo_tube_02_yellow100,enclosure_front_right_low_panel,no,,1046.301223,5.0,ok,
input_box_2_demo_tube_02_yellow100,enclosure_input_box_replace_opening_left_jamb,no,,653.563310,5.0,ok,
input_box_2_demo_tube_02_yellow100,enclosure_input_box_replace_opening_right_jamb,no,,646.369090,5.0,ok,
input_box_2_demo_tube_02_yellow100,enclosure_input_box_replace_opening_top_rail,no,,644.748013,5.0,ok,
input_box_2_demo_tube_02_yellow100,enclosure_input_box_replace_opening_bottom_sill,no,,628.012739,5.0,ok,
input_box_2_demo_tube_02_yellow100,enclosure_output_box_replace_opening_left_jamb,no,,730.419742,5.0,ok,
input_box_2_demo_tube_02_yellow100,enclosure_output_box_replace_opening_right_jamb,no,,1011.549801,5.0,ok,
input_box_2_demo_tube_02_yellow100,enclosure_output_box_replace_opening_top_rail,no,,744.868445,5.0,ok,
input_box_2_demo_tube_02_yellow100,enclosure_output_box_replace_opening_bottom_sill,no,,730.430695,5.0,ok,
input_box_2_demo_tube_02_yellow100,enclosure_input_door_simple_pull_handle,no,,658.034953,5.0,ok,
input_box_2_demo_tube_02_yellow100,enclosure_output_door_simple_pull_handle,no,,1019.043669,5.0,ok,
input_box_2_demo_tube_02_yellow100,enclosure_manual_review_access_opening_left_jamb,no,,631.862327,5.0,ok,
input_box_2_demo_tube_02_yellow100,enclosure_manual_review_access_opening_right_jamb,no,,665.980480,5.0,ok,
input_box_2_demo_tube_02_yellow100,enclosure_manual_review_access_opening_top_rail,no,,632.482411,5.0,ok,
input_box_2_demo_tube_02_yellow100,enclosure_manual_review_access_opening_bottom_sill,no,,631.976265,5.0,ok,
input_box_2_demo_tube_02_yellow100,enclosure_manual_review_access_simple_pull_handle,no,,677.361056,5.0,ok,
input_box_2_demo_tube_02_yellow100,enclosure_top_open_front_rectangular_rail,no,,684.112564,5.0,ok,
input_box_2_demo_tube_02_yellow100,enclosure_top_open_rear_rectangular_rail,no,,365.920756,5.0,ok,
input_box_2_demo_tube_02_yellow100,enclosure_top_open_left_rectangular_rail,no,,385.918385,5.0,ok,
input_box_2_demo_tube_02_yellow100,enclosure_top_open_right_rectangular_rail,no,,935.130472,5.0,ok,
input_box_2_demo_tube_02_yellow100,control_box_housing,no,,677.534125,5.0,ok,
input_box_2_demo_tube_02_yellow100,din_rail_and_mounting,no,,695.638556,5.0,ok,
input_box_2_demo_tube_02_yellow100,controller_board_placeholder,no,,680.415314,5.0,ok,
input_box_2_demo_tube_02_yellow100,motor_driver_placeholders,no,,728.002747,5.0,ok,
input_box_2_demo_tube_02_yellow100,power_supply_placeholder,no,,678.723066,5.0,ok,
input_box_2_demo_tube_02_yellow100,terminal_blocks,no,,771.595749,5.0,ok,
input_box_2_demo_tube_02_yellow100,cable_glands_and_connectors,no,,789.804564,5.0,ok,
input_box_2_demo_tube_02_yellow100,ventilation_slots,no,,766.524135,5.0,ok,
input_box_2_demo_tube_02_yellow100,mounting_brackets,no,,676.870741,5.0,ok,
input_box_2_demo_tube_03_blue75,input_box_2_demo_tube_04_red75,no,,69.050706,5.0,ok,
input_box_2_demo_tube_03_blue75,input_box_2_demo_tube_05_purple75,no,,41.761226,5.0,ok,
input_box_2_demo_tube_03_blue75,input_box_3_demo_tube_01_purple75,no,,150.903943,5.0,ok,
input_box_2_demo_tube_03_blue75,input_box_3_demo_tube_02_yellow100,no,,94.847246,5.0,ok,
input_box_2_demo_tube_03_blue75,input_box_3_demo_tube_03_blue75,no,,114.000000,5.0,ok,
input_box_2_demo_tube_03_blue75,input_box_3_demo_tube_04_red75,no,,157.442053,5.0,ok,
input_box_2_demo_tube_03_blue75,input_box_3_demo_tube_05_purple75,no,,170.423003,5.0,ok,
input_box_2_demo_tube_03_blue75,input_box_4_demo_tube_01_purple75,no,,249.062241,5.0,ok,
input_box_2_demo_tube_03_blue75,input_box_4_demo_tube_02_yellow100,no,,219.672483,5.0,ok,
input_box_2_demo_tube_03_blue75,input_box_4_demo_tube_03_blue75,no,,244.000000,5.0,ok,
input_box_2_demo_tube_03_blue75,input_box_4_demo_tube_04_red75,no,,280.371183,5.0,ok,
input_box_2_demo_tube_03_blue75,input_box_4_demo_tube_05_purple75,no,,300.239904,5.0,ok,
input_box_2_demo_tube_03_blue75,scan_station_demo_tube_yellow100,no,,139.517024,5.0,ok,
input_box_2_demo_tube_03_blue75,category_A_classified_tube_01_purple75,no,,335.089540,5.0,ok,
input_box_2_demo_tube_03_blue75,category_A_classified_tube_02_purple75,no,,390.000000,5.0,ok,
input_box_2_demo_tube_03_blue75,category_A_classified_tube_03_purple75,no,,446.000000,5.0,ok,
input_box_2_demo_tube_03_blue75,category_B_classified_tube_01_yellow100,no,,544.669625,5.0,ok,
input_box_2_demo_tube_03_blue75,category_B_classified_tube_02_yellow100,no,,600.000000,5.0,ok,
input_box_2_demo_tube_03_blue75,category_B_classified_tube_03_yellow100,no,,656.000000,5.0,ok,
input_box_2_demo_tube_03_blue75,category_C_classified_tube_01_blue75,no,,366.547405,5.0,ok,
input_box_2_demo_tube_03_blue75,category_C_classified_tube_02_blue75,no,,429.116534,5.0,ok,
input_box_2_demo_tube_03_blue75,category_C_classified_tube_03_blue75,no,,491.696044,5.0,ok,
input_box_2_demo_tube_03_blue75,category_D_classified_tube_01_red75,no,,564.567976,5.0,ok,
input_box_2_demo_tube_03_blue75,category_D_classified_tube_02_red75,no,,626.131775,5.0,ok,
input_box_2_demo_tube_03_blue75,category_D_classified_tube_03_red75,no,,687.884438,5.0,ok,
input_box_2_demo_tube_03_blue75,enclosure_bottom_rear_rail,no,,255.096060,5.0,ok,
input_box_2_demo_tube_03_blue75,enclosure_bottom_left_rail,no,,314.078016,5.0,ok,
input_box_2_demo_tube_03_blue75,enclosure_bottom_right_rail,no,,834.029376,5.0,ok,
input_box_2_demo_tube_03_blue75,enclosure_bottom_front_left_stub,no,,626.499800,5.0,ok,
input_box_2_demo_tube_03_blue75,enclosure_bottom_front_center_stub,no,,622.581922,5.0,ok,
input_box_2_demo_tube_03_blue75,enclosure_bottom_front_right_stub,no,,934.335058,5.0,ok,
input_box_2_demo_tube_03_blue75,enclosure_corner_post_front_left,no,,671.002981,5.0,ok,
input_box_2_demo_tube_03_blue75,enclosure_corner_post_front_right,no,,1023.330347,5.0,ok,
input_box_2_demo_tube_03_blue75,enclosure_corner_post_rear_left,no,,404.500927,5.0,ok,
input_box_2_demo_tube_03_blue75,enclosure_corner_post_rear_right,no,,872.112951,5.0,ok,
input_box_2_demo_tube_03_blue75,enclosure_top_rear_crossbeam,no,,402.950369,5.0,ok,
input_box_2_demo_tube_03_blue75,enclosure_top_left_crossbeam,no,,442.651104,5.0,ok,
input_box_2_demo_tube_03_blue75,enclosure_top_right_crossbeam,no,,890.449325,5.0,ok,
input_box_2_demo_tube_03_blue75,enclosure_front_upper_left_beam,no,,676.355676,5.0,ok,
input_box_2_demo_tube_03_blue75,enclosure_front_upper_center_beam,no,,693.052668,5.0,ok,
input_box_2_demo_tube_03_blue75,enclosure_front_upper_right_beam,no,,907.489394,5.0,ok,
input_box_2_demo_tube_03_blue75,enclosure_rear_transparent_panel,no,,253.500000,5.0,ok,
input_box_2_demo_tube_03_blue75,enclosure_left_transparent_panel,no,,312.500000,5.0,ok,
input_box_2_demo_tube_03_blue75,enclosure_right_transparent_panel,no,,832.500000,5.0,ok,
input_box_2_demo_tube_03_blue75,enclosure_front_left_low_panel,no,,653.334715,5.0,ok,
input_box_2_demo_tube_03_blue75,enclosure_front_center_low_panel,no,,635.945949,5.0,ok,
input_box_2_demo_tube_03_blue75,enclosure_front_right_low_panel,no,,984.746795,5.0,ok,
input_box_2_demo_tube_03_blue75,enclosure_input_box_replace_opening_left_jamb,no,,645.111618,5.0,ok,
input_box_2_demo_tube_03_blue75,enclosure_input_box_replace_opening_right_jamb,no,,607.790260,5.0,ok,
input_box_2_demo_tube_03_blue75,enclosure_input_box_replace_opening_top_rail,no,,623.891818,5.0,ok,
input_box_2_demo_tube_03_blue75,enclosure_input_box_replace_opening_bottom_sill,no,,600.013333,5.0,ok,
input_box_2_demo_tube_03_blue75,enclosure_output_box_replace_opening_left_jamb,no,,678.593398,5.0,ok,
input_box_2_demo_tube_03_blue75,enclosure_output_box_replace_opening_right_jamb,no,,950.352040,5.0,ok,
input_box_2_demo_tube_03_blue75,enclosure_output_box_replace_opening_top_rail,no,,699.807116,5.0,ok,
input_box_2_demo_tube_03_blue75,enclosure_output_box_replace_opening_bottom_sill,no,,678.605187,5.0,ok,
input_box_2_demo_tube_03_blue75,enclosure_input_door_simple_pull_handle,no,,620.184650,5.0,ok,
input_box_2_demo_tube_03_blue75,enclosure_output_door_simple_pull_handle,no,,958.326145,5.0,ok,
input_box_2_demo_tube_03_blue75,enclosure_manual_review_access_opening_left_jamb,no,,603.000000,5.0,ok,
input_box_2_demo_tube_03_blue75,enclosure_manual_review_access_opening_right_jamb,no,,623.103523,5.0,ok,
input_box_2_demo_tube_03_blue75,enclosure_manual_review_access_opening_top_rail,no,,605.324706,5.0,ok,
input_box_2_demo_tube_03_blue75,enclosure_manual_review_access_opening_bottom_sill,no,,603.119391,5.0,ok,
input_box_2_demo_tube_03_blue75,enclosure_manual_review_access_simple_pull_handle,no,,634.723562,5.0,ok,
input_box_2_demo_tube_03_blue75,enclosure_top_open_front_rectangular_rail,no,,670.069399,5.0,ok,
input_box_2_demo_tube_03_blue75,enclosure_top_open_rear_rectangular_rail,no,,402.950369,5.0,ok,
input_box_2_demo_tube_03_blue75,enclosure_top_open_left_rectangular_rail,no,,442.651104,5.0,ok,
input_box_2_demo_tube_03_blue75,enclosure_top_open_right_rectangular_rail,no,,890.449325,5.0,ok,
input_box_2_demo_tube_03_blue75,control_box_housing,no,,637.869336,5.0,ok,
input_box_2_demo_tube_03_blue75,din_rail_and_mounting,no,,655.305272,5.0,ok,
input_box_2_demo_tube_03_blue75,controller_board_placeholder,no,,640.085151,5.0,ok,
input_box_2_demo_tube_03_blue75,motor_driver_placeholders,no,,685.696726,5.0,ok,
input_box_2_demo_tube_03_blue75,power_supply_placeholder,no,,637.671546,5.0,ok,
input_box_2_demo_tube_03_blue75,terminal_blocks,no,,728.670021,5.0,ok,
input_box_2_demo_tube_03_blue75,cable_glands_and_connectors,no,,759.072625,5.0,ok,
input_box_2_demo_tube_03_blue75,ventilation_slots,no,,730.692309,5.0,ok,
input_box_2_demo_tube_03_blue75,mounting_brackets,no,,637.283297,5.0,ok,
input_box_2_demo_tube_04_red75,input_box_2_demo_tube_05_purple75,no,,41.761226,5.0,ok,
input_box_2_demo_tube_04_red75,input_box_3_demo_tube_01_purple75,no,,70.455660,5.0,ok,
input_box_2_demo_tube_04_red75,input_box_3_demo_tube_02_yellow100,no,,59.228372,5.0,ok,
input_box_2_demo_tube_04_red75,input_box_3_demo_tube_03_blue75,no,,109.635761,5.0,ok,
input_box_2_demo_tube_04_red75,input_box_3_demo_tube_04_red75,no,,114.000000,5.0,ok,
input_box_2_demo_tube_04_red75,input_box_3_demo_tube_05_purple75,no,,147.526269,5.0,ok,
input_box_2_demo_tube_04_red75,input_box_4_demo_tube_01_purple75,no,,192.208220,5.0,ok,
input_box_2_demo_tube_04_red75,input_box_4_demo_tube_02_yellow100,no,,188.382589,5.0,ok,
input_box_2_demo_tube_04_red75,input_box_4_demo_tube_03_blue75,no,,226.450878,5.0,ok,
input_box_2_demo_tube_04_red75,input_box_4_demo_tube_04_red75,no,,244.000000,5.0,ok,
input_box_2_demo_tube_04_red75,input_box_4_demo_tube_05_purple75,no,,274.925444,5.0,ok,
input_box_2_demo_tube_04_red75,scan_station_demo_tube_yellow100,no,,198.919582,5.0,ok,
input_box_2_demo_tube_04_red75,category_A_classified_tube_01_purple75,no,,421.602894,5.0,ok,
input_box_2_demo_tube_04_red75,category_A_classified_tube_02_purple75,no,,474.768365,5.0,ok,
input_box_2_demo_tube_04_red75,category_A_classified_tube_03_purple75,no,,530.000000,5.0,ok,
input_box_2_demo_tube_04_red75,category_B_classified_tube_01_yellow100,no,,630.403839,5.0,ok,
input_box_2_demo_tube_04_red75,category_B_classified_tube_02_yellow100,no,,684.532687,5.0,ok,
input_box_2_demo_tube_04_red75,category_B_classified_tube_03_yellow100,no,,740.000000,5.0,ok,
input_box_2_demo_tube_04_red75,category_C_classified_tube_01_blue75,no,,435.721241,5.0,ok,
input_box_2_demo_tube_04_red75,category_C_classified_tube_02_blue75,no,,497.470602,5.0,ok,
input_box_2_demo_tube_04_red75,category_C_classified_tube_03_blue75,no,,559.411298,5.0,ok,
input_box_2_demo_tube_04_red75,category_D_classified_tube_01_red75,no,,639.932028,5.0,ok,
input_box_2_demo_tube_04_red75,category_D_classified_tube_02_red75,no,,700.469129,5.0,ok,
input_box_2_demo_tube_04_red75,category_D_classified_tube_03_red75,no,,761.341579,5.0,ok,
input_box_2_demo_tube_04_red75,enclosure_bottom_rear_rail,no,,283.086559,5.0,ok,
input_box_2_demo_tube_04_red75,enclosure_bottom_left_rail,no,,230.106497,5.0,ok,
input_box_2_demo_tube_04_red75,enclosure_bottom_right_rail,no,,918.026688,5.0,ok,
input_box_2_demo_tube_04_red75,enclosure_bottom_front_left_stub,no,,577.233055,5.0,ok,
input_box_2_demo_tube_04_red75,enclosure_bottom_front_center_stub,no,,627.754928,5.0,ok,
input_box_2_demo_tube_04_red75,enclosure_bottom_front_right_stub,no,,984.332261,5.0,ok,
input_box_2_demo_tube_04_red75,enclosure_corner_post_front_left,no,,610.020491,5.0,ok,
input_box_2_demo_tube_04_red75,enclosure_corner_post_front_right,no,,1077.937382,5.0,ok,
input_box_2_demo_tube_04_red75,enclosure_corner_post_rear_left,no,,364.676569,5.0,ok,
input_box_2_demo_tube_04_red75,enclosure_corner_post_rear_right,no,,960.631563,5.0,ok,
input_box_2_demo_tube_04_red75,enclosure_top_rear_crossbeam,no,,421.227967,5.0,ok,
input_box_2_demo_tube_04_red75,enclosure_top_left_crossbeam,no,,387.613209,5.0,ok,
input_box_2_demo_tube_04_red75,enclosure_top_right_crossbeam,no,,969.571039,5.0,ok,
input_box_2_demo_tube_04_red75,enclosure_front_upper_left_beam,no,,645.471146,5.0,ok,
input_box_2_demo_tube_04_red75,enclosure_front_upper_center_beam,no,,696.196811,5.0,ok,
input_box_2_demo_tube_04_red75,enclosure_front_upper_right_beam,no,,949.202297,5.0,ok,
input_box_2_demo_tube_04_red75,enclosure_rear_transparent_panel,no,,281.500000,5.0,ok,
input_box_2_demo_tube_04_red75,enclosure_left_transparent_panel,no,,228.500000,5.0,ok,
input_box_2_demo_tube_04_red75,enclosure_right_transparent_panel,no,,916.500000,5.0,ok,
input_box_2_demo_tube_04_red75,enclosure_front_left_low_panel,no,,597.623837,5.0,ok,
input_box_2_demo_tube_04_red75,enclosure_front_center_low_panel,no,,644.104999,5.0,ok,
input_box_2_demo_tube_04_red75,enclosure_front_right_low_panel,no,,1037.027603,5.0,ok,
input_box_2_demo_tube_04_red75,enclosure_input_box_replace_opening_left_jamb,no,,592.108943,5.0,ok,
input_box_2_demo_tube_04_red75,enclosure_input_box_replace_opening_right_jamb,no,,599.954165,5.0,ok,
input_box_2_demo_tube_04_red75,enclosure_input_box_replace_opening_top_rail,no,,597.013400,5.0,ok,
input_box_2_demo_tube_04_red75,enclosure_input_box_replace_opening_bottom_sill,no,,572.013986,5.0,ok,
input_box_2_demo_tube_04_red75,enclosure_output_box_replace_opening_left_jamb,no,,698.559232,5.0,ok,
input_box_2_demo_tube_04_red75,enclosure_output_box_replace_opening_right_jamb,no,,1000.612313,5.0,ok,
input_box_2_demo_tube_04_red75,enclosure_output_box_replace_opening_top_rail,no,,719.184260,5.0,ok,
input_box_2_demo_tube_04_red75,enclosure_output_box_replace_opening_bottom_sill,no,,698.570684,5.0,ok,
input_box_2_demo_tube_04_red75,enclosure_input_door_simple_pull_handle,no,,611.958332,5.0,ok,
input_box_2_demo_tube_04_red75,enclosure_output_door_simple_pull_handle,no,,1007.855644,5.0,ok,
input_box_2_demo_tube_04_red75,enclosure_manual_review_access_opening_left_jamb,no,,578.226599,5.0,ok,
input_box_2_demo_tube_04_red75,enclosure_manual_review_access_opening_right_jamb,no,,623.462910,5.0,ok,
input_box_2_demo_tube_04_red75,enclosure_manual_review_access_opening_top_rail,no,,580.650497,5.0,ok,
input_box_2_demo_tube_04_red75,enclosure_manual_review_access_opening_bottom_sill,no,,578.351104,5.0,ok,
input_box_2_demo_tube_04_red75,enclosure_manual_review_access_simple_pull_handle,no,,634.547083,5.0,ok,
input_box_2_demo_tube_04_red75,enclosure_top_open_front_rectangular_rail,no,,645.421568,5.0,ok,
input_box_2_demo_tube_04_red75,enclosure_top_open_rear_rectangular_rail,no,,421.227967,5.0,ok,
input_box_2_demo_tube_04_red75,enclosure_top_open_left_rectangular_rail,no,,387.613209,5.0,ok,
input_box_2_demo_tube_04_red75,enclosure_top_open_right_rectangular_rail,no,,969.571039,5.0,ok,
input_box_2_demo_tube_04_red75,control_box_housing,no,,725.687322,5.0,ok,
input_box_2_demo_tube_04_red75,din_rail_and_mounting,no,,743.274512,5.0,ok,
input_box_2_demo_tube_04_red75,controller_board_placeholder,no,,728.047389,5.0,ok,
input_box_2_demo_tube_04_red75,motor_driver_placeholders,no,,774.010336,5.0,ok,
input_box_2_demo_tube_04_red75,power_supply_placeholder,no,,725.772003,5.0,ok,
input_box_2_demo_tube_04_red75,terminal_blocks,no,,817.067929,5.0,ok,
input_box_2_demo_tube_04_red75,cable_glands_and_connectors,no,,843.878694,5.0,ok,
input_box_2_demo_tube_04_red75,ventilation_slots,no,,817.485933,5.0,ok,
input_box_2_demo_tube_04_red75,mounting_brackets,no,,725.083443,5.0,ok,
input_box_2_demo_tube_05_purple75,input_box_3_demo_tube_01_purple75,no,,100.578328,5.0,ok,
input_box_2_demo_tube_05_purple75,input_box_3_demo_tube_02_yellow100,no,,32.310989,5.0,ok,
input_box_2_demo_tube_05_purple75,input_box_3_demo_tube_03_blue75,no,,59.228372,5.0,ok,
input_box_2_demo_tube_05_purple75,input_box_3_demo_tube_04_red75,no,,94.847246,5.0,ok,
input_box_2_demo_tube_05_purple75,input_box_3_demo_tube_05_purple75,no,,114.000000,5.0,ok,
input_box_2_demo_tube_05_purple75,input_box_4_demo_tube_01_purple75,no,,186.590461,5.0,ok,
input_box_2_demo_tube_05_purple75,input_box_4_demo_tube_02_yellow100,no,,160.449369,5.0,ok,
input_box_2_demo_tube_05_purple75,input_box_4_demo_tube_03_blue75,no,,188.382589,5.0,ok,
input_box_2_demo_tube_05_purple75,input_box_4_demo_tube_04_red75,no,,219.672483,5.0,ok,
input_box_2_demo_tube_05_purple75,input_box_4_demo_tube_05_purple75,no,,244.000000,5.0,ok,
input_box_2_demo_tube_05_purple75,scan_station_demo_tube_yellow100,no,,137.087563,5.0,ok,
input_box_2_demo_tube_05_purple75,category_A_classified_tube_01_purple75,no,,371.393323,5.0,ok,
input_box_2_demo_tube_05_purple75,category_A_classified_tube_02_purple75,no,,421.602894,5.0,ok,
input_box_2_demo_tube_05_purple75,category_A_classified_tube_03_purple75,no,,474.768365,5.0,ok,
input_box_2_demo_tube_05_purple75,category_B_classified_tube_01_yellow100,no,,577.990484,5.0,ok,
input_box_2_demo_tube_05_purple75,category_B_classified_tube_02_yellow100,no,,630.403839,5.0,ok,
input_box_2_demo_tube_05_purple75,category_B_classified_tube_03_yellow100,no,,684.532687,5.0,ok,
input_box_2_demo_tube_05_purple75,category_C_classified_tube_01_blue75,no,,374.257932,5.0,ok,
input_box_2_demo_tube_05_purple75,category_C_classified_tube_02_blue75,no,,435.721241,5.0,ok,
input_box_2_demo_tube_05_purple75,category_C_classified_tube_03_blue75,no,,497.470602,5.0,ok,
input_box_2_demo_tube_05_purple75,category_D_classified_tube_01_red75,no,,579.835321,5.0,ok,
input_box_2_demo_tube_05_purple75,category_D_classified_tube_02_red75,no,,639.932028,5.0,ok,
input_box_2_demo_tube_05_purple75,category_D_classified_tube_03_red75,no,,700.469129,5.0,ok,
input_box_2_demo_tube_05_purple75,enclosure_bottom_rear_rail,no,,311.078768,5.0,ok,
input_box_2_demo_tube_05_purple75,enclosure_bottom_left_rail,no,,286.085652,5.0,ok,
input_box_2_demo_tube_05_purple75,enclosure_bottom_right_rail,no,,862.028422,5.0,ok,
input_box_2_demo_tube_05_purple75,enclosure_bottom_front_left_stub,no,,564.529893,5.0,ok,
input_box_2_demo_tube_05_purple75,enclosure_bottom_front_center_stub,no,,579.417164,5.0,ok,
input_box_2_demo_tube_05_purple75,enclosure_bottom_front_right_stub,no,,922.452167,5.0,ok,
input_box_2_demo_tube_05_purple75,enclosure_corner_post_front_left,no,,608.411867,5.0,ok,
input_box_2_demo_tube_05_purple75,enclosure_corner_post_front_right,no,,1015.585053,5.0,ok,
input_box_2_demo_tube_05_purple75,enclosure_corner_post_rear_left,no,,422.512722,5.0,ok,
input_box_2_demo_tube_05_purple75,enclosure_corner_post_rear_right,no,,916.386927,5.0,ok,
input_box_2_demo_tube_05_purple75,enclosure_top_rear_crossbeam,no,,440.528092,5.0,ok,
input_box_2_demo_tube_05_purple75,enclosure_top_left_crossbeam,no,,423.249335,5.0,ok,
input_box_2_demo_tube_05_purple75,enclosure_top_right_crossbeam,no,,916.726786,5.0,ok,
input_box_2_demo_tube_05_purple75,enclosure_front_upper_left_beam,no,,624.346859,5.0,ok,
input_box_2_demo_tube_05_purple75,enclosure_front_upper_center_beam,no,,654.016819,5.0,ok,
input_box_2_demo_tube_05_purple75,enclosure_front_upper_right_beam,no,,891.803229,5.0,ok,
input_box_2_demo_tube_05_purple75,enclosure_rear_transparent_panel,no,,309.500000,5.0,ok,
input_box_2_demo_tube_05_purple75,enclosure_left_transparent_panel,no,,284.500000,5.0,ok,
input_box_2_demo_tube_05_purple75,enclosure_right_transparent_panel,no,,860.500000,5.0,ok,
input_box_2_demo_tube_05_purple75,enclosure_front_left_low_panel,no,,590.814903,5.0,ok,
input_box_2_demo_tube_05_purple75,enclosure_front_center_low_panel,no,,594.436918,5.0,ok,
input_box_2_demo_tube_05_purple75,enclosure_front_right_low_panel,no,,974.887814,5.0,ok,
input_box_2_demo_tube_05_purple75,enclosure_input_box_replace_opening_left_jamb,no,,582.766677,5.0,ok,
input_box_2_demo_tube_05_purple75,enclosure_input_box_replace_opening_right_jamb,no,,558.176495,5.0,ok,
input_box_2_demo_tube_05_purple75,enclosure_input_box_replace_opening_top_rail,no,,570.242931,5.0,ok,
input_box_2_demo_tube_05_purple75,enclosure_input_box_replace_opening_bottom_sill,no,,544.014706,5.0,ok,
input_box_2_demo_tube_05_purple75,enclosure_output_box_replace_opening_left_jamb,no,,644.174666,5.0,ok,
input_box_2_demo_tube_05_purple75,enclosure_output_box_replace_opening_right_jamb,no,,938.701763,5.0,ok,
input_box_2_demo_tube_05_purple75,enclosure_output_box_replace_opening_top_rail,no,,666.484809,5.0,ok,
input_box_2_demo_tube_05_purple75,enclosure_output_box_replace_opening_bottom_sill,no,,644.187085,5.0,ok,
input_box_2_demo_tube_05_purple75,enclosure_input_door_simple_pull_handle,no,,570.470858,5.0,ok,
input_box_2_demo_tube_05_purple75,enclosure_output_door_simple_pull_handle,no,,946.063951,5.0,ok,
input_box_2_demo_tube_05_purple75,enclosure_manual_review_access_opening_left_jamb,no,,547.022851,5.0,ok,
input_box_2_demo_tube_05_purple75,enclosure_manual_review_access_opening_right_jamb,no,,577.437442,5.0,ok,
input_box_2_demo_tube_05_purple75,enclosure_manual_review_access_opening_top_rail,no,,549.584388,5.0,ok,
input_box_2_demo_tube_05_purple75,enclosure_manual_review_access_opening_bottom_sill,no,,547.154457,5.0,ok,
input_box_2_demo_tube_05_purple75,enclosure_manual_review_access_simple_pull_handle,no,,588.817459,5.0,ok,
input_box_2_demo_tube_05_purple75,enclosure_top_open_front_rectangular_rail,no,,621.057968,5.0,ok,
input_box_2_demo_tube_05_purple75,enclosure_top_open_rear_rectangular_rail,no,,440.528092,5.0,ok,
input_box_2_demo_tube_05_purple75,enclosure_top_open_left_rectangular_rail,no,,423.249335,5.0,ok,
input_box_2_demo_tube_05_purple75,enclosure_top_open_right_rectangular_rail,no,,916.726786,5.0,ok,
input_box_2_demo_tube_05_purple75,control_box_housing,no,,688.801053,5.0,ok,
input_box_2_demo_tube_05_purple75,din_rail_and_mounting,no,,705.669186,5.0,ok,
input_box_2_demo_tube_05_purple75,controller_board_placeholder,no,,690.504888,5.0,ok,
input_box_2_demo_tube_05_purple75,motor_driver_placeholders,no,,734.359585,5.0,ok,
input_box_2_demo_tube_05_purple75,power_supply_placeholder,no,,687.535454,5.0,ok,
input_box_2_demo_tube_05_purple75,terminal_blocks,no,,776.659514,5.0,ok,
input_box_2_demo_tube_05_purple75,cable_glands_and_connectors,no,,815.187862,5.0,ok,
input_box_2_demo_tube_05_purple75,ventilation_slots,no,,783.986766,5.0,ok,
input_box_2_demo_tube_05_purple75,mounting_brackets,no,,688.274654,5.0,ok,
input_box_3_demo_tube_01_purple75,input_box_3_demo_tube_02_yellow100,no,,68.000000,5.0,ok,
input_box_3_demo_tube_01_purple75,input_box_3_demo_tube_03_blue75,no,,124.579292,5.0,ok,
input_box_3_demo_tube_01_purple75,input_box_3_demo_tube_04_red75,no,,56.568542,5.0,ok,
input_box_3_demo_tube_01_purple75,input_box_3_demo_tube_05_purple75,no,,117.643529,5.0,ok,
input_box_3_demo_tube_01_purple75,input_box_4_demo_tube_01_purple75,no,,114.000000,5.0,ok,
input_box_3_demo_tube_01_purple75,input_box_4_demo_tube_02_yellow100,no,,132.740348,5.0,ok,
input_box_3_demo_tube_01_purple75,input_box_4_demo_tube_03_blue75,no,,188.520556,5.0,ok,
input_box_3_demo_tube_01_purple75,input_box_4_demo_tube_04_red75,no,,174.642492,5.0,ok,
input_box_3_demo_tube_01_purple75,input_box_4_demo_tube_05_purple75,no,,220.045450,5.0,ok,
input_box_3_demo_tube_01_purple75,scan_station_demo_tube_yellow100,no,,244.000000,5.0,ok,
input_box_3_demo_tube_01_purple75,category_A_classified_tube_01_purple75,no,,491.240267,5.0,ok,
input_box_3_demo_tube_01_purple75,category_A_classified_tube_02_purple75,no,,539.537765,5.0,ok,
input_box_3_demo_tube_01_purple75,category_A_classified_tube_03_purple75,no,,590.529423,5.0,ok,
input_box_3_demo_tube_01_purple75,category_B_classified_tube_01_yellow100,no,,696.058187,5.0,ok,
input_box_3_demo_tube_01_purple75,category_B_classified_tube_02_yellow100,no,,746.860763,5.0,ok,
input_box_3_demo_tube_01_purple75,category_B_classified_tube_03_yellow100,no,,799.340353,5.0,ok,
input_box_3_demo_tube_01_purple75,category_C_classified_tube_01_blue75,no,,476.525970,5.0,ok,
input_box_3_demo_tube_01_purple75,category_C_classified_tube_02_blue75,no,,535.564188,5.0,ok,
input_box_3_demo_tube_01_purple75,category_C_classified_tube_03_blue75,no,,595.332680,5.0,ok,
input_box_3_demo_tube_01_purple75,category_D_classified_tube_01_red75,no,,685.752871,5.0,ok,
input_box_3_demo_tube_01_purple75,category_D_classified_tube_02_red75,no,,743.995296,5.0,ok,
input_box_3_demo_tube_01_purple75,category_D_classified_tube_03_red75,no,,802.895385,5.0,ok,
input_box_3_demo_tube_01_purple75,enclosure_bottom_rear_rail,no,,357.068621,5.0,ok,
input_box_3_demo_tube_01_purple75,enclosure_bottom_left_rail,no,,174.140748,5.0,ok,
input_box_3_demo_tube_01_purple75,enclosure_bottom_right_rail,no,,974.025154,5.0,ok,
input_box_3_demo_tube_01_purple75,enclosure_bottom_front_left_stub,no,,494.948482,5.0,ok,
input_box_3_demo_tube_01_purple75,enclosure_bottom_front_center_stub,no,,591.354589,5.0,ok,
input_box_3_demo_tube_01_purple75,enclosure_bottom_front_right_stub,no,,992.055442,5.0,ok,
input_box_3_demo_tube_01_purple75,enclosure_corner_post_front_left,no,,520.919380,5.0,ok,
input_box_3_demo_tube_01_purple75,enclosure_corner_post_front_right,no,,1090.759827,5.0,ok,
input_box_3_demo_tube_01_purple75,enclosure_corner_post_rear_left,no,,397.146069,5.0,ok,
input_box_3_demo_tube_01_purple75,enclosure_corner_post_rear_right,no,,1037.364449,5.0,ok,
input_box_3_demo_tube_01_purple75,enclosure_top_rear_crossbeam,no,,474.123402,5.0,ok,
input_box_3_demo_tube_01_purple75,enclosure_top_left_crossbeam,no,,357.239416,5.0,ok,
input_box_3_demo_tube_01_purple75,enclosure_top_right_crossbeam,no,,1022.751192,5.0,ok,
input_box_3_demo_tube_01_purple75,enclosure_front_upper_left_beam,no,,581.743070,5.0,ok,
input_box_3_demo_tube_01_purple75,enclosure_front_upper_center_beam,no,,662.505849,5.0,ok,
input_box_3_demo_tube_01_purple75,enclosure_front_upper_right_beam,no,,950.751808,5.0,ok,
input_box_3_demo_tube_01_purple75,enclosure_rear_transparent_panel,no,,355.500000,5.0,ok,
input_box_3_demo_tube_01_purple75,enclosure_left_transparent_panel,no,,172.500000,5.0,ok,
input_box_3_demo_tube_01_purple75,enclosure_right_transparent_panel,no,,972.500000,5.0,ok,
input_box_3_demo_tube_01_purple75,enclosure_front_left_low_panel,no,,511.269254,5.0,ok,
input_box_3_demo_tube_01_purple75,enclosure_front_center_low_panel,no,,610.358296,5.0,ok,
input_box_3_demo_tube_01_purple75,enclosure_front_right_low_panel,no,,1047.184917,5.0,ok,
input_box_3_demo_tube_01_purple75,enclosure_input_box_replace_opening_left_jamb,no,,507.358847,5.0,ok,
input_box_3_demo_tube_01_purple75,enclosure_input_box_replace_opening_right_jamb,no,,551.518812,5.0,ok,
input_box_3_demo_tube_01_purple75,enclosure_input_box_replace_opening_top_rail,no,,526.540597,5.0,ok,
input_box_3_demo_tube_01_purple75,enclosure_input_box_replace_opening_bottom_sill,no,,498.016064,5.0,ok,
input_box_3_demo_tube_01_purple75,enclosure_output_box_replace_opening_left_jamb,no,,675.909018,5.0,ok,
input_box_3_demo_tube_01_purple75,enclosure_output_box_replace_opening_right_jamb,no,,1008.530119,5.0,ok,
input_box_3_demo_tube_01_purple75,enclosure_output_box_replace_opening_top_rail,no,,697.204418,5.0,ok,
input_box_3_demo_tube_01_purple75,enclosure_output_box_replace_opening_bottom_sill,no,,675.920853,5.0,ok,
input_box_3_demo_tube_01_purple75,enclosure_input_door_simple_pull_handle,no,,562.978685,5.0,ok,
input_box_3_demo_tube_01_purple75,enclosure_output_door_simple_pull_handle,no,,1014.842352,5.0,ok,
input_box_3_demo_tube_01_purple75,enclosure_manual_review_access_opening_left_jamb,no,,514.480320,5.0,ok,
input_box_3_demo_tube_01_purple75,enclosure_manual_review_access_opening_right_jamb,no,,582.417376,5.0,ok,
input_box_3_demo_tube_01_purple75,enclosure_manual_review_access_opening_top_rail,no,,517.203055,5.0,ok,
input_box_3_demo_tube_01_purple75,enclosure_manual_review_access_opening_bottom_sill,no,,514.620248,5.0,ok,
input_box_3_demo_tube_01_purple75,enclosure_manual_review_access_simple_pull_handle,no,,592.771457,5.0,ok,
input_box_3_demo_tube_01_purple75,enclosure_top_open_front_rectangular_rail,no,,581.743070,5.0,ok,
input_box_3_demo_tube_01_purple75,enclosure_top_open_rear_rectangular_rail,no,,474.123402,5.0,ok,
input_box_3_demo_tube_01_purple75,enclosure_top_open_left_rectangular_rail,no,,357.239416,5.0,ok,
input_box_3_demo_tube_01_purple75,enclosure_top_open_right_rectangular_rail,no,,1022.751192,5.0,ok,
input_box_3_demo_tube_01_purple75,control_box_housing,no,,809.092387,5.0,ok,
input_box_3_demo_tube_01_purple75,din_rail_and_mounting,no,,826.143450,5.0,ok,
input_box_3_demo_tube_01_purple75,controller_board_placeholder,no,,810.958075,5.0,ok,
input_box_3_demo_tube_01_purple75,motor_driver_placeholders,no,,855.223947,5.0,ok,
input_box_3_demo_tube_01_purple75,power_supply_placeholder,no,,808.139221,5.0,ok,
input_box_3_demo_tube_01_purple75,terminal_blocks,no,,897.625757,5.0,ok,
input_box_3_demo_tube_01_purple75,cable_glands_and_connectors,no,,932.289252,5.0,ok,
input_box_3_demo_tube_01_purple75,ventilation_slots,no,,903.249273,5.0,ok,
input_box_3_demo_tube_01_purple75,mounting_brackets,no,,808.545608,5.0,ok,
input_box_3_demo_tube_02_yellow100,input_box_3_demo_tube_03_blue75,no,,41.761226,5.0,ok,
input_box_3_demo_tube_02_yellow100,input_box_3_demo_tube_04_red75,no,,41.761226,5.0,ok,
input_box_3_demo_tube_02_yellow100,input_box_3_demo_tube_05_purple75,no,,69.050706,5.0,ok,
input_box_3_demo_tube_02_yellow100,input_box_4_demo_tube_01_purple75,no,,132.740348,5.0,ok,
input_box_3_demo_tube_02_yellow100,input_box_4_demo_tube_02_yellow100,no,,114.000000,5.0,ok,
input_box_3_demo_tube_02_yellow100,input_box_4_demo_tube_03_blue75,no,,147.526269,5.0,ok,
input_box_3_demo_tube_02_yellow100,input_box_4_demo_tube_04_red75,no,,170.423003,5.0,ok,
input_box_3_demo_tube_02_yellow100,input_box_4_demo_tube_05_purple75,no,,198.363303,5.0,ok,
input_box_3_demo_tube_02_yellow100,scan_station_demo_tube_yellow100,no,,160.000000,5.0,ok,
input_box_3_demo_tube_02_yellow100,category_A_classified_tube_01_purple75,no,,410.780964,5.0,ok,
input_box_3_demo_tube_02_yellow100,category_A_classified_tube_02_purple75,no,,457.293123,5.0,ok,
input_box_3_demo_tube_02_yellow100,category_A_classified_tube_03_purple75,no,,507.280002,5.0,ok,
input_box_3_demo_tube_02_yellow100,category_B_classified_tube_01_yellow100,no,,613.710844,5.0,ok,
input_box_3_demo_tube_02_yellow100,category_B_classified_tube_02_yellow100,no,,663.729614,5.0,ok,
input_box_3_demo_tube_02_yellow100,category_B_classified_tube_03_yellow100,no,,715.732492,5.0,ok,
input_box_3_demo_tube_02_yellow100,category_C_classified_tube_01_blue75,no,,393.066152,5.0,ok,
input_box_3_demo_tube_02_yellow100,category_C_classified_tube_02_blue75,no,,452.598056,5.0,ok,
input_box_3_demo_tube_02_yellow100,category_C_classified_tube_03_blue75,no,,512.863530,5.0,ok,
input_box_3_demo_tube_02_yellow100,category_D_classified_tube_01_red75,no,,601.997508,5.0,ok,
input_box_3_demo_tube_02_yellow100,category_D_classified_tube_02_red75,no,,660.503596,5.0,ok,
input_box_3_demo_tube_02_yellow100,category_D_classified_tube_03_red75,no,,719.700632,5.0,ok,
input_box_3_demo_tube_02_yellow100,enclosure_bottom_rear_rail,no,,357.068621,5.0,ok,
input_box_3_demo_tube_02_yellow100,enclosure_bottom_left_rail,no,,258.094944,5.0,ok,
input_box_3_demo_tube_02_yellow100,enclosure_bottom_right_rail,no,,890.027528,5.0,ok,
input_box_3_demo_tube_02_yellow100,enclosure_bottom_front_left_stub,no,,512.294837,5.0,ok,
input_box_3_demo_tube_02_yellow100,enclosure_bottom_front_center_stub,no,,548.999317,5.0,ok,
input_box_3_demo_tube_02_yellow100,enclosure_bottom_front_right_stub,no,,920.007609,5.0,ok,
input_box_3_demo_tube_02_yellow100,enclosure_corner_post_front_left,no,,554.657552,5.0,ok,
input_box_3_demo_tube_02_yellow100,enclosure_corner_post_front_right,no,,1016.455115,5.0,ok,
input_box_3_demo_tube_02_yellow100,enclosure_corner_post_rear_left,no,,440.469068,5.0,ok,
input_box_3_demo_tube_02_yellow100,enclosure_corner_post_rear_right,no,,958.931176,5.0,ok,
input_box_3_demo_tube_02_yellow100,enclosure_top_rear_crossbeam,no,,458.058948,5.0,ok,
input_box_3_demo_tube_02_yellow100,enclosure_top_left_crossbeam,no,,385.918385,5.0,ok,
input_box_3_demo_tube_02_yellow100,enclosure_top_right_crossbeam,no,,935.130472,5.0,ok,
input_box_3_demo_tube_02_yellow100,enclosure_front_upper_left_beam,no,,569.864896,5.0,ok,
input_box_3_demo_tube_02_yellow100,enclosure_front_upper_center_beam,no,,614.604751,5.0,ok,
input_box_3_demo_tube_02_yellow100,enclosure_front_upper_right_beam,no,,877.310663,5.0,ok,
input_box_3_demo_tube_02_yellow100,enclosure_rear_transparent_panel,no,,355.500000,5.0,ok,
input_box_3_demo_tube_02_yellow100,enclosure_left_transparent_panel,no,,256.500000,5.0,ok,
input_box_3_demo_tube_02_yellow100,enclosure_right_transparent_panel,no,,888.500000,5.0,ok,
input_box_3_demo_tube_02_yellow100,enclosure_front_left_low_panel,no,,537.539068,5.0,ok,
input_box_3_demo_tube_02_yellow100,enclosure_front_center_low_panel,no,,565.644102,5.0,ok,
input_box_3_demo_tube_02_yellow100,enclosure_front_right_low_panel,no,,974.041195,5.0,ok,
input_box_3_demo_tube_02_yellow100,enclosure_input_box_replace_opening_left_jamb,no,,529.872626,5.0,ok,
input_box_3_demo_tube_02_yellow100,enclosure_input_box_replace_opening_right_jamb,no,,520.973128,5.0,ok,
input_box_3_demo_tube_02_yellow100,enclosure_input_box_replace_opening_top_rail,no,,518.960499,5.0,ok,
input_box_3_demo_tube_02_yellow100,enclosure_input_box_replace_opening_bottom_sill,no,,498.016064,5.0,ok,
input_box_3_demo_tube_02_yellow100,enclosure_output_box_replace_opening_left_jamb,no,,622.200129,5.0,ok,
input_box_3_demo_tube_02_yellow100,enclosure_output_box_replace_opening_right_jamb,no,,936.404293,5.0,ok,
input_box_3_demo_tube_02_yellow100,enclosure_output_box_replace_opening_top_rail,no,,639.100149,5.0,ok,
input_box_3_demo_tube_02_yellow100,enclosure_output_box_replace_opening_bottom_sill,no,,622.212986,5.0,ok,
input_box_3_demo_tube_02_yellow100,enclosure_input_door_simple_pull_handle,no,,532.456571,5.0,ok,
input_box_3_demo_tube_02_yellow100,enclosure_output_door_simple_pull_handle,no,,942.841450,5.0,ok,
input_box_3_demo_tube_02_yellow100,enclosure_manual_review_access_opening_left_jamb,no,,502.085650,5.0,ok,
input_box_3_demo_tube_02_yellow100,enclosure_manual_review_access_opening_right_jamb,no,,544.398751,5.0,ok,
input_box_3_demo_tube_02_yellow100,enclosure_manual_review_access_opening_top_rail,no,,502.865787,5.0,ok,
input_box_3_demo_tube_02_yellow100,enclosure_manual_review_access_opening_bottom_sill,no,,502.229031,5.0,ok,
input_box_3_demo_tube_02_yellow100,enclosure_manual_review_access_simple_pull_handle,no,,555.461970,5.0,ok,
input_box_3_demo_tube_02_yellow100,enclosure_top_open_front_rectangular_rail,no,,568.726648,5.0,ok,
input_box_3_demo_tube_02_yellow100,enclosure_top_open_rear_rectangular_rail,no,,458.058948,5.0,ok,
input_box_3_demo_tube_02_yellow100,enclosure_top_open_left_rectangular_rail,no,,385.918385,5.0,ok,
input_box_3_demo_tube_02_yellow100,enclosure_top_open_right_rectangular_rail,no,,935.130472,5.0,ok,
input_box_3_demo_tube_02_yellow100,control_box_housing,no,,736.254365,5.0,ok,
input_box_3_demo_tube_02_yellow100,din_rail_and_mounting,no,,752.723721,5.0,ok,
input_box_3_demo_tube_02_yellow100,controller_board_placeholder,no,,737.621176,5.0,ok,
input_box_3_demo_tube_02_yellow100,motor_driver_placeholders,no,,780.235862,5.0,ok,
input_box_3_demo_tube_02_yellow100,power_supply_placeholder,no,,734.292176,5.0,ok,
input_box_3_demo_tube_02_yellow100,terminal_blocks,no,,822.009732,5.0,ok,
input_box_3_demo_tube_02_yellow100,cable_glands_and_connectors,no,,865.812480,5.0,ok,
input_box_3_demo_tube_02_yellow100,ventilation_slots,no,,832.850077,5.0,ok,
input_box_3_demo_tube_02_yellow100,mounting_brackets,no,,735.767626,5.0,ok,
input_box_3_demo_tube_03_blue75,input_box_3_demo_tube_04_red75,no,,69.050706,5.0,ok,
input_box_3_demo_tube_03_blue75,input_box_3_demo_tube_05_purple75,no,,41.761226,5.0,ok,
input_box_3_demo_tube_03_blue75,input_box_4_demo_tube_01_purple75,no,,150.903943,5.0,ok,
input_box_3_demo_tube_03_blue75,input_box_4_demo_tube_02_yellow100,no,,94.847246,5.0,ok,
input_box_3_demo_tube_03_blue75,input_box_4_demo_tube_03_blue75,no,,114.000000,5.0,ok,
input_box_3_demo_tube_03_blue75,input_box_4_demo_tube_04_red75,no,,157.442053,5.0,ok,
input_box_3_demo_tube_03_blue75,input_box_4_demo_tube_05_purple75,no,,170.423003,5.0,ok,
input_box_3_demo_tube_03_blue75,scan_station_demo_tube_yellow100,no,,104.120123,5.0,ok,
input_box_3_demo_tube_03_blue75,category_A_classified_tube_01_purple75,no,,369.059616,5.0,ok,
input_box_3_demo_tube_03_blue75,category_A_classified_tube_02_purple75,no,,410.780964,5.0,ok,
input_box_3_demo_tube_03_blue75,category_A_classified_tube_03_purple75,no,,457.293123,5.0,ok,
input_box_3_demo_tube_03_blue75,category_B_classified_tube_01_yellow100,no,,566.202261,5.0,ok,
input_box_3_demo_tube_03_blue75,category_B_classified_tube_02_yellow100,no,,613.710844,5.0,ok,
input_box_3_demo_tube_03_blue75,category_B_classified_tube_03_yellow100,no,,663.729614,5.0,ok,
input_box_3_demo_tube_03_blue75,category_C_classified_tube_01_blue75,no,,334.659528,5.0,ok,
input_box_3_demo_tube_03_blue75,category_C_classified_tube_02_blue75,no,,393.066152,5.0,ok,
input_box_3_demo_tube_03_blue75,category_C_classified_tube_03_blue75,no,,452.598056,5.0,ok,
input_box_3_demo_tube_03_blue75,category_D_classified_tube_01_red75,no,,544.405180,5.0,ok,
input_box_3_demo_tube_03_blue75,category_D_classified_tube_02_red75,no,,601.997508,5.0,ok,
input_box_3_demo_tube_03_blue75,category_D_classified_tube_03_red75,no,,660.503596,5.0,ok,
input_box_3_demo_tube_03_blue75,enclosure_bottom_rear_rail,no,,385.063631,5.0,ok,
input_box_3_demo_tube_03_blue75,enclosure_bottom_left_rail,no,,314.078016,5.0,ok,
input_box_3_demo_tube_03_blue75,enclosure_bottom_right_rail,no,,834.029376,5.0,ok,
input_box_3_demo_tube_03_blue75,enclosure_bottom_front_left_stub,no,,505.195012,5.0,ok,
input_box_3_demo_tube_03_blue75,enclosure_bottom_front_center_stub,no,,500.328142,5.0,ok,
input_box_3_demo_tube_03_blue75,enclosure_bottom_front_right_stub,no,,857.730727,5.0,ok,
input_box_3_demo_tube_03_blue75,enclosure_corner_post_front_left,no,,559.432748,5.0,ok,
input_box_3_demo_tube_03_blue75,enclosure_corner_post_front_right,no,,953.899890,5.0,ok,
input_box_3_demo_tube_03_blue75,enclosure_corner_post_rear_left,no,,496.810829,5.0,ok,
input_box_3_demo_tube_03_blue75,enclosure_corner_post_rear_right,no,,918.575528,5.0,ok,
input_box_3_demo_tube_03_blue75,enclosure_top_rear_crossbeam,no,,495.549190,5.0,ok,
input_box_3_demo_tube_03_blue75,enclosure_top_left_crossbeam,no,,442.651104,5.0,ok,
input_box_3_demo_tube_03_blue75,enclosure_top_right_crossbeam,no,,890.449325,5.0,ok,
input_box_3_demo_tube_03_blue75,enclosure_front_upper_left_beam,no,,565.841851,5.0,ok,
input_box_3_demo_tube_03_blue75,enclosure_front_upper_center_beam,no,,585.697874,5.0,ok,
input_box_3_demo_tube_03_blue75,enclosure_front_upper_right_beam,no,,828.406301,5.0,ok,
input_box_3_demo_tube_03_blue75,enclosure_rear_transparent_panel,no,,383.500000,5.0,ok,
input_box_3_demo_tube_03_blue75,enclosure_left_transparent_panel,no,,312.500000,5.0,ok,
input_box_3_demo_tube_03_blue75,enclosure_right_transparent_panel,no,,832.500000,5.0,ok,
input_box_3_demo_tube_03_blue75,enclosure_front_left_low_panel,no,,536.783243,5.0,ok,
input_box_3_demo_tube_03_blue75,enclosure_front_center_low_panel,no,,515.477691,5.0,ok,
input_box_3_demo_tube_03_blue75,enclosure_front_right_low_panel,no,,911.600927,5.0,ok,
input_box_3_demo_tube_03_blue75,enclosure_input_box_replace_opening_left_jamb,no,,526.373442,5.0,ok,
input_box_3_demo_tube_03_blue75,enclosure_input_box_replace_opening_right_jamb,no,,479.905199,5.0,ok,
input_box_3_demo_tube_03_blue75,enclosure_input_box_replace_opening_top_rail,no,,500.140980,5.0,ok,
input_box_3_demo_tube_03_blue75,enclosure_input_box_replace_opening_bottom_sill,no,,470.017021,5.0,ok,
input_box_3_demo_tube_03_blue75,enclosure_output_box_replace_opening_left_jamb,no,,566.911810,5.0,ok,
input_box_3_demo_tube_03_blue75,enclosure_output_box_replace_opening_right_jamb,no,,874.110405,5.0,ok,
input_box_3_demo_tube_03_blue75,enclosure_output_box_replace_opening_top_rail,no,,592.140186,5.0,ok,
input_box_3_demo_tube_03_blue75,enclosure_output_box_replace_opening_bottom_sill,no,,566.925921,5.0,ok,
input_box_3_demo_tube_03_blue75,enclosure_input_door_simple_pull_handle,no,,492.350485,5.0,ok,
input_box_3_demo_tube_03_blue75,enclosure_output_door_simple_pull_handle,no,,881.004540,5.0,ok,
input_box_3_demo_tube_03_blue75,enclosure_manual_review_access_opening_left_jamb,no,,473.000000,5.0,ok,
input_box_3_demo_tube_03_blue75,enclosure_manual_review_access_opening_right_jamb,no,,498.375361,5.0,ok,
input_box_3_demo_tube_03_blue75,enclosure_manual_review_access_opening_top_rail,no,,475.960082,5.0,ok,
input_box_3_demo_tube_03_blue75,enclosure_manual_review_access_opening_bottom_sill,no,,473.152195,5.0,ok,
input_box_3_demo_tube_03_blue75,enclosure_manual_review_access_simple_pull_handle,no,,509.778383,5.0,ok,
input_box_3_demo_tube_03_blue75,enclosure_top_open_front_rectangular_rail,no,,558.312636,5.0,ok,
input_box_3_demo_tube_03_blue75,enclosure_top_open_rear_rectangular_rail,no,,495.549190,5.0,ok,
input_box_3_demo_tube_03_blue75,enclosure_top_open_left_rectangular_rail,no,,442.651104,5.0,ok,
input_box_3_demo_tube_03_blue75,enclosure_top_open_right_rectangular_rail,no,,890.449325,5.0,ok,
input_box_3_demo_tube_03_blue75,control_box_housing,no,,705.106581,5.0,ok,
input_box_3_demo_tube_03_blue75,din_rail_and_mounting,no,,720.683703,5.0,ok,
input_box_3_demo_tube_03_blue75,controller_board_placeholder,no,,705.768376,5.0,ok,
input_box_3_demo_tube_03_blue75,motor_driver_placeholders,no,,745.814990,5.0,ok,
input_box_3_demo_tube_03_blue75,power_supply_placeholder,no,,701.730005,5.0,ok,
input_box_3_demo_tube_03_blue75,terminal_blocks,no,,786.498570,5.0,ok,
input_box_3_demo_tube_03_blue75,cable_glands_and_connectors,no,,842.206180,5.0,ok,
input_box_3_demo_tube_03_blue75,ventilation_slots,no,,804.531696,5.0,ok,
input_box_3_demo_tube_03_blue75,mounting_brackets,no,,704.705612,5.0,ok,
input_box_3_demo_tube_04_red75,input_box_3_demo_tube_05_purple75,no,,41.761226,5.0,ok,
input_box_3_demo_tube_04_red75,input_box_4_demo_tube_01_purple75,no,,70.455660,5.0,ok,
input_box_3_demo_tube_04_red75,input_box_4_demo_tube_02_yellow100,no,,59.228372,5.0,ok,
input_box_3_demo_tube_04_red75,input_box_4_demo_tube_03_blue75,no,,109.635761,5.0,ok,
input_box_3_demo_tube_04_red75,input_box_4_demo_tube_04_red75,no,,114.000000,5.0,ok,
input_box_3_demo_tube_04_red75,input_box_4_demo_tube_05_purple75,no,,147.526269,5.0,ok,
input_box_3_demo_tube_04_red75,scan_station_demo_tube_yellow100,no,,190.874304,5.0,ok,
input_box_3_demo_tube_04_red75,category_A_classified_tube_01_purple75,no,,457.109396,5.0,ok,
input_box_3_demo_tube_04_red75,category_A_classified_tube_02_purple75,no,,499.324544,5.0,ok,
input_box_3_demo_tube_04_red75,category_A_classified_tube_03_purple75,no,,545.473189,5.0,ok,
input_box_3_demo_tube_04_red75,category_B_classified_tube_01_yellow100,no,,654.682366,5.0,ok,
input_box_3_demo_tube_04_red75,category_B_classified_tube_02_yellow100,no,,701.787005,5.0,ok,
input_box_3_demo_tube_04_red75,category_B_classified_tube_03_yellow100,no,,751.159770,5.0,ok,
input_box_3_demo_tube_04_red75,category_C_classified_tube_01_blue75,no,,418.000000,5.0,ok,
input_box_3_demo_tube_04_red75,category_C_classified_tube_02_blue75,no,,474.464962,5.0,ok,
input_box_3_demo_tube_04_red75,category_C_classified_tube_03_blue75,no,,532.260275,5.0,ok,
input_box_3_demo_tube_04_red75,category_D_classified_tube_01_red75,no,,628.000000,5.0,ok,
input_box_3_demo_tube_04_red75,category_D_classified_tube_02_red75,no,,684.322292,5.0,ok,
input_box_3_demo_tube_04_red75,category_D_classified_tube_03_red75,no,,741.620523,5.0,ok,
input_box_3_demo_tube_04_red75,enclosure_bottom_rear_rail,no,,413.059318,5.0,ok,
input_box_3_demo_tube_04_red75,enclosure_bottom_left_rail,no,,230.106497,5.0,ok,
input_box_3_demo_tube_04_red75,enclosure_bottom_right_rail,no,,918.026688,5.0,ok,
input_box_3_demo_tube_04_red75,enclosure_bottom_front_left_stub,no,,450.774888,5.0,ok,
input_box_3_demo_tube_04_red75,enclosure_bottom_front_center_stub,no,,513.883498,5.0,ok,
input_box_3_demo_tube_04_red75,enclosure_bottom_front_right_stub,no,,915.920302,5.0,ok,
input_box_3_demo_tube_04_red75,enclosure_corner_post_front_left,no,,492.061988,5.0,ok,
input_box_3_demo_tube_04_red75,enclosure_corner_post_front_right,no,,1015.848906,5.0,ok,
input_box_3_demo_tube_04_red75,enclosure_corner_post_rear_left,no,,472.725079,5.0,ok,
input_box_3_demo_tube_04_red75,enclosure_corner_post_rear_right,no,,1006.624558,5.0,ok,
input_box_3_demo_tube_04_red75,enclosure_top_rear_crossbeam,no,,517.603130,5.0,ok,
input_box_3_demo_tube_04_red75,enclosure_top_left_crossbeam,no,,387.613209,5.0,ok,
input_box_3_demo_tube_04_red75,enclosure_top_right_crossbeam,no,,969.571039,5.0,ok,
input_box_3_demo_tube_04_red75,enclosure_front_upper_left_beam,no,,535.381173,5.0,ok,
input_box_3_demo_tube_04_red75,enclosure_front_upper_center_beam,no,,595.558561,5.0,ok,
input_box_3_demo_tube_04_red75,enclosure_front_upper_right_beam,no,,878.057515,5.0,ok,
input_box_3_demo_tube_04_red75,enclosure_rear_transparent_panel,no,,411.500000,5.0,ok,
input_box_3_demo_tube_04_red75,enclosure_left_transparent_panel,no,,228.500000,5.0,ok,
input_box_3_demo_tube_04_red75,enclosure_right_transparent_panel,no,,916.500000,5.0,ok,
input_box_3_demo_tube_04_red75,enclosure_front_left_low_panel,no,,475.104462,5.0,ok,
input_box_3_demo_tube_04_red75,enclosure_front_center_low_panel,no,,532.392008,5.0,ok,
input_box_3_demo_tube_04_red75,enclosure_front_right_low_panel,no,,971.594694,5.0,ok,
input_box_3_demo_tube_04_red75,enclosure_input_box_replace_opening_left_jamb,no,,467.731761,5.0,ok,
input_box_3_demo_tube_04_red75,enclosure_input_box_replace_opening_right_jamb,no,,477.624329,5.0,ok,
input_box_3_demo_tube_04_red75,enclosure_input_box_replace_opening_top_rail,no,,473.925100,5.0,ok,
input_box_3_demo_tube_04_red75,enclosure_input_box_replace_opening_bottom_sill,no,,442.018099,5.0,ok,
input_box_3_demo_tube_04_red75,enclosure_output_box_replace_opening_left_jamb,no,,596.795610,5.0,ok,
input_box_3_demo_tube_04_red75,enclosure_output_box_replace_opening_right_jamb,no,,932.418897,5.0,ok,
input_box_3_demo_tube_04_red75,enclosure_output_box_replace_opening_top_rail,no,,620.810760,5.0,ok,
input_box_3_demo_tube_04_red75,enclosure_output_box_replace_opening_bottom_sill,no,,596.809015,5.0,ok,
input_box_3_demo_tube_04_red75,enclosure_input_door_simple_pull_handle,no,,489.441518,5.0,ok,
input_box_3_demo_tube_04_red75,enclosure_output_door_simple_pull_handle,no,,938.527037,5.0,ok,
input_box_3_demo_tube_04_red75,enclosure_manual_review_access_opening_left_jamb,no,,449.161441,5.0,ok,
input_box_3_demo_tube_04_red75,enclosure_manual_review_access_opening_right_jamb,no,,506.069165,5.0,ok,
input_box_3_demo_tube_04_red75,enclosure_manual_review_access_opening_top_rail,no,,452.277570,5.0,ok,
input_box_3_demo_tube_04_red75,enclosure_manual_review_access_opening_bottom_sill,no,,449.321711,5.0,ok,
input_box_3_demo_tube_04_red75,enclosure_manual_review_access_simple_pull_handle,no,,516.652688,5.0,ok,
input_box_3_demo_tube_04_red75,enclosure_top_open_front_rectangular_rail,no,,535.321399,5.0,ok,
input_box_3_demo_tube_04_red75,enclosure_top_open_rear_rectangular_rail,no,,517.603130,5.0,ok,
input_box_3_demo_tube_04_red75,enclosure_top_open_left_rectangular_rail,no,,387.613209,5.0,ok,
input_box_3_demo_tube_04_red75,enclosure_top_open_right_rectangular_rail,no,,969.571039,5.0,ok,
input_box_3_demo_tube_04_red75,control_box_housing,no,,790.063346,5.0,ok,
input_box_3_demo_tube_04_red75,din_rail_and_mounting,no,,806.037840,5.0,ok,
input_box_3_demo_tube_04_red75,controller_board_placeholder,no,,791.032869,5.0,ok,
input_box_3_demo_tube_04_red75,motor_driver_placeholders,no,,832.124991,5.0,ok,
input_box_3_demo_tube_04_red75,power_supply_placeholder,no,,787.289654,5.0,ok,
input_box_3_demo_tube_04_red75,terminal_blocks,no,,873.212460,5.0,ok,
input_box_3_demo_tube_04_red75,cable_glands_and_connectors,no,,923.326188,5.0,ok,
input_box_3_demo_tube_04_red75,ventilation_slots,no,,888.213516,5.0,ok,
input_box_3_demo_tube_04_red75,mounting_brackets,no,,789.623961,5.0,ok,
input_box_3_demo_tube_05_purple75,input_box_4_demo_tube_01_purple75,no,,100.578328,5.0,ok,
input_box_3_demo_tube_05_purple75,input_box_4_demo_tube_02_yellow100,no,,32.310989,5.0,ok,
input_box_3_demo_tube_05_purple75,input_box_4_demo_tube_03_blue75,no,,59.228372,5.0,ok,
input_box_3_demo_tube_05_purple75,input_box_4_demo_tube_04_red75,no,,94.847246,5.0,ok,
input_box_3_demo_tube_05_purple75,input_box_4_demo_tube_05_purple75,no,,114.000000,5.0,ok,
input_box_3_demo_tube_05_purple75,scan_station_demo_tube_yellow100,no,,145.413204,5.0,ok,
input_box_3_demo_tube_05_purple75,category_A_classified_tube_01_purple75,no,,420.015476,5.0,ok,
input_box_3_demo_tube_05_purple75,category_A_classified_tube_02_purple75,no,,457.109396,5.0,ok,
input_box_3_demo_tube_05_purple75,category_A_classified_tube_03_purple75,no,,499.324544,5.0,ok,
input_box_3_demo_tube_05_purple75,category_B_classified_tube_01_yellow100,no,,610.371199,5.0,ok,
input_box_3_demo_tube_05_purple75,category_B_classified_tube_02_yellow100,no,,654.682366,5.0,ok,
input_box_3_demo_tube_05_purple75,category_B_classified_tube_03_yellow100,no,,701.787005,5.0,ok,
input_box_3_demo_tube_05_purple75,category_C_classified_tube_01_blue75,no,,362.012431,5.0,ok,
input_box_3_demo_tube_05_purple75,category_C_classified_tube_02_blue75,no,,418.000000,5.0,ok,
input_box_3_demo_tube_05_purple75,category_C_classified_tube_03_blue75,no,,474.464962,5.0,ok,
input_box_3_demo_tube_05_purple75,category_D_classified_tube_01_red75,no,,572.007867,5.0,ok,
input_box_3_demo_tube_05_purple75,category_D_classified_tube_02_red75,no,,628.000000,5.0,ok,
input_box_3_demo_tube_05_purple75,category_D_classified_tube_03_red75,no,,684.322292,5.0,ok,
input_box_3_demo_tube_05_purple75,enclosure_bottom_rear_rail,no,,441.055552,5.0,ok,
input_box_3_demo_tube_05_purple75,enclosure_bottom_left_rail,no,,286.085652,5.0,ok,
input_box_3_demo_tube_05_purple75,enclosure_bottom_right_rail,no,,862.028422,5.0,ok,
input_box_3_demo_tube_05_purple75,enclosure_bottom_front_left_stub,no,,442.689507,5.0,ok,
input_box_3_demo_tube_05_purple75,enclosure_bottom_front_center_stub,no,,461.523835,5.0,ok,
input_box_3_demo_tube_05_purple75,enclosure_bottom_front_right_stub,no,,853.345182,5.0,ok,
input_box_3_demo_tube_05_purple75,enclosure_corner_post_front_left,no,,497.438438,5.0,ok,
input_box_3_demo_tube_05_purple75,enclosure_corner_post_front_right,no,,953.253901,5.0,ok,
input_box_3_demo_tube_05_purple75,enclosure_corner_post_rear_left,no,,525.620586,5.0,ok,
input_box_3_demo_tube_05_purple75,enclosure_corner_post_rear_right,no,,968.258746,5.0,ok,
input_box_3_demo_tube_05_purple75,enclosure_top_rear_crossbeam,no,,540.208293,5.0,ok,
input_box_3_demo_tube_05_purple75,enclosure_top_left_crossbeam,no,,423.249335,5.0,ok,
input_box_3_demo_tube_05_purple75,enclosure_top_right_crossbeam,no,,916.726786,5.0,ok,
input_box_3_demo_tube_05_purple75,enclosure_front_upper_left_beam,no,,516.806540,5.0,ok,
input_box_3_demo_tube_05_purple75,enclosure_front_upper_center_beam,no,,552.284347,5.0,ok,
input_box_3_demo_tube_05_purple75,enclosure_front_upper_right_beam,no,,820.117674,5.0,ok,
input_box_3_demo_tube_05_purple75,enclosure_rear_transparent_panel,no,,439.500000,5.0,ok,
input_box_3_demo_tube_05_purple75,enclosure_left_transparent_panel,no,,284.500000,5.0,ok,
input_box_3_demo_tube_05_purple75,enclosure_right_transparent_panel,no,,860.500000,5.0,ok,
input_box_3_demo_tube_05_purple75,enclosure_front_left_low_panel,no,,474.249143,5.0,ok,
input_box_3_demo_tube_05_purple75,enclosure_front_center_low_panel,no,,478.753851,5.0,ok,
input_box_3_demo_tube_05_purple75,enclosure_front_right_low_panel,no,,908.986386,5.0,ok,
input_box_3_demo_tube_05_purple75,enclosure_input_box_replace_opening_left_jamb,no,,463.763949,5.0,ok,
input_box_3_demo_tube_05_purple75,enclosure_input_box_replace_opening_right_jamb,no,,432.459247,5.0,ok,
input_box_3_demo_tube_05_purple75,enclosure_input_box_replace_opening_top_rail,no,,447.925217,5.0,ok,
input_box_3_demo_tube_05_purple75,enclosure_input_box_replace_opening_bottom_sill,no,,414.019323,5.0,ok,
input_box_3_demo_tube_05_purple75,enclosure_output_box_replace_opening_left_jamb,no,,538.907228,5.0,ok,
input_box_3_demo_tube_05_purple75,enclosure_output_box_replace_opening_right_jamb,no,,869.839640,5.0,ok,
input_box_3_demo_tube_05_purple75,enclosure_output_box_replace_opening_top_rail,no,,565.386593,5.0,ok,
input_box_3_demo_tube_05_purple75,enclosure_output_box_replace_opening_bottom_sill,no,,538.922072,5.0,ok,
input_box_3_demo_tube_05_purple75,enclosure_input_door_simple_pull_handle,no,,444.721261,5.0,ok,
input_box_3_demo_tube_05_purple75,enclosure_output_door_simple_pull_handle,no,,876.000571,5.0,ok,
input_box_3_demo_tube_05_purple75,enclosure_manual_review_access_opening_left_jamb,no,,417.029975,5.0,ok,
input_box_3_demo_tube_05_purple75,enclosure_manual_review_access_opening_right_jamb,no,,456.195134,5.0,ok,
input_box_3_demo_tube_05_purple75,enclosure_manual_review_access_opening_top_rail,no,,420.384348,5.0,ok,
input_box_3_demo_tube_05_purple75,enclosure_manual_review_access_opening_bottom_sill,no,,417.202589,5.0,ok,
input_box_3_demo_tube_05_purple75,enclosure_manual_review_access_simple_pull_handle,no,,467.189469,5.0,ok,
input_box_3_demo_tube_05_purple75,enclosure_top_open_front_rectangular_rail,no,,512.828431,5.0,ok,
input_box_3_demo_tube_05_purple75,enclosure_top_open_rear_rectangular_rail,no,,540.208293,5.0,ok,
input_box_3_demo_tube_05_purple75,enclosure_top_open_left_rectangular_rail,no,,423.249335,5.0,ok,
input_box_3_demo_tube_05_purple75,enclosure_top_open_right_rectangular_rail,no,,916.726786,5.0,ok,
input_box_3_demo_tube_05_purple75,control_box_housing,no,,761.120812,5.0,ok,
input_box_3_demo_tube_05_purple75,din_rail_and_mounting,no,,776.201649,5.0,ok,
input_box_3_demo_tube_05_purple75,controller_board_placeholder,no,,761.417757,5.0,ok,
input_box_3_demo_tube_05_purple75,motor_driver_placeholders,no,,799.939998,5.0,ok,
input_box_3_demo_tube_05_purple75,power_supply_placeholder,no,,757.010568,5.0,ok,
input_box_3_demo_tube_05_purple75,terminal_blocks,no,,839.869037,5.0,ok,
input_box_3_demo_tube_05_purple75,cable_glands_and_connectors,no,,901.227635,5.0,ok,
input_box_3_demo_tube_05_purple75,ventilation_slots,no,,861.716456,5.0,ok,
input_box_3_demo_tube_05_purple75,mounting_brackets,no,,760.764090,5.0,ok,
input_box_4_demo_tube_01_purple75,input_box_4_demo_tube_02_yellow100,no,,68.000000,5.0,ok,
input_box_4_demo_tube_01_purple75,input_box_4_demo_tube_03_blue75,no,,124.579292,5.0,ok,
input_box_4_demo_tube_01_purple75,input_box_4_demo_tube_04_red75,no,,56.568542,5.0,ok,
input_box_4_demo_tube_01_purple75,input_box_4_demo_tube_05_purple75,no,,117.643529,5.0,ok,
input_box_4_demo_tube_01_purple75,scan_station_demo_tube_yellow100,no,,266.430103,5.0,ok,
input_box_4_demo_tube_01_purple75,category_A_classified_tube_01_purple75,no,,540.145351,5.0,ok,
input_box_4_demo_tube_01_purple75,category_A_classified_tube_02_purple75,no,,578.153094,5.0,ok,
input_box_4_demo_tube_01_purple75,category_A_classified_tube_03_purple75,no,,620.165301,5.0,ok,
input_box_4_demo_tube_01_purple75,category_B_classified_tube_01_yellow100,no,,731.393875,5.0,ok,
input_box_4_demo_tube_01_purple75,category_B_classified_tube_02_yellow100,no,,775.216744,5.0,ok,
input_box_4_demo_tube_01_purple75,category_B_classified_tube_03_yellow100,no,,821.477328,5.0,ok,
input_box_4_demo_tube_01_purple75,category_C_classified_tube_01_blue75,no,,476.525970,5.0,ok,
input_box_4_demo_tube_01_purple75,category_C_classified_tube_02_blue75,no,,530.415875,5.0,ok,
input_box_4_demo_tube_01_purple75,category_C_classified_tube_03_blue75,no,,586.000000,5.0,ok,
input_box_4_demo_tube_01_purple75,category_D_classified_tube_01_red75,no,,685.752871,5.0,ok,
input_box_4_demo_tube_01_purple75,category_D_classified_tube_02_red75,no,,740.297913,5.0,ok,
input_box_4_demo_tube_01_purple75,category_D_classified_tube_03_red75,no,,796.000000,5.0,ok,
input_box_4_demo_tube_01_purple75,enclosure_bottom_rear_rail,no,,487.050305,5.0,ok,
input_box_4_demo_tube_01_purple75,enclosure_bottom_left_rail,no,,174.140748,5.0,ok,
input_box_4_demo_tube_01_purple75,enclosure_bottom_right_rail,no,,974.025154,5.0,ok,
input_box_4_demo_tube_01_purple75,enclosure_bottom_front_left_stub,no,,366.352289,5.0,ok,
input_box_4_demo_tube_01_purple75,enclosure_bottom_front_center_stub,no,,488.815149,5.0,ok,
input_box_4_demo_tube_01_purple75,enclosure_bottom_front_right_stub,no,,934.566210,5.0,ok,
input_box_4_demo_tube_01_purple75,enclosure_corner_post_front_left,no,,400.745555,5.0,ok,
input_box_4_demo_tube_01_purple75,enclosure_corner_post_front_right,no,,1038.747804,5.0,ok,
input_box_4_demo_tube_01_purple75,enclosure_corner_post_rear_left,no,,517.150848,5.0,ok,
input_box_4_demo_tube_01_purple75,enclosure_corner_post_rear_right,no,,1088.965105,5.0,ok,
input_box_4_demo_tube_01_purple75,enclosure_top_rear_crossbeam,no,,578.370988,5.0,ok,
input_box_4_demo_tube_01_purple75,enclosure_top_left_crossbeam,no,,357.239416,5.0,ok,
input_box_4_demo_tube_01_purple75,enclosure_top_right_crossbeam,no,,1022.751192,5.0,ok,
input_box_4_demo_tube_01_purple75,enclosure_front_upper_left_beam,no,,477.142536,5.0,ok,
input_box_4_demo_tube_01_purple75,enclosure_front_upper_center_beam,no,,572.847275,5.0,ok,
input_box_4_demo_tube_01_purple75,enclosure_front_upper_right_beam,no,,890.600359,5.0,ok,
input_box_4_demo_tube_01_purple75,enclosure_rear_transparent_panel,no,,485.500000,5.0,ok,
input_box_4_demo_tube_01_purple75,enclosure_left_transparent_panel,no,,172.789612,5.0,ok,
input_box_4_demo_tube_01_purple75,enclosure_right_transparent_panel,no,,972.551413,5.0,ok,
input_box_4_demo_tube_01_purple75,enclosure_front_left_low_panel,no,,386.272249,5.0,ok,
input_box_4_demo_tube_01_purple75,enclosure_front_center_low_panel,no,,510.242344,5.0,ok,
input_box_4_demo_tube_01_purple75,enclosure_front_right_low_panel,no,,992.172490,5.0,ok,
input_box_4_demo_tube_01_purple75,enclosure_input_box_replace_opening_left_jamb,no,,380.569310,5.0,ok,
input_box_4_demo_tube_01_purple75,enclosure_input_box_replace_opening_right_jamb,no,,437.713377,5.0,ok,
input_box_4_demo_tube_01_purple75,enclosure_input_box_replace_opening_top_rail,no,,405.789354,5.0,ok,
input_box_4_demo_tube_01_purple75,enclosure_input_box_replace_opening_bottom_sill,no,,368.021738,5.0,ok,
input_box_4_demo_tube_01_purple75,enclosure_output_box_replace_opening_left_jamb,no,,586.747816,5.0,ok,
input_box_4_demo_tube_01_purple75,enclosure_output_box_replace_opening_right_jamb,no,,951.079913,5.0,ok,
input_box_4_demo_tube_01_purple75,enclosure_output_box_replace_opening_top_rail,no,,611.157917,5.0,ok,
input_box_4_demo_tube_01_purple75,enclosure_output_box_replace_opening_bottom_sill,no,,586.761451,5.0,ok,
input_box_4_demo_tube_01_purple75,enclosure_input_door_simple_pull_handle,no,,448.603388,5.0,ok,
input_box_4_demo_tube_01_purple75,enclosure_output_door_simple_pull_handle,no,,956.140680,5.0,ok,
input_box_4_demo_tube_01_purple75,enclosure_manual_review_access_opening_left_jamb,no,,389.011568,5.0,ok,
input_box_4_demo_tube_01_purple75,enclosure_manual_review_access_opening_right_jamb,no,,475.236783,5.0,ok,
input_box_4_demo_tube_01_purple75,enclosure_manual_review_access_opening_top_rail,no,,392.605400,5.0,ok,
input_box_4_demo_tube_01_purple75,enclosure_manual_review_access_opening_bottom_sill,no,,389.196608,5.0,ok,
input_box_4_demo_tube_01_purple75,enclosure_manual_review_access_simple_pull_handle,no,,484.662769,5.0,ok,
input_box_4_demo_tube_01_purple75,enclosure_top_open_front_rectangular_rail,no,,477.142536,5.0,ok,
input_box_4_demo_tube_01_purple75,enclosure_top_open_rear_rectangular_rail,no,,578.370988,5.0,ok,
input_box_4_demo_tube_01_purple75,enclosure_top_open_left_rectangular_rail,no,,357.239416,5.0,ok,
input_box_4_demo_tube_01_purple75,enclosure_top_open_right_rectangular_rail,no,,1022.751192,5.0,ok,
input_box_4_demo_tube_01_purple75,control_box_housing,no,,878.321405,5.0,ok,
input_box_4_demo_tube_01_purple75,din_rail_and_mounting,no,,893.864084,5.0,ok,
input_box_4_demo_tube_01_purple75,controller_board_placeholder,no,,878.961319,5.0,ok,
input_box_4_demo_tube_01_purple75,motor_driver_placeholders,no,,918.688195,5.0,ok,
input_box_4_demo_tube_01_purple75,power_supply_placeholder,no,,874.876563,5.0,ok,
input_box_4_demo_tube_01_purple75,terminal_blocks,no,,959.099578,5.0,ok,
input_box_4_demo_tube_01_purple75,cable_glands_and_connectors,no,,1014.299389,5.0,ok,
input_box_4_demo_tube_01_purple75,ventilation_slots,no,,977.619174,5.0,ok,
input_box_4_demo_tube_01_purple75,mounting_brackets,no,,877.921409,5.0,ok,
input_box_4_demo_tube_02_yellow100,input_box_4_demo_tube_03_blue75,no,,41.761226,5.0,ok,
input_box_4_demo_tube_02_yellow100,input_box_4_demo_tube_04_red75,no,,41.761226,5.0,ok,
input_box_4_demo_tube_02_yellow100,input_box_4_demo_tube_05_purple75,no,,69.050706,5.0,ok,
input_box_4_demo_tube_02_yellow100,scan_station_demo_tube_yellow100,no,,192.481168,5.0,ok,
input_box_4_demo_tube_02_yellow100,category_A_classified_tube_01_purple75,no,,468.167705,5.0,ok,
input_box_4_demo_tube_02_yellow100,category_A_classified_tube_02_purple75,no,,502.271839,5.0,ok,
input_box_4_demo_tube_02_yellow100,category_A_classified_tube_03_purple75,no,,541.491459,5.0,ok,
input_box_4_demo_tube_02_yellow100,category_B_classified_tube_01_yellow100,no,,653.514346,5.0,ok,
input_box_4_demo_tube_02_yellow100,category_B_classified_tube_02_yellow100,no,,695.483285,5.0,ok,
input_box_4_demo_tube_02_yellow100,category_B_classified_tube_03_yellow100,no,,740.373554,5.0,ok,
input_box_4_demo_tube_02_yellow100,category_C_classified_tube_01_blue75,no,,393.066152,5.0,ok,
input_box_4_demo_tube_02_yellow100,category_C_classified_tube_02_blue75,no,,446.494121,5.0,ok,
input_box_4_demo_tube_02_yellow100,category_C_classified_tube_03_blue75,no,,502.000000,5.0,ok,
input_box_4_demo_tube_02_yellow100,category_D_classified_tube_01_red75,no,,601.997508,5.0,ok,
input_box_4_demo_tube_02_yellow100,category_D_classified_tube_02_red75,no,,656.336042,5.0,ok,
input_box_4_demo_tube_02_yellow100,category_D_classified_tube_03_red75,no,,712.000000,5.0,ok,
input_box_4_demo_tube_02_yellow100,enclosure_bottom_rear_rail,no,,487.050305,5.0,ok,
input_box_4_demo_tube_02_yellow100,enclosure_bottom_left_rail,no,,258.094944,5.0,ok,
input_box_4_demo_tube_02_yellow100,enclosure_bottom_right_rail,no,,890.027528,5.0,ok,
input_box_4_demo_tube_02_yellow100,enclosure_bottom_front_left_stub,no,,389.468869,5.0,ok,
input_box_4_demo_tube_02_yellow100,enclosure_bottom_front_center_stub,no,,436.623694,5.0,ok,
input_box_4_demo_tube_02_yellow100,enclosure_bottom_front_right_stub,no,,857.702746,5.0,ok,
input_box_4_demo_tube_02_yellow100,enclosure_corner_post_front_left,no,,443.717252,5.0,ok,
input_box_4_demo_tube_02_yellow100,enclosure_corner_post_front_right,no,,960.427509,5.0,ok,
input_box_4_demo_tube_02_yellow100,enclosure_corner_post_rear_left,no,,551.119769,5.0,ok,
input_box_4_demo_tube_02_yellow100,enclosure_corner_post_rear_right,no,,1014.528955,5.0,ok,
input_box_4_demo_tube_02_yellow100,enclosure_top_rear_crossbeam,no,,565.276923,5.0,ok,
input_box_4_demo_tube_02_yellow100,enclosure_top_left_crossbeam,no,,385.918385,5.0,ok,
input_box_4_demo_tube_02_yellow100,enclosure_top_right_crossbeam,no,,935.130472,5.0,ok,
input_box_4_demo_tube_02_yellow100,enclosure_front_upper_left_beam,no,,462.586208,5.0,ok,
input_box_4_demo_tube_02_yellow100,enclosure_front_upper_center_beam,no,,516.700106,5.0,ok,
input_box_4_demo_tube_02_yellow100,enclosure_front_upper_right_beam,no,,811.735178,5.0,ok,
input_box_4_demo_tube_02_yellow100,enclosure_rear_transparent_panel,no,,485.500000,5.0,ok,
input_box_4_demo_tube_02_yellow100,enclosure_left_transparent_panel,no,,256.694858,5.0,ok,
input_box_4_demo_tube_02_yellow100,enclosure_right_transparent_panel,no,,888.556273,5.0,ok,
input_box_4_demo_tube_02_yellow100,enclosure_front_left_low_panel,no,,420.426272,5.0,ok,
input_box_4_demo_tube_02_yellow100,enclosure_front_center_low_panel,no,,455.810542,5.0,ok,
input_box_4_demo_tube_02_yellow100,enclosure_front_right_low_panel,no,,914.639956,5.0,ok,
input_box_4_demo_tube_02_yellow100,enclosure_input_box_replace_opening_left_jamb,no,,410.103645,5.0,ok,
input_box_4_demo_tube_02_yellow100,enclosure_input_box_replace_opening_right_jamb,no,,398.538580,5.0,ok,
input_box_4_demo_tube_02_yellow100,enclosure_input_box_replace_opening_top_rail,no,,395.904029,5.0,ok,
input_box_4_demo_tube_02_yellow100,enclosure_input_box_replace_opening_bottom_sill,no,,368.021738,5.0,ok,
input_box_4_demo_tube_02_yellow100,enclosure_output_box_replace_opening_left_jamb,no,,523.978053,5.0,ok,
input_box_4_demo_tube_02_yellow100,enclosure_output_box_replace_opening_right_jamb,no,,874.227087,5.0,ok,
input_box_4_demo_tube_02_yellow100,enclosure_output_box_replace_opening_top_rail,no,,543.938416,5.0,ok,
input_box_4_demo_tube_02_yellow100,enclosure_output_box_replace_opening_bottom_sill,no,,523.993321,5.0,ok,
input_box_4_demo_tube_02_yellow100,enclosure_input_door_simple_pull_handle,no,,409.646189,5.0,ok,
input_box_4_demo_tube_02_yellow100,enclosure_output_door_simple_pull_handle,no,,879.346348,5.0,ok,
input_box_4_demo_tube_02_yellow100,enclosure_manual_review_access_opening_left_jamb,no,,372.464763,5.0,ok,
input_box_4_demo_tube_02_yellow100,enclosure_manual_review_access_opening_right_jamb,no,,427.796681,5.0,ok,
input_box_4_demo_tube_02_yellow100,enclosure_manual_review_access_opening_top_rail,no,,373.515729,5.0,ok,
input_box_4_demo_tube_02_yellow100,enclosure_manual_review_access_opening_bottom_sill,no,,372.658020,5.0,ok,
input_box_4_demo_tube_02_yellow100,enclosure_manual_review_access_simple_pull_handle,no,,438.244224,5.0,ok,
input_box_4_demo_tube_02_yellow100,enclosure_top_open_front_rectangular_rail,no,,461.183261,5.0,ok,
input_box_4_demo_tube_02_yellow100,enclosure_top_open_rear_rectangular_rail,no,,565.276923,5.0,ok,
input_box_4_demo_tube_02_yellow100,enclosure_top_open_left_rectangular_rail,no,,385.918385,5.0,ok,
input_box_4_demo_tube_02_yellow100,enclosure_top_open_right_rectangular_rail,no,,935.130472,5.0,ok,
input_box_4_demo_tube_02_yellow100,control_box_housing,no,,811.719465,5.0,ok,
input_box_4_demo_tube_02_yellow100,din_rail_and_mounting,no,,826.482305,5.0,ok,
input_box_4_demo_tube_02_yellow100,controller_board_placeholder,no,,811.791229,5.0,ok,
input_box_4_demo_tube_02_yellow100,motor_driver_placeholders,no,,849.322083,5.0,ok,
input_box_4_demo_tube_02_yellow100,power_supply_placeholder,no,,807.158597,5.0,ok,
input_box_4_demo_tube_02_yellow100,terminal_blocks,no,,888.729430,5.0,ok,
input_box_4_demo_tube_02_yellow100,cable_glands_and_connectors,no,,953.557156,5.0,ok,
input_box_4_demo_tube_02_yellow100,ventilation_slots,no,,912.972754,5.0,ok,
input_box_4_demo_tube_02_yellow100,mounting_brackets,no,,811.390165,5.0,ok,
input_box_4_demo_tube_03_blue75,input_box_4_demo_tube_04_red75,no,,69.050706,5.0,ok,
input_box_4_demo_tube_03_blue75,input_box_4_demo_tube_05_purple75,no,,41.761226,5.0,ok,
input_box_4_demo_tube_03_blue75,scan_station_demo_tube_yellow100,no,,170.414201,5.0,ok,
input_box_4_demo_tube_03_blue75,category_A_classified_tube_01_purple75,no,,440.369163,5.0,ok,
input_box_4_demo_tube_03_blue75,category_A_classified_tube_02_purple75,no,,468.167705,5.0,ok,
input_box_4_demo_tube_03_blue75,category_A_classified_tube_03_purple75,no,,502.271839,5.0,ok,
input_box_4_demo_tube_03_blue75,category_B_classified_tube_01_yellow100,no,,615.065037,5.0,ok,
input_box_4_demo_tube_03_blue75,category_B_classified_tube_02_yellow100,no,,653.514346,5.0,ok,
input_box_4_demo_tube_03_blue75,category_B_classified_tube_03_yellow100,no,,695.483285,5.0,ok,
input_box_4_demo_tube_03_blue75,category_C_classified_tube_01_blue75,no,,342.760850,5.0,ok,
input_box_4_demo_tube_03_blue75,category_C_classified_tube_02_blue75,no,,393.066152,5.0,ok,
input_box_4_demo_tube_03_blue75,category_C_classified_tube_03_blue75,no,,446.494121,5.0,ok,
input_box_4_demo_tube_03_blue75,category_D_classified_tube_01_red75,no,,549.422424,5.0,ok,
input_box_4_demo_tube_03_blue75,category_D_classified_tube_02_red75,no,,601.997508,5.0,ok,
input_box_4_demo_tube_03_blue75,category_D_classified_tube_03_red75,no,,656.336042,5.0,ok,
input_box_4_demo_tube_03_blue75,enclosure_bottom_rear_rail,no,,515.047571,5.0,ok,
input_box_4_demo_tube_03_blue75,enclosure_bottom_left_rail,no,,314.078016,5.0,ok,
input_box_4_demo_tube_03_blue75,enclosure_bottom_right_rail,no,,834.029376,5.0,ok,
input_box_4_demo_tube_03_blue75,enclosure_bottom_front_left_stub,no,,389.540755,5.0,ok,
input_box_4_demo_tube_03_blue75,enclosure_bottom_front_center_stub,no,,383.207842,5.0,ok,
input_box_4_demo_tube_03_blue75,enclosure_bottom_front_right_stub,no,,795.123890,5.0,ok,
input_box_4_demo_tube_03_blue75,enclosure_corner_post_front_left,no,,457.695314,5.0,ok,
input_box_4_demo_tube_03_blue75,enclosure_corner_post_front_right,no,,898.022828,5.0,ok,
input_box_4_demo_tube_03_blue75,enclosure_corner_post_rear_left,no,,603.175762,5.0,ok,
input_box_4_demo_tube_03_blue75,enclosure_corner_post_rear_right,no,,980.194368,5.0,ok,
input_box_4_demo_tube_03_blue75,enclosure_top_rear_crossbeam,no,,602.137028,5.0,ok,
input_box_4_demo_tube_03_blue75,enclosure_top_left_crossbeam,no,,442.651104,5.0,ok,
input_box_4_demo_tube_03_blue75,enclosure_top_right_crossbeam,no,,890.449325,5.0,ok,
input_box_4_demo_tube_03_blue75,enclosure_front_upper_left_beam,no,,465.507250,5.0,ok,
input_box_4_demo_tube_03_blue75,enclosure_front_upper_center_beam,no,,489.450713,5.0,ok,
input_box_4_demo_tube_03_blue75,enclosure_front_upper_right_beam,no,,763.398323,5.0,ok,
input_box_4_demo_tube_03_blue75,enclosure_rear_transparent_panel,no,,513.500000,5.0,ok,
input_box_4_demo_tube_03_blue75,enclosure_left_transparent_panel,no,,314.801922,5.0,ok,
input_box_4_demo_tube_03_blue75,enclosure_right_transparent_panel,no,,833.366816,5.0,ok,
input_box_4_demo_tube_03_blue75,enclosure_front_left_low_panel,no,,428.049355,5.0,ok,
input_box_4_demo_tube_03_blue75,enclosure_front_center_low_panel,no,,401.007793,5.0,ok,
input_box_4_demo_tube_03_blue75,enclosure_front_right_low_panel,no,,852.118683,5.0,ok,
input_box_4_demo_tube_03_blue75,enclosure_input_box_replace_opening_left_jamb,no,,414.450238,5.0,ok,
input_box_4_demo_tube_03_blue75,enclosure_input_box_replace_opening_right_jamb,no,,353.566118,5.0,ok,
input_box_4_demo_tube_03_blue75,enclosure_input_box_replace_opening_top_rail,no,,380.579821,5.0,ok,
input_box_4_demo_tube_03_blue75,enclosure_input_box_replace_opening_bottom_sill,no,,340.023529,5.0,ok,
input_box_4_demo_tube_03_blue75,enclosure_output_box_replace_opening_left_jamb,no,,464.853740,5.0,ok,
input_box_4_demo_tube_03_blue75,enclosure_output_box_replace_opening_right_jamb,no,,811.645859,5.0,ok,
input_box_4_demo_tube_03_blue75,enclosure_output_box_replace_opening_top_rail,no,,495.307985,5.0,ok,
input_box_4_demo_tube_03_blue75,enclosure_output_box_replace_opening_bottom_sill,no,,464.870950,5.0,ok,
input_box_4_demo_tube_03_blue75,enclosure_input_door_simple_pull_handle,no,,366.045079,5.0,ok,
input_box_4_demo_tube_03_blue75,enclosure_output_door_simple_pull_handle,no,,817.159103,5.0,ok,
input_box_4_demo_tube_03_blue75,enclosure_manual_review_access_opening_left_jamb,no,,343.000000,5.0,ok,
input_box_4_demo_tube_03_blue75,enclosure_manual_review_access_opening_right_jamb,no,,377.224071,5.0,ok,
input_box_4_demo_tube_03_blue75,enclosure_manual_review_access_opening_top_rail,no,,347.070598,5.0,ok,
input_box_4_demo_tube_03_blue75,enclosure_manual_review_access_opening_bottom_sill,no,,343.209848,5.0,ok,
input_box_4_demo_tube_03_blue75,enclosure_manual_review_access_simple_pull_handle,no,,388.167490,5.0,ok,
input_box_4_demo_tube_03_blue75,enclosure_top_open_front_rectangular_rail,no,,456.325542,5.0,ok,
input_box_4_demo_tube_03_blue75,enclosure_top_open_rear_rectangular_rail,no,,602.137028,5.0,ok,
input_box_4_demo_tube_03_blue75,enclosure_top_open_left_rectangular_rail,no,,442.651104,5.0,ok,
input_box_4_demo_tube_03_blue75,enclosure_top_open_right_rectangular_rail,no,,890.449325,5.0,ok,
input_box_4_demo_tube_03_blue75,control_box_housing,no,,788.208913,5.0,ok,
input_box_4_demo_tube_03_blue75,din_rail_and_mounting,no,,801.963216,5.0,ok,
input_box_4_demo_tube_03_blue75,controller_board_placeholder,no,,787.596978,5.0,ok,
input_box_4_demo_tube_03_blue75,motor_driver_placeholders,no,,822.253002,5.0,ok,
input_box_4_demo_tube_03_blue75,power_supply_placeholder,no,,782.320267,5.0,ok,
input_box_4_demo_tube_03_blue75,terminal_blocks,no,,860.232527,5.0,ok,
input_box_4_demo_tube_03_blue75,cable_glands_and_connectors,no,,936.072246,5.0,ok,
input_box_4_demo_tube_03_blue75,ventilation_slots,no,,891.308729,5.0,ok,
input_box_4_demo_tube_03_blue75,mounting_brackets,no,,787.965735,5.0,ok,
input_box_4_demo_tube_04_red75,input_box_4_demo_tube_05_purple75,no,,41.761226,5.0,ok,
input_box_4_demo_tube_04_red75,scan_station_demo_tube_yellow100,no,,248.823230,5.0,ok,
input_box_4_demo_tube_04_red75,category_A_classified_tube_01_purple75,no,,523.401376,5.0,ok,
input_box_4_demo_tube_04_red75,category_A_classified_tube_02_purple75,no,,554.116414,5.0,ok,
input_box_4_demo_tube_04_red75,category_A_classified_tube_03_purple75,no,,589.899144,5.0,ok,
input_box_4_demo_tube_04_red75,category_B_classified_tube_01_yellow100,no,,702.573128,5.0,ok,
input_box_4_demo_tube_04_red75,category_B_classified_tube_02_yellow100,no,,741.771528,5.0,ok,
input_box_4_demo_tube_04_red75,category_B_classified_tube_03_yellow100,no,,784.015944,5.0,ok,
input_box_4_demo_tube_04_red75,category_C_classified_tube_01_blue75,no,,430.986079,5.0,ok,
input_box_4_demo_tube_04_red75,category_C_classified_tube_02_blue75,no,,480.213494,5.0,ok,
input_box_4_demo_tube_04_red75,category_C_classified_tube_03_blue75,no,,532.260275,5.0,ok,
input_box_4_demo_tube_04_red75,category_D_classified_tube_01_red75,no,,636.717363,5.0,ok,
input_box_4_demo_tube_04_red75,category_D_classified_tube_02_red75,no,,688.320420,5.0,ok,
input_box_4_demo_tube_04_red75,category_D_classified_tube_03_red75,no,,741.620523,5.0,ok,
input_box_4_demo_tube_04_red75,enclosure_bottom_rear_rail,no,,543.045118,5.0,ok,
input_box_4_demo_tube_04_red75,enclosure_bottom_left_rail,no,,230.106497,5.0,ok,
input_box_4_demo_tube_04_red75,enclosure_bottom_right_rail,no,,918.026688,5.0,ok,
input_box_4_demo_tube_04_red75,enclosure_bottom_front_left_stub,no,,327.105488,5.0,ok,
input_box_4_demo_tube_04_red75,enclosure_bottom_front_center_stub,no,,409.727043,5.0,ok,
input_box_4_demo_tube_04_red75,enclosure_bottom_front_right_stub,no,,861.806243,5.0,ok,
input_box_4_demo_tube_04_red75,enclosure_corner_post_front_left,no,,382.001309,5.0,ok,
input_box_4_demo_tube_04_red75,enclosure_corner_post_front_right,no,,967.341201,5.0,ok,
input_box_4_demo_tube_04_red75,enclosure_corner_post_rear_left,no,,589.702467,5.0,ok,
input_box_4_demo_tube_04_red75,enclosure_corner_post_rear_right,no,,1066.570673,5.0,ok,
input_box_4_demo_tube_04_red75,enclosure_top_rear_crossbeam,no,,626.253144,5.0,ok,
input_box_4_demo_tube_04_red75,enclosure_top_left_crossbeam,no,,387.613209,5.0,ok,
input_box_4_demo_tube_04_red75,enclosure_top_right_crossbeam,no,,969.571039,5.0,ok,
input_box_4_demo_tube_04_red75,enclosure_front_upper_left_beam,no,,436.386297,5.0,ok,
input_box_4_demo_tube_04_red75,enclosure_front_upper_center_beam,no,,508.419118,5.0,ok,
input_box_4_demo_tube_04_red75,enclosure_front_upper_right_beam,no,,821.452981,5.0,ok,
input_box_4_demo_tube_04_red75,enclosure_rear_transparent_panel,no,,541.500000,5.0,ok,
input_box_4_demo_tube_04_red75,enclosure_left_transparent_panel,no,,237.840808,5.0,ok,
input_box_4_demo_tube_04_red75,enclosure_right_transparent_panel,no,,918.873359,5.0,ok,
input_box_4_demo_tube_04_red75,enclosure_front_left_low_panel,no,,357.902571,5.0,ok,
input_box_4_demo_tube_04_red75,enclosure_front_center_low_panel,no,,431.058291,5.0,ok,
input_box_4_demo_tube_04_red75,enclosure_front_right_low_panel,no,,919.981657,5.0,ok,
input_box_4_demo_tube_04_red75,enclosure_input_box_replace_opening_left_jamb,no,,347.495324,5.0,ok,
input_box_4_demo_tube_04_red75,enclosure_input_box_replace_opening_right_jamb,no,,360.700707,5.0,ok,
input_box_4_demo_tube_04_red75,enclosure_input_box_replace_opening_top_rail,no,,355.787858,5.0,ok,
input_box_4_demo_tube_04_red75,enclosure_input_box_replace_opening_bottom_sill,no,,312.025640,5.0,ok,
input_box_4_demo_tube_04_red75,enclosure_output_box_replace_opening_left_jamb,no,,508.079718,5.0,ok,
input_box_4_demo_tube_04_red75,enclosure_output_box_replace_opening_right_jamb,no,,878.285261,5.0,ok,
input_box_4_demo_tube_04_red75,enclosure_output_box_replace_opening_top_rail,no,,536.083949,5.0,ok,
input_box_4_demo_tube_04_red75,enclosure_output_box_replace_opening_bottom_sill,no,,508.095463,5.0,ok,
input_box_4_demo_tube_04_red75,enclosure_input_door_simple_pull_handle,no,,372.038976,5.0,ok,
input_box_4_demo_tube_04_red75,enclosure_output_door_simple_pull_handle,no,,883.002265,5.0,ok,
input_box_4_demo_tube_04_red75,enclosure_manual_review_access_opening_left_jamb,no,,320.851991,5.0,ok,
input_box_4_demo_tube_04_red75,enclosure_manual_review_access_opening_right_jamb,no,,396.618204,5.0,ok,
input_box_4_demo_tube_04_red75,enclosure_manual_review_access_opening_top_rail,no,,325.199938,5.0,ok,
input_box_4_demo_tube_04_red75,enclosure_manual_review_access_opening_bottom_sill,no,,321.076315,5.0,ok,
input_box_4_demo_tube_04_red75,enclosure_manual_review_access_simple_pull_handle,no,,406.214229,5.0,ok,
input_box_4_demo_tube_04_red75,enclosure_top_open_front_rectangular_rail,no,,436.312961,5.0,ok,
input_box_4_demo_tube_04_red75,enclosure_top_open_rear_rectangular_rail,no,,626.253144,5.0,ok,
input_box_4_demo_tube_04_red75,enclosure_top_open_left_rectangular_rail,no,,387.613209,5.0,ok,
input_box_4_demo_tube_04_red75,enclosure_top_open_right_rectangular_rail,no,,969.571039,5.0,ok,
input_box_4_demo_tube_04_red75,control_box_housing,no,,869.239950,5.0,ok,
input_box_4_demo_tube_04_red75,din_rail_and_mounting,no,,883.593232,5.0,ok,
input_box_4_demo_tube_04_red75,controller_board_placeholder,no,,869.029919,5.0,ok,
input_box_4_demo_tube_04_red75,motor_driver_placeholders,no,,905.302160,5.0,ok,
input_box_4_demo_tube_04_red75,power_supply_placeholder,no,,864.120941,5.0,ok,
input_box_4_demo_tube_04_red75,terminal_blocks,no,,944.033898,5.0,ok,
input_box_4_demo_tube_04_red75,cable_glands_and_connectors,no,,1013.277479,5.0,ok,
input_box_4_demo_tube_04_red75,ventilation_slots,no,,971.268887,5.0,ok,
input_box_4_demo_tube_04_red75,mounting_brackets,no,,868.945338,5.0,ok,
input_box_4_demo_tube_05_purple75,scan_station_demo_tube_yellow100,no,,232.174503,5.0,ok,
input_box_4_demo_tube_05_purple75,category_A_classified_tube_01_purple75,no,,498.691287,5.0,ok,
input_box_4_demo_tube_05_purple75,category_A_classified_tube_02_purple75,no,,523.401376,5.0,ok,
input_box_4_demo_tube_05_purple75,category_A_classified_tube_03_purple75,no,,554.116414,5.0,ok,
input_box_4_demo_tube_05_purple75,category_B_classified_tube_01_yellow100,no,,666.958020,5.0,ok,
input_box_4_demo_tube_05_purple75,category_B_classified_tube_02_yellow100,no,,702.573128,5.0,ok,
input_box_4_demo_tube_05_purple75,category_B_classified_tube_03_yellow100,no,,741.771528,5.0,ok,
input_box_4_demo_tube_05_purple75,category_C_classified_tube_01_blue75,no,,385.659176,5.0,ok,
input_box_4_demo_tube_05_purple75,category_C_classified_tube_02_blue75,no,,430.986079,5.0,ok,
input_box_4_demo_tube_05_purple75,category_C_classified_tube_03_blue75,no,,480.213494,5.0,ok,
input_box_4_demo_tube_05_purple75,category_D_classified_tube_01_red75,no,,587.258887,5.0,ok,
input_box_4_demo_tube_05_purple75,category_D_classified_tube_02_red75,no,,636.717363,5.0,ok,
input_box_4_demo_tube_05_purple75,category_D_classified_tube_03_red75,no,,688.320420,5.0,ok,
input_box_4_demo_tube_05_purple75,enclosure_bottom_rear_rail,no,,571.042906,5.0,ok,
input_box_4_demo_tube_05_purple75,enclosure_bottom_left_rail,no,,286.085652,5.0,ok,
input_box_4_demo_tube_05_purple75,enclosure_bottom_right_rail,no,,862.028422,5.0,ok,
input_box_4_demo_tube_05_purple75,enclosure_bottom_front_left_stub,no,,327.191076,5.0,ok,
input_box_4_demo_tube_05_purple75,enclosure_bottom_front_center_stub,no,,352.255944,5.0,ok,
input_box_4_demo_tube_05_purple75,enclosure_bottom_front_right_stub,no,,799.548623,5.0,ok,
input_box_4_demo_tube_05_purple75,enclosure_corner_post_front_left,no,,398.151981,5.0,ok,
input_box_4_demo_tube_05_purple75,enclosure_corner_post_front_right,no,,905.413165,5.0,ok,
input_box_4_demo_tube_05_purple75,enclosure_corner_post_rear_left,no,,638.621171,5.0,ok,
input_box_4_demo_tube_05_purple75,enclosure_corner_post_rear_right,no,,1033.965667,5.0,ok,
input_box_4_demo_tube_05_purple75,enclosure_top_rear_crossbeam,no,,650.680413,5.0,ok,
input_box_4_demo_tube_05_purple75,enclosure_top_left_crossbeam,no,,423.249335,5.0,ok,
input_box_4_demo_tube_05_purple75,enclosure_top_right_crossbeam,no,,916.726786,5.0,ok,
input_box_4_demo_tube_05_purple75,enclosure_front_upper_left_beam,no,,422.100699,5.0,ok,
input_box_4_demo_tube_05_purple75,enclosure_front_upper_center_beam,no,,464.863421,5.0,ok,
input_box_4_demo_tube_05_purple75,enclosure_front_upper_right_beam,no,,763.984947,5.0,ok,
input_box_4_demo_tube_05_purple75,enclosure_rear_transparent_panel,no,,569.500000,5.0,ok,
input_box_4_demo_tube_05_purple75,enclosure_left_transparent_panel,no,,299.626851,5.0,ok,
input_box_4_demo_tube_05_purple75,enclosure_right_transparent_panel,no,,865.618998,5.0,ok,
input_box_4_demo_tube_05_purple75,enclosure_front_left_low_panel,no,,366.827275,5.0,ok,
input_box_4_demo_tube_05_purple75,enclosure_front_center_low_panel,no,,372.632862,5.0,ok,
input_box_4_demo_tube_05_purple75,enclosure_front_right_low_panel,no,,857.849783,5.0,ok,
input_box_4_demo_tube_05_purple75,enclosure_input_box_replace_opening_left_jamb,no,,352.614520,5.0,ok,
input_box_4_demo_tube_05_purple75,enclosure_input_box_replace_opening_right_jamb,no,,310.291798,5.0,ok,
input_box_4_demo_tube_05_purple75,enclosure_input_box_replace_opening_top_rail,no,,331.507164,5.0,ok,
input_box_4_demo_tube_05_purple75,enclosure_input_box_replace_opening_bottom_sill,no,,284.028168,5.0,ok,
input_box_4_demo_tube_05_purple75,enclosure_output_box_replace_opening_left_jamb,no,,446.856800,5.0,ok,
input_box_4_demo_tube_05_purple75,enclosure_output_box_replace_opening_right_jamb,no,,816.015318,5.0,ok,
input_box_4_demo_tube_05_purple75,enclosure_output_box_replace_opening_top_rail,no,,478.457940,5.0,ok,
input_box_4_demo_tube_05_purple75,enclosure_output_box_replace_opening_bottom_sill,no,,446.874703,5.0,ok,
input_box_4_demo_tube_05_purple75,enclosure_input_door_simple_pull_handle,no,,322.361598,5.0,ok,
input_box_4_demo_tube_05_purple75,enclosure_output_door_simple_pull_handle,no,,820.680815,5.0,ok,
input_box_4_demo_tube_05_purple75,enclosure_manual_review_access_opening_left_jamb,no,,287.043551,5.0,ok,
input_box_4_demo_tube_05_purple75,enclosure_manual_review_access_opening_right_jamb,no,,341.458636,5.0,ok,
input_box_4_demo_tube_05_purple75,enclosure_manual_review_access_opening_top_rail,no,,291.895529,5.0,ok,
input_box_4_demo_tube_05_purple75,enclosure_manual_review_access_opening_bottom_sill,no,,287.294274,5.0,ok,
input_box_4_demo_tube_05_purple75,enclosure_manual_review_access_simple_pull_handle,no,,351.604892,5.0,ok,
input_box_4_demo_tube_05_purple75,enclosure_top_open_front_rectangular_rail,no,,417.220565,5.0,ok,
input_box_4_demo_tube_05_purple75,enclosure_top_open_rear_rectangular_rail,no,,650.680413,5.0,ok,
input_box_4_demo_tube_05_purple75,enclosure_top_open_left_rectangular_rail,no,,423.249335,5.0,ok,
input_box_4_demo_tube_05_purple75,enclosure_top_open_right_rectangular_rail,no,,916.726786,5.0,ok,
input_box_4_demo_tube_05_purple75,control_box_housing,no,,847.326909,5.0,ok,
input_box_4_demo_tube_05_purple75,din_rail_and_mounting,no,,860.702620,5.0,ok,
input_box_4_demo_tube_05_purple75,controller_board_placeholder,no,,846.473272,5.0,ok,
input_box_4_demo_tube_05_purple75,motor_driver_placeholders,no,,879.956817,5.0,ok,
input_box_4_demo_tube_05_purple75,power_supply_placeholder,no,,840.966706,5.0,ok,
input_box_4_demo_tube_05_purple75,terminal_blocks,no,,917.256780,5.0,ok,
input_box_4_demo_tube_05_purple75,cable_glands_and_connectors,no,,996.840634,5.0,ok,
input_box_4_demo_tube_05_purple75,ventilation_slots,no,,950.933883,5.0,ok,
input_box_4_demo_tube_05_purple75,mounting_brackets,no,,847.113924,5.0,ok,
scan_station_demo_tube_yellow100,category_A_classified_tube_01_purple75,no,,253.558672,5.0,ok,
scan_station_demo_tube_yellow100,category_A_classified_tube_02_purple75,no,,290.798900,5.0,ok,
scan_station_demo_tube_yellow100,category_A_classified_tube_03_purple75,no,,335.672459,5.0,ok,
scan_station_demo_tube_yellow100,category_B_classified_tube_01_yellow100,no,,445.277442,5.0,ok,
scan_station_demo_tube_yellow100,category_B_classified_tube_02_yellow100,no,,492.000000,5.0,ok,
scan_station_demo_tube_yellow100,category_B_classified_tube_03_yellow100,no,,541.937266,5.0,ok,
scan_station_demo_tube_yellow100,category_C_classified_tube_01_blue75,no,,218.082553,5.0,ok,
scan_station_demo_tube_yellow100,category_C_classified_tube_02_blue75,no,,278.926514,5.0,ok,
scan_station_demo_tube_yellow100,category_C_classified_tube_03_blue75,no,,340.411516,5.0,ok,
scan_station_demo_tube_yellow100,category_D_classified_tube_01_red75,no,,426.075111,5.0,ok,
scan_station_demo_tube_yellow100,category_D_classified_tube_02_red75,no,,485.077313,5.0,ok,
scan_station_demo_tube_yellow100,category_D_classified_tube_03_red75,no,,544.885309,5.0,ok,
scan_station_demo_tube_yellow100,enclosure_bottom_rear_rail,no,,364.049447,5.0,ok,
scan_station_demo_tube_yellow100,enclosure_bottom_left_rail,no,,434.041473,5.0,ok,
scan_station_demo_tube_yellow100,enclosure_bottom_right_rail,no,,714.025210,5.0,ok,
scan_station_demo_tube_yellow100,enclosure_bottom_front_left_stub,no,,581.357033,5.0,ok,
scan_station_demo_tube_yellow100,enclosure_bottom_front_center_stub,no,,489.001278,5.0,ok,
scan_station_demo_tube_yellow100,enclosure_bottom_front_right_stub,no,,772.461002,5.0,ok,
scan_station_demo_tube_yellow100,enclosure_corner_post_front_left,no,,650.086148,5.0,ok,
scan_station_demo_tube_yellow100,enclosure_corner_post_front_right,no,,862.584489,5.0,ok,
scan_station_demo_tube_yellow100,enclosure_corner_post_rear_left,no,,566.437993,5.0,ok,
scan_station_demo_tube_yellow100,enclosure_corner_post_rear_right,no,,801.431220,5.0,ok,
scan_station_demo_tube_yellow100,enclosure_top_rear_crossbeam,no,,464.155146,5.0,ok,
scan_station_demo_tube_yellow100,enclosure_top_left_crossbeam,no,,520.864666,5.0,ok,
scan_station_demo_tube_yellow100,enclosure_top_right_crossbeam,no,,769.896097,5.0,ok,
scan_station_demo_tube_yellow100,enclosure_front_upper_left_beam,no,,601.784014,5.0,ok,
scan_station_demo_tube_yellow100,enclosure_front_upper_center_beam,no,,566.082150,5.0,ok,
scan_station_demo_tube_yellow100,enclosure_front_upper_right_beam,no,,747.839555,5.0,ok,
scan_station_demo_tube_yellow100,enclosure_rear_transparent_panel,no,,362.500000,5.0,ok,
scan_station_demo_tube_yellow100,enclosure_left_transparent_panel,no,,432.500000,5.0,ok,
scan_station_demo_tube_yellow100,enclosure_right_transparent_panel,no,,712.500000,5.0,ok,
scan_station_demo_tube_yellow100,enclosure_front_left_low_panel,no,,620.914044,5.0,ok,
scan_station_demo_tube_yellow100,enclosure_front_center_low_panel,no,,498.633382,5.0,ok,
scan_station_demo_tube_yellow100,enclosure_front_right_low_panel,no,,823.319045,5.0,ok,
scan_station_demo_tube_yellow100,enclosure_input_box_replace_opening_left_jamb,no,,607.066718,5.0,ok,
scan_station_demo_tube_yellow100,enclosure_input_box_replace_opening_right_jamb,no,,491.000000,5.0,ok,
scan_station_demo_tube_yellow100,enclosure_input_box_replace_opening_top_rail,no,,512.532926,5.0,ok,
scan_station_demo_tube_yellow100,enclosure_input_box_replace_opening_bottom_sill,no,,491.009165,5.0,ok,
scan_station_demo_tube_yellow100,enclosure_output_box_replace_opening_left_jamb,no,,529.046312,5.0,ok,
scan_station_demo_tube_yellow100,enclosure_output_box_replace_opening_right_jamb,no,,788.523937,5.0,ok,
scan_station_demo_tube_yellow100,enclosure_output_box_replace_opening_top_rail,no,,549.089246,5.0,ok,
scan_station_demo_tube_yellow100,enclosure_output_box_replace_opening_bottom_sill,no,,529.054818,5.0,ok,
scan_station_demo_tube_yellow100,enclosure_input_door_simple_pull_handle,no,,503.003976,5.0,ok,
scan_station_demo_tube_yellow100,enclosure_output_door_simple_pull_handle,no,,796.054018,5.0,ok,
scan_station_demo_tube_yellow100,enclosure_manual_review_access_opening_left_jamb,no,,507.666229,5.0,ok,
scan_station_demo_tube_yellow100,enclosure_manual_review_access_opening_right_jamb,no,,495.383690,5.0,ok,
scan_station_demo_tube_yellow100,enclosure_manual_review_access_opening_top_rail,no,,494.850482,5.0,ok,
scan_station_demo_tube_yellow100,enclosure_manual_review_access_opening_bottom_sill,no,,494.122454,5.0,ok,
scan_station_demo_tube_yellow100,enclosure_manual_review_access_simple_pull_handle,no,,507.350963,5.0,ok,
scan_station_demo_tube_yellow100,enclosure_top_open_front_rectangular_rail,no,,563.205114,5.0,ok,
scan_station_demo_tube_yellow100,enclosure_top_open_rear_rectangular_rail,no,,464.155146,5.0,ok,
scan_station_demo_tube_yellow100,enclosure_top_open_left_rectangular_rail,no,,520.864666,5.0,ok,
scan_station_demo_tube_yellow100,enclosure_top_open_right_rectangular_rail,no,,769.896097,5.0,ok,
scan_station_demo_tube_yellow100,control_box_housing,no,,597.845875,5.0,ok,
scan_station_demo_tube_yellow100,din_rail_and_mounting,no,,612.277715,5.0,ok,
scan_station_demo_tube_yellow100,controller_board_placeholder,no,,597.678844,5.0,ok,
scan_station_demo_tube_yellow100,motor_driver_placeholders,no,,634.640843,5.0,ok,
scan_station_demo_tube_yellow100,power_supply_placeholder,no,,592.854114,5.0,ok,
scan_station_demo_tube_yellow100,terminal_blocks,no,,674.015578,5.0,ok,
scan_station_demo_tube_yellow100,cable_glands_and_connectors,no,,743.423332,5.0,ok,
scan_station_demo_tube_yellow100,ventilation_slots,no,,699.993036,5.0,ok,
scan_station_demo_tube_yellow100,mounting_brackets,no,,597.549161,5.0,ok,
category_A_classified_tube_01_purple75,category_A_classified_tube_02_purple75,no,,41.761226,5.0,ok,
category_A_classified_tube_01_purple75,category_A_classified_tube_03_purple75,no,,104.000000,5.0,ok,
category_A_classified_tube_01_purple75,category_B_classified_tube_01_yellow100,no,,194.000000,5.0,ok,
category_A_classified_tube_01_purple75,category_B_classified_tube_02_yellow100,no,,250.287834,5.0,ok,
category_A_classified_tube_01_purple75,category_B_classified_tube_03_yellow100,no,,308.603305,5.0,ok,
category_A_classified_tube_01_purple75,category_C_classified_tube_01_blue75,no,,194.000000,5.0,ok,
category_A_classified_tube_01_purple75,category_C_classified_tube_02_blue75,no,,225.574821,5.0,ok,
category_A_classified_tube_01_purple75,category_C_classified_tube_03_blue75,no,,267.798432,5.0,ok,
category_A_classified_tube_01_purple75,category_D_classified_tube_01_red75,no,,274.357431,5.0,ok,
category_A_classified_tube_01_purple75,category_D_classified_tube_02_red75,no,,334.341143,5.0,ok,
category_A_classified_tube_01_purple75,category_D_classified_tube_03_red75,no,,395.140481,5.0,ok,
category_A_classified_tube_01_purple75,enclosure_bottom_rear_rail,no,,212.115535,5.0,ok,
category_A_classified_tube_01_purple75,enclosure_bottom_left_rail,no,,664.036897,5.0,ok,
category_A_classified_tube_01_purple75,enclosure_bottom_right_rail,no,,484.050617,5.0,ok,
category_A_classified_tube_01_purple75,enclosure_bottom_front_left_stub,no,,842.169223,5.0,ok,
category_A_classified_tube_01_purple75,enclosure_bottom_front_center_stub,no,,637.961794,5.0,ok,
category_A_classified_tube_01_purple75,enclosure_bottom_front_right_stub,no,,736.837160,5.0,ok,
category_A_classified_tube_01_purple75,enclosure_corner_post_front_left,no,,919.452011,5.0,ok,
category_A_classified_tube_01_purple75,enclosure_corner_post_front_right,no,,799.219619,5.0,ok,
category_A_classified_tube_01_purple75,enclosure_corner_post_rear_left,no,,697.022238,5.0,ok,
category_A_classified_tube_01_purple75,enclosure_corner_post_rear_right,no,,528.393793,5.0,ok,
category_A_classified_tube_01_purple75,enclosure_top_rear_crossbeam,no,,377.210816,5.0,ok,
category_A_classified_tube_01_purple75,enclosure_top_left_crossbeam,no,,733.648417,5.0,ok,
category_A_classified_tube_01_purple75,enclosure_top_right_crossbeam,no,,575.847202,5.0,ok,
category_A_classified_tube_01_purple75,enclosure_front_upper_left_beam,no,,834.987425,5.0,ok,
category_A_classified_tube_01_purple75,enclosure_front_upper_center_beam,no,,708.921011,5.0,ok,
category_A_classified_tube_01_purple75,enclosure_front_upper_right_beam,no,,755.303912,5.0,ok,
category_A_classified_tube_01_purple75,enclosure_rear_transparent_panel,no,,210.500000,5.0,ok,
category_A_classified_tube_01_purple75,enclosure_left_transparent_panel,no,,662.500000,5.0,ok,
category_A_classified_tube_01_purple75,enclosure_right_transparent_panel,no,,482.500000,5.0,ok,
category_A_classified_tube_01_purple75,enclosure_front_left_low_panel,no,,886.603773,5.0,ok,
category_A_classified_tube_01_purple75,enclosure_front_center_low_panel,no,,644.393707,5.0,ok,
category_A_classified_tube_01_purple75,enclosure_front_right_low_panel,no,,773.399153,5.0,ok,
category_A_classified_tube_01_purple75,enclosure_input_box_replace_opening_left_jamb,no,,870.642292,5.0,ok,
category_A_classified_tube_01_purple75,enclosure_input_box_replace_opening_right_jamb,no,,681.892953,5.0,ok,
category_A_classified_tube_01_purple75,enclosure_input_box_replace_opening_top_rail,no,,703.007112,5.0,ok,
category_A_classified_tube_01_purple75,enclosure_input_box_replace_opening_bottom_sill,no,,681.904685,5.0,ok,
category_A_classified_tube_01_purple75,enclosure_output_box_replace_opening_left_jamb,no,,643.038102,5.0,ok,
category_A_classified_tube_01_purple75,enclosure_output_box_replace_opening_right_jamb,no,,750.478514,5.0,ok,
category_A_classified_tube_01_purple75,enclosure_output_box_replace_opening_top_rail,no,,665.349532,5.0,ok,
category_A_classified_tube_01_purple75,enclosure_output_box_replace_opening_bottom_sill,no,,643.012442,5.0,ok,
category_A_classified_tube_01_purple75,enclosure_input_door_simple_pull_handle,no,,693.707431,5.0,ok,
category_A_classified_tube_01_purple75,enclosure_output_door_simple_pull_handle,no,,761.229269,5.0,ok,
category_A_classified_tube_01_purple75,enclosure_manual_review_access_opening_left_jamb,no,,733.297348,5.0,ok,
category_A_classified_tube_01_purple75,enclosure_manual_review_access_opening_right_jamb,no,,667.236840,5.0,ok,
category_A_classified_tube_01_purple75,enclosure_manual_review_access_opening_top_rail,no,,669.338479,5.0,ok,
category_A_classified_tube_01_purple75,enclosure_manual_review_access_opening_bottom_sill,no,,667.344738,5.0,ok,
category_A_classified_tube_01_purple75,enclosure_manual_review_access_simple_pull_handle,no,,678.861547,5.0,ok,
category_A_classified_tube_01_purple75,enclosure_top_open_front_rectangular_rail,no,,708.406663,5.0,ok,
category_A_classified_tube_01_purple75,enclosure_top_open_rear_rectangular_rail,no,,377.210816,5.0,ok,
category_A_classified_tube_01_purple75,enclosure_top_open_left_rectangular_rail,no,,733.648417,5.0,ok,
category_A_classified_tube_01_purple75,enclosure_top_open_right_rectangular_rail,no,,575.847202,5.0,ok,
category_A_classified_tube_01_purple75,control_box_housing,no,,326.417662,5.0,ok,
category_A_classified_tube_01_purple75,din_rail_and_mounting,no,,339.423040,5.0,ok,
category_A_classified_tube_01_purple75,controller_board_placeholder,no,,325.281417,5.0,ok,
category_A_classified_tube_01_purple75,motor_driver_placeholders,no,,359.517733,5.0,ok,
category_A_classified_tube_01_purple75,power_supply_placeholder,no,,319.662322,5.0,ok,
category_A_classified_tube_01_purple75,terminal_blocks,no,,398.393022,5.0,ok,
category_A_classified_tube_01_purple75,cable_glands_and_connectors,no,,482.336242,5.0,ok,
category_A_classified_tube_01_purple75,ventilation_slots,no,,430.934160,5.0,ok,
category_A_classified_tube_01_purple75,mounting_brackets,no,,326.252969,5.0,ok,
category_A_classified_tube_02_purple75,category_A_classified_tube_03_purple75,no,,41.761226,5.0,ok,
category_A_classified_tube_02_purple75,category_B_classified_tube_01_yellow100,no,,138.520757,5.0,ok,
category_A_classified_tube_02_purple75,category_B_classified_tube_02_yellow100,no,,194.000000,5.0,ok,
category_A_classified_tube_02_purple75,category_B_classified_tube_03_yellow100,no,,250.287834,5.0,ok,
category_A_classified_tube_02_purple75,category_C_classified_tube_01_blue75,no,,170.751281,5.0,ok,
category_A_classified_tube_02_purple75,category_C_classified_tube_02_blue75,no,,194.000000,5.0,ok,
category_A_classified_tube_02_purple75,category_C_classified_tube_03_blue75,no,,225.574821,5.0,ok,
category_A_classified_tube_02_purple75,category_D_classified_tube_01_red75,no,,215.870331,5.0,ok,
category_A_classified_tube_02_purple75,category_D_classified_tube_02_red75,no,,274.357431,5.0,ok,
category_A_classified_tube_02_purple75,category_D_classified_tube_03_red75,no,,334.341143,5.0,ok,
category_A_classified_tube_02_purple75,enclosure_bottom_rear_rail,no,,240.102062,5.0,ok,
category_A_classified_tube_02_purple75,enclosure_bottom_left_rail,no,,720.034027,5.0,ok,
category_A_classified_tube_02_purple75,enclosure_bottom_right_rail,no,,428.057239,5.0,ok,
category_A_classified_tube_02_purple75,enclosure_bottom_front_left_stub,no,,859.870339,5.0,ok,
category_A_classified_tube_02_purple75,enclosure_bottom_front_center_stub,no,,617.124987,5.0,ok,
category_A_classified_tube_02_purple75,enclosure_bottom_front_right_stub,no,,685.251049,5.0,ok,
category_A_classified_tube_02_purple75,enclosure_corner_post_front_left,no,,942.371477,5.0,ok,
category_A_classified_tube_02_purple75,enclosure_corner_post_front_right,no,,743.537491,5.0,ok,
category_A_classified_tube_02_purple75,enclosure_corner_post_rear_left,no,,758.946638,5.0,ok,
category_A_classified_tube_02_purple75,enclosure_corner_post_rear_right,no,,490.697463,5.0,ok,
category_A_classified_tube_02_purple75,enclosure_top_rear_crossbeam,no,,393.629267,5.0,ok,
category_A_classified_tube_02_purple75,enclosure_top_left_crossbeam,no,,784.693571,5.0,ok,
category_A_classified_tube_02_purple75,enclosure_top_right_crossbeam,no,,529.648940,5.0,ok,
category_A_classified_tube_02_purple75,enclosure_front_upper_left_beam,no,,845.583822,5.0,ok,
category_A_classified_tube_02_purple75,enclosure_front_upper_center_beam,no,,688.401772,5.0,ok,
category_A_classified_tube_02_purple75,enclosure_front_upper_right_beam,no,,713.753459,5.0,ok,
category_A_classified_tube_02_purple75,enclosure_rear_transparent_panel,no,,238.500000,5.0,ok,
category_A_classified_tube_02_purple75,enclosure_left_transparent_panel,no,,718.500000,5.0,ok,
category_A_classified_tube_02_purple75,enclosure_right_transparent_panel,no,,426.500000,5.0,ok,
category_A_classified_tube_02_purple75,enclosure_front_left_low_panel,no,,906.976433,5.0,ok,
category_A_classified_tube_02_purple75,enclosure_front_center_low_panel,no,,624.556843,5.0,ok,
category_A_classified_tube_02_purple75,enclosure_front_right_low_panel,no,,719.554202,5.0,ok,
category_A_classified_tube_02_purple75,enclosure_input_box_replace_opening_left_jamb,no,,889.760642,5.0,ok,
category_A_classified_tube_02_purple75,enclosure_input_box_replace_opening_right_jamb,no,,676.988922,5.0,ok,
category_A_classified_tube_02_purple75,enclosure_input_box_replace_opening_top_rail,no,,698.251387,5.0,ok,
category_A_classified_tube_02_purple75,enclosure_input_box_replace_opening_bottom_sill,no,,677.000739,5.0,ok,
category_A_classified_tube_02_purple75,enclosure_output_box_replace_opening_left_jamb,no,,618.218408,5.0,ok,
category_A_classified_tube_02_purple75,enclosure_output_box_replace_opening_right_jamb,no,,698.416781,5.0,ok,
category_A_classified_tube_02_purple75,enclosure_output_box_replace_opening_top_rail,no,,638.330635,5.0,ok,
category_A_classified_tube_02_purple75,enclosure_output_box_replace_opening_bottom_sill,no,,615.013008,5.0,ok,
category_A_classified_tube_02_purple75,enclosure_input_door_simple_pull_handle,no,,688.399593,5.0,ok,
category_A_classified_tube_02_purple75,enclosure_output_door_simple_pull_handle,no,,709.482910,5.0,ok,
category_A_classified_tube_02_purple75,enclosure_manual_review_access_opening_left_jamb,no,,737.789265,5.0,ok,
category_A_classified_tube_02_purple75,enclosure_manual_review_access_opening_right_jamb,no,,657.003044,5.0,ok,
category_A_classified_tube_02_purple75,enclosure_manual_review_access_opening_top_rail,no,,659.137315,5.0,ok,
category_A_classified_tube_02_purple75,enclosure_manual_review_access_opening_bottom_sill,no,,657.112624,5.0,ok,
category_A_classified_tube_02_purple75,enclosure_manual_review_access_simple_pull_handle,no,,668.303075,5.0,ok,
category_A_classified_tube_02_purple75,enclosure_top_open_front_rectangular_rail,no,,683.379836,5.0,ok,
category_A_classified_tube_02_purple75,enclosure_top_open_rear_rectangular_rail,no,,393.629267,5.0,ok,
category_A_classified_tube_02_purple75,enclosure_top_open_left_rectangular_rail,no,,784.693571,5.0,ok,
category_A_classified_tube_02_purple75,enclosure_top_open_right_rectangular_rail,no,,529.648940,5.0,ok,
category_A_classified_tube_02_purple75,control_box_housing,no,,314.651061,5.0,ok,
category_A_classified_tube_02_purple75,din_rail_and_mounting,no,,324.579728,5.0,ok,
category_A_classified_tube_02_purple75,controller_board_placeholder,no,,311.743484,5.0,ok,
category_A_classified_tube_02_purple75,motor_driver_placeholders,no,,337.752868,5.0,ok,
category_A_classified_tube_02_purple75,power_supply_placeholder,no,,304.591530,5.0,ok,
category_A_classified_tube_02_purple75,terminal_blocks,no,,372.758635,5.0,ok,
category_A_classified_tube_02_purple75,cable_glands_and_connectors,no,,479.249674,5.0,ok,
category_A_classified_tube_02_purple75,ventilation_slots,no,,420.343015,5.0,ok,
category_A_classified_tube_02_purple75,mounting_brackets,no,,314.720511,5.0,ok,
category_A_classified_tube_03_purple75,category_B_classified_tube_01_yellow100,no,,91.235958,5.0,ok,
category_A_classified_tube_03_purple75,category_B_classified_tube_02_yellow100,no,,138.520757,5.0,ok,
category_A_classified_tube_03_purple75,category_B_classified_tube_03_yellow100,no,,194.000000,5.0,ok,
category_A_classified_tube_03_purple75,category_C_classified_tube_01_blue75,no,,168.107109,5.0,ok,
category_A_classified_tube_03_purple75,category_C_classified_tube_02_blue75,no,,170.751281,5.0,ok,
category_A_classified_tube_03_purple75,category_C_classified_tube_03_blue75,no,,194.000000,5.0,ok,
category_A_classified_tube_03_purple75,category_D_classified_tube_01_red75,no,,160.524141,5.0,ok,
category_A_classified_tube_03_purple75,category_D_classified_tube_02_red75,no,,215.870331,5.0,ok,
category_A_classified_tube_03_purple75,category_D_classified_tube_03_red75,no,,274.357431,5.0,ok,
category_A_classified_tube_03_purple75,enclosure_bottom_rear_rail,no,,268.091402,5.0,ok,
category_A_classified_tube_03_purple75,enclosure_bottom_left_rail,no,,776.031572,5.0,ok,
category_A_classified_tube_03_purple75,enclosure_bottom_right_rail,no,,372.065854,5.0,ok,
category_A_classified_tube_03_purple75,enclosure_bottom_front_left_stub,no,,881.671708,5.0,ok,
category_A_classified_tube_03_purple75,enclosure_bottom_front_center_stub,no,,602.105680,5.0,ok,
category_A_classified_tube_03_purple75,enclosure_bottom_front_right_stub,no,,635.648488,5.0,ok,
category_A_classified_tube_03_purple75,enclosure_corner_post_front_left,no,,968.801321,5.0,ok,
category_A_classified_tube_03_purple75,enclosure_corner_post_front_right,no,,689.045717,5.0,ok,
category_A_classified_tube_03_purple75,enclosure_corner_post_rear_left,no,,820.975030,5.0,ok,
category_A_classified_tube_03_purple75,enclosure_corner_post_rear_right,no,,458.484460,5.0,ok,
category_A_classified_tube_03_purple75,enclosure_top_rear_crossbeam,no,,411.300377,5.0,ok,
category_A_classified_tube_03_purple75,enclosure_top_left_crossbeam,no,,836.373122,5.0,ok,
category_A_classified_tube_03_purple75,enclosure_top_right_crossbeam,no,,485.518280,5.0,ok,
category_A_classified_tube_03_purple75,enclosure_front_upper_left_beam,no,,860.616058,5.0,ok,
category_A_classified_tube_03_purple75,enclosure_front_upper_center_beam,no,,673.101033,5.0,ok,
category_A_classified_tube_03_purple75,enclosure_front_upper_right_beam,no,,675.458363,5.0,ok,
category_A_classified_tube_03_purple75,enclosure_rear_transparent_panel,no,,266.500000,5.0,ok,
category_A_classified_tube_03_purple75,enclosure_left_transparent_panel,no,,774.500000,5.0,ok,
category_A_classified_tube_03_purple75,enclosure_right_transparent_panel,no,,370.500000,5.0,ok,
category_A_classified_tube_03_purple75,enclosure_front_left_low_panel,no,,931.120964,5.0,ok,
category_A_classified_tube_03_purple75,enclosure_front_center_low_panel,no,,610.523751,5.0,ok,
category_A_classified_tube_03_purple75,enclosure_front_right_low_panel,no,,667.240774,5.0,ok,
category_A_classified_tube_03_purple75,enclosure_input_box_replace_opening_left_jamb,no,,912.781463,5.0,ok,
category_A_classified_tube_03_purple75,enclosure_input_box_replace_opening_right_jamb,no,,677.856917,5.0,ok,
category_A_classified_tube_03_purple75,enclosure_input_box_replace_opening_top_rail,no,,699.092984,5.0,ok,
category_A_classified_tube_03_purple75,enclosure_input_box_replace_opening_bottom_sill,no,,677.868719,5.0,ok,
category_A_classified_tube_03_purple75,enclosure_output_box_replace_opening_left_jamb,no,,598.940732,5.0,ok,
category_A_classified_tube_03_purple75,enclosure_output_box_replace_opening_right_jamb,no,,648.223727,5.0,ok,
category_A_classified_tube_03_purple75,enclosure_output_box_replace_opening_top_rail,no,,611.400033,5.0,ok,
category_A_classified_tube_03_purple75,enclosure_output_box_replace_opening_bottom_sill,no,,587.013628,5.0,ok,
category_A_classified_tube_03_purple75,enclosure_input_door_simple_pull_handle,no,,688.765562,5.0,ok,
category_A_classified_tube_03_purple75,enclosure_output_door_simple_pull_handle,no,,659.622619,5.0,ok,
category_A_classified_tube_03_purple75,enclosure_manual_review_access_opening_left_jamb,no,,747.516555,5.0,ok,
category_A_classified_tube_03_purple75,enclosure_manual_review_access_opening_right_jamb,no,,652.641556,5.0,ok,
category_A_classified_tube_03_purple75,enclosure_manual_review_access_opening_top_rail,no,,654.790043,5.0,ok,
category_A_classified_tube_03_purple75,enclosure_manual_review_access_opening_bottom_sill,no,,652.751867,5.0,ok,
category_A_classified_tube_03_purple75,enclosure_manual_review_access_simple_pull_handle,no,,663.509608,5.0,ok,
category_A_classified_tube_03_purple75,enclosure_top_open_front_rectangular_rail,no,,658.592438,5.0,ok,
category_A_classified_tube_03_purple75,enclosure_top_open_rear_rectangular_rail,no,,411.300377,5.0,ok,
category_A_classified_tube_03_purple75,enclosure_top_open_left_rectangular_rail,no,,836.373122,5.0,ok,
category_A_classified_tube_03_purple75,enclosure_top_open_right_rectangular_rail,no,,485.518280,5.0,ok,
category_A_classified_tube_03_purple75,control_box_housing,no,,315.122341,5.0,ok,
category_A_classified_tube_03_purple75,din_rail_and_mounting,no,,321.459173,5.0,ok,
category_A_classified_tube_03_purple75,controller_board_placeholder,no,,310.483494,5.0,ok,
category_A_classified_tube_03_purple75,motor_driver_placeholders,no,,326.712412,5.0,ok,
category_A_classified_tube_03_purple75,power_supply_placeholder,no,,302.006622,5.0,ok,
category_A_classified_tube_03_purple75,terminal_blocks,no,,356.400056,5.0,ok,
category_A_classified_tube_03_purple75,cable_glands_and_connectors,no,,484.305947,5.0,ok,
category_A_classified_tube_03_purple75,ventilation_slots,no,,418.941822,5.0,ok,
category_A_classified_tube_03_purple75,mounting_brackets,no,,315.431451,5.0,ok,
category_B_classified_tube_01_yellow100,category_B_classified_tube_02_yellow100,no,,41.761226,5.0,ok,
category_B_classified_tube_01_yellow100,category_B_classified_tube_03_yellow100,no,,104.000000,5.0,ok,
category_B_classified_tube_01_yellow100,category_C_classified_tube_01_blue75,no,,274.357431,5.0,ok,
category_B_classified_tube_01_yellow100,category_C_classified_tube_02_blue75,no,,261.396251,5.0,ok,
category_B_classified_tube_01_yellow100,category_C_classified_tube_03_blue75,no,,263.104542,5.0,ok,
category_B_classified_tube_01_yellow100,category_D_classified_tube_01_red75,no,,194.000000,5.0,ok,
category_B_classified_tube_01_yellow100,category_D_classified_tube_02_red75,no,,225.574821,5.0,ok,
category_B_classified_tube_01_yellow100,category_D_classified_tube_03_red75,no,,267.798432,5.0,ok,
category_B_classified_tube_01_yellow100,enclosure_bottom_rear_rail,no,,212.115535,5.0,ok,
category_B_classified_tube_01_yellow100,enclosure_bottom_left_rail,no,,874.028032,5.0,ok,
category_B_classified_tube_01_yellow100,enclosure_bottom_right_rail,no,,274.089401,5.0,ok,
category_B_classified_tube_01_yellow100,enclosure_bottom_front_left_stub,no,,992.566874,5.0,ok,
category_B_classified_tube_01_yellow100,enclosure_bottom_front_center_stub,no,,686.939044,5.0,ok,
category_B_classified_tube_01_yellow100,enclosure_bottom_front_right_stub,no,,656.345184,5.0,ok,
category_B_classified_tube_01_yellow100,enclosure_corner_post_front_left,no,,1080.912577,5.0,ok,
category_B_classified_tube_01_yellow100,enclosure_corner_post_front_right,no,,692.511372,5.0,ok,
category_B_classified_tube_01_yellow100,enclosure_corner_post_rear_left,no,,899.344206,5.0,ok,
category_B_classified_tube_01_yellow100,enclosure_corner_post_rear_right,no,,346.439028,5.0,ok,
category_B_classified_tube_01_yellow100,enclosure_top_rear_crossbeam,no,,356.809473,5.0,ok,
category_B_classified_tube_01_yellow100,enclosure_top_left_crossbeam,no,,919.915757,5.0,ok,
category_B_classified_tube_01_yellow100,enclosure_top_right_crossbeam,no,,396.793397,5.0,ok,
category_B_classified_tube_01_yellow100,enclosure_front_upper_left_beam,no,,954.970680,5.0,ok,
category_B_classified_tube_01_yellow100,enclosure_front_upper_center_beam,no,,736.908407,5.0,ok,
category_B_classified_tube_01_yellow100,enclosure_front_upper_right_beam,no,,699.692075,5.0,ok,
category_B_classified_tube_01_yellow100,enclosure_rear_transparent_panel,no,,210.500000,5.0,ok,
category_B_classified_tube_01_yellow100,enclosure_left_transparent_panel,no,,872.500000,5.0,ok,
category_B_classified_tube_01_yellow100,enclosure_right_transparent_panel,no,,272.500000,5.0,ok,
category_B_classified_tube_01_yellow100,enclosure_front_left_low_panel,no,,1042.691829,5.0,ok,
category_B_classified_tube_01_yellow100,enclosure_front_center_low_panel,no,,696.393028,5.0,ok,
category_B_classified_tube_01_yellow100,enclosure_front_right_low_panel,no,,678.827113,5.0,ok,
category_B_classified_tube_01_yellow100,enclosure_input_box_replace_opening_left_jamb,no,,1024.040038,5.0,ok,
category_B_classified_tube_01_yellow100,enclosure_input_box_replace_opening_right_jamb,no,,777.443246,5.0,ok,
category_B_classified_tube_01_yellow100,enclosure_input_box_replace_opening_top_rail,no,,791.033501,5.0,ok,
category_B_classified_tube_01_yellow100,enclosure_input_box_replace_opening_bottom_sill,no,,777.453536,5.0,ok,
category_B_classified_tube_01_yellow100,enclosure_output_box_replace_opening_left_jamb,no,,678.629501,5.0,ok,
category_B_classified_tube_01_yellow100,enclosure_output_box_replace_opening_right_jamb,no,,666.916786,5.0,ok,
category_B_classified_tube_01_yellow100,enclosure_output_box_replace_opening_top_rail,no,,659.367121,5.0,ok,
category_B_classified_tube_01_yellow100,enclosure_output_box_replace_opening_bottom_sill,no,,643.012442,5.0,ok,
category_B_classified_tube_01_yellow100,enclosure_input_door_simple_pull_handle,no,,787.397612,5.0,ok,
category_B_classified_tube_01_yellow100,enclosure_output_door_simple_pull_handle,no,,678.494657,5.0,ok,
category_B_classified_tube_01_yellow100,enclosure_manual_review_access_opening_left_jamb,no,,852.974208,5.0,ok,
category_B_classified_tube_01_yellow100,enclosure_manual_review_access_opening_right_jamb,no,,747.960560,5.0,ok,
category_B_classified_tube_01_yellow100,enclosure_manual_review_access_opening_top_rail,no,,748.484469,5.0,ok,
category_B_classified_tube_01_yellow100,enclosure_manual_review_access_opening_bottom_sill,no,,748.056816,5.0,ok,
category_B_classified_tube_01_yellow100,enclosure_manual_review_access_simple_pull_handle,no,,758.348864,5.0,ok,
category_B_classified_tube_01_yellow100,enclosure_top_open_front_rectangular_rail,no,,697.757121,5.0,ok,
category_B_classified_tube_01_yellow100,enclosure_top_open_rear_rectangular_rail,no,,356.809473,5.0,ok,
category_B_classified_tube_01_yellow100,enclosure_top_open_left_rectangular_rail,no,,919.915757,5.0,ok,
category_B_classified_tube_01_yellow100,enclosure_top_open_right_rectangular_rail,no,,396.793397,5.0,ok,
category_B_classified_tube_01_yellow100,control_box_housing,no,,239.600689,5.0,ok,
category_B_classified_tube_01_yellow100,din_rail_and_mounting,no,,240.141625,5.0,ok,
category_B_classified_tube_01_yellow100,controller_board_placeholder,no,,232.697228,5.0,ok,
category_B_classified_tube_01_yellow100,motor_driver_placeholders,no,,234.335230,5.0,ok,
category_B_classified_tube_01_yellow100,power_supply_placeholder,no,,222.899080,5.0,ok,
category_B_classified_tube_01_yellow100,terminal_blocks,no,,256.704110,5.0,ok,
category_B_classified_tube_01_yellow100,cable_glands_and_connectors,no,,407.526993,5.0,ok,
category_B_classified_tube_01_yellow100,ventilation_slots,no,,335.282344,5.0,ok,
category_B_classified_tube_01_yellow100,mounting_brackets,no,,240.251951,5.0,ok,
category_B_classified_tube_02_yellow100,category_B_classified_tube_03_yellow100,no,,41.761226,5.0,ok,
category_B_classified_tube_02_yellow100,category_C_classified_tube_01_blue75,no,,300.093319,5.0,ok,
category_B_classified_tube_02_yellow100,category_C_classified_tube_02_blue75,no,,274.357431,5.0,ok,
category_B_classified_tube_02_yellow100,category_C_classified_tube_03_blue75,no,,261.396251,5.0,ok,
category_B_classified_tube_02_yellow100,category_D_classified_tube_01_red75,no,,170.751281,5.0,ok,
category_B_classified_tube_02_yellow100,category_D_classified_tube_02_red75,no,,194.000000,5.0,ok,
category_B_classified_tube_02_yellow100,category_D_classified_tube_03_red75,no,,225.574821,5.0,ok,
category_B_classified_tube_02_yellow100,enclosure_bottom_rear_rail,no,,240.102062,5.0,ok,
category_B_classified_tube_02_yellow100,enclosure_bottom_left_rail,no,,930.026344,5.0,ok,
category_B_classified_tube_02_yellow100,enclosure_bottom_right_rail,no,,218.112356,5.0,ok,
category_B_classified_tube_02_yellow100,enclosure_bottom_front_left_stub,no,,1019.233536,5.0,ok,
category_B_classified_tube_02_yellow100,enclosure_bottom_front_center_stub,no,,685.020620,5.0,ok,
category_B_classified_tube_02_yellow100,enclosure_bottom_front_right_stub,no,,617.210661,5.0,ok,
category_B_classified_tube_02_yellow100,enclosure_corner_post_front_left,no,,1111.109356,5.0,ok,
category_B_classified_tube_02_yellow100,enclosure_corner_post_front_right,no,,645.900921,5.0,ok,
category_B_classified_tube_02_yellow100,enclosure_corner_post_rear_left,no,,960.468636,5.0,ok,
category_B_classified_tube_02_yellow100,enclosure_corner_post_rear_right,no,,324.228315,5.0,ok,
category_B_classified_tube_02_yellow100,enclosure_top_rear_crossbeam,no,,374.124311,5.0,ok,
category_B_classified_tube_02_yellow100,enclosure_top_left_crossbeam,no,,973.277453,5.0,ok,
category_B_classified_tube_02_yellow100,enclosure_top_right_crossbeam,no,,360.406715,5.0,ok,
category_B_classified_tube_02_yellow100,enclosure_front_upper_left_beam,no,,976.369295,5.0,ok,
category_B_classified_tube_02_yellow100,enclosure_front_upper_center_beam,no,,733.404390,5.0,ok,
category_B_classified_tube_02_yellow100,enclosure_front_upper_right_beam,no,,672.333994,5.0,ok,
category_B_classified_tube_02_yellow100,enclosure_rear_transparent_panel,no,,238.500000,5.0,ok,
category_B_classified_tube_02_yellow100,enclosure_left_transparent_panel,no,,928.500000,5.0,ok,
category_B_classified_tube_02_yellow100,enclosure_right_transparent_panel,no,,216.500000,5.0,ok,
category_B_classified_tube_02_yellow100,enclosure_front_left_low_panel,no,,1071.105154,5.0,ok,
category_B_classified_tube_02_yellow100,enclosure_front_center_low_panel,no,,695.205905,5.0,ok,
category_B_classified_tube_02_yellow100,enclosure_front_right_low_panel,no,,635.561366,5.0,ok,
category_B_classified_tube_02_yellow100,enclosure_input_box_replace_opening_left_jamb,no,,1051.586421,5.0,ok,
category_B_classified_tube_02_yellow100,enclosure_input_box_replace_opening_right_jamb,no,,788.209363,5.0,ok,
category_B_classified_tube_02_yellow100,enclosure_input_box_replace_opening_top_rail,no,,801.617116,5.0,ok,
category_B_classified_tube_02_yellow100,enclosure_input_box_replace_opening_bottom_sill,no,,788.219513,5.0,ok,
category_B_classified_tube_02_yellow100,enclosure_output_box_replace_opening_left_jamb,no,,672.869973,5.0,ok,
category_B_classified_tube_02_yellow100,enclosure_output_box_replace_opening_right_jamb,no,,626.790236,5.0,ok,
category_B_classified_tube_02_yellow100,enclosure_output_box_replace_opening_top_rail,no,,632.092557,5.0,ok,
category_B_classified_tube_02_yellow100,enclosure_output_box_replace_opening_bottom_sill,no,,615.013008,5.0,ok,
category_B_classified_tube_02_yellow100,enclosure_input_door_simple_pull_handle,no,,797.608300,5.0,ok,
category_B_classified_tube_02_yellow100,enclosure_output_door_simple_pull_handle,no,,638.569495,5.0,ok,
category_B_classified_tube_02_yellow100,enclosure_manual_review_access_opening_left_jamb,no,,870.455628,5.0,ok,
category_B_classified_tube_02_yellow100,enclosure_manual_review_access_opening_right_jamb,no,,754.594593,5.0,ok,
category_B_classified_tube_02_yellow100,enclosure_manual_review_access_opening_top_rail,no,,755.113899,5.0,ok,
category_B_classified_tube_02_yellow100,enclosure_manual_review_access_opening_bottom_sill,no,,754.690003,5.0,ok,
category_B_classified_tube_02_yellow100,enclosure_manual_review_access_simple_pull_handle,no,,764.453399,5.0,ok,
category_B_classified_tube_02_yellow100,enclosure_top_open_front_rectangular_rail,no,,672.333994,5.0,ok,
category_B_classified_tube_02_yellow100,enclosure_top_open_rear_rectangular_rail,no,,374.124311,5.0,ok,
category_B_classified_tube_02_yellow100,enclosure_top_open_left_rectangular_rail,no,,973.277453,5.0,ok,
category_B_classified_tube_02_yellow100,enclosure_top_open_right_rectangular_rail,no,,360.406715,5.0,ok,
category_B_classified_tube_02_yellow100,control_box_housing,no,,267.300000,5.0,ok,
category_B_classified_tube_02_yellow100,din_rail_and_mounting,no,,266.000000,5.0,ok,
category_B_classified_tube_02_yellow100,controller_board_placeholder,no,,260.000000,5.0,ok,
category_B_classified_tube_02_yellow100,motor_driver_placeholders,no,,251.509443,5.0,ok,
category_B_classified_tube_02_yellow100,power_supply_placeholder,no,,250.000000,5.0,ok,
category_B_classified_tube_02_yellow100,terminal_blocks,no,,263.910970,5.0,ok,
category_B_classified_tube_02_yellow100,cable_glands_and_connectors,no,,432.000000,5.0,ok,
category_B_classified_tube_02_yellow100,ventilation_slots,no,,356.255877,5.0,ok,
category_B_classified_tube_02_yellow100,mounting_brackets,no,,268.000000,5.0,ok,
category_B_classified_tube_03_yellow100,category_C_classified_tube_01_blue75,no,,335.678418,5.0,ok,
category_B_classified_tube_03_yellow100,category_C_classified_tube_02_blue75,no,,300.093319,5.0,ok,
category_B_classified_tube_03_yellow100,category_C_classified_tube_03_blue75,no,,274.357431,5.0,ok,
category_B_classified_tube_03_yellow100,category_D_classified_tube_01_red75,no,,168.107109,5.0,ok,
category_B_classified_tube_03_yellow100,category_D_classified_tube_02_red75,no,,170.751281,5.0,ok,
category_B_classified_tube_03_yellow100,category_D_classified_tube_03_red75,no,,194.000000,5.0,ok,
category_B_classified_tube_03_yellow100,enclosure_bottom_rear_rail,no,,268.091402,5.0,ok,
category_B_classified_tube_03_yellow100,enclosure_bottom_left_rail,no,,986.024848,5.0,ok,
category_B_classified_tube_03_yellow100,enclosure_bottom_right_rail,no,,162.151164,5.0,ok,
category_B_classified_tube_03_yellow100,enclosure_bottom_front_left_stub,no,,1048.963774,5.0,ok,
category_B_classified_tube_03_yellow100,enclosure_bottom_front_center_stub,no,,688.811476,5.0,ok,
category_B_classified_tube_03_yellow100,enclosure_bottom_front_right_stub,no,,582.193267,5.0,ok,
category_B_classified_tube_03_yellow100,enclosure_corner_post_front_left,no,,1143.938810,5.0,ok,
category_B_classified_tube_03_yellow100,enclosure_corner_post_front_right,no,,602.199303,5.0,ok,
category_B_classified_tube_03_yellow100,enclosure_corner_post_rear_left,no,,1021.772969,5.0,ok,
category_B_classified_tube_03_yellow100,enclosure_corner_post_rear_right,no,,313.158107,5.0,ok,
category_B_classified_tube_03_yellow100,enclosure_top_rear_crossbeam,no,,392.674165,5.0,ok,
category_B_classified_tube_03_yellow100,enclosure_top_left_crossbeam,no,,1026.920153,5.0,ok,
category_B_classified_tube_03_yellow100,enclosure_top_right_crossbeam,no,,329.564865,5.0,ok,
category_B_classified_tube_03_yellow100,enclosure_front_upper_left_beam,no,,1001.231741,5.0,ok,
category_B_classified_tube_03_yellow100,enclosure_front_upper_center_beam,no,,735.234656,5.0,ok,
category_B_classified_tube_03_yellow100,enclosure_front_upper_right_beam,no,,647.123636,5.0,ok,
category_B_classified_tube_03_yellow100,enclosure_rear_transparent_panel,no,,266.500000,5.0,ok,
category_B_classified_tube_03_yellow100,enclosure_left_transparent_panel,no,,984.500000,5.0,ok,
category_B_classified_tube_03_yellow100,enclosure_right_transparent_panel,no,,160.500000,5.0,ok,
category_B_classified_tube_03_yellow100,enclosure_front_left_low_panel,no,,1102.345794,5.0,ok,
category_B_classified_tube_03_yellow100,enclosure_front_center_low_panel,no,,699.642230,5.0,ok,
category_B_classified_tube_03_yellow100,enclosure_front_right_low_panel,no,,595.743443,5.0,ok,
category_B_classified_tube_03_yellow100,enclosure_input_box_replace_opening_left_jamb,no,,1082.058224,5.0,ok,
category_B_classified_tube_03_yellow100,enclosure_input_box_replace_opening_right_jamb,no,,803.722589,5.0,ok,
category_B_classified_tube_03_yellow100,enclosure_input_box_replace_opening_top_rail,no,,816.875756,5.0,ok,
category_B_classified_tube_03_yellow100,enclosure_input_box_replace_opening_bottom_sill,no,,803.732543,5.0,ok,
category_B_classified_tube_03_yellow100,enclosure_output_box_replace_opening_left_jamb,no,,672.911584,5.0,ok,
category_B_classified_tube_03_yellow100,enclosure_output_box_replace_opening_right_jamb,no,,590.587843,5.0,ok,
category_B_classified_tube_03_yellow100,enclosure_output_box_replace_opening_top_rail,no,,604.884286,5.0,ok,
category_B_classified_tube_03_yellow100,enclosure_output_box_replace_opening_bottom_sill,no,,587.013628,5.0,ok,
category_B_classified_tube_03_yellow100,enclosure_input_door_simple_pull_handle,no,,812.528769,5.0,ok,
category_B_classified_tube_03_yellow100,enclosure_output_door_simple_pull_handle,no,,602.517220,5.0,ok,
category_B_classified_tube_03_yellow100,enclosure_manual_review_access_opening_left_jamb,no,,891.998318,5.0,ok,
category_B_classified_tube_03_yellow100,enclosure_manual_review_access_opening_right_jamb,no,,766.303465,5.0,ok,
category_B_classified_tube_03_yellow100,enclosure_manual_review_access_opening_top_rail,no,,766.814841,5.0,ok,
category_B_classified_tube_03_yellow100,enclosure_manual_review_access_opening_bottom_sill,no,,766.397416,5.0,ok,
category_B_classified_tube_03_yellow100,enclosure_manual_review_access_simple_pull_handle,no,,775.580428,5.0,ok,
category_B_classified_tube_03_yellow100,enclosure_top_open_front_rectangular_rail,no,,647.123636,5.0,ok,
category_B_classified_tube_03_yellow100,enclosure_top_open_rear_rectangular_rail,no,,392.674165,5.0,ok,
category_B_classified_tube_03_yellow100,enclosure_top_open_left_rectangular_rail,no,,1026.920153,5.0,ok,
category_B_classified_tube_03_yellow100,enclosure_top_open_right_rectangular_rail,no,,329.564865,5.0,ok,
category_B_classified_tube_03_yellow100,control_box_housing,no,,295.300000,5.0,ok,
category_B_classified_tube_03_yellow100,din_rail_and_mounting,no,,294.000000,5.0,ok,
category_B_classified_tube_03_yellow100,controller_board_placeholder,no,,288.293253,5.0,ok,
category_B_classified_tube_03_yellow100,motor_driver_placeholders,no,,279.000000,5.0,ok,
category_B_classified_tube_03_yellow100,power_supply_placeholder,no,,278.000000,5.0,ok,
category_B_classified_tube_03_yellow100,terminal_blocks,no,,285.028069,5.0,ok,
category_B_classified_tube_03_yellow100,cable_glands_and_connectors,no,,460.000000,5.0,ok,
category_B_classified_tube_03_yellow100,ventilation_slots,no,,384.000000,5.0,ok,
category_B_classified_tube_03_yellow100,mounting_brackets,no,,296.000000,5.0,ok,
category_C_classified_tube_01_blue75,category_C_classified_tube_02_blue75,no,,41.761226,5.0,ok,
category_C_classified_tube_01_blue75,category_C_classified_tube_03_blue75,no,,104.000000,5.0,ok,
category_C_classified_tube_01_blue75,category_D_classified_tube_01_red75,no,,194.000000,5.0,ok,
category_C_classified_tube_01_blue75,category_D_classified_tube_02_red75,no,,250.287834,5.0,ok,
category_C_classified_tube_01_blue75,category_D_classified_tube_03_red75,no,,308.603305,5.0,ok,
category_C_classified_tube_01_blue75,enclosure_bottom_rear_rail,no,,422.058053,5.0,ok,
category_C_classified_tube_01_blue75,enclosure_bottom_left_rail,no,,664.036897,5.0,ok,
category_C_classified_tube_01_blue75,enclosure_bottom_right_rail,no,,484.050617,5.0,ok,
category_C_classified_tube_01_blue75,enclosure_bottom_front_left_stub,no,,697.301226,5.0,ok,
category_C_classified_tube_01_blue75,enclosure_bottom_front_center_stub,no,,428.923361,5.0,ok,
category_C_classified_tube_01_blue75,enclosure_bottom_front_right_stub,no,,565.604986,5.0,ok,
category_C_classified_tube_01_blue75,enclosure_corner_post_front_left,no,,788.905571,5.0,ok,
category_C_classified_tube_01_blue75,enclosure_corner_post_front_right,no,,644.772828,5.0,ok,
category_C_classified_tube_01_blue75,enclosure_corner_post_rear_left,no,,786.752820,5.0,ok,
category_C_classified_tube_01_blue75,enclosure_corner_post_rear_right,no,,642.137057,5.0,ok,
category_C_classified_tube_01_blue75,enclosure_top_rear_crossbeam,no,,524.812347,5.0,ok,
category_C_classified_tube_01_blue75,enclosure_top_left_crossbeam,no,,733.648417,5.0,ok,
category_C_classified_tube_01_blue75,enclosure_top_right_crossbeam,no,,575.847202,5.0,ok,
category_C_classified_tube_01_blue75,enclosure_front_upper_left_beam,no,,688.610195,5.0,ok,
category_C_classified_tube_01_blue75,enclosure_front_upper_center_beam,no,,528.723936,5.0,ok,
category_C_classified_tube_01_blue75,enclosure_front_upper_right_beam,no,,589.460771,5.0,ok,
category_C_classified_tube_01_blue75,enclosure_rear_transparent_panel,no,,420.500000,5.0,ok,
category_C_classified_tube_01_blue75,enclosure_left_transparent_panel,no,,662.500000,5.0,ok,
category_C_classified_tube_01_blue75,enclosure_right_transparent_panel,no,,482.500000,5.0,ok,
category_C_classified_tube_01_blue75,enclosure_front_left_low_panel,no,,748.823243,5.0,ok,
category_C_classified_tube_01_blue75,enclosure_front_center_low_panel,no,,435.790374,5.0,ok,
category_C_classified_tube_01_blue75,enclosure_front_right_low_panel,no,,610.586808,5.0,ok,
category_C_classified_tube_01_blue75,enclosure_input_box_replace_opening_left_jamb,no,,729.423060,5.0,ok,
category_C_classified_tube_01_blue75,enclosure_input_box_replace_opening_right_jamb,no,,488.894672,5.0,ok,
category_C_classified_tube_01_blue75,enclosure_input_box_replace_opening_top_rail,no,,517.937255,5.0,ok,
category_C_classified_tube_01_blue75,enclosure_input_box_replace_opening_bottom_sill,no,,488.911035,5.0,ok,
category_C_classified_tube_01_blue75,enclosure_output_box_replace_opening_left_jamb,no,,433.056578,5.0,ok,
category_C_classified_tube_01_blue75,enclosure_output_box_replace_opening_right_jamb,no,,580.739184,5.0,ok,
category_C_classified_tube_01_blue75,enclosure_output_box_replace_opening_top_rail,no,,465.542694,5.0,ok,
category_C_classified_tube_01_blue75,enclosure_output_box_replace_opening_bottom_sill,no,,433.018475,5.0,ok,
category_C_classified_tube_01_blue75,enclosure_input_door_simple_pull_handle,no,,500.229947,5.0,ok,
category_C_classified_tube_01_blue75,enclosure_output_door_simple_pull_handle,no,,590.313476,5.0,ok,
category_C_classified_tube_01_blue75,enclosure_manual_review_access_opening_left_jamb,no,,557.229755,5.0,ok,
category_C_classified_tube_01_blue75,enclosure_manual_review_access_opening_right_jamb,no,,466.888638,5.0,ok,
category_C_classified_tube_01_blue75,enclosure_manual_review_access_opening_top_rail,no,,469.887221,5.0,ok,
category_C_classified_tube_01_blue75,enclosure_manual_review_access_opening_bottom_sill,no,,467.042825,5.0,ok,
category_C_classified_tube_01_blue75,enclosure_manual_review_access_simple_pull_handle,no,,478.114003,5.0,ok,
category_C_classified_tube_01_blue75,enclosure_top_open_front_rectangular_rail,no,,528.034090,5.0,ok,
category_C_classified_tube_01_blue75,enclosure_top_open_rear_rectangular_rail,no,,524.812347,5.0,ok,
category_C_classified_tube_01_blue75,enclosure_top_open_left_rectangular_rail,no,,733.648417,5.0,ok,
category_C_classified_tube_01_blue75,enclosure_top_open_right_rectangular_rail,no,,575.847202,5.0,ok,
category_C_classified_tube_01_blue75,control_box_housing,no,,501.153160,5.0,ok,
category_C_classified_tube_01_blue75,din_rail_and_mounting,no,,509.183660,5.0,ok,
category_C_classified_tube_01_blue75,controller_board_placeholder,no,,497.340929,5.0,ok,
category_C_classified_tube_01_blue75,motor_driver_placeholders,no,,516.733006,5.0,ok,
category_C_classified_tube_01_blue75,power_supply_placeholder,no,,489.411892,5.0,ok,
category_C_classified_tube_01_blue75,terminal_blocks,no,,546.806181,5.0,ok,
category_C_classified_tube_01_blue75,cable_glands_and_connectors,no,,668.152864,5.0,ok,
category_C_classified_tube_01_blue75,ventilation_slots,no,,606.270773,5.0,ok,
category_C_classified_tube_01_blue75,mounting_brackets,no,,501.339207,5.0,ok,
category_C_classified_tube_02_blue75,category_C_classified_tube_03_blue75,no,,41.761226,5.0,ok,
category_C_classified_tube_02_blue75,category_D_classified_tube_01_red75,no,,138.520757,5.0,ok,
category_C_classified_tube_02_blue75,category_D_classified_tube_02_red75,no,,194.000000,5.0,ok,
category_C_classified_tube_02_blue75,category_D_classified_tube_03_red75,no,,250.287834,5.0,ok,
category_C_classified_tube_02_blue75,enclosure_bottom_rear_rail,no,,450.054441,5.0,ok,
category_C_classified_tube_02_blue75,enclosure_bottom_left_rail,no,,720.034027,5.0,ok,
category_C_classified_tube_02_blue75,enclosure_bottom_right_rail,no,,428.057239,5.0,ok,
category_C_classified_tube_02_blue75,enclosure_bottom_front_left_stub,no,,726.716588,5.0,ok,
category_C_classified_tube_02_blue75,enclosure_bottom_front_center_stub,no,,411.804869,5.0,ok,
category_C_classified_tube_02_blue75,enclosure_bottom_front_right_stub,no,,508.241085,5.0,ok,
category_C_classified_tube_02_blue75,enclosure_corner_post_front_left,no,,822.680983,5.0,ok,
category_C_classified_tube_02_blue75,enclosure_corner_post_front_right,no,,584.455302,5.0,ok,
category_C_classified_tube_02_blue75,enclosure_corner_post_rear_left,no,,849.058302,5.0,ok,
category_C_classified_tube_02_blue75,enclosure_corner_post_rear_right,no,,621.034621,5.0,ok,
category_C_classified_tube_02_blue75,enclosure_top_rear_crossbeam,no,,547.580131,5.0,ok,
category_C_classified_tube_02_blue75,enclosure_top_left_crossbeam,no,,784.693571,5.0,ok,
category_C_classified_tube_02_blue75,enclosure_top_right_crossbeam,no,,529.648940,5.0,ok,
category_C_classified_tube_02_blue75,enclosure_front_upper_left_beam,no,,709.754887,5.0,ok,
category_C_classified_tube_02_blue75,enclosure_front_upper_center_beam,no,,512.481219,5.0,ok,
category_C_classified_tube_02_blue75,enclosure_front_upper_right_beam,no,,546.062268,5.0,ok,
category_C_classified_tube_02_blue75,enclosure_rear_transparent_panel,no,,448.500000,5.0,ok,
category_C_classified_tube_02_blue75,enclosure_left_transparent_panel,no,,718.500000,5.0,ok,
category_C_classified_tube_02_blue75,enclosure_right_transparent_panel,no,,426.500000,5.0,ok,
category_C_classified_tube_02_blue75,enclosure_front_left_low_panel,no,,780.407746,5.0,ok,
category_C_classified_tube_02_blue75,enclosure_front_center_low_panel,no,,420.120518,5.0,ok,
category_C_classified_tube_02_blue75,enclosure_front_right_low_panel,no,,551.532637,5.0,ok,
category_C_classified_tube_02_blue75,enclosure_input_box_replace_opening_left_jamb,no,,759.917101,5.0,ok,
category_C_classified_tube_02_blue75,enclosure_input_box_replace_opening_right_jamb,no,,494.078941,5.0,ok,
category_C_classified_tube_02_blue75,enclosure_input_box_replace_opening_top_rail,no,,522.833626,5.0,ok,
category_C_classified_tube_02_blue75,enclosure_input_box_replace_opening_bottom_sill,no,,494.095133,5.0,ok,
category_C_classified_tube_02_blue75,enclosure_output_box_replace_opening_left_jamb,no,,409.870711,5.0,ok,
category_C_classified_tube_02_blue75,enclosure_output_box_replace_opening_right_jamb,no,,523.054490,5.0,ok,
category_C_classified_tube_02_blue75,enclosure_output_box_replace_opening_top_rail,no,,439.620291,5.0,ok,
category_C_classified_tube_02_blue75,enclosure_output_box_replace_opening_bottom_sill,no,,405.019753,5.0,ok,
category_C_classified_tube_02_blue75,enclosure_input_door_simple_pull_handle,no,,504.632540,5.0,ok,
category_C_classified_tube_02_blue75,enclosure_output_door_simple_pull_handle,no,,533.034708,5.0,ok,
category_C_classified_tube_02_blue75,enclosure_manual_review_access_opening_left_jamb,no,,573.474498,5.0,ok,
category_C_classified_tube_02_blue75,enclosure_manual_review_access_opening_right_jamb,no,,464.965590,5.0,ok,
category_C_classified_tube_02_blue75,enclosure_manual_review_access_opening_top_rail,no,,467.976495,5.0,ok,
category_C_classified_tube_02_blue75,enclosure_manual_review_access_opening_bottom_sill,no,,465.120415,5.0,ok,
category_C_classified_tube_02_blue75,enclosure_manual_review_access_simple_pull_handle,no,,475.530230,5.0,ok,
category_C_classified_tube_02_blue75,enclosure_top_open_front_rectangular_rail,no,,505.715335,5.0,ok,
category_C_classified_tube_02_blue75,enclosure_top_open_rear_rectangular_rail,no,,547.580131,5.0,ok,
category_C_classified_tube_02_blue75,enclosure_top_open_left_rectangular_rail,no,,784.693571,5.0,ok,
category_C_classified_tube_02_blue75,enclosure_top_open_right_rectangular_rail,no,,529.648940,5.0,ok,
category_C_classified_tube_02_blue75,control_box_housing,no,,505.342745,5.0,ok,
category_C_classified_tube_02_blue75,din_rail_and_mounting,no,,511.049900,5.0,ok,
category_C_classified_tube_02_blue75,controller_board_placeholder,no,,500.483766,5.0,ok,
category_C_classified_tube_02_blue75,motor_driver_placeholders,no,,513.416985,5.0,ok,
category_C_classified_tube_02_blue75,power_supply_placeholder,no,,491.808906,5.0,ok,
category_C_classified_tube_02_blue75,terminal_blocks,no,,539.433963,5.0,ok,
category_C_classified_tube_02_blue75,cable_glands_and_connectors,no,,674.700119,5.0,ok,
category_C_classified_tube_02_blue75,ventilation_slots,no,,608.529580,5.0,ok,
category_C_classified_tube_02_blue75,mounting_brackets,no,,505.676774,5.0,ok,
category_C_classified_tube_03_blue75,category_D_classified_tube_01_red75,no,,91.235958,5.0,ok,
category_C_classified_tube_03_blue75,category_D_classified_tube_02_red75,no,,138.520757,5.0,ok,
category_C_classified_tube_03_blue75,category_D_classified_tube_03_red75,no,,194.000000,5.0,ok,
category_C_classified_tube_03_blue75,enclosure_bottom_rear_rail,no,,478.051252,5.0,ok,
category_C_classified_tube_03_blue75,enclosure_bottom_left_rail,no,,776.031572,5.0,ok,
category_C_classified_tube_03_blue75,enclosure_bottom_right_rail,no,,372.065854,5.0,ok,
category_C_classified_tube_03_blue75,enclosure_bottom_front_left_stub,no,,760.161167,5.0,ok,
category_C_classified_tube_03_blue75,enclosure_bottom_front_center_stub,no,,403.771284,5.0,ok,
category_C_classified_tube_03_blue75,enclosure_bottom_front_right_stub,no,,452.270936,5.0,ok,
category_C_classified_tube_03_blue75,enclosure_corner_post_front_left,no,,859.695295,5.0,ok,
category_C_classified_tube_03_blue75,enclosure_corner_post_front_right,no,,524.675138,5.0,ok,
category_C_classified_tube_03_blue75,enclosure_corner_post_rear_left,no,,911.405508,5.0,ok,
category_C_classified_tube_03_blue75,enclosure_corner_post_rear_right,no,,605.696294,5.0,ok,
category_C_classified_tube_03_blue75,enclosure_top_rear_crossbeam,no,,570.813455,5.0,ok,
category_C_classified_tube_03_blue75,enclosure_top_left_crossbeam,no,,836.373122,5.0,ok,
category_C_classified_tube_03_blue75,enclosure_top_right_crossbeam,no,,485.518280,5.0,ok,
category_C_classified_tube_03_blue75,enclosure_front_upper_left_beam,no,,735.635779,5.0,ok,
category_C_classified_tube_03_blue75,enclosure_front_upper_center_beam,no,,503.552381,5.0,ok,
category_C_classified_tube_03_blue75,enclosure_front_upper_right_beam,no,,506.699122,5.0,ok,
category_C_classified_tube_03_blue75,enclosure_rear_transparent_panel,no,,476.500000,5.0,ok,
category_C_classified_tube_03_blue75,enclosure_left_transparent_panel,no,,774.500646,5.0,ok,
category_C_classified_tube_03_blue75,enclosure_right_transparent_panel,no,,370.501350,5.0,ok,
category_C_classified_tube_03_blue75,enclosure_front_left_low_panel,no,,815.583380,5.0,ok,
category_C_classified_tube_03_blue75,enclosure_front_center_low_panel,no,,413.435908,5.0,ok,
category_C_classified_tube_03_blue75,enclosure_front_right_low_panel,no,,493.356109,5.0,ok,
category_C_classified_tube_03_blue75,enclosure_input_box_replace_opening_left_jamb,no,,794.185117,5.0,ok,
category_C_classified_tube_03_blue75,enclosure_input_box_replace_opening_right_jamb,no,,507.000986,5.0,ok,
category_C_classified_tube_03_blue75,enclosure_input_box_replace_opening_top_rail,no,,535.061679,5.0,ok,
category_C_classified_tube_03_blue75,enclosure_input_box_replace_opening_bottom_sill,no,,507.016765,5.0,ok,
category_C_classified_tube_03_blue75,enclosure_output_box_replace_opening_left_jamb,no,,395.335301,5.0,ok,
category_C_classified_tube_03_blue75,enclosure_output_box_replace_opening_right_jamb,no,,466.641190,5.0,ok,
category_C_classified_tube_03_blue75,enclosure_output_box_replace_opening_top_rail,no,,413.968598,5.0,ok,
category_C_classified_tube_03_blue75,enclosure_output_box_replace_opening_bottom_sill,no,,377.021220,5.0,ok,
category_C_classified_tube_03_blue75,enclosure_input_door_simple_pull_handle,no,,516.641075,5.0,ok,
category_C_classified_tube_03_blue75,enclosure_output_door_simple_pull_handle,no,,477.097474,5.0,ok,
category_C_classified_tube_03_blue75,enclosure_manual_review_access_opening_left_jamb,no,,595.886734,5.0,ok,
category_C_classified_tube_03_blue75,enclosure_manual_review_access_opening_right_jamb,no,,471.424437,5.0,ok,
category_C_classified_tube_03_blue75,enclosure_manual_review_access_opening_top_rail,no,,474.394351,5.0,ok,
category_C_classified_tube_03_blue75,enclosure_manual_review_access_opening_bottom_sill,no,,471.577141,5.0,ok,
category_C_classified_tube_03_blue75,enclosure_manual_review_access_simple_pull_handle,no,,481.149665,5.0,ok,
category_C_classified_tube_03_blue75,enclosure_top_open_front_rectangular_rail,no,,483.987603,5.0,ok,
category_C_classified_tube_03_blue75,enclosure_top_open_rear_rectangular_rail,no,,570.813455,5.0,ok,
category_C_classified_tube_03_blue75,enclosure_top_open_left_rectangular_rail,no,,836.373122,5.0,ok,
category_C_classified_tube_03_blue75,enclosure_top_open_right_rectangular_rail,no,,485.518280,5.0,ok,
category_C_classified_tube_03_blue75,control_box_housing,no,,517.134499,5.0,ok,
category_C_classified_tube_03_blue75,din_rail_and_mounting,no,,520.495917,5.0,ok,
category_C_classified_tube_03_blue75,controller_board_placeholder,no,,511.331595,5.0,ok,
category_C_classified_tube_03_blue75,motor_driver_placeholders,no,,517.707446,5.0,ok,
category_C_classified_tube_03_blue75,power_supply_placeholder,no,,502.063741,5.0,ok,
category_C_classified_tube_03_blue75,terminal_blocks,no,,539.278221,5.0,ok,
category_C_classified_tube_03_blue75,cable_glands_and_connectors,no,,686.915024,5.0,ok,
category_C_classified_tube_03_blue75,ventilation_slots,no,,617.164686,5.0,ok,
category_C_classified_tube_03_blue75,mounting_brackets,no,,517.606994,5.0,ok,
category_D_classified_tube_01_red75,category_D_classified_tube_02_red75,no,,41.761226,5.0,ok,
category_D_classified_tube_01_red75,category_D_classified_tube_03_red75,no,,104.000000,5.0,ok,
category_D_classified_tube_01_red75,enclosure_bottom_rear_rail,no,,422.058053,5.0,ok,
category_D_classified_tube_01_red75,enclosure_bottom_left_rail,no,,874.028032,5.0,ok,
category_D_classified_tube_01_red75,enclosure_bottom_right_rail,no,,274.089401,5.0,ok,
category_D_classified_tube_01_red75,enclosure_bottom_front_left_stub,no,,873.022909,5.0,ok,
category_D_classified_tube_01_red75,enclosure_bottom_front_center_stub,no,,498.863959,5.0,ok,
category_D_classified_tube_01_red75,enclosure_bottom_front_right_stub,no,,455.816849,5.0,ok,
category_D_classified_tube_01_red75,enclosure_corner_post_front_left,no,,972.292137,5.0,ok,
category_D_classified_tube_01_red75,enclosure_corner_post_front_right,no,,506.509625,5.0,ok,
category_D_classified_tube_01_red75,enclosure_corner_post_rear_left,no,,970.546238,5.0,ok,
category_D_classified_tube_01_red75,enclosure_corner_post_rear_right,no,,503.150077,5.0,ok,
category_D_classified_tube_01_red75,enclosure_top_rear_crossbeam,no,,524.812347,5.0,ok,
category_D_classified_tube_01_red75,enclosure_top_left_crossbeam,no,,928.019396,5.0,ok,
category_D_classified_tube_01_red75,enclosure_top_right_crossbeam,no,,415.234873,5.0,ok,
category_D_classified_tube_01_red75,enclosure_front_upper_left_beam,no,,839.001788,5.0,ok,
category_D_classified_tube_01_red75,enclosure_front_upper_center_beam,no,,578.782343,5.0,ok,
category_D_classified_tube_01_red75,enclosure_front_upper_right_beam,no,,530.588353,5.0,ok,
category_D_classified_tube_01_red75,enclosure_rear_transparent_panel,no,,420.500000,5.0,ok,
category_D_classified_tube_01_red75,enclosure_left_transparent_panel,no,,872.500000,5.0,ok,
category_D_classified_tube_01_red75,enclosure_right_transparent_panel,no,,272.500000,5.0,ok,
category_D_classified_tube_01_red75,enclosure_front_left_low_panel,no,,928.372905,5.0,ok,
category_D_classified_tube_01_red75,enclosure_front_center_low_panel,no,,509.542196,5.0,ok,
category_D_classified_tube_01_red75,enclosure_front_right_low_panel,no,,485.258951,5.0,ok,
category_D_classified_tube_01_red75,enclosure_input_box_replace_opening_left_jamb,no,,907.027012,5.0,ok,
category_D_classified_tube_01_red75,enclosure_input_box_replace_opening_right_jamb,no,,615.189402,5.0,ok,
category_D_classified_tube_01_red75,enclosure_input_box_replace_opening_top_rail,no,,638.513117,5.0,ok,
category_D_classified_tube_01_red75,enclosure_input_box_replace_opening_bottom_sill,no,,615.202406,5.0,ok,
category_D_classified_tube_01_red75,enclosure_output_box_replace_opening_left_jamb,no,,484.332530,5.0,ok,
category_D_classified_tube_01_red75,enclosure_output_box_replace_opening_right_jamb,no,,467.779863,5.0,ok,
category_D_classified_tube_01_red75,enclosure_output_box_replace_opening_top_rail,no,,465.542694,5.0,ok,
category_D_classified_tube_01_red75,enclosure_output_box_replace_opening_bottom_sill,no,,433.018475,5.0,ok,
category_D_classified_tube_01_red75,enclosure_input_door_simple_pull_handle,no,,624.235532,5.0,ok,
category_D_classified_tube_01_red75,enclosure_output_door_simple_pull_handle,no,,479.614428,5.0,ok,
category_D_classified_tube_01_red75,enclosure_manual_review_access_opening_left_jamb,no,,707.350691,5.0,ok,
category_D_classified_tube_01_red75,enclosure_manual_review_access_opening_right_jamb,no,,576.389625,5.0,ok,
category_D_classified_tube_01_red75,enclosure_manual_review_access_opening_top_rail,no,,578.821216,5.0,ok,
category_D_classified_tube_01_red75,enclosure_manual_review_access_opening_bottom_sill,no,,576.514527,5.0,ok,
category_D_classified_tube_01_red75,enclosure_manual_review_access_simple_pull_handle,no,,585.519428,5.0,ok,
category_D_classified_tube_01_red75,enclosure_top_open_front_rectangular_rail,no,,528.034090,5.0,ok,
category_D_classified_tube_01_red75,enclosure_top_open_rear_rectangular_rail,no,,524.812347,5.0,ok,
category_D_classified_tube_01_red75,enclosure_top_open_left_rectangular_rail,no,,928.019396,5.0,ok,
category_D_classified_tube_01_red75,enclosure_top_open_right_rectangular_rail,no,,415.234873,5.0,ok,
category_D_classified_tube_01_red75,control_box_housing,no,,449.460221,5.0,ok,
category_D_classified_tube_01_red75,din_rail_and_mounting,no,,449.141403,5.0,ok,
category_D_classified_tube_01_red75,controller_board_placeholder,no,,442.366364,5.0,ok,
category_D_classified_tube_01_red75,motor_driver_placeholders,no,,438.945327,5.0,ok,
category_D_classified_tube_01_red75,power_supply_placeholder,no,,432.462715,5.0,ok,
category_D_classified_tube_01_red75,terminal_blocks,no,,454.067176,5.0,ok,
category_D_classified_tube_01_red75,cable_glands_and_connectors,no,,616.326415,5.0,ok,
category_D_classified_tube_01_red75,ventilation_slots,no,,542.470506,5.0,ok,
category_D_classified_tube_01_red75,mounting_brackets,no,,450.134424,5.0,ok,
category_D_classified_tube_02_red75,category_D_classified_tube_03_red75,no,,41.761226,5.0,ok,
category_D_classified_tube_02_red75,enclosure_bottom_rear_rail,no,,450.054441,5.0,ok,
category_D_classified_tube_02_red75,enclosure_bottom_left_rail,no,,930.026344,5.0,ok,
category_D_classified_tube_02_red75,enclosure_bottom_right_rail,no,,218.112356,5.0,ok,
category_D_classified_tube_02_red75,enclosure_bottom_front_left_stub,no,,909.712592,5.0,ok,
category_D_classified_tube_02_red75,enclosure_bottom_front_center_stub,no,,507.930359,5.0,ok,
category_D_classified_tube_02_red75,enclosure_bottom_front_right_stub,no,,411.933247,5.0,ok,
category_D_classified_tube_02_red75,enclosure_corner_post_front_left,no,,1011.584895,5.0,ok,
category_D_classified_tube_02_red75,enclosure_corner_post_front_right,no,,453.792904,5.0,ok,
category_D_classified_tube_02_red75,enclosure_corner_post_rear_left,no,,1033.150521,5.0,ok,
category_D_classified_tube_02_red75,enclosure_corner_post_rear_right,no,,500.023999,5.0,ok,
category_D_classified_tube_02_red75,enclosure_top_rear_crossbeam,no,,547.580131,5.0,ok,
category_D_classified_tube_02_red75,enclosure_top_left_crossbeam,no,,980.940365,5.0,ok,
category_D_classified_tube_02_red75,enclosure_top_right_crossbeam,no,,380.615291,5.0,ok,
category_D_classified_tube_02_red75,enclosure_front_upper_left_beam,no,,870.064365,5.0,ok,
category_D_classified_tube_02_red75,enclosure_front_upper_center_beam,no,,584.463001,5.0,ok,
category_D_classified_tube_02_red75,enclosure_front_upper_right_beam,no,,505.715335,5.0,ok,
category_D_classified_tube_02_red75,enclosure_rear_transparent_panel,no,,448.500000,5.0,ok,
category_D_classified_tube_02_red75,enclosure_left_transparent_panel,no,,928.500000,5.0,ok,
category_D_classified_tube_02_red75,enclosure_right_transparent_panel,no,,216.500000,5.0,ok,
category_D_classified_tube_02_red75,enclosure_front_left_low_panel,no,,966.279592,5.0,ok,
category_D_classified_tube_02_red75,enclosure_front_center_low_panel,no,,519.366200,5.0,ok,
category_D_classified_tube_02_red75,enclosure_front_right_low_panel,no,,436.312102,5.0,ok,
category_D_classified_tube_02_red75,enclosure_input_box_replace_opening_left_jamb,no,,944.263734,5.0,ok,
category_D_classified_tube_02_red75,enclosure_input_box_replace_opening_right_jamb,no,,638.023511,5.0,ok,
category_D_classified_tube_02_red75,enclosure_input_box_replace_opening_top_rail,no,,660.541445,5.0,ok,
category_D_classified_tube_02_red75,enclosure_input_box_replace_opening_bottom_sill,no,,638.036049,5.0,ok,
category_D_classified_tube_02_red75,enclosure_output_box_replace_opening_left_jamb,no,,488.419901,5.0,ok,
category_D_classified_tube_02_red75,enclosure_output_box_replace_opening_right_jamb,no,,422.689011,5.0,ok,
category_D_classified_tube_02_red75,enclosure_output_box_replace_opening_top_rail,no,,439.620291,5.0,ok,
category_D_classified_tube_02_red75,enclosure_output_box_replace_opening_bottom_sill,no,,405.019753,5.0,ok,
category_D_classified_tube_02_red75,enclosure_input_door_simple_pull_handle,no,,646.230609,5.0,ok,
category_D_classified_tube_02_red75,enclosure_output_door_simple_pull_handle,no,,434.978160,5.0,ok,
category_D_classified_tube_02_red75,enclosure_manual_review_access_opening_left_jamb,no,,736.364719,5.0,ok,
category_D_classified_tube_02_red75,enclosure_manual_review_access_opening_right_jamb,no,,594.939493,5.0,ok,
category_D_classified_tube_02_red75,enclosure_manual_review_access_opening_top_rail,no,,597.295572,5.0,ok,
category_D_classified_tube_02_red75,enclosure_manual_review_access_opening_bottom_sill,no,,595.060501,5.0,ok,
category_D_classified_tube_02_red75,enclosure_manual_review_access_simple_pull_handle,no,,603.232128,5.0,ok,
category_D_classified_tube_02_red75,enclosure_top_open_front_rectangular_rail,no,,505.715335,5.0,ok,
category_D_classified_tube_02_red75,enclosure_top_open_rear_rectangular_rail,no,,547.580131,5.0,ok,
category_D_classified_tube_02_red75,enclosure_top_open_left_rectangular_rail,no,,980.940365,5.0,ok,
category_D_classified_tube_02_red75,enclosure_top_open_right_rectangular_rail,no,,380.615291,5.0,ok,
category_D_classified_tube_02_red75,control_box_housing,no,,477.300000,5.0,ok,
category_D_classified_tube_02_red75,din_rail_and_mounting,no,,476.000000,5.0,ok,
category_D_classified_tube_02_red75,controller_board_placeholder,no,,470.000000,5.0,ok,
category_D_classified_tube_02_red75,motor_driver_placeholders,no,,461.277574,5.0,ok,
category_D_classified_tube_02_red75,power_supply_placeholder,no,,460.000000,5.0,ok,
category_D_classified_tube_02_red75,terminal_blocks,no,,470.838614,5.0,ok,
category_D_classified_tube_02_red75,cable_glands_and_connectors,no,,642.000000,5.0,ok,
category_D_classified_tube_02_red75,ventilation_slots,no,,566.160975,5.0,ok,
category_D_classified_tube_02_red75,mounting_brackets,no,,478.000000,5.0,ok,
category_D_classified_tube_03_red75,enclosure_bottom_rear_rail,no,,478.051252,5.0,ok,
category_D_classified_tube_03_red75,enclosure_bottom_left_rail,no,,986.024848,5.0,ok,
category_D_classified_tube_03_red75,enclosure_bottom_right_rail,no,,162.151164,5.0,ok,
category_D_classified_tube_03_red75,enclosure_bottom_front_left_stub,no,,949.118012,5.0,ok,
category_D_classified_tube_03_red75,enclosure_bottom_front_center_stub,no,,524.367476,5.0,ok,
category_D_classified_tube_03_red75,enclosure_bottom_front_right_stub,no,,373.428708,5.0,ok,
category_D_classified_tube_03_red75,enclosure_corner_post_front_left,no,,1053.136268,5.0,ok,
category_D_classified_tube_03_red75,enclosure_corner_post_front_right,no,,403.910881,5.0,ok,
category_D_classified_tube_03_red75,enclosure_corner_post_rear_left,no,,1095.755447,5.0,ok,
category_D_classified_tube_03_red75,enclosure_corner_post_rear_right,no,,504.705855,5.0,ok,
category_D_classified_tube_03_red75,enclosure_top_rear_crossbeam,no,,570.813455,5.0,ok,
category_D_classified_tube_03_red75,enclosure_top_left_crossbeam,no,,1034.185670,5.0,ok,
category_D_classified_tube_03_red75,enclosure_top_right_crossbeam,no,,351.550850,5.0,ok,
category_D_classified_tube_03_red75,enclosure_front_upper_left_beam,no,,904.400354,5.0,ok,
category_D_classified_tube_03_red75,enclosure_front_upper_center_beam,no,,596.695065,5.0,ok,
category_D_classified_tube_03_red75,enclosure_front_upper_right_beam,no,,483.987603,5.0,ok,
category_D_classified_tube_03_red75,enclosure_rear_transparent_panel,no,,476.500000,5.0,ok,
category_D_classified_tube_03_red75,enclosure_left_transparent_panel,no,,984.500508,5.0,ok,
category_D_classified_tube_03_red75,enclosure_right_transparent_panel,no,,160.503115,5.0,ok,
category_D_classified_tube_03_red75,enclosure_front_left_low_panel,no,,1006.655974,5.0,ok,
category_D_classified_tube_03_red75,enclosure_front_center_low_panel,no,,536.366712,5.0,ok,
category_D_classified_tube_03_red75,enclosure_front_right_low_panel,no,,391.280270,5.0,ok,
category_D_classified_tube_03_red75,enclosure_input_box_replace_opening_left_jamb,no,,984.078249,5.0,ok,
category_D_classified_tube_03_red75,enclosure_input_box_replace_opening_right_jamb,no,,665.980480,5.0,ok,
category_D_classified_tube_03_red75,enclosure_input_box_replace_opening_top_rail,no,,687.583449,5.0,ok,
category_D_classified_tube_03_red75,enclosure_input_box_replace_opening_bottom_sill,no,,665.992492,5.0,ok,
category_D_classified_tube_03_red75,enclosure_output_box_replace_opening_left_jamb,no,,500.369863,5.0,ok,
category_D_classified_tube_03_red75,enclosure_output_box_replace_opening_right_jamb,no,,382.562413,5.0,ok,
category_D_classified_tube_03_red75,enclosure_output_box_replace_opening_top_rail,no,,413.968598,5.0,ok,
category_D_classified_tube_03_red75,enclosure_output_box_replace_opening_bottom_sill,no,,377.021220,5.0,ok,
category_D_classified_tube_03_red75,enclosure_input_door_simple_pull_handle,no,,673.348350,5.0,ok,
category_D_classified_tube_03_red75,enclosure_output_door_simple_pull_handle,no,,395.249288,5.0,ok,
category_D_classified_tube_03_red75,enclosure_manual_review_access_opening_left_jamb,no,,769.390018,5.0,ok,
category_D_classified_tube_03_red75,enclosure_manual_review_access_opening_right_jamb,no,,619.290723,5.0,ok,
category_D_classified_tube_03_red75,enclosure_manual_review_access_opening_top_rail,no,,621.554503,5.0,ok,
category_D_classified_tube_03_red75,enclosure_manual_review_access_opening_bottom_sill,no,,619.406974,5.0,ok,
category_D_classified_tube_03_red75,enclosure_manual_review_access_simple_pull_handle,no,,626.725618,5.0,ok,
category_D_classified_tube_03_red75,enclosure_top_open_front_rectangular_rail,no,,483.987603,5.0,ok,
category_D_classified_tube_03_red75,enclosure_top_open_rear_rectangular_rail,no,,570.813455,5.0,ok,
category_D_classified_tube_03_red75,enclosure_top_open_left_rectangular_rail,no,,1034.185670,5.0,ok,
category_D_classified_tube_03_red75,enclosure_top_open_right_rectangular_rail,no,,351.550850,5.0,ok,
category_D_classified_tube_03_red75,control_box_housing,no,,505.300000,5.0,ok,
category_D_classified_tube_03_red75,din_rail_and_mounting,no,,504.000000,5.0,ok,
category_D_classified_tube_03_red75,controller_board_placeholder,no,,498.169650,5.0,ok,
category_D_classified_tube_03_red75,motor_driver_placeholders,no,,489.000000,5.0,ok,
category_D_classified_tube_03_red75,power_supply_placeholder,no,,488.000000,5.0,ok,
category_D_classified_tube_03_red75,terminal_blocks,no,,495.016161,5.0,ok,
category_D_classified_tube_03_red75,cable_glands_and_connectors,no,,670.000000,5.0,ok,
category_D_classified_tube_03_red75,ventilation_slots,no,,594.000000,5.0,ok,
category_D_classified_tube_03_red75,mounting_brackets,no,,506.000000,5.0,ok,
enclosure_bottom_rear_rail,enclosure_bottom_left_rail,yes,,,5.0,allowed_mount_contact,whitelisted expected mount/contact or internal electrical-box packaging
enclosure_bottom_rear_rail,enclosure_bottom_right_rail,yes,,,5.0,allowed_mount_contact,whitelisted expected mount/contact or internal electrical-box packaging
enclosure_bottom_rear_rail,enclosure_bottom_front_left_stub,no,,864.000000,5.0,ok,
enclosure_bottom_rear_rail,enclosure_bottom_front_center_stub,no,,864.000000,5.0,ok,
enclosure_bottom_rear_rail,enclosure_bottom_front_right_stub,no,,864.000000,5.0,ok,
enclosure_bottom_rear_rail,enclosure_corner_post_front_left,no,,864.000000,5.0,ok,
enclosure_bottom_rear_rail,enclosure_corner_post_front_right,no,,864.000000,5.0,ok,
enclosure_bottom_rear_rail,enclosure_corner_post_rear_left,yes,,,5.0,allowed_mount_contact,whitelisted expected mount/contact or internal electrical-box packaging
enclosure_bottom_rear_rail,enclosure_corner_post_rear_right,yes,,,5.0,allowed_mount_contact,whitelisted expected mount/contact or internal electrical-box packaging
enclosure_bottom_rear_rail,enclosure_top_rear_crossbeam,no,,394.000000,5.0,ok,
enclosure_bottom_rear_rail,enclosure_top_left_crossbeam,no,,394.000000,5.0,ok,
enclosure_bottom_rear_rail,enclosure_top_right_crossbeam,no,,394.000000,5.0,ok,
enclosure_bottom_rear_rail,enclosure_front_upper_left_beam,no,,949.595703,5.0,ok,
enclosure_bottom_rear_rail,enclosure_front_upper_center_beam,no,,949.595703,5.0,ok,
enclosure_bottom_rear_rail,enclosure_front_upper_right_beam,no,,949.595703,5.0,ok,
enclosure_bottom_rear_rail,enclosure_rear_transparent_panel,yes,,,5.0,allowed_mount_contact,whitelisted expected mount/contact or internal electrical-box packaging
enclosure_bottom_rear_rail,enclosure_left_transparent_panel,no,,47.000000,5.0,ok,
enclosure_bottom_rear_rail,enclosure_right_transparent_panel,no,,47.000000,5.0,ok,
enclosure_bottom_rear_rail,enclosure_front_left_low_panel,no,,869.500000,5.0,ok,
enclosure_bottom_rear_rail,enclosure_front_center_low_panel,no,,869.500000,5.0,ok,
enclosure_bottom_rear_rail,enclosure_front_right_low_panel,no,,869.500000,5.0,ok,
enclosure_bottom_rear_rail,enclosure_input_box_replace_opening_left_jamb,no,,871.000000,5.0,ok,
enclosure_bottom_rear_rail,enclosure_input_box_replace_opening_right_jamb,no,,871.000000,5.0,ok,
enclosure_bottom_rear_rail,enclosure_input_box_replace_opening_top_rail,no,,907.000551,5.0,ok,
enclosure_bottom_rear_rail,enclosure_input_box_replace_opening_bottom_sill,no,,871.000000,5.0,ok,
enclosure_bottom_rear_rail,enclosure_output_box_replace_opening_left_jamb,no,,871.000000,5.0,ok,
enclosure_bottom_rear_rail,enclosure_output_box_replace_opening_right_jamb,no,,871.000000,5.0,ok,
enclosure_bottom_rear_rail,enclosure_output_box_replace_opening_top_rail,no,,907.000551,5.0,ok,
enclosure_bottom_rear_rail,enclosure_output_box_replace_opening_bottom_sill,no,,871.000000,5.0,ok,
enclosure_bottom_rear_rail,enclosure_input_door_simple_pull_handle,no,,889.580238,5.0,ok,
enclosure_bottom_rear_rail,enclosure_output_door_simple_pull_handle,no,,889.580238,5.0,ok,
enclosure_bottom_rear_rail,enclosure_manual_review_access_opening_left_jamb,no,,874.000000,5.0,ok,
enclosure_bottom_rear_rail,enclosure_manual_review_access_opening_right_jamb,no,,874.000000,5.0,ok,
enclosure_bottom_rear_rail,enclosure_manual_review_access_opening_top_rail,no,,884.364744,5.0,ok,
enclosure_bottom_rear_rail,enclosure_manual_review_access_opening_bottom_sill,no,,874.000000,5.0,ok,
enclosure_bottom_rear_rail,enclosure_manual_review_access_simple_pull_handle,no,,886.994927,5.0,ok,
enclosure_bottom_rear_rail,enclosure_top_open_front_rectangular_rail,no,,949.595703,5.0,ok,
enclosure_bottom_rear_rail,enclosure_top_open_rear_rectangular_rail,no,,394.000000,5.0,ok,
enclosure_bottom_rear_rail,enclosure_top_open_left_rectangular_rail,no,,394.613735,5.0,ok,
enclosure_bottom_rear_rail,enclosure_top_open_right_rectangular_rail,no,,394.613735,5.0,ok,
enclosure_bottom_rear_rail,control_box_housing,no,,9.300000,5.0,ok,
enclosure_bottom_rear_rail,din_rail_and_mounting,no,,35.902646,5.0,ok,
enclosure_bottom_rear_rail,controller_board_placeholder,no,,66.030296,5.0,ok,
enclosure_bottom_rear_rail,motor_driver_placeholders,no,,67.000000,5.0,ok,
enclosure_bottom_rear_rail,power_supply_placeholder,no,,15.000000,5.0,ok,
enclosure_bottom_rear_rail,terminal_blocks,no,,27.000000,5.0,ok,
enclosure_bottom_rear_rail,cable_glands_and_connectors,no,,174.413302,5.0,ok,
enclosure_bottom_rear_rail,ventilation_slots,no,,102.060031,5.0,ok,
enclosure_bottom_rear_rail,mounting_brackets,no,,10.000000,5.0,ok,
enclosure_bottom_left_rail,enclosure_bottom_right_rail,no,,1164.000000,5.0,ok,
enclosure_bottom_left_rail,enclosure_bottom_front_left_stub,yes,,,5.0,allowed_mount_contact,whitelisted expected mount/contact or internal electrical-box packaging
enclosure_bottom_left_rail,enclosure_bottom_front_center_stub,no,,519.500000,5.0,ok,
enclosure_bottom_left_rail,enclosure_bottom_front_right_stub,no,,1052.000000,5.0,ok,
enclosure_bottom_left_rail,enclosure_corner_post_front_left,yes,,,5.0,allowed_mount_contact,whitelisted expected mount/contact or internal electrical-box packaging
enclosure_bottom_left_rail,enclosure_corner_post_front_right,no,,1164.000000,5.0,ok,
enclosure_bottom_left_rail,enclosure_corner_post_rear_left,yes,,,5.0,allowed_mount_contact,whitelisted expected mount/contact or internal electrical-box packaging
enclosure_bottom_left_rail,enclosure_corner_post_rear_right,no,,1164.000000,5.0,ok,
enclosure_bottom_left_rail,enclosure_top_rear_crossbeam,no,,394.000000,5.0,ok,
enclosure_bottom_left_rail,enclosure_top_left_crossbeam,no,,394.000000,5.0,ok,
enclosure_bottom_left_rail,enclosure_top_right_crossbeam,no,,1228.874282,5.0,ok,
enclosure_bottom_left_rail,enclosure_front_upper_left_beam,no,,394.005076,5.0,ok,
enclosure_bottom_left_rail,enclosure_front_upper_center_beam,no,,642.094230,5.0,ok,
enclosure_bottom_left_rail,enclosure_front_upper_right_beam,no,,1021.077862,5.0,ok,
enclosure_bottom_left_rail,enclosure_rear_transparent_panel,no,,62.000000,5.0,ok,
enclosure_bottom_left_rail,enclosure_left_transparent_panel,yes,,,5.0,allowed_mount_contact,whitelisted expected mount/contact or internal electrical-box packaging
enclosure_bottom_left_rail,enclosure_right_transparent_panel,no,,1162.500000,5.0,ok,
enclosure_bottom_left_rail,enclosure_front_left_low_panel,yes,,,5.0,allowed_mount_contact,whitelisted expected mount/contact or internal electrical-box packaging
enclosure_bottom_left_rail,enclosure_front_center_low_panel,no,,545.000000,5.0,ok,
enclosure_bottom_left_rail,enclosure_front_right_low_panel,no,,1112.000000,5.0,ok,
enclosure_bottom_left_rail,enclosure_input_box_replace_opening_left_jamb,no,,67.000000,5.0,ok,
enclosure_bottom_left_rail,enclosure_input_box_replace_opening_right_jamb,no,,427.000000,5.0,ok,
enclosure_bottom_left_rail,enclosure_input_box_replace_opening_top_rail,no,,261.721226,5.0,ok,
enclosure_bottom_left_rail,enclosure_input_box_replace_opening_bottom_sill,no,,67.000000,5.0,ok,
enclosure_bottom_left_rail,enclosure_output_box_replace_opening_left_jamb,no,,647.000000,5.0,ok,
enclosure_bottom_left_rail,enclosure_output_box_replace_opening_right_jamb,no,,1067.000000,5.0,ok,
enclosure_bottom_left_rail,enclosure_output_box_replace_opening_top_rail,no,,694.707133,5.0,ok,
enclosure_bottom_left_rail,enclosure_output_box_replace_opening_bottom_sill,no,,647.000000,5.0,ok,
enclosure_bottom_left_rail,enclosure_input_door_simple_pull_handle,no,,440.559871,5.0,ok,
enclosure_bottom_left_rail,enclosure_output_door_simple_pull_handle,no,,1072.498485,5.0,ok,
enclosure_bottom_left_rail,enclosure_manual_review_access_opening_left_jamb,no,,307.001629,5.0,ok,
enclosure_bottom_left_rail,enclosure_manual_review_access_opening_right_jamb,no,,487.001027,5.0,ok,
enclosure_bottom_left_rail,enclosure_manual_review_access_opening_top_rail,no,,335.372927,5.0,ok,
enclosure_bottom_left_rail,enclosure_manual_review_access_opening_bottom_sill,no,,307.001629,5.0,ok,
enclosure_bottom_left_rail,enclosure_manual_review_access_simple_pull_handle,no,,488.980572,5.0,ok,
enclosure_bottom_left_rail,enclosure_top_open_front_rectangular_rail,no,,397.416658,5.0,ok,
enclosure_bottom_left_rail,enclosure_top_open_rear_rectangular_rail,no,,397.416658,5.0,ok,
enclosure_bottom_left_rail,enclosure_top_open_left_rectangular_rail,no,,394.000000,5.0,ok,
enclosure_bottom_left_rail,enclosure_top_open_right_rectangular_rail,no,,1228.874282,5.0,ok,
enclosure_bottom_left_rail,control_box_housing,no,,902.185618,5.0,ok,
enclosure_bottom_left_rail,din_rail_and_mounting,no,,922.820676,5.0,ok,
enclosure_bottom_left_rail,controller_board_placeholder,no,,910.461971,5.0,ok,
enclosure_bottom_left_rail,motor_driver_placeholders,no,,964.332412,5.0,ok,
enclosure_bottom_left_rail,power_supply_placeholder,no,,910.124167,5.0,ok,
enclosure_bottom_left_rail,terminal_blocks,no,,1006.394058,5.0,ok,
enclosure_bottom_left_rail,cable_glands_and_connectors,no,,961.158286,5.0,ok,
enclosure_bottom_left_rail,ventilation_slots,no,,965.868262,5.0,ok,
enclosure_bottom_left_rail,mounting_brackets,no,,901.200311,5.0,ok,
enclosure_bottom_right_rail,enclosure_bottom_front_left_stub,no,,1052.000000,5.0,ok,
enclosure_bottom_right_rail,enclosure_bottom_front_center_stub,no,,549.500000,5.0,ok,
enclosure_bottom_right_rail,enclosure_bottom_front_right_stub,yes,,,5.0,allowed_mount_contact,whitelisted expected mount/contact or internal electrical-box packaging
enclosure_bottom_right_rail,enclosure_corner_post_front_left,no,,1164.000000,5.0,ok,
enclosure_bottom_right_rail,enclosure_corner_post_front_right,yes,,,5.0,allowed_mount_contact,whitelisted expected mount/contact or internal electrical-box packaging
enclosure_bottom_right_rail,enclosure_corner_post_rear_left,no,,1164.000000,5.0,ok,
enclosure_bottom_right_rail,enclosure_corner_post_rear_right,yes,,,5.0,allowed_mount_contact,whitelisted expected mount/contact or internal electrical-box packaging
enclosure_bottom_right_rail,enclosure_top_rear_crossbeam,no,,394.000000,5.0,ok,
enclosure_bottom_right_rail,enclosure_top_left_crossbeam,no,,1228.874282,5.0,ok,
enclosure_bottom_right_rail,enclosure_top_right_crossbeam,no,,394.000000,5.0,ok,
enclosure_bottom_right_rail,enclosure_front_upper_left_beam,no,,1021.077862,5.0,ok,
enclosure_bottom_right_rail,enclosure_front_upper_center_beam,no,,658.000760,5.0,ok,
enclosure_bottom_right_rail,enclosure_front_upper_right_beam,no,,394.005076,5.0,ok,
enclosure_bottom_right_rail,enclosure_rear_transparent_panel,no,,62.000000,5.0,ok,
enclosure_bottom_right_rail,enclosure_left_transparent_panel,no,,1162.500000,5.0,ok,
enclosure_bottom_right_rail,enclosure_right_transparent_panel,yes,,,5.0,allowed_mount_contact,whitelisted expected mount/contact or internal electrical-box packaging
enclosure_bottom_right_rail,enclosure_front_left_low_panel,no,,1112.000000,5.0,ok,
enclosure_bottom_right_rail,enclosure_front_center_low_panel,no,,561.000000,5.0,ok,
enclosure_bottom_right_rail,enclosure_front_right_low_panel,yes,,,5.0,allowed_mount_contact,whitelisted expected mount/contact or internal electrical-box packaging
enclosure_bottom_right_rail,enclosure_input_box_replace_opening_left_jamb,no,,1087.000000,5.0,ok,
enclosure_bottom_right_rail,enclosure_input_box_replace_opening_right_jamb,no,,727.000000,5.0,ok,
enclosure_bottom_right_rail,enclosure_input_box_replace_opening_top_rail,no,,769.764899,5.0,ok,
enclosure_bottom_right_rail,enclosure_input_box_replace_opening_bottom_sill,no,,727.000000,5.0,ok,
enclosure_bottom_right_rail,enclosure_output_box_replace_opening_left_jamb,no,,507.000000,5.0,ok,
enclosure_bottom_right_rail,enclosure_output_box_replace_opening_right_jamb,no,,87.000000,5.0,ok,
enclosure_bottom_right_rail,enclosure_output_box_replace_opening_top_rail,no,,267.540651,5.0,ok,
enclosure_bottom_right_rail,enclosure_output_box_replace_opening_bottom_sill,no,,87.000000,5.0,ok,
enclosure_bottom_right_rail,enclosure_input_door_simple_pull_handle,no,,735.046257,5.0,ok,
enclosure_bottom_right_rail,enclosure_output_door_simple_pull_handle,no,,139.043159,5.0,ok,
enclosure_bottom_right_rail,enclosure_manual_review_access_opening_left_jamb,no,,847.000590,5.0,ok,
enclosure_bottom_right_rail,enclosure_manual_review_access_opening_right_jamb,no,,667.000750,5.0,ok,
enclosure_bottom_right_rail,enclosure_manual_review_access_opening_top_rail,no,,680.525532,5.0,ok,
enclosure_bottom_right_rail,enclosure_manual_review_access_opening_bottom_sill,no,,667.000750,5.0,ok,
enclosure_bottom_right_rail,enclosure_manual_review_access_simple_pull_handle,no,,668.447455,5.0,ok,
enclosure_bottom_right_rail,enclosure_top_open_front_rectangular_rail,no,,397.416658,5.0,ok,
enclosure_bottom_right_rail,enclosure_top_open_rear_rectangular_rail,no,,397.416658,5.0,ok,
enclosure_bottom_right_rail,enclosure_top_open_left_rectangular_rail,no,,1228.874282,5.0,ok,
enclosure_bottom_right_rail,enclosure_top_open_right_rectangular_rail,no,,394.000000,5.0,ok,
enclosure_bottom_right_rail,control_box_housing,no,,45.813644,5.0,ok,
enclosure_bottom_right_rail,din_rail_and_mounting,no,,73.198361,5.0,ok,
enclosure_bottom_right_rail,controller_board_placeholder,no,,202.380829,5.0,ok,
enclosure_bottom_right_rail,motor_driver_placeholders,no,,84.835134,5.0,ok,
enclosure_bottom_right_rail,power_supply_placeholder,no,,178.633703,5.0,ok,
enclosure_bottom_right_rail,terminal_blocks,no,,66.279710,5.0,ok,
enclosure_bottom_right_rail,cable_glands_and_connectors,no,,201.507444,5.0,ok,
enclosure_bottom_right_rail,ventilation_slots,no,,117.836073,5.0,ok,
enclosure_bottom_right_rail,mounting_brackets,no,,45.188494,5.0,ok,
enclosure_bottom_front_left_stub,enclosure_bottom_front_center_stub,no,,407.500000,5.0,ok,
enclosure_bottom_front_left_stub,enclosure_bottom_front_right_stub,no,,940.000000,5.0,ok,
enclosure_bottom_front_left_stub,enclosure_corner_post_front_left,yes,,,5.0,allowed_mount_contact,whitelisted expected mount/contact or internal electrical-box packaging
enclosure_bottom_front_left_stub,enclosure_corner_post_front_right,no,,1052.000000,5.0,ok,
enclosure_bottom_front_left_stub,enclosure_corner_post_rear_left,no,,864.000000,5.0,ok,
enclosure_bottom_front_left_stub,enclosure_corner_post_rear_right,no,,1361.322886,5.0,ok,
enclosure_bottom_front_left_stub,enclosure_top_rear_crossbeam,no,,949.595703,5.0,ok,
enclosure_bottom_front_left_stub,enclosure_top_left_crossbeam,no,,394.000000,5.0,ok,
enclosure_bottom_front_left_stub,enclosure_top_right_crossbeam,no,,1123.361028,5.0,ok,
enclosure_bottom_front_left_stub,enclosure_front_upper_left_beam,no,,394.000000,5.0,ok,
enclosure_bottom_front_left_stub,enclosure_front_upper_center_beam,no,,557.907698,5.0,ok,
enclosure_bottom_front_left_stub,enclosure_front_upper_right_beam,no,,918.768741,5.0,ok,
enclosure_bottom_front_left_stub,enclosure_rear_transparent_panel,no,,862.500000,5.0,ok,
enclosure_bottom_front_left_stub,enclosure_left_transparent_panel,no,,387.000000,5.0,ok,
enclosure_bottom_front_left_stub,enclosure_right_transparent_panel,no,,1119.517418,5.0,ok,
enclosure_bottom_front_left_stub,enclosure_front_left_low_panel,yes,,,5.0,allowed_mount_contact,whitelisted expected mount/contact or internal electrical-box packaging
enclosure_bottom_front_left_stub,enclosure_front_center_low_panel,no,,433.000000,5.0,ok,
enclosure_bottom_front_left_stub,enclosure_front_right_low_panel,no,,1000.000000,5.0,ok,
enclosure_bottom_front_left_stub,enclosure_input_box_replace_opening_left_jamb,yes,,,5.0,allowed_mount_contact,whitelisted expected mount/contact or internal electrical-box packaging
enclosure_bottom_front_left_stub,enclosure_input_box_replace_opening_right_jamb,no,,315.000000,5.0,ok,
enclosure_bottom_front_left_stub,enclosure_input_box_replace_opening_top_rail,no,,253.000000,5.0,ok,
enclosure_bottom_front_left_stub,enclosure_input_box_replace_opening_bottom_sill,yes,,,5.0,allowed_mount_contact,whitelisted expected mount/contact or internal electrical-box packaging
enclosure_bottom_front_left_stub,enclosure_output_box_replace_opening_left_jamb,no,,535.000000,5.0,ok,
enclosure_bottom_front_left_stub,enclosure_output_box_replace_opening_right_jamb,no,,955.000000,5.0,ok,
enclosure_bottom_front_left_stub,enclosure_output_box_replace_opening_top_rail,no,,591.805711,5.0,ok,
enclosure_bottom_front_left_stub,enclosure_output_box_replace_opening_bottom_sill,no,,535.000000,5.0,ok,
enclosure_bottom_front_left_stub,enclosure_input_door_simple_pull_handle,no,,333.001501,5.0,ok,
enclosure_bottom_front_left_stub,enclosure_output_door_simple_pull_handle,no,,961.087925,5.0,ok,
enclosure_bottom_front_left_stub,enclosure_manual_review_access_opening_left_jamb,no,,195.000000,5.0,ok,
enclosure_bottom_front_left_stub,enclosure_manual_review_access_opening_right_jamb,no,,375.000000,5.0,ok,
enclosure_bottom_front_left_stub,enclosure_manual_review_access_opening_top_rail,no,,237.170825,5.0,ok,
enclosure_bottom_front_left_stub,enclosure_manual_review_access_opening_bottom_sill,no,,195.000000,5.0,ok,
enclosure_bottom_front_left_stub,enclosure_manual_review_access_simple_pull_handle,no,,377.365870,5.0,ok,
enclosure_bottom_front_left_stub,enclosure_top_open_front_rectangular_rail,no,,394.000000,5.0,ok,
enclosure_bottom_front_left_stub,enclosure_top_open_rear_rectangular_rail,no,,949.595703,5.0,ok,
enclosure_bottom_front_left_stub,enclosure_top_open_left_rectangular_rail,no,,394.613735,5.0,ok,
enclosure_bottom_front_left_stub,enclosure_top_open_right_rectangular_rail,no,,1123.576433,5.0,ok,
enclosure_bottom_front_left_stub,control_box_housing,no,,1191.014563,5.0,ok,
enclosure_bottom_front_left_stub,din_rail_and_mounting,no,,1203.920678,5.0,ok,
enclosure_bottom_front_left_stub,controller_board_placeholder,no,,1191.397499,5.0,ok,
enclosure_bottom_front_left_stub,motor_driver_placeholders,no,,1221.725828,5.0,ok,
enclosure_bottom_front_left_stub,power_supply_placeholder,no,,1183.598327,5.0,ok,
enclosure_bottom_front_left_stub,terminal_blocks,no,,1255.438569,5.0,ok,
enclosure_bottom_front_left_stub,cable_glands_and_connectors,no,,1344.125087,5.0,ok,
enclosure_bottom_front_left_stub,ventilation_slots,no,,1295.943093,5.0,ok,
enclosure_bottom_front_left_stub,mounting_brackets,no,,1190.875728,5.0,ok,
enclosure_bottom_front_center_stub,enclosure_bottom_front_right_stub,no,,437.500000,5.0,ok,
enclosure_bottom_front_center_stub,enclosure_corner_post_front_left,no,,519.500000,5.0,ok,
enclosure_bottom_front_center_stub,enclosure_corner_post_front_right,no,,549.500000,5.0,ok,
enclosure_bottom_front_center_stub,enclosure_corner_post_rear_left,no,,1008.154874,5.0,ok,
enclosure_bottom_front_center_stub,enclosure_corner_post_rear_right,no,,1023.936644,5.0,ok,
enclosure_bottom_front_center_stub,enclosure_top_rear_crossbeam,no,,949.595703,5.0,ok,
enclosure_bottom_front_center_stub,enclosure_top_left_crossbeam,no,,652.009394,5.0,ok,
enclosure_bottom_front_center_stub,enclosure_top_right_crossbeam,no,,676.155492,5.0,ok,
enclosure_bottom_front_center_stub,enclosure_front_upper_left_beam,no,,493.702593,5.0,ok,
enclosure_bottom_front_center_stub,enclosure_front_upper_center_beam,no,,394.000000,5.0,ok,
enclosure_bottom_front_center_stub,enclosure_front_upper_right_beam,no,,512.339975,5.0,ok,
enclosure_bottom_front_center_stub,enclosure_rear_transparent_panel,no,,862.500000,5.0,ok,
enclosure_bottom_front_center_stub,enclosure_left_transparent_panel,no,,646.601114,5.0,ok,
enclosure_bottom_front_center_stub,enclosure_right_transparent_panel,no,,670.874802,5.0,ok,
enclosure_bottom_front_center_stub,enclosure_front_left_low_panel,no,,467.500000,5.0,ok,
enclosure_bottom_front_center_stub,enclosure_front_center_low_panel,yes,,,5.0,allowed_mount_contact,whitelisted expected mount/contact or internal electrical-box packaging
enclosure_bottom_front_center_stub,enclosure_front_right_low_panel,no,,497.500000,5.0,ok,
enclosure_bottom_front_center_stub,enclosure_input_box_replace_opening_left_jamb,no,,442.500000,5.0,ok,
enclosure_bottom_front_center_stub,enclosure_input_box_replace_opening_right_jamb,no,,82.500000,5.0,ok,
enclosure_bottom_front_center_stub,enclosure_input_box_replace_opening_top_rail,no,,266.111349,5.0,ok,
enclosure_bottom_front_center_stub,enclosure_input_box_replace_opening_bottom_sill,no,,82.500000,5.0,ok,
enclosure_bottom_front_center_stub,enclosure_output_box_replace_opening_left_jamb,no,,32.500000,5.0,ok,
enclosure_bottom_front_center_stub,enclosure_output_box_replace_opening_right_jamb,no,,452.500000,5.0,ok,
enclosure_bottom_front_center_stub,enclosure_output_box_replace_opening_top_rail,no,,255.078909,5.0,ok,
enclosure_bottom_front_center_stub,enclosure_output_box_replace_opening_bottom_sill,no,,32.500000,5.0,ok,
enclosure_bottom_front_center_stub,enclosure_input_door_simple_pull_handle,no,,135.908977,5.0,ok,
enclosure_bottom_front_center_stub,enclosure_output_door_simple_pull_handle,no,,465.210974,5.0,ok,
enclosure_bottom_front_center_stub,enclosure_manual_review_access_opening_left_jamb,no,,202.500000,5.0,ok,
enclosure_bottom_front_center_stub,enclosure_manual_review_access_opening_right_jamb,no,,22.500000,5.0,ok,
enclosure_bottom_front_center_stub,enclosure_manual_review_access_opening_top_rail,no,,136.862157,5.0,ok,
enclosure_bottom_front_center_stub,enclosure_manual_review_access_opening_bottom_sill,no,,22.500000,5.0,ok,
enclosure_bottom_front_center_stub,enclosure_manual_review_access_simple_pull_handle,no,,47.814747,5.0,ok,
enclosure_bottom_front_center_stub,enclosure_top_open_front_rectangular_rail,no,,394.000000,5.0,ok,
enclosure_bottom_front_center_stub,enclosure_top_open_rear_rectangular_rail,no,,949.595703,5.0,ok,
enclosure_bottom_front_center_stub,enclosure_top_open_left_rectangular_rail,no,,652.380449,5.0,ok,
enclosure_bottom_front_center_stub,enclosure_top_open_right_rectangular_rail,no,,676.513304,5.0,ok,
enclosure_bottom_front_center_stub,control_box_housing,no,,936.521190,5.0,ok,
enclosure_bottom_front_center_stub,din_rail_and_mounting,no,,942.274509,5.0,ok,
enclosure_bottom_front_center_stub,controller_board_placeholder,no,,933.784906,5.0,ok,
enclosure_bottom_front_center_stub,motor_driver_placeholders,no,,943.859232,5.0,ok,
enclosure_bottom_front_center_stub,power_supply_placeholder,no,,922.724905,5.0,ok,
enclosure_bottom_front_center_stub,terminal_blocks,no,,964.449195,5.0,ok,
enclosure_bottom_front_center_stub,cable_glands_and_connectors,no,,1106.128835,5.0,ok,
enclosure_bottom_front_center_stub,ventilation_slots,no,,1039.344625,5.0,ok,
enclosure_bottom_front_center_stub,mounting_brackets,no,,936.881129,5.0,ok,
enclosure_bottom_front_right_stub,enclosure_corner_post_front_left,no,,1052.000000,5.0,ok,
enclosure_bottom_front_right_stub,enclosure_corner_post_front_right,yes,,,5.0,allowed_mount_contact,whitelisted expected mount/contact or internal electrical-box packaging
enclosure_bottom_front_right_stub,enclosure_corner_post_rear_left,no,,1361.322886,5.0,ok,
enclosure_bottom_front_right_stub,enclosure_corner_post_rear_right,no,,864.000000,5.0,ok,
enclosure_bottom_front_right_stub,enclosure_top_rear_crossbeam,no,,949.595703,5.0,ok,
enclosure_bottom_front_right_stub,enclosure_top_left_crossbeam,no,,1123.361028,5.0,ok,
enclosure_bottom_front_right_stub,enclosure_top_right_crossbeam,no,,394.000000,5.0,ok,
enclosure_bottom_front_right_stub,enclosure_front_upper_left_beam,no,,918.768741,5.0,ok,
enclosure_bottom_front_right_stub,enclosure_front_upper_center_beam,no,,572.242082,5.0,ok,
enclosure_bottom_front_right_stub,enclosure_front_upper_right_beam,no,,394.000000,5.0,ok,
enclosure_bottom_front_right_stub,enclosure_rear_transparent_panel,no,,862.500000,5.0,ok,
enclosure_bottom_front_right_stub,enclosure_left_transparent_panel,no,,1119.517418,5.0,ok,
enclosure_bottom_front_right_stub,enclosure_right_transparent_panel,no,,387.000000,5.0,ok,
enclosure_bottom_front_right_stub,enclosure_front_left_low_panel,no,,1000.000000,5.0,ok,
enclosure_bottom_front_right_stub,enclosure_front_center_low_panel,no,,449.000000,5.0,ok,
enclosure_bottom_front_right_stub,enclosure_front_right_low_panel,yes,,,5.0,allowed_mount_contact,whitelisted expected mount/contact or internal electrical-box packaging
enclosure_bottom_front_right_stub,enclosure_input_box_replace_opening_left_jamb,no,,975.000000,5.0,ok,
enclosure_bottom_front_right_stub,enclosure_input_box_replace_opening_right_jamb,no,,615.000000,5.0,ok,
enclosure_bottom_front_right_stub,enclosure_input_box_replace_opening_top_rail,no,,665.006767,5.0,ok,
enclosure_bottom_front_right_stub,enclosure_input_box_replace_opening_bottom_sill,no,,615.000000,5.0,ok,
enclosure_bottom_front_right_stub,enclosure_output_box_replace_opening_left_jamb,no,,395.000000,5.0,ok,
enclosure_bottom_front_right_stub,enclosure_output_box_replace_opening_right_jamb,yes,,,5.0,allowed_mount_contact,whitelisted expected mount/contact or internal electrical-box packaging
enclosure_bottom_front_right_stub,enclosure_output_box_replace_opening_top_rail,no,,253.000000,5.0,ok,
enclosure_bottom_front_right_stub,enclosure_output_box_replace_opening_bottom_sill,yes,,,5.0,allowed_mount_contact,whitelisted expected mount/contact or internal electrical-box packaging
enclosure_bottom_front_right_stub,enclosure_input_door_simple_pull_handle,no,,624.411723,5.0,ok,
enclosure_bottom_front_right_stub,enclosure_output_door_simple_pull_handle,no,,108.004630,5.0,ok,
enclosure_bottom_front_right_stub,enclosure_manual_review_access_opening_left_jamb,no,,735.000000,5.0,ok,
enclosure_bottom_front_right_stub,enclosure_manual_review_access_opening_right_jamb,no,,555.000000,5.0,ok,
enclosure_bottom_front_right_stub,enclosure_manual_review_access_opening_top_rail,no,,571.182983,5.0,ok,
enclosure_bottom_front_right_stub,enclosure_manual_review_access_opening_bottom_sill,no,,555.000000,5.0,ok,
enclosure_bottom_front_right_stub,enclosure_manual_review_access_simple_pull_handle,no,,556.601294,5.0,ok,
enclosure_bottom_front_right_stub,enclosure_top_open_front_rectangular_rail,no,,394.000000,5.0,ok,
enclosure_bottom_front_right_stub,enclosure_top_open_rear_rectangular_rail,no,,949.595703,5.0,ok,
enclosure_bottom_front_right_stub,enclosure_top_open_left_rectangular_rail,no,,1123.576433,5.0,ok,
enclosure_bottom_front_right_stub,enclosure_top_open_right_rectangular_rail,no,,394.613735,5.0,ok,
enclosure_bottom_front_right_stub,control_box_housing,no,,891.300000,5.0,ok,
enclosure_bottom_front_right_stub,din_rail_and_mounting,no,,890.687936,5.0,ok,
enclosure_bottom_front_right_stub,controller_board_placeholder,no,,889.973595,5.0,ok,
enclosure_bottom_front_right_stub,motor_driver_placeholders,no,,877.561394,5.0,ok,
enclosure_bottom_front_right_stub,power_supply_placeholder,no,,876.616792,5.0,ok,
enclosure_bottom_front_right_stub,terminal_blocks,no,,881.413637,5.0,ok,
enclosure_bottom_front_right_stub,cable_glands_and_connectors,no,,1056.068180,5.0,ok,
enclosure_bottom_front_right_stub,ventilation_slots,no,,980.414326,5.0,ok,
enclosure_bottom_front_right_stub,mounting_brackets,no,,892.000000,5.0,ok,
enclosure_corner_post_front_left,enclosure_corner_post_front_right,no,,1164.000000,5.0,ok,
enclosure_corner_post_front_left,enclosure_corner_post_rear_left,no,,864.000000,5.0,ok,
enclosure_corner_post_front_left,enclosure_corner_post_rear_right,no,,1449.617881,5.0,ok,
enclosure_corner_post_front_left,enclosure_top_rear_crossbeam,no,,864.000000,5.0,ok,
enclosure_corner_post_front_left,enclosure_top_left_crossbeam,yes,,,5.0,allowed_mount_contact,whitelisted expected mount/contact or internal electrical-box packaging
enclosure_corner_post_front_left,enclosure_top_right_crossbeam,no,,1164.000000,5.0,ok,
enclosure_corner_post_front_left,enclosure_front_upper_left_beam,no,,2.000000,5.0,allowed_mount_contact,whitelisted expected mount/contact or internal electrical-box packaging
enclosure_corner_post_front_left,enclosure_front_upper_center_beam,no,,507.000000,5.0,ok,
enclosure_corner_post_front_left,enclosure_front_upper_right_beam,no,,942.000000,5.0,ok,
enclosure_corner_post_front_left,enclosure_rear_transparent_panel,no,,864.725534,5.0,ok,
enclosure_corner_post_front_left,enclosure_left_transparent_panel,no,,387.000000,5.0,ok,
enclosure_corner_post_front_left,enclosure_right_transparent_panel,no,,1225.224571,5.0,ok,
enclosure_corner_post_front_left,enclosure_front_left_low_panel,yes,,,5.0,allowed_mount_contact,whitelisted expected mount/contact or internal electrical-box packaging
enclosure_corner_post_front_left,enclosure_front_center_low_panel,no,,545.000000,5.0,ok,
enclosure_corner_post_front_left,enclosure_front_right_low_panel,no,,1112.000000,5.0,ok,
enclosure_corner_post_front_left,enclosure_input_box_replace_opening_left_jamb,no,,67.000000,5.0,ok,
enclosure_corner_post_front_left,enclosure_input_box_replace_opening_right_jamb,no,,427.000000,5.0,ok,
enclosure_corner_post_front_left,enclosure_input_box_replace_opening_top_rail,no,,67.000000,5.0,ok,
enclosure_corner_post_front_left,enclosure_input_box_replace_opening_bottom_sill,no,,67.000000,5.0,ok,
enclosure_corner_post_front_left,enclosure_output_box_replace_opening_left_jamb,no,,647.000000,5.0,ok,
enclosure_corner_post_front_left,enclosure_output_box_replace_opening_right_jamb,no,,1067.000000,5.0,ok,
enclosure_corner_post_front_left,enclosure_output_box_replace_opening_top_rail,no,,647.000000,5.0,ok,
enclosure_corner_post_front_left,enclosure_output_box_replace_opening_bottom_sill,no,,647.000000,5.0,ok,
enclosure_corner_post_front_left,enclosure_input_door_simple_pull_handle,no,,427.001171,5.0,ok,
enclosure_corner_post_front_left,enclosure_output_door_simple_pull_handle,no,,1067.000469,5.0,ok,
enclosure_corner_post_front_left,enclosure_manual_review_access_opening_left_jamb,no,,307.000000,5.0,ok,
enclosure_corner_post_front_left,enclosure_manual_review_access_opening_right_jamb,no,,487.000000,5.0,ok,
enclosure_corner_post_front_left,enclosure_manual_review_access_opening_top_rail,no,,307.000000,5.0,ok,
enclosure_corner_post_front_left,enclosure_manual_review_access_opening_bottom_sill,no,,307.000000,5.0,ok,
enclosure_corner_post_front_left,enclosure_manual_review_access_simple_pull_handle,no,,487.016427,5.0,ok,
enclosure_corner_post_front_left,enclosure_top_open_front_rectangular_rail,no,,52.000000,5.0,ok,
enclosure_corner_post_front_left,enclosure_top_open_rear_rectangular_rail,no,,865.563400,5.0,ok,
enclosure_corner_post_front_left,enclosure_top_open_left_rectangular_rail,no,,22.000000,5.0,ok,
enclosure_corner_post_front_left,enclosure_top_open_right_rectangular_rail,no,,1164.207885,5.0,ok,
enclosure_corner_post_front_left,control_box_housing,no,,1268.077162,5.0,ok,
enclosure_corner_post_front_left,din_rail_and_mounting,no,,1281.477273,5.0,ok,
enclosure_corner_post_front_left,controller_board_placeholder,no,,1267.248989,5.0,ok,
enclosure_corner_post_front_left,motor_driver_placeholders,no,,1300.411089,5.0,ok,
enclosure_corner_post_front_left,power_supply_placeholder,no,,1261.735313,5.0,ok,
enclosure_corner_post_front_left,terminal_blocks,no,,1337.234834,5.0,ok,
enclosure_corner_post_front_left,cable_glands_and_connectors,no,,1416.096130,5.0,ok,
enclosure_corner_post_front_left,ventilation_slots,no,,1371.510208,5.0,ok,
enclosure_corner_post_front_left,mounting_brackets,no,,1267.858431,5.0,ok,
enclosure_corner_post_front_right,enclosure_corner_post_rear_left,no,,1449.617881,5.0,ok,
enclosure_corner_post_front_right,enclosure_corner_post_rear_right,no,,864.000000,5.0,ok,
enclosure_corner_post_front_right,enclosure_top_rear_crossbeam,no,,864.000000,5.0,ok,
enclosure_corner_post_front_right,enclosure_top_left_crossbeam,no,,1164.000000,5.0,ok,
enclosure_corner_post_front_right,enclosure_top_right_crossbeam,yes,,,5.0,allowed_mount_contact,whitelisted expected mount/contact or internal electrical-box packaging
enclosure_corner_post_front_right,enclosure_front_upper_left_beam,no,,942.000000,5.0,ok,
enclosure_corner_post_front_right,enclosure_front_upper_center_beam,no,,527.000000,5.0,ok,
enclosure_corner_post_front_right,enclosure_front_upper_right_beam,no,,2.000000,5.0,allowed_mount_contact,whitelisted expected mount/contact or internal electrical-box packaging
enclosure_corner_post_front_right,enclosure_rear_transparent_panel,no,,864.725534,5.0,ok,
enclosure_corner_post_front_right,enclosure_left_transparent_panel,no,,1225.224571,5.0,ok,
enclosure_corner_post_front_right,enclosure_right_transparent_panel,no,,387.000000,5.0,ok,
enclosure_corner_post_front_right,enclosure_front_left_low_panel,no,,1112.000000,5.0,ok,
enclosure_corner_post_front_right,enclosure_front_center_low_panel,no,,561.000000,5.0,ok,
enclosure_corner_post_front_right,enclosure_front_right_low_panel,yes,,,5.0,allowed_mount_contact,whitelisted expected mount/contact or internal electrical-box packaging
enclosure_corner_post_front_right,enclosure_input_box_replace_opening_left_jamb,no,,1087.000000,5.0,ok,
enclosure_corner_post_front_right,enclosure_input_box_replace_opening_right_jamb,no,,727.000000,5.0,ok,
enclosure_corner_post_front_right,enclosure_input_box_replace_opening_top_rail,no,,727.000000,5.0,ok,
enclosure_corner_post_front_right,enclosure_input_box_replace_opening_bottom_sill,no,,727.000000,5.0,ok,
enclosure_corner_post_front_right,enclosure_output_box_replace_opening_left_jamb,no,,507.000000,5.0,ok,
enclosure_corner_post_front_right,enclosure_output_box_replace_opening_right_jamb,no,,87.000000,5.0,ok,
enclosure_corner_post_front_right,enclosure_output_box_replace_opening_top_rail,no,,87.000000,5.0,ok,
enclosure_corner_post_front_right,enclosure_output_box_replace_opening_bottom_sill,no,,87.000000,5.0,ok,
enclosure_corner_post_front_right,enclosure_input_door_simple_pull_handle,no,,727.000688,5.0,ok,
enclosure_corner_post_front_right,enclosure_output_door_simple_pull_handle,no,,87.005747,5.0,ok,
enclosure_corner_post_front_right,enclosure_manual_review_access_opening_left_jamb,no,,847.000000,5.0,ok,
enclosure_corner_post_front_right,enclosure_manual_review_access_opening_right_jamb,no,,667.000000,5.0,ok,
enclosure_corner_post_front_right,enclosure_manual_review_access_opening_top_rail,no,,667.000000,5.0,ok,
enclosure_corner_post_front_right,enclosure_manual_review_access_opening_bottom_sill,no,,667.000000,5.0,ok,
enclosure_corner_post_front_right,enclosure_manual_review_access_simple_pull_handle,no,,667.011994,5.0,ok,
enclosure_corner_post_front_right,enclosure_top_open_front_rectangular_rail,no,,52.000000,5.0,ok,
enclosure_corner_post_front_right,enclosure_top_open_rear_rectangular_rail,no,,865.563400,5.0,ok,
enclosure_corner_post_front_right,enclosure_top_open_left_rectangular_rail,no,,1164.207885,5.0,ok,
enclosure_corner_post_front_right,enclosure_top_open_right_rectangular_rail,no,,22.000000,5.0,ok,
enclosure_corner_post_front_right,control_box_housing,no,,892.289017,5.0,ok,
enclosure_corner_post_front_right,din_rail_and_mounting,no,,892.156937,5.0,ok,
enclosure_corner_post_front_right,controller_board_placeholder,no,,904.398695,5.0,ok,
enclosure_corner_post_front_right,motor_driver_placeholders,no,,876.543781,5.0,ok,
enclosure_corner_post_front_right,power_supply_placeholder,no,,891.941702,5.0,ok,
enclosure_corner_post_front_right,terminal_blocks,no,,883.040769,5.0,ok,
enclosure_corner_post_front_right,cable_glands_and_connectors,no,,1059.296111,5.0,ok,
enclosure_corner_post_front_right,ventilation_slots,no,,980.828267,5.0,ok,
enclosure_corner_post_front_right,mounting_brackets,no,,892.941767,5.0,ok,
enclosure_corner_post_rear_left,enclosure_corner_post_rear_right,no,,1164.000000,5.0,ok,
enclosure_corner_post_rear_left,enclosure_top_rear_crossbeam,yes,,,5.0,allowed_mount_contact,whitelisted expected mount/contact or internal electrical-box packaging
enclosure_corner_post_rear_left,enclosure_top_left_crossbeam,yes,,,5.0,allowed_mount_contact,whitelisted expected mount/contact or internal electrical-box packaging
enclosure_corner_post_rear_left,enclosure_top_right_crossbeam,no,,1164.000000,5.0,ok,
enclosure_corner_post_rear_left,enclosure_front_upper_left_beam,no,,864.002315,5.0,ok,
enclosure_corner_post_rear_left,enclosure_front_upper_center_beam,no,,1001.770932,5.0,ok,
enclosure_corner_post_rear_left,enclosure_front_upper_right_beam,no,,1278.225332,5.0,ok,
enclosure_corner_post_rear_left,enclosure_rear_transparent_panel,no,,62.000000,5.0,ok,
enclosure_corner_post_rear_left,enclosure_left_transparent_panel,no,,47.000000,5.0,ok,
enclosure_corner_post_rear_left,enclosure_right_transparent_panel,no,,1163.449720,5.0,ok,
enclosure_corner_post_rear_left,enclosure_front_left_low_panel,no,,869.500000,5.0,ok,
enclosure_corner_post_rear_left,enclosure_front_center_low_panel,no,,1026.184803,5.0,ok,
enclosure_corner_post_rear_left,enclosure_front_right_low_panel,no,,1411.585722,5.0,ok,
enclosure_corner_post_rear_left,enclosure_input_box_replace_opening_left_jamb,no,,873.573122,5.0,ok,
enclosure_corner_post_rear_left,enclosure_input_box_replace_opening_right_jamb,no,,970.036082,5.0,ok,
enclosure_corner_post_rear_left,enclosure_input_box_replace_opening_top_rail,no,,873.573122,5.0,ok,
enclosure_corner_post_rear_left,enclosure_input_box_replace_opening_bottom_sill,no,,873.573122,5.0,ok,
enclosure_corner_post_rear_left,enclosure_output_box_replace_opening_left_jamb,no,,1085.011521,5.0,ok,
enclosure_corner_post_rear_left,enclosure_output_box_replace_opening_right_jamb,no,,1377.363423,5.0,ok,
enclosure_corner_post_rear_left,enclosure_output_box_replace_opening_top_rail,no,,1085.011521,5.0,ok,
enclosure_corner_post_rear_left,enclosure_output_box_replace_opening_bottom_sill,no,,1085.011521,5.0,ok,
enclosure_corner_post_rear_left,enclosure_input_door_simple_pull_handle,no,,980.825163,5.0,ok,
enclosure_corner_post_rear_left,enclosure_output_door_simple_pull_handle,no,,1384.983032,5.0,ok,
enclosure_corner_post_rear_left,enclosure_manual_review_access_opening_left_jamb,no,,926.350366,5.0,ok,
enclosure_corner_post_rear_left,enclosure_manual_review_access_opening_right_jamb,no,,1000.522364,5.0,ok,
enclosure_corner_post_rear_left,enclosure_manual_review_access_opening_top_rail,no,,926.350366,5.0,ok,
enclosure_corner_post_rear_left,enclosure_manual_review_access_opening_bottom_sill,no,,926.350366,5.0,ok,
enclosure_corner_post_rear_left,enclosure_manual_review_access_simple_pull_handle,no,,1011.021760,5.0,ok,
enclosure_corner_post_rear_left,enclosure_top_open_front_rectangular_rail,no,,865.563400,5.0,ok,
enclosure_corner_post_rear_left,enclosure_top_open_rear_rectangular_rail,no,,52.000000,5.0,ok,
enclosure_corner_post_rear_left,enclosure_top_open_left_rectangular_rail,no,,22.000000,5.0,ok,
enclosure_corner_post_rear_left,enclosure_top_open_right_rectangular_rail,no,,1164.207885,5.0,ok,
enclosure_corner_post_rear_left,control_box_housing,no,,902.047942,5.0,ok,
enclosure_corner_post_rear_left,din_rail_and_mounting,no,,922.034707,5.0,ok,
enclosure_corner_post_rear_left,controller_board_placeholder,no,,908.002203,5.0,ok,
enclosure_corner_post_rear_left,motor_driver_placeholders,no,,962.000000,5.0,ok,
enclosure_corner_post_rear_left,power_supply_placeholder,no,,910.000000,5.0,ok,
enclosure_corner_post_rear_left,terminal_blocks,no,,1006.000000,5.0,ok,
enclosure_corner_post_rear_left,cable_glands_and_connectors,no,,959.410366,5.0,ok,
enclosure_corner_post_rear_left,ventilation_slots,no,,964.491706,5.0,ok,
enclosure_corner_post_rear_left,mounting_brackets,no,,901.055492,5.0,ok,
enclosure_corner_post_rear_right,enclosure_top_rear_crossbeam,yes,,,5.0,allowed_mount_contact,whitelisted expected mount/contact or internal electrical-box packaging
enclosure_corner_post_rear_right,enclosure_top_left_crossbeam,no,,1164.000000,5.0,ok,
enclosure_corner_post_rear_right,enclosure_top_right_crossbeam,yes,,,5.0,allowed_mount_contact,whitelisted expected mount/contact or internal electrical-box packaging
enclosure_corner_post_rear_right,enclosure_front_upper_left_beam,no,,1278.225332,5.0,ok,
enclosure_corner_post_rear_right,enclosure_front_upper_center_beam,no,,1012.040019,5.0,ok,
enclosure_corner_post_rear_right,enclosure_front_upper_right_beam,no,,864.002315,5.0,ok,
enclosure_corner_post_rear_right,enclosure_rear_transparent_panel,no,,62.000000,5.0,ok,
enclosure_corner_post_rear_right,enclosure_left_transparent_panel,no,,1163.449720,5.0,ok,
enclosure_corner_post_rear_right,enclosure_right_transparent_panel,no,,47.000000,5.0,ok,
enclosure_corner_post_rear_right,enclosure_front_left_low_panel,no,,1411.585722,5.0,ok,
enclosure_corner_post_rear_right,enclosure_front_center_low_panel,no,,1034.771110,5.0,ok,
enclosure_corner_post_rear_right,enclosure_front_right_low_panel,no,,869.500000,5.0,ok,
enclosure_corner_post_rear_right,enclosure_input_box_replace_opening_left_jamb,no,,1392.914211,5.0,ok,
enclosure_corner_post_rear_right,enclosure_input_box_replace_opening_right_jamb,no,,1134.535147,5.0,ok,
enclosure_corner_post_rear_right,enclosure_input_box_replace_opening_top_rail,no,,1134.535147,5.0,ok,
enclosure_corner_post_rear_right,enclosure_input_box_replace_opening_bottom_sill,no,,1134.535147,5.0,ok,
enclosure_corner_post_rear_right,enclosure_output_box_replace_opening_left_jamb,no,,1007.814467,5.0,ok,
enclosure_corner_post_rear_right,enclosure_output_box_replace_opening_right_jamb,no,,875.334222,5.0,ok,
enclosure_corner_post_rear_right,enclosure_output_box_replace_opening_top_rail,no,,875.334222,5.0,ok,
enclosure_corner_post_rear_right,enclosure_output_box_replace_opening_bottom_sill,no,,875.334222,5.0,ok,
enclosure_corner_post_rear_right,enclosure_input_door_simple_pull_handle,no,,1143.773579,5.0,ok,
enclosure_corner_post_rear_right,enclosure_output_door_simple_pull_handle,no,,887.275605,5.0,ok,
enclosure_corner_post_rear_right,enclosure_manual_review_access_opening_left_jamb,no,,1217.080523,5.0,ok,
enclosure_corner_post_rear_right,enclosure_manual_review_access_opening_right_jamb,no,,1099.438493,5.0,ok,
enclosure_corner_post_rear_right,enclosure_manual_review_access_opening_top_rail,no,,1099.438493,5.0,ok,
enclosure_corner_post_rear_right,enclosure_manual_review_access_opening_bottom_sill,no,,1099.438493,5.0,ok,
enclosure_corner_post_rear_right,enclosure_manual_review_access_simple_pull_handle,no,,1109.001803,5.0,ok,
enclosure_corner_post_rear_right,enclosure_top_open_front_rectangular_rail,no,,865.563400,5.0,ok,
enclosure_corner_post_rear_right,enclosure_top_open_rear_rectangular_rail,no,,52.000000,5.0,ok,
enclosure_corner_post_rear_right,enclosure_top_open_left_rectangular_rail,no,,1164.207885,5.0,ok,
enclosure_corner_post_rear_right,enclosure_top_open_right_rectangular_rail,no,,22.000000,5.0,ok,
enclosure_corner_post_rear_right,control_box_housing,no,,43.017322,5.0,ok,
enclosure_corner_post_rear_right,din_rail_and_mounting,no,,62.513998,5.0,ok,
enclosure_corner_post_rear_right,controller_board_placeholder,no,,191.010471,5.0,ok,
enclosure_corner_post_rear_right,motor_driver_placeholders,no,,52.000000,5.0,ok,
enclosure_corner_post_rear_right,power_supply_placeholder,no,,178.000000,5.0,ok,
enclosure_corner_post_rear_right,terminal_blocks,no,,60.000000,5.0,ok,
enclosure_corner_post_rear_right,cable_glands_and_connectors,no,,192.998057,5.0,ok,
enclosure_corner_post_rear_right,ventilation_slots,no,,105.962682,5.0,ok,
enclosure_corner_post_rear_right,mounting_brackets,no,,42.201896,5.0,ok,
enclosure_top_rear_crossbeam,enclosure_top_left_crossbeam,yes,,,5.0,allowed_mount_contact,whitelisted expected mount/contact or internal electrical-box packaging
enclosure_top_rear_crossbeam,enclosure_top_right_crossbeam,yes,,,5.0,allowed_mount_contact,whitelisted expected mount/contact or internal electrical-box packaging
enclosure_top_rear_crossbeam,enclosure_front_upper_left_beam,no,,864.000000,5.0,ok,
enclosure_top_rear_crossbeam,enclosure_front_upper_center_beam,no,,864.000000,5.0,ok,
enclosure_top_rear_crossbeam,enclosure_front_upper_right_beam,no,,864.000000,5.0,ok,
enclosure_top_rear_crossbeam,enclosure_rear_transparent_panel,no,,112.000000,5.0,ok,
enclosure_top_rear_crossbeam,enclosure_left_transparent_panel,no,,159.100597,5.0,ok,
enclosure_top_rear_crossbeam,enclosure_right_transparent_panel,no,,159.100597,5.0,ok,
enclosure_top_rear_crossbeam,enclosure_front_left_low_panel,no,,927.207771,5.0,ok,
enclosure_top_rear_crossbeam,enclosure_front_center_low_panel,no,,927.207771,5.0,ok,
enclosure_top_rear_crossbeam,enclosure_front_right_low_panel,no,,927.207771,5.0,ok,
enclosure_top_rear_crossbeam,enclosure_input_box_replace_opening_left_jamb,no,,881.553742,5.0,ok,
enclosure_top_rear_crossbeam,enclosure_input_box_replace_opening_right_jamb,no,,881.553742,5.0,ok,
enclosure_top_rear_crossbeam,enclosure_input_box_replace_opening_top_rail,no,,880.796231,5.0,ok,
enclosure_top_rear_crossbeam,enclosure_input_box_replace_opening_bottom_sill,no,,954.736613,5.0,ok,
enclosure_top_rear_crossbeam,enclosure_output_box_replace_opening_left_jamb,no,,881.553742,5.0,ok,
enclosure_top_rear_crossbeam,enclosure_output_box_replace_opening_right_jamb,no,,881.553742,5.0,ok,
enclosure_top_rear_crossbeam,enclosure_output_box_replace_opening_top_rail,no,,880.796231,5.0,ok,
enclosure_top_rear_crossbeam,enclosure_output_box_replace_opening_bottom_sill,no,,954.736613,5.0,ok,
enclosure_top_rear_crossbeam,enclosure_input_door_simple_pull_handle,no,,914.512438,5.0,ok,
enclosure_top_rear_crossbeam,enclosure_output_door_simple_pull_handle,no,,914.512438,5.0,ok,
enclosure_top_rear_crossbeam,enclosure_manual_review_access_opening_left_jamb,no,,910.160425,5.0,ok,
enclosure_top_rear_crossbeam,enclosure_manual_review_access_opening_right_jamb,no,,910.160425,5.0,ok,
enclosure_top_rear_crossbeam,enclosure_manual_review_access_opening_top_rail,no,,908.777751,5.0,ok,
enclosure_top_rear_crossbeam,enclosure_manual_review_access_opening_bottom_sill,no,,960.768963,5.0,ok,
enclosure_top_rear_crossbeam,enclosure_manual_review_access_simple_pull_handle,no,,936.702728,5.0,ok,
enclosure_top_rear_crossbeam,enclosure_top_open_front_rectangular_rail,no,,864.000000,5.0,ok,
enclosure_top_rear_crossbeam,enclosure_top_open_rear_rectangular_rail,yes,,,5.0,allowed_mount_contact,whitelisted expected mount/contact or internal electrical-box packaging
enclosure_top_rear_crossbeam,enclosure_top_open_left_rectangular_rail,no,,22.000000,5.0,ok,
enclosure_top_rear_crossbeam,enclosure_top_open_right_rectangular_rail,no,,22.000000,5.0,ok,
enclosure_top_rear_crossbeam,control_box_housing,no,,267.161917,5.0,ok,
enclosure_top_rear_crossbeam,din_rail_and_mounting,no,,301.106294,5.0,ok,
enclosure_top_rear_crossbeam,controller_board_placeholder,no,,278.007194,5.0,ok,
enclosure_top_rear_crossbeam,motor_driver_placeholders,no,,281.000000,5.0,ok,
enclosure_top_rear_crossbeam,power_supply_placeholder,no,,337.000000,5.0,ok,
enclosure_top_rear_crossbeam,terminal_blocks,no,,353.000000,5.0,ok,
enclosure_top_rear_crossbeam,cable_glands_and_connectors,no,,408.871618,5.0,ok,
enclosure_top_rear_crossbeam,ventilation_slots,no,,300.433021,5.0,ok,
enclosure_top_rear_crossbeam,mounting_brackets,no,,304.164429,5.0,ok,
enclosure_top_left_crossbeam,enclosure_top_right_crossbeam,no,,1164.000000,5.0,ok,
enclosure_top_left_crossbeam,enclosure_front_upper_left_beam,no,,2.000000,5.0,allowed_mount_contact,whitelisted expected mount/contact or internal electrical-box packaging
enclosure_top_left_crossbeam,enclosure_front_upper_center_beam,no,,507.000000,5.0,ok,
enclosure_top_left_crossbeam,enclosure_front_upper_right_beam,no,,942.000000,5.0,ok,
enclosure_top_left_crossbeam,enclosure_rear_transparent_panel,no,,128.015624,5.0,ok,
enclosure_top_left_crossbeam,enclosure_left_transparent_panel,no,,152.000000,5.0,ok,
enclosure_top_left_crossbeam,enclosure_right_transparent_panel,no,,1172.395091,5.0,ok,
enclosure_top_left_crossbeam,enclosure_front_left_low_panel,no,,322.000000,5.0,ok,
enclosure_top_left_crossbeam,enclosure_front_center_low_panel,no,,633.015798,5.0,ok,
enclosure_top_left_crossbeam,enclosure_front_right_low_panel,no,,1157.682167,5.0,ok,
enclosure_top_left_crossbeam,enclosure_input_box_replace_opening_left_jamb,no,,151.608047,5.0,ok,
enclosure_top_left_crossbeam,enclosure_input_box_replace_opening_right_jamb,no,,448.135024,5.0,ok,
enclosure_top_left_crossbeam,enclosure_input_box_replace_opening_top_rail,no,,147.139390,5.0,ok,
enclosure_top_left_crossbeam,enclosure_input_box_replace_opening_bottom_sill,no,,396.698878,5.0,ok,
enclosure_top_left_crossbeam,enclosure_output_box_replace_opening_left_jamb,no,,661.139168,5.0,ok,
enclosure_top_left_crossbeam,enclosure_output_box_replace_opening_right_jamb,no,,1075.632372,5.0,ok,
enclosure_top_left_crossbeam,enclosure_output_box_replace_opening_top_rail,no,,660.128775,5.0,ok,
enclosure_top_left_crossbeam,enclosure_output_box_replace_opening_bottom_sill,no,,755.969576,5.0,ok,
enclosure_top_left_crossbeam,enclosure_input_door_simple_pull_handle,no,,488.950918,5.0,ok,
enclosure_top_left_crossbeam,enclosure_output_door_simple_pull_handle,no,,1093.267122,5.0,ok,
enclosure_top_left_crossbeam,enclosure_manual_review_access_opening_left_jamb,no,,398.454514,5.0,ok,
enclosure_top_left_crossbeam,enclosure_manual_review_access_opening_right_jamb,no,,549.259502,5.0,ok,
enclosure_top_left_crossbeam,enclosure_manual_review_access_opening_top_rail,no,,395.285972,5.0,ok,
enclosure_top_left_crossbeam,enclosure_manual_review_access_opening_bottom_sill,no,,503.439172,5.0,ok,
enclosure_top_left_crossbeam,enclosure_manual_review_access_simple_pull_handle,no,,574.242109,5.0,ok,
enclosure_top_left_crossbeam,enclosure_top_open_front_rectangular_rail,no,,52.000000,5.0,ok,
enclosure_top_left_crossbeam,enclosure_top_open_rear_rectangular_rail,no,,52.000000,5.0,ok,
enclosure_top_left_crossbeam,enclosure_top_open_left_rectangular_rail,yes,,,5.0,allowed_mount_contact,whitelisted expected mount/contact or internal electrical-box packaging
enclosure_top_left_crossbeam,enclosure_top_open_right_rectangular_rail,no,,1164.000000,5.0,ok,
enclosure_top_left_crossbeam,control_box_housing,no,,940.865500,5.0,ok,
enclosure_top_left_crossbeam,din_rail_and_mounting,no,,970.038144,5.0,ok,
enclosure_top_left_crossbeam,controller_board_placeholder,no,,949.667837,5.0,ok,
enclosure_top_left_crossbeam,motor_driver_placeholders,no,,1002.202075,5.0,ok,
enclosure_top_left_crossbeam,power_supply_placeholder,no,,970.396826,5.0,ok,
enclosure_top_left_crossbeam,terminal_blocks,no,,1066.165559,5.0,ok,
enclosure_top_left_crossbeam,cable_glands_and_connectors,no,,1029.845255,5.0,ok,
enclosure_top_left_crossbeam,ventilation_slots,no,,1006.352448,5.0,ok,
enclosure_top_left_crossbeam,mounting_brackets,no,,951.093055,5.0,ok,
enclosure_top_right_crossbeam,enclosure_front_upper_left_beam,no,,942.000000,5.0,ok,
enclosure_top_right_crossbeam,enclosure_front_upper_center_beam,no,,527.000000,5.0,ok,
enclosure_top_right_crossbeam,enclosure_front_upper_right_beam,no,,2.000000,5.0,allowed_mount_contact,whitelisted expected mount/contact or internal electrical-box packaging
enclosure_top_right_crossbeam,enclosure_rear_transparent_panel,no,,128.015624,5.0,ok,
enclosure_top_right_crossbeam,enclosure_left_transparent_panel,no,,1172.395091,5.0,ok,
enclosure_top_right_crossbeam,enclosure_right_transparent_panel,no,,152.000000,5.0,ok,
enclosure_top_right_crossbeam,enclosure_front_left_low_panel,no,,1157.682167,5.0,ok,
enclosure_top_right_crossbeam,enclosure_front_center_low_panel,no,,646.842330,5.0,ok,
enclosure_top_right_crossbeam,enclosure_front_right_low_panel,no,,322.000000,5.0,ok,
enclosure_top_right_crossbeam,enclosure_input_box_replace_opening_left_jamb,no,,1095.474783,5.0,ok,
enclosure_top_right_crossbeam,enclosure_input_box_replace_opening_right_jamb,no,,739.611384,5.0,ok,
enclosure_top_right_crossbeam,enclosure_input_box_replace_opening_top_rail,no,,738.708332,5.0,ok,
enclosure_top_right_crossbeam,enclosure_input_box_replace_opening_bottom_sill,no,,825.475620,5.0,ok,
enclosure_top_right_crossbeam,enclosure_output_box_replace_opening_left_jamb,no,,524.923804,5.0,ok,
enclosure_top_right_crossbeam,enclosure_output_box_replace_opening_right_jamb,no,,161.446586,5.0,ok,
enclosure_top_right_crossbeam,enclosure_output_box_replace_opening_top_rail,no,,157.257750,5.0,ok,
enclosure_top_right_crossbeam,enclosure_output_box_replace_opening_bottom_sill,no,,400.562105,5.0,ok,
enclosure_top_right_crossbeam,enclosure_input_door_simple_pull_handle,no,,765.031372,5.0,ok,
enclosure_top_right_crossbeam,enclosure_output_door_simple_pull_handle,no,,253.600079,5.0,ok,
enclosure_top_right_crossbeam,enclosure_manual_review_access_opening_left_jamb,no,,884.265797,5.0,ok,
enclosure_top_right_crossbeam,enclosure_manual_review_access_opening_right_jamb,no,,713.726839,5.0,ok,
enclosure_top_right_crossbeam,enclosure_manual_review_access_opening_top_rail,no,,711.962780,5.0,ok,
enclosure_top_right_crossbeam,enclosure_manual_review_access_opening_bottom_sill,no,,777.232912,5.0,ok,
enclosure_top_right_crossbeam,enclosure_manual_review_access_simple_pull_handle,no,,733.126183,5.0,ok,
enclosure_top_right_crossbeam,enclosure_top_open_front_rectangular_rail,no,,52.000000,5.0,ok,
enclosure_top_right_crossbeam,enclosure_top_open_rear_rectangular_rail,no,,52.000000,5.0,ok,
enclosure_top_right_crossbeam,enclosure_top_open_left_rectangular_rail,no,,1164.000000,5.0,ok,
enclosure_top_right_crossbeam,enclosure_top_open_right_rectangular_rail,yes,,,5.0,allowed_mount_contact,whitelisted expected mount/contact or internal electrical-box packaging
enclosure_top_right_crossbeam,control_box_housing,no,,270.901993,5.0,ok,
enclosure_top_right_crossbeam,din_rail_and_mounting,no,,307.788889,5.0,ok,
enclosure_top_right_crossbeam,controller_board_placeholder,no,,337.469999,5.0,ok,
enclosure_top_right_crossbeam,motor_driver_placeholders,no,,285.777886,5.0,ok,
enclosure_top_right_crossbeam,power_supply_placeholder,no,,381.122028,5.0,ok,
enclosure_top_right_crossbeam,terminal_blocks,no,,358.152202,5.0,ok,
enclosure_top_right_crossbeam,cable_glands_and_connectors,no,,421.142791,5.0,ok,
enclosure_top_right_crossbeam,ventilation_slots,no,,306.152070,5.0,ok,
enclosure_top_right_crossbeam,mounting_brackets,no,,307.340202,5.0,ok,
enclosure_front_upper_left_beam,enclosure_front_upper_center_beam,no,,285.000000,5.0,ok,
enclosure_front_upper_left_beam,enclosure_front_upper_right_beam,no,,720.000000,5.0,ok,
enclosure_front_upper_left_beam,enclosure_rear_transparent_panel,no,,869.741485,5.0,ok,
enclosure_front_upper_left_beam,enclosure_left_transparent_panel,no,,415.780291,5.0,ok,
enclosure_front_upper_left_beam,enclosure_right_transparent_panel,no,,1028.306010,5.0,ok,
enclosure_front_upper_left_beam,enclosure_front_left_low_panel,no,,322.000000,5.0,ok,
enclosure_front_upper_left_beam,enclosure_front_center_low_panel,no,,456.084422,5.0,ok,
enclosure_front_upper_left_beam,enclosure_front_right_low_panel,no,,946.458663,5.0,ok,
enclosure_front_upper_left_beam,enclosure_input_box_replace_opening_left_jamb,no,,136.000000,5.0,ok,
enclosure_front_upper_left_beam,enclosure_input_box_replace_opening_right_jamb,no,,246.010162,5.0,ok,
enclosure_front_upper_left_beam,enclosure_input_box_replace_opening_top_rail,no,,131.000000,5.0,ok,
enclosure_front_upper_left_beam,enclosure_input_box_replace_opening_bottom_sill,no,,391.000000,5.0,ok,
enclosure_front_upper_left_beam,enclosure_output_box_replace_opening_left_jamb,no,,446.229761,5.0,ok,
enclosure_front_upper_left_beam,enclosure_output_box_replace_opening_right_jamb,no,,855.874407,5.0,ok,
enclosure_front_upper_left_beam,enclosure_output_box_replace_opening_top_rail,no,,444.731380,5.0,ok,
enclosure_front_upper_left_beam,enclosure_output_box_replace_opening_bottom_sill,no,,577.499784,5.0,ok,
enclosure_front_upper_left_beam,enclosure_input_door_simple_pull_handle,no,,314.117812,5.0,ok,
enclosure_front_upper_left_beam,enclosure_output_door_simple_pull_handle,no,,877.878124,5.0,ok,
enclosure_front_upper_left_beam,enclosure_manual_review_access_opening_left_jamb,no,,267.845104,5.0,ok,
enclosure_front_upper_left_beam,enclosure_manual_review_access_opening_right_jamb,no,,367.070838,5.0,ok,
enclosure_front_upper_left_beam,enclosure_manual_review_access_opening_top_rail,no,,263.108343,5.0,ok,
enclosure_front_upper_left_beam,enclosure_manual_review_access_opening_bottom_sill,no,,407.953429,5.0,ok,
enclosure_front_upper_left_beam,enclosure_manual_review_access_simple_pull_handle,no,,403.307575,5.0,ok,
enclosure_front_upper_left_beam,enclosure_top_open_front_rectangular_rail,yes,,,5.0,allowed_mount_contact,whitelisted expected mount/contact or internal electrical-box packaging
enclosure_front_upper_left_beam,enclosure_top_open_rear_rectangular_rail,no,,864.000000,5.0,ok,
enclosure_front_upper_left_beam,enclosure_top_open_left_rectangular_rail,no,,22.090722,5.0,ok,
enclosure_front_upper_left_beam,enclosure_top_open_right_rectangular_rail,no,,942.256865,5.0,ok,
enclosure_front_upper_left_beam,control_box_housing,no,,1152.434245,5.0,ok,
enclosure_front_upper_left_beam,din_rail_and_mounting,no,,1171.623233,5.0,ok,
enclosure_front_upper_left_beam,controller_board_placeholder,no,,1152.968343,5.0,ok,
enclosure_front_upper_left_beam,motor_driver_placeholders,no,,1179.909319,5.0,ok,
enclosure_front_upper_left_beam,power_supply_placeholder,no,,1162.234486,5.0,ok,
enclosure_front_upper_left_beam,terminal_blocks,no,,1231.026401,5.0,ok,
enclosure_front_upper_left_beam,cable_glands_and_connectors,no,,1331.389594,5.0,ok,
enclosure_front_upper_left_beam,ventilation_slots,no,,1258.952839,5.0,ok,
enclosure_front_upper_left_beam,mounting_brackets,no,,1161.516681,5.0,ok,
enclosure_front_upper_center_beam,enclosure_front_upper_right_beam,no,,305.000000,5.0,ok,
enclosure_front_upper_center_beam,enclosure_rear_transparent_panel,no,,869.741485,5.0,ok,
enclosure_front_upper_center_beam,enclosure_left_transparent_panel,no,,654.525210,5.0,ok,
enclosure_front_upper_center_beam,enclosure_right_transparent_panel,no,,670.091971,5.0,ok,
enclosure_front_upper_center_beam,enclosure_front_left_low_panel,no,,557.412773,5.0,ok,
enclosure_front_upper_center_beam,enclosure_front_center_low_panel,no,,322.000000,5.0,ok,
enclosure_front_upper_center_beam,enclosure_front_right_low_panel,no,,573.854511,5.0,ok,
enclosure_front_upper_center_beam,enclosure_input_box_replace_opening_left_jamb,no,,450.994457,5.0,ok,
enclosure_front_upper_center_beam,enclosure_input_box_replace_opening_right_jamb,no,,152.957510,5.0,ok,
enclosure_front_upper_center_beam,enclosure_input_box_replace_opening_top_rail,no,,148.529458,5.0,ok,
enclosure_front_upper_center_beam,enclosure_input_box_replace_opening_bottom_sill,no,,397.216566,5.0,ok,
enclosure_front_upper_center_beam,enclosure_output_box_replace_opening_left_jamb,no,,136.367151,5.0,ok,
enclosure_front_upper_center_beam,enclosure_output_box_replace_opening_right_jamb,no,,450.994457,5.0,ok,
enclosure_front_upper_center_beam,enclosure_output_box_replace_opening_top_rail,no,,131.381125,5.0,ok,
enclosure_front_upper_center_beam,enclosure_output_box_replace_opening_bottom_sill,no,,391.127856,5.0,ok,
enclosure_front_upper_center_beam,enclosure_input_door_simple_pull_handle,no,,248.082648,5.0,ok,
enclosure_front_upper_center_beam,enclosure_output_door_simple_pull_handle,no,,491.472278,5.0,ok,
enclosure_front_upper_center_beam,enclosure_manual_review_access_opening_left_jamb,no,,317.200252,5.0,ok,
enclosure_front_upper_center_beam,enclosure_manual_review_access_opening_right_jamb,no,,254.196774,5.0,ok,
enclosure_front_upper_center_beam,enclosure_manual_review_access_opening_top_rail,no,,249.200722,5.0,ok,
enclosure_front_upper_center_beam,enclosure_manual_review_access_opening_bottom_sill,no,,399.125294,5.0,ok,
enclosure_front_upper_center_beam,enclosure_manual_review_access_simple_pull_handle,no,,304.190730,5.0,ok,
enclosure_front_upper_center_beam,enclosure_top_open_front_rectangular_rail,yes,,,5.0,allowed_mount_contact,whitelisted expected mount/contact or internal electrical-box packaging
enclosure_front_upper_center_beam,enclosure_top_open_rear_rectangular_rail,no,,864.000000,5.0,ok,
enclosure_front_upper_center_beam,enclosure_top_open_left_rectangular_rail,no,,507.477093,5.0,ok,
enclosure_front_upper_center_beam,enclosure_top_open_right_rectangular_rail,no,,527.459003,5.0,ok,
enclosure_front_upper_center_beam,control_box_housing,no,,967.434592,5.0,ok,
enclosure_front_upper_center_beam,din_rail_and_mounting,no,,981.797331,5.0,ok,
enclosure_front_upper_center_beam,controller_board_placeholder,no,,965.495210,5.0,ok,
enclosure_front_upper_center_beam,motor_driver_placeholders,no,,974.787669,5.0,ok,
enclosure_front_upper_center_beam,power_supply_placeholder,no,,975.691550,5.0,ok,
enclosure_front_upper_center_beam,terminal_blocks,no,,1018.298090,5.0,ok,
enclosure_front_upper_center_beam,cable_glands_and_connectors,no,,1160.163027,5.0,ok,
enclosure_front_upper_center_beam,ventilation_slots,no,,1070.075815,5.0,ok,
enclosure_front_upper_center_beam,mounting_brackets,no,,978.660309,5.0,ok,
enclosure_front_upper_right_beam,enclosure_rear_transparent_panel,no,,869.741485,5.0,ok,
enclosure_front_upper_right_beam,enclosure_left_transparent_panel,no,,1028.306010,5.0,ok,
enclosure_front_upper_right_beam,enclosure_right_transparent_panel,no,,415.780291,5.0,ok,
enclosure_front_upper_right_beam,enclosure_front_left_low_panel,no,,946.458663,5.0,ok,
enclosure_front_upper_right_beam,enclosure_front_center_low_panel,no,,467.552136,5.0,ok,
enclosure_front_upper_right_beam,enclosure_front_right_low_panel,no,,322.000000,5.0,ok,
enclosure_front_upper_right_beam,enclosure_input_box_replace_opening_left_jamb,no,,875.626062,5.0,ok,
enclosure_front_upper_right_beam,enclosure_input_box_replace_opening_right_jamb,no,,522.992352,5.0,ok,
enclosure_front_upper_right_beam,enclosure_input_box_replace_opening_top_rail,no,,521.714481,5.0,ok,
enclosure_front_upper_right_beam,enclosure_input_box_replace_opening_bottom_sill,no,,638.675191,5.0,ok,
enclosure_front_upper_right_beam,enclosure_output_box_replace_opening_left_jamb,no,,315.786320,5.0,ok,
enclosure_front_upper_right_beam,enclosure_output_box_replace_opening_right_jamb,no,,136.000000,5.0,ok,
enclosure_front_upper_right_beam,enclosure_output_box_replace_opening_top_rail,no,,131.000000,5.0,ok,
enclosure_front_upper_right_beam,enclosure_output_box_replace_opening_bottom_sill,no,,391.000000,5.0,ok,
enclosure_front_upper_right_beam,enclosure_input_door_simple_pull_handle,no,,558.274126,5.0,ok,
enclosure_front_upper_right_beam,enclosure_output_door_simple_pull_handle,no,,238.002101,5.0,ok,
enclosure_front_upper_right_beam,enclosure_manual_review_access_opening_left_jamb,no,,674.641386,5.0,ok,
enclosure_front_upper_right_beam,enclosure_manual_review_access_opening_right_jamb,no,,512.387549,5.0,ok,
enclosure_front_upper_right_beam,enclosure_manual_review_access_opening_top_rail,no,,509.927446,5.0,ok,
enclosure_front_upper_right_beam,enclosure_manual_review_access_opening_bottom_sill,no,,597.683863,5.0,ok,
enclosure_front_upper_right_beam,enclosure_manual_review_access_simple_pull_handle,no,,538.940628,5.0,ok,
enclosure_front_upper_right_beam,enclosure_top_open_front_rectangular_rail,yes,,,5.0,allowed_mount_contact,whitelisted expected mount/contact or internal electrical-box packaging
enclosure_front_upper_right_beam,enclosure_top_open_rear_rectangular_rail,no,,864.000000,5.0,ok,
enclosure_front_upper_right_beam,enclosure_top_open_left_rectangular_rail,no,,942.256865,5.0,ok,
enclosure_front_upper_right_beam,enclosure_top_open_right_rectangular_rail,no,,22.090722,5.0,ok,
enclosure_front_upper_right_beam,control_box_housing,no,,930.432528,5.0,ok,
enclosure_front_upper_right_beam,din_rail_and_mounting,no,,939.521687,5.0,ok,
enclosure_front_upper_right_beam,controller_board_placeholder,no,,926.682254,5.0,ok,
enclosure_front_upper_right_beam,motor_driver_placeholders,no,,919.013602,5.0,ok,
enclosure_front_upper_right_beam,power_supply_placeholder,no,,936.720342,5.0,ok,
enclosure_front_upper_right_beam,terminal_blocks,no,,949.089037,5.0,ok,
enclosure_front_upper_right_beam,cable_glands_and_connectors,no,,1118.944145,5.0,ok,
enclosure_front_upper_right_beam,ventilation_slots,no,,1020.321518,5.0,ok,
enclosure_front_upper_right_beam,mounting_brackets,no,,942.379966,5.0,ok,
enclosure_rear_transparent_panel,enclosure_left_transparent_panel,no,,75.700066,5.0,ok,
enclosure_rear_transparent_panel,enclosure_right_transparent_panel,no,,75.700066,5.0,ok,
enclosure_rear_transparent_panel,enclosure_front_left_low_panel,no,,868.057602,5.0,ok,
enclosure_rear_transparent_panel,enclosure_front_center_low_panel,no,,868.000000,5.0,ok,
enclosure_rear_transparent_panel,enclosure_front_right_low_panel,no,,868.057602,5.0,ok,
enclosure_rear_transparent_panel,enclosure_input_box_replace_opening_left_jamb,no,,869.500000,5.0,ok,
enclosure_rear_transparent_panel,enclosure_input_box_replace_opening_right_jamb,no,,869.500000,5.0,ok,
enclosure_rear_transparent_panel,enclosure_input_box_replace_opening_top_rail,no,,869.500000,5.0,ok,
enclosure_rear_transparent_panel,enclosure_input_box_replace_opening_bottom_sill,no,,869.500000,5.0,ok,
enclosure_rear_transparent_panel,enclosure_output_box_replace_opening_left_jamb,no,,869.500000,5.0,ok,
enclosure_rear_transparent_panel,enclosure_output_box_replace_opening_right_jamb,no,,869.500000,5.0,ok,
enclosure_rear_transparent_panel,enclosure_output_box_replace_opening_top_rail,no,,869.500000,5.0,ok,
enclosure_rear_transparent_panel,enclosure_output_box_replace_opening_bottom_sill,no,,869.500000,5.0,ok,
enclosure_rear_transparent_panel,enclosure_input_door_simple_pull_handle,no,,881.500000,5.0,ok,
enclosure_rear_transparent_panel,enclosure_output_door_simple_pull_handle,no,,881.500000,5.0,ok,
enclosure_rear_transparent_panel,enclosure_manual_review_access_opening_left_jamb,no,,872.500000,5.0,ok,
enclosure_rear_transparent_panel,enclosure_manual_review_access_opening_right_jamb,no,,872.500000,5.0,ok,
enclosure_rear_transparent_panel,enclosure_manual_review_access_opening_top_rail,no,,872.500000,5.0,ok,
enclosure_rear_transparent_panel,enclosure_manual_review_access_opening_bottom_sill,no,,872.500000,5.0,ok,
enclosure_rear_transparent_panel,enclosure_manual_review_access_simple_pull_handle,no,,884.500000,5.0,ok,
enclosure_rear_transparent_panel,enclosure_top_open_front_rectangular_rail,no,,869.741485,5.0,ok,
enclosure_rear_transparent_panel,enclosure_top_open_rear_rectangular_rail,no,,112.000000,5.0,ok,
enclosure_rear_transparent_panel,enclosure_top_open_left_rectangular_rail,no,,129.646635,5.0,ok,
enclosure_rear_transparent_panel,enclosure_top_open_right_rectangular_rail,no,,129.646635,5.0,ok,
enclosure_rear_transparent_panel,control_box_housing,no,,25.800000,5.0,ok,
enclosure_rear_transparent_panel,din_rail_and_mounting,no,,24.500000,5.0,ok,
enclosure_rear_transparent_panel,controller_board_placeholder,no,,18.500000,5.0,ok,
enclosure_rear_transparent_panel,motor_driver_placeholders,no,,9.500000,5.0,ok,
enclosure_rear_transparent_panel,power_supply_placeholder,no,,8.500000,5.0,ok,
enclosure_rear_transparent_panel,terminal_blocks,no,,15.500000,5.0,ok,
enclosure_rear_transparent_panel,cable_glands_and_connectors,no,,190.500000,5.0,ok,
enclosure_rear_transparent_panel,ventilation_slots,no,,114.500000,5.0,ok,
enclosure_rear_transparent_panel,mounting_brackets,no,,26.500000,5.0,ok,
enclosure_left_transparent_panel,enclosure_right_transparent_panel,no,,1161.000000,5.0,ok,
enclosure_left_transparent_panel,enclosure_front_left_low_panel,no,,392.500000,5.0,ok,
enclosure_left_transparent_panel,enclosure_front_center_low_panel,no,,670.409203,5.0,ok,
enclosure_left_transparent_panel,enclosure_front_right_low_panel,no,,1177.822780,5.0,ok,
enclosure_left_transparent_panel,enclosure_input_box_replace_opening_left_jamb,no,,399.407373,5.0,ok,
enclosure_left_transparent_panel,enclosure_input_box_replace_opening_right_jamb,no,,579.901931,5.0,ok,
enclosure_left_transparent_panel,enclosure_input_box_replace_opening_top_rail,no,,399.558819,5.0,ok,
enclosure_left_transparent_panel,enclosure_input_box_replace_opening_bottom_sill,no,,399.407373,5.0,ok,
enclosure_left_transparent_panel,enclosure_output_box_replace_opening_left_jamb,no,,756.244835,5.0,ok,
enclosure_left_transparent_panel,enclosure_output_box_replace_opening_right_jamb,no,,1136.013314,5.0,ok,
enclosure_left_transparent_panel,enclosure_output_box_replace_opening_top_rail,no,,756.324831,5.0,ok,
enclosure_left_transparent_panel,enclosure_output_box_replace_opening_bottom_sill,no,,756.244835,5.0,ok,
enclosure_left_transparent_panel,enclosure_input_door_simple_pull_handle,no,,588.120948,5.0,ok,
enclosure_left_transparent_panel,enclosure_output_door_simple_pull_handle,no,,1140.230788,5.0,ok,
enclosure_left_transparent_panel,enclosure_manual_review_access_opening_left_jamb,no,,500.938369,5.0,ok,
enclosure_left_transparent_panel,enclosure_manual_review_access_opening_right_jamb,no,,627.151696,5.0,ok,
enclosure_left_transparent_panel,enclosure_manual_review_access_opening_top_rail,no,,500.938369,5.0,ok,
enclosure_left_transparent_panel,enclosure_manual_review_access_opening_bottom_sill,no,,500.938369,5.0,ok,
enclosure_left_transparent_panel,enclosure_manual_review_access_simple_pull_handle,no,,634.815918,5.0,ok,
enclosure_left_transparent_panel,enclosure_top_open_front_rectangular_rail,no,,418.835588,5.0,ok,
enclosure_left_transparent_panel,enclosure_top_open_rear_rectangular_rail,no,,166.922886,5.0,ok,
enclosure_left_transparent_panel,enclosure_top_open_left_rectangular_rail,no,,152.000000,5.0,ok,
enclosure_left_transparent_panel,enclosure_top_open_right_rectangular_rail,no,,1172.395091,5.0,ok,
enclosure_left_transparent_panel,control_box_housing,no,,903.560037,5.0,ok,
enclosure_left_transparent_panel,din_rail_and_mounting,no,,923.390086,5.0,ok,
enclosure_left_transparent_panel,controller_board_placeholder,no,,908.972634,5.0,ok,
enclosure_left_transparent_panel,motor_driver_placeholders,no,,962.249578,5.0,ok,
enclosure_left_transparent_panel,power_supply_placeholder,no,,910.286356,5.0,ok,
enclosure_left_transparent_panel,terminal_blocks,no,,1006.536760,5.0,ok,
enclosure_left_transparent_panel,cable_glands_and_connectors,no,,971.846181,5.0,ok,
enclosure_left_transparent_panel,ventilation_slots,no,,971.767976,5.0,ok,
enclosure_left_transparent_panel,mounting_brackets,no,,902.621321,5.0,ok,
enclosure_right_transparent_panel,enclosure_front_left_low_panel,no,,1177.822780,5.0,ok,
enclosure_right_transparent_panel,enclosure_front_center_low_panel,no,,683.444584,5.0,ok,
enclosure_right_transparent_panel,enclosure_front_right_low_panel,no,,392.500000,5.0,ok,
enclosure_right_transparent_panel,enclosure_input_box_replace_opening_left_jamb,no,,1154.792730,5.0,ok,
enclosure_right_transparent_panel,enclosure_input_box_replace_opening_right_jamb,no,,825.582370,5.0,ok,
enclosure_right_transparent_panel,enclosure_input_box_replace_opening_top_rail,no,,825.655649,5.0,ok,
enclosure_right_transparent_panel,enclosure_input_box_replace_opening_bottom_sill,no,,825.582370,5.0,ok,
enclosure_right_transparent_panel,enclosure_output_box_replace_opening_left_jamb,no,,640.910485,5.0,ok,
enclosure_right_transparent_panel,enclosure_output_box_replace_opening_right_jamb,no,,403.170249,5.0,ok,
enclosure_right_transparent_panel,enclosure_output_box_replace_opening_top_rail,no,,403.320282,5.0,ok,
enclosure_right_transparent_panel,enclosure_output_box_replace_opening_bottom_sill,no,,403.170249,5.0,ok,
enclosure_right_transparent_panel,enclosure_input_door_simple_pull_handle,no,,831.376118,5.0,ok,
enclosure_right_transparent_panel,enclosure_output_door_simple_pull_handle,no,,414.905110,5.0,ok,
enclosure_right_transparent_panel,enclosure_manual_review_access_opening_left_jamb,no,,934.065977,5.0,ok,
enclosure_right_transparent_panel,enclosure_manual_review_access_opening_right_jamb,no,,774.918867,5.0,ok,
enclosure_right_transparent_panel,enclosure_manual_review_access_opening_top_rail,no,,774.918867,5.0,ok,
enclosure_right_transparent_panel,enclosure_manual_review_access_opening_bottom_sill,no,,774.918867,5.0,ok,
enclosure_right_transparent_panel,enclosure_manual_review_access_simple_pull_handle,no,,781.134591,5.0,ok,
enclosure_right_transparent_panel,enclosure_top_open_front_rectangular_rail,no,,418.835588,5.0,ok,
enclosure_right_transparent_panel,enclosure_top_open_rear_rectangular_rail,no,,166.922886,5.0,ok,
enclosure_right_transparent_panel,enclosure_top_open_left_rectangular_rail,no,,1172.395091,5.0,ok,
enclosure_right_transparent_panel,enclosure_top_open_right_rectangular_rail,no,,152.000000,5.0,ok,
enclosure_right_transparent_panel,control_box_housing,no,,84.621156,5.0,ok,
enclosure_right_transparent_panel,din_rail_and_mounting,no,,94.811655,5.0,ok,
enclosure_right_transparent_panel,controller_board_placeholder,no,,200.995647,5.0,ok,
enclosure_right_transparent_panel,motor_driver_placeholders,no,,76.904161,5.0,ok,
enclosure_right_transparent_panel,power_supply_placeholder,no,,185.475740,5.0,ok,
enclosure_right_transparent_panel,terminal_blocks,no,,86.707843,5.0,ok,
enclosure_right_transparent_panel,cable_glands_and_connectors,no,,252.675681,5.0,ok,
enclosure_right_transparent_panel,ventilation_slots,no,,167.554290,5.0,ok,
enclosure_right_transparent_panel,mounting_brackets,no,,84.765854,5.0,ok,
enclosure_front_left_low_panel,enclosure_front_center_low_panel,no,,493.000000,5.0,ok,
enclosure_front_left_low_panel,enclosure_front_right_low_panel,no,,1060.000000,5.0,ok,
enclosure_front_left_low_panel,enclosure_input_box_replace_opening_left_jamb,no,,15.000000,5.0,ok,
enclosure_front_left_low_panel,enclosure_input_box_replace_opening_right_jamb,no,,375.000000,5.0,ok,
enclosure_front_left_low_panel,enclosure_input_box_replace_opening_top_rail,no,,181.620483,5.0,ok,
enclosure_front_left_low_panel,enclosure_input_box_replace_opening_bottom_sill,no,,15.000000,5.0,ok,
enclosure_front_left_low_panel,enclosure_output_box_replace_opening_left_jamb,no,,595.000000,5.0,ok,
enclosure_front_left_low_panel,enclosure_output_box_replace_opening_right_jamb,no,,1015.000000,5.0,ok,
enclosure_front_left_low_panel,enclosure_output_box_replace_opening_top_rail,no,,621.921217,5.0,ok,
enclosure_front_left_low_panel,enclosure_output_box_replace_opening_bottom_sill,no,,595.000000,5.0,ok,
enclosure_front_left_low_panel,enclosure_input_door_simple_pull_handle,no,,376.870336,5.0,ok,
enclosure_front_left_low_panel,enclosure_output_door_simple_pull_handle,no,,1015.692498,5.0,ok,
enclosure_front_left_low_panel,enclosure_manual_review_access_opening_left_jamb,no,,255.004412,5.0,ok,
enclosure_front_left_low_panel,enclosure_manual_review_access_opening_right_jamb,no,,435.002586,5.0,ok,
enclosure_front_left_low_panel,enclosure_manual_review_access_opening_top_rail,no,,262.671373,5.0,ok,
enclosure_front_left_low_panel,enclosure_manual_review_access_opening_bottom_sill,no,,255.004412,5.0,ok,
enclosure_front_left_low_panel,enclosure_manual_review_access_simple_pull_handle,no,,435.209432,5.0,ok,
enclosure_front_left_low_panel,enclosure_top_open_front_rectangular_rail,no,,322.000000,5.0,ok,
enclosure_front_left_low_panel,enclosure_top_open_rear_rectangular_rail,no,,927.207771,5.0,ok,
enclosure_front_left_low_panel,enclosure_top_open_left_rectangular_rail,no,,323.172168,5.0,ok,
enclosure_front_left_low_panel,enclosure_top_open_right_rectangular_rail,no,,1158.008743,5.0,ok,
enclosure_front_left_low_panel,control_box_housing,no,,1235.617352,5.0,ok,
enclosure_front_left_low_panel,din_rail_and_mounting,no,,1248.527232,5.0,ok,
enclosure_front_left_low_panel,controller_board_placeholder,no,,1234.482179,5.0,ok,
enclosure_front_left_low_panel,motor_driver_placeholders,no,,1266.246520,5.0,ok,
enclosure_front_left_low_panel,power_supply_placeholder,no,,1228.692089,5.0,ok,
enclosure_front_left_low_panel,terminal_blocks,no,,1302.304976,5.0,ok,
enclosure_front_left_low_panel,cable_glands_and_connectors,no,,1386.201464,5.0,ok,
enclosure_front_left_low_panel,ventilation_slots,no,,1339.688956,5.0,ok,
enclosure_front_left_low_panel,mounting_brackets,no,,1235.438080,5.0,ok,
enclosure_front_center_low_panel,enclosure_front_right_low_panel,no,,509.000000,5.0,ok,
enclosure_front_center_low_panel,enclosure_input_box_replace_opening_left_jamb,no,,468.000000,5.0,ok,
enclosure_front_center_low_panel,enclosure_input_box_replace_opening_right_jamb,no,,108.000000,5.0,ok,
enclosure_front_center_low_panel,enclosure_input_box_replace_opening_top_rail,no,,210.772389,5.0,ok,
enclosure_front_center_low_panel,enclosure_input_box_replace_opening_bottom_sill,no,,108.000000,5.0,ok,
enclosure_front_center_low_panel,enclosure_output_box_replace_opening_left_jamb,no,,44.000000,5.0,ok,
enclosure_front_center_low_panel,enclosure_output_box_replace_opening_right_jamb,no,,464.000000,5.0,ok,
enclosure_front_center_low_panel,enclosure_output_box_replace_opening_top_rail,no,,186.271308,5.0,ok,
enclosure_front_center_low_panel,enclosure_output_box_replace_opening_bottom_sill,no,,44.000000,5.0,ok,
enclosure_front_center_low_panel,enclosure_input_door_simple_pull_handle,no,,114.325194,5.0,ok,
enclosure_front_center_low_panel,enclosure_output_door_simple_pull_handle,no,,465.512889,5.0,ok,
enclosure_front_center_low_panel,enclosure_manual_review_access_opening_left_jamb,no,,228.004934,5.0,ok,
enclosure_front_center_low_panel,enclosure_manual_review_access_opening_right_jamb,no,,48.023432,5.0,ok,
enclosure_front_center_low_panel,enclosure_manual_review_access_opening_top_rail,no,,79.216476,5.0,ok,
enclosure_front_center_low_panel,enclosure_manual_review_access_opening_bottom_sill,no,,48.023432,5.0,ok,
enclosure_front_center_low_panel,enclosure_manual_review_access_simple_pull_handle,no,,49.862310,5.0,ok,
enclosure_front_center_low_panel,enclosure_top_open_front_rectangular_rail,no,,322.000000,5.0,ok,
enclosure_front_center_low_panel,enclosure_top_open_rear_rectangular_rail,no,,927.207771,5.0,ok,
enclosure_front_center_low_panel,enclosure_top_open_left_rectangular_rail,no,,633.612855,5.0,ok,
enclosure_front_center_low_panel,enclosure_top_open_right_rectangular_rail,no,,647.426637,5.0,ok,
enclosure_front_center_low_panel,control_box_housing,no,,945.331286,5.0,ok,
enclosure_front_center_low_panel,din_rail_and_mounting,no,,950.621507,5.0,ok,
enclosure_front_center_low_panel,controller_board_placeholder,no,,940.337838,5.0,ok,
enclosure_front_center_low_panel,motor_driver_placeholders,no,,950.873940,5.0,ok,
enclosure_front_center_low_panel,power_supply_placeholder,no,,931.541330,5.0,ok,
enclosure_front_center_low_panel,terminal_blocks,no,,973.802470,5.0,ok,
enclosure_front_center_low_panel,cable_glands_and_connectors,no,,1114.774641,5.0,ok,
enclosure_front_center_low_panel,ventilation_slots,no,,1047.999284,5.0,ok,
enclosure_front_center_low_panel,mounting_brackets,no,,945.679782,5.0,ok,
enclosure_front_right_low_panel,enclosure_input_box_replace_opening_left_jamb,no,,1035.000000,5.0,ok,
enclosure_front_right_low_panel,enclosure_input_box_replace_opening_right_jamb,no,,675.000000,5.0,ok,
enclosure_front_right_low_panel,enclosure_input_box_replace_opening_top_rail,no,,698.846192,5.0,ok,
enclosure_front_right_low_panel,enclosure_input_box_replace_opening_bottom_sill,no,,675.000000,5.0,ok,
enclosure_front_right_low_panel,enclosure_output_box_replace_opening_left_jamb,no,,455.000000,5.0,ok,
enclosure_front_right_low_panel,enclosure_output_box_replace_opening_right_jamb,no,,35.000000,5.0,ok,
enclosure_front_right_low_panel,enclosure_output_box_replace_opening_top_rail,no,,184.352922,5.0,ok,
enclosure_front_right_low_panel,enclosure_output_box_replace_opening_bottom_sill,no,,35.000000,5.0,ok,
enclosure_front_right_low_panel,enclosure_input_door_simple_pull_handle,no,,676.040864,5.0,ok,
enclosure_front_right_low_panel,enclosure_output_door_simple_pull_handle,no,,51.295711,5.0,ok,
enclosure_front_right_low_panel,enclosure_manual_review_access_opening_left_jamb,no,,795.001415,5.0,ok,
enclosure_front_right_low_panel,enclosure_manual_review_access_opening_right_jamb,no,,615.001829,5.0,ok,
enclosure_front_right_low_panel,enclosure_manual_review_access_opening_top_rail,no,,618.220228,5.0,ok,
enclosure_front_right_low_panel,enclosure_manual_review_access_opening_bottom_sill,no,,615.001829,5.0,ok,
enclosure_front_right_low_panel,enclosure_manual_review_access_simple_pull_handle,no,,615.148153,5.0,ok,
enclosure_front_right_low_panel,enclosure_top_open_front_rectangular_rail,no,,322.000000,5.0,ok,
enclosure_front_right_low_panel,enclosure_top_open_rear_rectangular_rail,no,,927.207771,5.0,ok,
enclosure_front_right_low_panel,enclosure_top_open_left_rectangular_rail,no,,1158.008743,5.0,ok,
enclosure_front_right_low_panel,enclosure_top_open_right_rectangular_rail,no,,323.172168,5.0,ok,
enclosure_front_right_low_panel,control_box_housing,no,,896.800000,5.0,ok,
enclosure_front_right_low_panel,din_rail_and_mounting,no,,895.555833,5.0,ok,
enclosure_front_right_low_panel,controller_board_placeholder,no,,900.295091,5.0,ok,
enclosure_front_right_low_panel,motor_driver_placeholders,no,,880.500000,5.0,ok,
enclosure_front_right_low_panel,power_supply_placeholder,no,,888.479741,5.0,ok,
enclosure_front_right_low_panel,terminal_blocks,no,,886.536096,5.0,ok,
enclosure_front_right_low_panel,cable_glands_and_connectors,no,,1061.967278,5.0,ok,
enclosure_front_right_low_panel,ventilation_slots,no,,985.500000,5.0,ok,
enclosure_front_right_low_panel,mounting_brackets,no,,897.500000,5.0,ok,
enclosure_input_box_replace_opening_left_jamb,enclosure_input_box_replace_opening_right_jamb,no,,350.000000,5.0,ok,
enclosure_input_box_replace_opening_left_jamb,enclosure_input_box_replace_opening_top_rail,yes,,,5.0,allowed_mount_contact,whitelisted expected mount/contact or internal electrical-box packaging
enclosure_input_box_replace_opening_left_jamb,enclosure_input_box_replace_opening_bottom_sill,yes,,,5.0,allowed_mount_contact,whitelisted expected mount/contact or internal electrical-box packaging
enclosure_input_box_replace_opening_left_jamb,enclosure_output_box_replace_opening_left_jamb,no,,570.000000,5.0,ok,
enclosure_input_box_replace_opening_left_jamb,enclosure_output_box_replace_opening_right_jamb,no,,990.000000,5.0,ok,
enclosure_input_box_replace_opening_left_jamb,enclosure_output_box_replace_opening_top_rail,no,,570.000000,5.0,ok,
enclosure_input_box_replace_opening_left_jamb,enclosure_output_box_replace_opening_bottom_sill,no,,570.000000,5.0,ok,
enclosure_input_box_replace_opening_left_jamb,enclosure_input_door_simple_pull_handle,no,,350.005714,5.0,ok,
enclosure_input_box_replace_opening_left_jamb,enclosure_output_door_simple_pull_handle,no,,990.002020,5.0,ok,
enclosure_input_box_replace_opening_left_jamb,enclosure_manual_review_access_opening_left_jamb,no,,230.000000,5.0,ok,
enclosure_input_box_replace_opening_left_jamb,enclosure_manual_review_access_opening_right_jamb,no,,410.000000,5.0,ok,
enclosure_input_box_replace_opening_left_jamb,enclosure_manual_review_access_opening_top_rail,no,,230.000000,5.0,ok,
enclosure_input_box_replace_opening_left_jamb,enclosure_manual_review_access_opening_bottom_sill,no,,230.019564,5.0,ok,
enclosure_input_box_replace_opening_left_jamb,enclosure_manual_review_access_simple_pull_handle,no,,410.030487,5.0,ok,
enclosure_input_box_replace_opening_left_jamb,enclosure_top_open_front_rectangular_rail,no,,136.000000,5.0,ok,
enclosure_input_box_replace_opening_left_jamb,enclosure_top_open_rear_rectangular_rail,no,,881.553742,5.0,ok,
enclosure_input_box_replace_opening_left_jamb,enclosure_top_open_left_rectangular_rail,no,,154.356730,5.0,ok,
enclosure_input_box_replace_opening_left_jamb,enclosure_top_open_right_rectangular_rail,no,,1095.858568,5.0,ok,
enclosure_input_box_replace_opening_left_jamb,control_box_housing,no,,1219.658924,5.0,ok,
enclosure_input_box_replace_opening_left_jamb,din_rail_and_mounting,no,,1232.328690,5.0,ok,
enclosure_input_box_replace_opening_left_jamb,controller_board_placeholder,no,,1218.376789,5.0,ok,
enclosure_input_box_replace_opening_left_jamb,motor_driver_placeholders,no,,1249.459483,5.0,ok,
enclosure_input_box_replace_opening_left_jamb,power_supply_placeholder,no,,1212.456185,5.0,ok,
enclosure_input_box_replace_opening_left_jamb,terminal_blocks,no,,1285.140070,5.0,ok,
enclosure_input_box_replace_opening_left_jamb,cable_glands_and_connectors,no,,1371.419429,5.0,ok,
enclosure_input_box_replace_opening_left_jamb,ventilation_slots,no,,1323.999717,5.0,ok,
enclosure_input_box_replace_opening_left_jamb,mounting_brackets,no,,1219.498667,5.0,ok,
enclosure_input_box_replace_opening_right_jamb,enclosure_input_box_replace_opening_top_rail,yes,,,5.0,allowed_mount_contact,whitelisted expected mount/contact or internal electrical-box packaging
enclosure_input_box_replace_opening_right_jamb,enclosure_input_box_replace_opening_bottom_sill,yes,,,5.0,allowed_mount_contact,whitelisted expected mount/contact or internal electrical-box packaging
enclosure_input_box_replace_opening_right_jamb,enclosure_output_box_replace_opening_left_jamb,no,,210.000000,5.0,ok,
enclosure_input_box_replace_opening_right_jamb,enclosure_output_box_replace_opening_right_jamb,no,,630.000000,5.0,ok,
enclosure_input_box_replace_opening_right_jamb,enclosure_output_box_replace_opening_top_rail,no,,210.000000,5.0,ok,
enclosure_input_box_replace_opening_right_jamb,enclosure_output_box_replace_opening_bottom_sill,no,,210.000000,5.0,ok,
enclosure_input_box_replace_opening_right_jamb,enclosure_input_door_simple_pull_handle,no,,2.000000,5.0,allowed_mount_contact,whitelisted expected mount/contact or internal electrical-box packaging
enclosure_input_box_replace_opening_right_jamb,enclosure_output_door_simple_pull_handle,no,,630.003175,5.0,ok,
enclosure_input_box_replace_opening_right_jamb,enclosure_manual_review_access_opening_left_jamb,no,,110.000000,5.0,ok,
enclosure_input_box_replace_opening_right_jamb,enclosure_manual_review_access_opening_right_jamb,no,,50.000000,5.0,ok,
enclosure_input_box_replace_opening_right_jamb,enclosure_manual_review_access_opening_top_rail,yes,,,5.0,allowed_mount_contact,whitelisted expected mount/contact or internal electrical-box packaging
enclosure_input_box_replace_opening_right_jamb,enclosure_manual_review_access_opening_bottom_sill,no,,3.000000,5.0,allowed_mount_contact,whitelisted expected mount/contact or internal electrical-box packaging
enclosure_input_box_replace_opening_right_jamb,enclosure_manual_review_access_simple_pull_handle,no,,50.249378,5.0,ok,
enclosure_input_box_replace_opening_right_jamb,enclosure_top_open_front_rectangular_rail,no,,136.000000,5.0,ok,
enclosure_input_box_replace_opening_right_jamb,enclosure_top_open_rear_rectangular_rail,no,,881.553742,5.0,ok,
enclosure_input_box_replace_opening_right_jamb,enclosure_top_open_left_rectangular_rail,no,,449.072377,5.0,ok,
enclosure_input_box_replace_opening_right_jamb,enclosure_top_open_right_rectangular_rail,no,,740.179708,5.0,ok,
enclosure_input_box_replace_opening_right_jamb,control_box_housing,no,,1011.517617,5.0,ok,
enclosure_input_box_replace_opening_right_jamb,din_rail_and_mounting,no,,1019.722511,5.0,ok,
enclosure_input_box_replace_opening_right_jamb,controller_board_placeholder,no,,1007.830343,5.0,ok,
enclosure_input_box_replace_opening_right_jamb,motor_driver_placeholders,no,,1026.425350,5.0,ok,
enclosure_input_box_replace_opening_right_jamb,power_supply_placeholder,no,,999.944998,5.0,ok,
enclosure_input_box_replace_opening_right_jamb,terminal_blocks,no,,1054.658713,5.0,ok,
enclosure_input_box_replace_opening_right_jamb,cable_glands_and_connectors,no,,1177.502123,5.0,ok,
enclosure_input_box_replace_opening_right_jamb,ventilation_slots,no,,1116.770008,5.0,ok,
enclosure_input_box_replace_opening_right_jamb,mounting_brackets,no,,1011.680285,5.0,ok,
enclosure_input_box_replace_opening_top_rail,enclosure_input_box_replace_opening_bottom_sill,no,,250.000000,5.0,ok,
enclosure_input_box_replace_opening_top_rail,enclosure_output_box_replace_opening_left_jamb,no,,210.000000,5.0,ok,
enclosure_input_box_replace_opening_top_rail,enclosure_output_box_replace_opening_right_jamb,no,,630.000000,5.0,ok,
enclosure_input_box_replace_opening_top_rail,enclosure_output_box_replace_opening_top_rail,no,,210.000000,5.0,ok,
enclosure_input_box_replace_opening_top_rail,enclosure_output_box_replace_opening_bottom_sill,no,,326.496554,5.0,ok,
enclosure_input_box_replace_opening_top_rail,enclosure_input_door_simple_pull_handle,no,,97.020616,5.0,ok,
enclosure_input_box_replace_opening_top_rail,enclosure_output_door_simple_pull_handle,no,,637.426859,5.0,ok,
enclosure_input_box_replace_opening_top_rail,enclosure_manual_review_access_opening_left_jamb,no,,113.000000,5.0,ok,
enclosure_input_box_replace_opening_top_rail,enclosure_manual_review_access_opening_right_jamb,no,,123.567795,5.0,ok,
enclosure_input_box_replace_opening_top_rail,enclosure_manual_review_access_opening_top_rail,no,,108.000000,5.0,ok,
enclosure_input_box_replace_opening_top_rail,enclosure_manual_review_access_opening_bottom_sill,no,,258.000000,5.0,ok,
enclosure_input_box_replace_opening_top_rail,enclosure_manual_review_access_simple_pull_handle,no,,170.569634,5.0,ok,
enclosure_input_box_replace_opening_top_rail,enclosure_top_open_front_rectangular_rail,no,,131.000000,5.0,ok,
enclosure_input_box_replace_opening_top_rail,enclosure_top_open_rear_rectangular_rail,no,,880.796231,5.0,ok,
enclosure_input_box_replace_opening_top_rail,enclosure_top_open_left_rectangular_rail,no,,149.969997,5.0,ok,
enclosure_input_box_replace_opening_top_rail,enclosure_top_open_right_rectangular_rail,no,,739.277350,5.0,ok,
enclosure_input_box_replace_opening_top_rail,control_box_housing,no,,1019.335023,5.0,ok,
enclosure_input_box_replace_opening_top_rail,din_rail_and_mounting,no,,1032.198624,5.0,ok,
enclosure_input_box_replace_opening_top_rail,controller_board_placeholder,no,,1017.099307,5.0,ok,
enclosure_input_box_replace_opening_top_rail,motor_driver_placeholders,no,,1035.929052,5.0,ok,
enclosure_input_box_replace_opening_top_rail,power_supply_placeholder,no,,1018.973012,5.0,ok,
enclosure_input_box_replace_opening_top_rail,terminal_blocks,no,,1075.755084,5.0,ok,
enclosure_input_box_replace_opening_top_rail,cable_glands_and_connectors,no,,1199.563358,5.0,ok,
enclosure_input_box_replace_opening_top_rail,ventilation_slots,no,,1125.888205,5.0,ok,
enclosure_input_box_replace_opening_top_rail,mounting_brackets,no,,1024.727281,5.0,ok,
enclosure_input_box_replace_opening_bottom_sill,enclosure_output_box_replace_opening_left_jamb,no,,210.000000,5.0,ok,
enclosure_input_box_replace_opening_bottom_sill,enclosure_output_box_replace_opening_right_jamb,no,,630.000000,5.0,ok,
enclosure_input_box_replace_opening_bottom_sill,enclosure_output_box_replace_opening_top_rail,no,,326.496554,5.0,ok,
enclosure_input_box_replace_opening_bottom_sill,enclosure_output_box_replace_opening_bottom_sill,no,,210.000000,5.0,ok,
enclosure_input_box_replace_opening_bottom_sill,enclosure_input_door_simple_pull_handle,no,,105.019046,5.0,ok,
enclosure_input_box_replace_opening_bottom_sill,enclosure_output_door_simple_pull_handle,no,,638.693197,5.0,ok,
enclosure_input_box_replace_opening_bottom_sill,enclosure_manual_review_access_opening_left_jamb,yes,,,5.0,allowed_mount_contact,whitelisted expected mount/contact or internal electrical-box packaging
enclosure_input_box_replace_opening_bottom_sill,enclosure_manual_review_access_opening_right_jamb,no,,50.000000,5.0,ok,
enclosure_input_box_replace_opening_bottom_sill,enclosure_manual_review_access_opening_top_rail,no,,132.000000,5.0,ok,
enclosure_input_box_replace_opening_bottom_sill,enclosure_manual_review_access_opening_bottom_sill,yes,,,5.0,allowed_mount_contact,whitelisted expected mount/contact or internal electrical-box packaging
enclosure_input_box_replace_opening_bottom_sill,enclosure_manual_review_access_simple_pull_handle,no,,63.608176,5.0,ok,
enclosure_input_box_replace_opening_bottom_sill,enclosure_top_open_front_rectangular_rail,no,,391.000000,5.0,ok,
enclosure_input_box_replace_opening_bottom_sill,enclosure_top_open_rear_rectangular_rail,no,,954.736613,5.0,ok,
enclosure_input_box_replace_opening_bottom_sill,enclosure_top_open_left_rectangular_rail,no,,397.757464,5.0,ok,
enclosure_input_box_replace_opening_bottom_sill,enclosure_top_open_right_rectangular_rail,no,,825.984867,5.0,ok,
enclosure_input_box_replace_opening_bottom_sill,control_box_housing,no,,1011.517617,5.0,ok,
enclosure_input_box_replace_opening_bottom_sill,din_rail_and_mounting,no,,1020.224485,5.0,ok,
enclosure_input_box_replace_opening_bottom_sill,controller_board_placeholder,no,,1009.797504,5.0,ok,
enclosure_input_box_replace_opening_bottom_sill,motor_driver_placeholders,no,,1028.418689,5.0,ok,
enclosure_input_box_replace_opening_bottom_sill,power_supply_placeholder,no,,1000.017000,5.0,ok,
enclosure_input_box_replace_opening_bottom_sill,terminal_blocks,no,,1054.931751,5.0,ok,
enclosure_input_box_replace_opening_bottom_sill,cable_glands_and_connectors,no,,1177.536517,5.0,ok,
enclosure_input_box_replace_opening_bottom_sill,ventilation_slots,no,,1117.061099,5.0,ok,
enclosure_input_box_replace_opening_bottom_sill,mounting_brackets,no,,1011.680285,5.0,ok,
enclosure_output_box_replace_opening_left_jamb,enclosure_output_box_replace_opening_right_jamb,no,,410.000000,5.0,ok,
enclosure_output_box_replace_opening_left_jamb,enclosure_output_box_replace_opening_top_rail,yes,,,5.0,allowed_mount_contact,whitelisted expected mount/contact or internal electrical-box packaging
enclosure_output_box_replace_opening_left_jamb,enclosure_output_box_replace_opening_bottom_sill,yes,,,5.0,allowed_mount_contact,whitelisted expected mount/contact or internal electrical-box packaging
enclosure_output_box_replace_opening_left_jamb,enclosure_input_door_simple_pull_handle,no,,210.009524,5.0,ok,
enclosure_output_box_replace_opening_left_jamb,enclosure_output_door_simple_pull_handle,no,,410.004878,5.0,ok,
enclosure_output_box_replace_opening_left_jamb,enclosure_manual_review_access_opening_left_jamb,no,,330.000000,5.0,ok,
enclosure_output_box_replace_opening_left_jamb,enclosure_manual_review_access_opening_right_jamb,no,,150.000000,5.0,ok,
enclosure_output_box_replace_opening_left_jamb,enclosure_manual_review_access_opening_top_rail,no,,150.000000,5.0,ok,
enclosure_output_box_replace_opening_left_jamb,enclosure_manual_review_access_opening_bottom_sill,no,,150.029997,5.0,ok,
enclosure_output_box_replace_opening_left_jamb,enclosure_manual_review_access_simple_pull_handle,no,,150.083310,5.0,ok,
enclosure_output_box_replace_opening_left_jamb,enclosure_top_open_front_rectangular_rail,no,,136.000000,5.0,ok,
enclosure_output_box_replace_opening_left_jamb,enclosure_top_open_rear_rectangular_rail,no,,881.553742,5.0,ok,
enclosure_output_box_replace_opening_left_jamb,enclosure_top_open_left_rectangular_rail,no,,661.774886,5.0,ok,
enclosure_output_box_replace_opening_left_jamb,enclosure_top_open_right_rectangular_rail,no,,525.724262,5.0,ok,
enclosure_output_box_replace_opening_left_jamb,control_box_housing,no,,931.111105,5.0,ok,
enclosure_output_box_replace_opening_left_jamb,din_rail_and_mounting,no,,935.325612,5.0,ok,
enclosure_output_box_replace_opening_left_jamb,controller_board_placeholder,no,,925.679210,5.0,ok,
enclosure_output_box_replace_opening_left_jamb,motor_driver_placeholders,no,,933.246484,5.0,ok,
enclosure_output_box_replace_opening_left_jamb,power_supply_placeholder,no,,916.607877,5.0,ok,
enclosure_output_box_replace_opening_left_jamb,terminal_blocks,no,,954.120013,5.0,ok,
enclosure_output_box_replace_opening_left_jamb,cable_glands_and_connectors,no,,1100.931992,5.0,ok,
enclosure_output_box_replace_opening_left_jamb,ventilation_slots,no,,1032.315480,5.0,ok,
enclosure_output_box_replace_opening_left_jamb,mounting_brackets,no,,931.524020,5.0,ok,
enclosure_output_box_replace_opening_right_jamb,enclosure_output_box_replace_opening_top_rail,yes,,,5.0,allowed_mount_contact,whitelisted expected mount/contact or internal electrical-box packaging
enclosure_output_box_replace_opening_right_jamb,enclosure_output_box_replace_opening_bottom_sill,yes,,,5.0,allowed_mount_contact,whitelisted expected mount/contact or internal electrical-box packaging
enclosure_output_box_replace_opening_right_jamb,enclosure_input_door_simple_pull_handle,no,,630.003175,5.0,ok,
enclosure_output_box_replace_opening_right_jamb,enclosure_output_door_simple_pull_handle,no,,2.000000,5.0,allowed_mount_contact,whitelisted expected mount/contact or internal electrical-box packaging
enclosure_output_box_replace_opening_right_jamb,enclosure_manual_review_access_opening_left_jamb,no,,750.000000,5.0,ok,
enclosure_output_box_replace_opening_right_jamb,enclosure_manual_review_access_opening_right_jamb,no,,570.000000,5.0,ok,
enclosure_output_box_replace_opening_right_jamb,enclosure_manual_review_access_opening_top_rail,no,,570.000000,5.0,ok,
enclosure_output_box_replace_opening_right_jamb,enclosure_manual_review_access_opening_bottom_sill,no,,570.007895,5.0,ok,
enclosure_output_box_replace_opening_right_jamb,enclosure_manual_review_access_simple_pull_handle,no,,570.021929,5.0,ok,
enclosure_output_box_replace_opening_right_jamb,enclosure_top_open_front_rectangular_rail,no,,136.000000,5.0,ok,
enclosure_output_box_replace_opening_right_jamb,enclosure_top_open_rear_rectangular_rail,no,,881.553742,5.0,ok,
enclosure_output_box_replace_opening_right_jamb,enclosure_top_open_left_rectangular_rail,no,,1076.023234,5.0,ok,
enclosure_output_box_replace_opening_right_jamb,enclosure_top_open_right_rectangular_rail,no,,164.030485,5.0,ok,
enclosure_output_box_replace_opening_right_jamb,control_box_housing,no,,898.300000,5.0,ok,
enclosure_output_box_replace_opening_right_jamb,din_rail_and_mounting,no,,897.000000,5.0,ok,
enclosure_output_box_replace_opening_right_jamb,controller_board_placeholder,no,,895.944753,5.0,ok,
enclosure_output_box_replace_opening_right_jamb,motor_driver_placeholders,no,,882.000000,5.0,ok,
enclosure_output_box_replace_opening_right_jamb,power_supply_placeholder,no,,884.715774,5.0,ok,
enclosure_output_box_replace_opening_right_jamb,terminal_blocks,no,,888.000000,5.0,ok,
enclosure_output_box_replace_opening_right_jamb,cable_glands_and_connectors,no,,1063.000000,5.0,ok,
enclosure_output_box_replace_opening_right_jamb,ventilation_slots,no,,987.000000,5.0,ok,
enclosure_output_box_replace_opening_right_jamb,mounting_brackets,no,,899.000000,5.0,ok,
enclosure_output_box_replace_opening_top_rail,enclosure_output_box_replace_opening_bottom_sill,no,,250.000000,5.0,ok,
enclosure_output_box_replace_opening_top_rail,enclosure_input_door_simple_pull_handle,no,,231.328770,5.0,ok,
enclosure_output_box_replace_opening_top_rail,enclosure_output_door_simple_pull_handle,no,,97.020616,5.0,ok,
enclosure_output_box_replace_opening_top_rail,enclosure_manual_review_access_opening_left_jamb,no,,348.810837,5.0,ok,
enclosure_output_box_replace_opening_top_rail,enclosure_manual_review_access_opening_right_jamb,no,,187.800426,5.0,ok,
enclosure_output_box_replace_opening_top_rail,enclosure_manual_review_access_opening_top_rail,no,,184.835062,5.0,ok,
enclosure_output_box_replace_opening_top_rail,enclosure_manual_review_access_opening_bottom_sill,no,,298.435923,5.0,ok,
enclosure_output_box_replace_opening_top_rail,enclosure_manual_review_access_simple_pull_handle,no,,221.571659,5.0,ok,
enclosure_output_box_replace_opening_top_rail,enclosure_top_open_front_rectangular_rail,no,,131.000000,5.0,ok,
enclosure_output_box_replace_opening_top_rail,enclosure_top_open_rear_rectangular_rail,no,,880.796231,5.0,ok,
enclosure_output_box_replace_opening_top_rail,enclosure_top_open_left_rectangular_rail,no,,660.765465,5.0,ok,
enclosure_output_box_replace_opening_top_rail,enclosure_top_open_right_rectangular_rail,no,,159.909349,5.0,ok,
enclosure_output_box_replace_opening_top_rail,control_box_housing,no,,907.093650,5.0,ok,
enclosure_output_box_replace_opening_top_rail,din_rail_and_mounting,no,,911.158054,5.0,ok,
enclosure_output_box_replace_opening_top_rail,controller_board_placeholder,no,,901.471020,5.0,ok,
enclosure_output_box_replace_opening_top_rail,motor_driver_placeholders,no,,893.041992,5.0,ok,
enclosure_output_box_replace_opening_top_rail,power_supply_placeholder,no,,902.539196,5.0,ok,
enclosure_output_box_replace_opening_top_rail,terminal_blocks,no,,912.955640,5.0,ok,
enclosure_output_box_replace_opening_top_rail,cable_glands_and_connectors,no,,1087.386776,5.0,ok,
enclosure_output_box_replace_opening_top_rail,ventilation_slots,no,,997.305369,5.0,ok,
enclosure_output_box_replace_opening_top_rail,mounting_brackets,no,,913.657485,5.0,ok,
enclosure_output_box_replace_opening_bottom_sill,enclosure_input_door_simple_pull_handle,no,,234.795656,5.0,ok,
enclosure_output_box_replace_opening_bottom_sill,enclosure_output_door_simple_pull_handle,no,,105.019046,5.0,ok,
enclosure_output_box_replace_opening_bottom_sill,enclosure_manual_review_access_opening_left_jamb,no,,330.000000,5.0,ok,
enclosure_output_box_replace_opening_bottom_sill,enclosure_manual_review_access_opening_right_jamb,no,,150.000000,5.0,ok,
enclosure_output_box_replace_opening_bottom_sill,enclosure_manual_review_access_opening_top_rail,no,,199.809910,5.0,ok,
enclosure_output_box_replace_opening_bottom_sill,enclosure_manual_review_access_opening_bottom_sill,no,,150.000000,5.0,ok,
enclosure_output_box_replace_opening_bottom_sill,enclosure_manual_review_access_simple_pull_handle,no,,155.067727,5.0,ok,
enclosure_output_box_replace_opening_bottom_sill,enclosure_top_open_front_rectangular_rail,no,,391.000000,5.0,ok,
enclosure_output_box_replace_opening_bottom_sill,enclosure_top_open_rear_rectangular_rail,no,,954.736613,5.0,ok,
enclosure_output_box_replace_opening_bottom_sill,enclosure_top_open_left_rectangular_rail,no,,756.525611,5.0,ok,
enclosure_output_box_replace_opening_bottom_sill,enclosure_top_open_right_rectangular_rail,no,,401.610508,5.0,ok,
enclosure_output_box_replace_opening_bottom_sill,control_box_housing,no,,898.300000,5.0,ok,
enclosure_output_box_replace_opening_bottom_sill,din_rail_and_mounting,no,,897.570610,5.0,ok,
enclosure_output_box_replace_opening_bottom_sill,controller_board_placeholder,no,,893.224496,5.0,ok,
enclosure_output_box_replace_opening_bottom_sill,motor_driver_placeholders,no,,884.318947,5.0,ok,
enclosure_output_box_replace_opening_bottom_sill,power_supply_placeholder,no,,881.081722,5.0,ok,
enclosure_output_box_replace_opening_bottom_sill,terminal_blocks,no,,888.324265,5.0,ok,
enclosure_output_box_replace_opening_bottom_sill,cable_glands_and_connectors,no,,1063.038099,5.0,ok,
enclosure_output_box_replace_opening_bottom_sill,ventilation_slots,no,,987.329352,5.0,ok,
enclosure_output_box_replace_opening_bottom_sill,mounting_brackets,no,,899.000000,5.0,ok,
enclosure_input_door_simple_pull_handle,enclosure_output_door_simple_pull_handle,no,,630.000000,5.0,ok,
enclosure_input_door_simple_pull_handle,enclosure_manual_review_access_opening_left_jamb,no,,110.000000,5.0,ok,
enclosure_input_door_simple_pull_handle,enclosure_manual_review_access_opening_right_jamb,no,,50.000000,5.0,ok,
enclosure_input_door_simple_pull_handle,enclosure_manual_review_access_opening_top_rail,yes,,,5.0,allowed_mount_contact,whitelisted expected mount/contact or internal electrical-box packaging
enclosure_input_door_simple_pull_handle,enclosure_manual_review_access_opening_bottom_sill,no,,113.000000,5.0,ok,
enclosure_input_door_simple_pull_handle,enclosure_manual_review_access_simple_pull_handle,no,,53.141321,5.0,ok,
enclosure_input_door_simple_pull_handle,enclosure_top_open_front_rectangular_rail,no,,238.002101,5.0,ok,
enclosure_input_door_simple_pull_handle,enclosure_top_open_rear_rectangular_rail,no,,914.512438,5.0,ok,
enclosure_input_door_simple_pull_handle,enclosure_top_open_left_rectangular_rail,no,,490.564980,5.0,ok,
enclosure_input_door_simple_pull_handle,enclosure_top_open_right_rectangular_rail,no,,766.063966,5.0,ok,
enclosure_input_door_simple_pull_handle,control_box_housing,no,,1022.189361,5.0,ok,
enclosure_input_door_simple_pull_handle,din_rail_and_mounting,no,,1030.403319,5.0,ok,
enclosure_input_door_simple_pull_handle,controller_board_placeholder,no,,1018.454712,5.0,ok,
enclosure_input_door_simple_pull_handle,motor_driver_placeholders,no,,1036.755034,5.0,ok,
enclosure_input_door_simple_pull_handle,power_supply_placeholder,no,,1011.819648,5.0,ok,
enclosure_input_door_simple_pull_handle,terminal_blocks,no,,1066.887998,5.0,ok,
enclosure_input_door_simple_pull_handle,cable_glands_and_connectors,no,,1191.311567,5.0,ok,
enclosure_input_door_simple_pull_handle,ventilation_slots,no,,1127.389573,5.0,ok,
enclosure_input_door_simple_pull_handle,mounting_brackets,no,,1022.516993,5.0,ok,
enclosure_output_door_simple_pull_handle,enclosure_manual_review_access_opening_left_jamb,no,,750.000000,5.0,ok,
enclosure_output_door_simple_pull_handle,enclosure_manual_review_access_opening_right_jamb,no,,570.000000,5.0,ok,
enclosure_output_door_simple_pull_handle,enclosure_manual_review_access_opening_top_rail,no,,570.000000,5.0,ok,
enclosure_output_door_simple_pull_handle,enclosure_manual_review_access_opening_bottom_sill,no,,581.092936,5.0,ok,
enclosure_output_door_simple_pull_handle,enclosure_manual_review_access_simple_pull_handle,no,,570.284140,5.0,ok,
enclosure_output_door_simple_pull_handle,enclosure_top_open_front_rectangular_rail,no,,238.002101,5.0,ok,
enclosure_output_door_simple_pull_handle,enclosure_top_open_rear_rectangular_rail,no,,914.512438,5.0,ok,
enclosure_output_door_simple_pull_handle,enclosure_top_open_left_rectangular_rail,no,,1093.989945,5.0,ok,
enclosure_output_door_simple_pull_handle,enclosure_top_open_right_rectangular_rail,no,,256.698266,5.0,ok,
enclosure_output_door_simple_pull_handle,control_box_housing,no,,910.300000,5.0,ok,
enclosure_output_door_simple_pull_handle,din_rail_and_mounting,no,,909.123754,5.0,ok,
enclosure_output_door_simple_pull_handle,controller_board_placeholder,no,,907.879397,5.0,ok,
enclosure_output_door_simple_pull_handle,motor_driver_placeholders,no,,894.000000,5.0,ok,
enclosure_output_door_simple_pull_handle,power_supply_placeholder,no,,898.115249,5.0,ok,
enclosure_output_door_simple_pull_handle,terminal_blocks,no,,902.490443,5.0,ok,
enclosure_output_door_simple_pull_handle,cable_glands_and_connectors,no,,1078.276866,5.0,ok,
enclosure_output_door_simple_pull_handle,ventilation_slots,no,,999.000000,5.0,ok,
enclosure_output_door_simple_pull_handle,mounting_brackets,no,,911.177809,5.0,ok,
enclosure_manual_review_access_opening_left_jamb,enclosure_manual_review_access_opening_right_jamb,no,,170.000000,5.0,ok,
enclosure_manual_review_access_opening_left_jamb,enclosure_manual_review_access_opening_top_rail,yes,,,5.0,allowed_mount_contact,whitelisted expected mount/contact or internal electrical-box packaging
enclosure_manual_review_access_opening_left_jamb,enclosure_manual_review_access_opening_bottom_sill,yes,,,5.0,allowed_mount_contact,whitelisted expected mount/contact or internal electrical-box packaging
enclosure_manual_review_access_opening_left_jamb,enclosure_manual_review_access_simple_pull_handle,no,,170.011764,5.0,ok,
enclosure_manual_review_access_opening_left_jamb,enclosure_top_open_front_rectangular_rail,no,,254.000000,5.0,ok,
enclosure_manual_review_access_opening_left_jamb,enclosure_top_open_rear_rectangular_rail,no,,910.160425,5.0,ok,
enclosure_manual_review_access_opening_left_jamb,enclosure_top_open_left_rectangular_rail,no,,399.736163,5.0,ok,
enclosure_manual_review_access_opening_left_jamb,enclosure_top_open_right_rectangular_rail,no,,884.844054,5.0,ok,
enclosure_manual_review_access_opening_left_jamb,control_box_housing,no,,1074.507650,5.0,ok,
enclosure_manual_review_access_opening_left_jamb,din_rail_and_mounting,no,,1084.446864,5.0,ok,
enclosure_manual_review_access_opening_left_jamb,controller_board_placeholder,no,,1071.688854,5.0,ok,
enclosure_manual_review_access_opening_left_jamb,motor_driver_placeholders,no,,1095.102735,5.0,ok,
enclosure_manual_review_access_opening_left_jamb,power_supply_placeholder,no,,1064.474049,5.0,ok,
enclosure_manual_review_access_opening_left_jamb,terminal_blocks,no,,1126.322334,5.0,ok,
enclosure_manual_review_access_opening_left_jamb,cable_glands_and_connectors,no,,1236.470076,5.0,ok,
enclosure_manual_review_access_opening_left_jamb,ventilation_slots,no,,1180.214493,5.0,ok,
enclosure_manual_review_access_opening_left_jamb,mounting_brackets,no,,1074.551069,5.0,ok,
enclosure_manual_review_access_opening_right_jamb,enclosure_manual_review_access_opening_top_rail,yes,,,5.0,allowed_mount_contact,whitelisted expected mount/contact or internal electrical-box packaging
enclosure_manual_review_access_opening_right_jamb,enclosure_manual_review_access_opening_bottom_sill,yes,,,5.0,allowed_mount_contact,whitelisted expected mount/contact or internal electrical-box packaging
enclosure_manual_review_access_opening_right_jamb,enclosure_manual_review_access_simple_pull_handle,no,,2.000000,5.0,allowed_mount_contact,whitelisted expected mount/contact or internal electrical-box packaging
enclosure_manual_review_access_opening_right_jamb,enclosure_top_open_front_rectangular_rail,no,,254.000000,5.0,ok,
enclosure_manual_review_access_opening_right_jamb,enclosure_top_open_rear_rectangular_rail,no,,910.160425,5.0,ok,
enclosure_manual_review_access_opening_right_jamb,enclosure_top_open_left_rectangular_rail,no,,550.189967,5.0,ok,
enclosure_manual_review_access_opening_right_jamb,enclosure_top_open_right_rectangular_rail,no,,714.443140,5.0,ok,
enclosure_manual_review_access_opening_right_jamb,control_box_housing,no,,988.112691,5.0,ok,
enclosure_manual_review_access_opening_right_jamb,din_rail_and_mounting,no,,995.301462,5.0,ok,
enclosure_manual_review_access_opening_right_jamb,controller_board_placeholder,no,,983.949694,5.0,ok,
enclosure_manual_review_access_opening_right_jamb,motor_driver_placeholders,no,,999.724962,5.0,ok,
enclosure_manual_review_access_opening_right_jamb,power_supply_placeholder,no,,975.717685,5.0,ok,
enclosure_manual_review_access_opening_right_jamb,terminal_blocks,no,,1026.139367,5.0,ok,
enclosure_manual_review_access_opening_right_jamb,cable_glands_and_connectors,no,,1155.732776,5.0,ok,
enclosure_manual_review_access_opening_right_jamb,ventilation_slots,no,,1092.705930,5.0,ok,
enclosure_manual_review_access_opening_right_jamb,mounting_brackets,no,,988.342046,5.0,ok,
enclosure_manual_review_access_opening_top_rail,enclosure_manual_review_access_opening_bottom_sill,no,,140.000000,5.0,ok,
enclosure_manual_review_access_opening_top_rail,enclosure_manual_review_access_simple_pull_handle,no,,45.044423,5.0,ok,
enclosure_manual_review_access_opening_top_rail,enclosure_top_open_front_rectangular_rail,no,,249.000000,5.0,ok,
enclosure_manual_review_access_opening_top_rail,enclosure_top_open_rear_rectangular_rail,no,,908.777751,5.0,ok,
enclosure_manual_review_access_opening_top_rail,enclosure_top_open_left_rectangular_rail,no,,396.577861,5.0,ok,
enclosure_manual_review_access_opening_top_rail,enclosure_top_open_right_rectangular_rail,no,,712.680854,5.0,ok,
enclosure_manual_review_access_opening_top_rail,control_box_housing,no,,988.145075,5.0,ok,
enclosure_manual_review_access_opening_top_rail,din_rail_and_mounting,no,,996.187231,5.0,ok,
enclosure_manual_review_access_opening_top_rail,controller_board_placeholder,no,,984.133121,5.0,ok,
enclosure_manual_review_access_opening_top_rail,motor_driver_placeholders,no,,999.966999,5.0,ok,
enclosure_manual_review_access_opening_top_rail,power_supply_placeholder,no,,978.830425,5.0,ok,
enclosure_manual_review_access_opening_top_rail,terminal_blocks,no,,1030.435830,5.0,ok,
enclosure_manual_review_access_opening_top_rail,cable_glands_and_connectors,no,,1161.050925,5.0,ok,
enclosure_manual_review_access_opening_top_rail,ventilation_slots,no,,1092.991880,5.0,ok,
enclosure_manual_review_access_opening_top_rail,mounting_brackets,no,,989.365959,5.0,ok,
enclosure_manual_review_access_opening_bottom_sill,enclosure_manual_review_access_simple_pull_handle,no,,47.042534,5.0,ok,
enclosure_manual_review_access_opening_bottom_sill,enclosure_top_open_front_rectangular_rail,no,,399.000000,5.0,ok,
enclosure_manual_review_access_opening_bottom_sill,enclosure_top_open_rear_rectangular_rail,no,,960.768963,5.0,ok,
enclosure_manual_review_access_opening_bottom_sill,enclosure_top_open_left_rectangular_rail,no,,504.454160,5.0,ok,
enclosure_manual_review_access_opening_bottom_sill,enclosure_top_open_right_rectangular_rail,no,,777.890738,5.0,ok,
enclosure_manual_review_access_opening_bottom_sill,control_box_housing,no,,988.114715,5.0,ok,
enclosure_manual_review_access_opening_bottom_sill,din_rail_and_mounting,no,,996.104914,5.0,ok,
enclosure_manual_review_access_opening_bottom_sill,controller_board_placeholder,no,,986.507983,5.0,ok,
enclosure_manual_review_access_opening_bottom_sill,motor_driver_placeholders,no,,1002.314322,5.0,ok,
enclosure_manual_review_access_opening_bottom_sill,power_supply_placeholder,no,,975.922640,5.0,ok,
enclosure_manual_review_access_opening_bottom_sill,terminal_blocks,no,,1026.638203,5.0,ok,
enclosure_manual_review_access_opening_bottom_sill,cable_glands_and_connectors,no,,1155.857798,5.0,ok,
enclosure_manual_review_access_opening_bottom_sill,ventilation_slots,no,,1093.219328,5.0,ok,
enclosure_manual_review_access_opening_bottom_sill,mounting_brackets,no,,988.342046,5.0,ok,
enclosure_manual_review_access_simple_pull_handle,enclosure_top_open_front_rectangular_rail,no,,304.026315,5.0,ok,
enclosure_manual_review_access_simple_pull_handle,enclosure_top_open_rear_rectangular_rail,no,,936.702728,5.0,ok,
enclosure_manual_review_access_simple_pull_handle,enclosure_top_open_left_rectangular_rail,no,,575.778603,5.0,ok,
enclosure_manual_review_access_simple_pull_handle,enclosure_top_open_right_rectangular_rail,no,,734.330307,5.0,ok,
enclosure_manual_review_access_simple_pull_handle,control_box_housing,no,,999.070513,5.0,ok,
enclosure_manual_review_access_simple_pull_handle,din_rail_and_mounting,no,,1006.165493,5.0,ok,
enclosure_manual_review_access_simple_pull_handle,controller_board_placeholder,no,,994.865318,5.0,ok,
enclosure_manual_review_access_simple_pull_handle,motor_driver_placeholders,no,,1010.363301,5.0,ok,
enclosure_manual_review_access_simple_pull_handle,power_supply_placeholder,no,,986.602757,5.0,ok,
enclosure_manual_review_access_simple_pull_handle,terminal_blocks,no,,1036.576577,5.0,ok,
enclosure_manual_review_access_simple_pull_handle,cable_glands_and_connectors,no,,1166.949121,5.0,ok,
enclosure_manual_review_access_simple_pull_handle,ventilation_slots,no,,1103.589711,5.0,ok,
enclosure_manual_review_access_simple_pull_handle,mounting_brackets,no,,999.305759,5.0,ok,
enclosure_top_open_front_rectangular_rail,enclosure_top_open_rear_rectangular_rail,no,,864.000000,5.0,ok,
enclosure_top_open_front_rectangular_rail,enclosure_top_open_left_rectangular_rail,no,,56.462377,5.0,ok,
enclosure_top_open_front_rectangular_rail,enclosure_top_open_right_rectangular_rail,no,,56.462377,5.0,ok,
enclosure_top_open_front_rectangular_rail,control_box_housing,no,,930.432528,5.0,ok,
enclosure_top_open_front_rectangular_rail,din_rail_and_mounting,no,,939.521687,5.0,ok,
enclosure_top_open_front_rectangular_rail,controller_board_placeholder,no,,926.682254,5.0,ok,
enclosure_top_open_front_rectangular_rail,motor_driver_placeholders,no,,919.013602,5.0,ok,
enclosure_top_open_front_rectangular_rail,power_supply_placeholder,no,,936.720342,5.0,ok,
enclosure_top_open_front_rectangular_rail,terminal_blocks,no,,949.089037,5.0,ok,
enclosure_top_open_front_rectangular_rail,cable_glands_and_connectors,no,,1118.944145,5.0,ok,
enclosure_top_open_front_rectangular_rail,ventilation_slots,no,,1020.321518,5.0,ok,
enclosure_top_open_front_rectangular_rail,mounting_brackets,no,,942.379966,5.0,ok,
enclosure_top_open_rear_rectangular_rail,enclosure_top_open_left_rectangular_rail,no,,56.462377,5.0,ok,
enclosure_top_open_rear_rectangular_rail,enclosure_top_open_right_rectangular_rail,no,,56.462377,5.0,ok,
enclosure_top_open_rear_rectangular_rail,control_box_housing,no,,267.161917,5.0,ok,
enclosure_top_open_rear_rectangular_rail,din_rail_and_mounting,no,,301.106294,5.0,ok,
enclosure_top_open_rear_rectangular_rail,controller_board_placeholder,no,,278.007194,5.0,ok,
enclosure_top_open_rear_rectangular_rail,motor_driver_placeholders,no,,281.000000,5.0,ok,
enclosure_top_open_rear_rectangular_rail,power_supply_placeholder,no,,337.000000,5.0,ok,
enclosure_top_open_rear_rectangular_rail,terminal_blocks,no,,353.000000,5.0,ok,
enclosure_top_open_rear_rectangular_rail,cable_glands_and_connectors,no,,408.871618,5.0,ok,
enclosure_top_open_rear_rectangular_rail,ventilation_slots,no,,300.433021,5.0,ok,
enclosure_top_open_rear_rectangular_rail,mounting_brackets,no,,304.164429,5.0,ok,
enclosure_top_open_left_rectangular_rail,enclosure_top_open_right_rectangular_rail,no,,1164.000000,5.0,ok,
enclosure_top_open_left_rectangular_rail,control_box_housing,no,,941.978498,5.0,ok,
enclosure_top_open_left_rectangular_rail,din_rail_and_mounting,no,,971.076207,5.0,ok,
enclosure_top_open_left_rectangular_rail,controller_board_placeholder,no,,950.532482,5.0,ok,
enclosure_top_open_left_rectangular_rail,motor_driver_placeholders,no,,1002.743237,5.0,ok,
enclosure_top_open_left_rectangular_rail,power_supply_placeholder,no,,970.923787,5.0,ok,
enclosure_top_open_left_rectangular_rail,terminal_blocks,no,,1066.848630,5.0,ok,
enclosure_top_open_left_rectangular_rail,cable_glands_and_connectors,no,,1035.803191,5.0,ok,
enclosure_top_open_left_rectangular_rail,ventilation_slots,no,,1010.118929,5.0,ok,
enclosure_top_open_left_rectangular_rail,mounting_brackets,no,,952.216887,5.0,ok,
enclosure_top_open_right_rectangular_rail,control_box_housing,no,,274.742589,5.0,ok,
enclosure_top_open_right_rectangular_rail,din_rail_and_mounting,no,,311.045013,5.0,ok,
enclosure_top_open_right_rectangular_rail,controller_board_placeholder,no,,339.895572,5.0,ok,
enclosure_top_open_right_rectangular_rail,motor_driver_placeholders,no,,287.669950,5.0,ok,
enclosure_top_open_right_rectangular_rail,power_supply_placeholder,no,,382.461763,5.0,ok,
enclosure_top_open_right_rectangular_rail,terminal_blocks,no,,360.180510,5.0,ok,
enclosure_top_open_right_rectangular_rail,cable_glands_and_connectors,no,,435.509185,5.0,ok,
enclosure_top_open_right_rectangular_rail,ventilation_slots,no,,318.314451,5.0,ok,
enclosure_top_open_right_rectangular_rail,mounting_brackets,no,,310.800579,5.0,ok,
control_box_housing,din_rail_and_mounting,yes,,,5.0,allowed_mount_contact,whitelisted expected mount/contact or internal electrical-box packaging
control_box_housing,controller_board_placeholder,yes,,,5.0,allowed_mount_contact,whitelisted expected mount/contact or internal electrical-box packaging
control_box_housing,motor_driver_placeholders,yes,,,5.0,allowed_mount_contact,whitelisted expected mount/contact or internal electrical-box packaging
control_box_housing,power_supply_placeholder,yes,,,5.0,allowed_mount_contact,whitelisted expected mount/contact or internal electrical-box packaging
control_box_housing,terminal_blocks,yes,,,5.0,allowed_mount_contact,whitelisted expected mount/contact or internal electrical-box packaging
control_box_housing,cable_glands_and_connectors,yes,,,5.0,allowed_mount_contact,whitelisted expected mount/contact or internal electrical-box packaging
control_box_housing,ventilation_slots,yes,,,5.0,allowed_mount_contact,whitelisted expected mount/contact or internal electrical-box packaging
control_box_housing,mounting_brackets,yes,,,5.0,allowed_mount_contact,whitelisted expected mount/contact or internal electrical-box packaging
din_rail_and_mounting,controller_board_placeholder,yes,,,5.0,allowed_mount_contact,whitelisted expected mount/contact or internal electrical-box packaging
din_rail_and_mounting,motor_driver_placeholders,yes,,,5.0,allowed_mount_contact,whitelisted expected mount/contact or internal electrical-box packaging
din_rail_and_mounting,power_supply_placeholder,yes,,,5.0,allowed_mount_contact,whitelisted expected mount/contact or internal electrical-box packaging
din_rail_and_mounting,terminal_blocks,yes,,,5.0,allowed_mount_contact,whitelisted expected mount/contact or internal electrical-box packaging
din_rail_and_mounting,cable_glands_and_connectors,no,,158.382449,5.0,ok,
din_rail_and_mounting,ventilation_slots,no,,82.000000,5.0,ok,
din_rail_and_mounting,mounting_brackets,yes,,,5.0,allowed_mount_contact,whitelisted expected mount/contact or internal electrical-box packaging
controller_board_placeholder,motor_driver_placeholders,yes,,,5.0,allowed_mount_contact,whitelisted expected mount/contact or internal electrical-box packaging
controller_board_placeholder,power_supply_placeholder,no,,9.000000,5.0,ok,
controller_board_placeholder,terminal_blocks,no,,41.400483,5.0,ok,
controller_board_placeholder,cable_glands_and_connectors,no,,169.777060,5.0,ok,
controller_board_placeholder,ventilation_slots,no,,88.500000,5.0,ok,
controller_board_placeholder,mounting_brackets,no,,0.500000,5.0,allowed_mount_contact,whitelisted expected mount/contact or internal electrical-box packaging
motor_driver_placeholders,power_supply_placeholder,no,,10.000000,5.0,ok,
motor_driver_placeholders,terminal_blocks,no,,26.000000,5.0,ok,
motor_driver_placeholders,cable_glands_and_connectors,no,,166.643332,5.0,ok,
motor_driver_placeholders,ventilation_slots,no,,85.000000,5.0,ok,
motor_driver_placeholders,mounting_brackets,yes,,,5.0,allowed_mount_contact,whitelisted expected mount/contact or internal electrical-box packaging
power_supply_placeholder,terminal_blocks,no,,20.000000,5.0,ok,
power_supply_placeholder,cable_glands_and_connectors,no,,160.000000,5.0,ok,
power_supply_placeholder,ventilation_slots,no,,84.000000,5.0,ok,
power_supply_placeholder,mounting_brackets,yes,,,5.0,allowed_mount_contact,whitelisted expected mount/contact or internal electrical-box packaging
terminal_blocks,cable_glands_and_connectors,no,,163.027605,5.0,ok,
terminal_blocks,ventilation_slots,no,,87.000000,5.0,ok,
terminal_blocks,mounting_brackets,yes,,,5.0,allowed_mount_contact,whitelisted expected mount/contact or internal electrical-box packaging
cable_glands_and_connectors,ventilation_slots,no,,4.500000,5.0,allowed_mount_contact,whitelisted expected mount/contact or internal electrical-box packaging
cable_glands_and_connectors,mounting_brackets,yes,,,5.0,allowed_mount_contact,whitelisted expected mount/contact or internal electrical-box packaging
ventilation_slots,mounting_brackets,yes,,,5.0,allowed_mount_contact,whitelisted expected mount/contact or internal electrical-box packaging
