pair_a,pair_b,bbox_overlap_candidate,exact_overlap_volume_mm3,minimum_distance_mm,clearance_threshold_mm,audit_status,notes
base_plate_1200x900x15,xz_adapter_plate_simplified,no,,197.500000,5.0,ok,
base_plate_1200x900x15,label_plate_INPUT_1,yes,,,5.0,allowed_mount_contact,whitelisted expected mount/contact pair
base_plate_1200x900x15,label_plate_INPUT_2,yes,,,5.0,allowed_mount_contact,whitelisted expected mount/contact pair
base_plate_1200x900x15,label_plate_INPUT_3,yes,,,5.0,allowed_mount_contact,whitelisted expected mount/contact pair
base_plate_1200x900x15,label_plate_INPUT_4,yes,,,5.0,allowed_mount_contact,whitelisted expected mount/contact pair
base_plate_1200x900x15,scan_tube_holder,no,,3.000000,5.0,allowed_mount_contact,whitelisted expected mount/contact pair
base_plate_1200x900x15,barcode_scanner_mount_bracket,no,,19.000000,5.0,ok,
base_plate_1200x900x15,photoelectric_sensor_mount_bracket,no,,14.000000,5.0,ok,
base_plate_1200x900x15,label_plate_SCAN,yes,,,5.0,allowed_mount_contact,whitelisted expected mount/contact pair
base_plate_1200x900x15,label_plate_A,yes,,,5.0,allowed_mount_contact,whitelisted expected mount/contact pair
base_plate_1200x900x15,label_plate_B,yes,,,5.0,allowed_mount_contact,whitelisted expected mount/contact pair
base_plate_1200x900x15,label_plate_C,yes,,,5.0,allowed_mount_contact,whitelisted expected mount/contact pair
base_plate_1200x900x15,label_plate_D,yes,,,5.0,allowed_mount_contact,whitelisted expected mount/contact pair
base_plate_1200x900x15,label_plate_REVIEW,yes,,,5.0,allowed_mount_contact,whitelisted expected mount/contact pair
base_plate_1200x900x15,control_box_placeholder,yes,,,5.0,allowed_mount_contact,whitelisted expected mount/contact pair
base_plate_1200x900x15,emergency_stop_placeholder,no,,7.000000,5.0,ok,
base_plate_1200x900x15,cable_chain_path_placeholder,no,,50.000000,5.0,ok,
base_plate_1200x900x15,transparent_guard_frame_placeholder,yes,,,5.0,allowed_mount_contact,whitelisted expected mount/contact pair
base_plate_1200x900x15,limit_switch_placeholder_1,no,,76.000000,5.0,ok,
base_plate_1200x900x15,limit_switch_placeholder_2,no,,76.000000,5.0,ok,
base_plate_1200x900x15,limit_switch_placeholder_3,no,,76.000000,5.0,ok,
base_plate_1200x900x15,limit_switch_placeholder_4,no,,76.000000,5.0,ok,
base_plate_1200x900x15,left_y_axis_module,no,,2.059842,5.0,allowed_mount_contact,whitelisted expected mount/contact pair
base_plate_1200x900x15,right_y_axis_module,no,,2.059842,5.0,allowed_mount_contact,whitelisted expected mount/contact pair
base_plate_1200x900x15,x_axis_module_on_gantry,no,,194.820176,5.0,ok,
base_plate_1200x900x15,z_axis_module,no,,151.500000,5.0,ok,
base_plate_1200x900x15,electric_parallel_gripper,no,,69.000000,5.0,ok,
base_plate_1200x900x15,input_box_1,yes,,,5.0,allowed_mount_contact,whitelisted expected mount/contact pair
base_plate_1200x900x15,input_box_2,yes,,,5.0,allowed_mount_contact,whitelisted expected mount/contact pair
base_plate_1200x900x15,input_box_3,yes,,,5.0,allowed_mount_contact,whitelisted expected mount/contact pair
base_plate_1200x900x15,input_box_4,yes,,,5.0,allowed_mount_contact,whitelisted expected mount/contact pair
base_plate_1200x900x15,barcode_scanner,no,,72.400000,5.0,ok,
base_plate_1200x900x15,photoelectric_sensor,no,,55.000000,5.0,ok,
base_plate_1200x900x15,category_A_output_box_4x6,yes,,,5.0,allowed_mount_contact,whitelisted expected mount/contact pair
base_plate_1200x900x15,category_B_output_box_4x6,yes,,,5.0,allowed_mount_contact,whitelisted expected mount/contact pair
base_plate_1200x900x15,category_C_output_box_4x6,yes,,,5.0,allowed_mount_contact,whitelisted expected mount/contact pair
base_plate_1200x900x15,category_D_output_box_4x6,yes,,,5.0,allowed_mount_contact,whitelisted expected mount/contact pair
base_plate_1200x900x15,manual_review_bin_2x3,yes,,,5.0,allowed_mount_contact,whitelisted expected mount/contact pair
base_plate_1200x900x15,input_box_1_demo_tube_01_purple75,no,,25.000000,5.0,ok,
base_plate_1200x900x15,input_box_1_demo_tube_02_yellow100,no,,25.000000,5.0,ok,
base_plate_1200x900x15,input_box_1_demo_tube_03_blue75,no,,25.000000,5.0,ok,
base_plate_1200x900x15,input_box_1_demo_tube_04_red75,no,,25.000000,5.0,ok,
base_plate_1200x900x15,input_box_1_demo_tube_05_purple75,no,,25.000000,5.0,ok,
base_plate_1200x900x15,input_box_2_demo_tube_01_purple75,no,,25.000000,5.0,ok,
base_plate_1200x900x15,input_box_2_demo_tube_02_yellow100,no,,25.000000,5.0,ok,
base_plate_1200x900x15,input_box_2_demo_tube_03_blue75,no,,25.000000,5.0,ok,
base_plate_1200x900x15,input_box_2_demo_tube_04_red75,no,,25.000000,5.0,ok,
base_plate_1200x900x15,input_box_2_demo_tube_05_purple75,no,,25.000000,5.0,ok,
base_plate_1200x900x15,input_box_3_demo_tube_01_purple75,no,,25.000000,5.0,ok,
base_plate_1200x900x15,input_box_3_demo_tube_02_yellow100,no,,25.000000,5.0,ok,
base_plate_1200x900x15,input_box_3_demo_tube_03_blue75,no,,25.000000,5.0,ok,
base_plate_1200x900x15,input_box_3_demo_tube_04_red75,no,,25.000000,5.0,ok,
base_plate_1200x900x15,input_box_3_demo_tube_05_purple75,no,,25.000000,5.0,ok,
base_plate_1200x900x15,input_box_4_demo_tube_01_purple75,no,,25.000000,5.0,ok,
base_plate_1200x900x15,input_box_4_demo_tube_02_yellow100,no,,25.000000,5.0,ok,
base_plate_1200x900x15,input_box_4_demo_tube_03_blue75,no,,25.000000,5.0,ok,
base_plate_1200x900x15,input_box_4_demo_tube_04_red75,no,,25.000000,5.0,ok,
base_plate_1200x900x15,input_box_4_demo_tube_05_purple75,no,,25.000000,5.0,ok,
base_plate_1200x900x15,scan_station_demo_tube_yellow100,no,,24.000000,5.0,ok,
base_plate_1200x900x15,category_A_classified_tube_01_purple75,no,,25.000000,5.0,ok,
base_plate_1200x900x15,category_A_classified_tube_02_purple75,no,,25.000000,5.0,ok,
base_plate_1200x900x15,category_A_classified_tube_03_purple75,no,,25.000000,5.0,ok,
base_plate_1200x900x15,category_B_classified_tube_01_yellow100,no,,25.000000,5.0,ok,
base_plate_1200x900x15,category_B_classified_tube_02_yellow100,no,,25.000000,5.0,ok,
base_plate_1200x900x15,category_B_classified_tube_03_yellow100,no,,25.000000,5.0,ok,
base_plate_1200x900x15,category_C_classified_tube_01_blue75,no,,25.000000,5.0,ok,
base_plate_1200x900x15,category_C_classified_tube_02_blue75,no,,25.000000,5.0,ok,
base_plate_1200x900x15,category_C_classified_tube_03_blue75,no,,25.000000,5.0,ok,
base_plate_1200x900x15,category_D_classified_tube_01_red75,no,,25.000000,5.0,ok,
base_plate_1200x900x15,category_D_classified_tube_02_red75,no,,25.000000,5.0,ok,
base_plate_1200x900x15,category_D_classified_tube_03_red75,no,,25.000000,5.0,ok,
xz_adapter_plate_simplified,label_plate_INPUT_1,no,,349.389857,5.0,ok,
xz_adapter_plate_simplified,label_plate_INPUT_2,no,,267.230748,5.0,ok,
xz_adapter_plate_simplified,label_plate_INPUT_3,no,,233.562090,5.0,ok,
xz_adapter_plate_simplified,label_plate_INPUT_4,no,,262.448738,5.0,ok,
xz_adapter_plate_simplified,scan_tube_holder,no,,202.779616,5.0,ok,
xz_adapter_plate_simplified,barcode_scanner_mount_bracket,no,,167.836416,5.0,ok,
xz_adapter_plate_simplified,photoelectric_sensor_mount_bracket,no,,157.338211,5.0,ok,
xz_adapter_plate_simplified,label_plate_SCAN,no,,184.657115,5.0,ok,
xz_adapter_plate_simplified,label_plate_A,no,,490.340252,5.0,ok,
xz_adapter_plate_simplified,label_plate_B,no,,461.593504,5.0,ok,
xz_adapter_plate_simplified,label_plate_C,no,,462.459879,5.0,ok,
xz_adapter_plate_simplified,label_plate_D,no,,493.519138,5.0,ok,
xz_adapter_plate_simplified,label_plate_REVIEW,no,,416.342815,5.0,ok,
xz_adapter_plate_simplified,control_box_placeholder,no,,568.686920,5.0,ok,
xz_adapter_plate_simplified,emergency_stop_placeholder,no,,617.348435,5.0,ok,
xz_adapter_plate_simplified,cable_chain_path_placeholder,no,,288.250000,5.0,ok,
xz_adapter_plate_simplified,transparent_guard_frame_placeholder,no,,17.500000,5.0,ok,
xz_adapter_plate_simplified,limit_switch_placeholder_1,no,,616.733849,5.0,ok,
xz_adapter_plate_simplified,limit_switch_placeholder_2,no,,592.266885,5.0,ok,
xz_adapter_plate_simplified,limit_switch_placeholder_3,no,,607.142191,5.0,ok,
xz_adapter_plate_simplified,limit_switch_placeholder_4,no,,582.272327,5.0,ok,
xz_adapter_plate_simplified,left_y_axis_module,no,,440.550029,5.0,ok,
xz_adapter_plate_simplified,right_y_axis_module,no,,468.448991,5.0,ok,
xz_adapter_plate_simplified,x_axis_module_on_gantry,yes,,,5.0,allowed_mount_contact,whitelisted expected mount/contact pair
xz_adapter_plate_simplified,z_axis_module,yes,,,5.0,allowed_mount_contact,whitelisted expected mount/contact pair
xz_adapter_plate_simplified,electric_parallel_gripper,no,,45.500000,5.0,ok,
xz_adapter_plate_simplified,input_box_1,no,,345.117824,5.0,ok,
xz_adapter_plate_simplified,input_box_2,no,,288.827479,5.0,ok,
xz_adapter_plate_simplified,input_box_3,no,,279.644864,5.0,ok,
xz_adapter_plate_simplified,input_box_4,no,,286.263323,5.0,ok,
xz_adapter_plate_simplified,barcode_scanner,no,,128.954198,20.0,ok,
xz_adapter_plate_simplified,photoelectric_sensor,no,,138.716663,20.0,ok,
xz_adapter_plate_simplified,category_A_output_box_4x6,no,,299.856320,5.0,ok,
xz_adapter_plate_simplified,category_B_output_box_4x6,no,,271.516574,5.0,ok,
xz_adapter_plate_simplified,category_C_output_box_4x6,no,,271.587352,5.0,ok,
xz_adapter_plate_simplified,category_D_output_box_4x6,no,,303.762555,5.0,ok,
xz_adapter_plate_simplified,manual_review_bin_2x3,no,,325.322824,5.0,ok,
xz_adapter_plate_simplified,input_box_1_demo_tube_01_purple75,no,,492.373144,5.0,ok,
xz_adapter_plate_simplified,input_box_1_demo_tube_02_yellow100,no,,425.710362,5.0,ok,
xz_adapter_plate_simplified,input_box_1_demo_tube_03_blue75,no,,373.557643,5.0,ok,
xz_adapter_plate_simplified,input_box_1_demo_tube_04_red75,no,,415.753909,5.0,ok,
xz_adapter_plate_simplified,input_box_1_demo_tube_05_purple75,no,,356.254561,5.0,ok,
xz_adapter_plate_simplified,input_box_2_demo_tube_01_purple75,no,,426.973433,5.0,ok,
xz_adapter_plate_simplified,input_box_2_demo_tube_02_yellow100,no,,348.000449,5.0,ok,
xz_adapter_plate_simplified,input_box_2_demo_tube_03_blue75,no,,294.449168,5.0,ok,
xz_adapter_plate_simplified,input_box_2_demo_tube_04_red75,no,,356.772074,5.0,ok,
xz_adapter_plate_simplified,input_box_2_demo_tube_05_purple75,no,,297.711794,5.0,ok,
xz_adapter_plate_simplified,input_box_3_demo_tube_01_purple75,no,,394.944695,5.0,ok,
xz_adapter_plate_simplified,input_box_3_demo_tube_02_yellow100,no,,307.862490,5.0,ok,
xz_adapter_plate_simplified,input_box_3_demo_tube_03_blue75,no,,260.106348,5.0,ok,
xz_adapter_plate_simplified,input_box_3_demo_tube_04_red75,no,,339.309962,5.0,ok,
xz_adapter_plate_simplified,input_box_3_demo_tube_05_purple75,no,,287.232119,5.0,ok,
xz_adapter_plate_simplified,input_box_4_demo_tube_01_purple75,no,,399.670727,5.0,ok,
xz_adapter_plate_simplified,input_box_4_demo_tube_02_yellow100,no,,313.902357,5.0,ok,
xz_adapter_plate_simplified,input_box_4_demo_tube_03_blue75,no,,278.258675,5.0,ok,
xz_adapter_plate_simplified,input_box_4_demo_tube_04_red75,no,,362.368721,5.0,ok,
xz_adapter_plate_simplified,input_box_4_demo_tube_05_purple75,no,,325.506206,5.0,ok,
xz_adapter_plate_simplified,scan_station_demo_tube_yellow100,no,,120.576998,20.0,ok,
xz_adapter_plate_simplified,category_A_classified_tube_01_purple75,no,,334.393200,5.0,ok,
xz_adapter_plate_simplified,category_A_classified_tube_02_purple75,no,,359.472965,5.0,ok,
xz_adapter_plate_simplified,category_A_classified_tube_03_purple75,no,,393.017573,5.0,ok,
xz_adapter_plate_simplified,category_B_classified_tube_01_yellow100,no,,258.735024,5.0,ok,
xz_adapter_plate_simplified,category_B_classified_tube_02_yellow100,no,,302.697559,5.0,ok,
xz_adapter_plate_simplified,category_B_classified_tube_03_yellow100,no,,352.346154,5.0,ok,
xz_adapter_plate_simplified,category_C_classified_tube_01_blue75,no,,251.256224,5.0,ok,
xz_adapter_plate_simplified,category_C_classified_tube_02_blue75,no,,306.315018,5.0,ok,
xz_adapter_plate_simplified,category_C_classified_tube_03_blue75,no,,363.824257,5.0,ok,
xz_adapter_plate_simplified,category_D_classified_tube_01_red75,no,,290.244190,5.0,ok,
xz_adapter_plate_simplified,category_D_classified_tube_02_red75,no,,349.601044,5.0,ok,
xz_adapter_plate_simplified,category_D_classified_tube_03_red75,no,,409.926933,5.0,ok,
label_plate_INPUT_1,label_plate_INPUT_2,no,,126.100000,5.0,ok,
label_plate_INPUT_1,label_plate_INPUT_3,no,,256.100000,5.0,ok,
label_plate_INPUT_1,label_plate_INPUT_4,no,,386.100000,5.0,ok,
label_plate_INPUT_1,scan_tube_holder,no,,206.787717,5.0,ok,
label_plate_INPUT_1,barcode_scanner_mount_bracket,no,,157.628551,5.0,ok,
label_plate_INPUT_1,photoelectric_sensor_mount_bracket,no,,198.843557,5.0,ok,
label_plate_INPUT_1,label_plate_SCAN,no,,269.634215,5.0,ok,
label_plate_INPUT_1,label_plate_A,no,,653.868190,5.0,ok,
label_plate_INPUT_1,label_plate_B,no,,677.421294,5.0,ok,
label_plate_INPUT_1,label_plate_C,no,,723.916853,5.0,ok,
label_plate_INPUT_1,label_plate_D,no,,789.310845,5.0,ok,
label_plate_INPUT_1,label_plate_REVIEW,no,,636.178599,5.0,ok,
label_plate_INPUT_1,control_box_placeholder,no,,655.518878,5.0,ok,
label_plate_INPUT_1,emergency_stop_placeholder,no,,706.776457,5.0,ok,
label_plate_INPUT_1,cable_chain_path_placeholder,no,,41.907637,5.0,ok,
label_plate_INPUT_1,transparent_guard_frame_placeholder,yes,,,5.0,allowed_mount_contact,whitelisted expected mount/contact pair
label_plate_INPUT_1,limit_switch_placeholder_1,no,,709.078529,5.0,ok,
label_plate_INPUT_1,limit_switch_placeholder_2,no,,262.833122,5.0,ok,
label_plate_INPUT_1,limit_switch_placeholder_3,no,,949.157184,5.0,ok,
label_plate_INPUT_1,limit_switch_placeholder_4,no,,683.511704,5.0,ok,
label_plate_INPUT_1,left_y_axis_module,no,,202.820176,5.0,ok,
label_plate_INPUT_1,right_y_axis_module,no,,681.751224,5.0,ok,
label_plate_INPUT_1,x_axis_module_on_gantry,no,,299.020894,5.0,ok,
label_plate_INPUT_1,z_axis_module,no,,295.092901,5.0,ok,
label_plate_INPUT_1,electric_parallel_gripper,no,,290.442077,5.0,ok,
label_plate_INPUT_1,input_box_1,no,,8.000000,5.0,ok,
label_plate_INPUT_1,input_box_2,no,,68.071727,5.0,ok,
label_plate_INPUT_1,input_box_3,no,,197.761877,5.0,ok,
label_plate_INPUT_1,input_box_4,no,,327.697666,5.0,ok,
label_plate_INPUT_1,barcode_scanner,no,,181.767284,5.0,ok,
label_plate_INPUT_1,photoelectric_sensor,no,,220.093821,5.0,ok,
label_plate_INPUT_1,category_A_output_box_4x6,no,,448.177152,5.0,ok,
label_plate_INPUT_1,category_B_output_box_4x6,no,,470.147594,5.0,ok,
label_plate_INPUT_1,category_C_output_box_4x6,no,,524.418497,5.0,ok,
label_plate_INPUT_1,category_D_output_box_4x6,no,,602.321144,5.0,ok,
label_plate_INPUT_1,manual_review_bin_2x3,no,,545.100000,5.0,ok,
label_plate_INPUT_1,input_box_1_demo_tube_01_purple75,no,,163.515290,5.0,ok,
label_plate_INPUT_1,input_box_1_demo_tube_02_yellow100,no,,83.145956,5.0,ok,
label_plate_INPUT_1,input_box_1_demo_tube_03_blue75,no,,22.388613,5.0,ok,
label_plate_INPUT_1,input_box_1_demo_tube_04_red75,no,,104.450754,5.0,ok,
label_plate_INPUT_1,input_box_1_demo_tube_05_purple75,no,,58.168376,5.0,ok,
label_plate_INPUT_1,input_box_2_demo_tube_01_purple75,no,,178.052689,5.0,ok,
label_plate_INPUT_1,input_box_2_demo_tube_02_yellow100,no,,108.989724,5.0,ok,
label_plate_INPUT_1,input_box_2_demo_tube_03_blue75,no,,107.853419,5.0,ok,
label_plate_INPUT_1,input_box_2_demo_tube_04_red75,no,,169.546336,5.0,ok,
label_plate_INPUT_1,input_box_2_demo_tube_05_purple75,no,,168.818127,5.0,ok,
label_plate_INPUT_1,input_box_3_demo_tube_01_purple75,no,,262.257049,5.0,ok,
label_plate_INPUT_1,input_box_3_demo_tube_02_yellow100,no,,221.257226,5.0,ok,
label_plate_INPUT_1,input_box_3_demo_tube_03_blue75,no,,236.618596,5.0,ok,
label_plate_INPUT_1,input_box_3_demo_tube_04_red75,no,,283.517125,5.0,ok,
label_plate_INPUT_1,input_box_3_demo_tube_05_purple75,no,,295.661225,5.0,ok,
label_plate_INPUT_1,input_box_4_demo_tube_01_purple75,no,,373.704108,5.0,ok,
label_plate_INPUT_1,input_box_4_demo_tube_02_yellow100,no,,346.165798,5.0,ok,
label_plate_INPUT_1,input_box_4_demo_tube_03_blue75,no,,366.257232,5.0,ok,
label_plate_INPUT_1,input_box_4_demo_tube_04_red75,no,,407.207515,5.0,ok,
label_plate_INPUT_1,input_box_4_demo_tube_05_purple75,no,,424.419085,5.0,ok,
label_plate_INPUT_1,scan_station_demo_tube_yellow100,no,,218.442578,5.0,ok,
label_plate_INPUT_1,category_A_classified_tube_01_purple75,no,,460.642768,5.0,ok,
label_plate_INPUT_1,category_A_classified_tube_02_purple75,no,,518.553141,5.0,ok,
label_plate_INPUT_1,category_A_classified_tube_03_purple75,no,,577.445201,5.0,ok,
label_plate_INPUT_1,category_B_classified_tube_01_yellow100,no,,484.734732,5.0,ok,
label_plate_INPUT_1,category_B_classified_tube_02_yellow100,no,,546.766275,5.0,ok,
label_plate_INPUT_1,category_B_classified_tube_03_yellow100,no,,608.916218,5.0,ok,
label_plate_INPUT_1,category_C_classified_tube_01_blue75,no,,539.947923,5.0,ok,
label_plate_INPUT_1,category_C_classified_tube_02_blue75,no,,602.336584,5.0,ok,
label_plate_INPUT_1,category_C_classified_tube_03_blue75,no,,664.766846,5.0,ok,
label_plate_INPUT_1,category_D_classified_tube_01_red75,no,,617.996570,5.0,ok,
label_plate_INPUT_1,category_D_classified_tube_02_red75,no,,678.575980,5.0,ok,
label_plate_INPUT_1,category_D_classified_tube_03_red75,no,,739.493719,5.0,ok,
label_plate_INPUT_2,label_plate_INPUT_3,no,,126.100000,5.0,ok,
label_plate_INPUT_2,label_plate_INPUT_4,no,,256.100000,5.0,ok,
label_plate_INPUT_2,scan_tube_holder,no,,80.406219,5.0,ok,
label_plate_INPUT_2,barcode_scanner_mount_bracket,no,,27.762565,5.0,ok,
label_plate_INPUT_2,photoelectric_sensor_mount_bracket,no,,113.414108,5.0,ok,
label_plate_INPUT_2,label_plate_SCAN,no,,145.590556,5.0,ok,
label_plate_INPUT_2,label_plate_A,no,,652.521647,5.0,ok,
label_plate_INPUT_2,label_plate_B,no,,653.868190,5.0,ok,
label_plate_INPUT_2,label_plate_C,no,,677.421294,5.0,ok,
label_plate_INPUT_2,label_plate_D,no,,723.916853,5.0,ok,
label_plate_INPUT_2,label_plate_REVIEW,no,,506.198785,5.0,ok,
label_plate_INPUT_2,control_box_placeholder,no,,687.273599,5.0,ok,
label_plate_INPUT_2,emergency_stop_placeholder,no,,584.206265,5.0,ok,
label_plate_INPUT_2,cable_chain_path_placeholder,no,,158.196871,5.0,ok,
label_plate_INPUT_2,transparent_guard_frame_placeholder,yes,,,5.0,allowed_mount_contact,whitelisted expected mount/contact pair
label_plate_INPUT_2,limit_switch_placeholder_1,no,,588.758321,5.0,ok,
label_plate_INPUT_2,limit_switch_placeholder_2,no,,333.273536,5.0,ok,
label_plate_INPUT_2,limit_switch_placeholder_3,no,,862.985145,5.0,ok,
label_plate_INPUT_2,limit_switch_placeholder_4,no,,713.567271,5.0,ok,
label_plate_INPUT_2,left_y_axis_module,no,,202.820176,5.0,ok,
label_plate_INPUT_2,right_y_axis_module,no,,681.751224,5.0,ok,
label_plate_INPUT_2,x_axis_module_on_gantry,no,,209.766385,5.0,ok,
label_plate_INPUT_2,z_axis_module,no,,221.864418,5.0,ok,
label_plate_INPUT_2,electric_parallel_gripper,no,,181.605616,5.0,ok,
label_plate_INPUT_2,input_box_1,no,,68.965571,5.0,ok,
label_plate_INPUT_2,input_box_2,no,,8.000000,5.0,ok,
label_plate_INPUT_2,input_box_3,no,,68.071727,5.0,ok,
label_plate_INPUT_2,input_box_4,no,,197.761877,5.0,ok,
label_plate_INPUT_2,barcode_scanner,no,,76.349558,5.0,ok,
label_plate_INPUT_2,photoelectric_sensor,no,,151.786989,5.0,ok,
label_plate_INPUT_2,category_A_output_box_4x6,no,,448.000000,5.0,ok,
label_plate_INPUT_2,category_B_output_box_4x6,no,,448.177152,5.0,ok,
label_plate_INPUT_2,category_C_output_box_4x6,no,,470.147594,5.0,ok,
label_plate_INPUT_2,category_D_output_box_4x6,no,,524.418497,5.0,ok,
label_plate_INPUT_2,manual_review_bin_2x3,no,,415.100000,5.0,ok,
label_plate_INPUT_2,input_box_1_demo_tube_01_purple75,no,,228.226313,5.0,ok,
label_plate_INPUT_2,input_box_1_demo_tube_02_yellow100,no,,179.619737,5.0,ok,
label_plate_INPUT_2,input_box_1_demo_tube_03_blue75,no,,136.276374,5.0,ok,
label_plate_INPUT_2,input_box_1_demo_tube_04_red75,no,,149.128300,5.0,ok,
label_plate_INPUT_2,input_box_1_demo_tube_05_purple75,no,,92.451339,5.0,ok,
label_plate_INPUT_2,input_box_2_demo_tube_01_purple75,no,,163.515290,5.0,ok,
label_plate_INPUT_2,input_box_2_demo_tube_02_yellow100,no,,83.145956,5.0,ok,
label_plate_INPUT_2,input_box_2_demo_tube_03_blue75,no,,22.388613,5.0,ok,
label_plate_INPUT_2,input_box_2_demo_tube_04_red75,no,,104.450754,5.0,ok,
label_plate_INPUT_2,input_box_2_demo_tube_05_purple75,no,,58.168376,5.0,ok,
label_plate_INPUT_2,input_box_3_demo_tube_01_purple75,no,,178.052689,5.0,ok,
label_plate_INPUT_2,input_box_3_demo_tube_02_yellow100,no,,108.989724,5.0,ok,
label_plate_INPUT_2,input_box_3_demo_tube_03_blue75,no,,107.853419,5.0,ok,
label_plate_INPUT_2,input_box_3_demo_tube_04_red75,no,,169.546336,5.0,ok,
label_plate_INPUT_2,input_box_3_demo_tube_05_purple75,no,,168.818127,5.0,ok,
label_plate_INPUT_2,input_box_4_demo_tube_01_purple75,no,,262.257049,5.0,ok,
label_plate_INPUT_2,input_box_4_demo_tube_02_yellow100,no,,221.257226,5.0,ok,
label_plate_INPUT_2,input_box_4_demo_tube_03_blue75,no,,236.618596,5.0,ok,
label_plate_INPUT_2,input_box_4_demo_tube_04_red75,no,,283.517125,5.0,ok,
label_plate_INPUT_2,input_box_4_demo_tube_05_purple75,no,,295.661225,5.0,ok,
label_plate_INPUT_2,scan_station_demo_tube_yellow100,no,,93.921031,5.0,ok,
label_plate_INPUT_2,category_A_classified_tube_01_purple75,no,,468.334549,5.0,ok,
label_plate_INPUT_2,category_A_classified_tube_02_purple75,no,,519.497113,5.0,ok,
label_plate_INPUT_2,category_A_classified_tube_03_purple75,no,,572.937388,5.0,ok,
label_plate_INPUT_2,category_B_classified_tube_01_yellow100,no,,460.642768,5.0,ok,
label_plate_INPUT_2,category_B_classified_tube_02_yellow100,no,,518.553141,5.0,ok,
label_plate_INPUT_2,category_B_classified_tube_03_yellow100,no,,577.445201,5.0,ok,
label_plate_INPUT_2,category_C_classified_tube_01_blue75,no,,484.734732,5.0,ok,
label_plate_INPUT_2,category_C_classified_tube_02_blue75,no,,546.766275,5.0,ok,
label_plate_INPUT_2,category_C_classified_tube_03_blue75,no,,608.916218,5.0,ok,
label_plate_INPUT_2,category_D_classified_tube_01_red75,no,,539.947923,5.0,ok,
label_plate_INPUT_2,category_D_classified_tube_02_red75,no,,602.336584,5.0,ok,
label_plate_INPUT_2,category_D_classified_tube_03_red75,no,,664.766846,5.0,ok,
label_plate_INPUT_3,label_plate_INPUT_4,no,,126.100000,5.0,ok,
label_plate_INPUT_3,scan_tube_holder,no,,33.767588,5.0,ok,
label_plate_INPUT_3,barcode_scanner_mount_bracket,no,,84.553238,5.0,ok,
label_plate_INPUT_3,photoelectric_sensor_mount_bracket,no,,130.381172,5.0,ok,
label_plate_INPUT_3,label_plate_SCAN,no,,59.081385,5.0,ok,
label_plate_INPUT_3,label_plate_A,no,,672.439217,5.0,ok,
label_plate_INPUT_3,label_plate_B,no,,652.521647,5.0,ok,
label_plate_INPUT_3,label_plate_C,no,,653.868190,5.0,ok,
label_plate_INPUT_3,label_plate_D,no,,677.421294,5.0,ok,
label_plate_INPUT_3,label_plate_REVIEW,no,,376.232920,5.0,ok,
label_plate_INPUT_3,control_box_placeholder,no,,740.800243,5.0,ok,
label_plate_INPUT_3,emergency_stop_placeholder,no,,465.683326,5.0,ok,
label_plate_INPUT_3,cable_chain_path_placeholder,no,,286.524432,5.0,ok,
label_plate_INPUT_3,transparent_guard_frame_placeholder,yes,,,5.0,allowed_mount_contact,whitelisted expected mount/contact pair
label_plate_INPUT_3,limit_switch_placeholder_1,no,,473.582474,5.0,ok,
label_plate_INPUT_3,limit_switch_placeholder_2,no,,432.274508,5.0,ok,
label_plate_INPUT_3,limit_switch_placeholder_3,no,,788.915306,5.0,ok,
label_plate_INPUT_3,limit_switch_placeholder_4,no,,764.832171,5.0,ok,
label_plate_INPUT_3,left_y_axis_module,no,,202.820176,5.0,ok,
label_plate_INPUT_3,right_y_axis_module,no,,681.751224,5.0,ok,
label_plate_INPUT_3,x_axis_module_on_gantry,no,,178.820176,5.0,ok,
label_plate_INPUT_3,z_axis_module,no,,206.706217,5.0,ok,
label_plate_INPUT_3,electric_parallel_gripper,no,,124.115269,5.0,ok,
label_plate_INPUT_3,input_box_1,no,,198.661144,5.0,ok,
label_plate_INPUT_3,input_box_2,no,,68.965571,5.0,ok,
label_plate_INPUT_3,input_box_3,no,,8.000000,5.0,ok,
label_plate_INPUT_3,input_box_4,no,,68.071727,5.0,ok,
label_plate_INPUT_3,barcode_scanner,no,,90.280452,5.0,ok,
label_plate_INPUT_3,photoelectric_sensor,no,,155.955923,5.0,ok,
label_plate_INPUT_3,category_A_output_box_4x6,no,,464.710932,5.0,ok,
label_plate_INPUT_3,category_B_output_box_4x6,no,,448.000000,5.0,ok,
label_plate_INPUT_3,category_C_output_box_4x6,no,,448.177152,5.0,ok,
label_plate_INPUT_3,category_D_output_box_4x6,no,,470.147594,5.0,ok,
label_plate_INPUT_3,manual_review_bin_2x3,no,,285.100000,5.0,ok,
label_plate_INPUT_3,input_box_1_demo_tube_01_purple75,no,,333.522488,5.0,ok,
label_plate_INPUT_3,input_box_1_demo_tube_02_yellow100,no,,302.346242,5.0,ok,
label_plate_INPUT_3,input_box_1_demo_tube_03_blue75,no,,265.407705,5.0,ok,
label_plate_INPUT_3,input_box_1_demo_tube_04_red75,no,,258.513539,5.0,ok,
label_plate_INPUT_3,input_box_1_demo_tube_05_purple75,no,,214.143060,5.0,ok,
label_plate_INPUT_3,input_box_2_demo_tube_01_purple75,no,,228.226313,5.0,ok,
label_plate_INPUT_3,input_box_2_demo_tube_02_yellow100,no,,179.619737,5.0,ok,
label_plate_INPUT_3,input_box_2_demo_tube_03_blue75,no,,136.276374,5.0,ok,
label_plate_INPUT_3,input_box_2_demo_tube_04_red75,no,,149.128300,5.0,ok,
label_plate_INPUT_3,input_box_2_demo_tube_05_purple75,no,,92.451339,5.0,ok,
label_plate_INPUT_3,input_box_3_demo_tube_01_purple75,no,,163.515290,5.0,ok,
label_plate_INPUT_3,input_box_3_demo_tube_02_yellow100,no,,83.145956,5.0,ok,
label_plate_INPUT_3,input_box_3_demo_tube_03_blue75,no,,22.388613,5.0,ok,
label_plate_INPUT_3,input_box_3_demo_tube_04_red75,no,,104.450754,5.0,ok,
label_plate_INPUT_3,input_box_3_demo_tube_05_purple75,no,,58.168376,5.0,ok,
label_plate_INPUT_3,input_box_4_demo_tube_01_purple75,no,,178.052689,5.0,ok,
label_plate_INPUT_3,input_box_4_demo_tube_02_yellow100,no,,108.989724,5.0,ok,
label_plate_INPUT_3,input_box_4_demo_tube_03_blue75,no,,107.853419,5.0,ok,
label_plate_INPUT_3,input_box_4_demo_tube_04_red75,no,,169.546336,5.0,ok,
label_plate_INPUT_3,input_box_4_demo_tube_05_purple75,no,,168.818127,5.0,ok,
label_plate_INPUT_3,scan_station_demo_tube_yellow100,no,,48.106652,5.0,ok,
label_plate_INPUT_3,category_A_classified_tube_01_purple75,no,,508.907899,5.0,ok,
label_plate_INPUT_3,category_A_classified_tube_02_purple75,no,,549.770179,5.0,ok,
label_plate_INPUT_3,category_A_classified_tube_03_purple75,no,,594.430189,5.0,ok,
label_plate_INPUT_3,category_B_classified_tube_01_yellow100,no,,468.334549,5.0,ok,
label_plate_INPUT_3,category_B_classified_tube_02_yellow100,no,,519.497113,5.0,ok,
label_plate_INPUT_3,category_B_classified_tube_03_yellow100,no,,572.937388,5.0,ok,
label_plate_INPUT_3,category_C_classified_tube_01_blue75,no,,460.642768,5.0,ok,
label_plate_INPUT_3,category_C_classified_tube_02_blue75,no,,518.553141,5.0,ok,
label_plate_INPUT_3,category_C_classified_tube_03_blue75,no,,577.445201,5.0,ok,
label_plate_INPUT_3,category_D_classified_tube_01_red75,no,,484.734732,5.0,ok,
label_plate_INPUT_3,category_D_classified_tube_02_red75,no,,546.766275,5.0,ok,
label_plate_INPUT_3,category_D_classified_tube_03_red75,no,,608.916218,5.0,ok,
label_plate_INPUT_4,scan_tube_holder,no,,148.560594,5.0,ok,
label_plate_INPUT_4,barcode_scanner_mount_bracket,no,,214.520978,5.0,ok,
label_plate_INPUT_4,photoelectric_sensor_mount_bracket,no,,230.801321,5.0,ok,
label_plate_INPUT_4,label_plate_SCAN,no,,132.912791,5.0,ok,
label_plate_INPUT_4,label_plate_A,no,,715.796410,5.0,ok,
label_plate_INPUT_4,label_plate_B,no,,672.439217,5.0,ok,
label_plate_INPUT_4,label_plate_C,no,,652.521647,5.0,ok,
label_plate_INPUT_4,label_plate_D,no,,653.868190,5.0,ok,
label_plate_INPUT_4,label_plate_REVIEW,no,,246.303086,5.0,ok,
label_plate_INPUT_4,control_box_placeholder,no,,811.803548,5.0,ok,
label_plate_INPUT_4,emergency_stop_placeholder,no,,355.281522,5.0,ok,
label_plate_INPUT_4,cable_chain_path_placeholder,no,,415.892113,5.0,ok,
label_plate_INPUT_4,transparent_guard_frame_placeholder,yes,,,5.0,allowed_mount_contact,whitelisted expected mount/contact pair
label_plate_INPUT_4,limit_switch_placeholder_1,no,,368.407872,5.0,ok,
label_plate_INPUT_4,limit_switch_placeholder_2,no,,544.473369,5.0,ok,
label_plate_INPUT_4,limit_switch_placeholder_3,no,,730.637639,5.0,ok,
label_plate_INPUT_4,limit_switch_placeholder_4,no,,833.401614,5.0,ok,
label_plate_INPUT_4,left_y_axis_module,no,,202.820176,5.0,ok,
label_plate_INPUT_4,right_y_axis_module,no,,681.751224,5.0,ok,
label_plate_INPUT_4,x_axis_module_on_gantry,no,,192.493238,5.0,ok,
label_plate_INPUT_4,z_axis_module,no,,240.789763,5.0,ok,
label_plate_INPUT_4,electric_parallel_gripper,no,,152.414205,5.0,ok,
label_plate_INPUT_4,input_box_1,no,,328.597398,5.0,ok,
label_plate_INPUT_4,input_box_2,no,,198.661144,5.0,ok,
label_plate_INPUT_4,input_box_3,no,,68.965571,5.0,ok,
label_plate_INPUT_4,input_box_4,no,,8.000000,5.0,ok,
label_plate_INPUT_4,barcode_scanner,no,,203.161414,5.0,ok,
label_plate_INPUT_4,photoelectric_sensor,no,,232.017779,5.0,ok,
label_plate_INPUT_4,category_A_output_box_4x6,no,,514.748725,5.0,ok,
label_plate_INPUT_4,category_B_output_box_4x6,no,,464.710932,5.0,ok,
label_plate_INPUT_4,category_C_output_box_4x6,no,,448.000000,5.0,ok,
label_plate_INPUT_4,category_D_output_box_4x6,no,,448.177152,5.0,ok,
label_plate_INPUT_4,manual_review_bin_2x3,no,,155.100000,5.0,ok,
label_plate_INPUT_4,input_box_1_demo_tube_01_purple75,no,,451.870833,5.0,ok,
label_plate_INPUT_4,input_box_1_demo_tube_02_yellow100,no,,429.375418,5.0,ok,
label_plate_INPUT_4,input_box_1_demo_tube_03_blue75,no,,395.109162,5.0,ok,
label_plate_INPUT_4,input_box_1_demo_tube_04_red75,no,,381.076436,5.0,ok,
label_plate_INPUT_4,input_box_1_demo_tube_05_purple75,no,,342.004751,5.0,ok,
label_plate_INPUT_4,input_box_2_demo_tube_01_purple75,no,,333.522488,5.0,ok,
label_plate_INPUT_4,input_box_2_demo_tube_02_yellow100,no,,302.346242,5.0,ok,
label_plate_INPUT_4,input_box_2_demo_tube_03_blue75,no,,265.407705,5.0,ok,
label_plate_INPUT_4,input_box_2_demo_tube_04_red75,no,,258.513539,5.0,ok,
label_plate_INPUT_4,input_box_2_demo_tube_05_purple75,no,,214.143060,5.0,ok,
label_plate_INPUT_4,input_box_3_demo_tube_01_purple75,no,,228.226313,5.0,ok,
label_plate_INPUT_4,input_box_3_demo_tube_02_yellow100,no,,179.619737,5.0,ok,
label_plate_INPUT_4,input_box_3_demo_tube_03_blue75,no,,136.276374,5.0,ok,
label_plate_INPUT_4,input_box_3_demo_tube_04_red75,no,,149.128300,5.0,ok,
label_plate_INPUT_4,input_box_3_demo_tube_05_purple75,no,,92.451339,5.0,ok,
label_plate_INPUT_4,input_box_4_demo_tube_01_purple75,no,,163.515290,5.0,ok,
label_plate_INPUT_4,input_box_4_demo_tube_02_yellow100,no,,83.145956,5.0,ok,
label_plate_INPUT_4,input_box_4_demo_tube_03_blue75,no,,22.388613,5.0,ok,
label_plate_INPUT_4,input_box_4_demo_tube_04_red75,no,,104.450754,5.0,ok,
label_plate_INPUT_4,input_box_4_demo_tube_05_purple75,no,,58.168376,5.0,ok,
label_plate_INPUT_4,scan_station_demo_tube_yellow100,no,,160.761469,5.0,ok,
label_plate_INPUT_4,category_A_classified_tube_01_purple75,no,,576.573716,5.0,ok,
label_plate_INPUT_4,category_A_classified_tube_02_purple75,no,,606.973846,5.0,ok,
label_plate_INPUT_4,category_A_classified_tube_03_purple75,no,,642.057046,5.0,ok,
label_plate_INPUT_4,category_B_classified_tube_01_yellow100,no,,508.907899,5.0,ok,
label_plate_INPUT_4,category_B_classified_tube_02_yellow100,no,,549.770179,5.0,ok,
label_plate_INPUT_4,category_B_classified_tube_03_yellow100,no,,594.430189,5.0,ok,
label_plate_INPUT_4,category_C_classified_tube_01_blue75,no,,468.334549,5.0,ok,
label_plate_INPUT_4,category_C_classified_tube_02_blue75,no,,519.497113,5.0,ok,
label_plate_INPUT_4,category_C_classified_tube_03_blue75,no,,572.937388,5.0,ok,
label_plate_INPUT_4,category_D_classified_tube_01_red75,no,,460.642768,5.0,ok,
label_plate_INPUT_4,category_D_classified_tube_02_red75,no,,518.553141,5.0,ok,
label_plate_INPUT_4,category_D_classified_tube_03_red75,no,,577.445201,5.0,ok,
scan_tube_holder,barcode_scanner_mount_bracket,no,,33.614878,5.0,ok,
scan_tube_holder,photoelectric_sensor_mount_bracket,no,,47.031479,5.0,ok,
scan_tube_holder,label_plate_SCAN,no,,22.500000,5.0,ok,
scan_tube_holder,label_plate_A,no,,596.686894,5.0,ok,
scan_tube_holder,label_plate_B,no,,585.500000,5.0,ok,
scan_tube_holder,label_plate_C,no,,590.284042,5.0,ok,
scan_tube_holder,label_plate_D,no,,620.350909,5.0,ok,
scan_tube_holder,label_plate_REVIEW,no,,395.500000,5.0,ok,
scan_tube_holder,control_box_placeholder,no,,658.240268,5.0,ok,
scan_tube_holder,emergency_stop_placeholder,no,,537.227140,5.0,ok,
scan_tube_holder,cable_chain_path_placeholder,no,,235.982542,5.0,ok,
scan_tube_holder,transparent_guard_frame_placeholder,yes,,,5.0,allowed_mount_contact,whitelisted expected mount/contact pair
scan_tube_holder,limit_switch_placeholder_1,no,,548.566824,5.0,ok,
scan_tube_holder,limit_switch_placeholder_2,no,,461.871800,5.0,ok,
scan_tube_holder,limit_switch_placeholder_3,no,,744.519013,5.0,ok,
scan_tube_holder,limit_switch_placeholder_4,no,,683.160713,5.0,ok,
scan_tube_holder,left_y_axis_module,no,,306.820176,5.0,ok,
scan_tube_holder,right_y_axis_module,no,,615.751224,5.0,ok,
scan_tube_holder,x_axis_module_on_gantry,no,,182.220176,5.0,ok,
scan_tube_holder,z_axis_module,no,,165.563341,5.0,ok,
scan_tube_holder,electric_parallel_gripper,no,,76.153792,5.0,ok,
scan_tube_holder,input_box_1,no,,184.805303,5.0,ok,
scan_tube_holder,input_box_2,no,,113.282832,5.0,ok,
scan_tube_holder,input_box_3,no,,112.000000,5.0,ok,
scan_tube_holder,input_box_4,no,,141.820309,5.0,ok,
scan_tube_holder,barcode_scanner,no,,60.785278,5.0,ok,
scan_tube_holder,photoelectric_sensor,no,,87.901991,5.0,ok,
scan_tube_holder,category_A_output_box_4x6,no,,388.726125,5.0,ok,
scan_tube_holder,category_B_output_box_4x6,no,,382.000000,5.0,ok,
scan_tube_holder,category_C_output_box_4x6,no,,383.337971,5.0,ok,
scan_tube_holder,category_D_output_box_4x6,no,,414.931320,5.0,ok,
scan_tube_holder,manual_review_bin_2x3,no,,304.500000,5.0,ok,
scan_tube_holder,input_box_1_demo_tube_01_purple75,no,,357.674097,5.0,ok,
scan_tube_holder,input_box_1_demo_tube_02_yellow100,no,,301.056075,5.0,ok,
scan_tube_holder,input_box_1_demo_tube_03_blue75,no,,246.776741,5.0,ok,
scan_tube_holder,input_box_1_demo_tube_04_red75,no,,278.644505,5.0,ok,
scan_tube_holder,input_box_1_demo_tube_05_purple75,no,,218.876129,5.0,ok,
scan_tube_holder,input_box_2_demo_tube_01_purple75,no,,286.654426,5.0,ok,
scan_tube_holder,input_box_2_demo_tube_02_yellow100,no,,211.836635,5.0,ok,
scan_tube_holder,input_box_2_demo_tube_03_blue75,no,,149.728955,5.0,ok,
scan_tube_holder,input_box_2_demo_tube_04_red75,no,,215.505824,5.0,ok,
scan_tube_holder,input_box_2_demo_tube_05_purple75,no,,154.876596,5.0,ok,
scan_tube_holder,input_box_3_demo_tube_01_purple75,no,,264.291052,5.0,ok,
scan_tube_holder,input_box_3_demo_tube_02_yellow100,no,,180.426606,5.0,ok,
scan_tube_holder,input_box_3_demo_tube_03_blue75,no,,124.618458,5.0,ok,
scan_tube_holder,input_box_3_demo_tube_04_red75,no,,209.634825,5.0,ok,
scan_tube_holder,input_box_3_demo_tube_05_purple75,no,,160.806592,5.0,ok,
scan_tube_holder,input_box_4_demo_tube_01_purple75,no,,281.529324,5.0,ok,
scan_tube_holder,input_box_4_demo_tube_02_yellow100,no,,204.848139,5.0,ok,
scan_tube_holder,input_box_4_demo_tube_03_blue75,no,,176.507110,5.0,ok,
scan_tube_holder,input_box_4_demo_tube_04_red75,no,,258.508723,5.0,ok,
scan_tube_holder,input_box_4_demo_tube_05_purple75,no,,236.682826,5.0,ok,
scan_tube_holder,scan_station_demo_tube_yellow100,no,,11.400000,5.0,ok,
scan_tube_holder,category_A_classified_tube_01_purple75,no,,427.721592,5.0,ok,
scan_tube_holder,category_A_classified_tube_02_purple75,no,,470.847916,5.0,ok,
scan_tube_holder,category_A_classified_tube_03_purple75,no,,517.966949,5.0,ok,
scan_tube_holder,category_B_classified_tube_01_yellow100,no,,395.835521,5.0,ok,
scan_tube_holder,category_B_classified_tube_02_yellow100,no,,450.241891,5.0,ok,
scan_tube_holder,category_B_classified_tube_03_yellow100,no,,506.151914,5.0,ok,
scan_tube_holder,category_C_classified_tube_01_blue75,no,,396.426235,5.0,ok,
scan_tube_holder,category_C_classified_tube_02_blue75,no,,455.580684,5.0,ok,
scan_tube_holder,category_C_classified_tube_03_blue75,no,,515.551898,5.0,ok,
scan_tube_holder,category_D_classified_tube_01_red75,no,,430.085759,5.0,ok,
scan_tube_holder,category_D_classified_tube_02_red75,no,,492.598985,5.0,ok,
scan_tube_holder,category_D_classified_tube_03_red75,no,,555.134002,5.0,ok,
barcode_scanner_mount_bracket,photoelectric_sensor_mount_bracket,no,,51.000000,5.0,ok,
barcode_scanner_mount_bracket,label_plate_SCAN,no,,91.598308,5.0,ok,
barcode_scanner_mount_bracket,label_plate_A,no,,599.377385,5.0,ok,
barcode_scanner_mount_bracket,label_plate_B,no,,595.672099,5.0,ok,
barcode_scanner_mount_bracket,label_plate_C,no,,612.670588,5.0,ok,
barcode_scanner_mount_bracket,label_plate_D,no,,655.519069,5.0,ok,
barcode_scanner_mount_bracket,label_plate_REVIEW,no,,464.509688,5.0,ok,
barcode_scanner_mount_bracket,control_box_placeholder,no,,646.779908,5.0,ok,
barcode_scanner_mount_bracket,emergency_stop_placeholder,no,,578.249946,5.0,ok,
barcode_scanner_mount_bracket,cable_chain_path_placeholder,no,,186.000000,5.0,ok,
barcode_scanner_mount_bracket,transparent_guard_frame_placeholder,yes,,,5.0,allowed_mount_contact,whitelisted expected mount/contact pair
barcode_scanner_mount_bracket,limit_switch_placeholder_1,no,,583.211797,5.0,ok,
barcode_scanner_mount_bracket,limit_switch_placeholder_2,no,,403.316253,5.0,ok,
barcode_scanner_mount_bracket,limit_switch_placeholder_3,no,,791.176339,5.0,ok,
barcode_scanner_mount_bracket,limit_switch_placeholder_4,no,,669.692467,5.0,ok,
barcode_scanner_mount_bracket,left_y_axis_module,no,,275.820176,5.0,ok,
barcode_scanner_mount_bracket,right_y_axis_module,no,,625.751224,5.0,ok,
barcode_scanner_mount_bracket,x_axis_module_on_gantry,no,,127.081715,5.0,ok,
barcode_scanner_mount_bracket,z_axis_module,no,,125.048031,5.0,ok,
barcode_scanner_mount_bracket,electric_parallel_gripper,no,,106.955318,5.0,ok,
barcode_scanner_mount_bracket,input_box_1,no,,128.689549,5.0,ok,
barcode_scanner_mount_bracket,input_box_2,no,,81.000000,5.0,ok,
barcode_scanner_mount_bracket,input_box_3,no,,85.070559,5.0,ok,
barcode_scanner_mount_bracket,input_box_4,no,,175.775425,5.0,ok,
barcode_scanner_mount_bracket,barcode_scanner,yes,,,5.0,allowed_mount_contact,whitelisted expected mount/contact pair
barcode_scanner_mount_bracket,photoelectric_sensor,no,,87.000000,5.0,ok,
barcode_scanner_mount_bracket,category_A_output_box_4x6,no,,392.796385,5.0,ok,
barcode_scanner_mount_bracket,category_B_output_box_4x6,no,,392.000000,5.0,ok,
barcode_scanner_mount_bracket,category_C_output_box_4x6,no,,404.802421,5.0,ok,
barcode_scanner_mount_bracket,category_D_output_box_4x6,no,,455.000000,5.0,ok,
barcode_scanner_mount_bracket,manual_review_bin_2x3,no,,373.500000,5.0,ok,
barcode_scanner_mount_bracket,input_box_1_demo_tube_01_purple75,no,,303.191359,5.0,ok,
barcode_scanner_mount_bracket,input_box_1_demo_tube_02_yellow100,no,,244.616026,5.0,ok,
barcode_scanner_mount_bracket,input_box_1_demo_tube_03_blue75,no,,190.276115,5.0,ok,
barcode_scanner_mount_bracket,input_box_1_demo_tube_04_red75,no,,224.439301,5.0,ok,
barcode_scanner_mount_bracket,input_box_1_demo_tube_05_purple75,no,,163.526756,5.0,ok,
barcode_scanner_mount_bracket,input_box_2_demo_tube_01_purple75,no,,241.629882,5.0,ok,
barcode_scanner_mount_bracket,input_box_2_demo_tube_02_yellow100,no,,162.163498,5.0,ok,
barcode_scanner_mount_bracket,input_box_2_demo_tube_03_blue75,no,,99.724621,5.0,ok,
barcode_scanner_mount_bracket,input_box_2_demo_tube_04_red75,no,,177.180699,5.0,ok,
barcode_scanner_mount_bracket,input_box_2_demo_tube_05_purple75,no,,121.000000,5.0,ok,
barcode_scanner_mount_bracket,input_box_3_demo_tube_01_purple75,no,,235.764713,5.0,ok,
barcode_scanner_mount_bracket,input_box_3_demo_tube_02_yellow100,no,,153.287312,5.0,ok,
barcode_scanner_mount_bracket,input_box_3_demo_tube_03_blue75,no,,112.893755,5.0,ok,
barcode_scanner_mount_bracket,input_box_3_demo_tube_04_red75,no,,199.481829,5.0,ok,
barcode_scanner_mount_bracket,input_box_3_demo_tube_05_purple75,no,,170.414201,5.0,ok,
barcode_scanner_mount_bracket,input_box_4_demo_tube_01_purple75,no,,286.085652,5.0,ok,
barcode_scanner_mount_bracket,input_box_4_demo_tube_02_yellow100,no,,223.062771,5.0,ok,
barcode_scanner_mount_bracket,input_box_4_demo_tube_03_blue75,no,,215.139490,5.0,ok,
barcode_scanner_mount_bracket,input_box_4_demo_tube_04_red75,no,,283.924286,5.0,ok,
barcode_scanner_mount_bracket,input_box_4_demo_tube_05_purple75,no,,277.742687,5.0,ok,
barcode_scanner_mount_bracket,scan_station_demo_tube_yellow100,no,,43.000000,5.0,ok,
barcode_scanner_mount_bracket,category_A_classified_tube_01_purple75,no,,421.161489,5.0,ok,
barcode_scanner_mount_bracket,category_A_classified_tube_02_purple75,no,,468.914704,5.0,ok,
barcode_scanner_mount_bracket,category_A_classified_tube_03_purple75,no,,519.831704,5.0,ok,
barcode_scanner_mount_bracket,category_B_classified_tube_01_yellow100,no,,404.000000,5.0,ok,
barcode_scanner_mount_bracket,category_B_classified_tube_02_yellow100,no,,460.088035,5.0,ok,
barcode_scanner_mount_bracket,category_B_classified_tube_03_yellow100,no,,517.324850,5.0,ok,
barcode_scanner_mount_bracket,category_C_classified_tube_01_blue75,no,,418.971359,5.0,ok,
barcode_scanner_mount_bracket,category_C_classified_tube_02_blue75,no,,480.542402,5.0,ok,
barcode_scanner_mount_bracket,category_C_classified_tube_03_blue75,no,,542.351362,5.0,ok,
barcode_scanner_mount_bracket,category_D_classified_tube_01_red75,no,,470.422151,5.0,ok,
barcode_scanner_mount_bracket,category_D_classified_tube_02_red75,no,,532.879911,5.0,ok,
barcode_scanner_mount_bracket,category_D_classified_tube_03_red75,no,,595.369633,5.0,ok,
photoelectric_sensor_mount_bracket,label_plate_SCAN,no,,81.500000,5.0,ok,
photoelectric_sensor_mount_bracket,label_plate_A,no,,466.073224,5.0,ok,
photoelectric_sensor_mount_bracket,label_plate_B,no,,459.517410,5.0,ok,
photoelectric_sensor_mount_bracket,label_plate_C,no,,478.640000,5.0,ok,
photoelectric_sensor_mount_bracket,label_plate_D,no,,529.939855,5.0,ok,
photoelectric_sensor_mount_bracket,label_plate_REVIEW,no,,454.984890,5.0,ok,
photoelectric_sensor_mount_bracket,control_box_placeholder,no,,530.194540,5.0,ok,
photoelectric_sensor_mount_bracket,emergency_stop_placeholder,no,,630.942945,5.0,ok,
photoelectric_sensor_mount_bracket,cable_chain_path_placeholder,no,,196.000000,5.0,ok,
photoelectric_sensor_mount_bracket,transparent_guard_frame_placeholder,yes,,,5.0,allowed_mount_contact,whitelisted expected mount/contact pair
photoelectric_sensor_mount_bracket,limit_switch_placeholder_1,no,,639.691332,5.0,ok,
photoelectric_sensor_mount_bracket,limit_switch_placeholder_2,no,,496.762519,5.0,ok,
photoelectric_sensor_mount_bracket,limit_switch_placeholder_3,no,,683.231293,5.0,ok,
photoelectric_sensor_mount_bracket,limit_switch_placeholder_4,no,,551.700100,5.0,ok,
photoelectric_sensor_mount_bracket,left_y_axis_module,no,,383.820176,5.0,ok,
photoelectric_sensor_mount_bracket,right_y_axis_module,no,,489.751224,5.0,ok,
photoelectric_sensor_mount_bracket,x_axis_module_on_gantry,no,,145.872495,5.0,ok,
photoelectric_sensor_mount_bracket,z_axis_module,no,,95.032889,5.0,ok,
photoelectric_sensor_mount_bracket,electric_parallel_gripper,no,,81.394103,5.0,ok,
photoelectric_sensor_mount_bracket,input_box_1,no,,218.680132,5.0,ok,
photoelectric_sensor_mount_bracket,input_box_2,no,,189.000000,5.0,ok,
photoelectric_sensor_mount_bracket,input_box_3,no,,189.676040,5.0,ok,
photoelectric_sensor_mount_bracket,input_box_4,no,,238.824203,5.0,ok,
photoelectric_sensor_mount_bracket,barcode_scanner,no,,33.781652,5.0,ok,
photoelectric_sensor_mount_bracket,photoelectric_sensor,yes,,,5.0,allowed_mount_contact,whitelisted expected mount/contact pair
photoelectric_sensor_mount_bracket,category_A_output_box_4x6,no,,258.381501,5.0,ok,
photoelectric_sensor_mount_bracket,category_B_output_box_4x6,no,,256.000000,5.0,ok,
photoelectric_sensor_mount_bracket,category_C_output_box_4x6,no,,271.692841,5.0,ok,
photoelectric_sensor_mount_bracket,category_D_output_box_4x6,no,,338.196688,5.0,ok,
photoelectric_sensor_mount_bracket,manual_review_bin_2x3,no,,363.611400,5.0,ok,
photoelectric_sensor_mount_bracket,input_box_1_demo_tube_01_purple75,no,,397.362555,5.0,ok,
photoelectric_sensor_mount_bracket,input_box_1_demo_tube_02_yellow100,no,,328.123452,5.0,ok,
photoelectric_sensor_mount_bracket,input_box_1_demo_tube_03_blue75,no,,267.164743,5.0,ok,
photoelectric_sensor_mount_bracket,input_box_1_demo_tube_04_red75,no,,321.137042,5.0,ok,
photoelectric_sensor_mount_bracket,input_box_1_demo_tube_05_purple75,no,,258.536264,5.0,ok,
photoelectric_sensor_mount_bracket,input_box_2_demo_tube_01_purple75,no,,348.936957,5.0,ok,
photoelectric_sensor_mount_bracket,input_box_2_demo_tube_02_yellow100,no,,267.441582,5.0,ok,
photoelectric_sensor_mount_bracket,input_box_2_demo_tube_03_blue75,no,,206.196508,5.0,ok,
photoelectric_sensor_mount_bracket,input_box_2_demo_tube_04_red75,no,,285.567855,5.0,ok,
photoelectric_sensor_mount_bracket,input_box_2_demo_tube_05_purple75,no,,229.000000,5.0,ok,
photoelectric_sensor_mount_bracket,input_box_3_demo_tube_01_purple75,no,,341.989766,5.0,ok,
photoelectric_sensor_mount_bracket,input_box_3_demo_tube_02_yellow100,no,,258.311827,5.0,ok,
photoelectric_sensor_mount_bracket,input_box_3_demo_tube_03_blue75,no,,208.127365,5.0,ok,
photoelectric_sensor_mount_bracket,input_box_3_demo_tube_04_red75,no,,296.561967,5.0,ok,
photoelectric_sensor_mount_bracket,input_box_3_demo_tube_05_purple75,no,,254.049208,5.0,ok,
photoelectric_sensor_mount_bracket,input_box_4_demo_tube_01_purple75,no,,374.989333,5.0,ok,
photoelectric_sensor_mount_bracket,input_box_4_demo_tube_02_yellow100,no,,300.640982,5.0,ok,
photoelectric_sensor_mount_bracket,input_box_4_demo_tube_03_blue75,no,,272.501376,5.0,ok,
photoelectric_sensor_mount_bracket,input_box_4_demo_tube_04_red75,no,,355.202759,5.0,ok,
photoelectric_sensor_mount_bracket,input_box_4_demo_tube_05_purple75,no,,331.724283,5.0,ok,
photoelectric_sensor_mount_bracket,scan_station_demo_tube_yellow100,no,,60.745370,5.0,ok,
photoelectric_sensor_mount_bracket,category_A_classified_tube_01_purple75,no,,297.430664,5.0,ok,
photoelectric_sensor_mount_bracket,category_A_classified_tube_02_purple75,no,,339.377371,5.0,ok,
photoelectric_sensor_mount_bracket,category_A_classified_tube_03_purple75,no,,386.948317,5.0,ok,
photoelectric_sensor_mount_bracket,category_B_classified_tube_01_yellow100,no,,268.000000,5.0,ok,
photoelectric_sensor_mount_bracket,category_B_classified_tube_02_yellow100,no,,324.000000,5.0,ok,
photoelectric_sensor_mount_bracket,category_B_classified_tube_03_yellow100,no,,380.958003,5.0,ok,
photoelectric_sensor_mount_bracket,category_C_classified_tube_01_blue75,no,,286.400070,5.0,ok,
photoelectric_sensor_mount_bracket,category_C_classified_tube_02_blue75,no,,348.736290,5.0,ok,
photoelectric_sensor_mount_bracket,category_C_classified_tube_03_blue75,no,,411.155688,5.0,ok,
photoelectric_sensor_mount_bracket,category_D_classified_tube_01_red75,no,,353.814923,5.0,ok,
photoelectric_sensor_mount_bracket,category_D_classified_tube_02_red75,no,,414.797541,5.0,ok,
photoelectric_sensor_mount_bracket,category_D_classified_tube_03_red75,no,,476.202688,5.0,ok,
label_plate_SCAN,label_plate_A,no,,565.760108,5.0,ok,
label_plate_SCAN,label_plate_B,no,,540.254107,5.0,ok,
label_plate_SCAN,label_plate_C,no,,540.688644,5.0,ok,
label_plate_SCAN,label_plate_D,no,,567.344877,5.0,ok,
label_plate_SCAN,label_plate_REVIEW,no,,369.100000,5.0,ok,
label_plate_SCAN,control_box_placeholder,no,,648.213699,5.0,ok,
label_plate_SCAN,emergency_stop_placeholder,no,,534.539578,5.0,ok,
label_plate_SCAN,cable_chain_path_placeholder,no,,293.476149,5.0,ok,
label_plate_SCAN,transparent_guard_frame_placeholder,yes,,,5.0,allowed_mount_contact,whitelisted expected mount/contact pair
label_plate_SCAN,limit_switch_placeholder_1,no,,547.158076,5.0,ok,
label_plate_SCAN,limit_switch_placeholder_2,no,,522.141983,5.0,ok,
label_plate_SCAN,limit_switch_placeholder_3,no,,690.798784,5.0,ok,
label_plate_SCAN,limit_switch_placeholder_4,no,,671.158141,5.0,ok,
label_plate_SCAN,left_y_axis_module,no,,335.820176,5.0,ok,
label_plate_SCAN,right_y_axis_module,no,,568.751224,5.0,ok,
label_plate_SCAN,x_axis_module_on_gantry,no,,178.820176,5.0,ok,
label_plate_SCAN,z_axis_module,no,,142.190400,5.0,ok,
label_plate_SCAN,electric_parallel_gripper,no,,53.000000,5.0,ok,
label_plate_SCAN,input_box_1,no,,249.221287,5.0,ok,
label_plate_SCAN,input_box_2,no,,159.941396,5.0,ok,
label_plate_SCAN,input_box_3,no,,141.000000,5.0,ok,
label_plate_SCAN,input_box_4,no,,153.471040,5.0,ok,
label_plate_SCAN,barcode_scanner,no,,89.427736,5.0,ok,
label_plate_SCAN,photoelectric_sensor,no,,74.170412,5.0,ok,
label_plate_SCAN,category_A_output_box_4x6,no,,359.520862,5.0,ok,
label_plate_SCAN,category_B_output_box_4x6,no,,335.000373,5.0,ok,
label_plate_SCAN,category_C_output_box_4x6,no,,335.046803,5.0,ok,
label_plate_SCAN,category_D_output_box_4x6,no,,361.403320,5.0,ok,
label_plate_SCAN,manual_review_bin_2x3,no,,278.100000,5.0,ok,
label_plate_SCAN,input_box_1_demo_tube_01_purple75,no,,419.082629,5.0,ok,
label_plate_SCAN,input_box_1_demo_tube_02_yellow100,no,,365.324855,5.0,ok,
label_plate_SCAN,input_box_1_demo_tube_03_blue75,no,,311.772754,5.0,ok,
label_plate_SCAN,input_box_1_demo_tube_04_red75,no,,339.915063,5.0,ok,
label_plate_SCAN,input_box_1_demo_tube_05_purple75,no,,281.571039,5.0,ok,
label_plate_SCAN,input_box_2_demo_tube_01_purple75,no,,338.615195,5.0,ok,
label_plate_SCAN,input_box_2_demo_tube_02_yellow100,no,,269.243849,5.0,ok,
label_plate_SCAN,input_box_2_demo_tube_03_blue75,no,,208.595901,5.0,ok,
label_plate_SCAN,input_box_2_demo_tube_04_red75,no,,262.930124,5.0,ok,
label_plate_SCAN,input_box_2_demo_tube_05_purple75,no,,200.380263,5.0,ok,
label_plate_SCAN,input_box_3_demo_tube_01_purple75,no,,295.787508,5.0,ok,
label_plate_SCAN,input_box_3_demo_tube_02_yellow100,no,,212.890230,5.0,ok,
label_plate_SCAN,input_box_3_demo_tube_03_blue75,no,,153.695315,5.0,ok,
label_plate_SCAN,input_box_3_demo_tube_04_red75,no,,237.170825,5.0,ok,
label_plate_SCAN,input_box_3_demo_tube_05_purple75,no,,182.885647,5.0,ok,
label_plate_SCAN,input_box_4_demo_tube_01_purple75,no,,301.520082,5.0,ok,
label_plate_SCAN,input_box_4_demo_tube_02_yellow100,no,,220.785779,5.0,ok,
label_plate_SCAN,input_box_4_demo_tube_03_blue75,no,,182.241488,5.0,ok,
label_plate_SCAN,input_box_4_demo_tube_04_red75,no,,268.844862,5.0,ok,
label_plate_SCAN,input_box_4_demo_tube_05_purple75,no,,238.208228,5.0,ok,
label_plate_SCAN,scan_station_demo_tube_yellow100,no,,33.604315,5.0,ok,
label_plate_SCAN,category_A_classified_tube_01_purple75,no,,413.388740,5.0,ok,
label_plate_SCAN,category_A_classified_tube_02_purple75,no,,448.444255,5.0,ok,
label_plate_SCAN,category_A_classified_tube_03_purple75,no,,489.033997,5.0,ok,
label_plate_SCAN,category_B_classified_tube_01_yellow100,no,,359.750261,5.0,ok,
label_plate_SCAN,category_B_classified_tube_02_yellow100,no,,408.548957,5.0,ok,
label_plate_SCAN,category_B_classified_tube_03_yellow100,no,,460.699740,5.0,ok,
label_plate_SCAN,category_C_classified_tube_01_blue75,no,,347.467063,5.0,ok,
label_plate_SCAN,category_C_classified_tube_02_blue75,no,,405.451551,5.0,ok,
label_plate_SCAN,category_C_classified_tube_03_blue75,no,,464.638096,5.0,ok,
label_plate_SCAN,category_D_classified_tube_01_red75,no,,376.416471,5.0,ok,
label_plate_SCAN,category_D_classified_tube_02_red75,no,,438.892880,5.0,ok,
label_plate_SCAN,category_D_classified_tube_03_red75,no,,501.402593,5.0,ok,
label_plate_A,label_plate_B,no,,96.000000,5.0,ok,
label_plate_A,label_plate_C,no,,226.000000,5.0,ok,
label_plate_A,label_plate_D,no,,356.000000,5.0,ok,
label_plate_A,label_plate_REVIEW,no,,786.417510,5.0,ok,
label_plate_A,control_box_placeholder,no,,158.500000,5.0,ok,
label_plate_A,emergency_stop_placeholder,no,,1106.217090,5.0,ok,
label_plate_A,cable_chain_path_placeholder,no,,105.234262,5.0,ok,
label_plate_A,transparent_guard_frame_placeholder,yes,,,5.0,allowed_mount_contact,whitelisted expected mount/contact pair
label_plate_A,limit_switch_placeholder_1,no,,1123.290813,5.0,ok,
label_plate_A,limit_switch_placeholder_2,no,,976.904422,5.0,ok,
label_plate_A,limit_switch_placeholder_3,no,,579.415188,5.0,ok,
label_plate_A,limit_switch_placeholder_4,no,,168.172412,5.0,ok,
label_plate_A,left_y_axis_module,no,,928.320176,5.0,ok,
label_plate_A,right_y_axis_module,no,,26.351224,5.0,ok,
label_plate_A,x_axis_module_on_gantry,no,,249.183400,5.0,ok,
label_plate_A,z_axis_module,no,,468.273221,5.0,ok,
label_plate_A,electric_parallel_gripper,no,,453.461840,5.0,ok,
label_plate_A,input_box_1,no,,733.500000,5.0,ok,
label_plate_A,input_box_2,no,,733.500000,5.0,ok,
label_plate_A,input_box_3,no,,741.408288,5.0,ok,
label_plate_A,input_box_4,no,,771.146063,5.0,ok,
label_plate_A,barcode_scanner,no,,584.560796,5.0,ok,
label_plate_A,photoelectric_sensor,no,,398.214590,5.0,ok,
label_plate_A,category_A_output_box_4x6,no,,23.500000,5.0,ok,
label_plate_A,category_B_output_box_4x6,no,,57.976288,5.0,ok,
label_plate_A,category_C_output_box_4x6,no,,184.502710,5.0,ok,
label_plate_A,category_D_output_box_4x6,no,,313.880949,5.0,ok,
label_plate_A,manual_review_bin_2x3,no,,716.828083,5.0,ok,
label_plate_A,input_box_1_demo_tube_01_purple75,no,,890.311884,5.0,ok,
label_plate_A,input_box_1_demo_tube_02_yellow100,no,,806.813020,5.0,ok,
label_plate_A,input_box_1_demo_tube_03_blue75,no,,748.296231,5.0,ok,
label_plate_A,input_box_1_demo_tube_04_red75,no,,830.329603,5.0,ok,
label_plate_A,input_box_1_demo_tube_05_purple75,no,,773.593724,5.0,ok,
label_plate_A,input_box_2_demo_tube_01_purple75,no,,885.545736,5.0,ok,
label_plate_A,input_box_2_demo_tube_02_yellow100,no,,801.550529,5.0,ok,
label_plate_A,input_box_2_demo_tube_03_blue75,no,,745.725989,5.0,ok,
label_plate_A,input_box_2_demo_tube_04_red75,no,,830.714903,5.0,ok,
label_plate_A,input_box_2_demo_tube_05_purple75,no,,776.895907,5.0,ok,
label_plate_A,input_box_3_demo_tube_01_purple75,no,,893.372962,5.0,ok,
label_plate_A,input_box_3_demo_tube_02_yellow100,no,,810.189638,5.0,ok,
label_plate_A,input_box_3_demo_tube_03_blue75,no,,759.715243,5.0,ok,
label_plate_A,input_box_3_demo_tube_04_red75,no,,847.600879,5.0,ok,
label_plate_A,input_box_3_demo_tube_05_purple75,no,,799.491870,5.0,ok,
label_plate_A,input_box_4_demo_tube_01_purple75,no,,919.616904,5.0,ok,
label_plate_A,input_box_4_demo_tube_02_yellow100,no,,839.039481,5.0,ok,
label_plate_A,input_box_4_demo_tube_03_blue75,no,,795.001415,5.0,ok,
label_plate_A,input_box_4_demo_tube_04_red75,no,,883.497170,5.0,ok,
label_plate_A,input_box_4_demo_tube_05_purple75,no,,841.788127,5.0,ok,
label_plate_A,scan_station_demo_tube_yellow100,no,,608.530402,5.0,ok,
label_plate_A,category_A_classified_tube_01_purple75,no,,176.550984,5.0,ok,
label_plate_A,category_A_classified_tube_02_purple75,no,,119.838433,5.0,ok,
label_plate_A,category_A_classified_tube_03_purple75,no,,64.134624,5.0,ok,
label_plate_A,category_B_classified_tube_01_yellow100,no,,186.682217,5.0,ok,
label_plate_A,category_B_classified_tube_02_yellow100,no,,150.473420,5.0,ok,
label_plate_A,category_B_classified_tube_03_yellow100,no,,135.182284,5.0,ok,
label_plate_A,category_C_classified_tube_01_blue75,no,,261.017720,5.0,ok,
label_plate_A,category_C_classified_tube_02_blue75,no,,251.400577,5.0,ok,
label_plate_A,category_C_classified_tube_03_blue75,no,,257.126914,5.0,ok,
label_plate_A,category_D_classified_tube_01_red75,no,,367.709464,5.0,ok,
label_plate_A,category_D_classified_tube_02_red75,no,,370.893853,5.0,ok,
label_plate_A,category_D_classified_tube_03_red75,no,,384.388150,5.0,ok,
label_plate_B,label_plate_C,no,,96.000000,5.0,ok,
label_plate_B,label_plate_D,no,,226.000000,5.0,ok,
label_plate_B,label_plate_REVIEW,no,,702.326491,5.0,ok,
label_plate_B,control_box_placeholder,no,,288.500000,5.0,ok,
label_plate_B,emergency_stop_placeholder,no,,1043.444416,5.0,ok,
label_plate_B,cable_chain_path_placeholder,no,,223.191062,5.0,ok,
label_plate_B,transparent_guard_frame_placeholder,yes,,,5.0,allowed_mount_contact,whitelisted expected mount/contact pair
label_plate_B,limit_switch_placeholder_1,no,,1062.507529,5.0,ok,
label_plate_B,limit_switch_placeholder_2,no,,1005.883815,5.0,ok,
label_plate_B,limit_switch_placeholder_3,no,,450.401998,5.0,ok,
label_plate_B,limit_switch_placeholder_4,no,,292.817281,5.0,ok,
label_plate_B,left_y_axis_module,no,,928.320176,5.0,ok,
label_plate_B,right_y_axis_module,no,,26.351224,5.0,ok,
label_plate_B,x_axis_module_on_gantry,no,,199.942012,5.0,ok,
label_plate_B,z_axis_module,no,,452.370213,5.0,ok,
label_plate_B,electric_parallel_gripper,no,,421.364023,5.0,ok,
label_plate_B,input_box_1,no,,744.584616,5.0,ok,
label_plate_B,input_box_2,no,,733.500000,5.0,ok,
label_plate_B,input_box_3,no,,733.500000,5.0,ok,
label_plate_B,input_box_4,no,,741.408288,5.0,ok,
label_plate_B,barcode_scanner,no,,579.053236,5.0,ok,
label_plate_B,photoelectric_sensor,no,,391.447634,5.0,ok,
label_plate_B,category_A_output_box_4x6,no,,57.976288,5.0,ok,
label_plate_B,category_B_output_box_4x6,no,,23.500000,5.0,ok,
label_plate_B,category_C_output_box_4x6,no,,57.976288,5.0,ok,
label_plate_B,category_D_output_box_4x6,no,,184.502710,5.0,ok,
label_plate_B,manual_review_bin_2x3,no,,642.115644,5.0,ok,
label_plate_B,input_box_1_demo_tube_01_purple75,no,,912.948657,5.0,ok,
label_plate_B,input_box_1_demo_tube_02_yellow100,no,,831.725466,5.0,ok,
label_plate_B,input_box_1_demo_tube_03_blue75,no,,770.381237,5.0,ok,
label_plate_B,input_box_1_demo_tube_04_red75,no,,845.994829,5.0,ok,
label_plate_B,input_box_1_demo_tube_05_purple75,no,,785.765391,5.0,ok,
label_plate_B,input_box_2_demo_tube_01_purple75,no,,890.311884,5.0,ok,
label_plate_B,input_box_2_demo_tube_02_yellow100,no,,806.813020,5.0,ok,
label_plate_B,input_box_2_demo_tube_03_blue75,no,,748.296231,5.0,ok,
label_plate_B,input_box_2_demo_tube_04_red75,no,,830.329603,5.0,ok,
label_plate_B,input_box_2_demo_tube_05_purple75,no,,773.593724,5.0,ok,
label_plate_B,input_box_3_demo_tube_01_purple75,no,,885.545736,5.0,ok,
label_plate_B,input_box_3_demo_tube_02_yellow100,no,,801.550529,5.0,ok,
label_plate_B,input_box_3_demo_tube_03_blue75,no,,745.725989,5.0,ok,
label_plate_B,input_box_3_demo_tube_04_red75,no,,830.714903,5.0,ok,
label_plate_B,input_box_3_demo_tube_05_purple75,no,,776.895907,5.0,ok,
label_plate_B,input_box_4_demo_tube_01_purple75,no,,893.372962,5.0,ok,
label_plate_B,input_box_4_demo_tube_02_yellow100,no,,810.189638,5.0,ok,
label_plate_B,input_box_4_demo_tube_03_blue75,no,,759.715243,5.0,ok,
label_plate_B,input_box_4_demo_tube_04_red75,no,,847.600879,5.0,ok,
label_plate_B,input_box_4_demo_tube_05_purple75,no,,799.491870,5.0,ok,
label_plate_B,scan_station_demo_tube_yellow100,no,,595.553734,5.0,ok,
label_plate_B,category_A_classified_tube_01_purple75,no,,229.107508,5.0,ok,
label_plate_B,category_A_classified_tube_02_purple75,no,,168.885316,5.0,ok,
label_plate_B,category_A_classified_tube_03_purple75,no,,111.329466,5.0,ok,
label_plate_B,category_B_classified_tube_01_yellow100,no,,176.550984,5.0,ok,
label_plate_B,category_B_classified_tube_02_yellow100,no,,119.838433,5.0,ok,
label_plate_B,category_B_classified_tube_03_yellow100,no,,64.134624,5.0,ok,
label_plate_B,category_C_classified_tube_01_blue75,no,,186.682217,5.0,ok,
label_plate_B,category_C_classified_tube_02_blue75,no,,150.473420,5.0,ok,
label_plate_B,category_C_classified_tube_03_blue75,no,,135.182284,5.0,ok,
label_plate_B,category_D_classified_tube_01_red75,no,,261.017720,5.0,ok,
label_plate_B,category_D_classified_tube_02_red75,no,,251.400577,5.0,ok,
label_plate_B,category_D_classified_tube_03_red75,no,,257.126914,5.0,ok,
label_plate_C,label_plate_D,no,,96.000000,5.0,ok,
label_plate_C,label_plate_REVIEW,no,,633.934145,5.0,ok,
label_plate_C,control_box_placeholder,no,,418.500000,5.0,ok,
label_plate_C,emergency_stop_placeholder,no,,993.798898,5.0,ok,
label_plate_C,cable_chain_path_placeholder,no,,349.791724,5.0,ok,
label_plate_C,transparent_guard_frame_placeholder,yes,,,5.0,allowed_mount_contact,whitelisted expected mount/contact pair
label_plate_C,limit_switch_placeholder_1,no,,1014.821290,5.0,ok,
label_plate_C,limit_switch_placeholder_2,no,,1050.267704,5.0,ok,
label_plate_C,limit_switch_placeholder_3,no,,322.183116,5.0,ok,
label_plate_C,limit_switch_placeholder_4,no,,420.716009,5.0,ok,
label_plate_C,left_y_axis_module,no,,928.320176,5.0,ok,
label_plate_C,right_y_axis_module,no,,26.351224,5.0,ok,
label_plate_C,x_axis_module_on_gantry,no,,198.934607,5.0,ok,
label_plate_C,z_axis_module,no,,455.464389,5.0,ok,
label_plate_C,electric_parallel_gripper,no,,419.550521,5.0,ok,
label_plate_C,input_box_1,no,,777.551445,5.0,ok,
label_plate_C,input_box_2,no,,744.584616,5.0,ok,
label_plate_C,input_box_3,no,,733.500000,5.0,ok,
label_plate_C,input_box_4,no,,733.500000,5.0,ok,
label_plate_C,barcode_scanner,no,,591.745097,5.0,ok,
label_plate_C,photoelectric_sensor,no,,406.072961,5.0,ok,
label_plate_C,category_A_output_box_4x6,no,,184.502710,5.0,ok,
label_plate_C,category_B_output_box_4x6,no,,57.976288,5.0,ok,
label_plate_C,category_C_output_box_4x6,no,,23.500000,5.0,ok,
label_plate_C,category_D_output_box_4x6,no,,57.976288,5.0,ok,
label_plate_C,manual_review_bin_2x3,no,,587.011499,5.0,ok,
label_plate_C,input_box_1_demo_tube_01_purple75,no,,952.940318,5.0,ok,
label_plate_C,input_box_1_demo_tube_02_yellow100,no,,875.435463,5.0,ok,
label_plate_C,input_box_1_demo_tube_03_blue75,no,,812.912818,5.0,ok,
label_plate_C,input_box_1_demo_tube_04_red75,no,,880.776504,5.0,ok,
label_plate_C,input_box_1_demo_tube_05_purple75,no,,818.661865,5.0,ok,
label_plate_C,input_box_2_demo_tube_01_purple75,no,,912.948657,5.0,ok,
label_plate_C,input_box_2_demo_tube_02_yellow100,no,,831.725466,5.0,ok,
label_plate_C,input_box_2_demo_tube_03_blue75,no,,770.381237,5.0,ok,
label_plate_C,input_box_2_demo_tube_04_red75,no,,845.994829,5.0,ok,
label_plate_C,input_box_2_demo_tube_05_purple75,no,,785.765391,5.0,ok,
label_plate_C,input_box_3_demo_tube_01_purple75,no,,890.311884,5.0,ok,
label_plate_C,input_box_3_demo_tube_02_yellow100,no,,806.813020,5.0,ok,
label_plate_C,input_box_3_demo_tube_03_blue75,no,,748.296231,5.0,ok,
label_plate_C,input_box_3_demo_tube_04_red75,no,,830.329603,5.0,ok,
label_plate_C,input_box_3_demo_tube_05_purple75,no,,773.593724,5.0,ok,
label_plate_C,input_box_4_demo_tube_01_purple75,no,,885.545736,5.0,ok,
label_plate_C,input_box_4_demo_tube_02_yellow100,no,,801.550529,5.0,ok,
label_plate_C,input_box_4_demo_tube_03_blue75,no,,745.725989,5.0,ok,
label_plate_C,input_box_4_demo_tube_04_red75,no,,830.714903,5.0,ok,
label_plate_C,input_box_4_demo_tube_05_purple75,no,,776.895907,5.0,ok,
label_plate_C,scan_station_demo_tube_yellow100,no,,601.588938,5.0,ok,
label_plate_C,category_A_classified_tube_01_purple75,no,,328.040013,5.0,ok,
label_plate_C,category_A_classified_tube_02_purple75,no,,276.337203,5.0,ok,
label_plate_C,category_A_classified_tube_03_purple75,no,,230.117905,5.0,ok,
label_plate_C,category_B_classified_tube_01_yellow100,no,,229.107508,5.0,ok,
label_plate_C,category_B_classified_tube_02_yellow100,no,,168.885316,5.0,ok,
label_plate_C,category_B_classified_tube_03_yellow100,no,,111.329466,5.0,ok,
label_plate_C,category_C_classified_tube_01_blue75,no,,176.550984,5.0,ok,
label_plate_C,category_C_classified_tube_02_blue75,no,,119.838433,5.0,ok,
label_plate_C,category_C_classified_tube_03_blue75,no,,64.134624,5.0,ok,
label_plate_C,category_D_classified_tube_01_red75,no,,186.682217,5.0,ok,
label_plate_C,category_D_classified_tube_02_red75,no,,150.473420,5.0,ok,
label_plate_C,category_D_classified_tube_03_red75,no,,135.182284,5.0,ok,
label_plate_D,label_plate_REVIEW,no,,586.755912,5.0,ok,
label_plate_D,control_box_placeholder,no,,548.500000,5.0,ok,
label_plate_D,emergency_stop_placeholder,no,,959.320723,5.0,ok,
label_plate_D,cable_chain_path_placeholder,no,,478.219876,5.0,ok,
label_plate_D,transparent_guard_frame_placeholder,yes,,,5.0,allowed_mount_contact,whitelisted expected mount/contact pair
label_plate_D,limit_switch_placeholder_1,no,,982.141665,5.0,ok,
label_plate_D,limit_switch_placeholder_2,no,,1108.206772,5.0,ok,
label_plate_D,limit_switch_placeholder_3,no,,196.321064,5.0,ok,
label_plate_D,limit_switch_placeholder_4,no,,549.601638,5.0,ok,
label_plate_D,left_y_axis_module,no,,928.320176,5.0,ok,
label_plate_D,right_y_axis_module,no,,26.351224,5.0,ok,
label_plate_D,x_axis_module_on_gantry,no,,238.056212,5.0,ok,
label_plate_D,z_axis_module,no,,487.983412,5.0,ok,
label_plate_D,electric_parallel_gripper,no,,444.525185,5.0,ok,
label_plate_D,input_box_1,no,,829.798921,5.0,ok,
label_plate_D,input_box_2,no,,777.551445,5.0,ok,
label_plate_D,input_box_3,no,,744.584616,5.0,ok,
label_plate_D,input_box_4,no,,733.500000,5.0,ok,
label_plate_D,barcode_scanner,no,,631.471504,5.0,ok,
label_plate_D,photoelectric_sensor,no,,458.121436,5.0,ok,
label_plate_D,category_A_output_box_4x6,no,,313.880949,5.0,ok,
label_plate_D,category_B_output_box_4x6,no,,184.502710,5.0,ok,
label_plate_D,category_C_output_box_4x6,no,,57.976288,5.0,ok,
label_plate_D,category_D_output_box_4x6,no,,23.500000,5.0,ok,
label_plate_D,manual_review_bin_2x3,no,,557.362091,5.0,ok,
label_plate_D,input_box_1_demo_tube_01_purple75,no,,1008.223809,5.0,ok,
label_plate_D,input_box_1_demo_tube_02_yellow100,no,,935.311312,5.0,ok,
label_plate_D,input_box_1_demo_tube_03_blue75,no,,872.907355,5.0,ok,
label_plate_D,input_box_1_demo_tube_04_red75,no,,932.538069,5.0,ok,
label_plate_D,input_box_1_demo_tube_05_purple75,no,,869.935199,5.0,ok,
label_plate_D,input_box_2_demo_tube_01_purple75,no,,952.940318,5.0,ok,
label_plate_D,input_box_2_demo_tube_02_yellow100,no,,875.435463,5.0,ok,
label_plate_D,input_box_2_demo_tube_03_blue75,no,,812.912818,5.0,ok,
label_plate_D,input_box_2_demo_tube_04_red75,no,,880.776504,5.0,ok,
label_plate_D,input_box_2_demo_tube_05_purple75,no,,818.661865,5.0,ok,
label_plate_D,input_box_3_demo_tube_01_purple75,no,,912.948657,5.0,ok,
label_plate_D,input_box_3_demo_tube_02_yellow100,no,,831.725466,5.0,ok,
label_plate_D,input_box_3_demo_tube_03_blue75,no,,770.381237,5.0,ok,
label_plate_D,input_box_3_demo_tube_04_red75,no,,845.994829,5.0,ok,
label_plate_D,input_box_3_demo_tube_05_purple75,no,,785.765391,5.0,ok,
label_plate_D,input_box_4_demo_tube_01_purple75,no,,890.311884,5.0,ok,
label_plate_D,input_box_4_demo_tube_02_yellow100,no,,806.813020,5.0,ok,
label_plate_D,input_box_4_demo_tube_03_blue75,no,,748.296231,5.0,ok,
label_plate_D,input_box_4_demo_tube_04_red75,no,,830.329603,5.0,ok,
label_plate_D,input_box_4_demo_tube_05_purple75,no,,773.593724,5.0,ok,
label_plate_D,scan_station_demo_tube_yellow100,no,,633.173949,5.0,ok,
label_plate_D,category_A_classified_tube_01_purple75,no,,443.317324,5.0,ok,
label_plate_D,category_A_classified_tube_02_purple75,no,,397.494969,5.0,ok,
label_plate_D,category_A_classified_tube_03_purple75,no,,356.811225,5.0,ok,
label_plate_D,category_B_classified_tube_01_yellow100,no,,328.040013,5.0,ok,
label_plate_D,category_B_classified_tube_02_yellow100,no,,276.337203,5.0,ok,
label_plate_D,category_B_classified_tube_03_yellow100,no,,230.117905,5.0,ok,
label_plate_D,category_C_classified_tube_01_blue75,no,,229.107508,5.0,ok,
label_plate_D,category_C_classified_tube_02_blue75,no,,168.885316,5.0,ok,
label_plate_D,category_C_classified_tube_03_blue75,no,,111.329466,5.0,ok,
label_plate_D,category_D_classified_tube_01_red75,no,,176.550984,5.0,ok,
label_plate_D,category_D_classified_tube_02_red75,no,,119.838433,5.0,ok,
label_plate_D,category_D_classified_tube_03_red75,no,,64.134624,5.0,ok,
label_plate_REVIEW,control_box_placeholder,no,,928.420702,5.0,ok,
label_plate_REVIEW,emergency_stop_placeholder,no,,299.888246,5.0,ok,
label_plate_REVIEW,cable_chain_path_placeholder,no,,665.369258,5.0,ok,
label_plate_REVIEW,transparent_guard_frame_placeholder,yes,,,5.0,allowed_mount_contact,whitelisted expected mount/contact pair
label_plate_REVIEW,limit_switch_placeholder_1,no,,327.561231,5.0,ok,
label_plate_REVIEW,limit_switch_placeholder_2,no,,805.650824,5.0,ok,
label_plate_REVIEW,limit_switch_placeholder_3,no,,591.607437,5.0,ok,
label_plate_REVIEW,limit_switch_placeholder_4,no,,944.339055,5.0,ok,
label_plate_REVIEW,left_y_axis_module,no,,286.820176,5.0,ok,
label_plate_REVIEW,right_y_axis_module,no,,595.751224,5.0,ok,
label_plate_REVIEW,x_axis_module_on_gantry,no,,367.668535,5.0,ok,
label_plate_REVIEW,z_axis_module,no,,403.455710,5.0,ok,
label_plate_REVIEW,electric_parallel_gripper,no,,343.624344,5.0,ok,
label_plate_REVIEW,input_box_1,no,,585.769793,5.0,ok,
label_plate_REVIEW,input_box_2,no,,457.838672,5.0,ok,
label_plate_REVIEW,input_box_3,no,,331.521115,5.0,ok,
label_plate_REVIEW,input_box_4,no,,209.752831,5.0,ok,
label_plate_REVIEW,barcode_scanner,no,,445.980627,5.0,ok,
label_plate_REVIEW,photoelectric_sensor,no,,434.030241,5.0,ok,
label_plate_REVIEW,category_A_output_box_4x6,no,,620.125995,5.0,ok,
label_plate_REVIEW,category_B_output_box_4x6,no,,520.140606,5.0,ok,
label_plate_REVIEW,category_C_output_box_4x6,no,,436.275429,5.0,ok,
label_plate_REVIEW,category_D_output_box_4x6,no,,379.376133,5.0,ok,
label_plate_REVIEW,manual_review_bin_2x3,no,,16.000000,5.0,ok,
label_plate_REVIEW,input_box_1_demo_tube_01_purple75,no,,715.453178,5.0,ok,
label_plate_REVIEW,input_box_1_demo_tube_02_yellow100,no,,691.330059,5.0,ok,
label_plate_REVIEW,input_box_1_demo_tube_03_blue75,no,,652.899112,5.0,ok,
label_plate_REVIEW,input_box_1_demo_tube_04_red75,no,,644.590762,5.0,ok,
label_plate_REVIEW,input_box_1_demo_tube_05_purple75,no,,603.189232,5.0,ok,
label_plate_REVIEW,input_box_2_demo_tube_01_purple75,no,,594.914490,5.0,ok,
label_plate_REVIEW,input_box_2_demo_tube_02_yellow100,no,,565.674155,5.0,ok,
label_plate_REVIEW,input_box_2_demo_tube_03_blue75,no,,524.983095,5.0,ok,
label_plate_REVIEW,input_box_2_demo_tube_04_red75,no,,521.639004,5.0,ok,
label_plate_REVIEW,input_box_2_demo_tube_05_purple75,no,,477.207764,5.0,ok,
label_plate_REVIEW,input_box_3_demo_tube_01_purple75,no,,479.346691,5.0,ok,
label_plate_REVIEW,input_box_3_demo_tube_02_yellow100,no,,442.535027,5.0,ok,
label_plate_REVIEW,input_box_3_demo_tube_03_blue75,no,,398.418436,5.0,ok,
label_plate_REVIEW,input_box_3_demo_tube_04_red75,no,,403.134283,5.0,ok,
label_plate_REVIEW,input_box_3_demo_tube_05_purple75,no,,354.142980,5.0,ok,
label_plate_REVIEW,input_box_4_demo_tube_01_purple75,no,,373.394229,5.0,ok,
label_plate_REVIEW,input_box_4_demo_tube_02_yellow100,no,,324.788008,5.0,ok,
label_plate_REVIEW,input_box_4_demo_tube_03_blue75,no,,275.076807,5.0,ok,
label_plate_REVIEW,input_box_4_demo_tube_04_red75,no,,294.494907,5.0,ok,
label_plate_REVIEW,input_box_4_demo_tube_05_purple75,no,,238.552405,5.0,ok,
label_plate_REVIEW,scan_station_demo_tube_yellow100,no,,405.578907,5.0,ok,
label_plate_REVIEW,category_A_classified_tube_01_purple75,no,,704.956204,5.0,ok,
label_plate_REVIEW,category_A_classified_tube_02_purple75,no,,713.660458,5.0,ok,
label_plate_REVIEW,category_A_classified_tube_03_purple75,no,,727.666991,5.0,ok,
label_plate_REVIEW,category_B_classified_tube_01_yellow100,no,,598.759760,5.0,ok,
label_plate_REVIEW,category_B_classified_tube_02_yellow100,no,,614.931907,5.0,ok,
label_plate_REVIEW,category_B_classified_tube_03_yellow100,no,,636.874595,5.0,ok,
label_plate_REVIEW,category_C_classified_tube_01_blue75,no,,503.848440,5.0,ok,
label_plate_REVIEW,category_C_classified_tube_02_blue75,no,,529.878524,5.0,ok,
label_plate_REVIEW,category_C_classified_tube_03_blue75,no,,561.711002,5.0,ok,
label_plate_REVIEW,category_D_classified_tube_01_red75,no,,427.800479,5.0,ok,
label_plate_REVIEW,category_D_classified_tube_02_red75,no,,466.048549,5.0,ok,
label_plate_REVIEW,category_D_classified_tube_03_red75,no,,509.145608,5.0,ok,
control_box_placeholder,emergency_stop_placeholder,no,,1216.161276,5.0,ok,
control_box_placeholder,cable_chain_path_placeholder,no,,50.000000,5.0,ok,
control_box_placeholder,transparent_guard_frame_placeholder,yes,,,5.0,allowed_mount_contact,whitelisted expected mount/contact pair
control_box_placeholder,limit_switch_placeholder_1,no,,1228.946398,5.0,ok,
control_box_placeholder,limit_switch_placeholder_2,no,,959.018769,5.0,ok,
control_box_placeholder,limit_switch_placeholder_3,no,,768.523422,5.0,ok,
control_box_placeholder,limit_switch_placeholder_4,no,,6.000000,5.0,ok,
control_box_placeholder,left_y_axis_module,no,,924.865589,5.0,ok,
control_box_placeholder,right_y_axis_module,no,,9.165104,5.0,ok,
control_box_placeholder,x_axis_module_on_gantry,no,,374.068405,5.0,ok,
control_box_placeholder,z_axis_module,no,,536.837135,5.0,ok,
control_box_placeholder,electric_parallel_gripper,no,,550.982341,5.0,ok,
control_box_placeholder,input_box_1,no,,731.122596,5.0,ok,
control_box_placeholder,input_box_2,no,,749.646750,5.0,ok,
control_box_placeholder,input_box_3,no,,789.430333,5.0,ok,
control_box_placeholder,input_box_4,no,,847.484661,5.0,ok,
control_box_placeholder,barcode_scanner,no,,634.343273,5.0,ok,
control_box_placeholder,photoelectric_sensor,no,,468.550275,5.0,ok,
control_box_placeholder,category_A_output_box_4x6,no,,117.218812,5.0,ok,
control_box_placeholder,category_B_output_box_4x6,no,,246.313317,5.0,ok,
control_box_placeholder,category_C_output_box_4x6,no,,376.032246,5.0,ok,
control_box_placeholder,category_D_output_box_4x6,no,,505.895493,5.0,ok,
control_box_placeholder,manual_review_bin_2x3,no,,849.943528,5.0,ok,
control_box_placeholder,input_box_1_demo_tube_01_purple75,no,,883.444537,5.0,ok,
control_box_placeholder,input_box_1_demo_tube_02_yellow100,no,,799.596304,5.0,ok,
control_box_placeholder,input_box_1_demo_tube_03_blue75,no,,746.140905,5.0,ok,
control_box_placeholder,input_box_1_demo_tube_04_red75,no,,832.837469,5.0,ok,
control_box_placeholder,input_box_1_demo_tube_05_purple75,no,,781.658653,5.0,ok,
control_box_placeholder,input_box_2_demo_tube_01_purple75,no,,900.280095,5.0,ok,
control_box_placeholder,input_box_2_demo_tube_02_yellow100,no,,818.159062,5.0,ok,
control_box_placeholder,input_box_2_demo_tube_03_blue75,no,,770.737472,5.0,ok,
control_box_placeholder,input_box_2_demo_tube_04_red75,no,,859.190462,5.0,ok,
control_box_placeholder,input_box_2_demo_tube_05_purple75,no,,814.162300,5.0,ok,
control_box_placeholder,input_box_3_demo_tube_01_purple75,no,,935.058421,5.0,ok,
control_box_placeholder,input_box_3_demo_tube_02_yellow100,no,,856.279306,5.0,ok,
control_box_placeholder,input_box_3_demo_tube_03_blue75,no,,815.564988,5.0,ok,
control_box_placeholder,input_box_3_demo_tube_04_red75,no,,903.658260,5.0,ok,
control_box_placeholder,input_box_3_demo_tube_05_purple75,no,,865.176427,5.0,ok,
control_box_placeholder,input_box_4_demo_tube_01_purple75,no,,985.882473,5.0,ok,
control_box_placeholder,input_box_4_demo_tube_02_yellow100,no,,911.506583,5.0,ok,
control_box_placeholder,input_box_4_demo_tube_03_blue75,no,,877.528490,5.0,ok,
control_box_placeholder,input_box_4_demo_tube_04_red75,no,,963.736608,5.0,ok,
control_box_placeholder,input_box_4_demo_tube_05_purple75,no,,931.665310,5.0,ok,
control_box_placeholder,scan_station_demo_tube_yellow100,no,,671.766514,5.0,ok,
control_box_placeholder,category_A_classified_tube_01_purple75,no,,212.918412,5.0,ok,
control_box_placeholder,category_A_classified_tube_02_purple75,no,,192.401273,5.0,ok,
control_box_placeholder,category_A_classified_tube_03_purple75,no,,191.160273,5.0,ok,
control_box_placeholder,category_B_classified_tube_01_yellow100,no,,308.000406,5.0,ok,
control_box_placeholder,category_B_classified_tube_02_yellow100,no,,306.313973,5.0,ok,
control_box_placeholder,category_B_classified_tube_03_yellow100,no,,317.225866,5.0,ok,
control_box_placeholder,category_C_classified_tube_01_blue75,no,,422.130608,5.0,ok,
control_box_placeholder,category_C_classified_tube_02_blue75,no,,429.462746,5.0,ok,
control_box_placeholder,category_C_classified_tube_03_blue75,no,,445.558358,5.0,ok,
control_box_placeholder,category_D_classified_tube_01_red75,no,,543.437439,5.0,ok,
control_box_placeholder,category_D_classified_tube_02_red75,no,,555.741172,5.0,ok,
control_box_placeholder,category_D_classified_tube_03_red75,no,,574.640975,5.0,ok,
emergency_stop_placeholder,cable_chain_path_placeholder,no,,705.234713,5.0,ok,
emergency_stop_placeholder,transparent_guard_frame_placeholder,yes,,,5.0,allowed_mount_contact,whitelisted expected mount/contact pair
emergency_stop_placeholder,limit_switch_placeholder_1,no,,40.000000,5.0,ok,
emergency_stop_placeholder,limit_switch_placeholder_2,no,,775.032903,5.0,ok,
emergency_stop_placeholder,limit_switch_placeholder_3,no,,962.831242,5.0,ok,
emergency_stop_placeholder,limit_switch_placeholder_4,no,,1235.362295,5.0,ok,
emergency_stop_placeholder,left_y_axis_module,no,,17.334896,5.0,ok,
emergency_stop_placeholder,right_y_axis_module,no,,969.906147,5.0,ok,
emergency_stop_placeholder,x_axis_module_on_gantry,no,,405.462700,5.0,ok,
emergency_stop_placeholder,z_axis_module,no,,616.024399,5.0,ok,
emergency_stop_placeholder,electric_parallel_gripper,no,,550.113661,5.0,ok,
emergency_stop_placeholder,input_box_1,no,,616.548457,5.0,ok,
emergency_stop_placeholder,input_box_2,no,,486.694976,5.0,ok,
emergency_stop_placeholder,input_box_3,no,,356.948176,5.0,ok,
emergency_stop_placeholder,input_box_4,no,,227.490659,5.0,ok,
emergency_stop_placeholder,barcode_scanner,no,,578.395721,5.0,ok,
emergency_stop_placeholder,photoelectric_sensor,no,,635.041731,5.0,ok,
emergency_stop_placeholder,category_A_output_box_4x6,no,,913.442390,5.0,ok,
emergency_stop_placeholder,category_B_output_box_4x6,no,,842.981020,5.0,ok,
emergency_stop_placeholder,category_C_output_box_4x6,no,,787.817872,5.0,ok,
emergency_stop_placeholder,category_D_output_box_4x6,no,,751.330154,5.0,ok,
emergency_stop_placeholder,manual_review_bin_2x3,no,,290.960908,5.0,ok,
emergency_stop_placeholder,input_box_1_demo_tube_01_purple75,no,,711.016174,5.0,ok,
emergency_stop_placeholder,input_box_1_demo_tube_02_yellow100,no,,720.405441,5.0,ok,
emergency_stop_placeholder,input_box_1_demo_tube_03_blue75,no,,704.846082,5.0,ok,
emergency_stop_placeholder,input_box_1_demo_tube_04_red75,no,,660.720819,5.0,ok,
emergency_stop_placeholder,input_box_1_demo_tube_05_purple75,no,,643.720436,5.0,ok,
emergency_stop_placeholder,input_box_2_demo_tube_01_purple75,no,,581.243495,5.0,ok,
emergency_stop_placeholder,input_box_2_demo_tube_02_yellow100,no,,592.692163,5.0,ok,
emergency_stop_placeholder,input_box_2_demo_tube_03_blue75,no,,579.989655,5.0,ok,
emergency_stop_placeholder,input_box_2_demo_tube_04_red75,no,,532.364537,5.0,ok,
emergency_stop_placeholder,input_box_2_demo_tube_05_purple75,no,,518.185295,5.0,ok,
emergency_stop_placeholder,input_box_3_demo_tube_01_purple75,no,,451.601594,5.0,ok,
emergency_stop_placeholder,input_box_3_demo_tube_02_yellow100,no,,466.244571,5.0,ok,
emergency_stop_placeholder,input_box_3_demo_tube_03_blue75,no,,458.004367,5.0,ok,
emergency_stop_placeholder,input_box_3_demo_tube_04_red75,no,,405.058021,5.0,ok,
emergency_stop_placeholder,input_box_3_demo_tube_05_purple75,no,,395.545193,5.0,ok,
emergency_stop_placeholder,input_box_4_demo_tube_01_purple75,no,,322.248351,5.0,ok,
emergency_stop_placeholder,input_box_4_demo_tube_02_yellow100,no,,342.467517,5.0,ok,
emergency_stop_placeholder,input_box_4_demo_tube_03_blue75,no,,341.976607,5.0,ok,
emergency_stop_placeholder,input_box_4_demo_tube_04_red75,no,,280.235615,5.0,ok,
emergency_stop_placeholder,input_box_4_demo_tube_05_purple75,no,,279.635477,5.0,ok,
emergency_stop_placeholder,scan_station_demo_tube_yellow100,no,,551.210486,5.0,ok,
emergency_stop_placeholder,category_A_classified_tube_01_purple75,no,,981.187546,5.0,ok,
emergency_stop_placeholder,category_A_classified_tube_02_purple75,no,,1007.405082,5.0,ok,
emergency_stop_placeholder,category_A_classified_tube_03_purple75,no,,1036.745388,5.0,ok,
emergency_stop_placeholder,category_B_classified_tube_01_yellow100,no,,902.512604,5.0,ok,
emergency_stop_placeholder,category_B_classified_tube_02_yellow100,no,,934.850255,5.0,ok,
emergency_stop_placeholder,category_B_classified_tube_03_yellow100,no,,970.155142,5.0,ok,
emergency_stop_placeholder,category_C_classified_tube_01_blue75,no,,836.737115,5.0,ok,
emergency_stop_placeholder,category_C_classified_tube_02_blue75,no,,875.685446,5.0,ok,
emergency_stop_placeholder,category_C_classified_tube_03_blue75,no,,917.257325,5.0,ok,
emergency_stop_placeholder,category_D_classified_tube_01_red75,no,,787.101645,5.0,ok,
emergency_stop_placeholder,category_D_classified_tube_02_red75,no,,832.769476,5.0,ok,
emergency_stop_placeholder,category_D_classified_tube_03_red75,no,,880.523140,5.0,ok,
cable_chain_path_placeholder,transparent_guard_frame_placeholder,yes,,,5.0,allowed_mount_contact,whitelisted expected mount/contact pair
cable_chain_path_placeholder,limit_switch_placeholder_1,no,,699.683500,5.0,ok,
cable_chain_path_placeholder,limit_switch_placeholder_2,no,,89.000000,5.0,ok,
cable_chain_path_placeholder,limit_switch_placeholder_3,no,,698.148981,5.0,ok,
cable_chain_path_placeholder,limit_switch_placeholder_4,no,,76.000000,5.0,ok,
cable_chain_path_placeholder,left_y_axis_module,no,,54.820176,5.0,ok,
cable_chain_path_placeholder,right_y_axis_module,no,,83.751224,5.0,ok,
cable_chain_path_placeholder,x_axis_module_on_gantry,no,,268.059842,5.0,ok,
cable_chain_path_placeholder,z_axis_module,no,,239.000000,5.0,ok,
cable_chain_path_placeholder,electric_parallel_gripper,no,,291.000000,5.0,ok,
cable_chain_path_placeholder,input_box_1,no,,13.000000,5.0,ok,
cable_chain_path_placeholder,input_box_2,no,,96.876210,5.0,ok,
cable_chain_path_placeholder,input_box_3,no,,226.373585,5.0,ok,
cable_chain_path_placeholder,input_box_4,no,,356.237280,5.0,ok,
cable_chain_path_placeholder,barcode_scanner,no,,198.054194,5.0,ok,
cable_chain_path_placeholder,photoelectric_sensor,no,,191.100000,5.0,ok,
cable_chain_path_placeholder,category_A_output_box_4x6,no,,43.011626,5.0,ok,
cable_chain_path_placeholder,category_B_output_box_4x6,no,,171.493440,5.0,ok,
cable_chain_path_placeholder,category_C_output_box_4x6,no,,301.280600,5.0,ok,
cable_chain_path_placeholder,category_D_output_box_4x6,no,,431.196011,5.0,ok,
cable_chain_path_placeholder,manual_review_bin_2x3,no,,573.647322,5.0,ok,
cable_chain_path_placeholder,input_box_1_demo_tube_01_purple75,no,,12.000000,5.0,ok,
cable_chain_path_placeholder,input_box_1_demo_tube_02_yellow100,yes,,,5.0,allowed_mount_contact,whitelisted expected mount/contact pair
cable_chain_path_placeholder,input_box_1_demo_tube_03_blue75,no,,4.000000,5.0,allowed_mount_contact,whitelisted expected mount/contact pair
cable_chain_path_placeholder,input_box_1_demo_tube_04_red75,no,,32.000000,5.0,ok,
cable_chain_path_placeholder,input_box_1_demo_tube_05_purple75,no,,60.000000,5.0,ok,
cable_chain_path_placeholder,input_box_2_demo_tube_01_purple75,no,,106.677083,5.0,ok,
cable_chain_path_placeholder,input_box_2_demo_tube_02_yellow100,no,,106.000000,5.0,ok,
cable_chain_path_placeholder,input_box_2_demo_tube_03_blue75,no,,134.000000,5.0,ok,
cable_chain_path_placeholder,input_box_2_demo_tube_04_red75,no,,162.000000,5.0,ok,
cable_chain_path_placeholder,input_box_2_demo_tube_05_purple75,no,,190.000000,5.0,ok,
cable_chain_path_placeholder,input_box_3_demo_tube_01_purple75,no,,236.304888,5.0,ok,
cable_chain_path_placeholder,input_box_3_demo_tube_02_yellow100,no,,236.000000,5.0,ok,
cable_chain_path_placeholder,input_box_3_demo_tube_03_blue75,no,,264.000000,5.0,ok,
cable_chain_path_placeholder,input_box_3_demo_tube_04_red75,no,,292.000000,5.0,ok,
cable_chain_path_placeholder,input_box_3_demo_tube_05_purple75,no,,320.000000,5.0,ok,
cable_chain_path_placeholder,input_box_4_demo_tube_01_purple75,no,,366.196668,5.0,ok,
cable_chain_path_placeholder,input_box_4_demo_tube_02_yellow100,no,,366.000000,5.0,ok,
cable_chain_path_placeholder,input_box_4_demo_tube_03_blue75,no,,394.000000,5.0,ok,
cable_chain_path_placeholder,input_box_4_demo_tube_04_red75,no,,422.000000,5.0,ok,
cable_chain_path_placeholder,input_box_4_demo_tube_05_purple75,no,,450.000000,5.0,ok,
cable_chain_path_placeholder,scan_station_demo_tube_yellow100,no,,243.000000,5.0,ok,
cable_chain_path_placeholder,category_A_classified_tube_01_purple75,no,,51.000000,5.0,ok,
cable_chain_path_placeholder,category_A_classified_tube_02_purple75,no,,79.000000,5.0,ok,
cable_chain_path_placeholder,category_A_classified_tube_03_purple75,no,,107.000000,5.0,ok,
cable_chain_path_placeholder,category_B_classified_tube_01_yellow100,no,,181.000000,5.0,ok,
cable_chain_path_placeholder,category_B_classified_tube_02_yellow100,no,,209.000000,5.0,ok,
cable_chain_path_placeholder,category_B_classified_tube_03_yellow100,no,,237.000000,5.0,ok,
cable_chain_path_placeholder,category_C_classified_tube_01_blue75,no,,311.000000,5.0,ok,
cable_chain_path_placeholder,category_C_classified_tube_02_blue75,no,,339.000000,5.0,ok,
cable_chain_path_placeholder,category_C_classified_tube_03_blue75,no,,367.000000,5.0,ok,
cable_chain_path_placeholder,category_D_classified_tube_01_red75,no,,441.000000,5.0,ok,
cable_chain_path_placeholder,category_D_classified_tube_02_red75,no,,469.000000,5.0,ok,
cable_chain_path_placeholder,category_D_classified_tube_03_red75,no,,497.000000,5.0,ok,
transparent_guard_frame_placeholder,limit_switch_placeholder_1,yes,,,5.0,allowed_mount_contact,whitelisted expected mount/contact pair
transparent_guard_frame_placeholder,limit_switch_placeholder_2,yes,,,5.0,allowed_mount_contact,whitelisted expected mount/contact pair
transparent_guard_frame_placeholder,limit_switch_placeholder_3,yes,,,5.0,allowed_mount_contact,whitelisted expected mount/contact pair
transparent_guard_frame_placeholder,limit_switch_placeholder_4,yes,,,5.0,allowed_mount_contact,whitelisted expected mount/contact pair
transparent_guard_frame_placeholder,left_y_axis_module,yes,,,5.0,allowed_mount_contact,whitelisted expected mount/contact pair
transparent_guard_frame_placeholder,right_y_axis_module,yes,,,5.0,allowed_mount_contact,whitelisted expected mount/contact pair
transparent_guard_frame_placeholder,x_axis_module_on_gantry,no,,14.820176,5.0,ok,
transparent_guard_frame_placeholder,z_axis_module,yes,,,5.0,allowed_mount_contact,whitelisted expected mount/contact pair
transparent_guard_frame_placeholder,electric_parallel_gripper,yes,,,5.0,allowed_mount_contact,whitelisted expected mount/contact pair
transparent_guard_frame_placeholder,input_box_1,yes,,,5.0,allowed_mount_contact,whitelisted expected mount/contact pair
transparent_guard_frame_placeholder,input_box_2,yes,,,5.0,allowed_mount_contact,whitelisted expected mount/contact pair
transparent_guard_frame_placeholder,input_box_3,yes,,,5.0,allowed_mount_contact,whitelisted expected mount/contact pair
transparent_guard_frame_placeholder,input_box_4,yes,,,5.0,allowed_mount_contact,whitelisted expected mount/contact pair
transparent_guard_frame_placeholder,barcode_scanner,yes,,,5.0,allowed_mount_contact,whitelisted expected mount/contact pair
transparent_guard_frame_placeholder,photoelectric_sensor,yes,,,5.0,allowed_mount_contact,whitelisted expected mount/contact pair
transparent_guard_frame_placeholder,category_A_output_box_4x6,yes,,,5.0,allowed_mount_contact,whitelisted expected mount/contact pair
transparent_guard_frame_placeholder,category_B_output_box_4x6,yes,,,5.0,allowed_mount_contact,whitelisted expected mount/contact pair
transparent_guard_frame_placeholder,category_C_output_box_4x6,yes,,,5.0,allowed_mount_contact,whitelisted expected mount/contact pair
transparent_guard_frame_placeholder,category_D_output_box_4x6,yes,,,5.0,allowed_mount_contact,whitelisted expected mount/contact pair
transparent_guard_frame_placeholder,manual_review_bin_2x3,yes,,,5.0,allowed_mount_contact,whitelisted expected mount/contact pair
transparent_guard_frame_placeholder,input_box_1_demo_tube_01_purple75,yes,,,5.0,allowed_mount_contact,whitelisted expected mount/contact pair
transparent_guard_frame_placeholder,input_box_1_demo_tube_02_yellow100,yes,,,5.0,allowed_mount_contact,whitelisted expected mount/contact pair
transparent_guard_frame_placeholder,input_box_1_demo_tube_03_blue75,yes,,,5.0,allowed_mount_contact,whitelisted expected mount/contact pair
transparent_guard_frame_placeholder,input_box_1_demo_tube_04_red75,yes,,,5.0,allowed_mount_contact,whitelisted expected mount/contact pair
transparent_guard_frame_placeholder,input_box_1_demo_tube_05_purple75,yes,,,5.0,allowed_mount_contact,whitelisted expected mount/contact pair
transparent_guard_frame_placeholder,input_box_2_demo_tube_01_purple75,yes,,,5.0,allowed_mount_contact,whitelisted expected mount/contact pair
transparent_guard_frame_placeholder,input_box_2_demo_tube_02_yellow100,yes,,,5.0,allowed_mount_contact,whitelisted expected mount/contact pair
transparent_guard_frame_placeholder,input_box_2_demo_tube_03_blue75,yes,,,5.0,allowed_mount_contact,whitelisted expected mount/contact pair
transparent_guard_frame_placeholder,input_box_2_demo_tube_04_red75,yes,,,5.0,allowed_mount_contact,whitelisted expected mount/contact pair
transparent_guard_frame_placeholder,input_box_2_demo_tube_05_purple75,yes,,,5.0,allowed_mount_contact,whitelisted expected mount/contact pair
transparent_guard_frame_placeholder,input_box_3_demo_tube_01_purple75,yes,,,5.0,allowed_mount_contact,whitelisted expected mount/contact pair
transparent_guard_frame_placeholder,input_box_3_demo_tube_02_yellow100,yes,,,5.0,allowed_mount_contact,whitelisted expected mount/contact pair
transparent_guard_frame_placeholder,input_box_3_demo_tube_03_blue75,yes,,,5.0,allowed_mount_contact,whitelisted expected mount/contact pair
transparent_guard_frame_placeholder,input_box_3_demo_tube_04_red75,yes,,,5.0,allowed_mount_contact,whitelisted expected mount/contact pair
transparent_guard_frame_placeholder,input_box_3_demo_tube_05_purple75,yes,,,5.0,allowed_mount_contact,whitelisted expected mount/contact pair
transparent_guard_frame_placeholder,input_box_4_demo_tube_01_purple75,yes,,,5.0,allowed_mount_contact,whitelisted expected mount/contact pair
transparent_guard_frame_placeholder,input_box_4_demo_tube_02_yellow100,yes,,,5.0,allowed_mount_contact,whitelisted expected mount/contact pair
transparent_guard_frame_placeholder,input_box_4_demo_tube_03_blue75,yes,,,5.0,allowed_mount_contact,whitelisted expected mount/contact pair
transparent_guard_frame_placeholder,input_box_4_demo_tube_04_red75,yes,,,5.0,allowed_mount_contact,whitelisted expected mount/contact pair
transparent_guard_frame_placeholder,input_box_4_demo_tube_05_purple75,yes,,,5.0,allowed_mount_contact,whitelisted expected mount/contact pair
transparent_guard_frame_placeholder,scan_station_demo_tube_yellow100,yes,,,5.0,allowed_mount_contact,whitelisted expected mount/contact pair
transparent_guard_frame_placeholder,category_A_classified_tube_01_purple75,yes,,,5.0,allowed_mount_contact,whitelisted expected mount/contact pair
transparent_guard_frame_placeholder,category_A_classified_tube_02_purple75,yes,,,5.0,allowed_mount_contact,whitelisted expected mount/contact pair
transparent_guard_frame_placeholder,category_A_classified_tube_03_purple75,yes,,,5.0,allowed_mount_contact,whitelisted expected mount/contact pair
transparent_guard_frame_placeholder,category_B_classified_tube_01_yellow100,yes,,,5.0,allowed_mount_contact,whitelisted expected mount/contact pair
transparent_guard_frame_placeholder,category_B_classified_tube_02_yellow100,yes,,,5.0,allowed_mount_contact,whitelisted expected mount/contact pair
transparent_guard_frame_placeholder,category_B_classified_tube_03_yellow100,yes,,,5.0,allowed_mount_contact,whitelisted expected mount/contact pair
transparent_guard_frame_placeholder,category_C_classified_tube_01_blue75,yes,,,5.0,allowed_mount_contact,whitelisted expected mount/contact pair
transparent_guard_frame_placeholder,category_C_classified_tube_02_blue75,yes,,,5.0,allowed_mount_contact,whitelisted expected mount/contact pair
transparent_guard_frame_placeholder,category_C_classified_tube_03_blue75,yes,,,5.0,allowed_mount_contact,whitelisted expected mount/contact pair
transparent_guard_frame_placeholder,category_D_classified_tube_01_red75,yes,,,5.0,allowed_mount_contact,whitelisted expected mount/contact pair
transparent_guard_frame_placeholder,category_D_classified_tube_02_red75,yes,,,5.0,allowed_mount_contact,whitelisted expected mount/contact pair
transparent_guard_frame_placeholder,category_D_classified_tube_03_red75,yes,,,5.0,allowed_mount_contact,whitelisted expected mount/contact pair
limit_switch_placeholder_1,limit_switch_placeholder_2,no,,766.000000,5.0,ok,
limit_switch_placeholder_1,limit_switch_placeholder_3,no,,985.000000,5.0,ok,
limit_switch_placeholder_1,limit_switch_placeholder_4,no,,1247.790447,5.0,ok,
limit_switch_placeholder_1,left_y_axis_module,no,,9.334896,5.0,ok,
limit_switch_placeholder_1,right_y_axis_module,no,,992.795111,5.0,ok,
limit_switch_placeholder_1,x_axis_module_on_gantry,no,,386.537927,5.0,ok,
limit_switch_placeholder_1,z_axis_module,no,,619.831759,5.0,ok,
limit_switch_placeholder_1,electric_parallel_gripper,no,,560.822824,5.0,ok,
limit_switch_placeholder_1,input_box_1,no,,611.216819,5.0,ok,
limit_switch_placeholder_1,input_box_2,no,,482.085055,5.0,ok,
limit_switch_placeholder_1,input_box_3,no,,353.590158,5.0,ok,
limit_switch_placeholder_1,input_box_4,no,,226.817107,5.0,ok,
limit_switch_placeholder_1,barcode_scanner,no,,583.856189,5.0,ok,
limit_switch_placeholder_1,photoelectric_sensor,no,,644.925577,5.0,ok,
limit_switch_placeholder_1,category_A_output_box_4x6,no,,928.273128,5.0,ok,
limit_switch_placeholder_1,category_B_output_box_4x6,no,,860.238920,5.0,ok,
limit_switch_placeholder_1,category_C_output_box_4x6,no,,807.546284,5.0,ok,
limit_switch_placeholder_1,category_D_output_box_4x6,no,,773.337572,5.0,ok,
limit_switch_placeholder_1,manual_review_bin_2x3,no,,314.757446,5.0,ok,
limit_switch_placeholder_1,input_box_1_demo_tube_01_purple75,no,,704.645301,5.0,ok,
limit_switch_placeholder_1,input_box_1_demo_tube_02_yellow100,no,,716.818666,5.0,ok,
limit_switch_placeholder_1,input_box_1_demo_tube_03_blue75,no,,703.332780,5.0,ok,
limit_switch_placeholder_1,input_box_1_demo_tube_04_red75,no,,656.509711,5.0,ok,
limit_switch_placeholder_1,input_box_1_demo_tube_05_purple75,no,,641.757742,5.0,ok,
limit_switch_placeholder_1,input_box_2_demo_tube_01_purple75,no,,575.243427,5.0,ok,
limit_switch_placeholder_1,input_box_2_demo_tube_02_yellow100,no,,590.092366,5.0,ok,
limit_switch_placeholder_1,input_box_2_demo_tube_03_blue75,no,,579.945687,5.0,ok,
limit_switch_placeholder_1,input_box_2_demo_tube_04_red75,no,,529.098290,5.0,ok,
limit_switch_placeholder_1,input_box_2_demo_tube_05_purple75,no,,517.757665,5.0,ok,
limit_switch_placeholder_1,input_box_3_demo_tube_01_purple75,no,,446.189422,5.0,ok,
limit_switch_placeholder_1,input_box_3_demo_tube_02_yellow100,no,,465.176311,5.0,ok,
limit_switch_placeholder_1,input_box_3_demo_tube_03_blue75,no,,460.214081,5.0,ok,
limit_switch_placeholder_1,input_box_3_demo_tube_04_red75,no,,403.342286,5.0,ok,
limit_switch_placeholder_1,input_box_3_demo_tube_05_purple75,no,,397.609105,5.0,ok,
limit_switch_placeholder_1,input_box_4_demo_tube_01_purple75,no,,317.907219,5.0,ok,
limit_switch_placeholder_1,input_box_4_demo_tube_02_yellow100,no,,344.047962,5.0,ok,
limit_switch_placeholder_1,input_box_4_demo_tube_03_blue75,no,,347.932465,5.0,ok,
limit_switch_placeholder_1,input_box_4_demo_tube_04_red75,no,,281.469359,5.0,ok,
limit_switch_placeholder_1,input_box_4_demo_tube_05_purple75,no,,286.204472,5.0,ok,
limit_switch_placeholder_1,scan_station_demo_tube_yellow100,no,,558.950803,5.0,ok,
limit_switch_placeholder_1,category_A_classified_tube_01_purple75,no,,993.765566,5.0,ok,
limit_switch_placeholder_1,category_A_classified_tube_02_purple75,no,,1021.141518,5.0,ok,
limit_switch_placeholder_1,category_A_classified_tube_03_purple75,no,,1051.536970,5.0,ok,
limit_switch_placeholder_1,category_B_classified_tube_01_yellow100,no,,917.305838,5.0,ok,
limit_switch_placeholder_1,category_B_classified_tube_02_yellow100,no,,950.731297,5.0,ok,
limit_switch_placeholder_1,category_B_classified_tube_03_yellow100,no,,987.000507,5.0,ok,
limit_switch_placeholder_1,category_C_classified_tube_01_blue75,no,,853.891094,5.0,ok,
limit_switch_placeholder_1,category_C_classified_tube_02_blue75,no,,893.784090,5.0,ok,
limit_switch_placeholder_1,category_C_classified_tube_03_blue75,no,,936.167720,5.0,ok,
limit_switch_placeholder_1,category_D_classified_tube_01_red75,no,,806.603992,5.0,ok,
limit_switch_placeholder_1,category_D_classified_tube_02_red75,no,,853.000586,5.0,ok,
limit_switch_placeholder_1,category_D_classified_tube_03_red75,no,,901.360083,5.0,ok,
limit_switch_placeholder_2,limit_switch_placeholder_3,no,,1247.790447,5.0,ok,
limit_switch_placeholder_2,limit_switch_placeholder_4,no,,985.000000,5.0,ok,
limit_switch_placeholder_2,left_y_axis_module,no,,6.665104,5.0,ok,
limit_switch_placeholder_2,right_y_axis_module,no,,992.773598,5.0,ok,
limit_switch_placeholder_2,x_axis_module_on_gantry,no,,376.861501,5.0,ok,
limit_switch_placeholder_2,z_axis_module,no,,564.361063,5.0,ok,
limit_switch_placeholder_2,electric_parallel_gripper,no,,557.554697,5.0,ok,
limit_switch_placeholder_2,input_box_1,no,,73.252986,5.0,ok,
limit_switch_placeholder_2,input_box_2,no,,179.293056,5.0,ok,
limit_switch_placeholder_2,input_box_3,no,,304.509442,5.0,ok,
limit_switch_placeholder_2,input_box_4,no,,432.557511,5.0,ok,
limit_switch_placeholder_2,barcode_scanner,no,,437.181550,5.0,ok,
limit_switch_placeholder_2,photoelectric_sensor,no,,524.772913,5.0,ok,
limit_switch_placeholder_2,category_A_output_box_4x6,no,,768.356037,5.0,ok,
limit_switch_placeholder_2,category_B_output_box_4x6,no,,797.904130,5.0,ok,
limit_switch_placeholder_2,category_C_output_box_4x6,no,,846.599669,5.0,ok,
limit_switch_placeholder_2,category_D_output_box_4x6,no,,911.378626,5.0,ok,
limit_switch_placeholder_2,manual_review_bin_2x3,no,,716.709320,5.0,ok,
limit_switch_placeholder_2,input_box_1_demo_tube_01_purple75,no,,77.620873,5.0,ok,
limit_switch_placeholder_2,input_box_1_demo_tube_02_yellow100,no,,152.738338,5.0,ok,
limit_switch_placeholder_2,input_box_1_demo_tube_03_blue75,no,,214.888343,5.0,ok,
limit_switch_placeholder_2,input_box_1_demo_tube_04_red75,no,,156.540730,5.0,ok,
limit_switch_placeholder_2,input_box_1_demo_tube_05_purple75,no,,217.607445,5.0,ok,
limit_switch_placeholder_2,input_box_2_demo_tube_01_purple75,no,,188.162164,5.0,ok,
limit_switch_placeholder_2,input_box_2_demo_tube_02_yellow100,no,,229.584407,5.0,ok,
limit_switch_placeholder_2,input_box_2_demo_tube_03_blue75,no,,287.814176,5.0,ok,
limit_switch_placeholder_2,input_box_2_demo_tube_04_red75,no,,261.619953,5.0,ok,
limit_switch_placeholder_2,input_box_2_demo_tube_05_purple75,no,,313.963374,5.0,ok,
limit_switch_placeholder_2,input_box_3_demo_tube_01_purple75,no,,313.982484,5.0,ok,
limit_switch_placeholder_2,input_box_3_demo_tube_02_yellow100,no,,340.424735,5.0,ok,
limit_switch_placeholder_2,input_box_3_demo_tube_03_blue75,no,,391.531608,5.0,ok,
limit_switch_placeholder_2,input_box_3_demo_tube_04_red75,no,,382.341470,5.0,ok,
limit_switch_placeholder_2,input_box_3_demo_tube_05_purple75,no,,428.477537,5.0,ok,
limit_switch_placeholder_2,input_box_4_demo_tube_01_purple75,no,,442.227317,5.0,ok,
limit_switch_placeholder_2,input_box_4_demo_tube_02_yellow100,no,,461.377286,5.0,ok,
limit_switch_placeholder_2,input_box_4_demo_tube_03_blue75,no,,507.500739,5.0,ok,
limit_switch_placeholder_2,input_box_4_demo_tube_04_red75,no,,507.666229,5.0,ok,
limit_switch_placeholder_2,input_box_4_demo_tube_05_purple75,no,,549.920903,5.0,ok,
limit_switch_placeholder_2,scan_station_demo_tube_yellow100,no,,471.620610,5.0,ok,
limit_switch_placeholder_2,category_A_classified_tube_01_purple75,no,,780.749640,5.0,ok,
limit_switch_placeholder_2,category_A_classified_tube_02_purple75,no,,840.672350,5.0,ok,
limit_switch_placeholder_2,category_A_classified_tube_03_purple75,no,,900.960598,5.0,ok,
limit_switch_placeholder_2,category_B_classified_tube_01_yellow100,no,,811.449321,5.0,ok,
limit_switch_placeholder_2,category_B_classified_tube_02_yellow100,no,,873.435745,5.0,ok,
limit_switch_placeholder_2,category_B_classified_tube_03_yellow100,no,,935.505211,5.0,ok,
limit_switch_placeholder_2,category_C_classified_tube_01_blue75,no,,860.889075,5.0,ok,
limit_switch_placeholder_2,category_C_classified_tube_02_blue75,no,,923.498782,5.0,ok,
limit_switch_placeholder_2,category_C_classified_tube_03_blue75,no,,986.108513,5.0,ok,
limit_switch_placeholder_2,category_D_classified_tube_01_red75,no,,926.072351,5.0,ok,
limit_switch_placeholder_2,category_D_classified_tube_02_red75,no,,988.235802,5.0,ok,
limit_switch_placeholder_2,category_D_classified_tube_03_red75,no,,1050.452284,5.0,ok,
limit_switch_placeholder_3,limit_switch_placeholder_4,no,,766.000000,5.0,ok,
limit_switch_placeholder_3,left_y_axis_module,no,,950.865999,5.0,ok,
limit_switch_placeholder_3,right_y_axis_module,no,,9.334896,5.0,ok,
limit_switch_placeholder_3,x_axis_module_on_gantry,no,,381.744899,5.0,ok,
limit_switch_placeholder_3,z_axis_module,no,,610.094919,5.0,ok,
limit_switch_placeholder_3,electric_parallel_gripper,no,,572.303145,5.0,ok,
limit_switch_placeholder_3,input_box_1,no,,970.938206,5.0,ok,
limit_switch_placeholder_3,input_box_2,no,,895.288222,5.0,ok,
limit_switch_placeholder_3,input_box_3,no,,833.163249,5.0,ok,
limit_switch_placeholder_3,input_box_4,no,,787.769636,5.0,ok,
limit_switch_placeholder_3,barcode_scanner,no,,762.398223,5.0,ok,
limit_switch_placeholder_3,photoelectric_sensor,no,,616.081975,5.0,ok,
limit_switch_placeholder_3,category_A_output_box_4x6,no,,536.400969,5.0,ok,
limit_switch_placeholder_3,category_B_output_box_4x6,no,,407.487423,5.0,ok,
limit_switch_placeholder_3,category_C_output_box_4x6,no,,279.581831,5.0,ok,
limit_switch_placeholder_3,category_D_output_box_4x6,no,,155.196649,5.0,ok,
limit_switch_placeholder_3,manual_review_bin_2x3,no,,579.109014,5.0,ok,
limit_switch_placeholder_3,input_box_1_demo_tube_01_purple75,no,,1147.722963,5.0,ok,
limit_switch_placeholder_3,input_box_1_demo_tube_02_yellow100,no,,1082.487875,5.0,ok,
limit_switch_placeholder_3,input_box_1_demo_tube_03_blue75,no,,1021.812116,5.0,ok,
limit_switch_placeholder_3,input_box_1_demo_tube_04_red75,no,,1069.214665,5.0,ok,
limit_switch_placeholder_3,input_box_1_demo_tube_05_purple75,no,,1007.740046,5.0,ok,
limit_switch_placeholder_3,input_box_2_demo_tube_01_purple75,no,,1073.148638,5.0,ok,
limit_switch_placeholder_3,input_box_2_demo_tube_02_yellow100,no,,1003.075271,5.0,ok,
limit_switch_placeholder_3,input_box_2_demo_tube_03_blue75,no,,941.148235,5.0,ok,
limit_switch_placeholder_3,input_box_2_demo_tube_04_red75,no,,996.072287,5.0,ok,
limit_switch_placeholder_3,input_box_2_demo_tube_05_purple75,no,,933.680888,5.0,ok,
limit_switch_placeholder_3,input_box_3_demo_tube_01_purple75,no,,1009.865338,5.0,ok,
limit_switch_placeholder_3,input_box_3_demo_tube_02_yellow100,no,,935.061495,5.0,ok,
limit_switch_placeholder_3,input_box_3_demo_tube_03_blue75,no,,872.479226,5.0,ok,
limit_switch_placeholder_3,input_box_3_demo_tube_04_red75,no,,935.360893,5.0,ok,
limit_switch_placeholder_3,input_box_3_demo_tube_05_purple75,no,,872.800092,5.0,ok,
limit_switch_placeholder_3,input_box_4_demo_tube_01_purple75,no,,960.108327,5.0,ok,
limit_switch_placeholder_3,input_box_4_demo_tube_02_yellow100,no,,881.090234,5.0,ok,
limit_switch_placeholder_3,input_box_4_demo_tube_03_blue75,no,,818.828431,5.0,ok,
limit_switch_placeholder_3,input_box_4_demo_tube_04_red75,no,,889.629136,5.0,ok,
limit_switch_placeholder_3,input_box_4_demo_tube_05_purple75,no,,828.009662,5.0,ok,
limit_switch_placeholder_3,scan_station_demo_tube_yellow100,no,,755.744004,5.0,ok,
limit_switch_placeholder_3,category_A_classified_tube_01_purple75,no,,657.520342,5.0,ok,
limit_switch_placeholder_3,category_A_classified_tube_02_purple75,no,,615.601332,5.0,ok,
limit_switch_placeholder_3,category_A_classified_tube_03_purple75,no,,577.440040,5.0,ok,
limit_switch_placeholder_3,category_B_classified_tube_01_yellow100,no,,534.988785,5.0,ok,
limit_switch_placeholder_3,category_B_classified_tube_02_yellow100,no,,490.025510,5.0,ok,
limit_switch_placeholder_3,category_B_classified_tube_03_yellow100,no,,449.307245,5.0,ok,
limit_switch_placeholder_3,category_C_classified_tube_01_blue75,no,,417.004796,5.0,ok,
limit_switch_placeholder_3,category_C_classified_tube_02_blue75,no,,367.539114,5.0,ok,
limit_switch_placeholder_3,category_C_classified_tube_03_blue75,no,,322.671660,5.0,ok,
limit_switch_placeholder_3,category_D_classified_tube_01_red75,no,,308.825193,5.0,ok,
limit_switch_placeholder_3,category_D_classified_tube_02_red75,no,,252.675681,5.0,ok,
limit_switch_placeholder_3,category_D_classified_tube_03_red75,no,,200.392116,5.0,ok,
limit_switch_placeholder_4,left_y_axis_module,no,,950.843537,5.0,ok,
limit_switch_placeholder_4,right_y_axis_module,no,,6.665104,5.0,ok,
limit_switch_placeholder_4,x_axis_module_on_gantry,no,,371.943800,5.0,ok,
limit_switch_placeholder_4,z_axis_module,no,,553.649537,5.0,ok,
limit_switch_placeholder_4,electric_parallel_gripper,no,,569.100949,5.0,ok,
limit_switch_placeholder_4,input_box_1,no,,757.958442,5.0,ok,
limit_switch_placeholder_4,input_box_2,no,,775.423110,5.0,ok,
limit_switch_placeholder_4,input_box_3,no,,813.548401,5.0,ok,
limit_switch_placeholder_4,input_box_4,no,,869.621182,5.0,ok,
limit_switch_placeholder_4,barcode_scanner,no,,656.879523,5.0,ok,
limit_switch_placeholder_4,photoelectric_sensor,no,,488.891205,5.0,ok,
limit_switch_placeholder_4,category_A_output_box_4x6,no,,128.085909,5.0,ok,
limit_switch_placeholder_4,category_B_output_box_4x6,no,,250.371724,5.0,ok,
limit_switch_placeholder_4,category_C_output_box_4x6,no,,377.843883,5.0,ok,
limit_switch_placeholder_4,category_D_output_box_4x6,no,,506.602408,5.0,ok,
limit_switch_placeholder_4,manual_review_bin_2x3,no,,866.006495,5.0,ok,
limit_switch_placeholder_4,input_box_1_demo_tube_01_purple75,no,,909.267837,5.0,ok,
limit_switch_placeholder_4,input_box_1_demo_tube_02_yellow100,no,,825.396874,5.0,ok,
limit_switch_placeholder_4,input_box_1_demo_tube_03_blue75,no,,771.751255,5.0,ok,
limit_switch_placeholder_4,input_box_1_demo_tube_04_red75,no,,858.323948,5.0,ok,
limit_switch_placeholder_4,input_box_1_demo_tube_05_purple75,no,,806.870498,5.0,ok,
limit_switch_placeholder_4,input_box_2_demo_tube_01_purple75,no,,925.282660,5.0,ok,
limit_switch_placeholder_4,input_box_2_demo_tube_02_yellow100,no,,843.006524,5.0,ok,
limit_switch_placeholder_4,input_box_2_demo_tube_03_blue75,no,,795.147785,5.0,ok,
limit_switch_placeholder_4,input_box_2_demo_tube_04_red75,no,,883.549659,5.0,ok,
limit_switch_placeholder_4,input_box_2_demo_tube_05_purple75,no,,838.009546,5.0,ok,
limit_switch_placeholder_4,input_box_3_demo_tube_01_purple75,no,,958.815936,5.0,ok,
limit_switch_placeholder_4,input_box_3_demo_tube_02_yellow100,no,,879.681761,5.0,ok,
limit_switch_placeholder_4,input_box_3_demo_tube_03_blue75,no,,838.283961,5.0,ok,
limit_switch_placeholder_4,input_box_3_demo_tube_04_red75,no,,926.498786,5.0,ok,
limit_switch_placeholder_4,input_box_3_demo_tube_05_purple75,no,,887.288003,5.0,ok,
limit_switch_placeholder_4,input_box_4_demo_tube_01_purple75,no,,1008.121024,5.0,ok,
limit_switch_placeholder_4,input_box_4_demo_tube_02_yellow100,no,,933.177368,5.0,ok,
limit_switch_placeholder_4,input_box_4_demo_tube_03_blue75,no,,898.320655,5.0,ok,
limit_switch_placeholder_4,input_box_4_demo_tube_04_red75,no,,984.855319,5.0,ok,
limit_switch_placeholder_4,input_box_4_demo_tube_05_purple75,no,,951.892851,5.0,ok,
limit_switch_placeholder_4,scan_station_demo_tube_yellow100,no,,693.649047,5.0,ok,
limit_switch_placeholder_4,category_A_classified_tube_01_purple75,no,,233.094401,5.0,ok,
limit_switch_placeholder_4,category_A_classified_tube_02_purple75,no,,207.280004,5.0,ok,
limit_switch_placeholder_4,category_A_classified_tube_03_purple75,no,,198.587512,5.0,ok,
limit_switch_placeholder_4,category_B_classified_tube_01_yellow100,no,,321.267801,5.0,ok,
limit_switch_placeholder_4,category_B_classified_tube_02_yellow100,no,,314.841230,5.0,ok,
limit_switch_placeholder_4,category_B_classified_tube_03_yellow100,no,,320.744447,5.0,ok,
limit_switch_placeholder_4,category_C_classified_tube_01_blue75,no,,431.153105,5.0,ok,
limit_switch_placeholder_4,category_C_classified_tube_02_blue75,no,,434.839051,5.0,ok,
limit_switch_placeholder_4,category_C_classified_tube_03_blue75,no,,447.344386,5.0,ok,
limit_switch_placeholder_4,category_D_classified_tube_01_red75,no,,549.884533,5.0,ok,
limit_switch_placeholder_4,category_D_classified_tube_02_red75,no,,559.325487,5.0,ok,
limit_switch_placeholder_4,category_D_classified_tube_03_red75,no,,575.462423,5.0,ok,
left_y_axis_module,right_y_axis_module,no,,958.571400,5.0,ok,
left_y_axis_module,x_axis_module_on_gantry,no,,148.770633,5.0,ok,
left_y_axis_module,z_axis_module,no,,439.241834,5.0,ok,
left_y_axis_module,electric_parallel_gripper,no,,389.020176,5.0,ok,
left_y_axis_module,input_box_1,no,,14.820176,5.0,ok,
left_y_axis_module,input_box_2,no,,14.820176,5.0,ok,
left_y_axis_module,input_box_3,no,,14.820176,5.0,ok,
left_y_axis_module,input_box_4,no,,14.820176,5.0,ok,
left_y_axis_module,barcode_scanner,no,,309.620176,5.0,ok,
left_y_axis_module,photoelectric_sensor,no,,419.820176,5.0,ok,
left_y_axis_module,category_A_output_box_4x6,no,,724.820176,5.0,ok,
left_y_axis_module,category_B_output_box_4x6,no,,724.820176,5.0,ok,
left_y_axis_module,category_C_output_box_4x6,no,,724.820176,5.0,ok,
left_y_axis_module,category_D_output_box_4x6,no,,724.820176,5.0,ok,
left_y_axis_module,manual_review_bin_2x3,no,,274.820176,5.0,ok,
left_y_axis_module,input_box_1_demo_tube_01_purple75,no,,26.820176,5.0,ok,
left_y_axis_module,input_box_1_demo_tube_02_yellow100,no,,110.820176,5.0,ok,
left_y_axis_module,input_box_1_demo_tube_03_blue75,no,,166.820176,5.0,ok,
left_y_axis_module,input_box_1_demo_tube_04_red75,no,,82.820176,5.0,ok,
left_y_axis_module,input_box_1_demo_tube_05_purple75,no,,138.820176,5.0,ok,
left_y_axis_module,input_box_2_demo_tube_01_purple75,no,,26.820176,5.0,ok,
left_y_axis_module,input_box_2_demo_tube_02_yellow100,no,,110.820176,5.0,ok,
left_y_axis_module,input_box_2_demo_tube_03_blue75,no,,166.820176,5.0,ok,
left_y_axis_module,input_box_2_demo_tube_04_red75,no,,82.820176,5.0,ok,
left_y_axis_module,input_box_2_demo_tube_05_purple75,no,,138.820176,5.0,ok,
left_y_axis_module,input_box_3_demo_tube_01_purple75,no,,26.820176,5.0,ok,
left_y_axis_module,input_box_3_demo_tube_02_yellow100,no,,110.820176,5.0,ok,
left_y_axis_module,input_box_3_demo_tube_03_blue75,no,,166.820176,5.0,ok,
left_y_axis_module,input_box_3_demo_tube_04_red75,no,,82.820176,5.0,ok,
left_y_axis_module,input_box_3_demo_tube_05_purple75,no,,138.820176,5.0,ok,
left_y_axis_module,input_box_4_demo_tube_01_purple75,no,,26.820176,5.0,ok,
left_y_axis_module,input_box_4_demo_tube_02_yellow100,no,,110.820176,5.0,ok,
left_y_axis_module,input_box_4_demo_tube_03_blue75,no,,166.820176,5.0,ok,
left_y_axis_module,input_box_4_demo_tube_04_red75,no,,82.820176,5.0,ok,
left_y_axis_module,input_box_4_demo_tube_05_purple75,no,,138.820176,5.0,ok,
left_y_axis_module,scan_station_demo_tube_yellow100,no,,316.820176,5.0,ok,
left_y_axis_module,category_A_classified_tube_01_purple75,no,,736.820176,5.0,ok,
left_y_axis_module,category_A_classified_tube_02_purple75,no,,792.820176,5.0,ok,
left_y_axis_module,category_A_classified_tube_03_purple75,no,,848.820176,5.0,ok,
left_y_axis_module,category_B_classified_tube_01_yellow100,no,,736.820176,5.0,ok,
left_y_axis_module,category_B_classified_tube_02_yellow100,no,,792.820176,5.0,ok,
left_y_axis_module,category_B_classified_tube_03_yellow100,no,,848.820176,5.0,ok,
left_y_axis_module,category_C_classified_tube_01_blue75,no,,736.820176,5.0,ok,
left_y_axis_module,category_C_classified_tube_02_blue75,no,,792.820176,5.0,ok,
left_y_axis_module,category_C_classified_tube_03_blue75,no,,848.820176,5.0,ok,
left_y_axis_module,category_D_classified_tube_01_red75,no,,736.820176,5.0,ok,
left_y_axis_module,category_D_classified_tube_02_red75,no,,792.820176,5.0,ok,
left_y_axis_module,category_D_classified_tube_03_red75,no,,848.820176,5.0,ok,
right_y_axis_module,x_axis_module_on_gantry,no,,166.162716,5.0,ok,
right_y_axis_module,z_axis_module,no,,467.782067,5.0,ok,
right_y_axis_module,electric_parallel_gripper,no,,446.051224,5.0,ok,
right_y_axis_module,input_box_1,no,,763.751224,5.0,ok,
right_y_axis_module,input_box_2,no,,763.751224,5.0,ok,
right_y_axis_module,input_box_3,no,,763.751224,5.0,ok,
right_y_axis_module,input_box_4,no,,763.751224,5.0,ok,
right_y_axis_module,barcode_scanner,no,,606.551224,5.0,ok,
right_y_axis_module,photoelectric_sensor,no,,419.751224,5.0,ok,
right_y_axis_module,category_A_output_box_4x6,no,,53.751224,5.0,ok,
right_y_axis_module,category_B_output_box_4x6,no,,53.751224,5.0,ok,
right_y_axis_module,category_C_output_box_4x6,no,,53.751224,5.0,ok,
right_y_axis_module,category_D_output_box_4x6,no,,53.751224,5.0,ok,
right_y_axis_module,manual_review_bin_2x3,no,,583.751224,5.0,ok,
right_y_axis_module,input_box_1_demo_tube_01_purple75,no,,915.751224,5.0,ok,
right_y_axis_module,input_box_1_demo_tube_02_yellow100,no,,831.751224,5.0,ok,
right_y_axis_module,input_box_1_demo_tube_03_blue75,no,,775.751224,5.0,ok,
right_y_axis_module,input_box_1_demo_tube_04_red75,no,,859.751224,5.0,ok,
right_y_axis_module,input_box_1_demo_tube_05_purple75,no,,803.751224,5.0,ok,
right_y_axis_module,input_box_2_demo_tube_01_purple75,no,,915.751224,5.0,ok,
right_y_axis_module,input_box_2_demo_tube_02_yellow100,no,,831.751224,5.0,ok,
right_y_axis_module,input_box_2_demo_tube_03_blue75,no,,775.751224,5.0,ok,
right_y_axis_module,input_box_2_demo_tube_04_red75,no,,859.751224,5.0,ok,
right_y_axis_module,input_box_2_demo_tube_05_purple75,no,,803.751224,5.0,ok,
right_y_axis_module,input_box_3_demo_tube_01_purple75,no,,915.751224,5.0,ok,
right_y_axis_module,input_box_3_demo_tube_02_yellow100,no,,831.751224,5.0,ok,
right_y_axis_module,input_box_3_demo_tube_03_blue75,no,,775.751224,5.0,ok,
right_y_axis_module,input_box_3_demo_tube_04_red75,no,,859.751224,5.0,ok,
right_y_axis_module,input_box_3_demo_tube_05_purple75,no,,803.751224,5.0,ok,
right_y_axis_module,input_box_4_demo_tube_01_purple75,no,,915.751224,5.0,ok,
right_y_axis_module,input_box_4_demo_tube_02_yellow100,no,,831.751224,5.0,ok,
right_y_axis_module,input_box_4_demo_tube_03_blue75,no,,775.751224,5.0,ok,
right_y_axis_module,input_box_4_demo_tube_04_red75,no,,859.751224,5.0,ok,
right_y_axis_module,input_box_4_demo_tube_05_purple75,no,,803.751224,5.0,ok,
right_y_axis_module,scan_station_demo_tube_yellow100,no,,625.751224,5.0,ok,
right_y_axis_module,category_A_classified_tube_01_purple75,no,,205.751224,5.0,ok,
right_y_axis_module,category_A_classified_tube_02_purple75,no,,149.751224,5.0,ok,
right_y_axis_module,category_A_classified_tube_03_purple75,no,,93.751224,5.0,ok,
right_y_axis_module,category_B_classified_tube_01_yellow100,no,,205.751224,5.0,ok,
right_y_axis_module,category_B_classified_tube_02_yellow100,no,,149.751224,5.0,ok,
right_y_axis_module,category_B_classified_tube_03_yellow100,no,,93.751224,5.0,ok,
right_y_axis_module,category_C_classified_tube_01_blue75,no,,205.751224,5.0,ok,
right_y_axis_module,category_C_classified_tube_02_blue75,no,,149.751224,5.0,ok,
right_y_axis_module,category_C_classified_tube_03_blue75,no,,93.751224,5.0,ok,
right_y_axis_module,category_D_classified_tube_01_red75,no,,205.751224,5.0,ok,
right_y_axis_module,category_D_classified_tube_02_red75,no,,149.751224,5.0,ok,
right_y_axis_module,category_D_classified_tube_03_red75,no,,93.751224,5.0,ok,
x_axis_module_on_gantry,z_axis_module,yes,,,5.0,allowed_mount_contact,whitelisted expected mount/contact pair
x_axis_module_on_gantry,electric_parallel_gripper,no,,42.820176,5.0,ok,
x_axis_module_on_gantry,input_box_1,no,,240.941889,5.0,ok,
x_axis_module_on_gantry,input_box_2,no,,166.184943,5.0,ok,
x_axis_module_on_gantry,input_box_3,no,,157.820176,5.0,ok,
x_axis_module_on_gantry,input_box_4,no,,158.334605,5.0,ok,
x_axis_module_on_gantry,barcode_scanner,no,,93.627235,20.0,ok,
x_axis_module_on_gantry,photoelectric_sensor,no,,129.840480,20.0,ok,
x_axis_module_on_gantry,category_A_output_box_4x6,no,,190.706628,5.0,ok,
x_axis_module_on_gantry,category_B_output_box_4x6,no,,157.820176,5.0,ok,
x_axis_module_on_gantry,category_C_output_box_4x6,no,,157.820176,5.0,ok,
x_axis_module_on_gantry,category_D_output_box_4x6,no,,180.576296,5.0,ok,
x_axis_module_on_gantry,manual_review_bin_2x3,no,,279.148091,5.0,ok,
x_axis_module_on_gantry,input_box_1_demo_tube_01_purple75,no,,295.865112,5.0,ok,
x_axis_module_on_gantry,input_box_1_demo_tube_02_yellow100,no,,284.752337,5.0,ok,
x_axis_module_on_gantry,input_box_1_demo_tube_03_blue75,no,,265.564589,5.0,ok,
x_axis_module_on_gantry,input_box_1_demo_tube_04_red75,no,,239.618864,5.0,ok,
x_axis_module_on_gantry,input_box_1_demo_tube_05_purple75,no,,214.191150,5.0,ok,
x_axis_module_on_gantry,input_box_2_demo_tube_01_purple75,no,,180.722454,5.0,ok,
x_axis_module_on_gantry,input_box_2_demo_tube_02_yellow100,no,,161.889884,5.0,ok,
x_axis_module_on_gantry,input_box_2_demo_tube_03_blue75,no,,151.423222,5.0,ok,
x_axis_module_on_gantry,input_box_2_demo_tube_04_red75,no,,130.773243,5.0,ok,
x_axis_module_on_gantry,input_box_2_demo_tube_05_purple75,no,,113.323827,5.0,ok,
x_axis_module_on_gantry,input_box_3_demo_tube_01_purple75,no,,107.633854,5.0,ok,
x_axis_module_on_gantry,input_box_3_demo_tube_02_yellow100,no,,71.643391,5.0,ok,
x_axis_module_on_gantry,input_box_3_demo_tube_03_blue75,no,,94.820176,5.0,ok,
x_axis_module_on_gantry,input_box_3_demo_tube_04_red75,no,,94.820176,5.0,ok,
x_axis_module_on_gantry,input_box_3_demo_tube_05_purple75,no,,94.820176,5.0,ok,
x_axis_module_on_gantry,input_box_4_demo_tube_01_purple75,no,,108.833944,5.0,ok,
x_axis_module_on_gantry,input_box_4_demo_tube_02_yellow100,no,,73.434028,5.0,ok,
x_axis_module_on_gantry,input_box_4_demo_tube_03_blue75,no,,107.548751,5.0,ok,
x_axis_module_on_gantry,input_box_4_demo_tube_04_red75,no,,123.259492,5.0,ok,
x_axis_module_on_gantry,input_box_4_demo_tube_05_purple75,no,,142.783300,5.0,ok,
x_axis_module_on_gantry,scan_station_demo_tube_yellow100,no,,71.397325,20.0,ok,
x_axis_module_on_gantry,category_A_classified_tube_01_purple75,no,,222.296932,5.0,ok,
x_axis_module_on_gantry,category_A_classified_tube_02_purple75,no,,197.333664,5.0,ok,
x_axis_module_on_gantry,category_A_classified_tube_03_purple75,no,,173.470393,5.0,ok,
x_axis_module_on_gantry,category_B_classified_tube_01_yellow100,no,,99.621073,5.0,ok,
x_axis_module_on_gantry,category_B_classified_tube_02_yellow100,no,,82.030525,5.0,ok,
x_axis_module_on_gantry,category_B_classified_tube_03_yellow100,no,,71.835991,5.0,ok,
x_axis_module_on_gantry,category_C_classified_tube_01_blue75,no,,94.820176,5.0,ok,
x_axis_module_on_gantry,category_C_classified_tube_02_blue75,no,,94.820176,5.0,ok,
x_axis_module_on_gantry,category_C_classified_tube_03_blue75,no,,98.050115,5.0,ok,
x_axis_module_on_gantry,category_D_classified_tube_01_red75,no,,136.185597,5.0,ok,
x_axis_module_on_gantry,category_D_classified_tube_02_red75,no,,157.495032,5.0,ok,
x_axis_module_on_gantry,category_D_classified_tube_03_red75,no,,180.802676,5.0,ok,
z_axis_module,electric_parallel_gripper,yes,,,5.0,allowed_mount_contact,whitelisted expected mount/contact pair
z_axis_module,input_box_1,no,,305.304536,5.0,ok,
z_axis_module,input_box_2,no,,265.199661,5.0,ok,
z_axis_module,input_box_3,no,,264.200416,5.0,ok,
z_axis_module,input_box_4,no,,272.078775,5.0,ok,
z_axis_module,barcode_scanner,no,,91.068709,20.0,ok,
z_axis_module,photoelectric_sensor,no,,82.554527,20.0,ok,
z_axis_module,category_A_output_box_4x6,no,,266.877987,5.0,ok,
z_axis_module,category_B_output_box_4x6,no,,255.225116,5.0,ok,
z_axis_module,category_C_output_box_4x6,no,,255.420947,5.0,ok,
z_axis_module,category_D_output_box_4x6,no,,291.101116,5.0,ok,
z_axis_module,manual_review_bin_2x3,no,,310.309700,5.0,ok,
z_axis_module,input_box_1_demo_tube_01_purple75,no,,464.585041,5.0,ok,
z_axis_module,input_box_1_demo_tube_02_yellow100,no,,394.218797,5.0,ok,
z_axis_module,input_box_1_demo_tube_03_blue75,no,,336.397473,5.0,ok,
z_axis_module,input_box_1_demo_tube_04_red75,no,,388.273177,5.0,ok,
z_axis_module,input_box_1_demo_tube_05_purple75,no,,326.436609,5.0,ok,
z_axis_module,input_box_2_demo_tube_01_purple75,no,,410.510974,5.0,ok,
z_axis_module,input_box_2_demo_tube_02_yellow100,no,,328.768095,5.0,ok,
z_axis_module,input_box_2_demo_tube_03_blue75,no,,270.413128,5.0,ok,
z_axis_module,input_box_2_demo_tube_04_red75,no,,343.505546,5.0,ok,
z_axis_module,input_box_2_demo_tube_05_purple75,no,,284.747010,5.0,ok,
z_axis_module,input_box_3_demo_tube_01_purple75,no,,393.484765,5.0,ok,
z_axis_module,input_box_3_demo_tube_02_yellow100,no,,307.244951,5.0,ok,
z_axis_module,input_box_3_demo_tube_03_blue75,no,,255.347332,5.0,ok,
z_axis_module,input_box_3_demo_tube_04_red75,no,,338.047423,5.0,ok,
z_axis_module,input_box_3_demo_tube_05_purple75,no,,284.311203,5.0,ok,
z_axis_module,input_box_4_demo_tube_01_purple75,no,,400.568671,5.0,ok,
z_axis_module,input_box_4_demo_tube_02_yellow100,no,,316.266438,5.0,ok,
z_axis_module,input_box_4_demo_tube_03_blue75,no,,275.338446,5.0,ok,
z_axis_module,input_box_4_demo_tube_04_red75,no,,362.541115,5.0,ok,
z_axis_module,input_box_4_demo_tube_05_purple75,no,,324.457794,5.0,ok,
z_axis_module,scan_station_demo_tube_yellow100,no,,103.808766,20.0,ok,
z_axis_module,category_A_classified_tube_01_purple75,no,,299.807038,5.0,ok,
z_axis_module,category_A_classified_tube_02_purple75,no,,333.261849,5.0,ok,
z_axis_module,category_A_classified_tube_03_purple75,no,,374.276181,5.0,ok,
z_axis_module,category_B_classified_tube_01_yellow100,no,,245.182096,5.0,ok,
z_axis_module,category_B_classified_tube_02_yellow100,no,,297.612937,5.0,ok,
z_axis_module,category_B_classified_tube_03_yellow100,no,,353.095823,5.0,ok,
z_axis_module,category_C_classified_tube_01_blue75,no,,246.374228,5.0,ok,
z_axis_module,category_C_classified_tube_02_blue75,no,,304.354169,5.0,ok,
z_axis_module,category_C_classified_tube_03_blue75,no,,363.871763,5.0,ok,
z_axis_module,category_D_classified_tube_01_red75,no,,287.750343,5.0,ok,
z_axis_module,category_D_classified_tube_02_red75,no,,349.301388,5.0,ok,
z_axis_module,category_D_classified_tube_03_red75,no,,411.172300,5.0,ok,
electric_parallel_gripper,input_box_1,no,,284.187684,5.0,ok,
electric_parallel_gripper,input_box_2,no,,210.624405,5.0,ok,
electric_parallel_gripper,input_box_3,no,,196.818800,5.0,ok,
electric_parallel_gripper,input_box_4,no,,199.092039,5.0,ok,
electric_parallel_gripper,barcode_scanner,no,,78.206202,20.0,ok,
electric_parallel_gripper,photoelectric_sensor,no,,55.000000,20.0,ok,
electric_parallel_gripper,category_A_output_box_4x6,no,,250.988625,5.0,ok,
electric_parallel_gripper,category_B_output_box_4x6,no,,214.698137,5.0,ok,
electric_parallel_gripper,category_C_output_box_4x6,no,,214.698137,5.0,ok,
electric_parallel_gripper,category_D_output_box_4x6,no,,238.998515,5.0,ok,
electric_parallel_gripper,manual_review_bin_2x3,no,,249.963777,5.0,ok,
electric_parallel_gripper,input_box_1_demo_tube_01_purple75,no,,457.444466,5.0,ok,
electric_parallel_gripper,input_box_1_demo_tube_02_yellow100,no,,397.680575,5.0,ok,
electric_parallel_gripper,input_box_1_demo_tube_03_blue75,no,,340.528178,5.0,ok,
electric_parallel_gripper,input_box_1_demo_tube_04_red75,no,,378.503685,5.0,ok,
electric_parallel_gripper,input_box_1_demo_tube_05_purple75,no,,317.922380,5.0,ok,
electric_parallel_gripper,input_box_2_demo_tube_01_purple75,no,,385.247245,5.0,ok,
electric_parallel_gripper,input_box_2_demo_tube_02_yellow100,no,,311.945251,5.0,ok,
electric_parallel_gripper,input_box_2_demo_tube_03_blue75,no,,249.798799,5.0,ok,
electric_parallel_gripper,input_box_2_demo_tube_04_red75,no,,311.424212,5.0,ok,
electric_parallel_gripper,input_box_2_demo_tube_05_purple75,no,,249.147827,5.0,ok,
electric_parallel_gripper,input_box_3_demo_tube_01_purple75,no,,348.389782,5.0,ok,
electric_parallel_gripper,input_box_3_demo_tube_02_yellow100,no,,265.084590,5.0,ok,
electric_parallel_gripper,input_box_3_demo_tube_03_blue75,no,,206.493196,5.0,ok,
electric_parallel_gripper,input_box_3_demo_tube_04_red75,no,,290.200000,5.0,ok,
electric_parallel_gripper,input_box_3_demo_tube_05_purple75,no,,234.200000,5.0,ok,
electric_parallel_gripper,input_box_4_demo_tube_01_purple75,no,,348.503142,5.0,ok,
electric_parallel_gripper,input_box_4_demo_tube_02_yellow100,no,,265.233557,5.0,ok,
electric_parallel_gripper,input_box_4_demo_tube_03_blue75,no,,217.123099,5.0,ok,
electric_parallel_gripper,input_box_4_demo_tube_04_red75,no,,305.666550,5.0,ok,
electric_parallel_gripper,input_box_4_demo_tube_05_purple75,no,,265.001207,5.0,ok,
electric_parallel_gripper,scan_station_demo_tube_yellow100,no,,64.671787,20.0,ok,
electric_parallel_gripper,category_A_classified_tube_01_purple75,no,,316.996041,5.0,ok,
electric_parallel_gripper,category_A_classified_tube_02_purple75,no,,342.029370,5.0,ok,
electric_parallel_gripper,category_A_classified_tube_03_purple75,no,,375.927772,5.0,ok,
electric_parallel_gripper,category_B_classified_tube_01_yellow100,no,,243.200514,5.0,ok,
electric_parallel_gripper,category_B_classified_tube_02_yellow100,no,,287.965432,5.0,ok,
electric_parallel_gripper,category_B_classified_tube_03_yellow100,no,,338.440083,5.0,ok,
electric_parallel_gripper,category_C_classified_tube_01_blue75,no,,224.300000,5.0,ok,
electric_parallel_gripper,category_C_classified_tube_02_blue75,no,,280.601301,5.0,ok,
electric_parallel_gripper,category_C_classified_tube_03_blue75,no,,338.790038,5.0,ok,
electric_parallel_gripper,category_D_classified_tube_01_red75,no,,252.062472,5.0,ok,
electric_parallel_gripper,category_D_classified_tube_02_red75,no,,314.669811,5.0,ok,
electric_parallel_gripper,category_D_classified_tube_03_red75,no,,377.278001,5.0,ok,
input_box_1,input_box_2,no,,10.000000,5.0,ok,
input_box_1,input_box_3,no,,140.000000,5.0,ok,
input_box_1,input_box_4,no,,270.000000,5.0,ok,
input_box_1,barcode_scanner,no,,164.281290,5.0,ok,
input_box_1,photoelectric_sensor,no,,248.987971,5.0,ok,
input_box_1,category_A_output_box_4x6,no,,530.000000,5.0,ok,
input_box_1,category_B_output_box_4x6,no,,536.772764,5.0,ok,
input_box_1,category_C_output_box_4x6,no,,571.948424,5.0,ok,
input_box_1,category_D_output_box_4x6,no,,632.396237,5.0,ok,
input_box_1,manual_review_bin_2x3,no,,494.020496,5.0,ok,
input_box_1,input_box_1_demo_tube_01_purple75,yes,,,5.0,allowed_mount_contact,whitelisted expected mount/contact pair
input_box_1,input_box_1_demo_tube_02_yellow100,yes,,,5.0,allowed_mount_contact,whitelisted expected mount/contact pair
input_box_1,input_box_1_demo_tube_03_blue75,yes,,,5.0,allowed_mount_contact,whitelisted expected mount/contact pair
input_box_1,input_box_1_demo_tube_04_red75,yes,,,5.0,allowed_mount_contact,whitelisted expected mount/contact pair
input_box_1,input_box_1_demo_tube_05_purple75,yes,,,5.0,allowed_mount_contact,whitelisted expected mount/contact pair
input_box_1,input_box_2_demo_tube_01_purple75,no,,20.000000,5.0,ok,
input_box_1,input_box_2_demo_tube_02_yellow100,no,,20.000000,5.0,ok,
input_box_1,input_box_2_demo_tube_03_blue75,no,,48.000000,5.0,ok,
input_box_1,input_box_2_demo_tube_04_red75,no,,76.000000,5.0,ok,
input_box_1,input_box_2_demo_tube_05_purple75,no,,104.000000,5.0,ok,
input_box_1,input_box_3_demo_tube_01_purple75,no,,150.000000,5.0,ok,
input_box_1,input_box_3_demo_tube_02_yellow100,no,,150.000000,5.0,ok,
input_box_1,input_box_3_demo_tube_03_blue75,no,,178.000000,5.0,ok,
input_box_1,input_box_3_demo_tube_04_red75,no,,206.000000,5.0,ok,
input_box_1,input_box_3_demo_tube_05_purple75,no,,234.000000,5.0,ok,
input_box_1,input_box_4_demo_tube_01_purple75,no,,280.000000,5.0,ok,
input_box_1,input_box_4_demo_tube_02_yellow100,no,,280.000000,5.0,ok,
input_box_1,input_box_4_demo_tube_03_blue75,no,,308.000000,5.0,ok,
input_box_1,input_box_4_demo_tube_04_red75,no,,336.000000,5.0,ok,
input_box_1,input_box_4_demo_tube_05_purple75,no,,364.000000,5.0,ok,
input_box_1,scan_station_demo_tube_yellow100,no,,198.829072,5.0,ok,
input_box_1,category_A_classified_tube_01_purple75,no,,542.000000,5.0,ok,
input_box_1,category_A_classified_tube_02_purple75,no,,598.000000,5.0,ok,
input_box_1,category_A_classified_tube_03_purple75,no,,654.337069,5.0,ok,
input_box_1,category_B_classified_tube_01_yellow100,no,,550.262665,5.0,ok,
input_box_1,category_B_classified_tube_02_yellow100,no,,610.518632,5.0,ok,
input_box_1,category_B_classified_tube_03_yellow100,no,,671.205632,5.0,ok,
input_box_1,category_C_classified_tube_01_blue75,no,,586.846658,5.0,ok,
input_box_1,category_C_classified_tube_02_blue75,no,,649.317334,5.0,ok,
input_box_1,category_C_classified_tube_03_blue75,no,,711.812475,5.0,ok,
input_box_1,category_D_classified_tube_01_red75,no,,647.911259,5.0,ok,
input_box_1,category_D_classified_tube_02_red75,no,,710.135902,5.0,ok,
input_box_1,category_D_classified_tube_03_red75,no,,772.422812,5.0,ok,
input_box_2,input_box_3,no,,10.000000,5.0,ok,
input_box_2,input_box_4,no,,140.000000,5.0,ok,
input_box_2,barcode_scanner,no,,120.134092,5.0,ok,
input_box_2,photoelectric_sensor,no,,225.718852,5.0,ok,
input_box_2,category_A_output_box_4x6,no,,530.000000,5.0,ok,
input_box_2,category_B_output_box_4x6,no,,530.000000,5.0,ok,
input_box_2,category_C_output_box_4x6,no,,536.772764,5.0,ok,
input_box_2,category_D_output_box_4x6,no,,571.948424,5.0,ok,
input_box_2,manual_review_bin_2x3,no,,366.341712,5.0,ok,
input_box_2,input_box_1_demo_tube_01_purple75,no,,104.000000,5.0,ok,
input_box_2,input_box_1_demo_tube_02_yellow100,no,,104.000000,5.0,ok,
input_box_2,input_box_1_demo_tube_03_blue75,no,,76.000000,5.0,ok,
input_box_2,input_box_1_demo_tube_04_red75,no,,48.000000,5.0,ok,
input_box_2,input_box_1_demo_tube_05_purple75,no,,20.000000,5.0,ok,
input_box_2,input_box_2_demo_tube_01_purple75,yes,,,5.0,allowed_mount_contact,whitelisted expected mount/contact pair
input_box_2,input_box_2_demo_tube_02_yellow100,yes,,,5.0,allowed_mount_contact,whitelisted expected mount/contact pair
input_box_2,input_box_2_demo_tube_03_blue75,yes,,,5.0,allowed_mount_contact,whitelisted expected mount/contact pair
input_box_2,input_box_2_demo_tube_04_red75,yes,,,5.0,allowed_mount_contact,whitelisted expected mount/contact pair
input_box_2,input_box_2_demo_tube_05_purple75,yes,,,5.0,allowed_mount_contact,whitelisted expected mount/contact pair
input_box_2,input_box_3_demo_tube_01_purple75,no,,20.000000,5.0,ok,
input_box_2,input_box_3_demo_tube_02_yellow100,no,,20.000000,5.0,ok,
input_box_2,input_box_3_demo_tube_03_blue75,no,,48.000000,5.0,ok,
input_box_2,input_box_3_demo_tube_04_red75,no,,76.000000,5.0,ok,
input_box_2,input_box_3_demo_tube_05_purple75,no,,104.000000,5.0,ok,
input_box_2,input_box_4_demo_tube_01_purple75,no,,150.000000,5.0,ok,
input_box_2,input_box_4_demo_tube_02_yellow100,no,,150.000000,5.0,ok,
input_box_2,input_box_4_demo_tube_03_blue75,no,,178.000000,5.0,ok,
input_box_2,input_box_4_demo_tube_04_red75,no,,206.000000,5.0,ok,
input_box_2,input_box_4_demo_tube_05_purple75,no,,234.000000,5.0,ok,
input_box_2,scan_station_demo_tube_yellow100,no,,124.951991,5.0,ok,
input_box_2,category_A_classified_tube_01_purple75,no,,542.775276,5.0,ok,
input_box_2,category_A_classified_tube_02_purple75,no,,598.000836,5.0,ok,
input_box_2,category_A_classified_tube_03_purple75,no,,654.000000,5.0,ok,
input_box_2,category_B_classified_tube_01_yellow100,no,,542.000000,5.0,ok,
input_box_2,category_B_classified_tube_02_yellow100,no,,598.000000,5.0,ok,
input_box_2,category_B_classified_tube_03_yellow100,no,,654.337069,5.0,ok,
input_box_2,category_C_classified_tube_01_blue75,no,,550.262665,5.0,ok,
input_box_2,category_C_classified_tube_02_blue75,no,,610.518632,5.0,ok,
input_box_2,category_C_classified_tube_03_blue75,no,,671.205632,5.0,ok,
input_box_2,category_D_classified_tube_01_red75,no,,586.846658,5.0,ok,
input_box_2,category_D_classified_tube_02_red75,no,,649.317334,5.0,ok,
input_box_2,category_D_classified_tube_03_red75,no,,711.812475,5.0,ok,
input_box_3,input_box_4,no,,10.000000,5.0,ok,
input_box_3,barcode_scanner,no,,120.197379,5.0,ok,
input_box_3,photoelectric_sensor,no,,225.718852,5.0,ok,
input_box_3,category_A_output_box_4x6,no,,533.970973,5.0,ok,
input_box_3,category_B_output_box_4x6,no,,530.000000,5.0,ok,
input_box_3,category_C_output_box_4x6,no,,530.000000,5.0,ok,
input_box_3,category_D_output_box_4x6,no,,536.772764,5.0,ok,
input_box_3,manual_review_bin_2x3,no,,241.156070,5.0,ok,
input_box_3,input_box_1_demo_tube_01_purple75,no,,234.000000,5.0,ok,
input_box_3,input_box_1_demo_tube_02_yellow100,no,,234.000000,5.0,ok,
input_box_3,input_box_1_demo_tube_03_blue75,no,,206.000000,5.0,ok,
input_box_3,input_box_1_demo_tube_04_red75,no,,178.000000,5.0,ok,
input_box_3,input_box_1_demo_tube_05_purple75,no,,150.000000,5.0,ok,
input_box_3,input_box_2_demo_tube_01_purple75,no,,104.000000,5.0,ok,
input_box_3,input_box_2_demo_tube_02_yellow100,no,,104.000000,5.0,ok,
input_box_3,input_box_2_demo_tube_03_blue75,no,,76.000000,5.0,ok,
input_box_3,input_box_2_demo_tube_04_red75,no,,48.000000,5.0,ok,
input_box_3,input_box_2_demo_tube_05_purple75,no,,20.000000,5.0,ok,
input_box_3,input_box_3_demo_tube_01_purple75,yes,,,5.0,allowed_mount_contact,whitelisted expected mount/contact pair
input_box_3,input_box_3_demo_tube_02_yellow100,yes,,,5.0,allowed_mount_contact,whitelisted expected mount/contact pair
input_box_3,input_box_3_demo_tube_03_blue75,yes,,,5.0,allowed_mount_contact,whitelisted expected mount/contact pair
input_box_3,input_box_3_demo_tube_04_red75,yes,,,5.0,allowed_mount_contact,whitelisted expected mount/contact pair
input_box_3,input_box_3_demo_tube_05_purple75,yes,,,5.0,allowed_mount_contact,whitelisted expected mount/contact pair
input_box_3,input_box_4_demo_tube_01_purple75,no,,20.000000,5.0,ok,
input_box_3,input_box_4_demo_tube_02_yellow100,no,,20.000000,5.0,ok,
input_box_3,input_box_4_demo_tube_03_blue75,no,,48.000000,5.0,ok,
input_box_3,input_box_4_demo_tube_04_red75,no,,76.000000,5.0,ok,
input_box_3,input_box_4_demo_tube_05_purple75,no,,104.000000,5.0,ok,
input_box_3,scan_station_demo_tube_yellow100,no,,122.000000,5.0,ok,
input_box_3,category_A_classified_tube_01_purple75,no,,564.840686,5.0,ok,
input_box_3,category_A_classified_tube_02_purple75,no,,612.180529,5.0,ok,
input_box_3,category_A_classified_tube_03_purple75,no,,662.061175,5.0,ok,
input_box_3,category_B_classified_tube_01_yellow100,no,,542.775276,5.0,ok,
input_box_3,category_B_classified_tube_02_yellow100,no,,598.000836,5.0,ok,
input_box_3,category_B_classified_tube_03_yellow100,no,,654.000000,5.0,ok,
input_box_3,category_C_classified_tube_01_blue75,no,,542.000000,5.0,ok,
input_box_3,category_C_classified_tube_02_blue75,no,,598.000000,5.0,ok,
input_box_3,category_C_classified_tube_03_blue75,no,,654.337069,5.0,ok,
input_box_3,category_D_classified_tube_01_red75,no,,550.262665,5.0,ok,
input_box_3,category_D_classified_tube_02_red75,no,,610.518632,5.0,ok,
input_box_3,category_D_classified_tube_03_red75,no,,671.205632,5.0,ok,
input_box_4,barcode_scanner,no,,179.892773,5.0,ok,
input_box_4,photoelectric_sensor,no,,255.634505,5.0,ok,
input_box_4,category_A_output_box_4x6,no,,564.734451,5.0,ok,
input_box_4,category_B_output_box_4x6,no,,533.970973,5.0,ok,
input_box_4,category_C_output_box_4x6,no,,530.000000,5.0,ok,
input_box_4,category_D_output_box_4x6,no,,530.000000,5.0,ok,
input_box_4,manual_review_bin_2x3,no,,126.119983,5.0,ok,
input_box_4,input_box_1_demo_tube_01_purple75,no,,364.000000,5.0,ok,
input_box_4,input_box_1_demo_tube_02_yellow100,no,,364.000000,5.0,ok,
input_box_4,input_box_1_demo_tube_03_blue75,no,,336.000000,5.0,ok,
input_box_4,input_box_1_demo_tube_04_red75,no,,308.000000,5.0,ok,
input_box_4,input_box_1_demo_tube_05_purple75,no,,280.000000,5.0,ok,
input_box_4,input_box_2_demo_tube_01_purple75,no,,234.000000,5.0,ok,
input_box_4,input_box_2_demo_tube_02_yellow100,no,,234.000000,5.0,ok,
input_box_4,input_box_2_demo_tube_03_blue75,no,,206.000000,5.0,ok,
input_box_4,input_box_2_demo_tube_04_red75,no,,178.000000,5.0,ok,
input_box_4,input_box_2_demo_tube_05_purple75,no,,150.000000,5.0,ok,
input_box_4,input_box_3_demo_tube_01_purple75,no,,104.000000,5.0,ok,
input_box_4,input_box_3_demo_tube_02_yellow100,no,,104.000000,5.0,ok,
input_box_4,input_box_3_demo_tube_03_blue75,no,,76.000000,5.0,ok,
input_box_4,input_box_3_demo_tube_04_red75,no,,48.000000,5.0,ok,
input_box_4,input_box_3_demo_tube_05_purple75,no,,20.000000,5.0,ok,
input_box_4,input_box_4_demo_tube_01_purple75,yes,,,5.0,allowed_mount_contact,whitelisted expected mount/contact pair
input_box_4,input_box_4_demo_tube_02_yellow100,yes,,,5.0,allowed_mount_contact,whitelisted expected mount/contact pair
input_box_4,input_box_4_demo_tube_03_blue75,yes,,,5.0,allowed_mount_contact,whitelisted expected mount/contact pair
input_box_4,input_box_4_demo_tube_04_red75,yes,,,5.0,allowed_mount_contact,whitelisted expected mount/contact pair
input_box_4,input_box_4_demo_tube_05_purple75,yes,,,5.0,allowed_mount_contact,whitelisted expected mount/contact pair
input_box_4,scan_station_demo_tube_yellow100,no,,155.862119,5.0,ok,
input_box_4,category_A_classified_tube_01_purple75,no,,614.235297,5.0,ok,
input_box_4,category_A_classified_tube_02_purple75,no,,652.476053,5.0,ok,
input_box_4,category_A_classified_tube_03_purple75,no,,694.265799,5.0,ok,
input_box_4,category_B_classified_tube_01_yellow100,no,,564.840686,5.0,ok,
input_box_4,category_B_classified_tube_02_yellow100,no,,612.180529,5.0,ok,
input_box_4,category_B_classified_tube_03_yellow100,no,,662.061175,5.0,ok,
input_box_4,category_C_classified_tube_01_blue75,no,,542.775276,5.0,ok,
input_box_4,category_C_classified_tube_02_blue75,no,,598.000836,5.0,ok,
input_box_4,category_C_classified_tube_03_blue75,no,,654.000000,5.0,ok,
input_box_4,category_D_classified_tube_01_red75,no,,542.000000,5.0,ok,
input_box_4,category_D_classified_tube_02_red75,no,,598.000000,5.0,ok,
input_box_4,category_D_classified_tube_03_red75,no,,654.337069,5.0,ok,
barcode_scanner,photoelectric_sensor,no,,67.885197,5.0,ok,
barcode_scanner,category_A_output_box_4x6,no,,376.305744,5.0,ok,
barcode_scanner,category_B_output_box_4x6,no,,374.476968,5.0,ok,
barcode_scanner,category_C_output_box_4x6,no,,382.698589,5.0,ok,
barcode_scanner,category_D_output_box_4x6,no,,428.803230,5.0,ok,
barcode_scanner,manual_review_bin_2x3,no,,353.178595,5.0,ok,
barcode_scanner,input_box_1_demo_tube_01_purple75,no,,337.106171,5.0,ok,
barcode_scanner,input_box_1_demo_tube_02_yellow100,no,,275.452665,5.0,ok,
barcode_scanner,input_box_1_demo_tube_03_blue75,no,,218.589880,5.0,ok,
barcode_scanner,input_box_1_demo_tube_04_red75,no,,258.752586,5.0,ok,
barcode_scanner,input_box_1_demo_tube_05_purple75,no,,197.130074,5.0,ok,
barcode_scanner,input_box_2_demo_tube_01_purple75,no,,277.428334,5.0,ok,
barcode_scanner,input_box_2_demo_tube_02_yellow100,no,,197.990102,5.0,ok,
barcode_scanner,input_box_2_demo_tube_03_blue75,no,,135.600315,5.0,ok,
barcode_scanner,input_box_2_demo_tube_04_red75,no,,211.751767,5.0,ok,
barcode_scanner,input_box_2_demo_tube_05_purple75,no,,154.800000,5.0,ok,
barcode_scanner,input_box_3_demo_tube_01_purple75,no,,267.161842,5.0,ok,
barcode_scanner,input_box_3_demo_tube_02_yellow100,no,,183.327712,5.0,ok,
barcode_scanner,input_box_3_demo_tube_03_blue75,no,,133.543438,5.0,ok,
barcode_scanner,input_box_3_demo_tube_04_red75,no,,222.087032,5.0,ok,
barcode_scanner,input_box_3_demo_tube_05_purple75,no,,183.159630,5.0,ok,
barcode_scanner,input_box_4_demo_tube_01_purple75,no,,303.132727,5.0,ok,
barcode_scanner,input_box_4_demo_tube_02_yellow100,no,,232.643611,5.0,ok,
barcode_scanner,input_box_4_demo_tube_03_blue75,no,,213.606765,5.0,ok,
barcode_scanner,input_box_4_demo_tube_04_red75,no,,290.511015,5.0,ok,
barcode_scanner,input_box_4_demo_tube_05_purple75,no,,275.502178,5.0,ok,
barcode_scanner,scan_station_demo_tube_yellow100,no,,20.900000,5.0,ok,
barcode_scanner,category_A_classified_tube_01_purple75,no,,406.504910,5.0,ok,
barcode_scanner,category_A_classified_tube_02_purple75,no,,452.686212,5.0,ok,
barcode_scanner,category_A_classified_tube_03_purple75,no,,502.437431,5.0,ok,
barcode_scanner,category_B_classified_tube_01_yellow100,no,,384.801444,5.0,ok,
barcode_scanner,category_B_classified_tube_02_yellow100,no,,440.800000,5.0,ok,
barcode_scanner,category_B_classified_tube_03_yellow100,no,,497.023390,5.0,ok,
barcode_scanner,category_C_classified_tube_01_blue75,no,,394.935754,5.0,ok,
barcode_scanner,category_C_classified_tube_02_blue75,no,,456.037553,5.0,ok,
barcode_scanner,category_C_classified_tube_03_blue75,no,,517.500000,5.0,ok,
barcode_scanner,category_D_classified_tube_01_red75,no,,442.705602,5.0,ok,
barcode_scanner,category_D_classified_tube_02_red75,no,,505.236826,5.0,ok,
barcode_scanner,category_D_classified_tube_03_red75,no,,567.785391,5.0,ok,
photoelectric_sensor,category_A_output_box_4x6,no,,189.277600,5.0,ok,
photoelectric_sensor,category_B_output_box_4x6,no,,186.868938,5.0,ok,
photoelectric_sensor,category_C_output_box_4x6,no,,197.850954,5.0,ok,
photoelectric_sensor,category_D_output_box_4x6,no,,270.083320,5.0,ok,
photoelectric_sensor,manual_review_bin_2x3,no,,340.962241,5.0,ok,
photoelectric_sensor,input_box_1_demo_tube_01_purple75,no,,426.344708,5.0,ok,
photoelectric_sensor,input_box_1_demo_tube_02_yellow100,no,,354.245409,5.0,ok,
photoelectric_sensor,input_box_1_demo_tube_03_blue75,no,,292.308416,5.0,ok,
photoelectric_sensor,input_box_1_demo_tube_04_red75,no,,351.452145,5.0,ok,
photoelectric_sensor,input_box_1_demo_tube_05_purple75,no,,288.916960,5.0,ok,
photoelectric_sensor,input_box_2_demo_tube_01_purple75,no,,383.280328,5.0,ok,
photoelectric_sensor,input_box_2_demo_tube_02_yellow100,no,,301.037888,5.0,ok,
photoelectric_sensor,input_box_2_demo_tube_03_blue75,no,,240.537336,5.0,ok,
photoelectric_sensor,input_box_2_demo_tube_04_red75,no,,321.267194,5.0,ok,
photoelectric_sensor,input_box_2_demo_tube_05_purple75,no,,265.000000,5.0,ok,
photoelectric_sensor,input_box_3_demo_tube_01_purple75,no,,377.000000,5.0,ok,
photoelectric_sensor,input_box_3_demo_tube_02_yellow100,no,,293.000000,5.0,ok,
photoelectric_sensor,input_box_3_demo_tube_03_blue75,no,,238.648277,5.0,ok,
photoelectric_sensor,input_box_3_demo_tube_04_red75,no,,325.848124,5.0,ok,
photoelectric_sensor,input_box_3_demo_tube_05_purple75,no,,277.994604,5.0,ok,
photoelectric_sensor,input_box_4_demo_tube_01_purple75,no,,398.784403,5.0,ok,
photoelectric_sensor,input_box_4_demo_tube_02_yellow100,no,,320.544849,5.0,ok,
photoelectric_sensor,input_box_4_demo_tube_03_blue75,no,,284.838551,5.0,ok,
photoelectric_sensor,input_box_4_demo_tube_04_red75,no,,370.994609,5.0,ok,
photoelectric_sensor,input_box_4_demo_tube_05_purple75,no,,340.618555,5.0,ok,
photoelectric_sensor,scan_station_demo_tube_yellow100,no,,87.281155,5.0,ok,
photoelectric_sensor,category_A_classified_tube_01_purple75,no,,233.676721,5.0,ok,
photoelectric_sensor,category_A_classified_tube_02_purple75,no,,271.571740,5.0,ok,
photoelectric_sensor,category_A_classified_tube_03_purple75,no,,317.391887,5.0,ok,
photoelectric_sensor,category_B_classified_tube_01_yellow100,no,,198.000000,5.0,ok,
photoelectric_sensor,category_B_classified_tube_02_yellow100,no,,254.000000,5.0,ok,
photoelectric_sensor,category_B_classified_tube_03_yellow100,no,,310.001613,5.0,ok,
photoelectric_sensor,category_C_classified_tube_01_blue75,no,,211.728600,5.0,ok,
photoelectric_sensor,category_C_classified_tube_02_blue75,no,,274.089401,5.0,ok,
photoelectric_sensor,category_C_classified_tube_03_blue75,no,,336.542716,5.0,ok,
photoelectric_sensor,category_D_classified_tube_01_red75,no,,285.007017,5.0,ok,
photoelectric_sensor,category_D_classified_tube_02_red75,no,,344.681012,5.0,ok,
photoelectric_sensor,category_D_classified_tube_03_red75,no,,405.241903,5.0,ok,
category_A_output_box_4x6,category_B_output_box_4x6,no,,10.000000,5.0,ok,
category_A_output_box_4x6,category_C_output_box_4x6,no,,140.000000,5.0,ok,
category_A_output_box_4x6,category_D_output_box_4x6,no,,270.000000,5.0,ok,
category_A_output_box_4x6,manual_review_bin_2x3,no,,540.977125,5.0,ok,
category_A_output_box_4x6,input_box_1_demo_tube_01_purple75,no,,683.757998,5.0,ok,
category_A_output_box_4x6,input_box_1_demo_tube_02_yellow100,no,,600.004167,5.0,ok,
category_A_output_box_4x6,input_box_1_demo_tube_03_blue75,no,,542.406674,5.0,ok,
category_A_output_box_4x6,input_box_1_demo_tube_04_red75,no,,626.000000,5.0,ok,
category_A_output_box_4x6,input_box_1_demo_tube_05_purple75,no,,570.000000,5.0,ok,
category_A_output_box_4x6,input_box_2_demo_tube_01_purple75,no,,682.000000,5.0,ok,
category_A_output_box_4x6,input_box_2_demo_tube_02_yellow100,no,,598.000000,5.0,ok,
category_A_output_box_4x6,input_box_2_demo_tube_03_blue75,no,,542.000000,5.0,ok,
category_A_output_box_4x6,input_box_2_demo_tube_04_red75,no,,626.000799,5.0,ok,
category_A_output_box_4x6,input_box_2_demo_tube_05_purple75,no,,570.737243,5.0,ok,
category_A_output_box_4x6,input_box_3_demo_tube_01_purple75,no,,686.111507,5.0,ok,
category_A_output_box_4x6,input_box_3_demo_tube_02_yellow100,no,,602.684826,5.0,ok,
category_A_output_box_4x6,input_box_3_demo_tube_03_blue75,no,,551.700100,5.0,ok,
category_A_output_box_4x6,input_box_3_demo_tube_04_red75,no,,639.560005,5.0,ok,
category_A_output_box_4x6,input_box_3_demo_tube_05_purple75,no,,591.760931,5.0,ok,
category_A_output_box_4x6,input_box_4_demo_tube_01_purple75,no,,712.143946,5.0,ok,
category_A_output_box_4x6,input_box_4_demo_tube_02_yellow100,no,,632.162163,5.0,ok,
category_A_output_box_4x6,input_box_4_demo_tube_03_blue75,no,,589.960168,5.0,ok,
category_A_output_box_4x6,input_box_4_demo_tube_04_red75,no,,678.230787,5.0,ok,
category_A_output_box_4x6,input_box_4_demo_tube_05_purple75,no,,639.078242,5.0,ok,
category_A_output_box_4x6,scan_station_demo_tube_yellow100,no,,400.484706,5.0,ok,
category_A_output_box_4x6,category_A_classified_tube_01_purple75,yes,,,5.0,allowed_mount_contact,whitelisted expected mount/contact pair
category_A_output_box_4x6,category_A_classified_tube_02_purple75,yes,,,5.0,allowed_mount_contact,whitelisted expected mount/contact pair
category_A_output_box_4x6,category_A_classified_tube_03_purple75,yes,,,5.0,allowed_mount_contact,whitelisted expected mount/contact pair
category_A_output_box_4x6,category_B_classified_tube_01_yellow100,no,,20.000000,5.0,ok,
category_A_output_box_4x6,category_B_classified_tube_02_yellow100,no,,48.000000,5.0,ok,
category_A_output_box_4x6,category_B_classified_tube_03_yellow100,no,,76.000000,5.0,ok,
category_A_output_box_4x6,category_C_classified_tube_01_blue75,no,,150.000000,5.0,ok,
category_A_output_box_4x6,category_C_classified_tube_02_blue75,no,,178.000000,5.0,ok,
category_A_output_box_4x6,category_C_classified_tube_03_blue75,no,,206.000000,5.0,ok,
category_A_output_box_4x6,category_D_classified_tube_01_red75,no,,280.000000,5.0,ok,
category_A_output_box_4x6,category_D_classified_tube_02_red75,no,,308.000000,5.0,ok,
category_A_output_box_4x6,category_D_classified_tube_03_red75,no,,336.000000,5.0,ok,
category_B_output_box_4x6,category_C_output_box_4x6,no,,10.000000,5.0,ok,
category_B_output_box_4x6,category_D_output_box_4x6,no,,140.000000,5.0,ok,
category_B_output_box_4x6,manual_review_bin_2x3,no,,449.784671,5.0,ok,
category_B_output_box_4x6,input_box_1_demo_tube_01_purple75,no,,705.099284,5.0,ok,
category_B_output_box_4x6,input_box_1_demo_tube_02_yellow100,no,,624.215508,5.0,ok,
category_B_output_box_4x6,input_box_1_demo_tube_03_blue75,no,,562.641093,5.0,ok,
category_B_output_box_4x6,input_box_1_demo_tube_04_red75,no,,637.969435,5.0,ok,
category_B_output_box_4x6,input_box_1_demo_tube_05_purple75,no,,577.862440,5.0,ok,
category_B_output_box_4x6,input_box_2_demo_tube_01_purple75,no,,683.757998,5.0,ok,
category_B_output_box_4x6,input_box_2_demo_tube_02_yellow100,no,,600.004167,5.0,ok,
category_B_output_box_4x6,input_box_2_demo_tube_03_blue75,no,,542.406674,5.0,ok,
category_B_output_box_4x6,input_box_2_demo_tube_04_red75,no,,626.000000,5.0,ok,
category_B_output_box_4x6,input_box_2_demo_tube_05_purple75,no,,570.000000,5.0,ok,
category_B_output_box_4x6,input_box_3_demo_tube_01_purple75,no,,682.000000,5.0,ok,
category_B_output_box_4x6,input_box_3_demo_tube_02_yellow100,no,,598.000000,5.0,ok,
category_B_output_box_4x6,input_box_3_demo_tube_03_blue75,no,,542.000000,5.0,ok,
category_B_output_box_4x6,input_box_3_demo_tube_04_red75,no,,626.000799,5.0,ok,
category_B_output_box_4x6,input_box_3_demo_tube_05_purple75,no,,570.737243,5.0,ok,
category_B_output_box_4x6,input_box_4_demo_tube_01_purple75,no,,686.111507,5.0,ok,
category_B_output_box_4x6,input_box_4_demo_tube_02_yellow100,no,,602.684826,5.0,ok,
category_B_output_box_4x6,input_box_4_demo_tube_03_blue75,no,,551.700100,5.0,ok,
category_B_output_box_4x6,input_box_4_demo_tube_04_red75,no,,639.560005,5.0,ok,
category_B_output_box_4x6,input_box_4_demo_tube_05_purple75,no,,591.760931,5.0,ok,
category_B_output_box_4x6,scan_station_demo_tube_yellow100,no,,392.000000,5.0,ok,
category_B_output_box_4x6,category_A_classified_tube_01_purple75,no,,104.000000,5.0,ok,
category_B_output_box_4x6,category_A_classified_tube_02_purple75,no,,76.000000,5.0,ok,
category_B_output_box_4x6,category_A_classified_tube_03_purple75,no,,48.000000,5.0,ok,
category_B_output_box_4x6,category_B_classified_tube_01_yellow100,yes,,,5.0,allowed_mount_contact,whitelisted expected mount/contact pair
category_B_output_box_4x6,category_B_classified_tube_02_yellow100,yes,,,5.0,allowed_mount_contact,whitelisted expected mount/contact pair
category_B_output_box_4x6,category_B_classified_tube_03_yellow100,yes,,,5.0,allowed_mount_contact,whitelisted expected mount/contact pair
category_B_output_box_4x6,category_C_classified_tube_01_blue75,no,,20.000000,5.0,ok,
category_B_output_box_4x6,category_C_classified_tube_02_blue75,no,,48.000000,5.0,ok,
category_B_output_box_4x6,category_C_classified_tube_03_blue75,no,,76.000000,5.0,ok,
category_B_output_box_4x6,category_D_classified_tube_01_red75,no,,150.000000,5.0,ok,
category_B_output_box_4x6,category_D_classified_tube_02_red75,no,,178.000000,5.0,ok,
category_B_output_box_4x6,category_D_classified_tube_03_red75,no,,206.000000,5.0,ok,
category_C_output_box_4x6,category_D_output_box_4x6,no,,10.000000,5.0,ok,
category_C_output_box_4x6,manual_review_bin_2x3,no,,381.780369,5.0,ok,
category_C_output_box_4x6,input_box_1_demo_tube_01_purple75,no,,748.735601,5.0,ok,
category_C_output_box_4x6,input_box_1_demo_tube_02_yellow100,no,,673.115889,5.0,ok,
category_C_output_box_4x6,input_box_1_demo_tube_03_blue75,no,,610.512080,5.0,ok,
category_C_output_box_4x6,input_box_1_demo_tube_04_red75,no,,675.192565,5.0,ok,
category_C_output_box_4x6,input_box_1_demo_tube_05_purple75,no,,612.800946,5.0,ok,
category_C_output_box_4x6,input_box_2_demo_tube_01_purple75,no,,705.099284,5.0,ok,
category_C_output_box_4x6,input_box_2_demo_tube_02_yellow100,no,,624.215508,5.0,ok,
category_C_output_box_4x6,input_box_2_demo_tube_03_blue75,no,,562.641093,5.0,ok,
category_C_output_box_4x6,input_box_2_demo_tube_04_red75,no,,637.969435,5.0,ok,
category_C_output_box_4x6,input_box_2_demo_tube_05_purple75,no,,577.862440,5.0,ok,
category_C_output_box_4x6,input_box_3_demo_tube_01_purple75,no,,683.757998,5.0,ok,
category_C_output_box_4x6,input_box_3_demo_tube_02_yellow100,no,,600.004167,5.0,ok,
category_C_output_box_4x6,input_box_3_demo_tube_03_blue75,no,,542.406674,5.0,ok,
category_C_output_box_4x6,input_box_3_demo_tube_04_red75,no,,626.000000,5.0,ok,
category_C_output_box_4x6,input_box_3_demo_tube_05_purple75,no,,570.000000,5.0,ok,
category_C_output_box_4x6,input_box_4_demo_tube_01_purple75,no,,682.000000,5.0,ok,
category_C_output_box_4x6,input_box_4_demo_tube_02_yellow100,no,,598.000000,5.0,ok,
category_C_output_box_4x6,input_box_4_demo_tube_03_blue75,no,,542.000000,5.0,ok,
category_C_output_box_4x6,input_box_4_demo_tube_04_red75,no,,626.000799,5.0,ok,
category_C_output_box_4x6,input_box_4_demo_tube_05_purple75,no,,570.737243,5.0,ok,
category_C_output_box_4x6,scan_station_demo_tube_yellow100,no,,394.243580,5.0,ok,
category_C_output_box_4x6,category_A_classified_tube_01_purple75,no,,234.000000,5.0,ok,
category_C_output_box_4x6,category_A_classified_tube_02_purple75,no,,206.000000,5.0,ok,
category_C_output_box_4x6,category_A_classified_tube_03_purple75,no,,178.000000,5.0,ok,
category_C_output_box_4x6,category_B_classified_tube_01_yellow100,no,,104.000000,5.0,ok,
category_C_output_box_4x6,category_B_classified_tube_02_yellow100,no,,76.000000,5.0,ok,
category_C_output_box_4x6,category_B_classified_tube_03_yellow100,no,,48.000000,5.0,ok,
category_C_output_box_4x6,category_C_classified_tube_01_blue75,yes,,,5.0,allowed_mount_contact,whitelisted expected mount/contact pair
category_C_output_box_4x6,category_C_classified_tube_02_blue75,yes,,,5.0,allowed_mount_contact,whitelisted expected mount/contact pair
category_C_output_box_4x6,category_C_classified_tube_03_blue75,yes,,,5.0,allowed_mount_contact,whitelisted expected mount/contact pair
category_C_output_box_4x6,category_D_classified_tube_01_red75,no,,20.000000,5.0,ok,
category_C_output_box_4x6,category_D_classified_tube_02_red75,no,,48.000000,5.0,ok,
category_C_output_box_4x6,category_D_classified_tube_03_red75,no,,76.000000,5.0,ok,
category_D_output_box_4x6,manual_review_bin_2x3,no,,350.722469,5.0,ok,
category_D_output_box_4x6,input_box_1_demo_tube_01_purple75,no,,811.076445,5.0,ok,
category_D_output_box_4x6,input_box_1_demo_tube_02_yellow100,no,,741.838931,5.0,ok,
category_D_output_box_4x6,input_box_1_demo_tube_03_blue75,no,,680.209527,5.0,ok,
category_D_output_box_4x6,input_box_1_demo_tube_04_red75,no,,733.869879,5.0,ok,
category_D_output_box_4x6,input_box_1_demo_tube_05_purple75,no,,671.509494,5.0,ok,
category_D_output_box_4x6,input_box_2_demo_tube_01_purple75,no,,748.735601,5.0,ok,
category_D_output_box_4x6,input_box_2_demo_tube_02_yellow100,no,,673.115889,5.0,ok,
category_D_output_box_4x6,input_box_2_demo_tube_03_blue75,no,,610.512080,5.0,ok,
category_D_output_box_4x6,input_box_2_demo_tube_04_red75,no,,675.192565,5.0,ok,
category_D_output_box_4x6,input_box_2_demo_tube_05_purple75,no,,612.800946,5.0,ok,
category_D_output_box_4x6,input_box_3_demo_tube_01_purple75,no,,705.099284,5.0,ok,
category_D_output_box_4x6,input_box_3_demo_tube_02_yellow100,no,,624.215508,5.0,ok,
category_D_output_box_4x6,input_box_3_demo_tube_03_blue75,no,,562.641093,5.0,ok,
category_D_output_box_4x6,input_box_3_demo_tube_04_red75,no,,637.969435,5.0,ok,
category_D_output_box_4x6,input_box_3_demo_tube_05_purple75,no,,577.862440,5.0,ok,
category_D_output_box_4x6,input_box_4_demo_tube_01_purple75,no,,683.757998,5.0,ok,
category_D_output_box_4x6,input_box_4_demo_tube_02_yellow100,no,,600.004167,5.0,ok,
category_D_output_box_4x6,input_box_4_demo_tube_03_blue75,no,,542.406674,5.0,ok,
category_D_output_box_4x6,input_box_4_demo_tube_04_red75,no,,626.000000,5.0,ok,
category_D_output_box_4x6,input_box_4_demo_tube_05_purple75,no,,570.000000,5.0,ok,
category_D_output_box_4x6,scan_station_demo_tube_yellow100,no,,428.074760,5.0,ok,
category_D_output_box_4x6,category_A_classified_tube_01_purple75,no,,364.000000,5.0,ok,
category_D_output_box_4x6,category_A_classified_tube_02_purple75,no,,336.000000,5.0,ok,
category_D_output_box_4x6,category_A_classified_tube_03_purple75,no,,308.000000,5.0,ok,
category_D_output_box_4x6,category_B_classified_tube_01_yellow100,no,,234.000000,5.0,ok,
category_D_output_box_4x6,category_B_classified_tube_02_yellow100,no,,206.000000,5.0,ok,
category_D_output_box_4x6,category_B_classified_tube_03_yellow100,no,,178.000000,5.0,ok,
category_D_output_box_4x6,category_C_classified_tube_01_blue75,no,,104.000000,5.0,ok,
category_D_output_box_4x6,category_C_classified_tube_02_blue75,no,,76.000000,5.0,ok,
category_D_output_box_4x6,category_C_classified_tube_03_blue75,no,,48.000000,5.0,ok,
category_D_output_box_4x6,category_D_classified_tube_01_red75,yes,,,5.0,allowed_mount_contact,whitelisted expected mount/contact pair
category_D_output_box_4x6,category_D_classified_tube_02_red75,yes,,,5.0,allowed_mount_contact,whitelisted expected mount/contact pair
category_D_output_box_4x6,category_D_classified_tube_03_red75,yes,,,5.0,allowed_mount_contact,whitelisted expected mount/contact pair
manual_review_bin_2x3,input_box_1_demo_tube_01_purple75,no,,626.072081,5.0,ok,
manual_review_bin_2x3,input_box_1_demo_tube_02_yellow100,no,,600.038540,5.0,ok,
manual_review_bin_2x3,input_box_1_demo_tube_03_blue75,no,,561.093798,5.0,ok,
manual_review_bin_2x3,input_box_1_demo_tube_04_red75,no,,554.189724,5.0,ok,
manual_review_bin_2x3,input_box_1_demo_tube_05_purple75,no,,511.767770,5.0,ok,
manual_review_bin_2x3,input_box_2_demo_tube_01_purple75,no,,507.618213,5.0,ok,
manual_review_bin_2x3,input_box_2_demo_tube_02_yellow100,no,,475.138138,5.0,ok,
manual_review_bin_2x3,input_box_2_demo_tube_03_blue75,no,,433.377722,5.0,ok,
manual_review_bin_2x3,input_box_2_demo_tube_04_red75,no,,432.892885,5.0,ok,
manual_review_bin_2x3,input_box_2_demo_tube_05_purple75,no,,386.595719,5.0,ok,
manual_review_bin_2x3,input_box_3_demo_tube_01_purple75,no,,396.467212,5.0,ok,
manual_review_bin_2x3,input_box_3_demo_tube_02_yellow100,no,,353.929725,5.0,ok,
manual_review_bin_2x3,input_box_3_demo_tube_03_blue75,no,,307.581290,5.0,ok,
manual_review_bin_2x3,input_box_3_demo_tube_04_red75,no,,318.537674,5.0,ok,
manual_review_bin_2x3,input_box_3_demo_tube_05_purple75,no,,266.094438,5.0,ok,
manual_review_bin_2x3,input_box_4_demo_tube_01_purple75,no,,300.825946,5.0,ok,
manual_review_bin_2x3,input_box_4_demo_tube_02_yellow100,no,,242.025309,5.0,ok,
manual_review_bin_2x3,input_box_4_demo_tube_03_blue75,no,,187.606636,5.0,ok,
manual_review_bin_2x3,input_box_4_demo_tube_04_red75,no,,222.117649,5.0,ok,
manual_review_bin_2x3,input_box_4_demo_tube_05_purple75,no,,161.109435,5.0,ok,
manual_review_bin_2x3,scan_station_demo_tube_yellow100,no,,314.500000,5.0,ok,
manual_review_bin_2x3,category_A_classified_tube_01_purple75,no,,622.564254,5.0,ok,
manual_review_bin_2x3,category_A_classified_tube_02_purple75,no,,635.363085,5.0,ok,
manual_review_bin_2x3,category_A_classified_tube_03_purple75,no,,653.931380,5.0,ok,
manual_review_bin_2x3,category_B_classified_tube_01_yellow100,no,,522.299004,5.0,ok,
manual_review_bin_2x3,category_B_classified_tube_02_yellow100,no,,544.220773,5.0,ok,
manual_review_bin_2x3,category_B_classified_tube_03_yellow100,no,,572.185503,5.0,ok,
manual_review_bin_2x3,category_C_classified_tube_01_blue75,no,,437.956904,5.0,ok,
manual_review_bin_2x3,category_C_classified_tube_02_blue75,no,,471.663280,5.0,ok,
manual_review_bin_2x3,category_C_classified_tube_03_blue75,no,,510.848559,5.0,ok,
manual_review_bin_2x3,category_D_classified_tube_01_red75,no,,380.284433,5.0,ok,
manual_review_bin_2x3,category_D_classified_tube_02_red75,no,,427.266018,5.0,ok,
manual_review_bin_2x3,category_D_classified_tube_03_red75,no,,477.845425,5.0,ok,
input_box_1_demo_tube_01_purple75,input_box_1_demo_tube_02_yellow100,no,,68.000000,5.0,ok,
input_box_1_demo_tube_01_purple75,input_box_1_demo_tube_03_blue75,no,,124.579292,5.0,ok,
input_box_1_demo_tube_01_purple75,input_box_1_demo_tube_04_red75,no,,56.568542,5.0,ok,
input_box_1_demo_tube_01_purple75,input_box_1_demo_tube_05_purple75,no,,117.643529,5.0,ok,
input_box_1_demo_tube_01_purple75,input_box_2_demo_tube_01_purple75,no,,114.000000,5.0,ok,
input_box_1_demo_tube_01_purple75,input_box_2_demo_tube_02_yellow100,no,,132.740348,5.0,ok,
input_box_1_demo_tube_01_purple75,input_box_2_demo_tube_03_blue75,no,,188.520556,5.0,ok,
input_box_1_demo_tube_01_purple75,input_box_2_demo_tube_04_red75,no,,174.642492,5.0,ok,
input_box_1_demo_tube_01_purple75,input_box_2_demo_tube_05_purple75,no,,220.045450,5.0,ok,
input_box_1_demo_tube_01_purple75,input_box_3_demo_tube_01_purple75,no,,244.000000,5.0,ok,
input_box_1_demo_tube_01_purple75,input_box_3_demo_tube_02_yellow100,no,,253.298243,5.0,ok,
input_box_1_demo_tube_01_purple75,input_box_3_demo_tube_03_blue75,no,,298.931430,5.0,ok,
input_box_1_demo_tube_01_purple75,input_box_3_demo_tube_04_red75,no,,302.654919,5.0,ok,
input_box_1_demo_tube_01_purple75,input_box_3_demo_tube_05_purple75,no,,341.760150,5.0,ok,
input_box_1_demo_tube_01_purple75,input_box_4_demo_tube_01_purple75,no,,374.000000,5.0,ok,
input_box_1_demo_tube_01_purple75,input_box_4_demo_tube_02_yellow100,no,,380.131556,5.0,ok,
input_box_1_demo_tube_01_purple75,input_box_4_demo_tube_03_blue75,no,,420.689910,5.0,ok,
input_box_1_demo_tube_01_purple75,input_box_4_demo_tube_04_red75,no,,431.856458,5.0,ok,
input_box_1_demo_tube_01_purple75,input_box_4_demo_tube_05_purple75,no,,467.952989,5.0,ok,
input_box_1_demo_tube_01_purple75,scan_station_demo_tube_yellow100,no,,371.587136,5.0,ok,
input_box_1_demo_tube_01_purple75,category_A_classified_tube_01_purple75,no,,696.503410,5.0,ok,
input_box_1_demo_tube_01_purple75,category_A_classified_tube_02_purple75,no,,755.029139,5.0,ok,
input_box_1_demo_tube_01_purple75,category_A_classified_tube_03_purple75,no,,814.162760,5.0,ok,
input_box_1_demo_tube_01_purple75,category_B_classified_tube_01_yellow100,no,,719.275330,5.0,ok,
input_box_1_demo_tube_01_purple75,category_B_classified_tube_02_yellow100,no,,780.761807,5.0,ok,
input_box_1_demo_tube_01_purple75,category_B_classified_tube_03_yellow100,no,,842.413794,5.0,ok,
input_box_1_demo_tube_01_purple75,category_C_classified_tube_01_blue75,no,,763.804294,5.0,ok,
input_box_1_demo_tube_01_purple75,category_C_classified_tube_02_blue75,no,,826.383083,5.0,ok,
input_box_1_demo_tube_01_purple75,category_C_classified_tube_03_blue75,no,,888.966254,5.0,ok,
input_box_1_demo_tube_01_purple75,category_D_classified_tube_01_red75,no,,826.581514,5.0,ok,
input_box_1_demo_tube_01_purple75,category_D_classified_tube_02_red75,no,,888.835755,5.0,ok,
input_box_1_demo_tube_01_purple75,category_D_classified_tube_03_red75,no,,951.136688,5.0,ok,
input_box_1_demo_tube_02_yellow100,input_box_1_demo_tube_03_blue75,no,,41.761226,5.0,ok,
input_box_1_demo_tube_02_yellow100,input_box_1_demo_tube_04_red75,no,,41.761226,5.0,ok,
input_box_1_demo_tube_02_yellow100,input_box_1_demo_tube_05_purple75,no,,69.050706,5.0,ok,
input_box_1_demo_tube_02_yellow100,input_box_2_demo_tube_01_purple75,no,,132.740348,5.0,ok,
input_box_1_demo_tube_02_yellow100,input_box_2_demo_tube_02_yellow100,no,,114.000000,5.0,ok,
input_box_1_demo_tube_02_yellow100,input_box_2_demo_tube_03_blue75,no,,147.526269,5.0,ok,
input_box_1_demo_tube_02_yellow100,input_box_2_demo_tube_04_red75,no,,170.423003,5.0,ok,
input_box_1_demo_tube_02_yellow100,input_box_2_demo_tube_05_purple75,no,,198.363303,5.0,ok,
input_box_1_demo_tube_02_yellow100,input_box_3_demo_tube_01_purple75,no,,253.298243,5.0,ok,
input_box_1_demo_tube_02_yellow100,input_box_3_demo_tube_02_yellow100,no,,244.000000,5.0,ok,
input_box_1_demo_tube_02_yellow100,input_box_3_demo_tube_03_blue75,no,,274.925444,5.0,ok,
input_box_1_demo_tube_02_yellow100,input_box_3_demo_tube_04_red75,no,,300.239904,5.0,ok,
input_box_1_demo_tube_02_yellow100,input_box_3_demo_tube_05_purple75,no,,328.219439,5.0,ok,
input_box_1_demo_tube_02_yellow100,input_box_4_demo_tube_01_purple75,no,,380.131556,5.0,ok,
input_box_1_demo_tube_02_yellow100,input_box_4_demo_tube_02_yellow100,no,,374.000000,5.0,ok,
input_box_1_demo_tube_02_yellow100,input_box_4_demo_tube_03_blue75,no,,403.985148,5.0,ok,
input_box_1_demo_tube_02_yellow100,input_box_4_demo_tube_04_red75,no,,430.167409,5.0,ok,
input_box_1_demo_tube_02_yellow100,input_box_4_demo_tube_05_purple75,no,,458.157178,5.0,ok,
input_box_1_demo_tube_02_yellow100,scan_station_demo_tube_yellow100,no,,314.803113,5.0,ok,
input_box_1_demo_tube_02_yellow100,category_A_classified_tube_01_purple75,no,,612.846637,5.0,ok,
input_box_1_demo_tube_02_yellow100,category_A_classified_tube_02_purple75,no,,671.658395,5.0,ok,
input_box_1_demo_tube_02_yellow100,category_A_classified_tube_03_purple75,no,,731.101224,5.0,ok,
input_box_1_demo_tube_02_yellow100,category_B_classified_tube_01_yellow100,no,,638.608644,5.0,ok,
input_box_1_demo_tube_02_yellow100,category_B_classified_tube_02_yellow100,no,,700.460563,5.0,ok,
input_box_1_demo_tube_02_yellow100,category_B_classified_tube_03_yellow100,no,,762.436227,5.0,ok,
input_box_1_demo_tube_02_yellow100,category_C_classified_tube_01_blue75,no,,688.375624,5.0,ok,
input_box_1_demo_tube_02_yellow100,category_C_classified_tube_02_blue75,no,,750.976032,5.0,ok,
input_box_1_demo_tube_02_yellow100,category_C_classified_tube_03_blue75,no,,813.577900,5.0,ok,
input_box_1_demo_tube_02_yellow100,category_D_classified_tube_01_red75,no,,757.430525,5.0,ok,
input_box_1_demo_tube_02_yellow100,category_D_classified_tube_02_red75,no,,819.197778,5.0,ok,
input_box_1_demo_tube_02_yellow100,category_D_classified_tube_03_red75,no,,881.083991,5.0,ok,
input_box_1_demo_tube_03_blue75,input_box_1_demo_tube_04_red75,no,,69.050706,5.0,ok,
input_box_1_demo_tube_03_blue75,input_box_1_demo_tube_05_purple75,no,,41.761226,5.0,ok,
input_box_1_demo_tube_03_blue75,input_box_2_demo_tube_01_purple75,no,,150.903943,5.0,ok,
input_box_1_demo_tube_03_blue75,input_box_2_demo_tube_02_yellow100,no,,94.847246,5.0,ok,
input_box_1_demo_tube_03_blue75,input_box_2_demo_tube_03_blue75,no,,114.000000,5.0,ok,
input_box_1_demo_tube_03_blue75,input_box_2_demo_tube_04_red75,no,,157.442053,5.0,ok,
input_box_1_demo_tube_03_blue75,input_box_2_demo_tube_05_purple75,no,,170.423003,5.0,ok,
input_box_1_demo_tube_03_blue75,input_box_3_demo_tube_01_purple75,no,,249.062241,5.0,ok,
input_box_1_demo_tube_03_blue75,input_box_3_demo_tube_02_yellow100,no,,219.672483,5.0,ok,
input_box_1_demo_tube_03_blue75,input_box_3_demo_tube_03_blue75,no,,244.000000,5.0,ok,
input_box_1_demo_tube_03_blue75,input_box_3_demo_tube_04_red75,no,,280.371183,5.0,ok,
input_box_1_demo_tube_03_blue75,input_box_3_demo_tube_05_purple75,no,,300.239904,5.0,ok,
input_box_1_demo_tube_03_blue75,input_box_4_demo_tube_01_purple75,no,,367.548636,5.0,ok,
input_box_1_demo_tube_03_blue75,input_box_4_demo_tube_02_yellow100,no,,348.304465,5.0,ok,
input_box_1_demo_tube_03_blue75,input_box_4_demo_tube_03_blue75,no,,374.000000,5.0,ok,
input_box_1_demo_tube_03_blue75,input_box_4_demo_tube_04_red75,no,,407.710682,5.0,ok,
input_box_1_demo_tube_03_blue75,input_box_4_demo_tube_05_purple75,no,,430.167409,5.0,ok,
input_box_1_demo_tube_03_blue75,scan_station_demo_tube_yellow100,no,,260.163410,5.0,ok,
input_box_1_demo_tube_03_blue75,category_A_classified_tube_01_purple75,no,,554.866651,5.0,ok,
input_box_1_demo_tube_03_blue75,category_A_classified_tube_02_purple75,no,,612.846637,5.0,ok,
input_box_1_demo_tube_03_blue75,category_A_classified_tube_03_purple75,no,,671.658395,5.0,ok,
input_box_1_demo_tube_03_blue75,category_B_classified_tube_01_yellow100,no,,576.920272,5.0,ok,
input_box_1_demo_tube_03_blue75,category_B_classified_tube_02_yellow100,no,,638.608644,5.0,ok,
input_box_1_demo_tube_03_blue75,category_B_classified_tube_03_yellow100,no,,700.460563,5.0,ok,
input_box_1_demo_tube_03_blue75,category_C_classified_tube_01_blue75,no,,625.777117,5.0,ok,
input_box_1_demo_tube_03_blue75,category_C_classified_tube_02_blue75,no,,688.375624,5.0,ok,
input_box_1_demo_tube_03_blue75,category_C_classified_tube_03_blue75,no,,750.976032,5.0,ok,
input_box_1_demo_tube_03_blue75,category_D_classified_tube_01_red75,no,,695.813912,5.0,ok,
input_box_1_demo_tube_03_blue75,category_D_classified_tube_02_red75,no,,757.430525,5.0,ok,
input_box_1_demo_tube_03_blue75,category_D_classified_tube_03_red75,no,,819.197778,5.0,ok,
input_box_1_demo_tube_04_red75,input_box_1_demo_tube_05_purple75,no,,41.761226,5.0,ok,
input_box_1_demo_tube_04_red75,input_box_2_demo_tube_01_purple75,no,,70.455660,5.0,ok,
input_box_1_demo_tube_04_red75,input_box_2_demo_tube_02_yellow100,no,,59.228372,5.0,ok,
input_box_1_demo_tube_04_red75,input_box_2_demo_tube_03_blue75,no,,109.635761,5.0,ok,
input_box_1_demo_tube_04_red75,input_box_2_demo_tube_04_red75,no,,114.000000,5.0,ok,
input_box_1_demo_tube_04_red75,input_box_2_demo_tube_05_purple75,no,,147.526269,5.0,ok,
input_box_1_demo_tube_04_red75,input_box_3_demo_tube_01_purple75,no,,192.208220,5.0,ok,
input_box_1_demo_tube_04_red75,input_box_3_demo_tube_02_yellow100,no,,188.382589,5.0,ok,
input_box_1_demo_tube_04_red75,input_box_3_demo_tube_03_blue75,no,,226.450878,5.0,ok,
input_box_1_demo_tube_04_red75,input_box_3_demo_tube_04_red75,no,,244.000000,5.0,ok,
input_box_1_demo_tube_04_red75,input_box_3_demo_tube_05_purple75,no,,274.925444,5.0,ok,
input_box_1_demo_tube_04_red75,input_box_4_demo_tube_01_purple75,no,,320.505850,5.0,ok,
input_box_1_demo_tube_04_red75,input_box_4_demo_tube_02_yellow100,no,,318.226335,5.0,ok,
input_box_1_demo_tube_04_red75,input_box_4_demo_tube_03_blue75,no,,352.618774,5.0,ok,
input_box_1_demo_tube_04_red75,input_box_4_demo_tube_04_red75,no,,374.000000,5.0,ok,
input_box_1_demo_tube_04_red75,input_box_4_demo_tube_05_purple75,no,,403.985148,5.0,ok,
input_box_1_demo_tube_04_red75,scan_station_demo_tube_yellow100,no,,292.487607,5.0,ok,
input_box_1_demo_tube_04_red75,category_A_classified_tube_01_purple75,no,,638.007053,5.0,ok,
input_box_1_demo_tube_04_red75,category_A_classified_tube_02_purple75,no,,694.692018,5.0,ok,
input_box_1_demo_tube_04_red75,category_A_classified_tube_03_purple75,no,,752.317087,5.0,ok,
input_box_1_demo_tube_04_red75,category_B_classified_tube_01_yellow100,no,,651.715429,5.0,ok,
input_box_1_demo_tube_04_red75,category_B_classified_tube_02_yellow100,no,,712.430347,5.0,ok,
input_box_1_demo_tube_04_red75,category_B_classified_tube_03_yellow100,no,,773.447477,5.0,ok,
input_box_1_demo_tube_04_red75,category_C_classified_tube_01_blue75,no,,690.081879,5.0,ok,
input_box_1_demo_tube_04_red75,category_C_classified_tube_02_blue75,no,,752.540364,5.0,ok,
input_box_1_demo_tube_04_red75,category_C_classified_tube_03_blue75,no,,815.022086,5.0,ok,
input_box_1_demo_tube_04_red75,category_D_classified_tube_01_red75,no,,749.328366,5.0,ok,
input_box_1_demo_tube_04_red75,category_D_classified_tube_02_red75,no,,811.712387,5.0,ok,
input_box_1_demo_tube_04_red75,category_D_classified_tube_03_red75,no,,874.128709,5.0,ok,
input_box_1_demo_tube_05_purple75,input_box_2_demo_tube_01_purple75,no,,100.578328,5.0,ok,
input_box_1_demo_tube_05_purple75,input_box_2_demo_tube_02_yellow100,no,,32.310989,5.0,ok,
input_box_1_demo_tube_05_purple75,input_box_2_demo_tube_03_blue75,no,,59.228372,5.0,ok,
input_box_1_demo_tube_05_purple75,input_box_2_demo_tube_04_red75,no,,94.847246,5.0,ok,
input_box_1_demo_tube_05_purple75,input_box_2_demo_tube_05_purple75,no,,114.000000,5.0,ok,
input_box_1_demo_tube_05_purple75,input_box_3_demo_tube_01_purple75,no,,186.590461,5.0,ok,
input_box_1_demo_tube_05_purple75,input_box_3_demo_tube_02_yellow100,no,,160.449369,5.0,ok,
input_box_1_demo_tube_05_purple75,input_box_3_demo_tube_03_blue75,no,,188.382589,5.0,ok,
input_box_1_demo_tube_05_purple75,input_box_3_demo_tube_04_red75,no,,219.672483,5.0,ok,
input_box_1_demo_tube_05_purple75,input_box_3_demo_tube_05_purple75,no,,244.000000,5.0,ok,
input_box_1_demo_tube_05_purple75,input_box_4_demo_tube_01_purple75,no,,305.476677,5.0,ok,
input_box_1_demo_tube_05_purple75,input_box_4_demo_tube_02_yellow100,no,,290.248170,5.0,ok,
input_box_1_demo_tube_05_purple75,input_box_4_demo_tube_03_blue75,no,,318.226335,5.0,ok,
input_box_1_demo_tube_05_purple75,input_box_4_demo_tube_04_red75,no,,348.304465,5.0,ok,
input_box_1_demo_tube_05_purple75,input_box_4_demo_tube_05_purple75,no,,374.000000,5.0,ok,
input_box_1_demo_tube_05_purple75,scan_station_demo_tube_yellow100,no,,232.664995,5.0,ok,
input_box_1_demo_tube_05_purple75,category_A_classified_tube_01_purple75,no,,582.000000,5.0,ok,
input_box_1_demo_tube_05_purple75,category_A_classified_tube_02_purple75,no,,638.007053,5.0,ok,
input_box_1_demo_tube_05_purple75,category_A_classified_tube_03_purple75,no,,694.692018,5.0,ok,
input_box_1_demo_tube_05_purple75,category_B_classified_tube_01_yellow100,no,,591.395807,5.0,ok,
input_box_1_demo_tube_05_purple75,category_B_classified_tube_02_yellow100,no,,651.715429,5.0,ok,
input_box_1_demo_tube_05_purple75,category_B_classified_tube_03_yellow100,no,,712.430347,5.0,ok,
input_box_1_demo_tube_05_purple75,category_C_classified_tube_01_blue75,no,,627.653567,5.0,ok,
input_box_1_demo_tube_05_purple75,category_C_classified_tube_02_blue75,no,,690.081879,5.0,ok,
input_box_1_demo_tube_05_purple75,category_C_classified_tube_03_blue75,no,,752.540364,5.0,ok,
input_box_1_demo_tube_05_purple75,category_D_classified_tube_01_red75,no,,686.985444,5.0,ok,
input_box_1_demo_tube_05_purple75,category_D_classified_tube_02_red75,no,,749.328366,5.0,ok,
input_box_1_demo_tube_05_purple75,category_D_classified_tube_03_red75,no,,811.712387,5.0,ok,
input_box_2_demo_tube_01_purple75,input_box_2_demo_tube_02_yellow100,no,,68.000000,5.0,ok,
input_box_2_demo_tube_01_purple75,input_box_2_demo_tube_03_blue75,no,,124.579292,5.0,ok,
input_box_2_demo_tube_01_purple75,input_box_2_demo_tube_04_red75,no,,56.568542,5.0,ok,
input_box_2_demo_tube_01_purple75,input_box_2_demo_tube_05_purple75,no,,117.643529,5.0,ok,
input_box_2_demo_tube_01_purple75,input_box_3_demo_tube_01_purple75,no,,114.000000,5.0,ok,
input_box_2_demo_tube_01_purple75,input_box_3_demo_tube_02_yellow100,no,,132.740348,5.0,ok,
input_box_2_demo_tube_01_purple75,input_box_3_demo_tube_03_blue75,no,,188.520556,5.0,ok,
input_box_2_demo_tube_01_purple75,input_box_3_demo_tube_04_red75,no,,174.642492,5.0,ok,
input_box_2_demo_tube_01_purple75,input_box_3_demo_tube_05_purple75,no,,220.045450,5.0,ok,
input_box_2_demo_tube_01_purple75,input_box_4_demo_tube_01_purple75,no,,244.000000,5.0,ok,
input_box_2_demo_tube_01_purple75,input_box_4_demo_tube_02_yellow100,no,,253.298243,5.0,ok,
input_box_2_demo_tube_01_purple75,input_box_4_demo_tube_03_blue75,no,,298.931430,5.0,ok,
input_box_2_demo_tube_01_purple75,input_box_4_demo_tube_04_red75,no,,302.654919,5.0,ok,
input_box_2_demo_tube_01_purple75,input_box_4_demo_tube_05_purple75,no,,341.760150,5.0,ok,
input_box_2_demo_tube_01_purple75,scan_station_demo_tube_yellow100,no,,299.527962,5.0,ok,
input_box_2_demo_tube_01_purple75,category_A_classified_tube_01_purple75,no,,695.094958,5.0,ok,
input_box_2_demo_tube_01_purple75,category_A_classified_tube_02_purple75,no,,750.080662,5.0,ok,
input_box_2_demo_tube_01_purple75,category_A_classified_tube_03_purple75,no,,806.000000,5.0,ok,
input_box_2_demo_tube_01_purple75,category_B_classified_tube_01_yellow100,no,,696.503410,5.0,ok,
input_box_2_demo_tube_01_purple75,category_B_classified_tube_02_yellow100,no,,755.029139,5.0,ok,
input_box_2_demo_tube_01_purple75,category_B_classified_tube_03_yellow100,no,,814.162760,5.0,ok,
input_box_2_demo_tube_01_purple75,category_C_classified_tube_01_blue75,no,,719.275330,5.0,ok,
input_box_2_demo_tube_01_purple75,category_C_classified_tube_02_blue75,no,,780.761807,5.0,ok,
input_box_2_demo_tube_01_purple75,category_C_classified_tube_03_blue75,no,,842.413794,5.0,ok,
input_box_2_demo_tube_01_purple75,category_D_classified_tube_01_red75,no,,763.804294,5.0,ok,
input_box_2_demo_tube_01_purple75,category_D_classified_tube_02_red75,no,,826.383083,5.0,ok,
input_box_2_demo_tube_01_purple75,category_D_classified_tube_03_red75,no,,888.966254,5.0,ok,
input_box_2_demo_tube_02_yellow100,input_box_2_demo_tube_03_blue75,no,,41.761226,5.0,ok,
input_box_2_demo_tube_02_yellow100,input_box_2_demo_tube_04_red75,no,,41.761226,5.0,ok,
input_box_2_demo_tube_02_yellow100,input_box_2_demo_tube_05_purple75,no,,69.050706,5.0,ok,
input_box_2_demo_tube_02_yellow100,input_box_3_demo_tube_01_purple75,no,,132.740348,5.0,ok,
input_box_2_demo_tube_02_yellow100,input_box_3_demo_tube_02_yellow100,no,,114.000000,5.0,ok,
input_box_2_demo_tube_02_yellow100,input_box_3_demo_tube_03_blue75,no,,147.526269,5.0,ok,
input_box_2_demo_tube_02_yellow100,input_box_3_demo_tube_04_red75,no,,170.423003,5.0,ok,
input_box_2_demo_tube_02_yellow100,input_box_3_demo_tube_05_purple75,no,,198.363303,5.0,ok,
input_box_2_demo_tube_02_yellow100,input_box_4_demo_tube_01_purple75,no,,253.298243,5.0,ok,
input_box_2_demo_tube_02_yellow100,input_box_4_demo_tube_02_yellow100,no,,244.000000,5.0,ok,
input_box_2_demo_tube_02_yellow100,input_box_4_demo_tube_03_blue75,no,,274.925444,5.0,ok,
input_box_2_demo_tube_02_yellow100,input_box_4_demo_tube_04_red75,no,,300.239904,5.0,ok,
input_box_2_demo_tube_02_yellow100,input_box_4_demo_tube_05_purple75,no,,328.219439,5.0,ok,
input_box_2_demo_tube_02_yellow100,scan_station_demo_tube_yellow100,no,,225.257630,5.0,ok,
input_box_2_demo_tube_02_yellow100,category_A_classified_tube_01_purple75,no,,611.245450,5.0,ok,
input_box_2_demo_tube_02_yellow100,category_A_classified_tube_02_purple75,no,,666.090835,5.0,ok,
input_box_2_demo_tube_02_yellow100,category_A_classified_tube_03_purple75,no,,722.000000,5.0,ok,
input_box_2_demo_tube_02_yellow100,category_B_classified_tube_01_yellow100,no,,612.846637,5.0,ok,
input_box_2_demo_tube_02_yellow100,category_B_classified_tube_02_yellow100,no,,671.658395,5.0,ok,
input_box_2_demo_tube_02_yellow100,category_B_classified_tube_03_yellow100,no,,731.101224,5.0,ok,
input_box_2_demo_tube_02_yellow100,category_C_classified_tube_01_blue75,no,,638.608644,5.0,ok,
input_box_2_demo_tube_02_yellow100,category_C_classified_tube_02_blue75,no,,700.460563,5.0,ok,
input_box_2_demo_tube_02_yellow100,category_C_classified_tube_03_blue75,no,,762.436227,5.0,ok,
input_box_2_demo_tube_02_yellow100,category_D_classified_tube_01_red75,no,,688.375624,5.0,ok,
input_box_2_demo_tube_02_yellow100,category_D_classified_tube_02_red75,no,,750.976032,5.0,ok,
input_box_2_demo_tube_02_yellow100,category_D_classified_tube_03_red75,no,,813.577900,5.0,ok,
input_box_2_demo_tube_03_blue75,input_box_2_demo_tube_04_red75,no,,69.050706,5.0,ok,
input_box_2_demo_tube_03_blue75,input_box_2_demo_tube_05_purple75,no,,41.761226,5.0,ok,
input_box_2_demo_tube_03_blue75,input_box_3_demo_tube_01_purple75,no,,150.903943,5.0,ok,
input_box_2_demo_tube_03_blue75,input_box_3_demo_tube_02_yellow100,no,,94.847246,5.0,ok,
input_box_2_demo_tube_03_blue75,input_box_3_demo_tube_03_blue75,no,,114.000000,5.0,ok,
input_box_2_demo_tube_03_blue75,input_box_3_demo_tube_04_red75,no,,157.442053,5.0,ok,
input_box_2_demo_tube_03_blue75,input_box_3_demo_tube_05_purple75,no,,170.423003,5.0,ok,
input_box_2_demo_tube_03_blue75,input_box_4_demo_tube_01_purple75,no,,249.062241,5.0,ok,
input_box_2_demo_tube_03_blue75,input_box_4_demo_tube_02_yellow100,no,,219.672483,5.0,ok,
input_box_2_demo_tube_03_blue75,input_box_4_demo_tube_03_blue75,no,,244.000000,5.0,ok,
input_box_2_demo_tube_03_blue75,input_box_4_demo_tube_04_red75,no,,280.371183,5.0,ok,
input_box_2_demo_tube_03_blue75,input_box_4_demo_tube_05_purple75,no,,300.239904,5.0,ok,
input_box_2_demo_tube_03_blue75,scan_station_demo_tube_yellow100,no,,163.110392,5.0,ok,
input_box_2_demo_tube_03_blue75,category_A_classified_tube_01_purple75,no,,558.036737,5.0,ok,
input_box_2_demo_tube_03_blue75,category_A_classified_tube_02_purple75,no,,611.245450,5.0,ok,
input_box_2_demo_tube_03_blue75,category_A_classified_tube_03_purple75,no,,666.090835,5.0,ok,
input_box_2_demo_tube_03_blue75,category_B_classified_tube_01_yellow100,no,,554.866651,5.0,ok,
input_box_2_demo_tube_03_blue75,category_B_classified_tube_02_yellow100,no,,612.846637,5.0,ok,
input_box_2_demo_tube_03_blue75,category_B_classified_tube_03_yellow100,no,,671.658395,5.0,ok,
input_box_2_demo_tube_03_blue75,category_C_classified_tube_01_blue75,no,,576.920272,5.0,ok,
input_box_2_demo_tube_03_blue75,category_C_classified_tube_02_blue75,no,,638.608644,5.0,ok,
input_box_2_demo_tube_03_blue75,category_C_classified_tube_03_blue75,no,,700.460563,5.0,ok,
input_box_2_demo_tube_03_blue75,category_D_classified_tube_01_red75,no,,625.777117,5.0,ok,
input_box_2_demo_tube_03_blue75,category_D_classified_tube_02_red75,no,,688.375624,5.0,ok,
input_box_2_demo_tube_03_blue75,category_D_classified_tube_03_red75,no,,750.976032,5.0,ok,
input_box_2_demo_tube_04_red75,input_box_2_demo_tube_05_purple75,no,,41.761226,5.0,ok,
input_box_2_demo_tube_04_red75,input_box_3_demo_tube_01_purple75,no,,70.455660,5.0,ok,
input_box_2_demo_tube_04_red75,input_box_3_demo_tube_02_yellow100,no,,59.228372,5.0,ok,
input_box_2_demo_tube_04_red75,input_box_3_demo_tube_03_blue75,no,,109.635761,5.0,ok,
input_box_2_demo_tube_04_red75,input_box_3_demo_tube_04_red75,no,,114.000000,5.0,ok,
input_box_2_demo_tube_04_red75,input_box_3_demo_tube_05_purple75,no,,147.526269,5.0,ok,
input_box_2_demo_tube_04_red75,input_box_4_demo_tube_01_purple75,no,,192.208220,5.0,ok,
input_box_2_demo_tube_04_red75,input_box_4_demo_tube_02_yellow100,no,,188.382589,5.0,ok,
input_box_2_demo_tube_04_red75,input_box_4_demo_tube_03_blue75,no,,226.450878,5.0,ok,
input_box_2_demo_tube_04_red75,input_box_4_demo_tube_04_red75,no,,244.000000,5.0,ok,
input_box_2_demo_tube_04_red75,input_box_4_demo_tube_05_purple75,no,,274.925444,5.0,ok,
input_box_2_demo_tube_04_red75,scan_station_demo_tube_yellow100,no,,227.484065,5.0,ok,
input_box_2_demo_tube_04_red75,category_A_classified_tube_01_purple75,no,,645.034108,5.0,ok,
input_box_2_demo_tube_04_red75,category_A_classified_tube_02_purple75,no,,697.226649,5.0,ok,
input_box_2_demo_tube_04_red75,category_A_classified_tube_03_purple75,no,,751.013315,5.0,ok,
input_box_2_demo_tube_04_red75,category_B_classified_tube_01_yellow100,no,,638.007053,5.0,ok,
input_box_2_demo_tube_04_red75,category_B_classified_tube_02_yellow100,no,,694.692018,5.0,ok,
input_box_2_demo_tube_04_red75,category_B_classified_tube_03_yellow100,no,,752.317087,5.0,ok,
input_box_2_demo_tube_04_red75,category_C_classified_tube_01_blue75,no,,651.715429,5.0,ok,
input_box_2_demo_tube_04_red75,category_C_classified_tube_02_blue75,no,,712.430347,5.0,ok,
input_box_2_demo_tube_04_red75,category_C_classified_tube_03_blue75,no,,773.447477,5.0,ok,
input_box_2_demo_tube_04_red75,category_D_classified_tube_01_red75,no,,690.081879,5.0,ok,
input_box_2_demo_tube_04_red75,category_D_classified_tube_02_red75,no,,752.540364,5.0,ok,
input_box_2_demo_tube_04_red75,category_D_classified_tube_03_red75,no,,815.022086,5.0,ok,
input_box_2_demo_tube_05_purple75,input_box_3_demo_tube_01_purple75,no,,100.578328,5.0,ok,
input_box_2_demo_tube_05_purple75,input_box_3_demo_tube_02_yellow100,no,,32.310989,5.0,ok,
input_box_2_demo_tube_05_purple75,input_box_3_demo_tube_03_blue75,no,,59.228372,5.0,ok,
input_box_2_demo_tube_05_purple75,input_box_3_demo_tube_04_red75,no,,94.847246,5.0,ok,
input_box_2_demo_tube_05_purple75,input_box_3_demo_tube_05_purple75,no,,114.000000,5.0,ok,
input_box_2_demo_tube_05_purple75,input_box_4_demo_tube_01_purple75,no,,186.590461,5.0,ok,
input_box_2_demo_tube_05_purple75,input_box_4_demo_tube_02_yellow100,no,,160.449369,5.0,ok,
input_box_2_demo_tube_05_purple75,input_box_4_demo_tube_03_blue75,no,,188.382589,5.0,ok,
input_box_2_demo_tube_05_purple75,input_box_4_demo_tube_04_red75,no,,219.672483,5.0,ok,
input_box_2_demo_tube_05_purple75,input_box_4_demo_tube_05_purple75,no,,244.000000,5.0,ok,
input_box_2_demo_tube_05_purple75,scan_station_demo_tube_yellow100,no,,166.171598,5.0,ok,
input_box_2_demo_tube_05_purple75,category_A_classified_tube_01_purple75,no,,594.855445,5.0,ok,
input_box_2_demo_tube_05_purple75,category_A_classified_tube_02_purple75,no,,645.034108,5.0,ok,
input_box_2_demo_tube_05_purple75,category_A_classified_tube_03_purple75,no,,697.226649,5.0,ok,
input_box_2_demo_tube_05_purple75,category_B_classified_tube_01_yellow100,no,,582.000000,5.0,ok,
input_box_2_demo_tube_05_purple75,category_B_classified_tube_02_yellow100,no,,638.007053,5.0,ok,
input_box_2_demo_tube_05_purple75,category_B_classified_tube_03_yellow100,no,,694.692018,5.0,ok,
input_box_2_demo_tube_05_purple75,category_C_classified_tube_01_blue75,no,,591.395807,5.0,ok,
input_box_2_demo_tube_05_purple75,category_C_classified_tube_02_blue75,no,,651.715429,5.0,ok,
input_box_2_demo_tube_05_purple75,category_C_classified_tube_03_blue75,no,,712.430347,5.0,ok,
input_box_2_demo_tube_05_purple75,category_D_classified_tube_01_red75,no,,627.653567,5.0,ok,
input_box_2_demo_tube_05_purple75,category_D_classified_tube_02_red75,no,,690.081879,5.0,ok,
input_box_2_demo_tube_05_purple75,category_D_classified_tube_03_red75,no,,752.540364,5.0,ok,
input_box_3_demo_tube_01_purple75,input_box_3_demo_tube_02_yellow100,no,,68.000000,5.0,ok,
input_box_3_demo_tube_01_purple75,input_box_3_demo_tube_03_blue75,no,,124.579292,5.0,ok,
input_box_3_demo_tube_01_purple75,input_box_3_demo_tube_04_red75,no,,56.568542,5.0,ok,
input_box_3_demo_tube_01_purple75,input_box_3_demo_tube_05_purple75,no,,117.643529,5.0,ok,
input_box_3_demo_tube_01_purple75,input_box_4_demo_tube_01_purple75,no,,114.000000,5.0,ok,
input_box_3_demo_tube_01_purple75,input_box_4_demo_tube_02_yellow100,no,,132.740348,5.0,ok,
input_box_3_demo_tube_01_purple75,input_box_4_demo_tube_03_blue75,no,,188.520556,5.0,ok,
input_box_3_demo_tube_01_purple75,input_box_4_demo_tube_04_red75,no,,174.642492,5.0,ok,
input_box_3_demo_tube_01_purple75,input_box_4_demo_tube_05_purple75,no,,220.045450,5.0,ok,
input_box_3_demo_tube_01_purple75,scan_station_demo_tube_yellow100,no,,274.000000,5.0,ok,
input_box_3_demo_tube_01_purple75,category_A_classified_tube_01_purple75,no,,714.280757,5.0,ok,
input_box_3_demo_tube_01_purple75,category_A_classified_tube_02_purple75,no,,763.138913,5.0,ok,
input_box_3_demo_tube_01_purple75,category_A_classified_tube_03_purple75,no,,813.882670,5.0,ok,
input_box_3_demo_tube_01_purple75,category_B_classified_tube_01_yellow100,no,,695.094958,5.0,ok,
input_box_3_demo_tube_01_purple75,category_B_classified_tube_02_yellow100,no,,750.080662,5.0,ok,
input_box_3_demo_tube_01_purple75,category_B_classified_tube_03_yellow100,no,,806.000000,5.0,ok,
input_box_3_demo_tube_01_purple75,category_C_classified_tube_01_blue75,no,,696.503410,5.0,ok,
input_box_3_demo_tube_01_purple75,category_C_classified_tube_02_blue75,no,,755.029139,5.0,ok,
input_box_3_demo_tube_01_purple75,category_C_classified_tube_03_blue75,no,,814.162760,5.0,ok,
input_box_3_demo_tube_01_purple75,category_D_classified_tube_01_red75,no,,719.275330,5.0,ok,
input_box_3_demo_tube_01_purple75,category_D_classified_tube_02_red75,no,,780.761807,5.0,ok,
input_box_3_demo_tube_01_purple75,category_D_classified_tube_03_red75,no,,842.413794,5.0,ok,
input_box_3_demo_tube_02_yellow100,input_box_3_demo_tube_03_blue75,no,,41.761226,5.0,ok,
input_box_3_demo_tube_02_yellow100,input_box_3_demo_tube_04_red75,no,,41.761226,5.0,ok,
input_box_3_demo_tube_02_yellow100,input_box_3_demo_tube_05_purple75,no,,69.050706,5.0,ok,
input_box_3_demo_tube_02_yellow100,input_box_4_demo_tube_01_purple75,no,,132.740348,5.0,ok,
input_box_3_demo_tube_02_yellow100,input_box_4_demo_tube_02_yellow100,no,,114.000000,5.0,ok,
input_box_3_demo_tube_02_yellow100,input_box_4_demo_tube_03_blue75,no,,147.526269,5.0,ok,
input_box_3_demo_tube_02_yellow100,input_box_4_demo_tube_04_red75,no,,170.423003,5.0,ok,
input_box_3_demo_tube_02_yellow100,input_box_4_demo_tube_05_purple75,no,,198.363303,5.0,ok,
input_box_3_demo_tube_02_yellow100,scan_station_demo_tube_yellow100,no,,190.000000,5.0,ok,
input_box_3_demo_tube_02_yellow100,category_A_classified_tube_01_purple75,no,,632.977883,5.0,ok,
input_box_3_demo_tube_02_yellow100,category_A_classified_tube_02_purple75,no,,680.762073,5.0,ok,
input_box_3_demo_tube_02_yellow100,category_A_classified_tube_03_purple75,no,,730.789299,5.0,ok,
input_box_3_demo_tube_02_yellow100,category_B_classified_tube_01_yellow100,no,,611.245450,5.0,ok,
input_box_3_demo_tube_02_yellow100,category_B_classified_tube_02_yellow100,no,,666.090835,5.0,ok,
input_box_3_demo_tube_02_yellow100,category_B_classified_tube_03_yellow100,no,,722.000000,5.0,ok,
input_box_3_demo_tube_02_yellow100,category_C_classified_tube_01_blue75,no,,612.846637,5.0,ok,
input_box_3_demo_tube_02_yellow100,category_C_classified_tube_02_blue75,no,,671.658395,5.0,ok,
input_box_3_demo_tube_02_yellow100,category_C_classified_tube_03_blue75,no,,731.101224,5.0,ok,
input_box_3_demo_tube_02_yellow100,category_D_classified_tube_01_red75,no,,638.608644,5.0,ok,
input_box_3_demo_tube_02_yellow100,category_D_classified_tube_02_red75,no,,700.460563,5.0,ok,
input_box_3_demo_tube_02_yellow100,category_D_classified_tube_03_red75,no,,762.436227,5.0,ok,
input_box_3_demo_tube_03_blue75,input_box_3_demo_tube_04_red75,no,,69.050706,5.0,ok,
input_box_3_demo_tube_03_blue75,input_box_3_demo_tube_05_purple75,no,,41.761226,5.0,ok,
input_box_3_demo_tube_03_blue75,input_box_4_demo_tube_01_purple75,no,,150.903943,5.0,ok,
input_box_3_demo_tube_03_blue75,input_box_4_demo_tube_02_yellow100,no,,94.847246,5.0,ok,
input_box_3_demo_tube_03_blue75,input_box_4_demo_tube_03_blue75,no,,114.000000,5.0,ok,
input_box_3_demo_tube_03_blue75,input_box_4_demo_tube_04_red75,no,,157.442053,5.0,ok,
input_box_3_demo_tube_03_blue75,input_box_4_demo_tube_05_purple75,no,,170.423003,5.0,ok,
input_box_3_demo_tube_03_blue75,scan_station_demo_tube_yellow100,no,,134.093251,5.0,ok,
input_box_3_demo_tube_03_blue75,category_A_classified_tube_01_purple75,no,,587.983843,5.0,ok,
input_box_3_demo_tube_03_blue75,category_A_classified_tube_02_purple75,no,,632.977883,5.0,ok,
input_box_3_demo_tube_03_blue75,category_A_classified_tube_03_purple75,no,,680.762073,5.0,ok,
input_box_3_demo_tube_03_blue75,category_B_classified_tube_01_yellow100,no,,558.036737,5.0,ok,
input_box_3_demo_tube_03_blue75,category_B_classified_tube_02_yellow100,no,,611.245450,5.0,ok,
input_box_3_demo_tube_03_blue75,category_B_classified_tube_03_yellow100,no,,666.090835,5.0,ok,
input_box_3_demo_tube_03_blue75,category_C_classified_tube_01_blue75,no,,554.866651,5.0,ok,
input_box_3_demo_tube_03_blue75,category_C_classified_tube_02_blue75,no,,612.846637,5.0,ok,
input_box_3_demo_tube_03_blue75,category_C_classified_tube_03_blue75,no,,671.658395,5.0,ok,
input_box_3_demo_tube_03_blue75,category_D_classified_tube_01_red75,no,,576.920272,5.0,ok,
input_box_3_demo_tube_03_blue75,category_D_classified_tube_02_red75,no,,638.608644,5.0,ok,
input_box_3_demo_tube_03_blue75,category_D_classified_tube_03_red75,no,,700.460563,5.0,ok,
input_box_3_demo_tube_04_red75,input_box_3_demo_tube_05_purple75,no,,41.761226,5.0,ok,
input_box_3_demo_tube_04_red75,input_box_4_demo_tube_01_purple75,no,,70.455660,5.0,ok,
input_box_3_demo_tube_04_red75,input_box_4_demo_tube_02_yellow100,no,,59.228372,5.0,ok,
input_box_3_demo_tube_04_red75,input_box_4_demo_tube_03_blue75,no,,109.635761,5.0,ok,
input_box_3_demo_tube_04_red75,input_box_4_demo_tube_04_red75,no,,114.000000,5.0,ok,
input_box_3_demo_tube_04_red75,input_box_4_demo_tube_05_purple75,no,,147.526269,5.0,ok,
input_box_3_demo_tube_04_red75,scan_station_demo_tube_yellow100,no,,220.483559,5.0,ok,
input_box_3_demo_tube_04_red75,category_A_classified_tube_01_purple75,no,,676.512380,5.0,ok,
input_box_3_demo_tube_04_red75,category_A_classified_tube_02_purple75,no,,721.418741,5.0,ok,
input_box_3_demo_tube_04_red75,category_A_classified_tube_03_purple75,no,,768.804917,5.0,ok,
input_box_3_demo_tube_04_red75,category_B_classified_tube_01_yellow100,no,,645.034108,5.0,ok,
input_box_3_demo_tube_04_red75,category_B_classified_tube_02_yellow100,no,,697.226649,5.0,ok,
input_box_3_demo_tube_04_red75,category_B_classified_tube_03_yellow100,no,,751.013315,5.0,ok,
input_box_3_demo_tube_04_red75,category_C_classified_tube_01_blue75,no,,638.007053,5.0,ok,
input_box_3_demo_tube_04_red75,category_C_classified_tube_02_blue75,no,,694.692018,5.0,ok,
input_box_3_demo_tube_04_red75,category_C_classified_tube_03_blue75,no,,752.317087,5.0,ok,
input_box_3_demo_tube_04_red75,category_D_classified_tube_01_red75,no,,651.715429,5.0,ok,
input_box_3_demo_tube_04_red75,category_D_classified_tube_02_red75,no,,712.430347,5.0,ok,
input_box_3_demo_tube_04_red75,category_D_classified_tube_03_red75,no,,773.447477,5.0,ok,
input_box_3_demo_tube_05_purple75,input_box_4_demo_tube_01_purple75,no,,100.578328,5.0,ok,
input_box_3_demo_tube_05_purple75,input_box_4_demo_tube_02_yellow100,no,,32.310989,5.0,ok,
input_box_3_demo_tube_05_purple75,input_box_4_demo_tube_03_blue75,no,,59.228372,5.0,ok,
input_box_3_demo_tube_05_purple75,input_box_4_demo_tube_04_red75,no,,94.847246,5.0,ok,
input_box_3_demo_tube_05_purple75,input_box_4_demo_tube_05_purple75,no,,114.000000,5.0,ok,
input_box_3_demo_tube_05_purple75,scan_station_demo_tube_yellow100,no,,173.104015,5.0,ok,
input_box_3_demo_tube_05_purple75,category_A_classified_tube_01_purple75,no,,634.612480,5.0,ok,
input_box_3_demo_tube_05_purple75,category_A_classified_tube_02_purple75,no,,676.512380,5.0,ok,
input_box_3_demo_tube_05_purple75,category_A_classified_tube_03_purple75,no,,721.418741,5.0,ok,
input_box_3_demo_tube_05_purple75,category_B_classified_tube_01_yellow100,no,,594.855445,5.0,ok,
input_box_3_demo_tube_05_purple75,category_B_classified_tube_02_yellow100,no,,645.034108,5.0,ok,
input_box_3_demo_tube_05_purple75,category_B_classified_tube_03_yellow100,no,,697.226649,5.0,ok,
input_box_3_demo_tube_05_purple75,category_C_classified_tube_01_blue75,no,,582.000000,5.0,ok,
input_box_3_demo_tube_05_purple75,category_C_classified_tube_02_blue75,no,,638.007053,5.0,ok,
input_box_3_demo_tube_05_purple75,category_C_classified_tube_03_blue75,no,,694.692018,5.0,ok,
input_box_3_demo_tube_05_purple75,category_D_classified_tube_01_red75,no,,591.395807,5.0,ok,
input_box_3_demo_tube_05_purple75,category_D_classified_tube_02_red75,no,,651.715429,5.0,ok,
input_box_3_demo_tube_05_purple75,category_D_classified_tube_03_red75,no,,712.430347,5.0,ok,
input_box_4_demo_tube_01_purple75,input_box_4_demo_tube_02_yellow100,no,,68.000000,5.0,ok,
input_box_4_demo_tube_01_purple75,input_box_4_demo_tube_03_blue75,no,,124.579292,5.0,ok,
input_box_4_demo_tube_01_purple75,input_box_4_demo_tube_04_red75,no,,56.568542,5.0,ok,
input_box_4_demo_tube_01_purple75,input_box_4_demo_tube_05_purple75,no,,117.643529,5.0,ok,
input_box_4_demo_tube_01_purple75,scan_station_demo_tube_yellow100,no,,294.151322,5.0,ok,
input_box_4_demo_tube_01_purple75,category_A_classified_tube_01_purple75,no,,755.669901,5.0,ok,
input_box_4_demo_tube_01_purple75,category_A_classified_tube_02_purple75,no,,797.459090,5.0,ok,
input_box_4_demo_tube_01_purple75,category_A_classified_tube_03_purple75,no,,841.834307,5.0,ok,
input_box_4_demo_tube_01_purple75,category_B_classified_tube_01_yellow100,no,,714.280757,5.0,ok,
input_box_4_demo_tube_01_purple75,category_B_classified_tube_02_yellow100,no,,763.138913,5.0,ok,
input_box_4_demo_tube_01_purple75,category_B_classified_tube_03_yellow100,no,,813.882670,5.0,ok,
input_box_4_demo_tube_01_purple75,category_C_classified_tube_01_blue75,no,,695.094958,5.0,ok,
input_box_4_demo_tube_01_purple75,category_C_classified_tube_02_blue75,no,,750.080662,5.0,ok,
input_box_4_demo_tube_01_purple75,category_C_classified_tube_03_blue75,no,,806.000000,5.0,ok,
input_box_4_demo_tube_01_purple75,category_D_classified_tube_01_red75,no,,696.503410,5.0,ok,
input_box_4_demo_tube_01_purple75,category_D_classified_tube_02_red75,no,,755.029139,5.0,ok,
input_box_4_demo_tube_01_purple75,category_D_classified_tube_03_red75,no,,814.162760,5.0,ok,
input_box_4_demo_tube_02_yellow100,input_box_4_demo_tube_03_blue75,no,,41.761226,5.0,ok,
input_box_4_demo_tube_02_yellow100,input_box_4_demo_tube_04_red75,no,,41.761226,5.0,ok,
input_box_4_demo_tube_02_yellow100,input_box_4_demo_tube_05_purple75,no,,69.050706,5.0,ok,
input_box_4_demo_tube_02_yellow100,scan_station_demo_tube_yellow100,no,,218.057332,5.0,ok,
input_box_4_demo_tube_02_yellow100,category_A_classified_tube_01_purple75,no,,679.338649,5.0,ok,
input_box_4_demo_tube_02_yellow100,category_A_classified_tube_02_purple75,no,,719.025034,5.0,ok,
input_box_4_demo_tube_02_yellow100,category_A_classified_tube_03_purple75,no,,761.795904,5.0,ok,
input_box_4_demo_tube_02_yellow100,category_B_classified_tube_01_yellow100,no,,632.977883,5.0,ok,
input_box_4_demo_tube_02_yellow100,category_B_classified_tube_02_yellow100,no,,680.762073,5.0,ok,
input_box_4_demo_tube_02_yellow100,category_B_classified_tube_03_yellow100,no,,730.789299,5.0,ok,
input_box_4_demo_tube_02_yellow100,category_C_classified_tube_01_blue75,no,,611.245450,5.0,ok,
input_box_4_demo_tube_02_yellow100,category_C_classified_tube_02_blue75,no,,666.090835,5.0,ok,
input_box_4_demo_tube_02_yellow100,category_C_classified_tube_03_blue75,no,,722.000000,5.0,ok,
input_box_4_demo_tube_02_yellow100,category_D_classified_tube_01_red75,no,,612.846637,5.0,ok,
input_box_4_demo_tube_02_yellow100,category_D_classified_tube_02_red75,no,,671.658395,5.0,ok,
input_box_4_demo_tube_02_yellow100,category_D_classified_tube_03_red75,no,,731.101224,5.0,ok,
input_box_4_demo_tube_03_blue75,input_box_4_demo_tube_04_red75,no,,69.050706,5.0,ok,
input_box_4_demo_tube_03_blue75,input_box_4_demo_tube_05_purple75,no,,41.761226,5.0,ok,
input_box_4_demo_tube_03_blue75,scan_station_demo_tube_yellow100,no,,190.213038,5.0,ok,
input_box_4_demo_tube_03_blue75,category_A_classified_tube_01_purple75,no,,643.307858,5.0,ok,
input_box_4_demo_tube_03_blue75,category_A_classified_tube_02_purple75,no,,679.338649,5.0,ok,
input_box_4_demo_tube_03_blue75,category_A_classified_tube_03_purple75,no,,719.025034,5.0,ok,
input_box_4_demo_tube_03_blue75,category_B_classified_tube_01_yellow100,no,,587.983843,5.0,ok,
input_box_4_demo_tube_03_blue75,category_B_classified_tube_02_yellow100,no,,632.977883,5.0,ok,
input_box_4_demo_tube_03_blue75,category_B_classified_tube_03_yellow100,no,,680.762073,5.0,ok,
input_box_4_demo_tube_03_blue75,category_C_classified_tube_01_blue75,no,,558.036737,5.0,ok,
input_box_4_demo_tube_03_blue75,category_C_classified_tube_02_blue75,no,,611.245450,5.0,ok,
input_box_4_demo_tube_03_blue75,category_C_classified_tube_03_blue75,no,,666.090835,5.0,ok,
input_box_4_demo_tube_03_blue75,category_D_classified_tube_01_red75,no,,554.866651,5.0,ok,
input_box_4_demo_tube_03_blue75,category_D_classified_tube_02_red75,no,,612.846637,5.0,ok,
input_box_4_demo_tube_03_blue75,category_D_classified_tube_03_red75,no,,671.658395,5.0,ok,
input_box_4_demo_tube_04_red75,input_box_4_demo_tube_05_purple75,no,,41.761226,5.0,ok,
input_box_4_demo_tube_04_red75,scan_station_demo_tube_yellow100,no,,272.200294,5.0,ok,
input_box_4_demo_tube_04_red75,category_A_classified_tube_01_purple75,no,,730.115744,5.0,ok,
input_box_4_demo_tube_04_red75,category_A_classified_tube_02_purple75,no,,767.179901,5.0,ok,
input_box_4_demo_tube_04_red75,category_A_classified_tube_03_purple75,no,,807.403864,5.0,ok,
input_box_4_demo_tube_04_red75,category_B_classified_tube_01_yellow100,no,,676.512380,5.0,ok,
input_box_4_demo_tube_04_red75,category_B_classified_tube_02_yellow100,no,,721.418741,5.0,ok,
input_box_4_demo_tube_04_red75,category_B_classified_tube_03_yellow100,no,,768.804917,5.0,ok,
input_box_4_demo_tube_04_red75,category_C_classified_tube_01_blue75,no,,645.034108,5.0,ok,
input_box_4_demo_tube_04_red75,category_C_classified_tube_02_blue75,no,,697.226649,5.0,ok,
input_box_4_demo_tube_04_red75,category_C_classified_tube_03_blue75,no,,751.013315,5.0,ok,
input_box_4_demo_tube_04_red75,category_D_classified_tube_01_red75,no,,638.007053,5.0,ok,
input_box_4_demo_tube_04_red75,category_D_classified_tube_02_red75,no,,694.692018,5.0,ok,
input_box_4_demo_tube_04_red75,category_D_classified_tube_03_red75,no,,752.317087,5.0,ok,
input_box_4_demo_tube_05_purple75,scan_station_demo_tube_yellow100,no,,250.449596,5.0,ok,
input_box_4_demo_tube_05_purple75,category_A_classified_tube_01_purple75,no,,696.715867,5.0,ok,
input_box_4_demo_tube_05_purple75,category_A_classified_tube_02_purple75,no,,730.115744,5.0,ok,
input_box_4_demo_tube_05_purple75,category_A_classified_tube_03_purple75,no,,767.179901,5.0,ok,
input_box_4_demo_tube_05_purple75,category_B_classified_tube_01_yellow100,no,,634.612480,5.0,ok,
input_box_4_demo_tube_05_purple75,category_B_classified_tube_02_yellow100,no,,676.512380,5.0,ok,
input_box_4_demo_tube_05_purple75,category_B_classified_tube_03_yellow100,no,,721.418741,5.0,ok,
input_box_4_demo_tube_05_purple75,category_C_classified_tube_01_blue75,no,,594.855445,5.0,ok,
input_box_4_demo_tube_05_purple75,category_C_classified_tube_02_blue75,no,,645.034108,5.0,ok,
input_box_4_demo_tube_05_purple75,category_C_classified_tube_03_blue75,no,,697.226649,5.0,ok,
input_box_4_demo_tube_05_purple75,category_D_classified_tube_01_red75,no,,582.000000,5.0,ok,
input_box_4_demo_tube_05_purple75,category_D_classified_tube_02_red75,no,,638.007053,5.0,ok,
input_box_4_demo_tube_05_purple75,category_D_classified_tube_03_red75,no,,694.692018,5.0,ok,
scan_station_demo_tube_yellow100,category_A_classified_tube_01_purple75,no,,440.672214,5.0,ok,
scan_station_demo_tube_yellow100,category_A_classified_tube_02_purple75,no,,483.222516,5.0,ok,
scan_station_demo_tube_yellow100,category_A_classified_tube_03_purple75,no,,529.769761,5.0,ok,
scan_station_demo_tube_yellow100,category_B_classified_tube_01_yellow100,no,,406.610379,5.0,ok,
scan_station_demo_tube_yellow100,category_B_classified_tube_02_yellow100,no,,460.352039,5.0,ok,
scan_station_demo_tube_yellow100,category_B_classified_tube_03_yellow100,no,,516.000000,5.0,ok,
scan_station_demo_tube_yellow100,category_C_classified_tube_01_blue75,no,,407.332788,5.0,ok,
scan_station_demo_tube_yellow100,category_C_classified_tube_02_blue75,no,,466.904701,5.0,ok,
scan_station_demo_tube_yellow100,category_C_classified_tube_03_blue75,no,,527.181183,5.0,ok,
scan_station_demo_tube_yellow100,category_D_classified_tube_01_red75,no,,443.102697,5.0,ok,
scan_station_demo_tube_yellow100,category_D_classified_tube_02_red75,no,,505.667875,5.0,ok,
scan_station_demo_tube_yellow100,category_D_classified_tube_03_red75,no,,568.242906,5.0,ok,
category_A_classified_tube_01_purple75,category_A_classified_tube_02_purple75,no,,41.761226,5.0,ok,
category_A_classified_tube_01_purple75,category_A_classified_tube_03_purple75,no,,104.000000,5.0,ok,
category_A_classified_tube_01_purple75,category_B_classified_tube_01_yellow100,no,,114.000000,5.0,ok,
category_A_classified_tube_01_purple75,category_B_classified_tube_02_yellow100,no,,147.526269,5.0,ok,
category_A_classified_tube_01_purple75,category_B_classified_tube_03_yellow100,no,,195.233194,5.0,ok,
category_A_classified_tube_01_purple75,category_C_classified_tube_01_blue75,no,,244.000000,5.0,ok,
category_A_classified_tube_01_purple75,category_C_classified_tube_02_blue75,no,,274.925444,5.0,ok,
category_A_classified_tube_01_purple75,category_C_classified_tube_03_blue75,no,,314.985714,5.0,ok,
category_A_classified_tube_01_purple75,category_D_classified_tube_01_red75,no,,374.000000,5.0,ok,
category_A_classified_tube_01_purple75,category_D_classified_tube_02_red75,no,,403.985148,5.0,ok,
category_A_classified_tube_01_purple75,category_D_classified_tube_03_red75,no,,440.585973,5.0,ok,
category_A_classified_tube_02_purple75,category_A_classified_tube_03_purple75,no,,41.761226,5.0,ok,
category_A_classified_tube_02_purple75,category_B_classified_tube_01_yellow100,no,,94.847246,5.0,ok,
category_A_classified_tube_02_purple75,category_B_classified_tube_02_yellow100,no,,114.000000,5.0,ok,
category_A_classified_tube_02_purple75,category_B_classified_tube_03_yellow100,no,,147.526269,5.0,ok,
category_A_classified_tube_02_purple75,category_C_classified_tube_01_blue75,no,,219.672483,5.0,ok,
category_A_classified_tube_02_purple75,category_C_classified_tube_02_blue75,no,,244.000000,5.0,ok,
category_A_classified_tube_02_purple75,category_C_classified_tube_03_blue75,no,,274.925444,5.0,ok,
category_A_classified_tube_02_purple75,category_D_classified_tube_01_red75,no,,348.304465,5.0,ok,
category_A_classified_tube_02_purple75,category_D_classified_tube_02_red75,no,,374.000000,5.0,ok,
category_A_classified_tube_02_purple75,category_D_classified_tube_03_red75,no,,403.985148,5.0,ok,
category_A_classified_tube_03_purple75,category_B_classified_tube_01_yellow100,no,,112.160599,5.0,ok,
category_A_classified_tube_03_purple75,category_B_classified_tube_02_yellow100,no,,94.847246,5.0,ok,
category_A_classified_tube_03_purple75,category_B_classified_tube_03_yellow100,no,,114.000000,5.0,ok,
category_A_classified_tube_03_purple75,category_C_classified_tube_01_blue75,no,,211.092397,5.0,ok,
category_A_classified_tube_03_purple75,category_C_classified_tube_02_blue75,no,,219.672483,5.0,ok,
category_A_classified_tube_03_purple75,category_C_classified_tube_03_blue75,no,,244.000000,5.0,ok,
category_A_classified_tube_03_purple75,category_D_classified_tube_01_red75,no,,332.174653,5.0,ok,
category_A_classified_tube_03_purple75,category_D_classified_tube_02_red75,no,,348.304465,5.0,ok,
category_A_classified_tube_03_purple75,category_D_classified_tube_03_red75,no,,374.000000,5.0,ok,
category_B_classified_tube_01_yellow100,category_B_classified_tube_02_yellow100,no,,41.761226,5.0,ok,
category_B_classified_tube_01_yellow100,category_B_classified_tube_03_yellow100,no,,104.000000,5.0,ok,
category_B_classified_tube_01_yellow100,category_C_classified_tube_01_blue75,no,,114.000000,5.0,ok,
category_B_classified_tube_01_yellow100,category_C_classified_tube_02_blue75,no,,147.526269,5.0,ok,
category_B_classified_tube_01_yellow100,category_C_classified_tube_03_blue75,no,,195.233194,5.0,ok,
category_B_classified_tube_01_yellow100,category_D_classified_tube_01_red75,no,,244.000000,5.0,ok,
category_B_classified_tube_01_yellow100,category_D_classified_tube_02_red75,no,,274.925444,5.0,ok,
category_B_classified_tube_01_yellow100,category_D_classified_tube_03_red75,no,,314.985714,5.0,ok,
category_B_classified_tube_02_yellow100,category_B_classified_tube_03_yellow100,no,,41.761226,5.0,ok,
category_B_classified_tube_02_yellow100,category_C_classified_tube_01_blue75,no,,94.847246,5.0,ok,
category_B_classified_tube_02_yellow100,category_C_classified_tube_02_blue75,no,,114.000000,5.0,ok,
category_B_classified_tube_02_yellow100,category_C_classified_tube_03_blue75,no,,147.526269,5.0,ok,
category_B_classified_tube_02_yellow100,category_D_classified_tube_01_red75,no,,219.672483,5.0,ok,
category_B_classified_tube_02_yellow100,category_D_classified_tube_02_red75,no,,244.000000,5.0,ok,
category_B_classified_tube_02_yellow100,category_D_classified_tube_03_red75,no,,274.925444,5.0,ok,
category_B_classified_tube_03_yellow100,category_C_classified_tube_01_blue75,no,,112.160599,5.0,ok,
category_B_classified_tube_03_yellow100,category_C_classified_tube_02_blue75,no,,94.847246,5.0,ok,
category_B_classified_tube_03_yellow100,category_C_classified_tube_03_blue75,no,,114.000000,5.0,ok,
category_B_classified_tube_03_yellow100,category_D_classified_tube_01_red75,no,,211.092397,5.0,ok,
category_B_classified_tube_03_yellow100,category_D_classified_tube_02_red75,no,,219.672483,5.0,ok,
category_B_classified_tube_03_yellow100,category_D_classified_tube_03_red75,no,,244.000000,5.0,ok,
category_C_classified_tube_01_blue75,category_C_classified_tube_02_blue75,no,,41.761226,5.0,ok,
category_C_classified_tube_01_blue75,category_C_classified_tube_03_blue75,no,,104.000000,5.0,ok,
category_C_classified_tube_01_blue75,category_D_classified_tube_01_red75,no,,114.000000,5.0,ok,
category_C_classified_tube_01_blue75,category_D_classified_tube_02_red75,no,,147.526269,5.0,ok,
category_C_classified_tube_01_blue75,category_D_classified_tube_03_red75,no,,195.233194,5.0,ok,
category_C_classified_tube_02_blue75,category_C_classified_tube_03_blue75,no,,41.761226,5.0,ok,
category_C_classified_tube_02_blue75,category_D_classified_tube_01_red75,no,,94.847246,5.0,ok,
category_C_classified_tube_02_blue75,category_D_classified_tube_02_red75,no,,114.000000,5.0,ok,
category_C_classified_tube_02_blue75,category_D_classified_tube_03_red75,no,,147.526269,5.0,ok,
category_C_classified_tube_03_blue75,category_D_classified_tube_01_red75,no,,112.160599,5.0,ok,
category_C_classified_tube_03_blue75,category_D_classified_tube_02_red75,no,,94.847246,5.0,ok,
category_C_classified_tube_03_blue75,category_D_classified_tube_03_red75,no,,114.000000,5.0,ok,
category_D_classified_tube_01_red75,category_D_classified_tube_02_red75,no,,41.761226,5.0,ok,
category_D_classified_tube_01_red75,category_D_classified_tube_03_red75,no,,104.000000,5.0,ok,
category_D_classified_tube_02_red75,category_D_classified_tube_03_red75,no,,41.761226,5.0,ok,
