component_name,instance_name,expected_color,material_or_role,r,g,b,a,source_path,notes
base_plate,base_plate_1200x900x15,base_light_gray,base_plate,0.7,0.72,0.74,1.0,generated:base_plate_1200x900x15,v7 generated 1200 x 900 x 15 mm base plate
adapter_plate,xz_adapter_plate_simplified,adapter_gray,adapter_gray,0.5,0.54,0.56,1.0,generated:xz_adapter_plate_simplified,adapter at X/Z tool-chain interface
mount_hole_marker_1,xz_adapter_plate_simplified,label_plate_dark,plate_dark,0.04,0.04,0.04,1.0,generated:xz_adapter_plate_simplified,adapter at X/Z tool-chain interface
mount_hole_marker_2,xz_adapter_plate_simplified,label_plate_dark,plate_dark,0.04,0.04,0.04,1.0,generated:xz_adapter_plate_simplified,adapter at X/Z tool-chain interface
mount_hole_marker_3,xz_adapter_plate_simplified,label_plate_dark,plate_dark,0.04,0.04,0.04,1.0,generated:xz_adapter_plate_simplified,adapter at X/Z tool-chain interface
mount_hole_marker_4,xz_adapter_plate_simplified,label_plate_dark,plate_dark,0.04,0.04,0.04,1.0,generated:xz_adapter_plate_simplified,adapter at X/Z tool-chain interface
holder_base,scan_tube_holder,bracket_gray,bracket_gray,0.32,0.34,0.35,1.0,generated:scan_tube_holder,scan station holder
tube_socket_marker,scan_tube_holder,label_plate_dark,plate_dark,0.04,0.04,0.04,1.0,generated:scan_tube_holder,scan station holder
vertical_post,barcode_scanner_mount_bracket,bracket_gray,bracket_gray,0.32,0.34,0.35,1.0,generated:barcode_scanner_mount_bracket,scanner bracket
scanner_support_arm,barcode_scanner_mount_bracket,bracket_gray,bracket_gray,0.32,0.34,0.35,1.0,generated:barcode_scanner_mount_bracket,scanner bracket
base_foot,barcode_scanner_mount_bracket,bracket_gray,bracket_gray,0.32,0.34,0.35,1.0,generated:barcode_scanner_mount_bracket,scanner bracket
vertical_post,photoelectric_sensor_mount_bracket,bracket_gray,bracket_gray,0.32,0.34,0.35,1.0,generated:photoelectric_sensor_mount_bracket,sensor bracket
sensor_support_arm,photoelectric_sensor_mount_bracket,bracket_gray,bracket_gray,0.32,0.34,0.35,1.0,generated:photoelectric_sensor_mount_bracket,sensor bracket
base_foot,photoelectric_sensor_mount_bracket,bracket_gray,bracket_gray,0.32,0.34,0.35,1.0,generated:photoelectric_sensor_mount_bracket,sensor bracket
imported_shape,left_y_axis_module,dark_gray,axis_dark_gray,0.22,0.23,0.24,1.0,03_cad/standard_parts/downloaded/y_axis_module/MISUMI_MSA628_Y_axis_L750_double_shaft_B1_v1.step,v7 outer left Y axis clears multi-input box stack
imported_shape,right_y_axis_module,dark_gray,axis_dark_gray,0.22,0.23,0.24,1.0,03_cad/standard_parts/downloaded/y_axis_module/MISUMI_MSA628_Y_axis_L750_double_shaft_B1_v1.step,v7 outer right Y axis clears multi-output box stack
imported_shape,x_axis_module_on_gantry,dark_gray,axis_dark_gray,0.22,0.23,0.24,1.0,03_cad/standard_parts/downloaded/x_axis_module/MISUMI_MSA628_X_axis_L750_double_shaft_B1_v1.step,v7 central X axis spans input scan and output zones
imported_shape,z_axis_module,dark_gray,axis_dark_gray,0.22,0.23,0.24,1.0,03_cad/standard_parts/downloaded/z_axis_module/MISUMI_LS10_Z_axis_140stroke_T42_ball_screw_v1.step,v7 vertical Z module aligned to central tool chain
imported_shape,input_box_1,input_box_blue_gray,input_box,0.65,0.76,0.88,1.0,03_cad/custom_parts/tube_bins/input_mixed_tube_rack_4x6.step,replaceable 4x6 input box
imported_shape,input_box_2,input_box_blue_gray,input_box,0.65,0.76,0.88,1.0,03_cad/custom_parts/tube_bins/input_mixed_tube_rack_4x6.step,replaceable 4x6 input box
imported_shape,input_box_3,input_box_blue_gray,input_box,0.65,0.76,0.88,1.0,03_cad/custom_parts/tube_bins/input_mixed_tube_rack_4x6.step,replaceable 4x6 input box
imported_shape,input_box_4,input_box_blue_gray,input_box,0.65,0.76,0.88,1.0,03_cad/custom_parts/tube_bins/input_mixed_tube_rack_4x6.step,replaceable 4x6 input box
imported_shape,barcode_scanner,scanner_black,scanner_black,0.06,0.06,0.06,1.0,03_cad/standard_parts/downloaded/barcode_scanner/Cognex_DataMan80_USB_fixed_barcode_reader_v1.step,v7.1 scanner tightened around scan tube holder
imported_shape,photoelectric_sensor,sensor_dark_gray,sensor_dark_gray,0.14,0.14,0.14,1.0,03_cad/standard_parts/downloaded/sensors/Panasonic_CX421J_diffuse_photoelectric_sensor_v1.step,v7.1 presence sensor grouped with scan station
imported_shape,category_A_output_box_4x6,category_A_purple_gray,output_a,0.58,0.45,0.72,1.0,03_cad/custom_parts/tube_bins/input_mixed_tube_rack_4x6.step,replaceable 4x6 output box for Category A
imported_shape,category_B_output_box_4x6,category_B_yellow_gray,output_b,0.86,0.75,0.36,1.0,03_cad/custom_parts/tube_bins/input_mixed_tube_rack_4x6.step,replaceable 4x6 output box for Category B
imported_shape,category_C_output_box_4x6,category_C_blue_gray,output_c,0.45,0.61,0.82,1.0,03_cad/custom_parts/tube_bins/input_mixed_tube_rack_4x6.step,replaceable 4x6 output box for Category C
imported_shape,category_D_output_box_4x6,category_D_red_gray,output_d,0.75,0.42,0.4,1.0,03_cad/custom_parts/tube_bins/input_mixed_tube_rack_4x6.step,replaceable 4x6 output box for Category D
imported_shape,manual_review_bin_2x3,manual_review_gray,manual_review,0.58,0.58,0.58,1.0,03_cad/custom_parts/tube_bins/manual_review_bin_2x3.step,2x3 bin for true abnormal samples only
tube_body_13mm_od,input_box_1_demo_tube_01_purple75,light_gray_body,tube_body,0.78,0.84,0.88,0.55,03_cad/custom_parts/sample_tube/purple_cap_tube_13x75_v2.step,demo tube in input_box_1; 4x6 slot row 1 col 1
tube_cap,input_box_1_demo_tube_01_purple75,purple_cap,purple,0.45,0.16,0.75,1.0,03_cad/custom_parts/sample_tube/purple_cap_tube_13x75_v2.step,demo tube in input_box_1; 4x6 slot row 1 col 1
curved_white_label_220deg,input_box_1_demo_tube_01_purple75,white_label,tube_label,1.0,1.0,1.0,1.0,03_cad/custom_parts/sample_tube/purple_cap_tube_13x75_v2.step,demo tube in input_box_1; 4x6 slot row 1 col 1
curved_barcode_stripe_1,input_box_1_demo_tube_01_purple75,barcode_black,barcode_black,0.0,0.0,0.0,1.0,03_cad/custom_parts/sample_tube/purple_cap_tube_13x75_v2.step,demo tube in input_box_1; 4x6 slot row 1 col 1
curved_barcode_stripe_2,input_box_1_demo_tube_01_purple75,barcode_black,barcode_black,0.0,0.0,0.0,1.0,03_cad/custom_parts/sample_tube/purple_cap_tube_13x75_v2.step,demo tube in input_box_1; 4x6 slot row 1 col 1
curved_barcode_stripe_3,input_box_1_demo_tube_01_purple75,barcode_black,barcode_black,0.0,0.0,0.0,1.0,03_cad/custom_parts/sample_tube/purple_cap_tube_13x75_v2.step,demo tube in input_box_1; 4x6 slot row 1 col 1
curved_barcode_stripe_4,input_box_1_demo_tube_01_purple75,barcode_black,barcode_black,0.0,0.0,0.0,1.0,03_cad/custom_parts/sample_tube/purple_cap_tube_13x75_v2.step,demo tube in input_box_1; 4x6 slot row 1 col 1
curved_barcode_stripe_5,input_box_1_demo_tube_01_purple75,barcode_black,barcode_black,0.0,0.0,0.0,1.0,03_cad/custom_parts/sample_tube/purple_cap_tube_13x75_v2.step,demo tube in input_box_1; 4x6 slot row 1 col 1
curved_barcode_stripe_6,input_box_1_demo_tube_01_purple75,barcode_black,barcode_black,0.0,0.0,0.0,1.0,03_cad/custom_parts/sample_tube/purple_cap_tube_13x75_v2.step,demo tube in input_box_1; 4x6 slot row 1 col 1
curved_barcode_stripe_7,input_box_1_demo_tube_01_purple75,barcode_black,barcode_black,0.0,0.0,0.0,1.0,03_cad/custom_parts/sample_tube/purple_cap_tube_13x75_v2.step,demo tube in input_box_1; 4x6 slot row 1 col 1
tube_body_13mm_od,input_box_1_demo_tube_02_yellow100,light_gray_body,tube_body,0.78,0.84,0.88,0.55,03_cad/custom_parts/sample_tube/yellow_cap_tube_13x100_v2.step,demo tube in input_box_1; 4x6 slot row 1 col 4
tube_cap,input_box_1_demo_tube_02_yellow100,yellow_cap,yellow,1.0,0.82,0.05,1.0,03_cad/custom_parts/sample_tube/yellow_cap_tube_13x100_v2.step,demo tube in input_box_1; 4x6 slot row 1 col 4
curved_white_label_220deg,input_box_1_demo_tube_02_yellow100,white_label,tube_label,1.0,1.0,1.0,1.0,03_cad/custom_parts/sample_tube/yellow_cap_tube_13x100_v2.step,demo tube in input_box_1; 4x6 slot row 1 col 4
curved_barcode_stripe_1,input_box_1_demo_tube_02_yellow100,barcode_black,barcode_black,0.0,0.0,0.0,1.0,03_cad/custom_parts/sample_tube/yellow_cap_tube_13x100_v2.step,demo tube in input_box_1; 4x6 slot row 1 col 4
curved_barcode_stripe_2,input_box_1_demo_tube_02_yellow100,barcode_black,barcode_black,0.0,0.0,0.0,1.0,03_cad/custom_parts/sample_tube/yellow_cap_tube_13x100_v2.step,demo tube in input_box_1; 4x6 slot row 1 col 4
curved_barcode_stripe_3,input_box_1_demo_tube_02_yellow100,barcode_black,barcode_black,0.0,0.0,0.0,1.0,03_cad/custom_parts/sample_tube/yellow_cap_tube_13x100_v2.step,demo tube in input_box_1; 4x6 slot row 1 col 4
curved_barcode_stripe_4,input_box_1_demo_tube_02_yellow100,barcode_black,barcode_black,0.0,0.0,0.0,1.0,03_cad/custom_parts/sample_tube/yellow_cap_tube_13x100_v2.step,demo tube in input_box_1; 4x6 slot row 1 col 4
curved_barcode_stripe_5,input_box_1_demo_tube_02_yellow100,barcode_black,barcode_black,0.0,0.0,0.0,1.0,03_cad/custom_parts/sample_tube/yellow_cap_tube_13x100_v2.step,demo tube in input_box_1; 4x6 slot row 1 col 4
curved_barcode_stripe_6,input_box_1_demo_tube_02_yellow100,barcode_black,barcode_black,0.0,0.0,0.0,1.0,03_cad/custom_parts/sample_tube/yellow_cap_tube_13x100_v2.step,demo tube in input_box_1; 4x6 slot row 1 col 4
curved_barcode_stripe_7,input_box_1_demo_tube_02_yellow100,barcode_black,barcode_black,0.0,0.0,0.0,1.0,03_cad/custom_parts/sample_tube/yellow_cap_tube_13x100_v2.step,demo tube in input_box_1; 4x6 slot row 1 col 4
tube_body_13mm_od,input_box_1_demo_tube_03_blue75,light_gray_body,tube_body,0.78,0.84,0.88,0.55,03_cad/custom_parts/sample_tube/blue_cap_tube_13x75_v2.step,demo tube in input_box_1; 4x6 slot row 2 col 6
tube_cap,input_box_1_demo_tube_03_blue75,blue_cap,blue,0.08,0.34,0.95,1.0,03_cad/custom_parts/sample_tube/blue_cap_tube_13x75_v2.step,demo tube in input_box_1; 4x6 slot row 2 col 6
curved_white_label_220deg,input_box_1_demo_tube_03_blue75,white_label,tube_label,1.0,1.0,1.0,1.0,03_cad/custom_parts/sample_tube/blue_cap_tube_13x75_v2.step,demo tube in input_box_1; 4x6 slot row 2 col 6
curved_barcode_stripe_1,input_box_1_demo_tube_03_blue75,barcode_black,barcode_black,0.0,0.0,0.0,1.0,03_cad/custom_parts/sample_tube/blue_cap_tube_13x75_v2.step,demo tube in input_box_1; 4x6 slot row 2 col 6
curved_barcode_stripe_2,input_box_1_demo_tube_03_blue75,barcode_black,barcode_black,0.0,0.0,0.0,1.0,03_cad/custom_parts/sample_tube/blue_cap_tube_13x75_v2.step,demo tube in input_box_1; 4x6 slot row 2 col 6
curved_barcode_stripe_3,input_box_1_demo_tube_03_blue75,barcode_black,barcode_black,0.0,0.0,0.0,1.0,03_cad/custom_parts/sample_tube/blue_cap_tube_13x75_v2.step,demo tube in input_box_1; 4x6 slot row 2 col 6
curved_barcode_stripe_4,input_box_1_demo_tube_03_blue75,barcode_black,barcode_black,0.0,0.0,0.0,1.0,03_cad/custom_parts/sample_tube/blue_cap_tube_13x75_v2.step,demo tube in input_box_1; 4x6 slot row 2 col 6
curved_barcode_stripe_5,input_box_1_demo_tube_03_blue75,barcode_black,barcode_black,0.0,0.0,0.0,1.0,03_cad/custom_parts/sample_tube/blue_cap_tube_13x75_v2.step,demo tube in input_box_1; 4x6 slot row 2 col 6
curved_barcode_stripe_6,input_box_1_demo_tube_03_blue75,barcode_black,barcode_black,0.0,0.0,0.0,1.0,03_cad/custom_parts/sample_tube/blue_cap_tube_13x75_v2.step,demo tube in input_box_1; 4x6 slot row 2 col 6
curved_barcode_stripe_7,input_box_1_demo_tube_03_blue75,barcode_black,barcode_black,0.0,0.0,0.0,1.0,03_cad/custom_parts/sample_tube/blue_cap_tube_13x75_v2.step,demo tube in input_box_1; 4x6 slot row 2 col 6
tube_body_13mm_od,input_box_1_demo_tube_04_red75,light_gray_body,tube_body,0.78,0.84,0.88,0.55,03_cad/custom_parts/sample_tube/red_cap_tube_13x75_v2.step,demo tube in input_box_1; 4x6 slot row 3 col 3
tube_cap,input_box_1_demo_tube_04_red75,red_cap,red,0.86,0.05,0.05,1.0,03_cad/custom_parts/sample_tube/red_cap_tube_13x75_v2.step,demo tube in input_box_1; 4x6 slot row 3 col 3
curved_white_label_220deg,input_box_1_demo_tube_04_red75,white_label,tube_label,1.0,1.0,1.0,1.0,03_cad/custom_parts/sample_tube/red_cap_tube_13x75_v2.step,demo tube in input_box_1; 4x6 slot row 3 col 3
curved_barcode_stripe_1,input_box_1_demo_tube_04_red75,barcode_black,barcode_black,0.0,0.0,0.0,1.0,03_cad/custom_parts/sample_tube/red_cap_tube_13x75_v2.step,demo tube in input_box_1; 4x6 slot row 3 col 3
curved_barcode_stripe_2,input_box_1_demo_tube_04_red75,barcode_black,barcode_black,0.0,0.0,0.0,1.0,03_cad/custom_parts/sample_tube/red_cap_tube_13x75_v2.step,demo tube in input_box_1; 4x6 slot row 3 col 3
curved_barcode_stripe_3,input_box_1_demo_tube_04_red75,barcode_black,barcode_black,0.0,0.0,0.0,1.0,03_cad/custom_parts/sample_tube/red_cap_tube_13x75_v2.step,demo tube in input_box_1; 4x6 slot row 3 col 3
curved_barcode_stripe_4,input_box_1_demo_tube_04_red75,barcode_black,barcode_black,0.0,0.0,0.0,1.0,03_cad/custom_parts/sample_tube/red_cap_tube_13x75_v2.step,demo tube in input_box_1; 4x6 slot row 3 col 3
curved_barcode_stripe_5,input_box_1_demo_tube_04_red75,barcode_black,barcode_black,0.0,0.0,0.0,1.0,03_cad/custom_parts/sample_tube/red_cap_tube_13x75_v2.step,demo tube in input_box_1; 4x6 slot row 3 col 3
curved_barcode_stripe_6,input_box_1_demo_tube_04_red75,barcode_black,barcode_black,0.0,0.0,0.0,1.0,03_cad/custom_parts/sample_tube/red_cap_tube_13x75_v2.step,demo tube in input_box_1; 4x6 slot row 3 col 3
curved_barcode_stripe_7,input_box_1_demo_tube_04_red75,barcode_black,barcode_black,0.0,0.0,0.0,1.0,03_cad/custom_parts/sample_tube/red_cap_tube_13x75_v2.step,demo tube in input_box_1; 4x6 slot row 3 col 3
tube_body_13mm_od,input_box_1_demo_tube_05_purple75,light_gray_body,tube_body,0.78,0.84,0.88,0.55,03_cad/custom_parts/sample_tube/purple_cap_tube_13x75_v2.step,demo tube in input_box_1; 4x6 slot row 4 col 5
tube_cap,input_box_1_demo_tube_05_purple75,purple_cap,purple,0.45,0.16,0.75,1.0,03_cad/custom_parts/sample_tube/purple_cap_tube_13x75_v2.step,demo tube in input_box_1; 4x6 slot row 4 col 5
curved_white_label_220deg,input_box_1_demo_tube_05_purple75,white_label,tube_label,1.0,1.0,1.0,1.0,03_cad/custom_parts/sample_tube/purple_cap_tube_13x75_v2.step,demo tube in input_box_1; 4x6 slot row 4 col 5
curved_barcode_stripe_1,input_box_1_demo_tube_05_purple75,barcode_black,barcode_black,0.0,0.0,0.0,1.0,03_cad/custom_parts/sample_tube/purple_cap_tube_13x75_v2.step,demo tube in input_box_1; 4x6 slot row 4 col 5
curved_barcode_stripe_2,input_box_1_demo_tube_05_purple75,barcode_black,barcode_black,0.0,0.0,0.0,1.0,03_cad/custom_parts/sample_tube/purple_cap_tube_13x75_v2.step,demo tube in input_box_1; 4x6 slot row 4 col 5
curved_barcode_stripe_3,input_box_1_demo_tube_05_purple75,barcode_black,barcode_black,0.0,0.0,0.0,1.0,03_cad/custom_parts/sample_tube/purple_cap_tube_13x75_v2.step,demo tube in input_box_1; 4x6 slot row 4 col 5
curved_barcode_stripe_4,input_box_1_demo_tube_05_purple75,barcode_black,barcode_black,0.0,0.0,0.0,1.0,03_cad/custom_parts/sample_tube/purple_cap_tube_13x75_v2.step,demo tube in input_box_1; 4x6 slot row 4 col 5
curved_barcode_stripe_5,input_box_1_demo_tube_05_purple75,barcode_black,barcode_black,0.0,0.0,0.0,1.0,03_cad/custom_parts/sample_tube/purple_cap_tube_13x75_v2.step,demo tube in input_box_1; 4x6 slot row 4 col 5
curved_barcode_stripe_6,input_box_1_demo_tube_05_purple75,barcode_black,barcode_black,0.0,0.0,0.0,1.0,03_cad/custom_parts/sample_tube/purple_cap_tube_13x75_v2.step,demo tube in input_box_1; 4x6 slot row 4 col 5
curved_barcode_stripe_7,input_box_1_demo_tube_05_purple75,barcode_black,barcode_black,0.0,0.0,0.0,1.0,03_cad/custom_parts/sample_tube/purple_cap_tube_13x75_v2.step,demo tube in input_box_1; 4x6 slot row 4 col 5
tube_body_13mm_od,input_box_2_demo_tube_01_purple75,light_gray_body,tube_body,0.78,0.84,0.88,0.55,03_cad/custom_parts/sample_tube/purple_cap_tube_13x75_v2.step,demo tube in input_box_2; 4x6 slot row 1 col 1
tube_cap,input_box_2_demo_tube_01_purple75,purple_cap,purple,0.45,0.16,0.75,1.0,03_cad/custom_parts/sample_tube/purple_cap_tube_13x75_v2.step,demo tube in input_box_2; 4x6 slot row 1 col 1
curved_white_label_220deg,input_box_2_demo_tube_01_purple75,white_label,tube_label,1.0,1.0,1.0,1.0,03_cad/custom_parts/sample_tube/purple_cap_tube_13x75_v2.step,demo tube in input_box_2; 4x6 slot row 1 col 1
curved_barcode_stripe_1,input_box_2_demo_tube_01_purple75,barcode_black,barcode_black,0.0,0.0,0.0,1.0,03_cad/custom_parts/sample_tube/purple_cap_tube_13x75_v2.step,demo tube in input_box_2; 4x6 slot row 1 col 1
curved_barcode_stripe_2,input_box_2_demo_tube_01_purple75,barcode_black,barcode_black,0.0,0.0,0.0,1.0,03_cad/custom_parts/sample_tube/purple_cap_tube_13x75_v2.step,demo tube in input_box_2; 4x6 slot row 1 col 1
curved_barcode_stripe_3,input_box_2_demo_tube_01_purple75,barcode_black,barcode_black,0.0,0.0,0.0,1.0,03_cad/custom_parts/sample_tube/purple_cap_tube_13x75_v2.step,demo tube in input_box_2; 4x6 slot row 1 col 1
curved_barcode_stripe_4,input_box_2_demo_tube_01_purple75,barcode_black,barcode_black,0.0,0.0,0.0,1.0,03_cad/custom_parts/sample_tube/purple_cap_tube_13x75_v2.step,demo tube in input_box_2; 4x6 slot row 1 col 1
curved_barcode_stripe_5,input_box_2_demo_tube_01_purple75,barcode_black,barcode_black,0.0,0.0,0.0,1.0,03_cad/custom_parts/sample_tube/purple_cap_tube_13x75_v2.step,demo tube in input_box_2; 4x6 slot row 1 col 1
curved_barcode_stripe_6,input_box_2_demo_tube_01_purple75,barcode_black,barcode_black,0.0,0.0,0.0,1.0,03_cad/custom_parts/sample_tube/purple_cap_tube_13x75_v2.step,demo tube in input_box_2; 4x6 slot row 1 col 1
curved_barcode_stripe_7,input_box_2_demo_tube_01_purple75,barcode_black,barcode_black,0.0,0.0,0.0,1.0,03_cad/custom_parts/sample_tube/purple_cap_tube_13x75_v2.step,demo tube in input_box_2; 4x6 slot row 1 col 1
tube_body_13mm_od,input_box_2_demo_tube_02_yellow100,light_gray_body,tube_body,0.78,0.84,0.88,0.55,03_cad/custom_parts/sample_tube/yellow_cap_tube_13x100_v2.step,demo tube in input_box_2; 4x6 slot row 1 col 4
tube_cap,input_box_2_demo_tube_02_yellow100,yellow_cap,yellow,1.0,0.82,0.05,1.0,03_cad/custom_parts/sample_tube/yellow_cap_tube_13x100_v2.step,demo tube in input_box_2; 4x6 slot row 1 col 4
curved_white_label_220deg,input_box_2_demo_tube_02_yellow100,white_label,tube_label,1.0,1.0,1.0,1.0,03_cad/custom_parts/sample_tube/yellow_cap_tube_13x100_v2.step,demo tube in input_box_2; 4x6 slot row 1 col 4
curved_barcode_stripe_1,input_box_2_demo_tube_02_yellow100,barcode_black,barcode_black,0.0,0.0,0.0,1.0,03_cad/custom_parts/sample_tube/yellow_cap_tube_13x100_v2.step,demo tube in input_box_2; 4x6 slot row 1 col 4
curved_barcode_stripe_2,input_box_2_demo_tube_02_yellow100,barcode_black,barcode_black,0.0,0.0,0.0,1.0,03_cad/custom_parts/sample_tube/yellow_cap_tube_13x100_v2.step,demo tube in input_box_2; 4x6 slot row 1 col 4
curved_barcode_stripe_3,input_box_2_demo_tube_02_yellow100,barcode_black,barcode_black,0.0,0.0,0.0,1.0,03_cad/custom_parts/sample_tube/yellow_cap_tube_13x100_v2.step,demo tube in input_box_2; 4x6 slot row 1 col 4
curved_barcode_stripe_4,input_box_2_demo_tube_02_yellow100,barcode_black,barcode_black,0.0,0.0,0.0,1.0,03_cad/custom_parts/sample_tube/yellow_cap_tube_13x100_v2.step,demo tube in input_box_2; 4x6 slot row 1 col 4
curved_barcode_stripe_5,input_box_2_demo_tube_02_yellow100,barcode_black,barcode_black,0.0,0.0,0.0,1.0,03_cad/custom_parts/sample_tube/yellow_cap_tube_13x100_v2.step,demo tube in input_box_2; 4x6 slot row 1 col 4
curved_barcode_stripe_6,input_box_2_demo_tube_02_yellow100,barcode_black,barcode_black,0.0,0.0,0.0,1.0,03_cad/custom_parts/sample_tube/yellow_cap_tube_13x100_v2.step,demo tube in input_box_2; 4x6 slot row 1 col 4
curved_barcode_stripe_7,input_box_2_demo_tube_02_yellow100,barcode_black,barcode_black,0.0,0.0,0.0,1.0,03_cad/custom_parts/sample_tube/yellow_cap_tube_13x100_v2.step,demo tube in input_box_2; 4x6 slot row 1 col 4
tube_body_13mm_od,input_box_2_demo_tube_03_blue75,light_gray_body,tube_body,0.78,0.84,0.88,0.55,03_cad/custom_parts/sample_tube/blue_cap_tube_13x75_v2.step,demo tube in input_box_2; 4x6 slot row 2 col 6
tube_cap,input_box_2_demo_tube_03_blue75,blue_cap,blue,0.08,0.34,0.95,1.0,03_cad/custom_parts/sample_tube/blue_cap_tube_13x75_v2.step,demo tube in input_box_2; 4x6 slot row 2 col 6
curved_white_label_220deg,input_box_2_demo_tube_03_blue75,white_label,tube_label,1.0,1.0,1.0,1.0,03_cad/custom_parts/sample_tube/blue_cap_tube_13x75_v2.step,demo tube in input_box_2; 4x6 slot row 2 col 6
curved_barcode_stripe_1,input_box_2_demo_tube_03_blue75,barcode_black,barcode_black,0.0,0.0,0.0,1.0,03_cad/custom_parts/sample_tube/blue_cap_tube_13x75_v2.step,demo tube in input_box_2; 4x6 slot row 2 col 6
curved_barcode_stripe_2,input_box_2_demo_tube_03_blue75,barcode_black,barcode_black,0.0,0.0,0.0,1.0,03_cad/custom_parts/sample_tube/blue_cap_tube_13x75_v2.step,demo tube in input_box_2; 4x6 slot row 2 col 6
curved_barcode_stripe_3,input_box_2_demo_tube_03_blue75,barcode_black,barcode_black,0.0,0.0,0.0,1.0,03_cad/custom_parts/sample_tube/blue_cap_tube_13x75_v2.step,demo tube in input_box_2; 4x6 slot row 2 col 6
curved_barcode_stripe_4,input_box_2_demo_tube_03_blue75,barcode_black,barcode_black,0.0,0.0,0.0,1.0,03_cad/custom_parts/sample_tube/blue_cap_tube_13x75_v2.step,demo tube in input_box_2; 4x6 slot row 2 col 6
curved_barcode_stripe_5,input_box_2_demo_tube_03_blue75,barcode_black,barcode_black,0.0,0.0,0.0,1.0,03_cad/custom_parts/sample_tube/blue_cap_tube_13x75_v2.step,demo tube in input_box_2; 4x6 slot row 2 col 6
curved_barcode_stripe_6,input_box_2_demo_tube_03_blue75,barcode_black,barcode_black,0.0,0.0,0.0,1.0,03_cad/custom_parts/sample_tube/blue_cap_tube_13x75_v2.step,demo tube in input_box_2; 4x6 slot row 2 col 6
curved_barcode_stripe_7,input_box_2_demo_tube_03_blue75,barcode_black,barcode_black,0.0,0.0,0.0,1.0,03_cad/custom_parts/sample_tube/blue_cap_tube_13x75_v2.step,demo tube in input_box_2; 4x6 slot row 2 col 6
tube_body_13mm_od,input_box_2_demo_tube_04_red75,light_gray_body,tube_body,0.78,0.84,0.88,0.55,03_cad/custom_parts/sample_tube/red_cap_tube_13x75_v2.step,demo tube in input_box_2; 4x6 slot row 3 col 3
tube_cap,input_box_2_demo_tube_04_red75,red_cap,red,0.86,0.05,0.05,1.0,03_cad/custom_parts/sample_tube/red_cap_tube_13x75_v2.step,demo tube in input_box_2; 4x6 slot row 3 col 3
curved_white_label_220deg,input_box_2_demo_tube_04_red75,white_label,tube_label,1.0,1.0,1.0,1.0,03_cad/custom_parts/sample_tube/red_cap_tube_13x75_v2.step,demo tube in input_box_2; 4x6 slot row 3 col 3
curved_barcode_stripe_1,input_box_2_demo_tube_04_red75,barcode_black,barcode_black,0.0,0.0,0.0,1.0,03_cad/custom_parts/sample_tube/red_cap_tube_13x75_v2.step,demo tube in input_box_2; 4x6 slot row 3 col 3
curved_barcode_stripe_2,input_box_2_demo_tube_04_red75,barcode_black,barcode_black,0.0,0.0,0.0,1.0,03_cad/custom_parts/sample_tube/red_cap_tube_13x75_v2.step,demo tube in input_box_2; 4x6 slot row 3 col 3
curved_barcode_stripe_3,input_box_2_demo_tube_04_red75,barcode_black,barcode_black,0.0,0.0,0.0,1.0,03_cad/custom_parts/sample_tube/red_cap_tube_13x75_v2.step,demo tube in input_box_2; 4x6 slot row 3 col 3
curved_barcode_stripe_4,input_box_2_demo_tube_04_red75,barcode_black,barcode_black,0.0,0.0,0.0,1.0,03_cad/custom_parts/sample_tube/red_cap_tube_13x75_v2.step,demo tube in input_box_2; 4x6 slot row 3 col 3
curved_barcode_stripe_5,input_box_2_demo_tube_04_red75,barcode_black,barcode_black,0.0,0.0,0.0,1.0,03_cad/custom_parts/sample_tube/red_cap_tube_13x75_v2.step,demo tube in input_box_2; 4x6 slot row 3 col 3
curved_barcode_stripe_6,input_box_2_demo_tube_04_red75,barcode_black,barcode_black,0.0,0.0,0.0,1.0,03_cad/custom_parts/sample_tube/red_cap_tube_13x75_v2.step,demo tube in input_box_2; 4x6 slot row 3 col 3
curved_barcode_stripe_7,input_box_2_demo_tube_04_red75,barcode_black,barcode_black,0.0,0.0,0.0,1.0,03_cad/custom_parts/sample_tube/red_cap_tube_13x75_v2.step,demo tube in input_box_2; 4x6 slot row 3 col 3
tube_body_13mm_od,input_box_2_demo_tube_05_purple75,light_gray_body,tube_body,0.78,0.84,0.88,0.55,03_cad/custom_parts/sample_tube/purple_cap_tube_13x75_v2.step,demo tube in input_box_2; 4x6 slot row 4 col 5
tube_cap,input_box_2_demo_tube_05_purple75,purple_cap,purple,0.45,0.16,0.75,1.0,03_cad/custom_parts/sample_tube/purple_cap_tube_13x75_v2.step,demo tube in input_box_2; 4x6 slot row 4 col 5
curved_white_label_220deg,input_box_2_demo_tube_05_purple75,white_label,tube_label,1.0,1.0,1.0,1.0,03_cad/custom_parts/sample_tube/purple_cap_tube_13x75_v2.step,demo tube in input_box_2; 4x6 slot row 4 col 5
curved_barcode_stripe_1,input_box_2_demo_tube_05_purple75,barcode_black,barcode_black,0.0,0.0,0.0,1.0,03_cad/custom_parts/sample_tube/purple_cap_tube_13x75_v2.step,demo tube in input_box_2; 4x6 slot row 4 col 5
curved_barcode_stripe_2,input_box_2_demo_tube_05_purple75,barcode_black,barcode_black,0.0,0.0,0.0,1.0,03_cad/custom_parts/sample_tube/purple_cap_tube_13x75_v2.step,demo tube in input_box_2; 4x6 slot row 4 col 5
curved_barcode_stripe_3,input_box_2_demo_tube_05_purple75,barcode_black,barcode_black,0.0,0.0,0.0,1.0,03_cad/custom_parts/sample_tube/purple_cap_tube_13x75_v2.step,demo tube in input_box_2; 4x6 slot row 4 col 5
curved_barcode_stripe_4,input_box_2_demo_tube_05_purple75,barcode_black,barcode_black,0.0,0.0,0.0,1.0,03_cad/custom_parts/sample_tube/purple_cap_tube_13x75_v2.step,demo tube in input_box_2; 4x6 slot row 4 col 5
curved_barcode_stripe_5,input_box_2_demo_tube_05_purple75,barcode_black,barcode_black,0.0,0.0,0.0,1.0,03_cad/custom_parts/sample_tube/purple_cap_tube_13x75_v2.step,demo tube in input_box_2; 4x6 slot row 4 col 5
curved_barcode_stripe_6,input_box_2_demo_tube_05_purple75,barcode_black,barcode_black,0.0,0.0,0.0,1.0,03_cad/custom_parts/sample_tube/purple_cap_tube_13x75_v2.step,demo tube in input_box_2; 4x6 slot row 4 col 5
curved_barcode_stripe_7,input_box_2_demo_tube_05_purple75,barcode_black,barcode_black,0.0,0.0,0.0,1.0,03_cad/custom_parts/sample_tube/purple_cap_tube_13x75_v2.step,demo tube in input_box_2; 4x6 slot row 4 col 5
tube_body_13mm_od,input_box_3_demo_tube_01_purple75,light_gray_body,tube_body,0.78,0.84,0.88,0.55,03_cad/custom_parts/sample_tube/purple_cap_tube_13x75_v2.step,demo tube in input_box_3; 4x6 slot row 1 col 1
tube_cap,input_box_3_demo_tube_01_purple75,purple_cap,purple,0.45,0.16,0.75,1.0,03_cad/custom_parts/sample_tube/purple_cap_tube_13x75_v2.step,demo tube in input_box_3; 4x6 slot row 1 col 1
curved_white_label_220deg,input_box_3_demo_tube_01_purple75,white_label,tube_label,1.0,1.0,1.0,1.0,03_cad/custom_parts/sample_tube/purple_cap_tube_13x75_v2.step,demo tube in input_box_3; 4x6 slot row 1 col 1
curved_barcode_stripe_1,input_box_3_demo_tube_01_purple75,barcode_black,barcode_black,0.0,0.0,0.0,1.0,03_cad/custom_parts/sample_tube/purple_cap_tube_13x75_v2.step,demo tube in input_box_3; 4x6 slot row 1 col 1
curved_barcode_stripe_2,input_box_3_demo_tube_01_purple75,barcode_black,barcode_black,0.0,0.0,0.0,1.0,03_cad/custom_parts/sample_tube/purple_cap_tube_13x75_v2.step,demo tube in input_box_3; 4x6 slot row 1 col 1
curved_barcode_stripe_3,input_box_3_demo_tube_01_purple75,barcode_black,barcode_black,0.0,0.0,0.0,1.0,03_cad/custom_parts/sample_tube/purple_cap_tube_13x75_v2.step,demo tube in input_box_3; 4x6 slot row 1 col 1
curved_barcode_stripe_4,input_box_3_demo_tube_01_purple75,barcode_black,barcode_black,0.0,0.0,0.0,1.0,03_cad/custom_parts/sample_tube/purple_cap_tube_13x75_v2.step,demo tube in input_box_3; 4x6 slot row 1 col 1
curved_barcode_stripe_5,input_box_3_demo_tube_01_purple75,barcode_black,barcode_black,0.0,0.0,0.0,1.0,03_cad/custom_parts/sample_tube/purple_cap_tube_13x75_v2.step,demo tube in input_box_3; 4x6 slot row 1 col 1
curved_barcode_stripe_6,input_box_3_demo_tube_01_purple75,barcode_black,barcode_black,0.0,0.0,0.0,1.0,03_cad/custom_parts/sample_tube/purple_cap_tube_13x75_v2.step,demo tube in input_box_3; 4x6 slot row 1 col 1
curved_barcode_stripe_7,input_box_3_demo_tube_01_purple75,barcode_black,barcode_black,0.0,0.0,0.0,1.0,03_cad/custom_parts/sample_tube/purple_cap_tube_13x75_v2.step,demo tube in input_box_3; 4x6 slot row 1 col 1
tube_body_13mm_od,input_box_3_demo_tube_02_yellow100,light_gray_body,tube_body,0.78,0.84,0.88,0.55,03_cad/custom_parts/sample_tube/yellow_cap_tube_13x100_v2.step,demo tube in input_box_3; 4x6 slot row 1 col 4
tube_cap,input_box_3_demo_tube_02_yellow100,yellow_cap,yellow,1.0,0.82,0.05,1.0,03_cad/custom_parts/sample_tube/yellow_cap_tube_13x100_v2.step,demo tube in input_box_3; 4x6 slot row 1 col 4
curved_white_label_220deg,input_box_3_demo_tube_02_yellow100,white_label,tube_label,1.0,1.0,1.0,1.0,03_cad/custom_parts/sample_tube/yellow_cap_tube_13x100_v2.step,demo tube in input_box_3; 4x6 slot row 1 col 4
curved_barcode_stripe_1,input_box_3_demo_tube_02_yellow100,barcode_black,barcode_black,0.0,0.0,0.0,1.0,03_cad/custom_parts/sample_tube/yellow_cap_tube_13x100_v2.step,demo tube in input_box_3; 4x6 slot row 1 col 4
curved_barcode_stripe_2,input_box_3_demo_tube_02_yellow100,barcode_black,barcode_black,0.0,0.0,0.0,1.0,03_cad/custom_parts/sample_tube/yellow_cap_tube_13x100_v2.step,demo tube in input_box_3; 4x6 slot row 1 col 4
curved_barcode_stripe_3,input_box_3_demo_tube_02_yellow100,barcode_black,barcode_black,0.0,0.0,0.0,1.0,03_cad/custom_parts/sample_tube/yellow_cap_tube_13x100_v2.step,demo tube in input_box_3; 4x6 slot row 1 col 4
curved_barcode_stripe_4,input_box_3_demo_tube_02_yellow100,barcode_black,barcode_black,0.0,0.0,0.0,1.0,03_cad/custom_parts/sample_tube/yellow_cap_tube_13x100_v2.step,demo tube in input_box_3; 4x6 slot row 1 col 4
curved_barcode_stripe_5,input_box_3_demo_tube_02_yellow100,barcode_black,barcode_black,0.0,0.0,0.0,1.0,03_cad/custom_parts/sample_tube/yellow_cap_tube_13x100_v2.step,demo tube in input_box_3; 4x6 slot row 1 col 4
curved_barcode_stripe_6,input_box_3_demo_tube_02_yellow100,barcode_black,barcode_black,0.0,0.0,0.0,1.0,03_cad/custom_parts/sample_tube/yellow_cap_tube_13x100_v2.step,demo tube in input_box_3; 4x6 slot row 1 col 4
curved_barcode_stripe_7,input_box_3_demo_tube_02_yellow100,barcode_black,barcode_black,0.0,0.0,0.0,1.0,03_cad/custom_parts/sample_tube/yellow_cap_tube_13x100_v2.step,demo tube in input_box_3; 4x6 slot row 1 col 4
tube_body_13mm_od,input_box_3_demo_tube_03_blue75,light_gray_body,tube_body,0.78,0.84,0.88,0.55,03_cad/custom_parts/sample_tube/blue_cap_tube_13x75_v2.step,demo tube in input_box_3; 4x6 slot row 2 col 6
tube_cap,input_box_3_demo_tube_03_blue75,blue_cap,blue,0.08,0.34,0.95,1.0,03_cad/custom_parts/sample_tube/blue_cap_tube_13x75_v2.step,demo tube in input_box_3; 4x6 slot row 2 col 6
curved_white_label_220deg,input_box_3_demo_tube_03_blue75,white_label,tube_label,1.0,1.0,1.0,1.0,03_cad/custom_parts/sample_tube/blue_cap_tube_13x75_v2.step,demo tube in input_box_3; 4x6 slot row 2 col 6
curved_barcode_stripe_1,input_box_3_demo_tube_03_blue75,barcode_black,barcode_black,0.0,0.0,0.0,1.0,03_cad/custom_parts/sample_tube/blue_cap_tube_13x75_v2.step,demo tube in input_box_3; 4x6 slot row 2 col 6
curved_barcode_stripe_2,input_box_3_demo_tube_03_blue75,barcode_black,barcode_black,0.0,0.0,0.0,1.0,03_cad/custom_parts/sample_tube/blue_cap_tube_13x75_v2.step,demo tube in input_box_3; 4x6 slot row 2 col 6
curved_barcode_stripe_3,input_box_3_demo_tube_03_blue75,barcode_black,barcode_black,0.0,0.0,0.0,1.0,03_cad/custom_parts/sample_tube/blue_cap_tube_13x75_v2.step,demo tube in input_box_3; 4x6 slot row 2 col 6
curved_barcode_stripe_4,input_box_3_demo_tube_03_blue75,barcode_black,barcode_black,0.0,0.0,0.0,1.0,03_cad/custom_parts/sample_tube/blue_cap_tube_13x75_v2.step,demo tube in input_box_3; 4x6 slot row 2 col 6
curved_barcode_stripe_5,input_box_3_demo_tube_03_blue75,barcode_black,barcode_black,0.0,0.0,0.0,1.0,03_cad/custom_parts/sample_tube/blue_cap_tube_13x75_v2.step,demo tube in input_box_3; 4x6 slot row 2 col 6
curved_barcode_stripe_6,input_box_3_demo_tube_03_blue75,barcode_black,barcode_black,0.0,0.0,0.0,1.0,03_cad/custom_parts/sample_tube/blue_cap_tube_13x75_v2.step,demo tube in input_box_3; 4x6 slot row 2 col 6
curved_barcode_stripe_7,input_box_3_demo_tube_03_blue75,barcode_black,barcode_black,0.0,0.0,0.0,1.0,03_cad/custom_parts/sample_tube/blue_cap_tube_13x75_v2.step,demo tube in input_box_3; 4x6 slot row 2 col 6
tube_body_13mm_od,input_box_3_demo_tube_04_red75,light_gray_body,tube_body,0.78,0.84,0.88,0.55,03_cad/custom_parts/sample_tube/red_cap_tube_13x75_v2.step,demo tube in input_box_3; 4x6 slot row 3 col 3
tube_cap,input_box_3_demo_tube_04_red75,red_cap,red,0.86,0.05,0.05,1.0,03_cad/custom_parts/sample_tube/red_cap_tube_13x75_v2.step,demo tube in input_box_3; 4x6 slot row 3 col 3
curved_white_label_220deg,input_box_3_demo_tube_04_red75,white_label,tube_label,1.0,1.0,1.0,1.0,03_cad/custom_parts/sample_tube/red_cap_tube_13x75_v2.step,demo tube in input_box_3; 4x6 slot row 3 col 3
curved_barcode_stripe_1,input_box_3_demo_tube_04_red75,barcode_black,barcode_black,0.0,0.0,0.0,1.0,03_cad/custom_parts/sample_tube/red_cap_tube_13x75_v2.step,demo tube in input_box_3; 4x6 slot row 3 col 3
curved_barcode_stripe_2,input_box_3_demo_tube_04_red75,barcode_black,barcode_black,0.0,0.0,0.0,1.0,03_cad/custom_parts/sample_tube/red_cap_tube_13x75_v2.step,demo tube in input_box_3; 4x6 slot row 3 col 3
curved_barcode_stripe_3,input_box_3_demo_tube_04_red75,barcode_black,barcode_black,0.0,0.0,0.0,1.0,03_cad/custom_parts/sample_tube/red_cap_tube_13x75_v2.step,demo tube in input_box_3; 4x6 slot row 3 col 3
curved_barcode_stripe_4,input_box_3_demo_tube_04_red75,barcode_black,barcode_black,0.0,0.0,0.0,1.0,03_cad/custom_parts/sample_tube/red_cap_tube_13x75_v2.step,demo tube in input_box_3; 4x6 slot row 3 col 3
curved_barcode_stripe_5,input_box_3_demo_tube_04_red75,barcode_black,barcode_black,0.0,0.0,0.0,1.0,03_cad/custom_parts/sample_tube/red_cap_tube_13x75_v2.step,demo tube in input_box_3; 4x6 slot row 3 col 3
curved_barcode_stripe_6,input_box_3_demo_tube_04_red75,barcode_black,barcode_black,0.0,0.0,0.0,1.0,03_cad/custom_parts/sample_tube/red_cap_tube_13x75_v2.step,demo tube in input_box_3; 4x6 slot row 3 col 3
curved_barcode_stripe_7,input_box_3_demo_tube_04_red75,barcode_black,barcode_black,0.0,0.0,0.0,1.0,03_cad/custom_parts/sample_tube/red_cap_tube_13x75_v2.step,demo tube in input_box_3; 4x6 slot row 3 col 3
tube_body_13mm_od,input_box_3_demo_tube_05_purple75,light_gray_body,tube_body,0.78,0.84,0.88,0.55,03_cad/custom_parts/sample_tube/purple_cap_tube_13x75_v2.step,demo tube in input_box_3; 4x6 slot row 4 col 5
tube_cap,input_box_3_demo_tube_05_purple75,purple_cap,purple,0.45,0.16,0.75,1.0,03_cad/custom_parts/sample_tube/purple_cap_tube_13x75_v2.step,demo tube in input_box_3; 4x6 slot row 4 col 5
curved_white_label_220deg,input_box_3_demo_tube_05_purple75,white_label,tube_label,1.0,1.0,1.0,1.0,03_cad/custom_parts/sample_tube/purple_cap_tube_13x75_v2.step,demo tube in input_box_3; 4x6 slot row 4 col 5
curved_barcode_stripe_1,input_box_3_demo_tube_05_purple75,barcode_black,barcode_black,0.0,0.0,0.0,1.0,03_cad/custom_parts/sample_tube/purple_cap_tube_13x75_v2.step,demo tube in input_box_3; 4x6 slot row 4 col 5
curved_barcode_stripe_2,input_box_3_demo_tube_05_purple75,barcode_black,barcode_black,0.0,0.0,0.0,1.0,03_cad/custom_parts/sample_tube/purple_cap_tube_13x75_v2.step,demo tube in input_box_3; 4x6 slot row 4 col 5
curved_barcode_stripe_3,input_box_3_demo_tube_05_purple75,barcode_black,barcode_black,0.0,0.0,0.0,1.0,03_cad/custom_parts/sample_tube/purple_cap_tube_13x75_v2.step,demo tube in input_box_3; 4x6 slot row 4 col 5
curved_barcode_stripe_4,input_box_3_demo_tube_05_purple75,barcode_black,barcode_black,0.0,0.0,0.0,1.0,03_cad/custom_parts/sample_tube/purple_cap_tube_13x75_v2.step,demo tube in input_box_3; 4x6 slot row 4 col 5
curved_barcode_stripe_5,input_box_3_demo_tube_05_purple75,barcode_black,barcode_black,0.0,0.0,0.0,1.0,03_cad/custom_parts/sample_tube/purple_cap_tube_13x75_v2.step,demo tube in input_box_3; 4x6 slot row 4 col 5
curved_barcode_stripe_6,input_box_3_demo_tube_05_purple75,barcode_black,barcode_black,0.0,0.0,0.0,1.0,03_cad/custom_parts/sample_tube/purple_cap_tube_13x75_v2.step,demo tube in input_box_3; 4x6 slot row 4 col 5
curved_barcode_stripe_7,input_box_3_demo_tube_05_purple75,barcode_black,barcode_black,0.0,0.0,0.0,1.0,03_cad/custom_parts/sample_tube/purple_cap_tube_13x75_v2.step,demo tube in input_box_3; 4x6 slot row 4 col 5
tube_body_13mm_od,input_box_4_demo_tube_01_purple75,light_gray_body,tube_body,0.78,0.84,0.88,0.55,03_cad/custom_parts/sample_tube/purple_cap_tube_13x75_v2.step,demo tube in input_box_4; 4x6 slot row 1 col 1
tube_cap,input_box_4_demo_tube_01_purple75,purple_cap,purple,0.45,0.16,0.75,1.0,03_cad/custom_parts/sample_tube/purple_cap_tube_13x75_v2.step,demo tube in input_box_4; 4x6 slot row 1 col 1
curved_white_label_220deg,input_box_4_demo_tube_01_purple75,white_label,tube_label,1.0,1.0,1.0,1.0,03_cad/custom_parts/sample_tube/purple_cap_tube_13x75_v2.step,demo tube in input_box_4; 4x6 slot row 1 col 1
curved_barcode_stripe_1,input_box_4_demo_tube_01_purple75,barcode_black,barcode_black,0.0,0.0,0.0,1.0,03_cad/custom_parts/sample_tube/purple_cap_tube_13x75_v2.step,demo tube in input_box_4; 4x6 slot row 1 col 1
curved_barcode_stripe_2,input_box_4_demo_tube_01_purple75,barcode_black,barcode_black,0.0,0.0,0.0,1.0,03_cad/custom_parts/sample_tube/purple_cap_tube_13x75_v2.step,demo tube in input_box_4; 4x6 slot row 1 col 1
curved_barcode_stripe_3,input_box_4_demo_tube_01_purple75,barcode_black,barcode_black,0.0,0.0,0.0,1.0,03_cad/custom_parts/sample_tube/purple_cap_tube_13x75_v2.step,demo tube in input_box_4; 4x6 slot row 1 col 1
curved_barcode_stripe_4,input_box_4_demo_tube_01_purple75,barcode_black,barcode_black,0.0,0.0,0.0,1.0,03_cad/custom_parts/sample_tube/purple_cap_tube_13x75_v2.step,demo tube in input_box_4; 4x6 slot row 1 col 1
curved_barcode_stripe_5,input_box_4_demo_tube_01_purple75,barcode_black,barcode_black,0.0,0.0,0.0,1.0,03_cad/custom_parts/sample_tube/purple_cap_tube_13x75_v2.step,demo tube in input_box_4; 4x6 slot row 1 col 1
curved_barcode_stripe_6,input_box_4_demo_tube_01_purple75,barcode_black,barcode_black,0.0,0.0,0.0,1.0,03_cad/custom_parts/sample_tube/purple_cap_tube_13x75_v2.step,demo tube in input_box_4; 4x6 slot row 1 col 1
curved_barcode_stripe_7,input_box_4_demo_tube_01_purple75,barcode_black,barcode_black,0.0,0.0,0.0,1.0,03_cad/custom_parts/sample_tube/purple_cap_tube_13x75_v2.step,demo tube in input_box_4; 4x6 slot row 1 col 1
tube_body_13mm_od,input_box_4_demo_tube_02_yellow100,light_gray_body,tube_body,0.78,0.84,0.88,0.55,03_cad/custom_parts/sample_tube/yellow_cap_tube_13x100_v2.step,demo tube in input_box_4; 4x6 slot row 1 col 4
tube_cap,input_box_4_demo_tube_02_yellow100,yellow_cap,yellow,1.0,0.82,0.05,1.0,03_cad/custom_parts/sample_tube/yellow_cap_tube_13x100_v2.step,demo tube in input_box_4; 4x6 slot row 1 col 4
curved_white_label_220deg,input_box_4_demo_tube_02_yellow100,white_label,tube_label,1.0,1.0,1.0,1.0,03_cad/custom_parts/sample_tube/yellow_cap_tube_13x100_v2.step,demo tube in input_box_4; 4x6 slot row 1 col 4
curved_barcode_stripe_1,input_box_4_demo_tube_02_yellow100,barcode_black,barcode_black,0.0,0.0,0.0,1.0,03_cad/custom_parts/sample_tube/yellow_cap_tube_13x100_v2.step,demo tube in input_box_4; 4x6 slot row 1 col 4
curved_barcode_stripe_2,input_box_4_demo_tube_02_yellow100,barcode_black,barcode_black,0.0,0.0,0.0,1.0,03_cad/custom_parts/sample_tube/yellow_cap_tube_13x100_v2.step,demo tube in input_box_4; 4x6 slot row 1 col 4
curved_barcode_stripe_3,input_box_4_demo_tube_02_yellow100,barcode_black,barcode_black,0.0,0.0,0.0,1.0,03_cad/custom_parts/sample_tube/yellow_cap_tube_13x100_v2.step,demo tube in input_box_4; 4x6 slot row 1 col 4
curved_barcode_stripe_4,input_box_4_demo_tube_02_yellow100,barcode_black,barcode_black,0.0,0.0,0.0,1.0,03_cad/custom_parts/sample_tube/yellow_cap_tube_13x100_v2.step,demo tube in input_box_4; 4x6 slot row 1 col 4
curved_barcode_stripe_5,input_box_4_demo_tube_02_yellow100,barcode_black,barcode_black,0.0,0.0,0.0,1.0,03_cad/custom_parts/sample_tube/yellow_cap_tube_13x100_v2.step,demo tube in input_box_4; 4x6 slot row 1 col 4
curved_barcode_stripe_6,input_box_4_demo_tube_02_yellow100,barcode_black,barcode_black,0.0,0.0,0.0,1.0,03_cad/custom_parts/sample_tube/yellow_cap_tube_13x100_v2.step,demo tube in input_box_4; 4x6 slot row 1 col 4
curved_barcode_stripe_7,input_box_4_demo_tube_02_yellow100,barcode_black,barcode_black,0.0,0.0,0.0,1.0,03_cad/custom_parts/sample_tube/yellow_cap_tube_13x100_v2.step,demo tube in input_box_4; 4x6 slot row 1 col 4
tube_body_13mm_od,input_box_4_demo_tube_03_blue75,light_gray_body,tube_body,0.78,0.84,0.88,0.55,03_cad/custom_parts/sample_tube/blue_cap_tube_13x75_v2.step,demo tube in input_box_4; 4x6 slot row 2 col 6
tube_cap,input_box_4_demo_tube_03_blue75,blue_cap,blue,0.08,0.34,0.95,1.0,03_cad/custom_parts/sample_tube/blue_cap_tube_13x75_v2.step,demo tube in input_box_4; 4x6 slot row 2 col 6
curved_white_label_220deg,input_box_4_demo_tube_03_blue75,white_label,tube_label,1.0,1.0,1.0,1.0,03_cad/custom_parts/sample_tube/blue_cap_tube_13x75_v2.step,demo tube in input_box_4; 4x6 slot row 2 col 6
curved_barcode_stripe_1,input_box_4_demo_tube_03_blue75,barcode_black,barcode_black,0.0,0.0,0.0,1.0,03_cad/custom_parts/sample_tube/blue_cap_tube_13x75_v2.step,demo tube in input_box_4; 4x6 slot row 2 col 6
curved_barcode_stripe_2,input_box_4_demo_tube_03_blue75,barcode_black,barcode_black,0.0,0.0,0.0,1.0,03_cad/custom_parts/sample_tube/blue_cap_tube_13x75_v2.step,demo tube in input_box_4; 4x6 slot row 2 col 6
curved_barcode_stripe_3,input_box_4_demo_tube_03_blue75,barcode_black,barcode_black,0.0,0.0,0.0,1.0,03_cad/custom_parts/sample_tube/blue_cap_tube_13x75_v2.step,demo tube in input_box_4; 4x6 slot row 2 col 6
curved_barcode_stripe_4,input_box_4_demo_tube_03_blue75,barcode_black,barcode_black,0.0,0.0,0.0,1.0,03_cad/custom_parts/sample_tube/blue_cap_tube_13x75_v2.step,demo tube in input_box_4; 4x6 slot row 2 col 6
curved_barcode_stripe_5,input_box_4_demo_tube_03_blue75,barcode_black,barcode_black,0.0,0.0,0.0,1.0,03_cad/custom_parts/sample_tube/blue_cap_tube_13x75_v2.step,demo tube in input_box_4; 4x6 slot row 2 col 6
curved_barcode_stripe_6,input_box_4_demo_tube_03_blue75,barcode_black,barcode_black,0.0,0.0,0.0,1.0,03_cad/custom_parts/sample_tube/blue_cap_tube_13x75_v2.step,demo tube in input_box_4; 4x6 slot row 2 col 6
curved_barcode_stripe_7,input_box_4_demo_tube_03_blue75,barcode_black,barcode_black,0.0,0.0,0.0,1.0,03_cad/custom_parts/sample_tube/blue_cap_tube_13x75_v2.step,demo tube in input_box_4; 4x6 slot row 2 col 6
tube_body_13mm_od,input_box_4_demo_tube_04_red75,light_gray_body,tube_body,0.78,0.84,0.88,0.55,03_cad/custom_parts/sample_tube/red_cap_tube_13x75_v2.step,demo tube in input_box_4; 4x6 slot row 3 col 3
tube_cap,input_box_4_demo_tube_04_red75,red_cap,red,0.86,0.05,0.05,1.0,03_cad/custom_parts/sample_tube/red_cap_tube_13x75_v2.step,demo tube in input_box_4; 4x6 slot row 3 col 3
curved_white_label_220deg,input_box_4_demo_tube_04_red75,white_label,tube_label,1.0,1.0,1.0,1.0,03_cad/custom_parts/sample_tube/red_cap_tube_13x75_v2.step,demo tube in input_box_4; 4x6 slot row 3 col 3
curved_barcode_stripe_1,input_box_4_demo_tube_04_red75,barcode_black,barcode_black,0.0,0.0,0.0,1.0,03_cad/custom_parts/sample_tube/red_cap_tube_13x75_v2.step,demo tube in input_box_4; 4x6 slot row 3 col 3
curved_barcode_stripe_2,input_box_4_demo_tube_04_red75,barcode_black,barcode_black,0.0,0.0,0.0,1.0,03_cad/custom_parts/sample_tube/red_cap_tube_13x75_v2.step,demo tube in input_box_4; 4x6 slot row 3 col 3
curved_barcode_stripe_3,input_box_4_demo_tube_04_red75,barcode_black,barcode_black,0.0,0.0,0.0,1.0,03_cad/custom_parts/sample_tube/red_cap_tube_13x75_v2.step,demo tube in input_box_4; 4x6 slot row 3 col 3
curved_barcode_stripe_4,input_box_4_demo_tube_04_red75,barcode_black,barcode_black,0.0,0.0,0.0,1.0,03_cad/custom_parts/sample_tube/red_cap_tube_13x75_v2.step,demo tube in input_box_4; 4x6 slot row 3 col 3
curved_barcode_stripe_5,input_box_4_demo_tube_04_red75,barcode_black,barcode_black,0.0,0.0,0.0,1.0,03_cad/custom_parts/sample_tube/red_cap_tube_13x75_v2.step,demo tube in input_box_4; 4x6 slot row 3 col 3
curved_barcode_stripe_6,input_box_4_demo_tube_04_red75,barcode_black,barcode_black,0.0,0.0,0.0,1.0,03_cad/custom_parts/sample_tube/red_cap_tube_13x75_v2.step,demo tube in input_box_4; 4x6 slot row 3 col 3
curved_barcode_stripe_7,input_box_4_demo_tube_04_red75,barcode_black,barcode_black,0.0,0.0,0.0,1.0,03_cad/custom_parts/sample_tube/red_cap_tube_13x75_v2.step,demo tube in input_box_4; 4x6 slot row 3 col 3
tube_body_13mm_od,input_box_4_demo_tube_05_purple75,light_gray_body,tube_body,0.78,0.84,0.88,0.55,03_cad/custom_parts/sample_tube/purple_cap_tube_13x75_v2.step,demo tube in input_box_4; 4x6 slot row 4 col 5
tube_cap,input_box_4_demo_tube_05_purple75,purple_cap,purple,0.45,0.16,0.75,1.0,03_cad/custom_parts/sample_tube/purple_cap_tube_13x75_v2.step,demo tube in input_box_4; 4x6 slot row 4 col 5
curved_white_label_220deg,input_box_4_demo_tube_05_purple75,white_label,tube_label,1.0,1.0,1.0,1.0,03_cad/custom_parts/sample_tube/purple_cap_tube_13x75_v2.step,demo tube in input_box_4; 4x6 slot row 4 col 5
curved_barcode_stripe_1,input_box_4_demo_tube_05_purple75,barcode_black,barcode_black,0.0,0.0,0.0,1.0,03_cad/custom_parts/sample_tube/purple_cap_tube_13x75_v2.step,demo tube in input_box_4; 4x6 slot row 4 col 5
curved_barcode_stripe_2,input_box_4_demo_tube_05_purple75,barcode_black,barcode_black,0.0,0.0,0.0,1.0,03_cad/custom_parts/sample_tube/purple_cap_tube_13x75_v2.step,demo tube in input_box_4; 4x6 slot row 4 col 5
curved_barcode_stripe_3,input_box_4_demo_tube_05_purple75,barcode_black,barcode_black,0.0,0.0,0.0,1.0,03_cad/custom_parts/sample_tube/purple_cap_tube_13x75_v2.step,demo tube in input_box_4; 4x6 slot row 4 col 5
curved_barcode_stripe_4,input_box_4_demo_tube_05_purple75,barcode_black,barcode_black,0.0,0.0,0.0,1.0,03_cad/custom_parts/sample_tube/purple_cap_tube_13x75_v2.step,demo tube in input_box_4; 4x6 slot row 4 col 5
curved_barcode_stripe_5,input_box_4_demo_tube_05_purple75,barcode_black,barcode_black,0.0,0.0,0.0,1.0,03_cad/custom_parts/sample_tube/purple_cap_tube_13x75_v2.step,demo tube in input_box_4; 4x6 slot row 4 col 5
curved_barcode_stripe_6,input_box_4_demo_tube_05_purple75,barcode_black,barcode_black,0.0,0.0,0.0,1.0,03_cad/custom_parts/sample_tube/purple_cap_tube_13x75_v2.step,demo tube in input_box_4; 4x6 slot row 4 col 5
curved_barcode_stripe_7,input_box_4_demo_tube_05_purple75,barcode_black,barcode_black,0.0,0.0,0.0,1.0,03_cad/custom_parts/sample_tube/purple_cap_tube_13x75_v2.step,demo tube in input_box_4; 4x6 slot row 4 col 5
tube_body_13mm_od,scan_station_demo_tube_yellow100,light_gray_body,tube_body,0.78,0.84,0.88,0.55,03_cad/custom_parts/sample_tube/yellow_cap_tube_13x100_v2.step,scan tube in v7 holder
tube_cap,scan_station_demo_tube_yellow100,yellow_cap,yellow,1.0,0.82,0.05,1.0,03_cad/custom_parts/sample_tube/yellow_cap_tube_13x100_v2.step,scan tube in v7 holder
curved_white_label_220deg,scan_station_demo_tube_yellow100,white_label,tube_label,1.0,1.0,1.0,1.0,03_cad/custom_parts/sample_tube/yellow_cap_tube_13x100_v2.step,scan tube in v7 holder
curved_barcode_stripe_1,scan_station_demo_tube_yellow100,barcode_black,barcode_black,0.0,0.0,0.0,1.0,03_cad/custom_parts/sample_tube/yellow_cap_tube_13x100_v2.step,scan tube in v7 holder
curved_barcode_stripe_2,scan_station_demo_tube_yellow100,barcode_black,barcode_black,0.0,0.0,0.0,1.0,03_cad/custom_parts/sample_tube/yellow_cap_tube_13x100_v2.step,scan tube in v7 holder
curved_barcode_stripe_3,scan_station_demo_tube_yellow100,barcode_black,barcode_black,0.0,0.0,0.0,1.0,03_cad/custom_parts/sample_tube/yellow_cap_tube_13x100_v2.step,scan tube in v7 holder
curved_barcode_stripe_4,scan_station_demo_tube_yellow100,barcode_black,barcode_black,0.0,0.0,0.0,1.0,03_cad/custom_parts/sample_tube/yellow_cap_tube_13x100_v2.step,scan tube in v7 holder
curved_barcode_stripe_5,scan_station_demo_tube_yellow100,barcode_black,barcode_black,0.0,0.0,0.0,1.0,03_cad/custom_parts/sample_tube/yellow_cap_tube_13x100_v2.step,scan tube in v7 holder
curved_barcode_stripe_6,scan_station_demo_tube_yellow100,barcode_black,barcode_black,0.0,0.0,0.0,1.0,03_cad/custom_parts/sample_tube/yellow_cap_tube_13x100_v2.step,scan tube in v7 holder
curved_barcode_stripe_7,scan_station_demo_tube_yellow100,barcode_black,barcode_black,0.0,0.0,0.0,1.0,03_cad/custom_parts/sample_tube/yellow_cap_tube_13x100_v2.step,scan tube in v7 holder
tube_body_13mm_od,category_A_classified_tube_01_purple75,light_gray_body,tube_body,0.78,0.84,0.88,0.55,03_cad/custom_parts/sample_tube/purple_cap_tube_13x75_v2.step,demo classified tube in Category A 4x6 output box
tube_cap,category_A_classified_tube_01_purple75,purple_cap,purple,0.45,0.16,0.75,1.0,03_cad/custom_parts/sample_tube/purple_cap_tube_13x75_v2.step,demo classified tube in Category A 4x6 output box
curved_white_label_220deg,category_A_classified_tube_01_purple75,white_label,tube_label,1.0,1.0,1.0,1.0,03_cad/custom_parts/sample_tube/purple_cap_tube_13x75_v2.step,demo classified tube in Category A 4x6 output box
curved_barcode_stripe_1,category_A_classified_tube_01_purple75,barcode_black,barcode_black,0.0,0.0,0.0,1.0,03_cad/custom_parts/sample_tube/purple_cap_tube_13x75_v2.step,demo classified tube in Category A 4x6 output box
curved_barcode_stripe_2,category_A_classified_tube_01_purple75,barcode_black,barcode_black,0.0,0.0,0.0,1.0,03_cad/custom_parts/sample_tube/purple_cap_tube_13x75_v2.step,demo classified tube in Category A 4x6 output box
curved_barcode_stripe_3,category_A_classified_tube_01_purple75,barcode_black,barcode_black,0.0,0.0,0.0,1.0,03_cad/custom_parts/sample_tube/purple_cap_tube_13x75_v2.step,demo classified tube in Category A 4x6 output box
curved_barcode_stripe_4,category_A_classified_tube_01_purple75,barcode_black,barcode_black,0.0,0.0,0.0,1.0,03_cad/custom_parts/sample_tube/purple_cap_tube_13x75_v2.step,demo classified tube in Category A 4x6 output box
curved_barcode_stripe_5,category_A_classified_tube_01_purple75,barcode_black,barcode_black,0.0,0.0,0.0,1.0,03_cad/custom_parts/sample_tube/purple_cap_tube_13x75_v2.step,demo classified tube in Category A 4x6 output box
curved_barcode_stripe_6,category_A_classified_tube_01_purple75,barcode_black,barcode_black,0.0,0.0,0.0,1.0,03_cad/custom_parts/sample_tube/purple_cap_tube_13x75_v2.step,demo classified tube in Category A 4x6 output box
curved_barcode_stripe_7,category_A_classified_tube_01_purple75,barcode_black,barcode_black,0.0,0.0,0.0,1.0,03_cad/custom_parts/sample_tube/purple_cap_tube_13x75_v2.step,demo classified tube in Category A 4x6 output box
tube_body_13mm_od,category_A_classified_tube_02_purple75,light_gray_body,tube_body,0.78,0.84,0.88,0.55,03_cad/custom_parts/sample_tube/purple_cap_tube_13x75_v2.step,demo classified tube in Category A 4x6 output box
tube_cap,category_A_classified_tube_02_purple75,purple_cap,purple,0.45,0.16,0.75,1.0,03_cad/custom_parts/sample_tube/purple_cap_tube_13x75_v2.step,demo classified tube in Category A 4x6 output box
curved_white_label_220deg,category_A_classified_tube_02_purple75,white_label,tube_label,1.0,1.0,1.0,1.0,03_cad/custom_parts/sample_tube/purple_cap_tube_13x75_v2.step,demo classified tube in Category A 4x6 output box
curved_barcode_stripe_1,category_A_classified_tube_02_purple75,barcode_black,barcode_black,0.0,0.0,0.0,1.0,03_cad/custom_parts/sample_tube/purple_cap_tube_13x75_v2.step,demo classified tube in Category A 4x6 output box
curved_barcode_stripe_2,category_A_classified_tube_02_purple75,barcode_black,barcode_black,0.0,0.0,0.0,1.0,03_cad/custom_parts/sample_tube/purple_cap_tube_13x75_v2.step,demo classified tube in Category A 4x6 output box
curved_barcode_stripe_3,category_A_classified_tube_02_purple75,barcode_black,barcode_black,0.0,0.0,0.0,1.0,03_cad/custom_parts/sample_tube/purple_cap_tube_13x75_v2.step,demo classified tube in Category A 4x6 output box
curved_barcode_stripe_4,category_A_classified_tube_02_purple75,barcode_black,barcode_black,0.0,0.0,0.0,1.0,03_cad/custom_parts/sample_tube/purple_cap_tube_13x75_v2.step,demo classified tube in Category A 4x6 output box
curved_barcode_stripe_5,category_A_classified_tube_02_purple75,barcode_black,barcode_black,0.0,0.0,0.0,1.0,03_cad/custom_parts/sample_tube/purple_cap_tube_13x75_v2.step,demo classified tube in Category A 4x6 output box
curved_barcode_stripe_6,category_A_classified_tube_02_purple75,barcode_black,barcode_black,0.0,0.0,0.0,1.0,03_cad/custom_parts/sample_tube/purple_cap_tube_13x75_v2.step,demo classified tube in Category A 4x6 output box
curved_barcode_stripe_7,category_A_classified_tube_02_purple75,barcode_black,barcode_black,0.0,0.0,0.0,1.0,03_cad/custom_parts/sample_tube/purple_cap_tube_13x75_v2.step,demo classified tube in Category A 4x6 output box
tube_body_13mm_od,category_A_classified_tube_03_purple75,light_gray_body,tube_body,0.78,0.84,0.88,0.55,03_cad/custom_parts/sample_tube/purple_cap_tube_13x75_v2.step,demo classified tube in Category A 4x6 output box
tube_cap,category_A_classified_tube_03_purple75,purple_cap,purple,0.45,0.16,0.75,1.0,03_cad/custom_parts/sample_tube/purple_cap_tube_13x75_v2.step,demo classified tube in Category A 4x6 output box
curved_white_label_220deg,category_A_classified_tube_03_purple75,white_label,tube_label,1.0,1.0,1.0,1.0,03_cad/custom_parts/sample_tube/purple_cap_tube_13x75_v2.step,demo classified tube in Category A 4x6 output box
curved_barcode_stripe_1,category_A_classified_tube_03_purple75,barcode_black,barcode_black,0.0,0.0,0.0,1.0,03_cad/custom_parts/sample_tube/purple_cap_tube_13x75_v2.step,demo classified tube in Category A 4x6 output box
curved_barcode_stripe_2,category_A_classified_tube_03_purple75,barcode_black,barcode_black,0.0,0.0,0.0,1.0,03_cad/custom_parts/sample_tube/purple_cap_tube_13x75_v2.step,demo classified tube in Category A 4x6 output box
curved_barcode_stripe_3,category_A_classified_tube_03_purple75,barcode_black,barcode_black,0.0,0.0,0.0,1.0,03_cad/custom_parts/sample_tube/purple_cap_tube_13x75_v2.step,demo classified tube in Category A 4x6 output box
curved_barcode_stripe_4,category_A_classified_tube_03_purple75,barcode_black,barcode_black,0.0,0.0,0.0,1.0,03_cad/custom_parts/sample_tube/purple_cap_tube_13x75_v2.step,demo classified tube in Category A 4x6 output box
curved_barcode_stripe_5,category_A_classified_tube_03_purple75,barcode_black,barcode_black,0.0,0.0,0.0,1.0,03_cad/custom_parts/sample_tube/purple_cap_tube_13x75_v2.step,demo classified tube in Category A 4x6 output box
curved_barcode_stripe_6,category_A_classified_tube_03_purple75,barcode_black,barcode_black,0.0,0.0,0.0,1.0,03_cad/custom_parts/sample_tube/purple_cap_tube_13x75_v2.step,demo classified tube in Category A 4x6 output box
curved_barcode_stripe_7,category_A_classified_tube_03_purple75,barcode_black,barcode_black,0.0,0.0,0.0,1.0,03_cad/custom_parts/sample_tube/purple_cap_tube_13x75_v2.step,demo classified tube in Category A 4x6 output box
tube_body_13mm_od,category_B_classified_tube_01_yellow100,light_gray_body,tube_body,0.78,0.84,0.88,0.55,03_cad/custom_parts/sample_tube/yellow_cap_tube_13x100_v2.step,demo classified tube in Category B 4x6 output box
tube_cap,category_B_classified_tube_01_yellow100,yellow_cap,yellow,1.0,0.82,0.05,1.0,03_cad/custom_parts/sample_tube/yellow_cap_tube_13x100_v2.step,demo classified tube in Category B 4x6 output box
curved_white_label_220deg,category_B_classified_tube_01_yellow100,white_label,tube_label,1.0,1.0,1.0,1.0,03_cad/custom_parts/sample_tube/yellow_cap_tube_13x100_v2.step,demo classified tube in Category B 4x6 output box
curved_barcode_stripe_1,category_B_classified_tube_01_yellow100,barcode_black,barcode_black,0.0,0.0,0.0,1.0,03_cad/custom_parts/sample_tube/yellow_cap_tube_13x100_v2.step,demo classified tube in Category B 4x6 output box
curved_barcode_stripe_2,category_B_classified_tube_01_yellow100,barcode_black,barcode_black,0.0,0.0,0.0,1.0,03_cad/custom_parts/sample_tube/yellow_cap_tube_13x100_v2.step,demo classified tube in Category B 4x6 output box
curved_barcode_stripe_3,category_B_classified_tube_01_yellow100,barcode_black,barcode_black,0.0,0.0,0.0,1.0,03_cad/custom_parts/sample_tube/yellow_cap_tube_13x100_v2.step,demo classified tube in Category B 4x6 output box
curved_barcode_stripe_4,category_B_classified_tube_01_yellow100,barcode_black,barcode_black,0.0,0.0,0.0,1.0,03_cad/custom_parts/sample_tube/yellow_cap_tube_13x100_v2.step,demo classified tube in Category B 4x6 output box
curved_barcode_stripe_5,category_B_classified_tube_01_yellow100,barcode_black,barcode_black,0.0,0.0,0.0,1.0,03_cad/custom_parts/sample_tube/yellow_cap_tube_13x100_v2.step,demo classified tube in Category B 4x6 output box
curved_barcode_stripe_6,category_B_classified_tube_01_yellow100,barcode_black,barcode_black,0.0,0.0,0.0,1.0,03_cad/custom_parts/sample_tube/yellow_cap_tube_13x100_v2.step,demo classified tube in Category B 4x6 output box
curved_barcode_stripe_7,category_B_classified_tube_01_yellow100,barcode_black,barcode_black,0.0,0.0,0.0,1.0,03_cad/custom_parts/sample_tube/yellow_cap_tube_13x100_v2.step,demo classified tube in Category B 4x6 output box
tube_body_13mm_od,category_B_classified_tube_02_yellow100,light_gray_body,tube_body,0.78,0.84,0.88,0.55,03_cad/custom_parts/sample_tube/yellow_cap_tube_13x100_v2.step,demo classified tube in Category B 4x6 output box
tube_cap,category_B_classified_tube_02_yellow100,yellow_cap,yellow,1.0,0.82,0.05,1.0,03_cad/custom_parts/sample_tube/yellow_cap_tube_13x100_v2.step,demo classified tube in Category B 4x6 output box
curved_white_label_220deg,category_B_classified_tube_02_yellow100,white_label,tube_label,1.0,1.0,1.0,1.0,03_cad/custom_parts/sample_tube/yellow_cap_tube_13x100_v2.step,demo classified tube in Category B 4x6 output box
curved_barcode_stripe_1,category_B_classified_tube_02_yellow100,barcode_black,barcode_black,0.0,0.0,0.0,1.0,03_cad/custom_parts/sample_tube/yellow_cap_tube_13x100_v2.step,demo classified tube in Category B 4x6 output box
curved_barcode_stripe_2,category_B_classified_tube_02_yellow100,barcode_black,barcode_black,0.0,0.0,0.0,1.0,03_cad/custom_parts/sample_tube/yellow_cap_tube_13x100_v2.step,demo classified tube in Category B 4x6 output box
curved_barcode_stripe_3,category_B_classified_tube_02_yellow100,barcode_black,barcode_black,0.0,0.0,0.0,1.0,03_cad/custom_parts/sample_tube/yellow_cap_tube_13x100_v2.step,demo classified tube in Category B 4x6 output box
curved_barcode_stripe_4,category_B_classified_tube_02_yellow100,barcode_black,barcode_black,0.0,0.0,0.0,1.0,03_cad/custom_parts/sample_tube/yellow_cap_tube_13x100_v2.step,demo classified tube in Category B 4x6 output box
curved_barcode_stripe_5,category_B_classified_tube_02_yellow100,barcode_black,barcode_black,0.0,0.0,0.0,1.0,03_cad/custom_parts/sample_tube/yellow_cap_tube_13x100_v2.step,demo classified tube in Category B 4x6 output box
curved_barcode_stripe_6,category_B_classified_tube_02_yellow100,barcode_black,barcode_black,0.0,0.0,0.0,1.0,03_cad/custom_parts/sample_tube/yellow_cap_tube_13x100_v2.step,demo classified tube in Category B 4x6 output box
curved_barcode_stripe_7,category_B_classified_tube_02_yellow100,barcode_black,barcode_black,0.0,0.0,0.0,1.0,03_cad/custom_parts/sample_tube/yellow_cap_tube_13x100_v2.step,demo classified tube in Category B 4x6 output box
tube_body_13mm_od,category_B_classified_tube_03_yellow100,light_gray_body,tube_body,0.78,0.84,0.88,0.55,03_cad/custom_parts/sample_tube/yellow_cap_tube_13x100_v2.step,demo classified tube in Category B 4x6 output box
tube_cap,category_B_classified_tube_03_yellow100,yellow_cap,yellow,1.0,0.82,0.05,1.0,03_cad/custom_parts/sample_tube/yellow_cap_tube_13x100_v2.step,demo classified tube in Category B 4x6 output box
curved_white_label_220deg,category_B_classified_tube_03_yellow100,white_label,tube_label,1.0,1.0,1.0,1.0,03_cad/custom_parts/sample_tube/yellow_cap_tube_13x100_v2.step,demo classified tube in Category B 4x6 output box
curved_barcode_stripe_1,category_B_classified_tube_03_yellow100,barcode_black,barcode_black,0.0,0.0,0.0,1.0,03_cad/custom_parts/sample_tube/yellow_cap_tube_13x100_v2.step,demo classified tube in Category B 4x6 output box
curved_barcode_stripe_2,category_B_classified_tube_03_yellow100,barcode_black,barcode_black,0.0,0.0,0.0,1.0,03_cad/custom_parts/sample_tube/yellow_cap_tube_13x100_v2.step,demo classified tube in Category B 4x6 output box
curved_barcode_stripe_3,category_B_classified_tube_03_yellow100,barcode_black,barcode_black,0.0,0.0,0.0,1.0,03_cad/custom_parts/sample_tube/yellow_cap_tube_13x100_v2.step,demo classified tube in Category B 4x6 output box
curved_barcode_stripe_4,category_B_classified_tube_03_yellow100,barcode_black,barcode_black,0.0,0.0,0.0,1.0,03_cad/custom_parts/sample_tube/yellow_cap_tube_13x100_v2.step,demo classified tube in Category B 4x6 output box
curved_barcode_stripe_5,category_B_classified_tube_03_yellow100,barcode_black,barcode_black,0.0,0.0,0.0,1.0,03_cad/custom_parts/sample_tube/yellow_cap_tube_13x100_v2.step,demo classified tube in Category B 4x6 output box
curved_barcode_stripe_6,category_B_classified_tube_03_yellow100,barcode_black,barcode_black,0.0,0.0,0.0,1.0,03_cad/custom_parts/sample_tube/yellow_cap_tube_13x100_v2.step,demo classified tube in Category B 4x6 output box
curved_barcode_stripe_7,category_B_classified_tube_03_yellow100,barcode_black,barcode_black,0.0,0.0,0.0,1.0,03_cad/custom_parts/sample_tube/yellow_cap_tube_13x100_v2.step,demo classified tube in Category B 4x6 output box
tube_body_13mm_od,category_C_classified_tube_01_blue75,light_gray_body,tube_body,0.78,0.84,0.88,0.55,03_cad/custom_parts/sample_tube/blue_cap_tube_13x75_v2.step,demo classified tube in Category C 4x6 output box
tube_cap,category_C_classified_tube_01_blue75,blue_cap,blue,0.08,0.34,0.95,1.0,03_cad/custom_parts/sample_tube/blue_cap_tube_13x75_v2.step,demo classified tube in Category C 4x6 output box
curved_white_label_220deg,category_C_classified_tube_01_blue75,white_label,tube_label,1.0,1.0,1.0,1.0,03_cad/custom_parts/sample_tube/blue_cap_tube_13x75_v2.step,demo classified tube in Category C 4x6 output box
curved_barcode_stripe_1,category_C_classified_tube_01_blue75,barcode_black,barcode_black,0.0,0.0,0.0,1.0,03_cad/custom_parts/sample_tube/blue_cap_tube_13x75_v2.step,demo classified tube in Category C 4x6 output box
curved_barcode_stripe_2,category_C_classified_tube_01_blue75,barcode_black,barcode_black,0.0,0.0,0.0,1.0,03_cad/custom_parts/sample_tube/blue_cap_tube_13x75_v2.step,demo classified tube in Category C 4x6 output box
curved_barcode_stripe_3,category_C_classified_tube_01_blue75,barcode_black,barcode_black,0.0,0.0,0.0,1.0,03_cad/custom_parts/sample_tube/blue_cap_tube_13x75_v2.step,demo classified tube in Category C 4x6 output box
curved_barcode_stripe_4,category_C_classified_tube_01_blue75,barcode_black,barcode_black,0.0,0.0,0.0,1.0,03_cad/custom_parts/sample_tube/blue_cap_tube_13x75_v2.step,demo classified tube in Category C 4x6 output box
curved_barcode_stripe_5,category_C_classified_tube_01_blue75,barcode_black,barcode_black,0.0,0.0,0.0,1.0,03_cad/custom_parts/sample_tube/blue_cap_tube_13x75_v2.step,demo classified tube in Category C 4x6 output box
curved_barcode_stripe_6,category_C_classified_tube_01_blue75,barcode_black,barcode_black,0.0,0.0,0.0,1.0,03_cad/custom_parts/sample_tube/blue_cap_tube_13x75_v2.step,demo classified tube in Category C 4x6 output box
curved_barcode_stripe_7,category_C_classified_tube_01_blue75,barcode_black,barcode_black,0.0,0.0,0.0,1.0,03_cad/custom_parts/sample_tube/blue_cap_tube_13x75_v2.step,demo classified tube in Category C 4x6 output box
tube_body_13mm_od,category_C_classified_tube_02_blue75,light_gray_body,tube_body,0.78,0.84,0.88,0.55,03_cad/custom_parts/sample_tube/blue_cap_tube_13x75_v2.step,demo classified tube in Category C 4x6 output box
tube_cap,category_C_classified_tube_02_blue75,blue_cap,blue,0.08,0.34,0.95,1.0,03_cad/custom_parts/sample_tube/blue_cap_tube_13x75_v2.step,demo classified tube in Category C 4x6 output box
curved_white_label_220deg,category_C_classified_tube_02_blue75,white_label,tube_label,1.0,1.0,1.0,1.0,03_cad/custom_parts/sample_tube/blue_cap_tube_13x75_v2.step,demo classified tube in Category C 4x6 output box
curved_barcode_stripe_1,category_C_classified_tube_02_blue75,barcode_black,barcode_black,0.0,0.0,0.0,1.0,03_cad/custom_parts/sample_tube/blue_cap_tube_13x75_v2.step,demo classified tube in Category C 4x6 output box
curved_barcode_stripe_2,category_C_classified_tube_02_blue75,barcode_black,barcode_black,0.0,0.0,0.0,1.0,03_cad/custom_parts/sample_tube/blue_cap_tube_13x75_v2.step,demo classified tube in Category C 4x6 output box
curved_barcode_stripe_3,category_C_classified_tube_02_blue75,barcode_black,barcode_black,0.0,0.0,0.0,1.0,03_cad/custom_parts/sample_tube/blue_cap_tube_13x75_v2.step,demo classified tube in Category C 4x6 output box
curved_barcode_stripe_4,category_C_classified_tube_02_blue75,barcode_black,barcode_black,0.0,0.0,0.0,1.0,03_cad/custom_parts/sample_tube/blue_cap_tube_13x75_v2.step,demo classified tube in Category C 4x6 output box
curved_barcode_stripe_5,category_C_classified_tube_02_blue75,barcode_black,barcode_black,0.0,0.0,0.0,1.0,03_cad/custom_parts/sample_tube/blue_cap_tube_13x75_v2.step,demo classified tube in Category C 4x6 output box
curved_barcode_stripe_6,category_C_classified_tube_02_blue75,barcode_black,barcode_black,0.0,0.0,0.0,1.0,03_cad/custom_parts/sample_tube/blue_cap_tube_13x75_v2.step,demo classified tube in Category C 4x6 output box
curved_barcode_stripe_7,category_C_classified_tube_02_blue75,barcode_black,barcode_black,0.0,0.0,0.0,1.0,03_cad/custom_parts/sample_tube/blue_cap_tube_13x75_v2.step,demo classified tube in Category C 4x6 output box
tube_body_13mm_od,category_C_classified_tube_03_blue75,light_gray_body,tube_body,0.78,0.84,0.88,0.55,03_cad/custom_parts/sample_tube/blue_cap_tube_13x75_v2.step,demo classified tube in Category C 4x6 output box
tube_cap,category_C_classified_tube_03_blue75,blue_cap,blue,0.08,0.34,0.95,1.0,03_cad/custom_parts/sample_tube/blue_cap_tube_13x75_v2.step,demo classified tube in Category C 4x6 output box
curved_white_label_220deg,category_C_classified_tube_03_blue75,white_label,tube_label,1.0,1.0,1.0,1.0,03_cad/custom_parts/sample_tube/blue_cap_tube_13x75_v2.step,demo classified tube in Category C 4x6 output box
curved_barcode_stripe_1,category_C_classified_tube_03_blue75,barcode_black,barcode_black,0.0,0.0,0.0,1.0,03_cad/custom_parts/sample_tube/blue_cap_tube_13x75_v2.step,demo classified tube in Category C 4x6 output box
curved_barcode_stripe_2,category_C_classified_tube_03_blue75,barcode_black,barcode_black,0.0,0.0,0.0,1.0,03_cad/custom_parts/sample_tube/blue_cap_tube_13x75_v2.step,demo classified tube in Category C 4x6 output box
curved_barcode_stripe_3,category_C_classified_tube_03_blue75,barcode_black,barcode_black,0.0,0.0,0.0,1.0,03_cad/custom_parts/sample_tube/blue_cap_tube_13x75_v2.step,demo classified tube in Category C 4x6 output box
curved_barcode_stripe_4,category_C_classified_tube_03_blue75,barcode_black,barcode_black,0.0,0.0,0.0,1.0,03_cad/custom_parts/sample_tube/blue_cap_tube_13x75_v2.step,demo classified tube in Category C 4x6 output box
curved_barcode_stripe_5,category_C_classified_tube_03_blue75,barcode_black,barcode_black,0.0,0.0,0.0,1.0,03_cad/custom_parts/sample_tube/blue_cap_tube_13x75_v2.step,demo classified tube in Category C 4x6 output box
curved_barcode_stripe_6,category_C_classified_tube_03_blue75,barcode_black,barcode_black,0.0,0.0,0.0,1.0,03_cad/custom_parts/sample_tube/blue_cap_tube_13x75_v2.step,demo classified tube in Category C 4x6 output box
curved_barcode_stripe_7,category_C_classified_tube_03_blue75,barcode_black,barcode_black,0.0,0.0,0.0,1.0,03_cad/custom_parts/sample_tube/blue_cap_tube_13x75_v2.step,demo classified tube in Category C 4x6 output box
tube_body_13mm_od,category_D_classified_tube_01_red75,light_gray_body,tube_body,0.78,0.84,0.88,0.55,03_cad/custom_parts/sample_tube/red_cap_tube_13x75_v2.step,demo classified tube in Category D 4x6 output box
tube_cap,category_D_classified_tube_01_red75,red_cap,red,0.86,0.05,0.05,1.0,03_cad/custom_parts/sample_tube/red_cap_tube_13x75_v2.step,demo classified tube in Category D 4x6 output box
curved_white_label_220deg,category_D_classified_tube_01_red75,white_label,tube_label,1.0,1.0,1.0,1.0,03_cad/custom_parts/sample_tube/red_cap_tube_13x75_v2.step,demo classified tube in Category D 4x6 output box
curved_barcode_stripe_1,category_D_classified_tube_01_red75,barcode_black,barcode_black,0.0,0.0,0.0,1.0,03_cad/custom_parts/sample_tube/red_cap_tube_13x75_v2.step,demo classified tube in Category D 4x6 output box
curved_barcode_stripe_2,category_D_classified_tube_01_red75,barcode_black,barcode_black,0.0,0.0,0.0,1.0,03_cad/custom_parts/sample_tube/red_cap_tube_13x75_v2.step,demo classified tube in Category D 4x6 output box
curved_barcode_stripe_3,category_D_classified_tube_01_red75,barcode_black,barcode_black,0.0,0.0,0.0,1.0,03_cad/custom_parts/sample_tube/red_cap_tube_13x75_v2.step,demo classified tube in Category D 4x6 output box
curved_barcode_stripe_4,category_D_classified_tube_01_red75,barcode_black,barcode_black,0.0,0.0,0.0,1.0,03_cad/custom_parts/sample_tube/red_cap_tube_13x75_v2.step,demo classified tube in Category D 4x6 output box
curved_barcode_stripe_5,category_D_classified_tube_01_red75,barcode_black,barcode_black,0.0,0.0,0.0,1.0,03_cad/custom_parts/sample_tube/red_cap_tube_13x75_v2.step,demo classified tube in Category D 4x6 output box
curved_barcode_stripe_6,category_D_classified_tube_01_red75,barcode_black,barcode_black,0.0,0.0,0.0,1.0,03_cad/custom_parts/sample_tube/red_cap_tube_13x75_v2.step,demo classified tube in Category D 4x6 output box
curved_barcode_stripe_7,category_D_classified_tube_01_red75,barcode_black,barcode_black,0.0,0.0,0.0,1.0,03_cad/custom_parts/sample_tube/red_cap_tube_13x75_v2.step,demo classified tube in Category D 4x6 output box
tube_body_13mm_od,category_D_classified_tube_02_red75,light_gray_body,tube_body,0.78,0.84,0.88,0.55,03_cad/custom_parts/sample_tube/red_cap_tube_13x75_v2.step,demo classified tube in Category D 4x6 output box
tube_cap,category_D_classified_tube_02_red75,red_cap,red,0.86,0.05,0.05,1.0,03_cad/custom_parts/sample_tube/red_cap_tube_13x75_v2.step,demo classified tube in Category D 4x6 output box
curved_white_label_220deg,category_D_classified_tube_02_red75,white_label,tube_label,1.0,1.0,1.0,1.0,03_cad/custom_parts/sample_tube/red_cap_tube_13x75_v2.step,demo classified tube in Category D 4x6 output box
curved_barcode_stripe_1,category_D_classified_tube_02_red75,barcode_black,barcode_black,0.0,0.0,0.0,1.0,03_cad/custom_parts/sample_tube/red_cap_tube_13x75_v2.step,demo classified tube in Category D 4x6 output box
curved_barcode_stripe_2,category_D_classified_tube_02_red75,barcode_black,barcode_black,0.0,0.0,0.0,1.0,03_cad/custom_parts/sample_tube/red_cap_tube_13x75_v2.step,demo classified tube in Category D 4x6 output box
curved_barcode_stripe_3,category_D_classified_tube_02_red75,barcode_black,barcode_black,0.0,0.0,0.0,1.0,03_cad/custom_parts/sample_tube/red_cap_tube_13x75_v2.step,demo classified tube in Category D 4x6 output box
curved_barcode_stripe_4,category_D_classified_tube_02_red75,barcode_black,barcode_black,0.0,0.0,0.0,1.0,03_cad/custom_parts/sample_tube/red_cap_tube_13x75_v2.step,demo classified tube in Category D 4x6 output box
curved_barcode_stripe_5,category_D_classified_tube_02_red75,barcode_black,barcode_black,0.0,0.0,0.0,1.0,03_cad/custom_parts/sample_tube/red_cap_tube_13x75_v2.step,demo classified tube in Category D 4x6 output box
curved_barcode_stripe_6,category_D_classified_tube_02_red75,barcode_black,barcode_black,0.0,0.0,0.0,1.0,03_cad/custom_parts/sample_tube/red_cap_tube_13x75_v2.step,demo classified tube in Category D 4x6 output box
curved_barcode_stripe_7,category_D_classified_tube_02_red75,barcode_black,barcode_black,0.0,0.0,0.0,1.0,03_cad/custom_parts/sample_tube/red_cap_tube_13x75_v2.step,demo classified tube in Category D 4x6 output box
tube_body_13mm_od,category_D_classified_tube_03_red75,light_gray_body,tube_body,0.78,0.84,0.88,0.55,03_cad/custom_parts/sample_tube/red_cap_tube_13x75_v2.step,demo classified tube in Category D 4x6 output box
tube_cap,category_D_classified_tube_03_red75,red_cap,red,0.86,0.05,0.05,1.0,03_cad/custom_parts/sample_tube/red_cap_tube_13x75_v2.step,demo classified tube in Category D 4x6 output box
curved_white_label_220deg,category_D_classified_tube_03_red75,white_label,tube_label,1.0,1.0,1.0,1.0,03_cad/custom_parts/sample_tube/red_cap_tube_13x75_v2.step,demo classified tube in Category D 4x6 output box
curved_barcode_stripe_1,category_D_classified_tube_03_red75,barcode_black,barcode_black,0.0,0.0,0.0,1.0,03_cad/custom_parts/sample_tube/red_cap_tube_13x75_v2.step,demo classified tube in Category D 4x6 output box
curved_barcode_stripe_2,category_D_classified_tube_03_red75,barcode_black,barcode_black,0.0,0.0,0.0,1.0,03_cad/custom_parts/sample_tube/red_cap_tube_13x75_v2.step,demo classified tube in Category D 4x6 output box
curved_barcode_stripe_3,category_D_classified_tube_03_red75,barcode_black,barcode_black,0.0,0.0,0.0,1.0,03_cad/custom_parts/sample_tube/red_cap_tube_13x75_v2.step,demo classified tube in Category D 4x6 output box
curved_barcode_stripe_4,category_D_classified_tube_03_red75,barcode_black,barcode_black,0.0,0.0,0.0,1.0,03_cad/custom_parts/sample_tube/red_cap_tube_13x75_v2.step,demo classified tube in Category D 4x6 output box
curved_barcode_stripe_5,category_D_classified_tube_03_red75,barcode_black,barcode_black,0.0,0.0,0.0,1.0,03_cad/custom_parts/sample_tube/red_cap_tube_13x75_v2.step,demo classified tube in Category D 4x6 output box
curved_barcode_stripe_6,category_D_classified_tube_03_red75,barcode_black,barcode_black,0.0,0.0,0.0,1.0,03_cad/custom_parts/sample_tube/red_cap_tube_13x75_v2.step,demo classified tube in Category D 4x6 output box
curved_barcode_stripe_7,category_D_classified_tube_03_red75,barcode_black,barcode_black,0.0,0.0,0.0,1.0,03_cad/custom_parts/sample_tube/red_cap_tube_13x75_v2.step,demo classified tube in Category D 4x6 output box
enclosure_bottom_rear_rail,enclosure_bottom_rear_rail,anodized_aluminum_dark_gray,aluminum_frame,0.36,0.38,0.39,1.0,generated:enclosure_bottom_rear_rail,bottom rear rail mounted to base perimeter
enclosure_bottom_left_rail,enclosure_bottom_left_rail,anodized_aluminum_dark_gray,aluminum_frame,0.36,0.38,0.39,1.0,generated:enclosure_bottom_left_rail,bottom left rail mounted to base perimeter
enclosure_bottom_right_rail,enclosure_bottom_right_rail,anodized_aluminum_dark_gray,aluminum_frame,0.36,0.38,0.39,1.0,generated:enclosure_bottom_right_rail,bottom right rail mounted to base perimeter
enclosure_bottom_front_left_stub,enclosure_bottom_front_left_stub,anodized_aluminum_dark_gray,aluminum_frame,0.36,0.38,0.39,1.0,generated:enclosure_bottom_front_left_stub,front rail segmented for operator openings
enclosure_bottom_front_center_stub,enclosure_bottom_front_center_stub,anodized_aluminum_dark_gray,aluminum_frame,0.36,0.38,0.39,1.0,generated:enclosure_bottom_front_center_stub,front rail segmented for manual-review opening
enclosure_bottom_front_right_stub,enclosure_bottom_front_right_stub,anodized_aluminum_dark_gray,aluminum_frame,0.36,0.38,0.39,1.0,generated:enclosure_bottom_front_right_stub,front rail segmented for operator openings
enclosure_corner_post_front_left,enclosure_corner_post_front_left,anodized_aluminum_dark_gray,aluminum_frame,0.36,0.38,0.39,1.0,generated:enclosure_corner_post_front_left,front-left vertical aluminum post
enclosure_corner_post_front_right,enclosure_corner_post_front_right,anodized_aluminum_dark_gray,aluminum_frame,0.36,0.38,0.39,1.0,generated:enclosure_corner_post_front_right,front-right vertical aluminum post
enclosure_corner_post_rear_left,enclosure_corner_post_rear_left,anodized_aluminum_dark_gray,aluminum_frame,0.36,0.38,0.39,1.0,generated:enclosure_corner_post_rear_left,rear-left vertical aluminum post
enclosure_corner_post_rear_right,enclosure_corner_post_rear_right,anodized_aluminum_dark_gray,aluminum_frame,0.36,0.38,0.39,1.0,generated:enclosure_corner_post_rear_right,rear-right vertical aluminum post
enclosure_top_rear_crossbeam,enclosure_top_rear_crossbeam,anodized_aluminum_dark_gray,aluminum_frame,0.36,0.38,0.39,1.0,generated:enclosure_top_rear_crossbeam,top rear crossbeam
enclosure_top_left_crossbeam,enclosure_top_left_crossbeam,anodized_aluminum_dark_gray,aluminum_frame,0.36,0.38,0.39,1.0,generated:enclosure_top_left_crossbeam,top left side crossbeam
enclosure_top_right_crossbeam,enclosure_top_right_crossbeam,anodized_aluminum_dark_gray,aluminum_frame,0.36,0.38,0.39,1.0,generated:enclosure_top_right_crossbeam,top right side crossbeam
enclosure_front_upper_left_beam,enclosure_front_upper_left_beam,anodized_aluminum_dark_gray,aluminum_frame,0.36,0.38,0.39,1.0,generated:enclosure_front_upper_left_beam,horizontal front top beam segment over input-side opening
enclosure_front_upper_center_beam,enclosure_front_upper_center_beam,anodized_aluminum_dark_gray,aluminum_frame,0.36,0.38,0.39,1.0,generated:enclosure_front_upper_center_beam,horizontal front top beam segment between access openings
enclosure_front_upper_right_beam,enclosure_front_upper_right_beam,anodized_aluminum_dark_gray,aluminum_frame,0.36,0.38,0.39,1.0,generated:enclosure_front_upper_right_beam,horizontal front top beam segment over output-side opening
enclosure_rear_transparent_panel,enclosure_rear_transparent_panel,very_light_transparent_pc,transparent_panel_clean,0.78,0.93,1.0,0.35,generated:enclosure_rear_transparent_panel,"lower, lighter rear transparent PC/acrylic panel"
enclosure_left_transparent_panel,enclosure_left_transparent_panel,very_light_transparent_pc,transparent_panel_clean,0.78,0.93,1.0,0.35,generated:enclosure_left_transparent_panel,reduced-height left transparent side panel
enclosure_right_transparent_panel,enclosure_right_transparent_panel,very_light_transparent_pc,transparent_panel_clean,0.78,0.93,1.0,0.35,generated:enclosure_right_transparent_panel,reduced-height right transparent side panel
enclosure_front_left_low_panel,enclosure_front_left_low_panel,very_light_transparent_pc,transparent_panel_clean,0.78,0.93,1.0,0.35,generated:enclosure_front_left_low_panel,"short front low panel, does not cover input access"
enclosure_front_center_low_panel,enclosure_front_center_low_panel,very_light_transparent_pc,transparent_panel_clean,0.78,0.93,1.0,0.35,generated:enclosure_front_center_low_panel,"short front low divider panel, manual review remains accessible"
enclosure_front_right_low_panel,enclosure_front_right_low_panel,very_light_transparent_pc,transparent_panel_clean,0.78,0.93,1.0,0.35,generated:enclosure_front_right_low_panel,"short front low panel, does not cover output access"
enclosure_input_box_replace_opening_left_jamb,enclosure_input_box_replace_opening_left_jamb,access_door_frame_gray,access_door_frame,0.28,0.32,0.34,1.0,generated:enclosure_input_box_replace_opening_left_jamb,input-box replacement door/opening frame
enclosure_input_box_replace_opening_right_jamb,enclosure_input_box_replace_opening_right_jamb,access_door_frame_gray,access_door_frame,0.28,0.32,0.34,1.0,generated:enclosure_input_box_replace_opening_right_jamb,input-box replacement door/opening frame
enclosure_input_box_replace_opening_top_rail,enclosure_input_box_replace_opening_top_rail,access_door_frame_gray,access_door_frame,0.28,0.32,0.34,1.0,generated:enclosure_input_box_replace_opening_top_rail,input-box replacement door/opening frame
enclosure_input_box_replace_opening_bottom_sill,enclosure_input_box_replace_opening_bottom_sill,access_door_frame_gray,access_door_frame,0.28,0.32,0.34,1.0,generated:enclosure_input_box_replace_opening_bottom_sill,input-box replacement door/opening frame
enclosure_output_box_replace_opening_left_jamb,enclosure_output_box_replace_opening_left_jamb,access_door_frame_gray,access_door_frame,0.28,0.32,0.34,1.0,generated:enclosure_output_box_replace_opening_left_jamb,output-box replacement door/opening frame
enclosure_output_box_replace_opening_right_jamb,enclosure_output_box_replace_opening_right_jamb,access_door_frame_gray,access_door_frame,0.28,0.32,0.34,1.0,generated:enclosure_output_box_replace_opening_right_jamb,output-box replacement door/opening frame
enclosure_output_box_replace_opening_top_rail,enclosure_output_box_replace_opening_top_rail,access_door_frame_gray,access_door_frame,0.28,0.32,0.34,1.0,generated:enclosure_output_box_replace_opening_top_rail,output-box replacement door/opening frame
enclosure_output_box_replace_opening_bottom_sill,enclosure_output_box_replace_opening_bottom_sill,access_door_frame_gray,access_door_frame,0.28,0.32,0.34,1.0,generated:enclosure_output_box_replace_opening_bottom_sill,output-box replacement door/opening frame
enclosure_input_door_simple_pull_handle,enclosure_input_door_simple_pull_handle,door_handle_dark_gray,door_handle,0.08,0.08,0.08,1.0,generated:enclosure_input_door_simple_pull_handle,"simple pull handle geometry, no text label"
enclosure_output_door_simple_pull_handle,enclosure_output_door_simple_pull_handle,door_handle_dark_gray,door_handle,0.08,0.08,0.08,1.0,generated:enclosure_output_door_simple_pull_handle,"simple pull handle geometry, no text label"
enclosure_manual_review_access_opening_left_jamb,enclosure_manual_review_access_opening_left_jamb,access_door_frame_gray,access_door_frame,0.28,0.32,0.34,1.0,generated:enclosure_manual_review_access_opening_left_jamb,simple manual_review front access opening
enclosure_manual_review_access_opening_right_jamb,enclosure_manual_review_access_opening_right_jamb,access_door_frame_gray,access_door_frame,0.28,0.32,0.34,1.0,generated:enclosure_manual_review_access_opening_right_jamb,simple manual_review front access opening
enclosure_manual_review_access_opening_top_rail,enclosure_manual_review_access_opening_top_rail,access_door_frame_gray,access_door_frame,0.28,0.32,0.34,1.0,generated:enclosure_manual_review_access_opening_top_rail,simple manual_review front access opening
enclosure_manual_review_access_opening_bottom_sill,enclosure_manual_review_access_opening_bottom_sill,access_door_frame_gray,access_door_frame,0.28,0.32,0.34,1.0,generated:enclosure_manual_review_access_opening_bottom_sill,simple manual_review front access opening
enclosure_manual_review_access_simple_pull_handle,enclosure_manual_review_access_simple_pull_handle,door_handle_dark_gray,door_handle,0.08,0.08,0.08,1.0,generated:enclosure_manual_review_access_simple_pull_handle,"simple pull handle geometry, no text label"
enclosure_top_open_front_rectangular_rail,enclosure_top_open_front_rectangular_rail,access_door_frame_gray,access_door_frame,0.28,0.32,0.34,1.0,generated:enclosure_top_open_front_rectangular_rail,"horizontal rectangular top front rail only, no roof panel"
enclosure_top_open_rear_rectangular_rail,enclosure_top_open_rear_rectangular_rail,access_door_frame_gray,access_door_frame,0.28,0.32,0.34,1.0,generated:enclosure_top_open_rear_rectangular_rail,horizontal rectangular top rear rail only
enclosure_top_open_left_rectangular_rail,enclosure_top_open_left_rectangular_rail,access_door_frame_gray,access_door_frame,0.28,0.32,0.34,1.0,generated:enclosure_top_open_left_rectangular_rail,horizontal rectangular top left rail only
enclosure_top_open_right_rectangular_rail,enclosure_top_open_right_rectangular_rail,access_door_frame_gray,access_door_frame,0.28,0.32,0.34,1.0,generated:enclosure_top_open_right_rectangular_rail,horizontal rectangular top right rail only
rear_box_shell,closed_control_box_housing,control_box_powder_coated_dark_gray,control_box_housing,0.16,0.17,0.18,1.0,generated:closed_control_box_housing,"closed rear service cabinet housing with rear service door, seams, and screw markers"
service_lid_panel,closed_control_box_housing,control_box_service_lid_graphite,control_box_lid,0.1,0.11,0.12,1.0,generated:closed_control_box_housing,"closed rear service cabinet housing with rear service door, seams, and screw markers"
lid_seam_top,closed_control_box_housing,control_box_lid_seam_black,control_box_seam,0.01,0.01,0.01,1.0,generated:closed_control_box_housing,"closed rear service cabinet housing with rear service door, seams, and screw markers"
lid_seam_bottom,closed_control_box_housing,control_box_lid_seam_black,control_box_seam,0.01,0.01,0.01,1.0,generated:closed_control_box_housing,"closed rear service cabinet housing with rear service door, seams, and screw markers"
lid_seam_left,closed_control_box_housing,control_box_lid_seam_black,control_box_seam,0.01,0.01,0.01,1.0,generated:closed_control_box_housing,"closed rear service cabinet housing with rear service door, seams, and screw markers"
lid_seam_right,closed_control_box_housing,control_box_lid_seam_black,control_box_seam,0.01,0.01,0.01,1.0,generated:closed_control_box_housing,"closed rear service cabinet housing with rear service door, seams, and screw markers"
service_lid_screw_marker_1,closed_control_box_housing,control_box_lid_seam_black,control_box_seam,0.01,0.01,0.01,1.0,generated:closed_control_box_housing,"closed rear service cabinet housing with rear service door, seams, and screw markers"
service_lid_screw_marker_2,closed_control_box_housing,control_box_lid_seam_black,control_box_seam,0.01,0.01,0.01,1.0,generated:closed_control_box_housing,"closed rear service cabinet housing with rear service door, seams, and screw markers"
service_lid_screw_marker_3,closed_control_box_housing,control_box_lid_seam_black,control_box_seam,0.01,0.01,0.01,1.0,generated:closed_control_box_housing,"closed rear service cabinet housing with rear service door, seams, and screw markers"
service_lid_screw_marker_4,closed_control_box_housing,control_box_lid_seam_black,control_box_seam,0.01,0.01,0.01,1.0,generated:closed_control_box_housing,"closed rear service cabinet housing with rear service door, seams, and screw markers"
rear_cable_gland_01,closed_control_box_cable_glands,cable_gland_black,cable_gland_black,0.02,0.02,0.02,1.0,generated:closed_control_box_cable_glands,four short rear-service cable glands; no top-facing connectors and no wire harness
short_rear_cable_stub_01,closed_control_box_cable_glands,cable_gland_black,cable_gland_black,0.02,0.02,0.02,1.0,generated:closed_control_box_cable_glands,four short rear-service cable glands; no top-facing connectors and no wire harness
rear_cable_gland_02,closed_control_box_cable_glands,cable_gland_black,cable_gland_black,0.02,0.02,0.02,1.0,generated:closed_control_box_cable_glands,four short rear-service cable glands; no top-facing connectors and no wire harness
short_rear_cable_stub_02,closed_control_box_cable_glands,cable_gland_black,cable_gland_black,0.02,0.02,0.02,1.0,generated:closed_control_box_cable_glands,four short rear-service cable glands; no top-facing connectors and no wire harness
rear_cable_gland_03,closed_control_box_cable_glands,cable_gland_black,cable_gland_black,0.02,0.02,0.02,1.0,generated:closed_control_box_cable_glands,four short rear-service cable glands; no top-facing connectors and no wire harness
short_rear_cable_stub_03,closed_control_box_cable_glands,cable_gland_black,cable_gland_black,0.02,0.02,0.02,1.0,generated:closed_control_box_cable_glands,four short rear-service cable glands; no top-facing connectors and no wire harness
rear_cable_gland_04,closed_control_box_cable_glands,cable_gland_black,cable_gland_black,0.02,0.02,0.02,1.0,generated:closed_control_box_cable_glands,four short rear-service cable glands; no top-facing connectors and no wire harness
short_rear_cable_stub_04,closed_control_box_cable_glands,cable_gland_black,cable_gland_black,0.02,0.02,0.02,1.0,generated:closed_control_box_cable_glands,four short rear-service cable glands; no top-facing connectors and no wire harness
right_side_vent_slot_1,closed_control_box_ventilation,vent_slot_dark,vent_dark,0.03,0.03,0.03,1.0,generated:closed_control_box_ventilation,side and rear simplified ventilation slots on the closed cabinet
right_side_vent_slot_2,closed_control_box_ventilation,vent_slot_dark,vent_dark,0.03,0.03,0.03,1.0,generated:closed_control_box_ventilation,side and rear simplified ventilation slots on the closed cabinet
right_side_vent_slot_3,closed_control_box_ventilation,vent_slot_dark,vent_dark,0.03,0.03,0.03,1.0,generated:closed_control_box_ventilation,side and rear simplified ventilation slots on the closed cabinet
right_side_vent_slot_4,closed_control_box_ventilation,vent_slot_dark,vent_dark,0.03,0.03,0.03,1.0,generated:closed_control_box_ventilation,side and rear simplified ventilation slots on the closed cabinet
right_side_vent_slot_5,closed_control_box_ventilation,vent_slot_dark,vent_dark,0.03,0.03,0.03,1.0,generated:closed_control_box_ventilation,side and rear simplified ventilation slots on the closed cabinet
rear_vent_slot_1,closed_control_box_ventilation,vent_slot_dark,vent_dark,0.03,0.03,0.03,1.0,generated:closed_control_box_ventilation,side and rear simplified ventilation slots on the closed cabinet
rear_vent_slot_2,closed_control_box_ventilation,vent_slot_dark,vent_dark,0.03,0.03,0.03,1.0,generated:closed_control_box_ventilation,side and rear simplified ventilation slots on the closed cabinet
rear_vent_slot_3,closed_control_box_ventilation,vent_slot_dark,vent_dark,0.03,0.03,0.03,1.0,generated:closed_control_box_ventilation,side and rear simplified ventilation slots on the closed cabinet
rear_vent_slot_4,closed_control_box_ventilation,vent_slot_dark,vent_dark,0.03,0.03,0.03,1.0,generated:closed_control_box_ventilation,side and rear simplified ventilation slots on the closed cabinet
rear_vent_slot_5,closed_control_box_ventilation,vent_slot_dark,vent_dark,0.03,0.03,0.03,1.0,generated:closed_control_box_ventilation,side and rear simplified ventilation slots on the closed cabinet
rear_vent_slot_6,closed_control_box_ventilation,vent_slot_dark,vent_dark,0.03,0.03,0.03,1.0,generated:closed_control_box_ventilation,side and rear simplified ventilation slots on the closed cabinet
rear_vent_slot_7,closed_control_box_ventilation,vent_slot_dark,vent_dark,0.03,0.03,0.03,1.0,generated:closed_control_box_ventilation,side and rear simplified ventilation slots on the closed cabinet
bottom_mounting_plate,closed_control_box_mounting_brackets,control_box_mounting_bracket_gray,mounting_bracket,0.34,0.36,0.37,1.0,generated:closed_control_box_mounting_brackets,"bottom mounting plate, feet, and rear tie brackets fixing the closed cabinet to the rear service frame/base"
left_mounting_foot,closed_control_box_mounting_brackets,control_box_mounting_bracket_gray,mounting_bracket,0.34,0.36,0.37,1.0,generated:closed_control_box_mounting_brackets,"bottom mounting plate, feet, and rear tie brackets fixing the closed cabinet to the rear service frame/base"
right_mounting_foot,closed_control_box_mounting_brackets,control_box_mounting_bracket_gray,mounting_bracket,0.34,0.36,0.37,1.0,generated:closed_control_box_mounting_brackets,"bottom mounting plate, feet, and rear tie brackets fixing the closed cabinet to the rear service frame/base"
left_rear_mounting_foot,closed_control_box_mounting_brackets,control_box_mounting_bracket_gray,mounting_bracket,0.34,0.36,0.37,1.0,generated:closed_control_box_mounting_brackets,"bottom mounting plate, feet, and rear tie brackets fixing the closed cabinet to the rear service frame/base"
right_rear_mounting_foot,closed_control_box_mounting_brackets,control_box_mounting_bracket_gray,mounting_bracket,0.34,0.36,0.37,1.0,generated:closed_control_box_mounting_brackets,"bottom mounting plate, feet, and rear tie brackets fixing the closed cabinet to the rear service frame/base"
rear_frame_tie_bar,closed_control_box_mounting_brackets,control_box_mounting_bracket_gray,mounting_bracket,0.34,0.36,0.37,1.0,generated:closed_control_box_mounting_brackets,"bottom mounting plate, feet, and rear tie brackets fixing the closed cabinet to the rear service frame/base"
left_vertical_l_bracket,closed_control_box_mounting_brackets,control_box_mounting_bracket_gray,mounting_bracket,0.34,0.36,0.37,1.0,generated:closed_control_box_mounting_brackets,"bottom mounting plate, feet, and rear tie brackets fixing the closed cabinet to the rear service frame/base"
right_vertical_l_bracket,closed_control_box_mounting_brackets,control_box_mounting_bracket_gray,mounting_bracket,0.34,0.36,0.37,1.0,generated:closed_control_box_mounting_brackets,"bottom mounting plate, feet, and rear tie brackets fixing the closed cabinet to the rear service frame/base"
left_front_base_block,y_axis_base_mounting_blocks,machined_support_gray,support_gray,0.46,0.48,0.49,1.0,generated:y_axis_base_mounting_blocks,support; front/rear mounting blocks tying Y axes to base plate
left_front_fastener_-22.0_-13.0,y_axis_base_mounting_blocks,black_socket_head_fastener,fastener,0.02,0.02,0.02,1.0,generated:y_axis_base_mounting_blocks,support; front/rear mounting blocks tying Y axes to base plate
left_front_fastener_-22.0_13.0,y_axis_base_mounting_blocks,black_socket_head_fastener,fastener,0.02,0.02,0.02,1.0,generated:y_axis_base_mounting_blocks,support; front/rear mounting blocks tying Y axes to base plate
left_front_fastener_22.0_-13.0,y_axis_base_mounting_blocks,black_socket_head_fastener,fastener,0.02,0.02,0.02,1.0,generated:y_axis_base_mounting_blocks,support; front/rear mounting blocks tying Y axes to base plate
left_front_fastener_22.0_13.0,y_axis_base_mounting_blocks,black_socket_head_fastener,fastener,0.02,0.02,0.02,1.0,generated:y_axis_base_mounting_blocks,support; front/rear mounting blocks tying Y axes to base plate
left_rear_base_block,y_axis_base_mounting_blocks,machined_support_gray,support_gray,0.46,0.48,0.49,1.0,generated:y_axis_base_mounting_blocks,support; front/rear mounting blocks tying Y axes to base plate
left_rear_fastener_-22.0_-13.0,y_axis_base_mounting_blocks,black_socket_head_fastener,fastener,0.02,0.02,0.02,1.0,generated:y_axis_base_mounting_blocks,support; front/rear mounting blocks tying Y axes to base plate
left_rear_fastener_-22.0_13.0,y_axis_base_mounting_blocks,black_socket_head_fastener,fastener,0.02,0.02,0.02,1.0,generated:y_axis_base_mounting_blocks,support; front/rear mounting blocks tying Y axes to base plate
left_rear_fastener_22.0_-13.0,y_axis_base_mounting_blocks,black_socket_head_fastener,fastener,0.02,0.02,0.02,1.0,generated:y_axis_base_mounting_blocks,support; front/rear mounting blocks tying Y axes to base plate
left_rear_fastener_22.0_13.0,y_axis_base_mounting_blocks,black_socket_head_fastener,fastener,0.02,0.02,0.02,1.0,generated:y_axis_base_mounting_blocks,support; front/rear mounting blocks tying Y axes to base plate
right_front_base_block,y_axis_base_mounting_blocks,machined_support_gray,support_gray,0.46,0.48,0.49,1.0,generated:y_axis_base_mounting_blocks,support; front/rear mounting blocks tying Y axes to base plate
right_front_fastener_-22.0_-13.0,y_axis_base_mounting_blocks,black_socket_head_fastener,fastener,0.02,0.02,0.02,1.0,generated:y_axis_base_mounting_blocks,support; front/rear mounting blocks tying Y axes to base plate
right_front_fastener_-22.0_13.0,y_axis_base_mounting_blocks,black_socket_head_fastener,fastener,0.02,0.02,0.02,1.0,generated:y_axis_base_mounting_blocks,support; front/rear mounting blocks tying Y axes to base plate
right_front_fastener_22.0_-13.0,y_axis_base_mounting_blocks,black_socket_head_fastener,fastener,0.02,0.02,0.02,1.0,generated:y_axis_base_mounting_blocks,support; front/rear mounting blocks tying Y axes to base plate
right_front_fastener_22.0_13.0,y_axis_base_mounting_blocks,black_socket_head_fastener,fastener,0.02,0.02,0.02,1.0,generated:y_axis_base_mounting_blocks,support; front/rear mounting blocks tying Y axes to base plate
right_rear_base_block,y_axis_base_mounting_blocks,machined_support_gray,support_gray,0.46,0.48,0.49,1.0,generated:y_axis_base_mounting_blocks,support; front/rear mounting blocks tying Y axes to base plate
right_rear_fastener_-22.0_-13.0,y_axis_base_mounting_blocks,black_socket_head_fastener,fastener,0.02,0.02,0.02,1.0,generated:y_axis_base_mounting_blocks,support; front/rear mounting blocks tying Y axes to base plate
right_rear_fastener_-22.0_13.0,y_axis_base_mounting_blocks,black_socket_head_fastener,fastener,0.02,0.02,0.02,1.0,generated:y_axis_base_mounting_blocks,support; front/rear mounting blocks tying Y axes to base plate
right_rear_fastener_22.0_-13.0,y_axis_base_mounting_blocks,black_socket_head_fastener,fastener,0.02,0.02,0.02,1.0,generated:y_axis_base_mounting_blocks,support; front/rear mounting blocks tying Y axes to base plate
right_rear_fastener_22.0_13.0,y_axis_base_mounting_blocks,black_socket_head_fastener,fastener,0.02,0.02,0.02,1.0,generated:y_axis_base_mounting_blocks,support; front/rear mounting blocks tying Y axes to base plate
main_xz_adapter_plate,xz_adapter_plate_engineered,brushed_aluminum_support,support_light,0.68,0.7,0.7,1.0,generated:xz_adapter_plate_engineered,adapter; engineered X-Z adapter plate with spacers and screw pattern
upper_x_carriage_spacer_left,xz_adapter_plate_engineered,machined_support_gray,support_gray,0.46,0.48,0.49,1.0,generated:xz_adapter_plate_engineered,adapter; engineered X-Z adapter plate with spacers and screw pattern
upper_x_carriage_spacer_right,xz_adapter_plate_engineered,machined_support_gray,support_gray,0.46,0.48,0.49,1.0,generated:xz_adapter_plate_engineered,adapter; engineered X-Z adapter plate with spacers and screw pattern
lower_z_axis_spacer_left,xz_adapter_plate_engineered,machined_support_gray,support_gray,0.46,0.48,0.49,1.0,generated:xz_adapter_plate_engineered,adapter; engineered X-Z adapter plate with spacers and screw pattern
lower_z_axis_spacer_right,xz_adapter_plate_engineered,machined_support_gray,support_gray,0.46,0.48,0.49,1.0,generated:xz_adapter_plate_engineered,adapter; engineered X-Z adapter plate with spacers and screw pattern
xz_adapter_fastener_01,xz_adapter_plate_engineered,black_socket_head_fastener,fastener,0.02,0.02,0.02,1.0,generated:xz_adapter_plate_engineered,adapter; engineered X-Z adapter plate with spacers and screw pattern
xz_adapter_fastener_02,xz_adapter_plate_engineered,black_socket_head_fastener,fastener,0.02,0.02,0.02,1.0,generated:xz_adapter_plate_engineered,adapter; engineered X-Z adapter plate with spacers and screw pattern
xz_adapter_fastener_03,xz_adapter_plate_engineered,black_socket_head_fastener,fastener,0.02,0.02,0.02,1.0,generated:xz_adapter_plate_engineered,adapter; engineered X-Z adapter plate with spacers and screw pattern
xz_adapter_fastener_04,xz_adapter_plate_engineered,black_socket_head_fastener,fastener,0.02,0.02,0.02,1.0,generated:xz_adapter_plate_engineered,adapter; engineered X-Z adapter plate with spacers and screw pattern
xz_adapter_fastener_05,xz_adapter_plate_engineered,black_socket_head_fastener,fastener,0.02,0.02,0.02,1.0,generated:xz_adapter_plate_engineered,adapter; engineered X-Z adapter plate with spacers and screw pattern
xz_adapter_fastener_06,xz_adapter_plate_engineered,black_socket_head_fastener,fastener,0.02,0.02,0.02,1.0,generated:xz_adapter_plate_engineered,adapter; engineered X-Z adapter plate with spacers and screw pattern
xz_adapter_fastener_07,xz_adapter_plate_engineered,black_socket_head_fastener,fastener,0.02,0.02,0.02,1.0,generated:xz_adapter_plate_engineered,adapter; engineered X-Z adapter plate with spacers and screw pattern
xz_adapter_fastener_08,xz_adapter_plate_engineered,black_socket_head_fastener,fastener,0.02,0.02,0.02,1.0,generated:xz_adapter_plate_engineered,adapter; engineered X-Z adapter plate with spacers and screw pattern
rear_fixed_cable_chain_tab,cable_chain_mounting_tabs,cable_chain_mount_tab_gray,tab,0.36,0.38,0.39,1.0,generated:cable_chain_mounting_tabs,future_interface; mounting tabs only; Stage 7A-3d will model cable chain and wiring
x_carriage_cable_chain_tab,cable_chain_mounting_tabs,cable_chain_mount_tab_gray,tab,0.36,0.38,0.39,1.0,generated:cable_chain_mounting_tabs,future_interface; mounting tabs only; Stage 7A-3d will model cable chain and wiring
z_axis_cable_tab,cable_chain_mounting_tabs,cable_chain_mount_tab_gray,tab,0.36,0.38,0.39,1.0,generated:cable_chain_mounting_tabs,future_interface; mounting tabs only; Stage 7A-3d will model cable chain and wiring
cable_chain_tab_hole_marker_1,cable_chain_mounting_tabs,black_socket_head_fastener,fastener,0.02,0.02,0.02,1.0,generated:cable_chain_mounting_tabs,future_interface; mounting tabs only; Stage 7A-3d will model cable chain and wiring
cable_chain_tab_hole_marker_2,cable_chain_mounting_tabs,black_socket_head_fastener,fastener,0.02,0.02,0.02,1.0,generated:cable_chain_mounting_tabs,future_interface; mounting tabs only; Stage 7A-3d will model cable chain and wiring
cable_chain_tab_hole_marker_3,cable_chain_mounting_tabs,black_socket_head_fastener,fastener,0.02,0.02,0.02,1.0,generated:cable_chain_mounting_tabs,future_interface; mounting tabs only; Stage 7A-3d will model cable chain and wiring
rear_tray_bottom_channel,rear_fixed_cable_tray,rear_fixed_cable_tray_dark_gray,cable_tray_dark,0.08,0.09,0.1,1.0,generated:rear_fixed_cable_tray,fixed_wiring; rear fixed service cable tray; U-channel with partial covers
rear_tray_front_lip,rear_fixed_cable_tray,rear_fixed_cable_tray_dark_gray,cable_tray_dark,0.08,0.09,0.1,1.0,generated:rear_fixed_cable_tray,fixed_wiring; rear fixed service cable tray; U-channel with partial covers
rear_tray_rear_lip,rear_fixed_cable_tray,rear_fixed_cable_tray_dark_gray,cable_tray_dark,0.08,0.09,0.1,1.0,generated:rear_fixed_cable_tray,fixed_wiring; rear fixed service cable tray; U-channel with partial covers
rear_tray_partial_cover_left,rear_fixed_cable_tray,cable_tray_cover_graphite,cable_tray_cover,0.13,0.14,0.15,1.0,generated:rear_fixed_cable_tray,fixed_wiring; rear fixed service cable tray; U-channel with partial covers
rear_tray_partial_cover_right,rear_fixed_cable_tray,cable_tray_cover_graphite,cable_tray_cover,0.13,0.14,0.15,1.0,generated:rear_fixed_cable_tray,fixed_wiring; rear fixed service cable tray; U-channel with partial covers
rear_tray_mount_foot_-390,rear_fixed_cable_tray,cable_anchor_gray,anchor_gray,0.32,0.33,0.34,1.0,generated:rear_fixed_cable_tray,fixed_wiring; rear fixed service cable tray; U-channel with partial covers
rear_tray_mount_foot_-210,rear_fixed_cable_tray,cable_anchor_gray,anchor_gray,0.32,0.33,0.34,1.0,generated:rear_fixed_cable_tray,fixed_wiring; rear fixed service cable tray; U-channel with partial covers
rear_tray_mount_foot_-30,rear_fixed_cable_tray,cable_anchor_gray,anchor_gray,0.32,0.33,0.34,1.0,generated:rear_fixed_cable_tray,fixed_wiring; rear fixed service cable tray; U-channel with partial covers
rear_tray_mount_foot_150,rear_fixed_cable_tray,cable_anchor_gray,anchor_gray,0.32,0.33,0.34,1.0,generated:rear_fixed_cable_tray,fixed_wiring; rear fixed service cable tray; U-channel with partial covers
rear_tray_mount_foot_330,rear_fixed_cable_tray,cable_anchor_gray,anchor_gray,0.32,0.33,0.34,1.0,generated:rear_fixed_cable_tray,fixed_wiring; rear fixed service cable tray; U-channel with partial covers
control_box_gland_short_service_loop_1_smooth_section_01,control_box_cable_gland_stubs,black_cable_bundle,cable_black,0.01,0.01,0.01,1.0,generated:control_box_cable_gland_stubs,fixed_wiring; short rear-facing gland stubs from closed control box to rear tray
control_box_gland_short_service_loop_1_smooth_section_02,control_box_cable_gland_stubs,black_cable_bundle,cable_black,0.01,0.01,0.01,1.0,generated:control_box_cable_gland_stubs,fixed_wiring; short rear-facing gland stubs from closed control box to rear tray
control_box_gland_short_service_loop_1_smooth_section_03,control_box_cable_gland_stubs,black_cable_bundle,cable_black,0.01,0.01,0.01,1.0,generated:control_box_cable_gland_stubs,fixed_wiring; short rear-facing gland stubs from closed control box to rear tray
control_box_gland_short_service_loop_1_smooth_section_04,control_box_cable_gland_stubs,black_cable_bundle,cable_black,0.01,0.01,0.01,1.0,generated:control_box_cable_gland_stubs,fixed_wiring; short rear-facing gland stubs from closed control box to rear tray
control_box_gland_short_service_loop_1_smooth_section_05,control_box_cable_gland_stubs,black_cable_bundle,cable_black,0.01,0.01,0.01,1.0,generated:control_box_cable_gland_stubs,fixed_wiring; short rear-facing gland stubs from closed control box to rear tray
control_box_gland_short_service_loop_1_smooth_section_06,control_box_cable_gland_stubs,black_cable_bundle,cable_black,0.01,0.01,0.01,1.0,generated:control_box_cable_gland_stubs,fixed_wiring; short rear-facing gland stubs from closed control box to rear tray
control_box_gland_short_service_loop_1_smooth_section_07,control_box_cable_gland_stubs,black_cable_bundle,cable_black,0.01,0.01,0.01,1.0,generated:control_box_cable_gland_stubs,fixed_wiring; short rear-facing gland stubs from closed control box to rear tray
control_box_gland_short_service_loop_1_smooth_section_08,control_box_cable_gland_stubs,black_cable_bundle,cable_black,0.01,0.01,0.01,1.0,generated:control_box_cable_gland_stubs,fixed_wiring; short rear-facing gland stubs from closed control box to rear tray
control_box_gland_short_service_loop_1_continuous_bend_02,control_box_cable_gland_stubs,black_cable_bundle,cable_black,0.01,0.01,0.01,1.0,generated:control_box_cable_gland_stubs,fixed_wiring; short rear-facing gland stubs from closed control box to rear tray
control_box_gland_short_service_loop_1_continuous_bend_04,control_box_cable_gland_stubs,black_cable_bundle,cable_black,0.01,0.01,0.01,1.0,generated:control_box_cable_gland_stubs,fixed_wiring; short rear-facing gland stubs from closed control box to rear tray
control_box_gland_short_service_loop_1_continuous_bend_06,control_box_cable_gland_stubs,black_cable_bundle,cable_black,0.01,0.01,0.01,1.0,generated:control_box_cable_gland_stubs,fixed_wiring; short rear-facing gland stubs from closed control box to rear tray
control_box_gland_short_service_loop_2_smooth_section_01,control_box_cable_gland_stubs,black_cable_bundle,cable_black,0.01,0.01,0.01,1.0,generated:control_box_cable_gland_stubs,fixed_wiring; short rear-facing gland stubs from closed control box to rear tray
control_box_gland_short_service_loop_2_smooth_section_02,control_box_cable_gland_stubs,black_cable_bundle,cable_black,0.01,0.01,0.01,1.0,generated:control_box_cable_gland_stubs,fixed_wiring; short rear-facing gland stubs from closed control box to rear tray
control_box_gland_short_service_loop_2_smooth_section_03,control_box_cable_gland_stubs,black_cable_bundle,cable_black,0.01,0.01,0.01,1.0,generated:control_box_cable_gland_stubs,fixed_wiring; short rear-facing gland stubs from closed control box to rear tray
control_box_gland_short_service_loop_2_smooth_section_04,control_box_cable_gland_stubs,black_cable_bundle,cable_black,0.01,0.01,0.01,1.0,generated:control_box_cable_gland_stubs,fixed_wiring; short rear-facing gland stubs from closed control box to rear tray
control_box_gland_short_service_loop_2_smooth_section_05,control_box_cable_gland_stubs,black_cable_bundle,cable_black,0.01,0.01,0.01,1.0,generated:control_box_cable_gland_stubs,fixed_wiring; short rear-facing gland stubs from closed control box to rear tray
control_box_gland_short_service_loop_2_smooth_section_06,control_box_cable_gland_stubs,black_cable_bundle,cable_black,0.01,0.01,0.01,1.0,generated:control_box_cable_gland_stubs,fixed_wiring; short rear-facing gland stubs from closed control box to rear tray
control_box_gland_short_service_loop_2_smooth_section_07,control_box_cable_gland_stubs,black_cable_bundle,cable_black,0.01,0.01,0.01,1.0,generated:control_box_cable_gland_stubs,fixed_wiring; short rear-facing gland stubs from closed control box to rear tray
control_box_gland_short_service_loop_2_smooth_section_08,control_box_cable_gland_stubs,black_cable_bundle,cable_black,0.01,0.01,0.01,1.0,generated:control_box_cable_gland_stubs,fixed_wiring; short rear-facing gland stubs from closed control box to rear tray
control_box_gland_short_service_loop_2_continuous_bend_02,control_box_cable_gland_stubs,black_cable_bundle,cable_black,0.01,0.01,0.01,1.0,generated:control_box_cable_gland_stubs,fixed_wiring; short rear-facing gland stubs from closed control box to rear tray
control_box_gland_short_service_loop_2_continuous_bend_04,control_box_cable_gland_stubs,black_cable_bundle,cable_black,0.01,0.01,0.01,1.0,generated:control_box_cable_gland_stubs,fixed_wiring; short rear-facing gland stubs from closed control box to rear tray
control_box_gland_short_service_loop_2_continuous_bend_06,control_box_cable_gland_stubs,black_cable_bundle,cable_black,0.01,0.01,0.01,1.0,generated:control_box_cable_gland_stubs,fixed_wiring; short rear-facing gland stubs from closed control box to rear tray
control_box_gland_short_service_loop_3_smooth_section_01,control_box_cable_gland_stubs,black_cable_bundle,cable_black,0.01,0.01,0.01,1.0,generated:control_box_cable_gland_stubs,fixed_wiring; short rear-facing gland stubs from closed control box to rear tray
control_box_gland_short_service_loop_3_smooth_section_02,control_box_cable_gland_stubs,black_cable_bundle,cable_black,0.01,0.01,0.01,1.0,generated:control_box_cable_gland_stubs,fixed_wiring; short rear-facing gland stubs from closed control box to rear tray
control_box_gland_short_service_loop_3_smooth_section_03,control_box_cable_gland_stubs,black_cable_bundle,cable_black,0.01,0.01,0.01,1.0,generated:control_box_cable_gland_stubs,fixed_wiring; short rear-facing gland stubs from closed control box to rear tray
control_box_gland_short_service_loop_3_smooth_section_04,control_box_cable_gland_stubs,black_cable_bundle,cable_black,0.01,0.01,0.01,1.0,generated:control_box_cable_gland_stubs,fixed_wiring; short rear-facing gland stubs from closed control box to rear tray
control_box_gland_short_service_loop_3_smooth_section_05,control_box_cable_gland_stubs,black_cable_bundle,cable_black,0.01,0.01,0.01,1.0,generated:control_box_cable_gland_stubs,fixed_wiring; short rear-facing gland stubs from closed control box to rear tray
control_box_gland_short_service_loop_3_smooth_section_06,control_box_cable_gland_stubs,black_cable_bundle,cable_black,0.01,0.01,0.01,1.0,generated:control_box_cable_gland_stubs,fixed_wiring; short rear-facing gland stubs from closed control box to rear tray
control_box_gland_short_service_loop_3_smooth_section_07,control_box_cable_gland_stubs,black_cable_bundle,cable_black,0.01,0.01,0.01,1.0,generated:control_box_cable_gland_stubs,fixed_wiring; short rear-facing gland stubs from closed control box to rear tray
control_box_gland_short_service_loop_3_smooth_section_08,control_box_cable_gland_stubs,black_cable_bundle,cable_black,0.01,0.01,0.01,1.0,generated:control_box_cable_gland_stubs,fixed_wiring; short rear-facing gland stubs from closed control box to rear tray
control_box_gland_short_service_loop_3_continuous_bend_02,control_box_cable_gland_stubs,black_cable_bundle,cable_black,0.01,0.01,0.01,1.0,generated:control_box_cable_gland_stubs,fixed_wiring; short rear-facing gland stubs from closed control box to rear tray
control_box_gland_short_service_loop_3_continuous_bend_04,control_box_cable_gland_stubs,black_cable_bundle,cable_black,0.01,0.01,0.01,1.0,generated:control_box_cable_gland_stubs,fixed_wiring; short rear-facing gland stubs from closed control box to rear tray
control_box_gland_short_service_loop_3_continuous_bend_06,control_box_cable_gland_stubs,black_cable_bundle,cable_black,0.01,0.01,0.01,1.0,generated:control_box_cable_gland_stubs,fixed_wiring; short rear-facing gland stubs from closed control box to rear tray
control_box_gland_short_service_loop_4_smooth_section_01,control_box_cable_gland_stubs,green_grounding_cable,cable_green,0.03,0.36,0.12,1.0,generated:control_box_cable_gland_stubs,fixed_wiring; short rear-facing gland stubs from closed control box to rear tray
control_box_gland_short_service_loop_4_smooth_section_02,control_box_cable_gland_stubs,green_grounding_cable,cable_green,0.03,0.36,0.12,1.0,generated:control_box_cable_gland_stubs,fixed_wiring; short rear-facing gland stubs from closed control box to rear tray
control_box_gland_short_service_loop_4_smooth_section_03,control_box_cable_gland_stubs,green_grounding_cable,cable_green,0.03,0.36,0.12,1.0,generated:control_box_cable_gland_stubs,fixed_wiring; short rear-facing gland stubs from closed control box to rear tray
control_box_gland_short_service_loop_4_smooth_section_04,control_box_cable_gland_stubs,green_grounding_cable,cable_green,0.03,0.36,0.12,1.0,generated:control_box_cable_gland_stubs,fixed_wiring; short rear-facing gland stubs from closed control box to rear tray
control_box_gland_short_service_loop_4_smooth_section_05,control_box_cable_gland_stubs,green_grounding_cable,cable_green,0.03,0.36,0.12,1.0,generated:control_box_cable_gland_stubs,fixed_wiring; short rear-facing gland stubs from closed control box to rear tray
control_box_gland_short_service_loop_4_smooth_section_06,control_box_cable_gland_stubs,green_grounding_cable,cable_green,0.03,0.36,0.12,1.0,generated:control_box_cable_gland_stubs,fixed_wiring; short rear-facing gland stubs from closed control box to rear tray
control_box_gland_short_service_loop_4_smooth_section_07,control_box_cable_gland_stubs,green_grounding_cable,cable_green,0.03,0.36,0.12,1.0,generated:control_box_cable_gland_stubs,fixed_wiring; short rear-facing gland stubs from closed control box to rear tray
control_box_gland_short_service_loop_4_smooth_section_08,control_box_cable_gland_stubs,green_grounding_cable,cable_green,0.03,0.36,0.12,1.0,generated:control_box_cable_gland_stubs,fixed_wiring; short rear-facing gland stubs from closed control box to rear tray
control_box_gland_short_service_loop_4_continuous_bend_02,control_box_cable_gland_stubs,green_grounding_cable,cable_green,0.03,0.36,0.12,1.0,generated:control_box_cable_gland_stubs,fixed_wiring; short rear-facing gland stubs from closed control box to rear tray
control_box_gland_short_service_loop_4_continuous_bend_04,control_box_cable_gland_stubs,green_grounding_cable,cable_green,0.03,0.36,0.12,1.0,generated:control_box_cable_gland_stubs,fixed_wiring; short rear-facing gland stubs from closed control box to rear tray
control_box_gland_short_service_loop_4_continuous_bend_06,control_box_cable_gland_stubs,green_grounding_cable,cable_green,0.03,0.36,0.12,1.0,generated:control_box_cable_gland_stubs,fixed_wiring; short rear-facing gland stubs from closed control box to rear tray
drag_chain_rear_run_link_01_left_side,main_cable_chain_links,black_engineering_plastic_drag_chain,drag_chain_body,0.02,0.02,0.025,1.0,generated:main_cable_chain_links,moving_cable_chain; simplified drag-chain links between rear service tray and moving gantry route
drag_chain_rear_run_link_01_right_side,main_cable_chain_links,black_engineering_plastic_drag_chain,drag_chain_body,0.02,0.02,0.025,1.0,generated:main_cable_chain_links,moving_cable_chain; simplified drag-chain links between rear service tray and moving gantry route
drag_chain_rear_run_link_01_top_bridge,main_cable_chain_links,black_engineering_plastic_drag_chain,drag_chain_body,0.02,0.02,0.025,1.0,generated:main_cable_chain_links,moving_cable_chain; simplified drag-chain links between rear service tray and moving gantry route
drag_chain_rear_run_hinge_01,main_cable_chain_links,drag_chain_hinge_pin_gray,drag_chain_pin,0.34,0.35,0.36,1.0,generated:main_cable_chain_links,moving_cable_chain; simplified drag-chain links between rear service tray and moving gantry route
drag_chain_rear_run_link_02_left_side,main_cable_chain_links,black_engineering_plastic_drag_chain,drag_chain_body,0.02,0.02,0.025,1.0,generated:main_cable_chain_links,moving_cable_chain; simplified drag-chain links between rear service tray and moving gantry route
drag_chain_rear_run_link_02_right_side,main_cable_chain_links,black_engineering_plastic_drag_chain,drag_chain_body,0.02,0.02,0.025,1.0,generated:main_cable_chain_links,moving_cable_chain; simplified drag-chain links between rear service tray and moving gantry route
drag_chain_rear_run_link_02_top_bridge,main_cable_chain_links,black_engineering_plastic_drag_chain,drag_chain_body,0.02,0.02,0.025,1.0,generated:main_cable_chain_links,moving_cable_chain; simplified drag-chain links between rear service tray and moving gantry route
drag_chain_rear_run_link_03_left_side,main_cable_chain_links,black_engineering_plastic_drag_chain,drag_chain_body,0.02,0.02,0.025,1.0,generated:main_cable_chain_links,moving_cable_chain; simplified drag-chain links between rear service tray and moving gantry route
drag_chain_rear_run_link_03_right_side,main_cable_chain_links,black_engineering_plastic_drag_chain,drag_chain_body,0.02,0.02,0.025,1.0,generated:main_cable_chain_links,moving_cable_chain; simplified drag-chain links between rear service tray and moving gantry route
drag_chain_rear_run_link_03_top_bridge,main_cable_chain_links,black_engineering_plastic_drag_chain,drag_chain_body,0.02,0.02,0.025,1.0,generated:main_cable_chain_links,moving_cable_chain; simplified drag-chain links between rear service tray and moving gantry route
drag_chain_rear_run_link_04_left_side,main_cable_chain_links,black_engineering_plastic_drag_chain,drag_chain_body,0.02,0.02,0.025,1.0,generated:main_cable_chain_links,moving_cable_chain; simplified drag-chain links between rear service tray and moving gantry route
drag_chain_rear_run_link_04_right_side,main_cable_chain_links,black_engineering_plastic_drag_chain,drag_chain_body,0.02,0.02,0.025,1.0,generated:main_cable_chain_links,moving_cable_chain; simplified drag-chain links between rear service tray and moving gantry route
drag_chain_rear_run_link_04_top_bridge,main_cable_chain_links,black_engineering_plastic_drag_chain,drag_chain_body,0.02,0.02,0.025,1.0,generated:main_cable_chain_links,moving_cable_chain; simplified drag-chain links between rear service tray and moving gantry route
drag_chain_rear_run_link_05_left_side,main_cable_chain_links,black_engineering_plastic_drag_chain,drag_chain_body,0.02,0.02,0.025,1.0,generated:main_cable_chain_links,moving_cable_chain; simplified drag-chain links between rear service tray and moving gantry route
drag_chain_rear_run_link_05_right_side,main_cable_chain_links,black_engineering_plastic_drag_chain,drag_chain_body,0.02,0.02,0.025,1.0,generated:main_cable_chain_links,moving_cable_chain; simplified drag-chain links between rear service tray and moving gantry route
drag_chain_rear_run_link_05_top_bridge,main_cable_chain_links,black_engineering_plastic_drag_chain,drag_chain_body,0.02,0.02,0.025,1.0,generated:main_cable_chain_links,moving_cable_chain; simplified drag-chain links between rear service tray and moving gantry route
drag_chain_rear_run_hinge_05,main_cable_chain_links,drag_chain_hinge_pin_gray,drag_chain_pin,0.34,0.35,0.36,1.0,generated:main_cable_chain_links,moving_cable_chain; simplified drag-chain links between rear service tray and moving gantry route
drag_chain_rear_run_link_06_left_side,main_cable_chain_links,black_engineering_plastic_drag_chain,drag_chain_body,0.02,0.02,0.025,1.0,generated:main_cable_chain_links,moving_cable_chain; simplified drag-chain links between rear service tray and moving gantry route
drag_chain_rear_run_link_06_right_side,main_cable_chain_links,black_engineering_plastic_drag_chain,drag_chain_body,0.02,0.02,0.025,1.0,generated:main_cable_chain_links,moving_cable_chain; simplified drag-chain links between rear service tray and moving gantry route
drag_chain_rear_run_link_06_top_bridge,main_cable_chain_links,black_engineering_plastic_drag_chain,drag_chain_body,0.02,0.02,0.025,1.0,generated:main_cable_chain_links,moving_cable_chain; simplified drag-chain links between rear service tray and moving gantry route
drag_chain_rear_run_link_07_left_side,main_cable_chain_links,black_engineering_plastic_drag_chain,drag_chain_body,0.02,0.02,0.025,1.0,generated:main_cable_chain_links,moving_cable_chain; simplified drag-chain links between rear service tray and moving gantry route
drag_chain_rear_run_link_07_right_side,main_cable_chain_links,black_engineering_plastic_drag_chain,drag_chain_body,0.02,0.02,0.025,1.0,generated:main_cable_chain_links,moving_cable_chain; simplified drag-chain links between rear service tray and moving gantry route
drag_chain_rear_run_link_07_top_bridge,main_cable_chain_links,black_engineering_plastic_drag_chain,drag_chain_body,0.02,0.02,0.025,1.0,generated:main_cable_chain_links,moving_cable_chain; simplified drag-chain links between rear service tray and moving gantry route
drag_chain_rear_run_link_08_left_side,main_cable_chain_links,black_engineering_plastic_drag_chain,drag_chain_body,0.02,0.02,0.025,1.0,generated:main_cable_chain_links,moving_cable_chain; simplified drag-chain links between rear service tray and moving gantry route
drag_chain_rear_run_link_08_right_side,main_cable_chain_links,black_engineering_plastic_drag_chain,drag_chain_body,0.02,0.02,0.025,1.0,generated:main_cable_chain_links,moving_cable_chain; simplified drag-chain links between rear service tray and moving gantry route
drag_chain_rear_run_link_08_top_bridge,main_cable_chain_links,black_engineering_plastic_drag_chain,drag_chain_body,0.02,0.02,0.025,1.0,generated:main_cable_chain_links,moving_cable_chain; simplified drag-chain links between rear service tray and moving gantry route
drag_chain_rear_run_link_09_left_side,main_cable_chain_links,black_engineering_plastic_drag_chain,drag_chain_body,0.02,0.02,0.025,1.0,generated:main_cable_chain_links,moving_cable_chain; simplified drag-chain links between rear service tray and moving gantry route
drag_chain_rear_run_link_09_right_side,main_cable_chain_links,black_engineering_plastic_drag_chain,drag_chain_body,0.02,0.02,0.025,1.0,generated:main_cable_chain_links,moving_cable_chain; simplified drag-chain links between rear service tray and moving gantry route
drag_chain_rear_run_link_09_top_bridge,main_cable_chain_links,black_engineering_plastic_drag_chain,drag_chain_body,0.02,0.02,0.025,1.0,generated:main_cable_chain_links,moving_cable_chain; simplified drag-chain links between rear service tray and moving gantry route
drag_chain_rear_run_hinge_09,main_cable_chain_links,drag_chain_hinge_pin_gray,drag_chain_pin,0.34,0.35,0.36,1.0,generated:main_cable_chain_links,moving_cable_chain; simplified drag-chain links between rear service tray and moving gantry route
drag_chain_rear_run_link_10_left_side,main_cable_chain_links,black_engineering_plastic_drag_chain,drag_chain_body,0.02,0.02,0.025,1.0,generated:main_cable_chain_links,moving_cable_chain; simplified drag-chain links between rear service tray and moving gantry route
drag_chain_rear_run_link_10_right_side,main_cable_chain_links,black_engineering_plastic_drag_chain,drag_chain_body,0.02,0.02,0.025,1.0,generated:main_cable_chain_links,moving_cable_chain; simplified drag-chain links between rear service tray and moving gantry route
drag_chain_rear_run_link_10_top_bridge,main_cable_chain_links,black_engineering_plastic_drag_chain,drag_chain_body,0.02,0.02,0.025,1.0,generated:main_cable_chain_links,moving_cable_chain; simplified drag-chain links between rear service tray and moving gantry route
drag_chain_rear_run_link_11_left_side,main_cable_chain_links,black_engineering_plastic_drag_chain,drag_chain_body,0.02,0.02,0.025,1.0,generated:main_cable_chain_links,moving_cable_chain; simplified drag-chain links between rear service tray and moving gantry route
drag_chain_rear_run_link_11_right_side,main_cable_chain_links,black_engineering_plastic_drag_chain,drag_chain_body,0.02,0.02,0.025,1.0,generated:main_cable_chain_links,moving_cable_chain; simplified drag-chain links between rear service tray and moving gantry route
drag_chain_rear_run_link_11_top_bridge,main_cable_chain_links,black_engineering_plastic_drag_chain,drag_chain_body,0.02,0.02,0.025,1.0,generated:main_cable_chain_links,moving_cable_chain; simplified drag-chain links between rear service tray and moving gantry route
drag_chain_rear_run_link_12_left_side,main_cable_chain_links,black_engineering_plastic_drag_chain,drag_chain_body,0.02,0.02,0.025,1.0,generated:main_cable_chain_links,moving_cable_chain; simplified drag-chain links between rear service tray and moving gantry route
drag_chain_rear_run_link_12_right_side,main_cable_chain_links,black_engineering_plastic_drag_chain,drag_chain_body,0.02,0.02,0.025,1.0,generated:main_cable_chain_links,moving_cable_chain; simplified drag-chain links between rear service tray and moving gantry route
drag_chain_rear_run_link_12_top_bridge,main_cable_chain_links,black_engineering_plastic_drag_chain,drag_chain_body,0.02,0.02,0.025,1.0,generated:main_cable_chain_links,moving_cable_chain; simplified drag-chain links between rear service tray and moving gantry route
drag_chain_rear_run_link_13_left_side,main_cable_chain_links,black_engineering_plastic_drag_chain,drag_chain_body,0.02,0.02,0.025,1.0,generated:main_cable_chain_links,moving_cable_chain; simplified drag-chain links between rear service tray and moving gantry route
drag_chain_rear_run_link_13_right_side,main_cable_chain_links,black_engineering_plastic_drag_chain,drag_chain_body,0.02,0.02,0.025,1.0,generated:main_cable_chain_links,moving_cable_chain; simplified drag-chain links between rear service tray and moving gantry route
drag_chain_rear_run_link_13_top_bridge,main_cable_chain_links,black_engineering_plastic_drag_chain,drag_chain_body,0.02,0.02,0.025,1.0,generated:main_cable_chain_links,moving_cable_chain; simplified drag-chain links between rear service tray and moving gantry route
drag_chain_rear_run_hinge_13,main_cable_chain_links,drag_chain_hinge_pin_gray,drag_chain_pin,0.34,0.35,0.36,1.0,generated:main_cable_chain_links,moving_cable_chain; simplified drag-chain links between rear service tray and moving gantry route
drag_chain_rear_run_link_14_left_side,main_cable_chain_links,black_engineering_plastic_drag_chain,drag_chain_body,0.02,0.02,0.025,1.0,generated:main_cable_chain_links,moving_cable_chain; simplified drag-chain links between rear service tray and moving gantry route
drag_chain_rear_run_link_14_right_side,main_cable_chain_links,black_engineering_plastic_drag_chain,drag_chain_body,0.02,0.02,0.025,1.0,generated:main_cable_chain_links,moving_cable_chain; simplified drag-chain links between rear service tray and moving gantry route
drag_chain_rear_run_link_14_top_bridge,main_cable_chain_links,black_engineering_plastic_drag_chain,drag_chain_body,0.02,0.02,0.025,1.0,generated:main_cable_chain_links,moving_cable_chain; simplified drag-chain links between rear service tray and moving gantry route
drag_chain_rear_run_link_15_left_side,main_cable_chain_links,black_engineering_plastic_drag_chain,drag_chain_body,0.02,0.02,0.025,1.0,generated:main_cable_chain_links,moving_cable_chain; simplified drag-chain links between rear service tray and moving gantry route
drag_chain_rear_run_link_15_right_side,main_cable_chain_links,black_engineering_plastic_drag_chain,drag_chain_body,0.02,0.02,0.025,1.0,generated:main_cable_chain_links,moving_cable_chain; simplified drag-chain links between rear service tray and moving gantry route
drag_chain_rear_run_link_15_top_bridge,main_cable_chain_links,black_engineering_plastic_drag_chain,drag_chain_body,0.02,0.02,0.025,1.0,generated:main_cable_chain_links,moving_cable_chain; simplified drag-chain links between rear service tray and moving gantry route
drag_chain_rear_run_link_16_left_side,main_cable_chain_links,black_engineering_plastic_drag_chain,drag_chain_body,0.02,0.02,0.025,1.0,generated:main_cable_chain_links,moving_cable_chain; simplified drag-chain links between rear service tray and moving gantry route
drag_chain_rear_run_link_16_right_side,main_cable_chain_links,black_engineering_plastic_drag_chain,drag_chain_body,0.02,0.02,0.025,1.0,generated:main_cable_chain_links,moving_cable_chain; simplified drag-chain links between rear service tray and moving gantry route
drag_chain_rear_run_link_16_top_bridge,main_cable_chain_links,black_engineering_plastic_drag_chain,drag_chain_body,0.02,0.02,0.025,1.0,generated:main_cable_chain_links,moving_cable_chain; simplified drag-chain links between rear service tray and moving gantry route
drag_chain_carriage_run_link_01_left_side,main_cable_chain_links,black_engineering_plastic_drag_chain,drag_chain_body,0.02,0.02,0.025,1.0,generated:main_cable_chain_links,moving_cable_chain; simplified drag-chain links between rear service tray and moving gantry route
drag_chain_carriage_run_link_01_right_side,main_cable_chain_links,black_engineering_plastic_drag_chain,drag_chain_body,0.02,0.02,0.025,1.0,generated:main_cable_chain_links,moving_cable_chain; simplified drag-chain links between rear service tray and moving gantry route
drag_chain_carriage_run_link_01_top_bridge,main_cable_chain_links,black_engineering_plastic_drag_chain,drag_chain_body,0.02,0.02,0.025,1.0,generated:main_cable_chain_links,moving_cable_chain; simplified drag-chain links between rear service tray and moving gantry route
drag_chain_carriage_run_hinge_01,main_cable_chain_links,drag_chain_hinge_pin_gray,drag_chain_pin,0.34,0.35,0.36,1.0,generated:main_cable_chain_links,moving_cable_chain; simplified drag-chain links between rear service tray and moving gantry route
drag_chain_carriage_run_link_02_left_side,main_cable_chain_links,black_engineering_plastic_drag_chain,drag_chain_body,0.02,0.02,0.025,1.0,generated:main_cable_chain_links,moving_cable_chain; simplified drag-chain links between rear service tray and moving gantry route
drag_chain_carriage_run_link_02_right_side,main_cable_chain_links,black_engineering_plastic_drag_chain,drag_chain_body,0.02,0.02,0.025,1.0,generated:main_cable_chain_links,moving_cable_chain; simplified drag-chain links between rear service tray and moving gantry route
drag_chain_carriage_run_link_02_top_bridge,main_cable_chain_links,black_engineering_plastic_drag_chain,drag_chain_body,0.02,0.02,0.025,1.0,generated:main_cable_chain_links,moving_cable_chain; simplified drag-chain links between rear service tray and moving gantry route
drag_chain_carriage_run_link_03_left_side,main_cable_chain_links,black_engineering_plastic_drag_chain,drag_chain_body,0.02,0.02,0.025,1.0,generated:main_cable_chain_links,moving_cable_chain; simplified drag-chain links between rear service tray and moving gantry route
drag_chain_carriage_run_link_03_right_side,main_cable_chain_links,black_engineering_plastic_drag_chain,drag_chain_body,0.02,0.02,0.025,1.0,generated:main_cable_chain_links,moving_cable_chain; simplified drag-chain links between rear service tray and moving gantry route
drag_chain_carriage_run_link_03_top_bridge,main_cable_chain_links,black_engineering_plastic_drag_chain,drag_chain_body,0.02,0.02,0.025,1.0,generated:main_cable_chain_links,moving_cable_chain; simplified drag-chain links between rear service tray and moving gantry route
drag_chain_carriage_run_link_04_left_side,main_cable_chain_links,black_engineering_plastic_drag_chain,drag_chain_body,0.02,0.02,0.025,1.0,generated:main_cable_chain_links,moving_cable_chain; simplified drag-chain links between rear service tray and moving gantry route
drag_chain_carriage_run_link_04_right_side,main_cable_chain_links,black_engineering_plastic_drag_chain,drag_chain_body,0.02,0.02,0.025,1.0,generated:main_cable_chain_links,moving_cable_chain; simplified drag-chain links between rear service tray and moving gantry route
drag_chain_carriage_run_link_04_top_bridge,main_cable_chain_links,black_engineering_plastic_drag_chain,drag_chain_body,0.02,0.02,0.025,1.0,generated:main_cable_chain_links,moving_cable_chain; simplified drag-chain links between rear service tray and moving gantry route
drag_chain_carriage_run_link_05_left_side,main_cable_chain_links,black_engineering_plastic_drag_chain,drag_chain_body,0.02,0.02,0.025,1.0,generated:main_cable_chain_links,moving_cable_chain; simplified drag-chain links between rear service tray and moving gantry route
drag_chain_carriage_run_link_05_right_side,main_cable_chain_links,black_engineering_plastic_drag_chain,drag_chain_body,0.02,0.02,0.025,1.0,generated:main_cable_chain_links,moving_cable_chain; simplified drag-chain links between rear service tray and moving gantry route
drag_chain_carriage_run_link_05_top_bridge,main_cable_chain_links,black_engineering_plastic_drag_chain,drag_chain_body,0.02,0.02,0.025,1.0,generated:main_cable_chain_links,moving_cable_chain; simplified drag-chain links between rear service tray and moving gantry route
drag_chain_carriage_run_hinge_05,main_cable_chain_links,drag_chain_hinge_pin_gray,drag_chain_pin,0.34,0.35,0.36,1.0,generated:main_cable_chain_links,moving_cable_chain; simplified drag-chain links between rear service tray and moving gantry route
drag_chain_carriage_run_link_06_left_side,main_cable_chain_links,black_engineering_plastic_drag_chain,drag_chain_body,0.02,0.02,0.025,1.0,generated:main_cable_chain_links,moving_cable_chain; simplified drag-chain links between rear service tray and moving gantry route
drag_chain_carriage_run_link_06_right_side,main_cable_chain_links,black_engineering_plastic_drag_chain,drag_chain_body,0.02,0.02,0.025,1.0,generated:main_cable_chain_links,moving_cable_chain; simplified drag-chain links between rear service tray and moving gantry route
drag_chain_carriage_run_link_06_top_bridge,main_cable_chain_links,black_engineering_plastic_drag_chain,drag_chain_body,0.02,0.02,0.025,1.0,generated:main_cable_chain_links,moving_cable_chain; simplified drag-chain links between rear service tray and moving gantry route
drag_chain_carriage_run_link_07_left_side,main_cable_chain_links,black_engineering_plastic_drag_chain,drag_chain_body,0.02,0.02,0.025,1.0,generated:main_cable_chain_links,moving_cable_chain; simplified drag-chain links between rear service tray and moving gantry route
drag_chain_carriage_run_link_07_right_side,main_cable_chain_links,black_engineering_plastic_drag_chain,drag_chain_body,0.02,0.02,0.025,1.0,generated:main_cable_chain_links,moving_cable_chain; simplified drag-chain links between rear service tray and moving gantry route
drag_chain_carriage_run_link_07_top_bridge,main_cable_chain_links,black_engineering_plastic_drag_chain,drag_chain_body,0.02,0.02,0.025,1.0,generated:main_cable_chain_links,moving_cable_chain; simplified drag-chain links between rear service tray and moving gantry route
drag_chain_carriage_run_link_08_left_side,main_cable_chain_links,black_engineering_plastic_drag_chain,drag_chain_body,0.02,0.02,0.025,1.0,generated:main_cable_chain_links,moving_cable_chain; simplified drag-chain links between rear service tray and moving gantry route
drag_chain_carriage_run_link_08_right_side,main_cable_chain_links,black_engineering_plastic_drag_chain,drag_chain_body,0.02,0.02,0.025,1.0,generated:main_cable_chain_links,moving_cable_chain; simplified drag-chain links between rear service tray and moving gantry route
drag_chain_carriage_run_link_08_top_bridge,main_cable_chain_links,black_engineering_plastic_drag_chain,drag_chain_body,0.02,0.02,0.025,1.0,generated:main_cable_chain_links,moving_cable_chain; simplified drag-chain links between rear service tray and moving gantry route
drag_chain_carriage_run_link_09_left_side,main_cable_chain_links,black_engineering_plastic_drag_chain,drag_chain_body,0.02,0.02,0.025,1.0,generated:main_cable_chain_links,moving_cable_chain; simplified drag-chain links between rear service tray and moving gantry route
drag_chain_carriage_run_link_09_right_side,main_cable_chain_links,black_engineering_plastic_drag_chain,drag_chain_body,0.02,0.02,0.025,1.0,generated:main_cable_chain_links,moving_cable_chain; simplified drag-chain links between rear service tray and moving gantry route
drag_chain_carriage_run_link_09_top_bridge,main_cable_chain_links,black_engineering_plastic_drag_chain,drag_chain_body,0.02,0.02,0.025,1.0,generated:main_cable_chain_links,moving_cable_chain; simplified drag-chain links between rear service tray and moving gantry route
drag_chain_carriage_run_hinge_09,main_cable_chain_links,drag_chain_hinge_pin_gray,drag_chain_pin,0.34,0.35,0.36,1.0,generated:main_cable_chain_links,moving_cable_chain; simplified drag-chain links between rear service tray and moving gantry route
drag_chain_carriage_run_link_10_left_side,main_cable_chain_links,black_engineering_plastic_drag_chain,drag_chain_body,0.02,0.02,0.025,1.0,generated:main_cable_chain_links,moving_cable_chain; simplified drag-chain links between rear service tray and moving gantry route
drag_chain_carriage_run_link_10_right_side,main_cable_chain_links,black_engineering_plastic_drag_chain,drag_chain_body,0.02,0.02,0.025,1.0,generated:main_cable_chain_links,moving_cable_chain; simplified drag-chain links between rear service tray and moving gantry route
drag_chain_carriage_run_link_10_top_bridge,main_cable_chain_links,black_engineering_plastic_drag_chain,drag_chain_body,0.02,0.02,0.025,1.0,generated:main_cable_chain_links,moving_cable_chain; simplified drag-chain links between rear service tray and moving gantry route
drag_chain_carriage_run_link_11_left_side,main_cable_chain_links,black_engineering_plastic_drag_chain,drag_chain_body,0.02,0.02,0.025,1.0,generated:main_cable_chain_links,moving_cable_chain; simplified drag-chain links between rear service tray and moving gantry route
drag_chain_carriage_run_link_11_right_side,main_cable_chain_links,black_engineering_plastic_drag_chain,drag_chain_body,0.02,0.02,0.025,1.0,generated:main_cable_chain_links,moving_cable_chain; simplified drag-chain links between rear service tray and moving gantry route
drag_chain_carriage_run_link_11_top_bridge,main_cable_chain_links,black_engineering_plastic_drag_chain,drag_chain_body,0.02,0.02,0.025,1.0,generated:main_cable_chain_links,moving_cable_chain; simplified drag-chain links between rear service tray and moving gantry route
drag_chain_carriage_run_link_12_left_side,main_cable_chain_links,black_engineering_plastic_drag_chain,drag_chain_body,0.02,0.02,0.025,1.0,generated:main_cable_chain_links,moving_cable_chain; simplified drag-chain links between rear service tray and moving gantry route
drag_chain_carriage_run_link_12_right_side,main_cable_chain_links,black_engineering_plastic_drag_chain,drag_chain_body,0.02,0.02,0.025,1.0,generated:main_cable_chain_links,moving_cable_chain; simplified drag-chain links between rear service tray and moving gantry route
drag_chain_carriage_run_link_12_top_bridge,main_cable_chain_links,black_engineering_plastic_drag_chain,drag_chain_body,0.02,0.02,0.025,1.0,generated:main_cable_chain_links,moving_cable_chain; simplified drag-chain links between rear service tray and moving gantry route
drag_chain_corner_radius_block,main_cable_chain_links,black_engineering_plastic_drag_chain,drag_chain_body,0.02,0.02,0.025,1.0,generated:main_cable_chain_links,moving_cable_chain; simplified drag-chain links between rear service tray and moving gantry route
fixed_anchor_to_stage_7a3c_rear_tab,cable_chain_fixed_anchor,cable_anchor_gray,anchor_gray,0.32,0.33,0.34,1.0,generated:cable_chain_fixed_anchor,moving_cable_chain; fixed anchor tied near Stage 7A-3c rear cable-chain mounting tab
fixed_anchor_vertical_riser,cable_chain_fixed_anchor,cable_anchor_gray,anchor_gray,0.32,0.33,0.34,1.0,generated:cable_chain_fixed_anchor,moving_cable_chain; fixed anchor tied near Stage 7A-3c rear cable-chain mounting tab
moving_anchor_drag_chain_end,cable_chain_moving_anchor,cable_anchor_gray,anchor_gray,0.32,0.33,0.34,1.0,generated:cable_chain_moving_anchor,moving_cable_chain; moving anchor and service bridge toward X/Z carriage
moving_anchor_xz_service_bridge,cable_chain_moving_anchor,cable_anchor_gray,anchor_gray,0.32,0.33,0.34,1.0,generated:cable_chain_moving_anchor,moving_cable_chain; moving anchor and service bridge toward X/Z carriage
single_continuous_moving_hose_bundle_smooth_section_01,moving_flexible_hose_bundle,black_cable_bundle,cable_black,0.01,0.01,0.01,1.0,generated:moving_flexible_hose_bundle,moving_wiring; single continuous hose-like bundle from drag-chain moving end to X/Z carriage
single_continuous_moving_hose_bundle_smooth_section_02,moving_flexible_hose_bundle,black_cable_bundle,cable_black,0.01,0.01,0.01,1.0,generated:moving_flexible_hose_bundle,moving_wiring; single continuous hose-like bundle from drag-chain moving end to X/Z carriage
single_continuous_moving_hose_bundle_smooth_section_03,moving_flexible_hose_bundle,black_cable_bundle,cable_black,0.01,0.01,0.01,1.0,generated:moving_flexible_hose_bundle,moving_wiring; single continuous hose-like bundle from drag-chain moving end to X/Z carriage
single_continuous_moving_hose_bundle_smooth_section_04,moving_flexible_hose_bundle,black_cable_bundle,cable_black,0.01,0.01,0.01,1.0,generated:moving_flexible_hose_bundle,moving_wiring; single continuous hose-like bundle from drag-chain moving end to X/Z carriage
single_continuous_moving_hose_bundle_smooth_section_05,moving_flexible_hose_bundle,black_cable_bundle,cable_black,0.01,0.01,0.01,1.0,generated:moving_flexible_hose_bundle,moving_wiring; single continuous hose-like bundle from drag-chain moving end to X/Z carriage
single_continuous_moving_hose_bundle_smooth_section_06,moving_flexible_hose_bundle,black_cable_bundle,cable_black,0.01,0.01,0.01,1.0,generated:moving_flexible_hose_bundle,moving_wiring; single continuous hose-like bundle from drag-chain moving end to X/Z carriage
single_continuous_moving_hose_bundle_smooth_section_07,moving_flexible_hose_bundle,black_cable_bundle,cable_black,0.01,0.01,0.01,1.0,generated:moving_flexible_hose_bundle,moving_wiring; single continuous hose-like bundle from drag-chain moving end to X/Z carriage
single_continuous_moving_hose_bundle_smooth_section_08,moving_flexible_hose_bundle,black_cable_bundle,cable_black,0.01,0.01,0.01,1.0,generated:moving_flexible_hose_bundle,moving_wiring; single continuous hose-like bundle from drag-chain moving end to X/Z carriage
single_continuous_moving_hose_bundle_smooth_section_09,moving_flexible_hose_bundle,black_cable_bundle,cable_black,0.01,0.01,0.01,1.0,generated:moving_flexible_hose_bundle,moving_wiring; single continuous hose-like bundle from drag-chain moving end to X/Z carriage
single_continuous_moving_hose_bundle_smooth_section_10,moving_flexible_hose_bundle,black_cable_bundle,cable_black,0.01,0.01,0.01,1.0,generated:moving_flexible_hose_bundle,moving_wiring; single continuous hose-like bundle from drag-chain moving end to X/Z carriage
single_continuous_moving_hose_bundle_smooth_section_11,moving_flexible_hose_bundle,black_cable_bundle,cable_black,0.01,0.01,0.01,1.0,generated:moving_flexible_hose_bundle,moving_wiring; single continuous hose-like bundle from drag-chain moving end to X/Z carriage
single_continuous_moving_hose_bundle_smooth_section_12,moving_flexible_hose_bundle,black_cable_bundle,cable_black,0.01,0.01,0.01,1.0,generated:moving_flexible_hose_bundle,moving_wiring; single continuous hose-like bundle from drag-chain moving end to X/Z carriage
single_continuous_moving_hose_bundle_smooth_section_13,moving_flexible_hose_bundle,black_cable_bundle,cable_black,0.01,0.01,0.01,1.0,generated:moving_flexible_hose_bundle,moving_wiring; single continuous hose-like bundle from drag-chain moving end to X/Z carriage
single_continuous_moving_hose_bundle_smooth_section_14,moving_flexible_hose_bundle,black_cable_bundle,cable_black,0.01,0.01,0.01,1.0,generated:moving_flexible_hose_bundle,moving_wiring; single continuous hose-like bundle from drag-chain moving end to X/Z carriage
single_continuous_moving_hose_bundle_smooth_section_15,moving_flexible_hose_bundle,black_cable_bundle,cable_black,0.01,0.01,0.01,1.0,generated:moving_flexible_hose_bundle,moving_wiring; single continuous hose-like bundle from drag-chain moving end to X/Z carriage
single_continuous_moving_hose_bundle_smooth_section_16,moving_flexible_hose_bundle,black_cable_bundle,cable_black,0.01,0.01,0.01,1.0,generated:moving_flexible_hose_bundle,moving_wiring; single continuous hose-like bundle from drag-chain moving end to X/Z carriage
single_continuous_moving_hose_bundle_continuous_bend_02,moving_flexible_hose_bundle,black_cable_bundle,cable_black,0.01,0.01,0.01,1.0,generated:moving_flexible_hose_bundle,moving_wiring; single continuous hose-like bundle from drag-chain moving end to X/Z carriage
single_continuous_moving_hose_bundle_continuous_bend_04,moving_flexible_hose_bundle,black_cable_bundle,cable_black,0.01,0.01,0.01,1.0,generated:moving_flexible_hose_bundle,moving_wiring; single continuous hose-like bundle from drag-chain moving end to X/Z carriage
single_continuous_moving_hose_bundle_continuous_bend_06,moving_flexible_hose_bundle,black_cable_bundle,cable_black,0.01,0.01,0.01,1.0,generated:moving_flexible_hose_bundle,moving_wiring; single continuous hose-like bundle from drag-chain moving end to X/Z carriage
single_continuous_moving_hose_bundle_continuous_bend_08,moving_flexible_hose_bundle,black_cable_bundle,cable_black,0.01,0.01,0.01,1.0,generated:moving_flexible_hose_bundle,moving_wiring; single continuous hose-like bundle from drag-chain moving end to X/Z carriage
single_continuous_moving_hose_bundle_continuous_bend_10,moving_flexible_hose_bundle,black_cable_bundle,cable_black,0.01,0.01,0.01,1.0,generated:moving_flexible_hose_bundle,moving_wiring; single continuous hose-like bundle from drag-chain moving end to X/Z carriage
single_continuous_moving_hose_bundle_continuous_bend_12,moving_flexible_hose_bundle,black_cable_bundle,cable_black,0.01,0.01,0.01,1.0,generated:moving_flexible_hose_bundle,moving_wiring; single continuous hose-like bundle from drag-chain moving end to X/Z carriage
single_continuous_moving_hose_bundle_continuous_bend_14,moving_flexible_hose_bundle,black_cable_bundle,cable_black,0.01,0.01,0.01,1.0,generated:moving_flexible_hose_bundle,moving_wiring; single continuous hose-like bundle from drag-chain moving end to X/Z carriage
xz_carriage_hose_strain_relief_sleeve,moving_flexible_hose_bundle,black_cable_clamp,cable_clamp,0.015,0.015,0.015,1.0,generated:moving_flexible_hose_bundle,moving_wiring; single continuous hose-like bundle from drag-chain moving end to X/Z carriage
cable_clamp_01_base,cable_clamps,black_cable_clamp,cable_clamp,0.015,0.015,0.015,1.0,generated:cable_clamps,"cable_management; minimal clamps at rear tray, drag-chain anchors, and X/Z carriage strain relief"
cable_clamp_01_strap,cable_clamps,black_cable_clamp,cable_clamp,0.015,0.015,0.015,1.0,generated:cable_clamps,"cable_management; minimal clamps at rear tray, drag-chain anchors, and X/Z carriage strain relief"
cable_clamp_02_base,cable_clamps,black_cable_clamp,cable_clamp,0.015,0.015,0.015,1.0,generated:cable_clamps,"cable_management; minimal clamps at rear tray, drag-chain anchors, and X/Z carriage strain relief"
cable_clamp_02_strap,cable_clamps,black_cable_clamp,cable_clamp,0.015,0.015,0.015,1.0,generated:cable_clamps,"cable_management; minimal clamps at rear tray, drag-chain anchors, and X/Z carriage strain relief"
cable_clamp_03_base,cable_clamps,black_cable_clamp,cable_clamp,0.015,0.015,0.015,1.0,generated:cable_clamps,"cable_management; minimal clamps at rear tray, drag-chain anchors, and X/Z carriage strain relief"
cable_clamp_03_strap,cable_clamps,black_cable_clamp,cable_clamp,0.015,0.015,0.015,1.0,generated:cable_clamps,"cable_management; minimal clamps at rear tray, drag-chain anchors, and X/Z carriage strain relief"
cable_clamp_04_base,cable_clamps,black_cable_clamp,cable_clamp,0.015,0.015,0.015,1.0,generated:cable_clamps,"cable_management; minimal clamps at rear tray, drag-chain anchors, and X/Z carriage strain relief"
cable_clamp_04_strap,cable_clamps,black_cable_clamp,cable_clamp,0.015,0.015,0.015,1.0,generated:cable_clamps,"cable_management; minimal clamps at rear tray, drag-chain anchors, and X/Z carriage strain relief"
rear_tab_used_marker,cable_chain_mounting_tabs_usage,cable_anchor_gray,anchor_gray,0.32,0.33,0.34,1.0,generated:cable_chain_mounting_tabs_usage,mounting_reference; small markers showing Stage 7A-3c mounting tabs are used; no new full mechanical support
x_carriage_tab_used_marker,cable_chain_mounting_tabs_usage,cable_anchor_gray,anchor_gray,0.32,0.33,0.34,1.0,generated:cable_chain_mounting_tabs_usage,mounting_reference; small markers showing Stage 7A-3c mounting tabs are used; no new full mechanical support
z_axis_tab_used_marker,cable_chain_mounting_tabs_usage,cable_anchor_gray,anchor_gray,0.32,0.33,0.34,1.0,generated:cable_chain_mounting_tabs_usage,mounting_reference; small markers showing Stage 7A-3c mounting tabs are used; no new full mechanical support
z_gripper_adapter_plate_main,z_gripper_adapter_plate_v1,machined_aluminum_gripper_adapter,gripper_metal,0.55,0.57,0.58,1.0,generated:z_gripper_adapter_plate_v1,adapter; new adapter plate between Z axis end and gripper body
z_gripper_adapter_lower_flange,z_gripper_adapter_plate_v1,machined_aluminum_gripper_adapter,gripper_metal,0.55,0.57,0.58,1.0,generated:z_gripper_adapter_plate_v1,adapter; new adapter plate between Z axis end and gripper body
z_gripper_adapter_upper_flange,z_gripper_adapter_plate_v1,machined_aluminum_gripper_adapter,gripper_metal,0.55,0.57,0.58,1.0,generated:z_gripper_adapter_plate_v1,adapter; new adapter plate between Z axis end and gripper body
z_adapter_socket_head_1_127,z_gripper_adapter_plate_v1,dark_socket_head_fasteners,fastener_dark,0.03,0.03,0.032,1.0,generated:z_gripper_adapter_plate_v1,adapter; new adapter plate between Z axis end and gripper body
z_adapter_socket_head_1_165,z_gripper_adapter_plate_v1,dark_socket_head_fasteners,fastener_dark,0.03,0.03,0.032,1.0,generated:z_gripper_adapter_plate_v1,adapter; new adapter plate between Z axis end and gripper body
z_adapter_socket_head_2_127,z_gripper_adapter_plate_v1,dark_socket_head_fasteners,fastener_dark,0.03,0.03,0.032,1.0,generated:z_gripper_adapter_plate_v1,adapter; new adapter plate between Z axis end and gripper body
z_adapter_socket_head_2_165,z_gripper_adapter_plate_v1,dark_socket_head_fasteners,fastener_dark,0.03,0.03,0.032,1.0,generated:z_gripper_adapter_plate_v1,adapter; new adapter plate between Z axis end and gripper body
electric_parallel_gripper_body_housing,electric_parallel_gripper_body_v1,dark_gray_electric_parallel_gripper_body,gripper_body_dark,0.08,0.085,0.09,1.0,generated:electric_parallel_gripper_body_v1,"gripper_body; closed electric parallel gripper body, not a scanner/sensor block"
electric_parallel_gripper_front_motor_cover,electric_parallel_gripper_body_v1,black_gripper_motor_cover,gripper_body_black,0.015,0.015,0.018,1.0,generated:electric_parallel_gripper_body_v1,"gripper_body; closed electric parallel gripper body, not a scanner/sensor block"
parallel_jaw_linear_slide_rail,electric_parallel_gripper_body_v1,brushed_steel_gripper_jaws,jaw_metal,0.62,0.64,0.65,1.0,generated:electric_parallel_gripper_body_v1,"gripper_body; closed electric parallel gripper body, not a scanner/sensor block"
gripper_body_socket_head_-20_104,electric_parallel_gripper_body_v1,dark_socket_head_fasteners,fastener_dark,0.03,0.03,0.032,1.0,generated:electric_parallel_gripper_body_v1,"gripper_body; closed electric parallel gripper body, not a scanner/sensor block"
gripper_body_socket_head_-20_122,electric_parallel_gripper_body_v1,dark_socket_head_fasteners,fastener_dark,0.03,0.03,0.032,1.0,generated:electric_parallel_gripper_body_v1,"gripper_body; closed electric parallel gripper body, not a scanner/sensor block"
gripper_body_socket_head_20_104,electric_parallel_gripper_body_v1,dark_socket_head_fasteners,fastener_dark,0.03,0.03,0.032,1.0,generated:electric_parallel_gripper_body_v1,"gripper_body; closed electric parallel gripper body, not a scanner/sensor block"
gripper_body_socket_head_20_122,electric_parallel_gripper_body_v1,dark_socket_head_fasteners,fastener_dark,0.03,0.03,0.032,1.0,generated:electric_parallel_gripper_body_v1,"gripper_body; closed electric parallel gripper body, not a scanner/sensor block"
left_gripper_jaw_vertical_finger,two_finger_gripper_jaws_v1,brushed_steel_gripper_jaws,jaw_metal,0.62,0.64,0.65,1.0,generated:two_finger_gripper_jaws_v1,two_finger_jaws; left/right open-pose gripper jaws aligned to tube centerline
right_gripper_jaw_vertical_finger,two_finger_gripper_jaws_v1,brushed_steel_gripper_jaws,jaw_metal,0.62,0.64,0.65,1.0,generated:two_finger_gripper_jaws_v1,two_finger_jaws; left/right open-pose gripper jaws aligned to tube centerline
left_jaw_root_block,two_finger_gripper_jaws_v1,brushed_steel_gripper_jaws,jaw_metal,0.62,0.64,0.65,1.0,generated:two_finger_gripper_jaws_v1,two_finger_jaws; left/right open-pose gripper jaws aligned to tube centerline
right_jaw_root_block,two_finger_gripper_jaws_v1,brushed_steel_gripper_jaws,jaw_metal,0.62,0.64,0.65,1.0,generated:two_finger_gripper_jaws_v1,two_finger_jaws; left/right open-pose gripper jaws aligned to tube centerline
left_soft_tube_contact_pad,soft_tube_contact_pads_v1,black_rubber_soft_tube_contact_pad,soft_pad,0.01,0.01,0.01,1.0,generated:soft_tube_contact_pads_v1,soft_contact_pads; black rubber tube-contact pads on jaw inner faces
right_soft_tube_contact_pad,soft_tube_contact_pads_v1,black_rubber_soft_tube_contact_pad,soft_pad,0.01,0.01,0.01,1.0,generated:soft_tube_contact_pads_v1,soft_contact_pads; black rubber tube-contact pads on jaw inner faces
left_pad_shallow_v_groove_marker,soft_tube_contact_pads_v1,dark_socket_head_fasteners,fastener_dark,0.03,0.03,0.032,1.0,generated:soft_tube_contact_pads_v1,soft_contact_pads; black rubber tube-contact pads on jaw inner faces
right_pad_shallow_v_groove_marker,soft_tube_contact_pads_v1,dark_socket_head_fasteners,fastener_dark,0.03,0.03,0.032,1.0,generated:soft_tube_contact_pads_v1,soft_contact_pads; black rubber tube-contact pads on jaw inner faces
gripper_top_strain_relief_clamp,gripper_cable_strain_relief_v1,black_gripper_strain_relief,strain_relief,0.008,0.008,0.009,1.0,generated:gripper_cable_strain_relief_v1,strain_relief; short local strain relief at gripper body; no long tool cable added
short_hose_to_gripper_body,gripper_cable_strain_relief_v1,black_gripper_strain_relief,strain_relief,0.008,0.008,0.009,1.0,generated:gripper_cable_strain_relief_v1,strain_relief; short local strain relief at gripper body; no long tool cable added
left_fixed_y_rail_body_top_reference_not_mounting_datum,left_original_y_slider_mounting_datum_v1_7,fixed_y_rail_body_reference_amber,rail_body_reference,0.8,0.52,0.1,0.45,generated:left_original_y_slider_mounting_datum_v1_7,explicit_slider_mounting_datum; calibrated visual/mechanical datum for original moving left Y slider/carriage mounting face; rail body reference is not a support
left_original_y_slider_carriage_bbox_reference_v1_7,left_original_y_slider_mounting_datum_v1_7,calibrated_original_y_slider_mounting_datum_blue,slider_datum_blue,0.04,0.42,0.95,0.78,generated:left_original_y_slider_mounting_datum_v1_7,explicit_slider_mounting_datum; calibrated visual/mechanical datum for original moving left Y slider/carriage mounting face; rail body reference is not a support
left_original_y_slider_mounting_face_datum_v1_7,left_original_y_slider_mounting_datum_v1_7,explicit_slider_top_mounting_face_cyan,slider_top_face_cyan,0.0,0.72,0.88,0.82,generated:left_original_y_slider_mounting_datum_v1_7,explicit_slider_mounting_datum; calibrated visual/mechanical datum for original moving left Y slider/carriage mounting face; rail body reference is not a support
left_datum_mount_hole_marker_-20_-22,left_original_y_slider_mounting_datum_v1_7,small_dark_fastener_dowel_marker,binding_fastener,0.03,0.03,0.03,1.0,generated:left_original_y_slider_mounting_datum_v1_7,explicit_slider_mounting_datum; calibrated visual/mechanical datum for original moving left Y slider/carriage mounting face; rail body reference is not a support
left_datum_mount_hole_marker_-20_22,left_original_y_slider_mounting_datum_v1_7,small_dark_fastener_dowel_marker,binding_fastener,0.03,0.03,0.03,1.0,generated:left_original_y_slider_mounting_datum_v1_7,explicit_slider_mounting_datum; calibrated visual/mechanical datum for original moving left Y slider/carriage mounting face; rail body reference is not a support
left_datum_mount_hole_marker_20_-22,left_original_y_slider_mounting_datum_v1_7,small_dark_fastener_dowel_marker,binding_fastener,0.03,0.03,0.03,1.0,generated:left_original_y_slider_mounting_datum_v1_7,explicit_slider_mounting_datum; calibrated visual/mechanical datum for original moving left Y slider/carriage mounting face; rail body reference is not a support
left_datum_mount_hole_marker_20_22,left_original_y_slider_mounting_datum_v1_7,small_dark_fastener_dowel_marker,binding_fastener,0.03,0.03,0.03,1.0,generated:left_original_y_slider_mounting_datum_v1_7,explicit_slider_mounting_datum; calibrated visual/mechanical datum for original moving left Y slider/carriage mounting face; rail body reference is not a support
right_fixed_y_rail_body_top_reference_not_mounting_datum,right_original_y_slider_mounting_datum_v1_7,fixed_y_rail_body_reference_amber,rail_body_reference,0.8,0.52,0.1,0.45,generated:right_original_y_slider_mounting_datum_v1_7,explicit_slider_mounting_datum; calibrated visual/mechanical datum for original moving right Y slider/carriage mounting face; rail body reference is not a support
right_original_y_slider_carriage_bbox_reference_v1_7,right_original_y_slider_mounting_datum_v1_7,calibrated_original_y_slider_mounting_datum_blue,slider_datum_blue,0.04,0.42,0.95,0.78,generated:right_original_y_slider_mounting_datum_v1_7,explicit_slider_mounting_datum; calibrated visual/mechanical datum for original moving right Y slider/carriage mounting face; rail body reference is not a support
right_original_y_slider_mounting_face_datum_v1_7,right_original_y_slider_mounting_datum_v1_7,explicit_slider_top_mounting_face_cyan,slider_top_face_cyan,0.0,0.72,0.88,0.82,generated:right_original_y_slider_mounting_datum_v1_7,explicit_slider_mounting_datum; calibrated visual/mechanical datum for original moving right Y slider/carriage mounting face; rail body reference is not a support
right_datum_mount_hole_marker_-20_-22,right_original_y_slider_mounting_datum_v1_7,small_dark_fastener_dowel_marker,binding_fastener,0.03,0.03,0.03,1.0,generated:right_original_y_slider_mounting_datum_v1_7,explicit_slider_mounting_datum; calibrated visual/mechanical datum for original moving right Y slider/carriage mounting face; rail body reference is not a support
right_datum_mount_hole_marker_-20_22,right_original_y_slider_mounting_datum_v1_7,small_dark_fastener_dowel_marker,binding_fastener,0.03,0.03,0.03,1.0,generated:right_original_y_slider_mounting_datum_v1_7,explicit_slider_mounting_datum; calibrated visual/mechanical datum for original moving right Y slider/carriage mounting face; rail body reference is not a support
right_datum_mount_hole_marker_20_-22,right_original_y_slider_mounting_datum_v1_7,small_dark_fastener_dowel_marker,binding_fastener,0.03,0.03,0.03,1.0,generated:right_original_y_slider_mounting_datum_v1_7,explicit_slider_mounting_datum; calibrated visual/mechanical datum for original moving right Y slider/carriage mounting face; rail body reference is not a support
right_datum_mount_hole_marker_20_22,right_original_y_slider_mounting_datum_v1_7,small_dark_fastener_dowel_marker,binding_fastener,0.03,0.03,0.03,1.0,generated:right_original_y_slider_mounting_datum_v1_7,explicit_slider_mounting_datum; calibrated visual/mechanical datum for original moving right Y slider/carriage mounting face; rail body reference is not a support
left_slider_top_binding_plate_left_pad_v1_7,left_slider_binding_assembly_v1_7,compact_slider_top_binding_plate_aluminum,binding_plate,0.63,0.64,0.62,1.0,generated:left_slider_binding_assembly_v1_7,compact_slider_binding_assembly_with_rail_keepout; left X beam end is bound through explicit Y slider datum while leaving the rail groove keepout open
left_slider_top_binding_plate_right_pad_v1_7,left_slider_binding_assembly_v1_7,compact_slider_top_binding_plate_aluminum,binding_plate,0.63,0.64,0.62,1.0,generated:left_slider_binding_assembly_v1_7,compact_slider_binding_assembly_with_rail_keepout; left X beam end is bound through explicit Y slider datum while leaving the rail groove keepout open
left_raised_bridge_block_above_rail_keepout_v1_7,left_slider_binding_assembly_v1_7,raised_bridge_block_above_rail_keepout,raised_bridge,0.5,0.51,0.5,1.0,generated:left_slider_binding_assembly_v1_7,compact_slider_binding_assembly_with_rail_keepout; left X beam end is bound through explicit Y slider datum while leaving the rail groove keepout open
left_front_left_short_side_web_outside_groove_v1_7,left_slider_binding_assembly_v1_7,short_vertical_cheek_web_dark_gray,binding_web,0.24,0.24,0.23,1.0,generated:left_slider_binding_assembly_v1_7,compact_slider_binding_assembly_with_rail_keepout; left X beam end is bound through explicit Y slider datum while leaving the rail groove keepout open
left_rear_left_short_side_web_outside_groove_v1_7,left_slider_binding_assembly_v1_7,short_vertical_cheek_web_dark_gray,binding_web,0.24,0.24,0.23,1.0,generated:left_slider_binding_assembly_v1_7,compact_slider_binding_assembly_with_rail_keepout; left X beam end is bound through explicit Y slider datum while leaving the rail groove keepout open
left_front_right_short_side_web_outside_groove_v1_7,left_slider_binding_assembly_v1_7,short_vertical_cheek_web_dark_gray,binding_web,0.24,0.24,0.23,1.0,generated:left_slider_binding_assembly_v1_7,compact_slider_binding_assembly_with_rail_keepout; left X beam end is bound through explicit Y slider datum while leaving the rail groove keepout open
left_rear_right_short_side_web_outside_groove_v1_7,left_slider_binding_assembly_v1_7,short_vertical_cheek_web_dark_gray,binding_web,0.24,0.24,0.23,1.0,generated:left_slider_binding_assembly_v1_7,compact_slider_binding_assembly_with_rail_keepout; left X beam end is bound through explicit Y slider datum while leaving the rail groove keepout open
left_upper_compact_transfer_bar_v1_7,left_slider_binding_assembly_v1_7,compact_slider_top_binding_plate_aluminum,binding_plate,0.63,0.64,0.62,1.0,generated:left_slider_binding_assembly_v1_7,compact_slider_binding_assembly_with_rail_keepout; left X beam end is bound through explicit Y slider datum while leaving the rail groove keepout open
left_compact_x_beam_end_saddle_v1_7,left_slider_binding_assembly_v1_7,compact_x_beam_end_saddle_dark_gray,binding_saddle,0.18,0.18,0.17,1.0,generated:left_slider_binding_assembly_v1_7,compact_slider_binding_assembly_with_rail_keepout; left X beam end is bound through explicit Y slider datum while leaving the rail groove keepout open
left_front_saddle_cheek_v1_7,left_slider_binding_assembly_v1_7,short_vertical_cheek_web_dark_gray,binding_web,0.24,0.24,0.23,1.0,generated:left_slider_binding_assembly_v1_7,compact_slider_binding_assembly_with_rail_keepout; left X beam end is bound through explicit Y slider datum while leaving the rail groove keepout open
left_rear_saddle_cheek_v1_7,left_slider_binding_assembly_v1_7,short_vertical_cheek_web_dark_gray,binding_web,0.24,0.24,0.23,1.0,generated:left_slider_binding_assembly_v1_7,compact_slider_binding_assembly_with_rail_keepout; left X beam end is bound through explicit Y slider datum while leaving the rail groove keepout open
left_slider_plate_fastener_marker_-21_-17,left_slider_binding_assembly_v1_7,small_dark_fastener_dowel_marker,binding_fastener,0.03,0.03,0.03,1.0,generated:left_slider_binding_assembly_v1_7,compact_slider_binding_assembly_with_rail_keepout; left X beam end is bound through explicit Y slider datum while leaving the rail groove keepout open
left_slider_plate_fastener_marker_-21_17,left_slider_binding_assembly_v1_7,small_dark_fastener_dowel_marker,binding_fastener,0.03,0.03,0.03,1.0,generated:left_slider_binding_assembly_v1_7,compact_slider_binding_assembly_with_rail_keepout; left X beam end is bound through explicit Y slider datum while leaving the rail groove keepout open
left_slider_plate_fastener_marker_21_-17,left_slider_binding_assembly_v1_7,small_dark_fastener_dowel_marker,binding_fastener,0.03,0.03,0.03,1.0,generated:left_slider_binding_assembly_v1_7,compact_slider_binding_assembly_with_rail_keepout; left X beam end is bound through explicit Y slider datum while leaving the rail groove keepout open
left_slider_plate_fastener_marker_21_17,left_slider_binding_assembly_v1_7,small_dark_fastener_dowel_marker,binding_fastener,0.03,0.03,0.03,1.0,generated:left_slider_binding_assembly_v1_7,compact_slider_binding_assembly_with_rail_keepout; left X beam end is bound through explicit Y slider datum while leaving the rail groove keepout open
left_raised_bridge_dowel_marker_-21,left_slider_binding_assembly_v1_7,small_dark_fastener_dowel_marker,binding_fastener,0.03,0.03,0.03,1.0,generated:left_slider_binding_assembly_v1_7,compact_slider_binding_assembly_with_rail_keepout; left X beam end is bound through explicit Y slider datum while leaving the rail groove keepout open
left_raised_bridge_dowel_marker_21,left_slider_binding_assembly_v1_7,small_dark_fastener_dowel_marker,binding_fastener,0.03,0.03,0.03,1.0,generated:left_slider_binding_assembly_v1_7,compact_slider_binding_assembly_with_rail_keepout; left X beam end is bound through explicit Y slider datum while leaving the rail groove keepout open
left_front_web_fastener_marker_-21_114,left_slider_binding_assembly_v1_7,small_dark_fastener_dowel_marker,binding_fastener,0.03,0.03,0.03,1.0,generated:left_slider_binding_assembly_v1_7,compact_slider_binding_assembly_with_rail_keepout; left X beam end is bound through explicit Y slider datum while leaving the rail groove keepout open
left_rear_web_fastener_marker_-21_114,left_slider_binding_assembly_v1_7,small_dark_fastener_dowel_marker,binding_fastener,0.03,0.03,0.03,1.0,generated:left_slider_binding_assembly_v1_7,compact_slider_binding_assembly_with_rail_keepout; left X beam end is bound through explicit Y slider datum while leaving the rail groove keepout open
left_front_web_fastener_marker_21_114,left_slider_binding_assembly_v1_7,small_dark_fastener_dowel_marker,binding_fastener,0.03,0.03,0.03,1.0,generated:left_slider_binding_assembly_v1_7,compact_slider_binding_assembly_with_rail_keepout; left X beam end is bound through explicit Y slider datum while leaving the rail groove keepout open
left_rear_web_fastener_marker_21_114,left_slider_binding_assembly_v1_7,small_dark_fastener_dowel_marker,binding_fastener,0.03,0.03,0.03,1.0,generated:left_slider_binding_assembly_v1_7,compact_slider_binding_assembly_with_rail_keepout; left X beam end is bound through explicit Y slider datum while leaving the rail groove keepout open
left_front_web_fastener_marker_-21_124,left_slider_binding_assembly_v1_7,small_dark_fastener_dowel_marker,binding_fastener,0.03,0.03,0.03,1.0,generated:left_slider_binding_assembly_v1_7,compact_slider_binding_assembly_with_rail_keepout; left X beam end is bound through explicit Y slider datum while leaving the rail groove keepout open
left_rear_web_fastener_marker_-21_124,left_slider_binding_assembly_v1_7,small_dark_fastener_dowel_marker,binding_fastener,0.03,0.03,0.03,1.0,generated:left_slider_binding_assembly_v1_7,compact_slider_binding_assembly_with_rail_keepout; left X beam end is bound through explicit Y slider datum while leaving the rail groove keepout open
left_front_web_fastener_marker_21_124,left_slider_binding_assembly_v1_7,small_dark_fastener_dowel_marker,binding_fastener,0.03,0.03,0.03,1.0,generated:left_slider_binding_assembly_v1_7,compact_slider_binding_assembly_with_rail_keepout; left X beam end is bound through explicit Y slider datum while leaving the rail groove keepout open
left_rear_web_fastener_marker_21_124,left_slider_binding_assembly_v1_7,small_dark_fastener_dowel_marker,binding_fastener,0.03,0.03,0.03,1.0,generated:left_slider_binding_assembly_v1_7,compact_slider_binding_assembly_with_rail_keepout; left X beam end is bound through explicit Y slider datum while leaving the rail groove keepout open
left_upper_transfer_fastener_marker_-549,left_slider_binding_assembly_v1_7,small_dark_fastener_dowel_marker,binding_fastener,0.03,0.03,0.03,1.0,generated:left_slider_binding_assembly_v1_7,compact_slider_binding_assembly_with_rail_keepout; left X beam end is bound through explicit Y slider datum while leaving the rail groove keepout open
left_upper_transfer_fastener_marker_-470,left_slider_binding_assembly_v1_7,small_dark_fastener_dowel_marker,binding_fastener,0.03,0.03,0.03,1.0,generated:left_slider_binding_assembly_v1_7,compact_slider_binding_assembly_with_rail_keepout; left X beam end is bound through explicit Y slider datum while leaving the rail groove keepout open
left_upper_transfer_fastener_marker_-386,left_slider_binding_assembly_v1_7,small_dark_fastener_dowel_marker,binding_fastener,0.03,0.03,0.03,1.0,generated:left_slider_binding_assembly_v1_7,compact_slider_binding_assembly_with_rail_keepout; left X beam end is bound through explicit Y slider datum while leaving the rail groove keepout open
left_x_beam_saddle_fastener_marker_-18,left_slider_binding_assembly_v1_7,small_dark_fastener_dowel_marker,binding_fastener,0.03,0.03,0.03,1.0,generated:left_slider_binding_assembly_v1_7,compact_slider_binding_assembly_with_rail_keepout; left X beam end is bound through explicit Y slider datum while leaving the rail groove keepout open
left_x_beam_saddle_fastener_marker_18,left_slider_binding_assembly_v1_7,small_dark_fastener_dowel_marker,binding_fastener,0.03,0.03,0.03,1.0,generated:left_slider_binding_assembly_v1_7,compact_slider_binding_assembly_with_rail_keepout; left X beam end is bound through explicit Y slider datum while leaving the rail groove keepout open
right_slider_top_binding_plate_left_pad_v1_7,right_slider_binding_assembly_v1_7,compact_slider_top_binding_plate_aluminum,binding_plate,0.63,0.64,0.62,1.0,generated:right_slider_binding_assembly_v1_7,compact_slider_binding_assembly_with_rail_keepout; right X beam end is bound through explicit Y slider datum while leaving the rail groove keepout open
right_slider_top_binding_plate_right_pad_v1_7,right_slider_binding_assembly_v1_7,compact_slider_top_binding_plate_aluminum,binding_plate,0.63,0.64,0.62,1.0,generated:right_slider_binding_assembly_v1_7,compact_slider_binding_assembly_with_rail_keepout; right X beam end is bound through explicit Y slider datum while leaving the rail groove keepout open
right_raised_bridge_block_above_rail_keepout_v1_7,right_slider_binding_assembly_v1_7,raised_bridge_block_above_rail_keepout,raised_bridge,0.5,0.51,0.5,1.0,generated:right_slider_binding_assembly_v1_7,compact_slider_binding_assembly_with_rail_keepout; right X beam end is bound through explicit Y slider datum while leaving the rail groove keepout open
right_front_left_short_side_web_outside_groove_v1_7,right_slider_binding_assembly_v1_7,short_vertical_cheek_web_dark_gray,binding_web,0.24,0.24,0.23,1.0,generated:right_slider_binding_assembly_v1_7,compact_slider_binding_assembly_with_rail_keepout; right X beam end is bound through explicit Y slider datum while leaving the rail groove keepout open
right_rear_left_short_side_web_outside_groove_v1_7,right_slider_binding_assembly_v1_7,short_vertical_cheek_web_dark_gray,binding_web,0.24,0.24,0.23,1.0,generated:right_slider_binding_assembly_v1_7,compact_slider_binding_assembly_with_rail_keepout; right X beam end is bound through explicit Y slider datum while leaving the rail groove keepout open
right_front_right_short_side_web_outside_groove_v1_7,right_slider_binding_assembly_v1_7,short_vertical_cheek_web_dark_gray,binding_web,0.24,0.24,0.23,1.0,generated:right_slider_binding_assembly_v1_7,compact_slider_binding_assembly_with_rail_keepout; right X beam end is bound through explicit Y slider datum while leaving the rail groove keepout open
right_rear_right_short_side_web_outside_groove_v1_7,right_slider_binding_assembly_v1_7,short_vertical_cheek_web_dark_gray,binding_web,0.24,0.24,0.23,1.0,generated:right_slider_binding_assembly_v1_7,compact_slider_binding_assembly_with_rail_keepout; right X beam end is bound through explicit Y slider datum while leaving the rail groove keepout open
right_upper_compact_transfer_bar_v1_7,right_slider_binding_assembly_v1_7,compact_slider_top_binding_plate_aluminum,binding_plate,0.63,0.64,0.62,1.0,generated:right_slider_binding_assembly_v1_7,compact_slider_binding_assembly_with_rail_keepout; right X beam end is bound through explicit Y slider datum while leaving the rail groove keepout open
right_compact_x_beam_end_saddle_v1_7,right_slider_binding_assembly_v1_7,compact_x_beam_end_saddle_dark_gray,binding_saddle,0.18,0.18,0.17,1.0,generated:right_slider_binding_assembly_v1_7,compact_slider_binding_assembly_with_rail_keepout; right X beam end is bound through explicit Y slider datum while leaving the rail groove keepout open
right_front_saddle_cheek_v1_7,right_slider_binding_assembly_v1_7,short_vertical_cheek_web_dark_gray,binding_web,0.24,0.24,0.23,1.0,generated:right_slider_binding_assembly_v1_7,compact_slider_binding_assembly_with_rail_keepout; right X beam end is bound through explicit Y slider datum while leaving the rail groove keepout open
right_rear_saddle_cheek_v1_7,right_slider_binding_assembly_v1_7,short_vertical_cheek_web_dark_gray,binding_web,0.24,0.24,0.23,1.0,generated:right_slider_binding_assembly_v1_7,compact_slider_binding_assembly_with_rail_keepout; right X beam end is bound through explicit Y slider datum while leaving the rail groove keepout open
right_slider_plate_fastener_marker_-21_-17,right_slider_binding_assembly_v1_7,small_dark_fastener_dowel_marker,binding_fastener,0.03,0.03,0.03,1.0,generated:right_slider_binding_assembly_v1_7,compact_slider_binding_assembly_with_rail_keepout; right X beam end is bound through explicit Y slider datum while leaving the rail groove keepout open
right_slider_plate_fastener_marker_-21_17,right_slider_binding_assembly_v1_7,small_dark_fastener_dowel_marker,binding_fastener,0.03,0.03,0.03,1.0,generated:right_slider_binding_assembly_v1_7,compact_slider_binding_assembly_with_rail_keepout; right X beam end is bound through explicit Y slider datum while leaving the rail groove keepout open
right_slider_plate_fastener_marker_21_-17,right_slider_binding_assembly_v1_7,small_dark_fastener_dowel_marker,binding_fastener,0.03,0.03,0.03,1.0,generated:right_slider_binding_assembly_v1_7,compact_slider_binding_assembly_with_rail_keepout; right X beam end is bound through explicit Y slider datum while leaving the rail groove keepout open
right_slider_plate_fastener_marker_21_17,right_slider_binding_assembly_v1_7,small_dark_fastener_dowel_marker,binding_fastener,0.03,0.03,0.03,1.0,generated:right_slider_binding_assembly_v1_7,compact_slider_binding_assembly_with_rail_keepout; right X beam end is bound through explicit Y slider datum while leaving the rail groove keepout open
right_raised_bridge_dowel_marker_-21,right_slider_binding_assembly_v1_7,small_dark_fastener_dowel_marker,binding_fastener,0.03,0.03,0.03,1.0,generated:right_slider_binding_assembly_v1_7,compact_slider_binding_assembly_with_rail_keepout; right X beam end is bound through explicit Y slider datum while leaving the rail groove keepout open
right_raised_bridge_dowel_marker_21,right_slider_binding_assembly_v1_7,small_dark_fastener_dowel_marker,binding_fastener,0.03,0.03,0.03,1.0,generated:right_slider_binding_assembly_v1_7,compact_slider_binding_assembly_with_rail_keepout; right X beam end is bound through explicit Y slider datum while leaving the rail groove keepout open
right_front_web_fastener_marker_-21_114,right_slider_binding_assembly_v1_7,small_dark_fastener_dowel_marker,binding_fastener,0.03,0.03,0.03,1.0,generated:right_slider_binding_assembly_v1_7,compact_slider_binding_assembly_with_rail_keepout; right X beam end is bound through explicit Y slider datum while leaving the rail groove keepout open
right_rear_web_fastener_marker_-21_114,right_slider_binding_assembly_v1_7,small_dark_fastener_dowel_marker,binding_fastener,0.03,0.03,0.03,1.0,generated:right_slider_binding_assembly_v1_7,compact_slider_binding_assembly_with_rail_keepout; right X beam end is bound through explicit Y slider datum while leaving the rail groove keepout open
right_front_web_fastener_marker_21_114,right_slider_binding_assembly_v1_7,small_dark_fastener_dowel_marker,binding_fastener,0.03,0.03,0.03,1.0,generated:right_slider_binding_assembly_v1_7,compact_slider_binding_assembly_with_rail_keepout; right X beam end is bound through explicit Y slider datum while leaving the rail groove keepout open
right_rear_web_fastener_marker_21_114,right_slider_binding_assembly_v1_7,small_dark_fastener_dowel_marker,binding_fastener,0.03,0.03,0.03,1.0,generated:right_slider_binding_assembly_v1_7,compact_slider_binding_assembly_with_rail_keepout; right X beam end is bound through explicit Y slider datum while leaving the rail groove keepout open
right_front_web_fastener_marker_-21_124,right_slider_binding_assembly_v1_7,small_dark_fastener_dowel_marker,binding_fastener,0.03,0.03,0.03,1.0,generated:right_slider_binding_assembly_v1_7,compact_slider_binding_assembly_with_rail_keepout; right X beam end is bound through explicit Y slider datum while leaving the rail groove keepout open
right_rear_web_fastener_marker_-21_124,right_slider_binding_assembly_v1_7,small_dark_fastener_dowel_marker,binding_fastener,0.03,0.03,0.03,1.0,generated:right_slider_binding_assembly_v1_7,compact_slider_binding_assembly_with_rail_keepout; right X beam end is bound through explicit Y slider datum while leaving the rail groove keepout open
right_front_web_fastener_marker_21_124,right_slider_binding_assembly_v1_7,small_dark_fastener_dowel_marker,binding_fastener,0.03,0.03,0.03,1.0,generated:right_slider_binding_assembly_v1_7,compact_slider_binding_assembly_with_rail_keepout; right X beam end is bound through explicit Y slider datum while leaving the rail groove keepout open
right_rear_web_fastener_marker_21_124,right_slider_binding_assembly_v1_7,small_dark_fastener_dowel_marker,binding_fastener,0.03,0.03,0.03,1.0,generated:right_slider_binding_assembly_v1_7,compact_slider_binding_assembly_with_rail_keepout; right X beam end is bound through explicit Y slider datum while leaving the rail groove keepout open
right_upper_transfer_fastener_marker_514,right_slider_binding_assembly_v1_7,small_dark_fastener_dowel_marker,binding_fastener,0.03,0.03,0.03,1.0,generated:right_slider_binding_assembly_v1_7,compact_slider_binding_assembly_with_rail_keepout; right X beam end is bound through explicit Y slider datum while leaving the rail groove keepout open
right_upper_transfer_fastener_marker_453,right_slider_binding_assembly_v1_7,small_dark_fastener_dowel_marker,binding_fastener,0.03,0.03,0.03,1.0,generated:right_slider_binding_assembly_v1_7,compact_slider_binding_assembly_with_rail_keepout; right X beam end is bound through explicit Y slider datum while leaving the rail groove keepout open
right_upper_transfer_fastener_marker_386,right_slider_binding_assembly_v1_7,small_dark_fastener_dowel_marker,binding_fastener,0.03,0.03,0.03,1.0,generated:right_slider_binding_assembly_v1_7,compact_slider_binding_assembly_with_rail_keepout; right X beam end is bound through explicit Y slider datum while leaving the rail groove keepout open
right_x_beam_saddle_fastener_marker_-18,right_slider_binding_assembly_v1_7,small_dark_fastener_dowel_marker,binding_fastener,0.03,0.03,0.03,1.0,generated:right_slider_binding_assembly_v1_7,compact_slider_binding_assembly_with_rail_keepout; right X beam end is bound through explicit Y slider datum while leaving the rail groove keepout open
right_x_beam_saddle_fastener_marker_18,right_slider_binding_assembly_v1_7,small_dark_fastener_dowel_marker,binding_fastener,0.03,0.03,0.03,1.0,generated:right_slider_binding_assembly_v1_7,compact_slider_binding_assembly_with_rail_keepout; right X beam end is bound through explicit Y slider datum while leaving the rail groove keepout open
