run_id,trajectory_id,sample_id,step_order,state,input_box_id,input_slot_id,target_zone,target_box_id,target_slot_id,x_mm,y_mm,z_mm,gripper_action,scanner_action,category_status,pending_queue_action,operator_event,expected_result,notes
baseline_multi_box_run,baseline_multi_box_run_0001_MBOX-001,MBOX-001,1,MOVE_SAFE_ABOVE_INPUT,input_box_1,A1,output_A,category_A_output_box,A1,-400.000,327.000,200.000,open,off,available,none,,placed_output,move to input safe height
baseline_multi_box_run,baseline_multi_box_run_0001_MBOX-001,MBOX-001,2,APPROACH_INPUT_SLOT,input_box_1,A1,output_A,category_A_output_box,A1,-400.000,327.000,130.000,open,off,available,none,,placed_output,approach input slot
baseline_multi_box_run,baseline_multi_box_run_0001_MBOX-001,MBOX-001,3,PICK_TUBE,input_box_1,A1,output_A,category_A_output_box,A1,-400.000,327.000,55.000,close,off,available,none,,placed_output,pick tube
baseline_multi_box_run,baseline_multi_box_run_0001_MBOX-001,MBOX-001,4,LIFT_TO_SAFE_Z,input_box_1,A1,output_A,category_A_output_box,A1,-400.000,327.000,200.000,hold,off,available,none,,placed_output,lift picked tube
baseline_multi_box_run,baseline_multi_box_run_0001_MBOX-001,MBOX-001,5,MOVE_SAFE_ABOVE_SCAN,input_box_1,A1,output_A,category_A_output_box,A1,-140.000,60.000,200.000,hold,off,available,none,,placed_output,move above scan station
baseline_multi_box_run,baseline_multi_box_run_0001_MBOX-001,MBOX-001,6,APPROACH_SCAN_STATION,input_box_1,A1,output_A,category_A_output_box,A1,-140.000,60.000,75.000,hold,off,available,none,,placed_output,approach scan station
baseline_multi_box_run,baseline_multi_box_run_0001_MBOX-001,MBOX-001,7,SCAN_BARCODE,input_box_1,A1,output_A,category_A_output_box,A1,-140.000,60.000,75.000,hold,scan,available,none,,placed_output,scan and classify
baseline_multi_box_run,baseline_multi_box_run_0001_MBOX-001,MBOX-001,8,LIFT_TO_SAFE_Z_AFTER_SCAN,input_box_1,A1,output_A,category_A_output_box,A1,-140.000,60.000,200.000,hold,off,available,none,,placed_output,lift after scan
baseline_multi_box_run,baseline_multi_box_run_0001_MBOX-001,MBOX-001,9,MOVE_SAFE_ABOVE_TARGET,input_box_1,A1,output_A,category_A_output_box,A1,90.000,212.000,200.000,hold,off,available,none,,placed_output,move above target
baseline_multi_box_run,baseline_multi_box_run_0001_MBOX-001,MBOX-001,10,APPROACH_TARGET_SLOT,input_box_1,A1,output_A,category_A_output_box,A1,90.000,212.000,130.000,hold,off,available,none,,placed_output,approach target slot
baseline_multi_box_run,baseline_multi_box_run_0001_MBOX-001,MBOX-001,11,PLACE_TUBE,input_box_1,A1,output_A,category_A_output_box,A1,90.000,212.000,45.000,open,off,available,none,,placed_output,place tube
baseline_multi_box_run,baseline_multi_box_run_0001_MBOX-001,MBOX-001,12,RETREAT_TO_SAFE_Z,input_box_1,A1,output_A,category_A_output_box,A1,90.000,212.000,200.000,open,off,available,none,,placed_output,retreat after place
baseline_multi_box_run,baseline_multi_box_run_0002_MBOX-002,MBOX-002,1,MOVE_SAFE_ABOVE_INPUT,input_box_1,A2,output_B,category_B_output_box,A1,-372.000,327.000,200.000,open,off,available,none,,placed_output,move to input safe height
baseline_multi_box_run,baseline_multi_box_run_0002_MBOX-002,MBOX-002,2,APPROACH_INPUT_SLOT,input_box_1,A2,output_B,category_B_output_box,A1,-372.000,327.000,130.000,open,off,available,none,,placed_output,approach input slot
baseline_multi_box_run,baseline_multi_box_run_0002_MBOX-002,MBOX-002,3,PICK_TUBE,input_box_1,A2,output_B,category_B_output_box,A1,-372.000,327.000,80.000,close,off,available,none,,placed_output,pick tube
baseline_multi_box_run,baseline_multi_box_run_0002_MBOX-002,MBOX-002,4,LIFT_TO_SAFE_Z,input_box_1,A2,output_B,category_B_output_box,A1,-372.000,327.000,200.000,hold,off,available,none,,placed_output,lift picked tube
baseline_multi_box_run,baseline_multi_box_run_0002_MBOX-002,MBOX-002,5,MOVE_SAFE_ABOVE_SCAN,input_box_1,A2,output_B,category_B_output_box,A1,-140.000,60.000,200.000,hold,off,available,none,,placed_output,move above scan station
baseline_multi_box_run,baseline_multi_box_run_0002_MBOX-002,MBOX-002,6,APPROACH_SCAN_STATION,input_box_1,A2,output_B,category_B_output_box,A1,-140.000,60.000,75.000,hold,off,available,none,,placed_output,approach scan station
baseline_multi_box_run,baseline_multi_box_run_0002_MBOX-002,MBOX-002,7,SCAN_BARCODE,input_box_1,A2,output_B,category_B_output_box,A1,-140.000,60.000,75.000,hold,scan,available,none,,placed_output,scan and classify
baseline_multi_box_run,baseline_multi_box_run_0002_MBOX-002,MBOX-002,8,LIFT_TO_SAFE_Z_AFTER_SCAN,input_box_1,A2,output_B,category_B_output_box,A1,-140.000,60.000,200.000,hold,off,available,none,,placed_output,lift after scan
baseline_multi_box_run,baseline_multi_box_run_0002_MBOX-002,MBOX-002,9,MOVE_SAFE_ABOVE_TARGET,input_box_1,A2,output_B,category_B_output_box,A1,300.000,212.000,200.000,hold,off,available,none,,placed_output,move above target
baseline_multi_box_run,baseline_multi_box_run_0002_MBOX-002,MBOX-002,10,APPROACH_TARGET_SLOT,input_box_1,A2,output_B,category_B_output_box,A1,300.000,212.000,130.000,hold,off,available,none,,placed_output,approach target slot
baseline_multi_box_run,baseline_multi_box_run_0002_MBOX-002,MBOX-002,11,PLACE_TUBE,input_box_1,A2,output_B,category_B_output_box,A1,300.000,212.000,70.000,open,off,available,none,,placed_output,place tube
baseline_multi_box_run,baseline_multi_box_run_0002_MBOX-002,MBOX-002,12,RETREAT_TO_SAFE_Z,input_box_1,A2,output_B,category_B_output_box,A1,300.000,212.000,200.000,open,off,available,none,,placed_output,retreat after place
baseline_multi_box_run,baseline_multi_box_run_0003_MBOX-003,MBOX-003,1,MOVE_SAFE_ABOVE_INPUT,input_box_1,A3,output_C,category_C_output_box,A1,-344.000,327.000,200.000,open,off,available,none,,placed_output,move to input safe height
baseline_multi_box_run,baseline_multi_box_run_0003_MBOX-003,MBOX-003,2,APPROACH_INPUT_SLOT,input_box_1,A3,output_C,category_C_output_box,A1,-344.000,327.000,130.000,open,off,available,none,,placed_output,approach input slot
baseline_multi_box_run,baseline_multi_box_run_0003_MBOX-003,MBOX-003,3,PICK_TUBE,input_box_1,A3,output_C,category_C_output_box,A1,-344.000,327.000,55.000,close,off,available,none,,placed_output,pick tube
baseline_multi_box_run,baseline_multi_box_run_0003_MBOX-003,MBOX-003,4,LIFT_TO_SAFE_Z,input_box_1,A3,output_C,category_C_output_box,A1,-344.000,327.000,200.000,hold,off,available,none,,placed_output,lift picked tube
baseline_multi_box_run,baseline_multi_box_run_0003_MBOX-003,MBOX-003,5,MOVE_SAFE_ABOVE_SCAN,input_box_1,A3,output_C,category_C_output_box,A1,-140.000,60.000,200.000,hold,off,available,none,,placed_output,move above scan station
baseline_multi_box_run,baseline_multi_box_run_0003_MBOX-003,MBOX-003,6,APPROACH_SCAN_STATION,input_box_1,A3,output_C,category_C_output_box,A1,-140.000,60.000,75.000,hold,off,available,none,,placed_output,approach scan station
baseline_multi_box_run,baseline_multi_box_run_0003_MBOX-003,MBOX-003,7,SCAN_BARCODE,input_box_1,A3,output_C,category_C_output_box,A1,-140.000,60.000,75.000,hold,scan,available,none,,placed_output,scan and classify
baseline_multi_box_run,baseline_multi_box_run_0003_MBOX-003,MBOX-003,8,LIFT_TO_SAFE_Z_AFTER_SCAN,input_box_1,A3,output_C,category_C_output_box,A1,-140.000,60.000,200.000,hold,off,available,none,,placed_output,lift after scan
baseline_multi_box_run,baseline_multi_box_run_0003_MBOX-003,MBOX-003,9,MOVE_SAFE_ABOVE_TARGET,input_box_1,A3,output_C,category_C_output_box,A1,90.000,2.000,200.000,hold,off,available,none,,placed_output,move above target
baseline_multi_box_run,baseline_multi_box_run_0003_MBOX-003,MBOX-003,10,APPROACH_TARGET_SLOT,input_box_1,A3,output_C,category_C_output_box,A1,90.000,2.000,130.000,hold,off,available,none,,placed_output,approach target slot
baseline_multi_box_run,baseline_multi_box_run_0003_MBOX-003,MBOX-003,11,PLACE_TUBE,input_box_1,A3,output_C,category_C_output_box,A1,90.000,2.000,45.000,open,off,available,none,,placed_output,place tube
baseline_multi_box_run,baseline_multi_box_run_0003_MBOX-003,MBOX-003,12,RETREAT_TO_SAFE_Z,input_box_1,A3,output_C,category_C_output_box,A1,90.000,2.000,200.000,open,off,available,none,,placed_output,retreat after place
baseline_multi_box_run,baseline_multi_box_run_0004_MBOX-004,MBOX-004,1,MOVE_SAFE_ABOVE_INPUT,input_box_1,A4,output_D,category_D_output_box,A1,-316.000,327.000,200.000,open,off,available,none,,placed_output,move to input safe height
baseline_multi_box_run,baseline_multi_box_run_0004_MBOX-004,MBOX-004,2,APPROACH_INPUT_SLOT,input_box_1,A4,output_D,category_D_output_box,A1,-316.000,327.000,130.000,open,off,available,none,,placed_output,approach input slot
baseline_multi_box_run,baseline_multi_box_run_0004_MBOX-004,MBOX-004,3,PICK_TUBE,input_box_1,A4,output_D,category_D_output_box,A1,-316.000,327.000,55.000,close,off,available,none,,placed_output,pick tube
baseline_multi_box_run,baseline_multi_box_run_0004_MBOX-004,MBOX-004,4,LIFT_TO_SAFE_Z,input_box_1,A4,output_D,category_D_output_box,A1,-316.000,327.000,200.000,hold,off,available,none,,placed_output,lift picked tube
baseline_multi_box_run,baseline_multi_box_run_0004_MBOX-004,MBOX-004,5,MOVE_SAFE_ABOVE_SCAN,input_box_1,A4,output_D,category_D_output_box,A1,-140.000,60.000,200.000,hold,off,available,none,,placed_output,move above scan station
baseline_multi_box_run,baseline_multi_box_run_0004_MBOX-004,MBOX-004,6,APPROACH_SCAN_STATION,input_box_1,A4,output_D,category_D_output_box,A1,-140.000,60.000,75.000,hold,off,available,none,,placed_output,approach scan station
baseline_multi_box_run,baseline_multi_box_run_0004_MBOX-004,MBOX-004,7,SCAN_BARCODE,input_box_1,A4,output_D,category_D_output_box,A1,-140.000,60.000,75.000,hold,scan,available,none,,placed_output,scan and classify
baseline_multi_box_run,baseline_multi_box_run_0004_MBOX-004,MBOX-004,8,LIFT_TO_SAFE_Z_AFTER_SCAN,input_box_1,A4,output_D,category_D_output_box,A1,-140.000,60.000,200.000,hold,off,available,none,,placed_output,lift after scan
baseline_multi_box_run,baseline_multi_box_run_0004_MBOX-004,MBOX-004,9,MOVE_SAFE_ABOVE_TARGET,input_box_1,A4,output_D,category_D_output_box,A1,300.000,2.000,200.000,hold,off,available,none,,placed_output,move above target
baseline_multi_box_run,baseline_multi_box_run_0004_MBOX-004,MBOX-004,10,APPROACH_TARGET_SLOT,input_box_1,A4,output_D,category_D_output_box,A1,300.000,2.000,130.000,hold,off,available,none,,placed_output,approach target slot
baseline_multi_box_run,baseline_multi_box_run_0004_MBOX-004,MBOX-004,11,PLACE_TUBE,input_box_1,A4,output_D,category_D_output_box,A1,300.000,2.000,45.000,open,off,available,none,,placed_output,place tube
baseline_multi_box_run,baseline_multi_box_run_0004_MBOX-004,MBOX-004,12,RETREAT_TO_SAFE_Z,input_box_1,A4,output_D,category_D_output_box,A1,300.000,2.000,200.000,open,off,available,none,,placed_output,retreat after place
baseline_multi_box_run,baseline_multi_box_run_0005_MBOX-005,MBOX-005,1,MOVE_SAFE_ABOVE_INPUT,input_box_1,A5,manual_review,manual_review_bin,A1,-288.000,327.000,200.000,open,off,not_applicable,none,,placed_manual_review,move to input safe height
baseline_multi_box_run,baseline_multi_box_run_0005_MBOX-005,MBOX-005,2,APPROACH_INPUT_SLOT,input_box_1,A5,manual_review,manual_review_bin,A1,-288.000,327.000,130.000,open,off,not_applicable,none,,placed_manual_review,approach input slot
baseline_multi_box_run,baseline_multi_box_run_0005_MBOX-005,MBOX-005,3,PICK_TUBE,input_box_1,A5,manual_review,manual_review_bin,A1,-288.000,327.000,80.000,close,off,not_applicable,none,,placed_manual_review,pick tube
baseline_multi_box_run,baseline_multi_box_run_0005_MBOX-005,MBOX-005,4,LIFT_TO_SAFE_Z,input_box_1,A5,manual_review,manual_review_bin,A1,-288.000,327.000,200.000,hold,off,not_applicable,none,,placed_manual_review,lift picked tube
baseline_multi_box_run,baseline_multi_box_run_0005_MBOX-005,MBOX-005,5,MOVE_SAFE_ABOVE_SCAN,input_box_1,A5,manual_review,manual_review_bin,A1,-140.000,60.000,200.000,hold,off,not_applicable,none,,placed_manual_review,move above scan station
baseline_multi_box_run,baseline_multi_box_run_0005_MBOX-005,MBOX-005,6,APPROACH_SCAN_STATION,input_box_1,A5,manual_review,manual_review_bin,A1,-140.000,60.000,75.000,hold,off,not_applicable,none,,placed_manual_review,approach scan station
baseline_multi_box_run,baseline_multi_box_run_0005_MBOX-005,MBOX-005,7,SCAN_BARCODE,input_box_1,A5,manual_review,manual_review_bin,A1,-140.000,60.000,75.000,hold,scan,not_applicable,none,,placed_manual_review,scan and classify
baseline_multi_box_run,baseline_multi_box_run_0005_MBOX-005,MBOX-005,8,LIFT_TO_SAFE_Z_AFTER_SCAN,input_box_1,A5,manual_review,manual_review_bin,A1,-140.000,60.000,200.000,hold,off,not_applicable,none,,placed_manual_review,lift after scan
baseline_multi_box_run,baseline_multi_box_run_0005_MBOX-005,MBOX-005,9,MOVE_SAFE_ABOVE_TARGET,input_box_1,A5,manual_review,manual_review_bin,A1,-208.000,-286.000,200.000,hold,off,not_applicable,none,,placed_manual_review,move above target
baseline_multi_box_run,baseline_multi_box_run_0005_MBOX-005,MBOX-005,10,APPROACH_TARGET_SLOT,input_box_1,A5,manual_review,manual_review_bin,A1,-208.000,-286.000,130.000,hold,off,not_applicable,none,,placed_manual_review,approach target slot
baseline_multi_box_run,baseline_multi_box_run_0005_MBOX-005,MBOX-005,11,PLACE_TUBE,input_box_1,A5,manual_review,manual_review_bin,A1,-208.000,-286.000,70.000,open,off,not_applicable,none,,placed_manual_review,place tube
baseline_multi_box_run,baseline_multi_box_run_0005_MBOX-005,MBOX-005,12,RETREAT_TO_SAFE_Z,input_box_1,A5,manual_review,manual_review_bin,A1,-208.000,-286.000,200.000,open,off,not_applicable,none,,placed_manual_review,retreat after place
baseline_multi_box_run,baseline_multi_box_run_0006_MBOX-006,MBOX-006,1,MOVE_SAFE_ABOVE_INPUT,input_box_1,A6,output_A,category_A_output_box,A2,-260.000,327.000,200.000,open,off,available,none,,placed_output,move to input safe height
baseline_multi_box_run,baseline_multi_box_run_0006_MBOX-006,MBOX-006,2,APPROACH_INPUT_SLOT,input_box_1,A6,output_A,category_A_output_box,A2,-260.000,327.000,130.000,open,off,available,none,,placed_output,approach input slot
baseline_multi_box_run,baseline_multi_box_run_0006_MBOX-006,MBOX-006,3,PICK_TUBE,input_box_1,A6,output_A,category_A_output_box,A2,-260.000,327.000,55.000,close,off,available,none,,placed_output,pick tube
baseline_multi_box_run,baseline_multi_box_run_0006_MBOX-006,MBOX-006,4,LIFT_TO_SAFE_Z,input_box_1,A6,output_A,category_A_output_box,A2,-260.000,327.000,200.000,hold,off,available,none,,placed_output,lift picked tube
baseline_multi_box_run,baseline_multi_box_run_0006_MBOX-006,MBOX-006,5,MOVE_SAFE_ABOVE_SCAN,input_box_1,A6,output_A,category_A_output_box,A2,-140.000,60.000,200.000,hold,off,available,none,,placed_output,move above scan station
baseline_multi_box_run,baseline_multi_box_run_0006_MBOX-006,MBOX-006,6,APPROACH_SCAN_STATION,input_box_1,A6,output_A,category_A_output_box,A2,-140.000,60.000,75.000,hold,off,available,none,,placed_output,approach scan station
baseline_multi_box_run,baseline_multi_box_run_0006_MBOX-006,MBOX-006,7,SCAN_BARCODE,input_box_1,A6,output_A,category_A_output_box,A2,-140.000,60.000,75.000,hold,scan,available,none,,placed_output,scan and classify
baseline_multi_box_run,baseline_multi_box_run_0006_MBOX-006,MBOX-006,8,LIFT_TO_SAFE_Z_AFTER_SCAN,input_box_1,A6,output_A,category_A_output_box,A2,-140.000,60.000,200.000,hold,off,available,none,,placed_output,lift after scan
baseline_multi_box_run,baseline_multi_box_run_0006_MBOX-006,MBOX-006,9,MOVE_SAFE_ABOVE_TARGET,input_box_1,A6,output_A,category_A_output_box,A2,118.000,212.000,200.000,hold,off,available,none,,placed_output,move above target
baseline_multi_box_run,baseline_multi_box_run_0006_MBOX-006,MBOX-006,10,APPROACH_TARGET_SLOT,input_box_1,A6,output_A,category_A_output_box,A2,118.000,212.000,130.000,hold,off,available,none,,placed_output,approach target slot
baseline_multi_box_run,baseline_multi_box_run_0006_MBOX-006,MBOX-006,11,PLACE_TUBE,input_box_1,A6,output_A,category_A_output_box,A2,118.000,212.000,45.000,open,off,available,none,,placed_output,place tube
baseline_multi_box_run,baseline_multi_box_run_0006_MBOX-006,MBOX-006,12,RETREAT_TO_SAFE_Z,input_box_1,A6,output_A,category_A_output_box,A2,118.000,212.000,200.000,open,off,available,none,,placed_output,retreat after place
baseline_multi_box_run,baseline_multi_box_run_0007_MBOX-007,MBOX-007,1,MOVE_SAFE_ABOVE_INPUT,input_box_1,B1,output_B,category_B_output_box,A2,-400.000,299.000,200.000,open,off,available,none,,placed_output,move to input safe height
baseline_multi_box_run,baseline_multi_box_run_0007_MBOX-007,MBOX-007,2,APPROACH_INPUT_SLOT,input_box_1,B1,output_B,category_B_output_box,A2,-400.000,299.000,130.000,open,off,available,none,,placed_output,approach input slot
baseline_multi_box_run,baseline_multi_box_run_0007_MBOX-007,MBOX-007,3,PICK_TUBE,input_box_1,B1,output_B,category_B_output_box,A2,-400.000,299.000,55.000,close,off,available,none,,placed_output,pick tube
baseline_multi_box_run,baseline_multi_box_run_0007_MBOX-007,MBOX-007,4,LIFT_TO_SAFE_Z,input_box_1,B1,output_B,category_B_output_box,A2,-400.000,299.000,200.000,hold,off,available,none,,placed_output,lift picked tube
baseline_multi_box_run,baseline_multi_box_run_0007_MBOX-007,MBOX-007,5,MOVE_SAFE_ABOVE_SCAN,input_box_1,B1,output_B,category_B_output_box,A2,-140.000,60.000,200.000,hold,off,available,none,,placed_output,move above scan station
baseline_multi_box_run,baseline_multi_box_run_0007_MBOX-007,MBOX-007,6,APPROACH_SCAN_STATION,input_box_1,B1,output_B,category_B_output_box,A2,-140.000,60.000,75.000,hold,off,available,none,,placed_output,approach scan station
baseline_multi_box_run,baseline_multi_box_run_0007_MBOX-007,MBOX-007,7,SCAN_BARCODE,input_box_1,B1,output_B,category_B_output_box,A2,-140.000,60.000,75.000,hold,scan,available,none,,placed_output,scan and classify
baseline_multi_box_run,baseline_multi_box_run_0007_MBOX-007,MBOX-007,8,LIFT_TO_SAFE_Z_AFTER_SCAN,input_box_1,B1,output_B,category_B_output_box,A2,-140.000,60.000,200.000,hold,off,available,none,,placed_output,lift after scan
baseline_multi_box_run,baseline_multi_box_run_0007_MBOX-007,MBOX-007,9,MOVE_SAFE_ABOVE_TARGET,input_box_1,B1,output_B,category_B_output_box,A2,328.000,212.000,200.000,hold,off,available,none,,placed_output,move above target
baseline_multi_box_run,baseline_multi_box_run_0007_MBOX-007,MBOX-007,10,APPROACH_TARGET_SLOT,input_box_1,B1,output_B,category_B_output_box,A2,328.000,212.000,130.000,hold,off,available,none,,placed_output,approach target slot
baseline_multi_box_run,baseline_multi_box_run_0007_MBOX-007,MBOX-007,11,PLACE_TUBE,input_box_1,B1,output_B,category_B_output_box,A2,328.000,212.000,45.000,open,off,available,none,,placed_output,place tube
baseline_multi_box_run,baseline_multi_box_run_0007_MBOX-007,MBOX-007,12,RETREAT_TO_SAFE_Z,input_box_1,B1,output_B,category_B_output_box,A2,328.000,212.000,200.000,open,off,available,none,,placed_output,retreat after place
baseline_multi_box_run,baseline_multi_box_run_0008_MBOX-008,MBOX-008,1,MOVE_SAFE_ABOVE_INPUT,input_box_1,B2,output_C,category_C_output_box,A2,-372.000,299.000,200.000,open,off,available,none,,placed_output,move to input safe height
baseline_multi_box_run,baseline_multi_box_run_0008_MBOX-008,MBOX-008,2,APPROACH_INPUT_SLOT,input_box_1,B2,output_C,category_C_output_box,A2,-372.000,299.000,130.000,open,off,available,none,,placed_output,approach input slot
baseline_multi_box_run,baseline_multi_box_run_0008_MBOX-008,MBOX-008,3,PICK_TUBE,input_box_1,B2,output_C,category_C_output_box,A2,-372.000,299.000,80.000,close,off,available,none,,placed_output,pick tube
baseline_multi_box_run,baseline_multi_box_run_0008_MBOX-008,MBOX-008,4,LIFT_TO_SAFE_Z,input_box_1,B2,output_C,category_C_output_box,A2,-372.000,299.000,200.000,hold,off,available,none,,placed_output,lift picked tube
baseline_multi_box_run,baseline_multi_box_run_0008_MBOX-008,MBOX-008,5,MOVE_SAFE_ABOVE_SCAN,input_box_1,B2,output_C,category_C_output_box,A2,-140.000,60.000,200.000,hold,off,available,none,,placed_output,move above scan station
baseline_multi_box_run,baseline_multi_box_run_0008_MBOX-008,MBOX-008,6,APPROACH_SCAN_STATION,input_box_1,B2,output_C,category_C_output_box,A2,-140.000,60.000,75.000,hold,off,available,none,,placed_output,approach scan station
baseline_multi_box_run,baseline_multi_box_run_0008_MBOX-008,MBOX-008,7,SCAN_BARCODE,input_box_1,B2,output_C,category_C_output_box,A2,-140.000,60.000,75.000,hold,scan,available,none,,placed_output,scan and classify
baseline_multi_box_run,baseline_multi_box_run_0008_MBOX-008,MBOX-008,8,LIFT_TO_SAFE_Z_AFTER_SCAN,input_box_1,B2,output_C,category_C_output_box,A2,-140.000,60.000,200.000,hold,off,available,none,,placed_output,lift after scan
baseline_multi_box_run,baseline_multi_box_run_0008_MBOX-008,MBOX-008,9,MOVE_SAFE_ABOVE_TARGET,input_box_1,B2,output_C,category_C_output_box,A2,118.000,2.000,200.000,hold,off,available,none,,placed_output,move above target
baseline_multi_box_run,baseline_multi_box_run_0008_MBOX-008,MBOX-008,10,APPROACH_TARGET_SLOT,input_box_1,B2,output_C,category_C_output_box,A2,118.000,2.000,130.000,hold,off,available,none,,placed_output,approach target slot
baseline_multi_box_run,baseline_multi_box_run_0008_MBOX-008,MBOX-008,11,PLACE_TUBE,input_box_1,B2,output_C,category_C_output_box,A2,118.000,2.000,70.000,open,off,available,none,,placed_output,place tube
baseline_multi_box_run,baseline_multi_box_run_0008_MBOX-008,MBOX-008,12,RETREAT_TO_SAFE_Z,input_box_1,B2,output_C,category_C_output_box,A2,118.000,2.000,200.000,open,off,available,none,,placed_output,retreat after place
baseline_multi_box_run,baseline_multi_box_run_0009_MBOX-009,MBOX-009,1,MOVE_SAFE_ABOVE_INPUT,input_box_1,B3,output_D,category_D_output_box,A2,-344.000,299.000,200.000,open,off,available,none,,placed_output,move to input safe height
baseline_multi_box_run,baseline_multi_box_run_0009_MBOX-009,MBOX-009,2,APPROACH_INPUT_SLOT,input_box_1,B3,output_D,category_D_output_box,A2,-344.000,299.000,130.000,open,off,available,none,,placed_output,approach input slot
baseline_multi_box_run,baseline_multi_box_run_0009_MBOX-009,MBOX-009,3,PICK_TUBE,input_box_1,B3,output_D,category_D_output_box,A2,-344.000,299.000,55.000,close,off,available,none,,placed_output,pick tube
baseline_multi_box_run,baseline_multi_box_run_0009_MBOX-009,MBOX-009,4,LIFT_TO_SAFE_Z,input_box_1,B3,output_D,category_D_output_box,A2,-344.000,299.000,200.000,hold,off,available,none,,placed_output,lift picked tube
baseline_multi_box_run,baseline_multi_box_run_0009_MBOX-009,MBOX-009,5,MOVE_SAFE_ABOVE_SCAN,input_box_1,B3,output_D,category_D_output_box,A2,-140.000,60.000,200.000,hold,off,available,none,,placed_output,move above scan station
baseline_multi_box_run,baseline_multi_box_run_0009_MBOX-009,MBOX-009,6,APPROACH_SCAN_STATION,input_box_1,B3,output_D,category_D_output_box,A2,-140.000,60.000,75.000,hold,off,available,none,,placed_output,approach scan station
baseline_multi_box_run,baseline_multi_box_run_0009_MBOX-009,MBOX-009,7,SCAN_BARCODE,input_box_1,B3,output_D,category_D_output_box,A2,-140.000,60.000,75.000,hold,scan,available,none,,placed_output,scan and classify
baseline_multi_box_run,baseline_multi_box_run_0009_MBOX-009,MBOX-009,8,LIFT_TO_SAFE_Z_AFTER_SCAN,input_box_1,B3,output_D,category_D_output_box,A2,-140.000,60.000,200.000,hold,off,available,none,,placed_output,lift after scan
baseline_multi_box_run,baseline_multi_box_run_0009_MBOX-009,MBOX-009,9,MOVE_SAFE_ABOVE_TARGET,input_box_1,B3,output_D,category_D_output_box,A2,328.000,2.000,200.000,hold,off,available,none,,placed_output,move above target
baseline_multi_box_run,baseline_multi_box_run_0009_MBOX-009,MBOX-009,10,APPROACH_TARGET_SLOT,input_box_1,B3,output_D,category_D_output_box,A2,328.000,2.000,130.000,hold,off,available,none,,placed_output,approach target slot
baseline_multi_box_run,baseline_multi_box_run_0009_MBOX-009,MBOX-009,11,PLACE_TUBE,input_box_1,B3,output_D,category_D_output_box,A2,328.000,2.000,45.000,open,off,available,none,,placed_output,place tube
baseline_multi_box_run,baseline_multi_box_run_0009_MBOX-009,MBOX-009,12,RETREAT_TO_SAFE_Z,input_box_1,B3,output_D,category_D_output_box,A2,328.000,2.000,200.000,open,off,available,none,,placed_output,retreat after place
baseline_multi_box_run,baseline_multi_box_run_0010_MBOX-010,MBOX-010,1,MOVE_SAFE_ABOVE_INPUT,input_box_1,B4,output_A,category_A_output_box,A3,-316.000,299.000,200.000,open,off,available,none,,placed_output,move to input safe height
baseline_multi_box_run,baseline_multi_box_run_0010_MBOX-010,MBOX-010,2,APPROACH_INPUT_SLOT,input_box_1,B4,output_A,category_A_output_box,A3,-316.000,299.000,130.000,open,off,available,none,,placed_output,approach input slot
baseline_multi_box_run,baseline_multi_box_run_0010_MBOX-010,MBOX-010,3,PICK_TUBE,input_box_1,B4,output_A,category_A_output_box,A3,-316.000,299.000,55.000,close,off,available,none,,placed_output,pick tube
baseline_multi_box_run,baseline_multi_box_run_0010_MBOX-010,MBOX-010,4,LIFT_TO_SAFE_Z,input_box_1,B4,output_A,category_A_output_box,A3,-316.000,299.000,200.000,hold,off,available,none,,placed_output,lift picked tube
baseline_multi_box_run,baseline_multi_box_run_0010_MBOX-010,MBOX-010,5,MOVE_SAFE_ABOVE_SCAN,input_box_1,B4,output_A,category_A_output_box,A3,-140.000,60.000,200.000,hold,off,available,none,,placed_output,move above scan station
baseline_multi_box_run,baseline_multi_box_run_0010_MBOX-010,MBOX-010,6,APPROACH_SCAN_STATION,input_box_1,B4,output_A,category_A_output_box,A3,-140.000,60.000,75.000,hold,off,available,none,,placed_output,approach scan station
baseline_multi_box_run,baseline_multi_box_run_0010_MBOX-010,MBOX-010,7,SCAN_BARCODE,input_box_1,B4,output_A,category_A_output_box,A3,-140.000,60.000,75.000,hold,scan,available,none,,placed_output,scan and classify
baseline_multi_box_run,baseline_multi_box_run_0010_MBOX-010,MBOX-010,8,LIFT_TO_SAFE_Z_AFTER_SCAN,input_box_1,B4,output_A,category_A_output_box,A3,-140.000,60.000,200.000,hold,off,available,none,,placed_output,lift after scan
baseline_multi_box_run,baseline_multi_box_run_0010_MBOX-010,MBOX-010,9,MOVE_SAFE_ABOVE_TARGET,input_box_1,B4,output_A,category_A_output_box,A3,146.000,212.000,200.000,hold,off,available,none,,placed_output,move above target
baseline_multi_box_run,baseline_multi_box_run_0010_MBOX-010,MBOX-010,10,APPROACH_TARGET_SLOT,input_box_1,B4,output_A,category_A_output_box,A3,146.000,212.000,130.000,hold,off,available,none,,placed_output,approach target slot
baseline_multi_box_run,baseline_multi_box_run_0010_MBOX-010,MBOX-010,11,PLACE_TUBE,input_box_1,B4,output_A,category_A_output_box,A3,146.000,212.000,45.000,open,off,available,none,,placed_output,place tube
baseline_multi_box_run,baseline_multi_box_run_0010_MBOX-010,MBOX-010,12,RETREAT_TO_SAFE_Z,input_box_1,B4,output_A,category_A_output_box,A3,146.000,212.000,200.000,open,off,available,none,,placed_output,retreat after place
baseline_multi_box_run,baseline_multi_box_run_0011_MBOX-011,MBOX-011,1,MOVE_SAFE_ABOVE_INPUT,input_box_1,B5,output_B,category_B_output_box,A3,-288.000,299.000,200.000,open,off,available,none,,placed_output,move to input safe height
baseline_multi_box_run,baseline_multi_box_run_0011_MBOX-011,MBOX-011,2,APPROACH_INPUT_SLOT,input_box_1,B5,output_B,category_B_output_box,A3,-288.000,299.000,130.000,open,off,available,none,,placed_output,approach input slot
baseline_multi_box_run,baseline_multi_box_run_0011_MBOX-011,MBOX-011,3,PICK_TUBE,input_box_1,B5,output_B,category_B_output_box,A3,-288.000,299.000,80.000,close,off,available,none,,placed_output,pick tube
baseline_multi_box_run,baseline_multi_box_run_0011_MBOX-011,MBOX-011,4,LIFT_TO_SAFE_Z,input_box_1,B5,output_B,category_B_output_box,A3,-288.000,299.000,200.000,hold,off,available,none,,placed_output,lift picked tube
baseline_multi_box_run,baseline_multi_box_run_0011_MBOX-011,MBOX-011,5,MOVE_SAFE_ABOVE_SCAN,input_box_1,B5,output_B,category_B_output_box,A3,-140.000,60.000,200.000,hold,off,available,none,,placed_output,move above scan station
baseline_multi_box_run,baseline_multi_box_run_0011_MBOX-011,MBOX-011,6,APPROACH_SCAN_STATION,input_box_1,B5,output_B,category_B_output_box,A3,-140.000,60.000,75.000,hold,off,available,none,,placed_output,approach scan station
baseline_multi_box_run,baseline_multi_box_run_0011_MBOX-011,MBOX-011,7,SCAN_BARCODE,input_box_1,B5,output_B,category_B_output_box,A3,-140.000,60.000,75.000,hold,scan,available,none,,placed_output,scan and classify
baseline_multi_box_run,baseline_multi_box_run_0011_MBOX-011,MBOX-011,8,LIFT_TO_SAFE_Z_AFTER_SCAN,input_box_1,B5,output_B,category_B_output_box,A3,-140.000,60.000,200.000,hold,off,available,none,,placed_output,lift after scan
baseline_multi_box_run,baseline_multi_box_run_0011_MBOX-011,MBOX-011,9,MOVE_SAFE_ABOVE_TARGET,input_box_1,B5,output_B,category_B_output_box,A3,356.000,212.000,200.000,hold,off,available,none,,placed_output,move above target
baseline_multi_box_run,baseline_multi_box_run_0011_MBOX-011,MBOX-011,10,APPROACH_TARGET_SLOT,input_box_1,B5,output_B,category_B_output_box,A3,356.000,212.000,130.000,hold,off,available,none,,placed_output,approach target slot
baseline_multi_box_run,baseline_multi_box_run_0011_MBOX-011,MBOX-011,11,PLACE_TUBE,input_box_1,B5,output_B,category_B_output_box,A3,356.000,212.000,70.000,open,off,available,none,,placed_output,place tube
baseline_multi_box_run,baseline_multi_box_run_0011_MBOX-011,MBOX-011,12,RETREAT_TO_SAFE_Z,input_box_1,B5,output_B,category_B_output_box,A3,356.000,212.000,200.000,open,off,available,none,,placed_output,retreat after place
baseline_multi_box_run,baseline_multi_box_run_0012_MBOX-012,MBOX-012,1,MOVE_SAFE_ABOVE_INPUT,input_box_1,B6,output_C,category_C_output_box,A3,-260.000,299.000,200.000,open,off,available,none,,placed_output,move to input safe height
baseline_multi_box_run,baseline_multi_box_run_0012_MBOX-012,MBOX-012,2,APPROACH_INPUT_SLOT,input_box_1,B6,output_C,category_C_output_box,A3,-260.000,299.000,130.000,open,off,available,none,,placed_output,approach input slot
baseline_multi_box_run,baseline_multi_box_run_0012_MBOX-012,MBOX-012,3,PICK_TUBE,input_box_1,B6,output_C,category_C_output_box,A3,-260.000,299.000,55.000,close,off,available,none,,placed_output,pick tube
baseline_multi_box_run,baseline_multi_box_run_0012_MBOX-012,MBOX-012,4,LIFT_TO_SAFE_Z,input_box_1,B6,output_C,category_C_output_box,A3,-260.000,299.000,200.000,hold,off,available,none,,placed_output,lift picked tube
baseline_multi_box_run,baseline_multi_box_run_0012_MBOX-012,MBOX-012,5,MOVE_SAFE_ABOVE_SCAN,input_box_1,B6,output_C,category_C_output_box,A3,-140.000,60.000,200.000,hold,off,available,none,,placed_output,move above scan station
baseline_multi_box_run,baseline_multi_box_run_0012_MBOX-012,MBOX-012,6,APPROACH_SCAN_STATION,input_box_1,B6,output_C,category_C_output_box,A3,-140.000,60.000,75.000,hold,off,available,none,,placed_output,approach scan station
baseline_multi_box_run,baseline_multi_box_run_0012_MBOX-012,MBOX-012,7,SCAN_BARCODE,input_box_1,B6,output_C,category_C_output_box,A3,-140.000,60.000,75.000,hold,scan,available,none,,placed_output,scan and classify
baseline_multi_box_run,baseline_multi_box_run_0012_MBOX-012,MBOX-012,8,LIFT_TO_SAFE_Z_AFTER_SCAN,input_box_1,B6,output_C,category_C_output_box,A3,-140.000,60.000,200.000,hold,off,available,none,,placed_output,lift after scan
baseline_multi_box_run,baseline_multi_box_run_0012_MBOX-012,MBOX-012,9,MOVE_SAFE_ABOVE_TARGET,input_box_1,B6,output_C,category_C_output_box,A3,146.000,2.000,200.000,hold,off,available,none,,placed_output,move above target
baseline_multi_box_run,baseline_multi_box_run_0012_MBOX-012,MBOX-012,10,APPROACH_TARGET_SLOT,input_box_1,B6,output_C,category_C_output_box,A3,146.000,2.000,130.000,hold,off,available,none,,placed_output,approach target slot
baseline_multi_box_run,baseline_multi_box_run_0012_MBOX-012,MBOX-012,11,PLACE_TUBE,input_box_1,B6,output_C,category_C_output_box,A3,146.000,2.000,45.000,open,off,available,none,,placed_output,place tube
baseline_multi_box_run,baseline_multi_box_run_0012_MBOX-012,MBOX-012,12,RETREAT_TO_SAFE_Z,input_box_1,B6,output_C,category_C_output_box,A3,146.000,2.000,200.000,open,off,available,none,,placed_output,retreat after place
baseline_multi_box_run,baseline_multi_box_run_0013_MBOX-013,MBOX-013,1,MOVE_SAFE_ABOVE_INPUT,input_box_1,C1,output_D,category_D_output_box,A3,-400.000,271.000,200.000,open,off,available,none,,placed_output,move to input safe height
baseline_multi_box_run,baseline_multi_box_run_0013_MBOX-013,MBOX-013,2,APPROACH_INPUT_SLOT,input_box_1,C1,output_D,category_D_output_box,A3,-400.000,271.000,130.000,open,off,available,none,,placed_output,approach input slot
baseline_multi_box_run,baseline_multi_box_run_0013_MBOX-013,MBOX-013,3,PICK_TUBE,input_box_1,C1,output_D,category_D_output_box,A3,-400.000,271.000,55.000,close,off,available,none,,placed_output,pick tube
baseline_multi_box_run,baseline_multi_box_run_0013_MBOX-013,MBOX-013,4,LIFT_TO_SAFE_Z,input_box_1,C1,output_D,category_D_output_box,A3,-400.000,271.000,200.000,hold,off,available,none,,placed_output,lift picked tube
baseline_multi_box_run,baseline_multi_box_run_0013_MBOX-013,MBOX-013,5,MOVE_SAFE_ABOVE_SCAN,input_box_1,C1,output_D,category_D_output_box,A3,-140.000,60.000,200.000,hold,off,available,none,,placed_output,move above scan station
baseline_multi_box_run,baseline_multi_box_run_0013_MBOX-013,MBOX-013,6,APPROACH_SCAN_STATION,input_box_1,C1,output_D,category_D_output_box,A3,-140.000,60.000,75.000,hold,off,available,none,,placed_output,approach scan station
baseline_multi_box_run,baseline_multi_box_run_0013_MBOX-013,MBOX-013,7,SCAN_BARCODE,input_box_1,C1,output_D,category_D_output_box,A3,-140.000,60.000,75.000,hold,scan,available,none,,placed_output,scan and classify
baseline_multi_box_run,baseline_multi_box_run_0013_MBOX-013,MBOX-013,8,LIFT_TO_SAFE_Z_AFTER_SCAN,input_box_1,C1,output_D,category_D_output_box,A3,-140.000,60.000,200.000,hold,off,available,none,,placed_output,lift after scan
baseline_multi_box_run,baseline_multi_box_run_0013_MBOX-013,MBOX-013,9,MOVE_SAFE_ABOVE_TARGET,input_box_1,C1,output_D,category_D_output_box,A3,356.000,2.000,200.000,hold,off,available,none,,placed_output,move above target
baseline_multi_box_run,baseline_multi_box_run_0013_MBOX-013,MBOX-013,10,APPROACH_TARGET_SLOT,input_box_1,C1,output_D,category_D_output_box,A3,356.000,2.000,130.000,hold,off,available,none,,placed_output,approach target slot
baseline_multi_box_run,baseline_multi_box_run_0013_MBOX-013,MBOX-013,11,PLACE_TUBE,input_box_1,C1,output_D,category_D_output_box,A3,356.000,2.000,45.000,open,off,available,none,,placed_output,place tube
baseline_multi_box_run,baseline_multi_box_run_0013_MBOX-013,MBOX-013,12,RETREAT_TO_SAFE_Z,input_box_1,C1,output_D,category_D_output_box,A3,356.000,2.000,200.000,open,off,available,none,,placed_output,retreat after place
baseline_multi_box_run,baseline_multi_box_run_0014_MBOX-014,MBOX-014,1,MOVE_SAFE_ABOVE_INPUT,input_box_1,C2,output_A,category_A_output_box,A4,-372.000,271.000,200.000,open,off,available,none,,placed_output,move to input safe height
baseline_multi_box_run,baseline_multi_box_run_0014_MBOX-014,MBOX-014,2,APPROACH_INPUT_SLOT,input_box_1,C2,output_A,category_A_output_box,A4,-372.000,271.000,130.000,open,off,available,none,,placed_output,approach input slot
baseline_multi_box_run,baseline_multi_box_run_0014_MBOX-014,MBOX-014,3,PICK_TUBE,input_box_1,C2,output_A,category_A_output_box,A4,-372.000,271.000,80.000,close,off,available,none,,placed_output,pick tube
baseline_multi_box_run,baseline_multi_box_run_0014_MBOX-014,MBOX-014,4,LIFT_TO_SAFE_Z,input_box_1,C2,output_A,category_A_output_box,A4,-372.000,271.000,200.000,hold,off,available,none,,placed_output,lift picked tube
baseline_multi_box_run,baseline_multi_box_run_0014_MBOX-014,MBOX-014,5,MOVE_SAFE_ABOVE_SCAN,input_box_1,C2,output_A,category_A_output_box,A4,-140.000,60.000,200.000,hold,off,available,none,,placed_output,move above scan station
baseline_multi_box_run,baseline_multi_box_run_0014_MBOX-014,MBOX-014,6,APPROACH_SCAN_STATION,input_box_1,C2,output_A,category_A_output_box,A4,-140.000,60.000,75.000,hold,off,available,none,,placed_output,approach scan station
baseline_multi_box_run,baseline_multi_box_run_0014_MBOX-014,MBOX-014,7,SCAN_BARCODE,input_box_1,C2,output_A,category_A_output_box,A4,-140.000,60.000,75.000,hold,scan,available,none,,placed_output,scan and classify
baseline_multi_box_run,baseline_multi_box_run_0014_MBOX-014,MBOX-014,8,LIFT_TO_SAFE_Z_AFTER_SCAN,input_box_1,C2,output_A,category_A_output_box,A4,-140.000,60.000,200.000,hold,off,available,none,,placed_output,lift after scan
baseline_multi_box_run,baseline_multi_box_run_0014_MBOX-014,MBOX-014,9,MOVE_SAFE_ABOVE_TARGET,input_box_1,C2,output_A,category_A_output_box,A4,174.000,212.000,200.000,hold,off,available,none,,placed_output,move above target
baseline_multi_box_run,baseline_multi_box_run_0014_MBOX-014,MBOX-014,10,APPROACH_TARGET_SLOT,input_box_1,C2,output_A,category_A_output_box,A4,174.000,212.000,130.000,hold,off,available,none,,placed_output,approach target slot
baseline_multi_box_run,baseline_multi_box_run_0014_MBOX-014,MBOX-014,11,PLACE_TUBE,input_box_1,C2,output_A,category_A_output_box,A4,174.000,212.000,70.000,open,off,available,none,,placed_output,place tube
baseline_multi_box_run,baseline_multi_box_run_0014_MBOX-014,MBOX-014,12,RETREAT_TO_SAFE_Z,input_box_1,C2,output_A,category_A_output_box,A4,174.000,212.000,200.000,open,off,available,none,,placed_output,retreat after place
baseline_multi_box_run,baseline_multi_box_run_0015_MBOX-015,MBOX-015,1,MOVE_SAFE_ABOVE_INPUT,input_box_1,C3,output_B,category_B_output_box,A4,-344.000,271.000,200.000,open,off,available,none,,placed_output,move to input safe height
baseline_multi_box_run,baseline_multi_box_run_0015_MBOX-015,MBOX-015,2,APPROACH_INPUT_SLOT,input_box_1,C3,output_B,category_B_output_box,A4,-344.000,271.000,130.000,open,off,available,none,,placed_output,approach input slot
baseline_multi_box_run,baseline_multi_box_run_0015_MBOX-015,MBOX-015,3,PICK_TUBE,input_box_1,C3,output_B,category_B_output_box,A4,-344.000,271.000,55.000,close,off,available,none,,placed_output,pick tube
baseline_multi_box_run,baseline_multi_box_run_0015_MBOX-015,MBOX-015,4,LIFT_TO_SAFE_Z,input_box_1,C3,output_B,category_B_output_box,A4,-344.000,271.000,200.000,hold,off,available,none,,placed_output,lift picked tube
baseline_multi_box_run,baseline_multi_box_run_0015_MBOX-015,MBOX-015,5,MOVE_SAFE_ABOVE_SCAN,input_box_1,C3,output_B,category_B_output_box,A4,-140.000,60.000,200.000,hold,off,available,none,,placed_output,move above scan station
baseline_multi_box_run,baseline_multi_box_run_0015_MBOX-015,MBOX-015,6,APPROACH_SCAN_STATION,input_box_1,C3,output_B,category_B_output_box,A4,-140.000,60.000,75.000,hold,off,available,none,,placed_output,approach scan station
baseline_multi_box_run,baseline_multi_box_run_0015_MBOX-015,MBOX-015,7,SCAN_BARCODE,input_box_1,C3,output_B,category_B_output_box,A4,-140.000,60.000,75.000,hold,scan,available,none,,placed_output,scan and classify
baseline_multi_box_run,baseline_multi_box_run_0015_MBOX-015,MBOX-015,8,LIFT_TO_SAFE_Z_AFTER_SCAN,input_box_1,C3,output_B,category_B_output_box,A4,-140.000,60.000,200.000,hold,off,available,none,,placed_output,lift after scan
baseline_multi_box_run,baseline_multi_box_run_0015_MBOX-015,MBOX-015,9,MOVE_SAFE_ABOVE_TARGET,input_box_1,C3,output_B,category_B_output_box,A4,384.000,212.000,200.000,hold,off,available,none,,placed_output,move above target
baseline_multi_box_run,baseline_multi_box_run_0015_MBOX-015,MBOX-015,10,APPROACH_TARGET_SLOT,input_box_1,C3,output_B,category_B_output_box,A4,384.000,212.000,130.000,hold,off,available,none,,placed_output,approach target slot
baseline_multi_box_run,baseline_multi_box_run_0015_MBOX-015,MBOX-015,11,PLACE_TUBE,input_box_1,C3,output_B,category_B_output_box,A4,384.000,212.000,45.000,open,off,available,none,,placed_output,place tube
baseline_multi_box_run,baseline_multi_box_run_0015_MBOX-015,MBOX-015,12,RETREAT_TO_SAFE_Z,input_box_1,C3,output_B,category_B_output_box,A4,384.000,212.000,200.000,open,off,available,none,,placed_output,retreat after place
baseline_multi_box_run,baseline_multi_box_run_0016_MBOX-016,MBOX-016,1,MOVE_SAFE_ABOVE_INPUT,input_box_1,C4,output_C,category_C_output_box,A4,-316.000,271.000,200.000,open,off,available,none,,placed_output,move to input safe height
baseline_multi_box_run,baseline_multi_box_run_0016_MBOX-016,MBOX-016,2,APPROACH_INPUT_SLOT,input_box_1,C4,output_C,category_C_output_box,A4,-316.000,271.000,130.000,open,off,available,none,,placed_output,approach input slot
baseline_multi_box_run,baseline_multi_box_run_0016_MBOX-016,MBOX-016,3,PICK_TUBE,input_box_1,C4,output_C,category_C_output_box,A4,-316.000,271.000,55.000,close,off,available,none,,placed_output,pick tube
baseline_multi_box_run,baseline_multi_box_run_0016_MBOX-016,MBOX-016,4,LIFT_TO_SAFE_Z,input_box_1,C4,output_C,category_C_output_box,A4,-316.000,271.000,200.000,hold,off,available,none,,placed_output,lift picked tube
baseline_multi_box_run,baseline_multi_box_run_0016_MBOX-016,MBOX-016,5,MOVE_SAFE_ABOVE_SCAN,input_box_1,C4,output_C,category_C_output_box,A4,-140.000,60.000,200.000,hold,off,available,none,,placed_output,move above scan station
baseline_multi_box_run,baseline_multi_box_run_0016_MBOX-016,MBOX-016,6,APPROACH_SCAN_STATION,input_box_1,C4,output_C,category_C_output_box,A4,-140.000,60.000,75.000,hold,off,available,none,,placed_output,approach scan station
baseline_multi_box_run,baseline_multi_box_run_0016_MBOX-016,MBOX-016,7,SCAN_BARCODE,input_box_1,C4,output_C,category_C_output_box,A4,-140.000,60.000,75.000,hold,scan,available,none,,placed_output,scan and classify
baseline_multi_box_run,baseline_multi_box_run_0016_MBOX-016,MBOX-016,8,LIFT_TO_SAFE_Z_AFTER_SCAN,input_box_1,C4,output_C,category_C_output_box,A4,-140.000,60.000,200.000,hold,off,available,none,,placed_output,lift after scan
baseline_multi_box_run,baseline_multi_box_run_0016_MBOX-016,MBOX-016,9,MOVE_SAFE_ABOVE_TARGET,input_box_1,C4,output_C,category_C_output_box,A4,174.000,2.000,200.000,hold,off,available,none,,placed_output,move above target
baseline_multi_box_run,baseline_multi_box_run_0016_MBOX-016,MBOX-016,10,APPROACH_TARGET_SLOT,input_box_1,C4,output_C,category_C_output_box,A4,174.000,2.000,130.000,hold,off,available,none,,placed_output,approach target slot
baseline_multi_box_run,baseline_multi_box_run_0016_MBOX-016,MBOX-016,11,PLACE_TUBE,input_box_1,C4,output_C,category_C_output_box,A4,174.000,2.000,45.000,open,off,available,none,,placed_output,place tube
baseline_multi_box_run,baseline_multi_box_run_0016_MBOX-016,MBOX-016,12,RETREAT_TO_SAFE_Z,input_box_1,C4,output_C,category_C_output_box,A4,174.000,2.000,200.000,open,off,available,none,,placed_output,retreat after place
baseline_multi_box_run,baseline_multi_box_run_0017_MBOX-017,MBOX-017,1,MOVE_SAFE_ABOVE_INPUT,input_box_1,C5,output_D,category_D_output_box,A4,-288.000,271.000,200.000,open,off,available,none,,placed_output,move to input safe height
baseline_multi_box_run,baseline_multi_box_run_0017_MBOX-017,MBOX-017,2,APPROACH_INPUT_SLOT,input_box_1,C5,output_D,category_D_output_box,A4,-288.000,271.000,130.000,open,off,available,none,,placed_output,approach input slot
baseline_multi_box_run,baseline_multi_box_run_0017_MBOX-017,MBOX-017,3,PICK_TUBE,input_box_1,C5,output_D,category_D_output_box,A4,-288.000,271.000,80.000,close,off,available,none,,placed_output,pick tube
baseline_multi_box_run,baseline_multi_box_run_0017_MBOX-017,MBOX-017,4,LIFT_TO_SAFE_Z,input_box_1,C5,output_D,category_D_output_box,A4,-288.000,271.000,200.000,hold,off,available,none,,placed_output,lift picked tube
baseline_multi_box_run,baseline_multi_box_run_0017_MBOX-017,MBOX-017,5,MOVE_SAFE_ABOVE_SCAN,input_box_1,C5,output_D,category_D_output_box,A4,-140.000,60.000,200.000,hold,off,available,none,,placed_output,move above scan station
baseline_multi_box_run,baseline_multi_box_run_0017_MBOX-017,MBOX-017,6,APPROACH_SCAN_STATION,input_box_1,C5,output_D,category_D_output_box,A4,-140.000,60.000,75.000,hold,off,available,none,,placed_output,approach scan station
baseline_multi_box_run,baseline_multi_box_run_0017_MBOX-017,MBOX-017,7,SCAN_BARCODE,input_box_1,C5,output_D,category_D_output_box,A4,-140.000,60.000,75.000,hold,scan,available,none,,placed_output,scan and classify
baseline_multi_box_run,baseline_multi_box_run_0017_MBOX-017,MBOX-017,8,LIFT_TO_SAFE_Z_AFTER_SCAN,input_box_1,C5,output_D,category_D_output_box,A4,-140.000,60.000,200.000,hold,off,available,none,,placed_output,lift after scan
baseline_multi_box_run,baseline_multi_box_run_0017_MBOX-017,MBOX-017,9,MOVE_SAFE_ABOVE_TARGET,input_box_1,C5,output_D,category_D_output_box,A4,384.000,2.000,200.000,hold,off,available,none,,placed_output,move above target
baseline_multi_box_run,baseline_multi_box_run_0017_MBOX-017,MBOX-017,10,APPROACH_TARGET_SLOT,input_box_1,C5,output_D,category_D_output_box,A4,384.000,2.000,130.000,hold,off,available,none,,placed_output,approach target slot
baseline_multi_box_run,baseline_multi_box_run_0017_MBOX-017,MBOX-017,11,PLACE_TUBE,input_box_1,C5,output_D,category_D_output_box,A4,384.000,2.000,70.000,open,off,available,none,,placed_output,place tube
baseline_multi_box_run,baseline_multi_box_run_0017_MBOX-017,MBOX-017,12,RETREAT_TO_SAFE_Z,input_box_1,C5,output_D,category_D_output_box,A4,384.000,2.000,200.000,open,off,available,none,,placed_output,retreat after place
baseline_multi_box_run,baseline_multi_box_run_0018_MBOX-018,MBOX-018,1,MOVE_SAFE_ABOVE_INPUT,input_box_1,C6,output_A,category_A_output_box,A5,-260.000,271.000,200.000,open,off,available,none,,placed_output,move to input safe height
baseline_multi_box_run,baseline_multi_box_run_0018_MBOX-018,MBOX-018,2,APPROACH_INPUT_SLOT,input_box_1,C6,output_A,category_A_output_box,A5,-260.000,271.000,130.000,open,off,available,none,,placed_output,approach input slot
baseline_multi_box_run,baseline_multi_box_run_0018_MBOX-018,MBOX-018,3,PICK_TUBE,input_box_1,C6,output_A,category_A_output_box,A5,-260.000,271.000,55.000,close,off,available,none,,placed_output,pick tube
baseline_multi_box_run,baseline_multi_box_run_0018_MBOX-018,MBOX-018,4,LIFT_TO_SAFE_Z,input_box_1,C6,output_A,category_A_output_box,A5,-260.000,271.000,200.000,hold,off,available,none,,placed_output,lift picked tube
baseline_multi_box_run,baseline_multi_box_run_0018_MBOX-018,MBOX-018,5,MOVE_SAFE_ABOVE_SCAN,input_box_1,C6,output_A,category_A_output_box,A5,-140.000,60.000,200.000,hold,off,available,none,,placed_output,move above scan station
baseline_multi_box_run,baseline_multi_box_run_0018_MBOX-018,MBOX-018,6,APPROACH_SCAN_STATION,input_box_1,C6,output_A,category_A_output_box,A5,-140.000,60.000,75.000,hold,off,available,none,,placed_output,approach scan station
baseline_multi_box_run,baseline_multi_box_run_0018_MBOX-018,MBOX-018,7,SCAN_BARCODE,input_box_1,C6,output_A,category_A_output_box,A5,-140.000,60.000,75.000,hold,scan,available,none,,placed_output,scan and classify
baseline_multi_box_run,baseline_multi_box_run_0018_MBOX-018,MBOX-018,8,LIFT_TO_SAFE_Z_AFTER_SCAN,input_box_1,C6,output_A,category_A_output_box,A5,-140.000,60.000,200.000,hold,off,available,none,,placed_output,lift after scan
baseline_multi_box_run,baseline_multi_box_run_0018_MBOX-018,MBOX-018,9,MOVE_SAFE_ABOVE_TARGET,input_box_1,C6,output_A,category_A_output_box,A5,202.000,212.000,200.000,hold,off,available,none,,placed_output,move above target
baseline_multi_box_run,baseline_multi_box_run_0018_MBOX-018,MBOX-018,10,APPROACH_TARGET_SLOT,input_box_1,C6,output_A,category_A_output_box,A5,202.000,212.000,130.000,hold,off,available,none,,placed_output,approach target slot
baseline_multi_box_run,baseline_multi_box_run_0018_MBOX-018,MBOX-018,11,PLACE_TUBE,input_box_1,C6,output_A,category_A_output_box,A5,202.000,212.000,45.000,open,off,available,none,,placed_output,place tube
baseline_multi_box_run,baseline_multi_box_run_0018_MBOX-018,MBOX-018,12,RETREAT_TO_SAFE_Z,input_box_1,C6,output_A,category_A_output_box,A5,202.000,212.000,200.000,open,off,available,none,,placed_output,retreat after place
baseline_multi_box_run,baseline_multi_box_run_0019_MBOX-019,MBOX-019,1,MOVE_SAFE_ABOVE_INPUT,input_box_1,D1,manual_review,manual_review_bin,A2,-400.000,243.000,200.000,open,off,not_applicable,none,,placed_manual_review,move to input safe height
baseline_multi_box_run,baseline_multi_box_run_0019_MBOX-019,MBOX-019,2,APPROACH_INPUT_SLOT,input_box_1,D1,manual_review,manual_review_bin,A2,-400.000,243.000,130.000,open,off,not_applicable,none,,placed_manual_review,approach input slot
baseline_multi_box_run,baseline_multi_box_run_0019_MBOX-019,MBOX-019,3,PICK_TUBE,input_box_1,D1,manual_review,manual_review_bin,A2,-400.000,243.000,55.000,close,off,not_applicable,none,,placed_manual_review,pick tube
baseline_multi_box_run,baseline_multi_box_run_0019_MBOX-019,MBOX-019,4,LIFT_TO_SAFE_Z,input_box_1,D1,manual_review,manual_review_bin,A2,-400.000,243.000,200.000,hold,off,not_applicable,none,,placed_manual_review,lift picked tube
baseline_multi_box_run,baseline_multi_box_run_0019_MBOX-019,MBOX-019,5,MOVE_SAFE_ABOVE_SCAN,input_box_1,D1,manual_review,manual_review_bin,A2,-140.000,60.000,200.000,hold,off,not_applicable,none,,placed_manual_review,move above scan station
baseline_multi_box_run,baseline_multi_box_run_0019_MBOX-019,MBOX-019,6,APPROACH_SCAN_STATION,input_box_1,D1,manual_review,manual_review_bin,A2,-140.000,60.000,75.000,hold,off,not_applicable,none,,placed_manual_review,approach scan station
baseline_multi_box_run,baseline_multi_box_run_0019_MBOX-019,MBOX-019,7,SCAN_BARCODE,input_box_1,D1,manual_review,manual_review_bin,A2,-140.000,60.000,75.000,hold,scan,not_applicable,none,,placed_manual_review,scan and classify
baseline_multi_box_run,baseline_multi_box_run_0019_MBOX-019,MBOX-019,8,LIFT_TO_SAFE_Z_AFTER_SCAN,input_box_1,D1,manual_review,manual_review_bin,A2,-140.000,60.000,200.000,hold,off,not_applicable,none,,placed_manual_review,lift after scan
baseline_multi_box_run,baseline_multi_box_run_0019_MBOX-019,MBOX-019,9,MOVE_SAFE_ABOVE_TARGET,input_box_1,D1,manual_review,manual_review_bin,A2,-180.000,-286.000,200.000,hold,off,not_applicable,none,,placed_manual_review,move above target
baseline_multi_box_run,baseline_multi_box_run_0019_MBOX-019,MBOX-019,10,APPROACH_TARGET_SLOT,input_box_1,D1,manual_review,manual_review_bin,A2,-180.000,-286.000,130.000,hold,off,not_applicable,none,,placed_manual_review,approach target slot
baseline_multi_box_run,baseline_multi_box_run_0019_MBOX-019,MBOX-019,11,PLACE_TUBE,input_box_1,D1,manual_review,manual_review_bin,A2,-180.000,-286.000,45.000,open,off,not_applicable,none,,placed_manual_review,place tube
baseline_multi_box_run,baseline_multi_box_run_0019_MBOX-019,MBOX-019,12,RETREAT_TO_SAFE_Z,input_box_1,D1,manual_review,manual_review_bin,A2,-180.000,-286.000,200.000,open,off,not_applicable,none,,placed_manual_review,retreat after place
baseline_multi_box_run,baseline_multi_box_run_0020_MBOX-020,MBOX-020,1,MOVE_SAFE_ABOVE_INPUT,input_box_1,D2,output_B,category_B_output_box,A5,-372.000,243.000,200.000,open,off,available,none,,placed_output,move to input safe height
baseline_multi_box_run,baseline_multi_box_run_0020_MBOX-020,MBOX-020,2,APPROACH_INPUT_SLOT,input_box_1,D2,output_B,category_B_output_box,A5,-372.000,243.000,130.000,open,off,available,none,,placed_output,approach input slot
baseline_multi_box_run,baseline_multi_box_run_0020_MBOX-020,MBOX-020,3,PICK_TUBE,input_box_1,D2,output_B,category_B_output_box,A5,-372.000,243.000,80.000,close,off,available,none,,placed_output,pick tube
baseline_multi_box_run,baseline_multi_box_run_0020_MBOX-020,MBOX-020,4,LIFT_TO_SAFE_Z,input_box_1,D2,output_B,category_B_output_box,A5,-372.000,243.000,200.000,hold,off,available,none,,placed_output,lift picked tube
baseline_multi_box_run,baseline_multi_box_run_0020_MBOX-020,MBOX-020,5,MOVE_SAFE_ABOVE_SCAN,input_box_1,D2,output_B,category_B_output_box,A5,-140.000,60.000,200.000,hold,off,available,none,,placed_output,move above scan station
baseline_multi_box_run,baseline_multi_box_run_0020_MBOX-020,MBOX-020,6,APPROACH_SCAN_STATION,input_box_1,D2,output_B,category_B_output_box,A5,-140.000,60.000,75.000,hold,off,available,none,,placed_output,approach scan station
baseline_multi_box_run,baseline_multi_box_run_0020_MBOX-020,MBOX-020,7,SCAN_BARCODE,input_box_1,D2,output_B,category_B_output_box,A5,-140.000,60.000,75.000,hold,scan,available,none,,placed_output,scan and classify
baseline_multi_box_run,baseline_multi_box_run_0020_MBOX-020,MBOX-020,8,LIFT_TO_SAFE_Z_AFTER_SCAN,input_box_1,D2,output_B,category_B_output_box,A5,-140.000,60.000,200.000,hold,off,available,none,,placed_output,lift after scan
baseline_multi_box_run,baseline_multi_box_run_0020_MBOX-020,MBOX-020,9,MOVE_SAFE_ABOVE_TARGET,input_box_1,D2,output_B,category_B_output_box,A5,412.000,212.000,200.000,hold,off,available,none,,placed_output,move above target
baseline_multi_box_run,baseline_multi_box_run_0020_MBOX-020,MBOX-020,10,APPROACH_TARGET_SLOT,input_box_1,D2,output_B,category_B_output_box,A5,412.000,212.000,130.000,hold,off,available,none,,placed_output,approach target slot
baseline_multi_box_run,baseline_multi_box_run_0020_MBOX-020,MBOX-020,11,PLACE_TUBE,input_box_1,D2,output_B,category_B_output_box,A5,412.000,212.000,70.000,open,off,available,none,,placed_output,place tube
baseline_multi_box_run,baseline_multi_box_run_0020_MBOX-020,MBOX-020,12,RETREAT_TO_SAFE_Z,input_box_1,D2,output_B,category_B_output_box,A5,412.000,212.000,200.000,open,off,available,none,,placed_output,retreat after place
baseline_multi_box_run,baseline_multi_box_run_0021_MBOX-021,MBOX-021,1,MOVE_SAFE_ABOVE_INPUT,input_box_1,D3,output_C,category_C_output_box,A5,-344.000,243.000,200.000,open,off,available,none,,placed_output,move to input safe height
baseline_multi_box_run,baseline_multi_box_run_0021_MBOX-021,MBOX-021,2,APPROACH_INPUT_SLOT,input_box_1,D3,output_C,category_C_output_box,A5,-344.000,243.000,130.000,open,off,available,none,,placed_output,approach input slot
baseline_multi_box_run,baseline_multi_box_run_0021_MBOX-021,MBOX-021,3,PICK_TUBE,input_box_1,D3,output_C,category_C_output_box,A5,-344.000,243.000,55.000,close,off,available,none,,placed_output,pick tube
baseline_multi_box_run,baseline_multi_box_run_0021_MBOX-021,MBOX-021,4,LIFT_TO_SAFE_Z,input_box_1,D3,output_C,category_C_output_box,A5,-344.000,243.000,200.000,hold,off,available,none,,placed_output,lift picked tube
baseline_multi_box_run,baseline_multi_box_run_0021_MBOX-021,MBOX-021,5,MOVE_SAFE_ABOVE_SCAN,input_box_1,D3,output_C,category_C_output_box,A5,-140.000,60.000,200.000,hold,off,available,none,,placed_output,move above scan station
baseline_multi_box_run,baseline_multi_box_run_0021_MBOX-021,MBOX-021,6,APPROACH_SCAN_STATION,input_box_1,D3,output_C,category_C_output_box,A5,-140.000,60.000,75.000,hold,off,available,none,,placed_output,approach scan station
baseline_multi_box_run,baseline_multi_box_run_0021_MBOX-021,MBOX-021,7,SCAN_BARCODE,input_box_1,D3,output_C,category_C_output_box,A5,-140.000,60.000,75.000,hold,scan,available,none,,placed_output,scan and classify
baseline_multi_box_run,baseline_multi_box_run_0021_MBOX-021,MBOX-021,8,LIFT_TO_SAFE_Z_AFTER_SCAN,input_box_1,D3,output_C,category_C_output_box,A5,-140.000,60.000,200.000,hold,off,available,none,,placed_output,lift after scan
baseline_multi_box_run,baseline_multi_box_run_0021_MBOX-021,MBOX-021,9,MOVE_SAFE_ABOVE_TARGET,input_box_1,D3,output_C,category_C_output_box,A5,202.000,2.000,200.000,hold,off,available,none,,placed_output,move above target
baseline_multi_box_run,baseline_multi_box_run_0021_MBOX-021,MBOX-021,10,APPROACH_TARGET_SLOT,input_box_1,D3,output_C,category_C_output_box,A5,202.000,2.000,130.000,hold,off,available,none,,placed_output,approach target slot
baseline_multi_box_run,baseline_multi_box_run_0021_MBOX-021,MBOX-021,11,PLACE_TUBE,input_box_1,D3,output_C,category_C_output_box,A5,202.000,2.000,45.000,open,off,available,none,,placed_output,place tube
baseline_multi_box_run,baseline_multi_box_run_0021_MBOX-021,MBOX-021,12,RETREAT_TO_SAFE_Z,input_box_1,D3,output_C,category_C_output_box,A5,202.000,2.000,200.000,open,off,available,none,,placed_output,retreat after place
baseline_multi_box_run,baseline_multi_box_run_0022_MBOX-022,MBOX-022,1,MOVE_SAFE_ABOVE_INPUT,input_box_1,D4,output_D,category_D_output_box,A5,-316.000,243.000,200.000,open,off,available,none,,placed_output,move to input safe height
baseline_multi_box_run,baseline_multi_box_run_0022_MBOX-022,MBOX-022,2,APPROACH_INPUT_SLOT,input_box_1,D4,output_D,category_D_output_box,A5,-316.000,243.000,130.000,open,off,available,none,,placed_output,approach input slot
baseline_multi_box_run,baseline_multi_box_run_0022_MBOX-022,MBOX-022,3,PICK_TUBE,input_box_1,D4,output_D,category_D_output_box,A5,-316.000,243.000,55.000,close,off,available,none,,placed_output,pick tube
baseline_multi_box_run,baseline_multi_box_run_0022_MBOX-022,MBOX-022,4,LIFT_TO_SAFE_Z,input_box_1,D4,output_D,category_D_output_box,A5,-316.000,243.000,200.000,hold,off,available,none,,placed_output,lift picked tube
baseline_multi_box_run,baseline_multi_box_run_0022_MBOX-022,MBOX-022,5,MOVE_SAFE_ABOVE_SCAN,input_box_1,D4,output_D,category_D_output_box,A5,-140.000,60.000,200.000,hold,off,available,none,,placed_output,move above scan station
baseline_multi_box_run,baseline_multi_box_run_0022_MBOX-022,MBOX-022,6,APPROACH_SCAN_STATION,input_box_1,D4,output_D,category_D_output_box,A5,-140.000,60.000,75.000,hold,off,available,none,,placed_output,approach scan station
baseline_multi_box_run,baseline_multi_box_run_0022_MBOX-022,MBOX-022,7,SCAN_BARCODE,input_box_1,D4,output_D,category_D_output_box,A5,-140.000,60.000,75.000,hold,scan,available,none,,placed_output,scan and classify
baseline_multi_box_run,baseline_multi_box_run_0022_MBOX-022,MBOX-022,8,LIFT_TO_SAFE_Z_AFTER_SCAN,input_box_1,D4,output_D,category_D_output_box,A5,-140.000,60.000,200.000,hold,off,available,none,,placed_output,lift after scan
baseline_multi_box_run,baseline_multi_box_run_0022_MBOX-022,MBOX-022,9,MOVE_SAFE_ABOVE_TARGET,input_box_1,D4,output_D,category_D_output_box,A5,412.000,2.000,200.000,hold,off,available,none,,placed_output,move above target
baseline_multi_box_run,baseline_multi_box_run_0022_MBOX-022,MBOX-022,10,APPROACH_TARGET_SLOT,input_box_1,D4,output_D,category_D_output_box,A5,412.000,2.000,130.000,hold,off,available,none,,placed_output,approach target slot
baseline_multi_box_run,baseline_multi_box_run_0022_MBOX-022,MBOX-022,11,PLACE_TUBE,input_box_1,D4,output_D,category_D_output_box,A5,412.000,2.000,45.000,open,off,available,none,,placed_output,place tube
baseline_multi_box_run,baseline_multi_box_run_0022_MBOX-022,MBOX-022,12,RETREAT_TO_SAFE_Z,input_box_1,D4,output_D,category_D_output_box,A5,412.000,2.000,200.000,open,off,available,none,,placed_output,retreat after place
baseline_multi_box_run,baseline_multi_box_run_0023_MBOX-023,MBOX-023,1,MOVE_SAFE_ABOVE_INPUT,input_box_1,D5,output_A,category_A_output_box,A6,-288.000,243.000,200.000,open,off,available,none,,placed_output,move to input safe height
baseline_multi_box_run,baseline_multi_box_run_0023_MBOX-023,MBOX-023,2,APPROACH_INPUT_SLOT,input_box_1,D5,output_A,category_A_output_box,A6,-288.000,243.000,130.000,open,off,available,none,,placed_output,approach input slot
baseline_multi_box_run,baseline_multi_box_run_0023_MBOX-023,MBOX-023,3,PICK_TUBE,input_box_1,D5,output_A,category_A_output_box,A6,-288.000,243.000,80.000,close,off,available,none,,placed_output,pick tube
baseline_multi_box_run,baseline_multi_box_run_0023_MBOX-023,MBOX-023,4,LIFT_TO_SAFE_Z,input_box_1,D5,output_A,category_A_output_box,A6,-288.000,243.000,200.000,hold,off,available,none,,placed_output,lift picked tube
baseline_multi_box_run,baseline_multi_box_run_0023_MBOX-023,MBOX-023,5,MOVE_SAFE_ABOVE_SCAN,input_box_1,D5,output_A,category_A_output_box,A6,-140.000,60.000,200.000,hold,off,available,none,,placed_output,move above scan station
baseline_multi_box_run,baseline_multi_box_run_0023_MBOX-023,MBOX-023,6,APPROACH_SCAN_STATION,input_box_1,D5,output_A,category_A_output_box,A6,-140.000,60.000,75.000,hold,off,available,none,,placed_output,approach scan station
baseline_multi_box_run,baseline_multi_box_run_0023_MBOX-023,MBOX-023,7,SCAN_BARCODE,input_box_1,D5,output_A,category_A_output_box,A6,-140.000,60.000,75.000,hold,scan,available,none,,placed_output,scan and classify
baseline_multi_box_run,baseline_multi_box_run_0023_MBOX-023,MBOX-023,8,LIFT_TO_SAFE_Z_AFTER_SCAN,input_box_1,D5,output_A,category_A_output_box,A6,-140.000,60.000,200.000,hold,off,available,none,,placed_output,lift after scan
baseline_multi_box_run,baseline_multi_box_run_0023_MBOX-023,MBOX-023,9,MOVE_SAFE_ABOVE_TARGET,input_box_1,D5,output_A,category_A_output_box,A6,230.000,212.000,200.000,hold,off,available,none,,placed_output,move above target
baseline_multi_box_run,baseline_multi_box_run_0023_MBOX-023,MBOX-023,10,APPROACH_TARGET_SLOT,input_box_1,D5,output_A,category_A_output_box,A6,230.000,212.000,130.000,hold,off,available,none,,placed_output,approach target slot
baseline_multi_box_run,baseline_multi_box_run_0023_MBOX-023,MBOX-023,11,PLACE_TUBE,input_box_1,D5,output_A,category_A_output_box,A6,230.000,212.000,70.000,open,off,available,none,,placed_output,place tube
baseline_multi_box_run,baseline_multi_box_run_0023_MBOX-023,MBOX-023,12,RETREAT_TO_SAFE_Z,input_box_1,D5,output_A,category_A_output_box,A6,230.000,212.000,200.000,open,off,available,none,,placed_output,retreat after place
baseline_multi_box_run,baseline_multi_box_run_0024_MBOX-024,MBOX-024,1,MOVE_SAFE_ABOVE_INPUT,input_box_1,D6,output_B,category_B_output_box,A6,-260.000,243.000,200.000,open,off,available,none,,placed_output,move to input safe height
baseline_multi_box_run,baseline_multi_box_run_0024_MBOX-024,MBOX-024,2,APPROACH_INPUT_SLOT,input_box_1,D6,output_B,category_B_output_box,A6,-260.000,243.000,130.000,open,off,available,none,,placed_output,approach input slot
baseline_multi_box_run,baseline_multi_box_run_0024_MBOX-024,MBOX-024,3,PICK_TUBE,input_box_1,D6,output_B,category_B_output_box,A6,-260.000,243.000,55.000,close,off,available,none,,placed_output,pick tube
baseline_multi_box_run,baseline_multi_box_run_0024_MBOX-024,MBOX-024,4,LIFT_TO_SAFE_Z,input_box_1,D6,output_B,category_B_output_box,A6,-260.000,243.000,200.000,hold,off,available,none,,placed_output,lift picked tube
baseline_multi_box_run,baseline_multi_box_run_0024_MBOX-024,MBOX-024,5,MOVE_SAFE_ABOVE_SCAN,input_box_1,D6,output_B,category_B_output_box,A6,-140.000,60.000,200.000,hold,off,available,none,,placed_output,move above scan station
baseline_multi_box_run,baseline_multi_box_run_0024_MBOX-024,MBOX-024,6,APPROACH_SCAN_STATION,input_box_1,D6,output_B,category_B_output_box,A6,-140.000,60.000,75.000,hold,off,available,none,,placed_output,approach scan station
baseline_multi_box_run,baseline_multi_box_run_0024_MBOX-024,MBOX-024,7,SCAN_BARCODE,input_box_1,D6,output_B,category_B_output_box,A6,-140.000,60.000,75.000,hold,scan,available,none,,placed_output,scan and classify
baseline_multi_box_run,baseline_multi_box_run_0024_MBOX-024,MBOX-024,8,LIFT_TO_SAFE_Z_AFTER_SCAN,input_box_1,D6,output_B,category_B_output_box,A6,-140.000,60.000,200.000,hold,off,available,none,,placed_output,lift after scan
baseline_multi_box_run,baseline_multi_box_run_0024_MBOX-024,MBOX-024,9,MOVE_SAFE_ABOVE_TARGET,input_box_1,D6,output_B,category_B_output_box,A6,440.000,212.000,200.000,hold,off,available,none,,placed_output,move above target
baseline_multi_box_run,baseline_multi_box_run_0024_MBOX-024,MBOX-024,10,APPROACH_TARGET_SLOT,input_box_1,D6,output_B,category_B_output_box,A6,440.000,212.000,130.000,hold,off,available,none,,placed_output,approach target slot
baseline_multi_box_run,baseline_multi_box_run_0024_MBOX-024,MBOX-024,11,PLACE_TUBE,input_box_1,D6,output_B,category_B_output_box,A6,440.000,212.000,45.000,open,off,available,none,,placed_output,place tube
baseline_multi_box_run,baseline_multi_box_run_0024_MBOX-024,MBOX-024,12,RETREAT_TO_SAFE_Z,input_box_1,D6,output_B,category_B_output_box,A6,440.000,212.000,200.000,open,off,available,none,,placed_output,retreat after place
baseline_multi_box_run,baseline_multi_box_run_0025_MBOX-025,MBOX-025,1,MOVE_SAFE_ABOVE_INPUT,input_box_2,A1,output_C,category_C_output_box,A6,-400.000,197.000,200.000,open,off,available,none,,placed_output,move to input safe height
baseline_multi_box_run,baseline_multi_box_run_0025_MBOX-025,MBOX-025,2,APPROACH_INPUT_SLOT,input_box_2,A1,output_C,category_C_output_box,A6,-400.000,197.000,130.000,open,off,available,none,,placed_output,approach input slot
baseline_multi_box_run,baseline_multi_box_run_0025_MBOX-025,MBOX-025,3,PICK_TUBE,input_box_2,A1,output_C,category_C_output_box,A6,-400.000,197.000,55.000,close,off,available,none,,placed_output,pick tube
baseline_multi_box_run,baseline_multi_box_run_0025_MBOX-025,MBOX-025,4,LIFT_TO_SAFE_Z,input_box_2,A1,output_C,category_C_output_box,A6,-400.000,197.000,200.000,hold,off,available,none,,placed_output,lift picked tube
baseline_multi_box_run,baseline_multi_box_run_0025_MBOX-025,MBOX-025,5,MOVE_SAFE_ABOVE_SCAN,input_box_2,A1,output_C,category_C_output_box,A6,-140.000,60.000,200.000,hold,off,available,none,,placed_output,move above scan station
baseline_multi_box_run,baseline_multi_box_run_0025_MBOX-025,MBOX-025,6,APPROACH_SCAN_STATION,input_box_2,A1,output_C,category_C_output_box,A6,-140.000,60.000,75.000,hold,off,available,none,,placed_output,approach scan station
baseline_multi_box_run,baseline_multi_box_run_0025_MBOX-025,MBOX-025,7,SCAN_BARCODE,input_box_2,A1,output_C,category_C_output_box,A6,-140.000,60.000,75.000,hold,scan,available,none,,placed_output,scan and classify
baseline_multi_box_run,baseline_multi_box_run_0025_MBOX-025,MBOX-025,8,LIFT_TO_SAFE_Z_AFTER_SCAN,input_box_2,A1,output_C,category_C_output_box,A6,-140.000,60.000,200.000,hold,off,available,none,,placed_output,lift after scan
baseline_multi_box_run,baseline_multi_box_run_0025_MBOX-025,MBOX-025,9,MOVE_SAFE_ABOVE_TARGET,input_box_2,A1,output_C,category_C_output_box,A6,230.000,2.000,200.000,hold,off,available,none,,placed_output,move above target
baseline_multi_box_run,baseline_multi_box_run_0025_MBOX-025,MBOX-025,10,APPROACH_TARGET_SLOT,input_box_2,A1,output_C,category_C_output_box,A6,230.000,2.000,130.000,hold,off,available,none,,placed_output,approach target slot
baseline_multi_box_run,baseline_multi_box_run_0025_MBOX-025,MBOX-025,11,PLACE_TUBE,input_box_2,A1,output_C,category_C_output_box,A6,230.000,2.000,45.000,open,off,available,none,,placed_output,place tube
baseline_multi_box_run,baseline_multi_box_run_0025_MBOX-025,MBOX-025,12,RETREAT_TO_SAFE_Z,input_box_2,A1,output_C,category_C_output_box,A6,230.000,2.000,200.000,open,off,available,none,,placed_output,retreat after place
baseline_multi_box_run,baseline_multi_box_run_0026_MBOX-026,MBOX-026,1,MOVE_SAFE_ABOVE_INPUT,input_box_2,A2,output_D,category_D_output_box,A6,-372.000,197.000,200.000,open,off,available,none,,placed_output,move to input safe height
baseline_multi_box_run,baseline_multi_box_run_0026_MBOX-026,MBOX-026,2,APPROACH_INPUT_SLOT,input_box_2,A2,output_D,category_D_output_box,A6,-372.000,197.000,130.000,open,off,available,none,,placed_output,approach input slot
baseline_multi_box_run,baseline_multi_box_run_0026_MBOX-026,MBOX-026,3,PICK_TUBE,input_box_2,A2,output_D,category_D_output_box,A6,-372.000,197.000,80.000,close,off,available,none,,placed_output,pick tube
baseline_multi_box_run,baseline_multi_box_run_0026_MBOX-026,MBOX-026,4,LIFT_TO_SAFE_Z,input_box_2,A2,output_D,category_D_output_box,A6,-372.000,197.000,200.000,hold,off,available,none,,placed_output,lift picked tube
baseline_multi_box_run,baseline_multi_box_run_0026_MBOX-026,MBOX-026,5,MOVE_SAFE_ABOVE_SCAN,input_box_2,A2,output_D,category_D_output_box,A6,-140.000,60.000,200.000,hold,off,available,none,,placed_output,move above scan station
baseline_multi_box_run,baseline_multi_box_run_0026_MBOX-026,MBOX-026,6,APPROACH_SCAN_STATION,input_box_2,A2,output_D,category_D_output_box,A6,-140.000,60.000,75.000,hold,off,available,none,,placed_output,approach scan station
baseline_multi_box_run,baseline_multi_box_run_0026_MBOX-026,MBOX-026,7,SCAN_BARCODE,input_box_2,A2,output_D,category_D_output_box,A6,-140.000,60.000,75.000,hold,scan,available,none,,placed_output,scan and classify
baseline_multi_box_run,baseline_multi_box_run_0026_MBOX-026,MBOX-026,8,LIFT_TO_SAFE_Z_AFTER_SCAN,input_box_2,A2,output_D,category_D_output_box,A6,-140.000,60.000,200.000,hold,off,available,none,,placed_output,lift after scan
baseline_multi_box_run,baseline_multi_box_run_0026_MBOX-026,MBOX-026,9,MOVE_SAFE_ABOVE_TARGET,input_box_2,A2,output_D,category_D_output_box,A6,440.000,2.000,200.000,hold,off,available,none,,placed_output,move above target
baseline_multi_box_run,baseline_multi_box_run_0026_MBOX-026,MBOX-026,10,APPROACH_TARGET_SLOT,input_box_2,A2,output_D,category_D_output_box,A6,440.000,2.000,130.000,hold,off,available,none,,placed_output,approach target slot
baseline_multi_box_run,baseline_multi_box_run_0026_MBOX-026,MBOX-026,11,PLACE_TUBE,input_box_2,A2,output_D,category_D_output_box,A6,440.000,2.000,70.000,open,off,available,none,,placed_output,place tube
baseline_multi_box_run,baseline_multi_box_run_0026_MBOX-026,MBOX-026,12,RETREAT_TO_SAFE_Z,input_box_2,A2,output_D,category_D_output_box,A6,440.000,2.000,200.000,open,off,available,none,,placed_output,retreat after place
baseline_multi_box_run,baseline_multi_box_run_0027_MBOX-027,MBOX-027,1,MOVE_SAFE_ABOVE_INPUT,input_box_2,A3,output_A,category_A_output_box,B1,-344.000,197.000,200.000,open,off,available,none,,placed_output,move to input safe height
baseline_multi_box_run,baseline_multi_box_run_0027_MBOX-027,MBOX-027,2,APPROACH_INPUT_SLOT,input_box_2,A3,output_A,category_A_output_box,B1,-344.000,197.000,130.000,open,off,available,none,,placed_output,approach input slot
baseline_multi_box_run,baseline_multi_box_run_0027_MBOX-027,MBOX-027,3,PICK_TUBE,input_box_2,A3,output_A,category_A_output_box,B1,-344.000,197.000,55.000,close,off,available,none,,placed_output,pick tube
baseline_multi_box_run,baseline_multi_box_run_0027_MBOX-027,MBOX-027,4,LIFT_TO_SAFE_Z,input_box_2,A3,output_A,category_A_output_box,B1,-344.000,197.000,200.000,hold,off,available,none,,placed_output,lift picked tube
baseline_multi_box_run,baseline_multi_box_run_0027_MBOX-027,MBOX-027,5,MOVE_SAFE_ABOVE_SCAN,input_box_2,A3,output_A,category_A_output_box,B1,-140.000,60.000,200.000,hold,off,available,none,,placed_output,move above scan station
baseline_multi_box_run,baseline_multi_box_run_0027_MBOX-027,MBOX-027,6,APPROACH_SCAN_STATION,input_box_2,A3,output_A,category_A_output_box,B1,-140.000,60.000,75.000,hold,off,available,none,,placed_output,approach scan station
baseline_multi_box_run,baseline_multi_box_run_0027_MBOX-027,MBOX-027,7,SCAN_BARCODE,input_box_2,A3,output_A,category_A_output_box,B1,-140.000,60.000,75.000,hold,scan,available,none,,placed_output,scan and classify
baseline_multi_box_run,baseline_multi_box_run_0027_MBOX-027,MBOX-027,8,LIFT_TO_SAFE_Z_AFTER_SCAN,input_box_2,A3,output_A,category_A_output_box,B1,-140.000,60.000,200.000,hold,off,available,none,,placed_output,lift after scan
baseline_multi_box_run,baseline_multi_box_run_0027_MBOX-027,MBOX-027,9,MOVE_SAFE_ABOVE_TARGET,input_box_2,A3,output_A,category_A_output_box,B1,90.000,184.000,200.000,hold,off,available,none,,placed_output,move above target
baseline_multi_box_run,baseline_multi_box_run_0027_MBOX-027,MBOX-027,10,APPROACH_TARGET_SLOT,input_box_2,A3,output_A,category_A_output_box,B1,90.000,184.000,130.000,hold,off,available,none,,placed_output,approach target slot
baseline_multi_box_run,baseline_multi_box_run_0027_MBOX-027,MBOX-027,11,PLACE_TUBE,input_box_2,A3,output_A,category_A_output_box,B1,90.000,184.000,45.000,open,off,available,none,,placed_output,place tube
baseline_multi_box_run,baseline_multi_box_run_0027_MBOX-027,MBOX-027,12,RETREAT_TO_SAFE_Z,input_box_2,A3,output_A,category_A_output_box,B1,90.000,184.000,200.000,open,off,available,none,,placed_output,retreat after place
baseline_multi_box_run,baseline_multi_box_run_0028_MBOX-028,MBOX-028,1,MOVE_SAFE_ABOVE_INPUT,input_box_2,A4,output_B,category_B_output_box,B1,-316.000,197.000,200.000,open,off,available,none,,placed_output,move to input safe height
baseline_multi_box_run,baseline_multi_box_run_0028_MBOX-028,MBOX-028,2,APPROACH_INPUT_SLOT,input_box_2,A4,output_B,category_B_output_box,B1,-316.000,197.000,130.000,open,off,available,none,,placed_output,approach input slot
baseline_multi_box_run,baseline_multi_box_run_0028_MBOX-028,MBOX-028,3,PICK_TUBE,input_box_2,A4,output_B,category_B_output_box,B1,-316.000,197.000,55.000,close,off,available,none,,placed_output,pick tube
baseline_multi_box_run,baseline_multi_box_run_0028_MBOX-028,MBOX-028,4,LIFT_TO_SAFE_Z,input_box_2,A4,output_B,category_B_output_box,B1,-316.000,197.000,200.000,hold,off,available,none,,placed_output,lift picked tube
baseline_multi_box_run,baseline_multi_box_run_0028_MBOX-028,MBOX-028,5,MOVE_SAFE_ABOVE_SCAN,input_box_2,A4,output_B,category_B_output_box,B1,-140.000,60.000,200.000,hold,off,available,none,,placed_output,move above scan station
baseline_multi_box_run,baseline_multi_box_run_0028_MBOX-028,MBOX-028,6,APPROACH_SCAN_STATION,input_box_2,A4,output_B,category_B_output_box,B1,-140.000,60.000,75.000,hold,off,available,none,,placed_output,approach scan station
baseline_multi_box_run,baseline_multi_box_run_0028_MBOX-028,MBOX-028,7,SCAN_BARCODE,input_box_2,A4,output_B,category_B_output_box,B1,-140.000,60.000,75.000,hold,scan,available,none,,placed_output,scan and classify
baseline_multi_box_run,baseline_multi_box_run_0028_MBOX-028,MBOX-028,8,LIFT_TO_SAFE_Z_AFTER_SCAN,input_box_2,A4,output_B,category_B_output_box,B1,-140.000,60.000,200.000,hold,off,available,none,,placed_output,lift after scan
baseline_multi_box_run,baseline_multi_box_run_0028_MBOX-028,MBOX-028,9,MOVE_SAFE_ABOVE_TARGET,input_box_2,A4,output_B,category_B_output_box,B1,300.000,184.000,200.000,hold,off,available,none,,placed_output,move above target
baseline_multi_box_run,baseline_multi_box_run_0028_MBOX-028,MBOX-028,10,APPROACH_TARGET_SLOT,input_box_2,A4,output_B,category_B_output_box,B1,300.000,184.000,130.000,hold,off,available,none,,placed_output,approach target slot
baseline_multi_box_run,baseline_multi_box_run_0028_MBOX-028,MBOX-028,11,PLACE_TUBE,input_box_2,A4,output_B,category_B_output_box,B1,300.000,184.000,45.000,open,off,available,none,,placed_output,place tube
baseline_multi_box_run,baseline_multi_box_run_0028_MBOX-028,MBOX-028,12,RETREAT_TO_SAFE_Z,input_box_2,A4,output_B,category_B_output_box,B1,300.000,184.000,200.000,open,off,available,none,,placed_output,retreat after place
baseline_multi_box_run,baseline_multi_box_run_0029_MBOX-029,MBOX-029,1,MOVE_SAFE_ABOVE_INPUT,input_box_2,A5,output_C,category_C_output_box,B1,-288.000,197.000,200.000,open,off,available,none,,placed_output,move to input safe height
baseline_multi_box_run,baseline_multi_box_run_0029_MBOX-029,MBOX-029,2,APPROACH_INPUT_SLOT,input_box_2,A5,output_C,category_C_output_box,B1,-288.000,197.000,130.000,open,off,available,none,,placed_output,approach input slot
baseline_multi_box_run,baseline_multi_box_run_0029_MBOX-029,MBOX-029,3,PICK_TUBE,input_box_2,A5,output_C,category_C_output_box,B1,-288.000,197.000,80.000,close,off,available,none,,placed_output,pick tube
baseline_multi_box_run,baseline_multi_box_run_0029_MBOX-029,MBOX-029,4,LIFT_TO_SAFE_Z,input_box_2,A5,output_C,category_C_output_box,B1,-288.000,197.000,200.000,hold,off,available,none,,placed_output,lift picked tube
baseline_multi_box_run,baseline_multi_box_run_0029_MBOX-029,MBOX-029,5,MOVE_SAFE_ABOVE_SCAN,input_box_2,A5,output_C,category_C_output_box,B1,-140.000,60.000,200.000,hold,off,available,none,,placed_output,move above scan station
baseline_multi_box_run,baseline_multi_box_run_0029_MBOX-029,MBOX-029,6,APPROACH_SCAN_STATION,input_box_2,A5,output_C,category_C_output_box,B1,-140.000,60.000,75.000,hold,off,available,none,,placed_output,approach scan station
baseline_multi_box_run,baseline_multi_box_run_0029_MBOX-029,MBOX-029,7,SCAN_BARCODE,input_box_2,A5,output_C,category_C_output_box,B1,-140.000,60.000,75.000,hold,scan,available,none,,placed_output,scan and classify
baseline_multi_box_run,baseline_multi_box_run_0029_MBOX-029,MBOX-029,8,LIFT_TO_SAFE_Z_AFTER_SCAN,input_box_2,A5,output_C,category_C_output_box,B1,-140.000,60.000,200.000,hold,off,available,none,,placed_output,lift after scan
baseline_multi_box_run,baseline_multi_box_run_0029_MBOX-029,MBOX-029,9,MOVE_SAFE_ABOVE_TARGET,input_box_2,A5,output_C,category_C_output_box,B1,90.000,-26.000,200.000,hold,off,available,none,,placed_output,move above target
baseline_multi_box_run,baseline_multi_box_run_0029_MBOX-029,MBOX-029,10,APPROACH_TARGET_SLOT,input_box_2,A5,output_C,category_C_output_box,B1,90.000,-26.000,130.000,hold,off,available,none,,placed_output,approach target slot
baseline_multi_box_run,baseline_multi_box_run_0029_MBOX-029,MBOX-029,11,PLACE_TUBE,input_box_2,A5,output_C,category_C_output_box,B1,90.000,-26.000,70.000,open,off,available,none,,placed_output,place tube
baseline_multi_box_run,baseline_multi_box_run_0029_MBOX-029,MBOX-029,12,RETREAT_TO_SAFE_Z,input_box_2,A5,output_C,category_C_output_box,B1,90.000,-26.000,200.000,open,off,available,none,,placed_output,retreat after place
baseline_multi_box_run,baseline_multi_box_run_0030_MBOX-030,MBOX-030,1,MOVE_SAFE_ABOVE_INPUT,input_box_2,A6,output_D,category_D_output_box,B1,-260.000,197.000,200.000,open,off,available,none,,placed_output,move to input safe height
baseline_multi_box_run,baseline_multi_box_run_0030_MBOX-030,MBOX-030,2,APPROACH_INPUT_SLOT,input_box_2,A6,output_D,category_D_output_box,B1,-260.000,197.000,130.000,open,off,available,none,,placed_output,approach input slot
baseline_multi_box_run,baseline_multi_box_run_0030_MBOX-030,MBOX-030,3,PICK_TUBE,input_box_2,A6,output_D,category_D_output_box,B1,-260.000,197.000,55.000,close,off,available,none,,placed_output,pick tube
baseline_multi_box_run,baseline_multi_box_run_0030_MBOX-030,MBOX-030,4,LIFT_TO_SAFE_Z,input_box_2,A6,output_D,category_D_output_box,B1,-260.000,197.000,200.000,hold,off,available,none,,placed_output,lift picked tube
baseline_multi_box_run,baseline_multi_box_run_0030_MBOX-030,MBOX-030,5,MOVE_SAFE_ABOVE_SCAN,input_box_2,A6,output_D,category_D_output_box,B1,-140.000,60.000,200.000,hold,off,available,none,,placed_output,move above scan station
baseline_multi_box_run,baseline_multi_box_run_0030_MBOX-030,MBOX-030,6,APPROACH_SCAN_STATION,input_box_2,A6,output_D,category_D_output_box,B1,-140.000,60.000,75.000,hold,off,available,none,,placed_output,approach scan station
baseline_multi_box_run,baseline_multi_box_run_0030_MBOX-030,MBOX-030,7,SCAN_BARCODE,input_box_2,A6,output_D,category_D_output_box,B1,-140.000,60.000,75.000,hold,scan,available,none,,placed_output,scan and classify
baseline_multi_box_run,baseline_multi_box_run_0030_MBOX-030,MBOX-030,8,LIFT_TO_SAFE_Z_AFTER_SCAN,input_box_2,A6,output_D,category_D_output_box,B1,-140.000,60.000,200.000,hold,off,available,none,,placed_output,lift after scan
baseline_multi_box_run,baseline_multi_box_run_0030_MBOX-030,MBOX-030,9,MOVE_SAFE_ABOVE_TARGET,input_box_2,A6,output_D,category_D_output_box,B1,300.000,-26.000,200.000,hold,off,available,none,,placed_output,move above target
baseline_multi_box_run,baseline_multi_box_run_0030_MBOX-030,MBOX-030,10,APPROACH_TARGET_SLOT,input_box_2,A6,output_D,category_D_output_box,B1,300.000,-26.000,130.000,hold,off,available,none,,placed_output,approach target slot
baseline_multi_box_run,baseline_multi_box_run_0030_MBOX-030,MBOX-030,11,PLACE_TUBE,input_box_2,A6,output_D,category_D_output_box,B1,300.000,-26.000,45.000,open,off,available,none,,placed_output,place tube
baseline_multi_box_run,baseline_multi_box_run_0030_MBOX-030,MBOX-030,12,RETREAT_TO_SAFE_Z,input_box_2,A6,output_D,category_D_output_box,B1,300.000,-26.000,200.000,open,off,available,none,,placed_output,retreat after place
baseline_multi_box_run,baseline_multi_box_run_0031_MBOX-031,MBOX-031,1,MOVE_SAFE_ABOVE_INPUT,input_box_2,B1,output_A,category_A_output_box,B2,-400.000,169.000,200.000,open,off,available,none,,placed_output,move to input safe height
baseline_multi_box_run,baseline_multi_box_run_0031_MBOX-031,MBOX-031,2,APPROACH_INPUT_SLOT,input_box_2,B1,output_A,category_A_output_box,B2,-400.000,169.000,130.000,open,off,available,none,,placed_output,approach input slot
baseline_multi_box_run,baseline_multi_box_run_0031_MBOX-031,MBOX-031,3,PICK_TUBE,input_box_2,B1,output_A,category_A_output_box,B2,-400.000,169.000,55.000,close,off,available,none,,placed_output,pick tube
baseline_multi_box_run,baseline_multi_box_run_0031_MBOX-031,MBOX-031,4,LIFT_TO_SAFE_Z,input_box_2,B1,output_A,category_A_output_box,B2,-400.000,169.000,200.000,hold,off,available,none,,placed_output,lift picked tube
baseline_multi_box_run,baseline_multi_box_run_0031_MBOX-031,MBOX-031,5,MOVE_SAFE_ABOVE_SCAN,input_box_2,B1,output_A,category_A_output_box,B2,-140.000,60.000,200.000,hold,off,available,none,,placed_output,move above scan station
baseline_multi_box_run,baseline_multi_box_run_0031_MBOX-031,MBOX-031,6,APPROACH_SCAN_STATION,input_box_2,B1,output_A,category_A_output_box,B2,-140.000,60.000,75.000,hold,off,available,none,,placed_output,approach scan station
baseline_multi_box_run,baseline_multi_box_run_0031_MBOX-031,MBOX-031,7,SCAN_BARCODE,input_box_2,B1,output_A,category_A_output_box,B2,-140.000,60.000,75.000,hold,scan,available,none,,placed_output,scan and classify
baseline_multi_box_run,baseline_multi_box_run_0031_MBOX-031,MBOX-031,8,LIFT_TO_SAFE_Z_AFTER_SCAN,input_box_2,B1,output_A,category_A_output_box,B2,-140.000,60.000,200.000,hold,off,available,none,,placed_output,lift after scan
baseline_multi_box_run,baseline_multi_box_run_0031_MBOX-031,MBOX-031,9,MOVE_SAFE_ABOVE_TARGET,input_box_2,B1,output_A,category_A_output_box,B2,118.000,184.000,200.000,hold,off,available,none,,placed_output,move above target
baseline_multi_box_run,baseline_multi_box_run_0031_MBOX-031,MBOX-031,10,APPROACH_TARGET_SLOT,input_box_2,B1,output_A,category_A_output_box,B2,118.000,184.000,130.000,hold,off,available,none,,placed_output,approach target slot
baseline_multi_box_run,baseline_multi_box_run_0031_MBOX-031,MBOX-031,11,PLACE_TUBE,input_box_2,B1,output_A,category_A_output_box,B2,118.000,184.000,45.000,open,off,available,none,,placed_output,place tube
baseline_multi_box_run,baseline_multi_box_run_0031_MBOX-031,MBOX-031,12,RETREAT_TO_SAFE_Z,input_box_2,B1,output_A,category_A_output_box,B2,118.000,184.000,200.000,open,off,available,none,,placed_output,retreat after place
baseline_multi_box_run,baseline_multi_box_run_0032_MBOX-032,MBOX-032,1,MOVE_SAFE_ABOVE_INPUT,input_box_2,B2,output_B,category_B_output_box,B2,-372.000,169.000,200.000,open,off,available,none,,placed_output,move to input safe height
baseline_multi_box_run,baseline_multi_box_run_0032_MBOX-032,MBOX-032,2,APPROACH_INPUT_SLOT,input_box_2,B2,output_B,category_B_output_box,B2,-372.000,169.000,130.000,open,off,available,none,,placed_output,approach input slot
baseline_multi_box_run,baseline_multi_box_run_0032_MBOX-032,MBOX-032,3,PICK_TUBE,input_box_2,B2,output_B,category_B_output_box,B2,-372.000,169.000,80.000,close,off,available,none,,placed_output,pick tube
baseline_multi_box_run,baseline_multi_box_run_0032_MBOX-032,MBOX-032,4,LIFT_TO_SAFE_Z,input_box_2,B2,output_B,category_B_output_box,B2,-372.000,169.000,200.000,hold,off,available,none,,placed_output,lift picked tube
baseline_multi_box_run,baseline_multi_box_run_0032_MBOX-032,MBOX-032,5,MOVE_SAFE_ABOVE_SCAN,input_box_2,B2,output_B,category_B_output_box,B2,-140.000,60.000,200.000,hold,off,available,none,,placed_output,move above scan station
baseline_multi_box_run,baseline_multi_box_run_0032_MBOX-032,MBOX-032,6,APPROACH_SCAN_STATION,input_box_2,B2,output_B,category_B_output_box,B2,-140.000,60.000,75.000,hold,off,available,none,,placed_output,approach scan station
baseline_multi_box_run,baseline_multi_box_run_0032_MBOX-032,MBOX-032,7,SCAN_BARCODE,input_box_2,B2,output_B,category_B_output_box,B2,-140.000,60.000,75.000,hold,scan,available,none,,placed_output,scan and classify
baseline_multi_box_run,baseline_multi_box_run_0032_MBOX-032,MBOX-032,8,LIFT_TO_SAFE_Z_AFTER_SCAN,input_box_2,B2,output_B,category_B_output_box,B2,-140.000,60.000,200.000,hold,off,available,none,,placed_output,lift after scan
baseline_multi_box_run,baseline_multi_box_run_0032_MBOX-032,MBOX-032,9,MOVE_SAFE_ABOVE_TARGET,input_box_2,B2,output_B,category_B_output_box,B2,328.000,184.000,200.000,hold,off,available,none,,placed_output,move above target
baseline_multi_box_run,baseline_multi_box_run_0032_MBOX-032,MBOX-032,10,APPROACH_TARGET_SLOT,input_box_2,B2,output_B,category_B_output_box,B2,328.000,184.000,130.000,hold,off,available,none,,placed_output,approach target slot
baseline_multi_box_run,baseline_multi_box_run_0032_MBOX-032,MBOX-032,11,PLACE_TUBE,input_box_2,B2,output_B,category_B_output_box,B2,328.000,184.000,70.000,open,off,available,none,,placed_output,place tube
baseline_multi_box_run,baseline_multi_box_run_0032_MBOX-032,MBOX-032,12,RETREAT_TO_SAFE_Z,input_box_2,B2,output_B,category_B_output_box,B2,328.000,184.000,200.000,open,off,available,none,,placed_output,retreat after place
baseline_multi_box_run,baseline_multi_box_run_0033_MBOX-033,MBOX-033,1,MOVE_SAFE_ABOVE_INPUT,input_box_2,B3,output_C,category_C_output_box,B2,-344.000,169.000,200.000,open,off,available,none,,placed_output,move to input safe height
baseline_multi_box_run,baseline_multi_box_run_0033_MBOX-033,MBOX-033,2,APPROACH_INPUT_SLOT,input_box_2,B3,output_C,category_C_output_box,B2,-344.000,169.000,130.000,open,off,available,none,,placed_output,approach input slot
baseline_multi_box_run,baseline_multi_box_run_0033_MBOX-033,MBOX-033,3,PICK_TUBE,input_box_2,B3,output_C,category_C_output_box,B2,-344.000,169.000,55.000,close,off,available,none,,placed_output,pick tube
baseline_multi_box_run,baseline_multi_box_run_0033_MBOX-033,MBOX-033,4,LIFT_TO_SAFE_Z,input_box_2,B3,output_C,category_C_output_box,B2,-344.000,169.000,200.000,hold,off,available,none,,placed_output,lift picked tube
baseline_multi_box_run,baseline_multi_box_run_0033_MBOX-033,MBOX-033,5,MOVE_SAFE_ABOVE_SCAN,input_box_2,B3,output_C,category_C_output_box,B2,-140.000,60.000,200.000,hold,off,available,none,,placed_output,move above scan station
baseline_multi_box_run,baseline_multi_box_run_0033_MBOX-033,MBOX-033,6,APPROACH_SCAN_STATION,input_box_2,B3,output_C,category_C_output_box,B2,-140.000,60.000,75.000,hold,off,available,none,,placed_output,approach scan station
baseline_multi_box_run,baseline_multi_box_run_0033_MBOX-033,MBOX-033,7,SCAN_BARCODE,input_box_2,B3,output_C,category_C_output_box,B2,-140.000,60.000,75.000,hold,scan,available,none,,placed_output,scan and classify
baseline_multi_box_run,baseline_multi_box_run_0033_MBOX-033,MBOX-033,8,LIFT_TO_SAFE_Z_AFTER_SCAN,input_box_2,B3,output_C,category_C_output_box,B2,-140.000,60.000,200.000,hold,off,available,none,,placed_output,lift after scan
baseline_multi_box_run,baseline_multi_box_run_0033_MBOX-033,MBOX-033,9,MOVE_SAFE_ABOVE_TARGET,input_box_2,B3,output_C,category_C_output_box,B2,118.000,-26.000,200.000,hold,off,available,none,,placed_output,move above target
baseline_multi_box_run,baseline_multi_box_run_0033_MBOX-033,MBOX-033,10,APPROACH_TARGET_SLOT,input_box_2,B3,output_C,category_C_output_box,B2,118.000,-26.000,130.000,hold,off,available,none,,placed_output,approach target slot
baseline_multi_box_run,baseline_multi_box_run_0033_MBOX-033,MBOX-033,11,PLACE_TUBE,input_box_2,B3,output_C,category_C_output_box,B2,118.000,-26.000,45.000,open,off,available,none,,placed_output,place tube
baseline_multi_box_run,baseline_multi_box_run_0033_MBOX-033,MBOX-033,12,RETREAT_TO_SAFE_Z,input_box_2,B3,output_C,category_C_output_box,B2,118.000,-26.000,200.000,open,off,available,none,,placed_output,retreat after place
baseline_multi_box_run,baseline_multi_box_run_0034_MBOX-034,MBOX-034,1,MOVE_SAFE_ABOVE_INPUT,input_box_2,B4,output_D,category_D_output_box,B2,-316.000,169.000,200.000,open,off,available,none,,placed_output,move to input safe height
baseline_multi_box_run,baseline_multi_box_run_0034_MBOX-034,MBOX-034,2,APPROACH_INPUT_SLOT,input_box_2,B4,output_D,category_D_output_box,B2,-316.000,169.000,130.000,open,off,available,none,,placed_output,approach input slot
baseline_multi_box_run,baseline_multi_box_run_0034_MBOX-034,MBOX-034,3,PICK_TUBE,input_box_2,B4,output_D,category_D_output_box,B2,-316.000,169.000,55.000,close,off,available,none,,placed_output,pick tube
baseline_multi_box_run,baseline_multi_box_run_0034_MBOX-034,MBOX-034,4,LIFT_TO_SAFE_Z,input_box_2,B4,output_D,category_D_output_box,B2,-316.000,169.000,200.000,hold,off,available,none,,placed_output,lift picked tube
baseline_multi_box_run,baseline_multi_box_run_0034_MBOX-034,MBOX-034,5,MOVE_SAFE_ABOVE_SCAN,input_box_2,B4,output_D,category_D_output_box,B2,-140.000,60.000,200.000,hold,off,available,none,,placed_output,move above scan station
baseline_multi_box_run,baseline_multi_box_run_0034_MBOX-034,MBOX-034,6,APPROACH_SCAN_STATION,input_box_2,B4,output_D,category_D_output_box,B2,-140.000,60.000,75.000,hold,off,available,none,,placed_output,approach scan station
baseline_multi_box_run,baseline_multi_box_run_0034_MBOX-034,MBOX-034,7,SCAN_BARCODE,input_box_2,B4,output_D,category_D_output_box,B2,-140.000,60.000,75.000,hold,scan,available,none,,placed_output,scan and classify
baseline_multi_box_run,baseline_multi_box_run_0034_MBOX-034,MBOX-034,8,LIFT_TO_SAFE_Z_AFTER_SCAN,input_box_2,B4,output_D,category_D_output_box,B2,-140.000,60.000,200.000,hold,off,available,none,,placed_output,lift after scan
baseline_multi_box_run,baseline_multi_box_run_0034_MBOX-034,MBOX-034,9,MOVE_SAFE_ABOVE_TARGET,input_box_2,B4,output_D,category_D_output_box,B2,328.000,-26.000,200.000,hold,off,available,none,,placed_output,move above target
baseline_multi_box_run,baseline_multi_box_run_0034_MBOX-034,MBOX-034,10,APPROACH_TARGET_SLOT,input_box_2,B4,output_D,category_D_output_box,B2,328.000,-26.000,130.000,hold,off,available,none,,placed_output,approach target slot
baseline_multi_box_run,baseline_multi_box_run_0034_MBOX-034,MBOX-034,11,PLACE_TUBE,input_box_2,B4,output_D,category_D_output_box,B2,328.000,-26.000,45.000,open,off,available,none,,placed_output,place tube
baseline_multi_box_run,baseline_multi_box_run_0034_MBOX-034,MBOX-034,12,RETREAT_TO_SAFE_Z,input_box_2,B4,output_D,category_D_output_box,B2,328.000,-26.000,200.000,open,off,available,none,,placed_output,retreat after place
baseline_multi_box_run,baseline_multi_box_run_0035_MBOX-035,MBOX-035,1,MOVE_SAFE_ABOVE_INPUT,input_box_2,B5,output_A,category_A_output_box,B3,-288.000,169.000,200.000,open,off,available,none,,placed_output,move to input safe height
baseline_multi_box_run,baseline_multi_box_run_0035_MBOX-035,MBOX-035,2,APPROACH_INPUT_SLOT,input_box_2,B5,output_A,category_A_output_box,B3,-288.000,169.000,130.000,open,off,available,none,,placed_output,approach input slot
baseline_multi_box_run,baseline_multi_box_run_0035_MBOX-035,MBOX-035,3,PICK_TUBE,input_box_2,B5,output_A,category_A_output_box,B3,-288.000,169.000,80.000,close,off,available,none,,placed_output,pick tube
baseline_multi_box_run,baseline_multi_box_run_0035_MBOX-035,MBOX-035,4,LIFT_TO_SAFE_Z,input_box_2,B5,output_A,category_A_output_box,B3,-288.000,169.000,200.000,hold,off,available,none,,placed_output,lift picked tube
baseline_multi_box_run,baseline_multi_box_run_0035_MBOX-035,MBOX-035,5,MOVE_SAFE_ABOVE_SCAN,input_box_2,B5,output_A,category_A_output_box,B3,-140.000,60.000,200.000,hold,off,available,none,,placed_output,move above scan station
baseline_multi_box_run,baseline_multi_box_run_0035_MBOX-035,MBOX-035,6,APPROACH_SCAN_STATION,input_box_2,B5,output_A,category_A_output_box,B3,-140.000,60.000,75.000,hold,off,available,none,,placed_output,approach scan station
baseline_multi_box_run,baseline_multi_box_run_0035_MBOX-035,MBOX-035,7,SCAN_BARCODE,input_box_2,B5,output_A,category_A_output_box,B3,-140.000,60.000,75.000,hold,scan,available,none,,placed_output,scan and classify
baseline_multi_box_run,baseline_multi_box_run_0035_MBOX-035,MBOX-035,8,LIFT_TO_SAFE_Z_AFTER_SCAN,input_box_2,B5,output_A,category_A_output_box,B3,-140.000,60.000,200.000,hold,off,available,none,,placed_output,lift after scan
baseline_multi_box_run,baseline_multi_box_run_0035_MBOX-035,MBOX-035,9,MOVE_SAFE_ABOVE_TARGET,input_box_2,B5,output_A,category_A_output_box,B3,146.000,184.000,200.000,hold,off,available,none,,placed_output,move above target
baseline_multi_box_run,baseline_multi_box_run_0035_MBOX-035,MBOX-035,10,APPROACH_TARGET_SLOT,input_box_2,B5,output_A,category_A_output_box,B3,146.000,184.000,130.000,hold,off,available,none,,placed_output,approach target slot
baseline_multi_box_run,baseline_multi_box_run_0035_MBOX-035,MBOX-035,11,PLACE_TUBE,input_box_2,B5,output_A,category_A_output_box,B3,146.000,184.000,70.000,open,off,available,none,,placed_output,place tube
baseline_multi_box_run,baseline_multi_box_run_0035_MBOX-035,MBOX-035,12,RETREAT_TO_SAFE_Z,input_box_2,B5,output_A,category_A_output_box,B3,146.000,184.000,200.000,open,off,available,none,,placed_output,retreat after place
baseline_multi_box_run,baseline_multi_box_run_0036_MBOX-036,MBOX-036,1,MOVE_SAFE_ABOVE_INPUT,input_box_2,B6,output_B,category_B_output_box,B3,-260.000,169.000,200.000,open,off,available,none,,placed_output,move to input safe height
baseline_multi_box_run,baseline_multi_box_run_0036_MBOX-036,MBOX-036,2,APPROACH_INPUT_SLOT,input_box_2,B6,output_B,category_B_output_box,B3,-260.000,169.000,130.000,open,off,available,none,,placed_output,approach input slot
baseline_multi_box_run,baseline_multi_box_run_0036_MBOX-036,MBOX-036,3,PICK_TUBE,input_box_2,B6,output_B,category_B_output_box,B3,-260.000,169.000,55.000,close,off,available,none,,placed_output,pick tube
baseline_multi_box_run,baseline_multi_box_run_0036_MBOX-036,MBOX-036,4,LIFT_TO_SAFE_Z,input_box_2,B6,output_B,category_B_output_box,B3,-260.000,169.000,200.000,hold,off,available,none,,placed_output,lift picked tube
baseline_multi_box_run,baseline_multi_box_run_0036_MBOX-036,MBOX-036,5,MOVE_SAFE_ABOVE_SCAN,input_box_2,B6,output_B,category_B_output_box,B3,-140.000,60.000,200.000,hold,off,available,none,,placed_output,move above scan station
baseline_multi_box_run,baseline_multi_box_run_0036_MBOX-036,MBOX-036,6,APPROACH_SCAN_STATION,input_box_2,B6,output_B,category_B_output_box,B3,-140.000,60.000,75.000,hold,off,available,none,,placed_output,approach scan station
baseline_multi_box_run,baseline_multi_box_run_0036_MBOX-036,MBOX-036,7,SCAN_BARCODE,input_box_2,B6,output_B,category_B_output_box,B3,-140.000,60.000,75.000,hold,scan,available,none,,placed_output,scan and classify
baseline_multi_box_run,baseline_multi_box_run_0036_MBOX-036,MBOX-036,8,LIFT_TO_SAFE_Z_AFTER_SCAN,input_box_2,B6,output_B,category_B_output_box,B3,-140.000,60.000,200.000,hold,off,available,none,,placed_output,lift after scan
baseline_multi_box_run,baseline_multi_box_run_0036_MBOX-036,MBOX-036,9,MOVE_SAFE_ABOVE_TARGET,input_box_2,B6,output_B,category_B_output_box,B3,356.000,184.000,200.000,hold,off,available,none,,placed_output,move above target
baseline_multi_box_run,baseline_multi_box_run_0036_MBOX-036,MBOX-036,10,APPROACH_TARGET_SLOT,input_box_2,B6,output_B,category_B_output_box,B3,356.000,184.000,130.000,hold,off,available,none,,placed_output,approach target slot
baseline_multi_box_run,baseline_multi_box_run_0036_MBOX-036,MBOX-036,11,PLACE_TUBE,input_box_2,B6,output_B,category_B_output_box,B3,356.000,184.000,45.000,open,off,available,none,,placed_output,place tube
baseline_multi_box_run,baseline_multi_box_run_0036_MBOX-036,MBOX-036,12,RETREAT_TO_SAFE_Z,input_box_2,B6,output_B,category_B_output_box,B3,356.000,184.000,200.000,open,off,available,none,,placed_output,retreat after place
baseline_multi_box_run,baseline_multi_box_run_0037_MBOX-037,MBOX-037,1,MOVE_SAFE_ABOVE_INPUT,input_box_2,C1,manual_review,manual_review_bin,A3,-400.000,141.000,200.000,open,off,not_applicable,none,,placed_manual_review,move to input safe height
baseline_multi_box_run,baseline_multi_box_run_0037_MBOX-037,MBOX-037,2,APPROACH_INPUT_SLOT,input_box_2,C1,manual_review,manual_review_bin,A3,-400.000,141.000,130.000,open,off,not_applicable,none,,placed_manual_review,approach input slot
baseline_multi_box_run,baseline_multi_box_run_0037_MBOX-037,MBOX-037,3,PICK_TUBE,input_box_2,C1,manual_review,manual_review_bin,A3,-400.000,141.000,55.000,close,off,not_applicable,none,,placed_manual_review,pick tube
baseline_multi_box_run,baseline_multi_box_run_0037_MBOX-037,MBOX-037,4,LIFT_TO_SAFE_Z,input_box_2,C1,manual_review,manual_review_bin,A3,-400.000,141.000,200.000,hold,off,not_applicable,none,,placed_manual_review,lift picked tube
baseline_multi_box_run,baseline_multi_box_run_0037_MBOX-037,MBOX-037,5,MOVE_SAFE_ABOVE_SCAN,input_box_2,C1,manual_review,manual_review_bin,A3,-140.000,60.000,200.000,hold,off,not_applicable,none,,placed_manual_review,move above scan station
baseline_multi_box_run,baseline_multi_box_run_0037_MBOX-037,MBOX-037,6,APPROACH_SCAN_STATION,input_box_2,C1,manual_review,manual_review_bin,A3,-140.000,60.000,75.000,hold,off,not_applicable,none,,placed_manual_review,approach scan station
baseline_multi_box_run,baseline_multi_box_run_0037_MBOX-037,MBOX-037,7,SCAN_BARCODE,input_box_2,C1,manual_review,manual_review_bin,A3,-140.000,60.000,75.000,hold,scan,not_applicable,none,,placed_manual_review,scan and classify
baseline_multi_box_run,baseline_multi_box_run_0037_MBOX-037,MBOX-037,8,LIFT_TO_SAFE_Z_AFTER_SCAN,input_box_2,C1,manual_review,manual_review_bin,A3,-140.000,60.000,200.000,hold,off,not_applicable,none,,placed_manual_review,lift after scan
baseline_multi_box_run,baseline_multi_box_run_0037_MBOX-037,MBOX-037,9,MOVE_SAFE_ABOVE_TARGET,input_box_2,C1,manual_review,manual_review_bin,A3,-152.000,-286.000,200.000,hold,off,not_applicable,none,,placed_manual_review,move above target
baseline_multi_box_run,baseline_multi_box_run_0037_MBOX-037,MBOX-037,10,APPROACH_TARGET_SLOT,input_box_2,C1,manual_review,manual_review_bin,A3,-152.000,-286.000,130.000,hold,off,not_applicable,none,,placed_manual_review,approach target slot
baseline_multi_box_run,baseline_multi_box_run_0037_MBOX-037,MBOX-037,11,PLACE_TUBE,input_box_2,C1,manual_review,manual_review_bin,A3,-152.000,-286.000,45.000,open,off,not_applicable,none,,placed_manual_review,place tube
baseline_multi_box_run,baseline_multi_box_run_0037_MBOX-037,MBOX-037,12,RETREAT_TO_SAFE_Z,input_box_2,C1,manual_review,manual_review_bin,A3,-152.000,-286.000,200.000,open,off,not_applicable,none,,placed_manual_review,retreat after place
baseline_multi_box_run,baseline_multi_box_run_0038_MBOX-038,MBOX-038,1,MOVE_SAFE_ABOVE_INPUT,input_box_2,C2,output_C,category_C_output_box,B3,-372.000,141.000,200.000,open,off,available,none,,placed_output,move to input safe height
baseline_multi_box_run,baseline_multi_box_run_0038_MBOX-038,MBOX-038,2,APPROACH_INPUT_SLOT,input_box_2,C2,output_C,category_C_output_box,B3,-372.000,141.000,130.000,open,off,available,none,,placed_output,approach input slot
baseline_multi_box_run,baseline_multi_box_run_0038_MBOX-038,MBOX-038,3,PICK_TUBE,input_box_2,C2,output_C,category_C_output_box,B3,-372.000,141.000,80.000,close,off,available,none,,placed_output,pick tube
baseline_multi_box_run,baseline_multi_box_run_0038_MBOX-038,MBOX-038,4,LIFT_TO_SAFE_Z,input_box_2,C2,output_C,category_C_output_box,B3,-372.000,141.000,200.000,hold,off,available,none,,placed_output,lift picked tube
baseline_multi_box_run,baseline_multi_box_run_0038_MBOX-038,MBOX-038,5,MOVE_SAFE_ABOVE_SCAN,input_box_2,C2,output_C,category_C_output_box,B3,-140.000,60.000,200.000,hold,off,available,none,,placed_output,move above scan station
baseline_multi_box_run,baseline_multi_box_run_0038_MBOX-038,MBOX-038,6,APPROACH_SCAN_STATION,input_box_2,C2,output_C,category_C_output_box,B3,-140.000,60.000,75.000,hold,off,available,none,,placed_output,approach scan station
baseline_multi_box_run,baseline_multi_box_run_0038_MBOX-038,MBOX-038,7,SCAN_BARCODE,input_box_2,C2,output_C,category_C_output_box,B3,-140.000,60.000,75.000,hold,scan,available,none,,placed_output,scan and classify
baseline_multi_box_run,baseline_multi_box_run_0038_MBOX-038,MBOX-038,8,LIFT_TO_SAFE_Z_AFTER_SCAN,input_box_2,C2,output_C,category_C_output_box,B3,-140.000,60.000,200.000,hold,off,available,none,,placed_output,lift after scan
baseline_multi_box_run,baseline_multi_box_run_0038_MBOX-038,MBOX-038,9,MOVE_SAFE_ABOVE_TARGET,input_box_2,C2,output_C,category_C_output_box,B3,146.000,-26.000,200.000,hold,off,available,none,,placed_output,move above target
baseline_multi_box_run,baseline_multi_box_run_0038_MBOX-038,MBOX-038,10,APPROACH_TARGET_SLOT,input_box_2,C2,output_C,category_C_output_box,B3,146.000,-26.000,130.000,hold,off,available,none,,placed_output,approach target slot
baseline_multi_box_run,baseline_multi_box_run_0038_MBOX-038,MBOX-038,11,PLACE_TUBE,input_box_2,C2,output_C,category_C_output_box,B3,146.000,-26.000,70.000,open,off,available,none,,placed_output,place tube
baseline_multi_box_run,baseline_multi_box_run_0038_MBOX-038,MBOX-038,12,RETREAT_TO_SAFE_Z,input_box_2,C2,output_C,category_C_output_box,B3,146.000,-26.000,200.000,open,off,available,none,,placed_output,retreat after place
baseline_multi_box_run,baseline_multi_box_run_0039_MBOX-039,MBOX-039,1,MOVE_SAFE_ABOVE_INPUT,input_box_2,C3,output_D,category_D_output_box,B3,-344.000,141.000,200.000,open,off,available,none,,placed_output,move to input safe height
baseline_multi_box_run,baseline_multi_box_run_0039_MBOX-039,MBOX-039,2,APPROACH_INPUT_SLOT,input_box_2,C3,output_D,category_D_output_box,B3,-344.000,141.000,130.000,open,off,available,none,,placed_output,approach input slot
baseline_multi_box_run,baseline_multi_box_run_0039_MBOX-039,MBOX-039,3,PICK_TUBE,input_box_2,C3,output_D,category_D_output_box,B3,-344.000,141.000,55.000,close,off,available,none,,placed_output,pick tube
baseline_multi_box_run,baseline_multi_box_run_0039_MBOX-039,MBOX-039,4,LIFT_TO_SAFE_Z,input_box_2,C3,output_D,category_D_output_box,B3,-344.000,141.000,200.000,hold,off,available,none,,placed_output,lift picked tube
baseline_multi_box_run,baseline_multi_box_run_0039_MBOX-039,MBOX-039,5,MOVE_SAFE_ABOVE_SCAN,input_box_2,C3,output_D,category_D_output_box,B3,-140.000,60.000,200.000,hold,off,available,none,,placed_output,move above scan station
baseline_multi_box_run,baseline_multi_box_run_0039_MBOX-039,MBOX-039,6,APPROACH_SCAN_STATION,input_box_2,C3,output_D,category_D_output_box,B3,-140.000,60.000,75.000,hold,off,available,none,,placed_output,approach scan station
baseline_multi_box_run,baseline_multi_box_run_0039_MBOX-039,MBOX-039,7,SCAN_BARCODE,input_box_2,C3,output_D,category_D_output_box,B3,-140.000,60.000,75.000,hold,scan,available,none,,placed_output,scan and classify
baseline_multi_box_run,baseline_multi_box_run_0039_MBOX-039,MBOX-039,8,LIFT_TO_SAFE_Z_AFTER_SCAN,input_box_2,C3,output_D,category_D_output_box,B3,-140.000,60.000,200.000,hold,off,available,none,,placed_output,lift after scan
baseline_multi_box_run,baseline_multi_box_run_0039_MBOX-039,MBOX-039,9,MOVE_SAFE_ABOVE_TARGET,input_box_2,C3,output_D,category_D_output_box,B3,356.000,-26.000,200.000,hold,off,available,none,,placed_output,move above target
baseline_multi_box_run,baseline_multi_box_run_0039_MBOX-039,MBOX-039,10,APPROACH_TARGET_SLOT,input_box_2,C3,output_D,category_D_output_box,B3,356.000,-26.000,130.000,hold,off,available,none,,placed_output,approach target slot
baseline_multi_box_run,baseline_multi_box_run_0039_MBOX-039,MBOX-039,11,PLACE_TUBE,input_box_2,C3,output_D,category_D_output_box,B3,356.000,-26.000,45.000,open,off,available,none,,placed_output,place tube
baseline_multi_box_run,baseline_multi_box_run_0039_MBOX-039,MBOX-039,12,RETREAT_TO_SAFE_Z,input_box_2,C3,output_D,category_D_output_box,B3,356.000,-26.000,200.000,open,off,available,none,,placed_output,retreat after place
baseline_multi_box_run,baseline_multi_box_run_0040_MBOX-040,MBOX-040,1,MOVE_SAFE_ABOVE_INPUT,input_box_2,C4,output_A,category_A_output_box,B4,-316.000,141.000,200.000,open,off,available,none,,placed_output,move to input safe height
baseline_multi_box_run,baseline_multi_box_run_0040_MBOX-040,MBOX-040,2,APPROACH_INPUT_SLOT,input_box_2,C4,output_A,category_A_output_box,B4,-316.000,141.000,130.000,open,off,available,none,,placed_output,approach input slot
baseline_multi_box_run,baseline_multi_box_run_0040_MBOX-040,MBOX-040,3,PICK_TUBE,input_box_2,C4,output_A,category_A_output_box,B4,-316.000,141.000,55.000,close,off,available,none,,placed_output,pick tube
baseline_multi_box_run,baseline_multi_box_run_0040_MBOX-040,MBOX-040,4,LIFT_TO_SAFE_Z,input_box_2,C4,output_A,category_A_output_box,B4,-316.000,141.000,200.000,hold,off,available,none,,placed_output,lift picked tube
baseline_multi_box_run,baseline_multi_box_run_0040_MBOX-040,MBOX-040,5,MOVE_SAFE_ABOVE_SCAN,input_box_2,C4,output_A,category_A_output_box,B4,-140.000,60.000,200.000,hold,off,available,none,,placed_output,move above scan station
baseline_multi_box_run,baseline_multi_box_run_0040_MBOX-040,MBOX-040,6,APPROACH_SCAN_STATION,input_box_2,C4,output_A,category_A_output_box,B4,-140.000,60.000,75.000,hold,off,available,none,,placed_output,approach scan station
baseline_multi_box_run,baseline_multi_box_run_0040_MBOX-040,MBOX-040,7,SCAN_BARCODE,input_box_2,C4,output_A,category_A_output_box,B4,-140.000,60.000,75.000,hold,scan,available,none,,placed_output,scan and classify
baseline_multi_box_run,baseline_multi_box_run_0040_MBOX-040,MBOX-040,8,LIFT_TO_SAFE_Z_AFTER_SCAN,input_box_2,C4,output_A,category_A_output_box,B4,-140.000,60.000,200.000,hold,off,available,none,,placed_output,lift after scan
baseline_multi_box_run,baseline_multi_box_run_0040_MBOX-040,MBOX-040,9,MOVE_SAFE_ABOVE_TARGET,input_box_2,C4,output_A,category_A_output_box,B4,174.000,184.000,200.000,hold,off,available,none,,placed_output,move above target
baseline_multi_box_run,baseline_multi_box_run_0040_MBOX-040,MBOX-040,10,APPROACH_TARGET_SLOT,input_box_2,C4,output_A,category_A_output_box,B4,174.000,184.000,130.000,hold,off,available,none,,placed_output,approach target slot
baseline_multi_box_run,baseline_multi_box_run_0040_MBOX-040,MBOX-040,11,PLACE_TUBE,input_box_2,C4,output_A,category_A_output_box,B4,174.000,184.000,45.000,open,off,available,none,,placed_output,place tube
baseline_multi_box_run,baseline_multi_box_run_0040_MBOX-040,MBOX-040,12,RETREAT_TO_SAFE_Z,input_box_2,C4,output_A,category_A_output_box,B4,174.000,184.000,200.000,open,off,available,none,,placed_output,retreat after place
baseline_multi_box_run,baseline_multi_box_run_0041_MBOX-041,MBOX-041,1,MOVE_SAFE_ABOVE_INPUT,input_box_2,C5,output_B,category_B_output_box,B4,-288.000,141.000,200.000,open,off,available,none,,placed_output,move to input safe height
baseline_multi_box_run,baseline_multi_box_run_0041_MBOX-041,MBOX-041,2,APPROACH_INPUT_SLOT,input_box_2,C5,output_B,category_B_output_box,B4,-288.000,141.000,130.000,open,off,available,none,,placed_output,approach input slot
baseline_multi_box_run,baseline_multi_box_run_0041_MBOX-041,MBOX-041,3,PICK_TUBE,input_box_2,C5,output_B,category_B_output_box,B4,-288.000,141.000,80.000,close,off,available,none,,placed_output,pick tube
baseline_multi_box_run,baseline_multi_box_run_0041_MBOX-041,MBOX-041,4,LIFT_TO_SAFE_Z,input_box_2,C5,output_B,category_B_output_box,B4,-288.000,141.000,200.000,hold,off,available,none,,placed_output,lift picked tube
baseline_multi_box_run,baseline_multi_box_run_0041_MBOX-041,MBOX-041,5,MOVE_SAFE_ABOVE_SCAN,input_box_2,C5,output_B,category_B_output_box,B4,-140.000,60.000,200.000,hold,off,available,none,,placed_output,move above scan station
baseline_multi_box_run,baseline_multi_box_run_0041_MBOX-041,MBOX-041,6,APPROACH_SCAN_STATION,input_box_2,C5,output_B,category_B_output_box,B4,-140.000,60.000,75.000,hold,off,available,none,,placed_output,approach scan station
baseline_multi_box_run,baseline_multi_box_run_0041_MBOX-041,MBOX-041,7,SCAN_BARCODE,input_box_2,C5,output_B,category_B_output_box,B4,-140.000,60.000,75.000,hold,scan,available,none,,placed_output,scan and classify
baseline_multi_box_run,baseline_multi_box_run_0041_MBOX-041,MBOX-041,8,LIFT_TO_SAFE_Z_AFTER_SCAN,input_box_2,C5,output_B,category_B_output_box,B4,-140.000,60.000,200.000,hold,off,available,none,,placed_output,lift after scan
baseline_multi_box_run,baseline_multi_box_run_0041_MBOX-041,MBOX-041,9,MOVE_SAFE_ABOVE_TARGET,input_box_2,C5,output_B,category_B_output_box,B4,384.000,184.000,200.000,hold,off,available,none,,placed_output,move above target
baseline_multi_box_run,baseline_multi_box_run_0041_MBOX-041,MBOX-041,10,APPROACH_TARGET_SLOT,input_box_2,C5,output_B,category_B_output_box,B4,384.000,184.000,130.000,hold,off,available,none,,placed_output,approach target slot
baseline_multi_box_run,baseline_multi_box_run_0041_MBOX-041,MBOX-041,11,PLACE_TUBE,input_box_2,C5,output_B,category_B_output_box,B4,384.000,184.000,70.000,open,off,available,none,,placed_output,place tube
baseline_multi_box_run,baseline_multi_box_run_0041_MBOX-041,MBOX-041,12,RETREAT_TO_SAFE_Z,input_box_2,C5,output_B,category_B_output_box,B4,384.000,184.000,200.000,open,off,available,none,,placed_output,retreat after place
baseline_multi_box_run,baseline_multi_box_run_0042_MBOX-042,MBOX-042,1,MOVE_SAFE_ABOVE_INPUT,input_box_2,C6,output_C,category_C_output_box,B4,-260.000,141.000,200.000,open,off,available,none,,placed_output,move to input safe height
baseline_multi_box_run,baseline_multi_box_run_0042_MBOX-042,MBOX-042,2,APPROACH_INPUT_SLOT,input_box_2,C6,output_C,category_C_output_box,B4,-260.000,141.000,130.000,open,off,available,none,,placed_output,approach input slot
baseline_multi_box_run,baseline_multi_box_run_0042_MBOX-042,MBOX-042,3,PICK_TUBE,input_box_2,C6,output_C,category_C_output_box,B4,-260.000,141.000,55.000,close,off,available,none,,placed_output,pick tube
baseline_multi_box_run,baseline_multi_box_run_0042_MBOX-042,MBOX-042,4,LIFT_TO_SAFE_Z,input_box_2,C6,output_C,category_C_output_box,B4,-260.000,141.000,200.000,hold,off,available,none,,placed_output,lift picked tube
baseline_multi_box_run,baseline_multi_box_run_0042_MBOX-042,MBOX-042,5,MOVE_SAFE_ABOVE_SCAN,input_box_2,C6,output_C,category_C_output_box,B4,-140.000,60.000,200.000,hold,off,available,none,,placed_output,move above scan station
baseline_multi_box_run,baseline_multi_box_run_0042_MBOX-042,MBOX-042,6,APPROACH_SCAN_STATION,input_box_2,C6,output_C,category_C_output_box,B4,-140.000,60.000,75.000,hold,off,available,none,,placed_output,approach scan station
baseline_multi_box_run,baseline_multi_box_run_0042_MBOX-042,MBOX-042,7,SCAN_BARCODE,input_box_2,C6,output_C,category_C_output_box,B4,-140.000,60.000,75.000,hold,scan,available,none,,placed_output,scan and classify
baseline_multi_box_run,baseline_multi_box_run_0042_MBOX-042,MBOX-042,8,LIFT_TO_SAFE_Z_AFTER_SCAN,input_box_2,C6,output_C,category_C_output_box,B4,-140.000,60.000,200.000,hold,off,available,none,,placed_output,lift after scan
baseline_multi_box_run,baseline_multi_box_run_0042_MBOX-042,MBOX-042,9,MOVE_SAFE_ABOVE_TARGET,input_box_2,C6,output_C,category_C_output_box,B4,174.000,-26.000,200.000,hold,off,available,none,,placed_output,move above target
baseline_multi_box_run,baseline_multi_box_run_0042_MBOX-042,MBOX-042,10,APPROACH_TARGET_SLOT,input_box_2,C6,output_C,category_C_output_box,B4,174.000,-26.000,130.000,hold,off,available,none,,placed_output,approach target slot
baseline_multi_box_run,baseline_multi_box_run_0042_MBOX-042,MBOX-042,11,PLACE_TUBE,input_box_2,C6,output_C,category_C_output_box,B4,174.000,-26.000,45.000,open,off,available,none,,placed_output,place tube
baseline_multi_box_run,baseline_multi_box_run_0042_MBOX-042,MBOX-042,12,RETREAT_TO_SAFE_Z,input_box_2,C6,output_C,category_C_output_box,B4,174.000,-26.000,200.000,open,off,available,none,,placed_output,retreat after place
baseline_multi_box_run,baseline_multi_box_run_0043_MBOX-043,MBOX-043,1,MOVE_SAFE_ABOVE_INPUT,input_box_2,D1,output_D,category_D_output_box,B4,-400.000,113.000,200.000,open,off,available,none,,placed_output,move to input safe height
baseline_multi_box_run,baseline_multi_box_run_0043_MBOX-043,MBOX-043,2,APPROACH_INPUT_SLOT,input_box_2,D1,output_D,category_D_output_box,B4,-400.000,113.000,130.000,open,off,available,none,,placed_output,approach input slot
baseline_multi_box_run,baseline_multi_box_run_0043_MBOX-043,MBOX-043,3,PICK_TUBE,input_box_2,D1,output_D,category_D_output_box,B4,-400.000,113.000,55.000,close,off,available,none,,placed_output,pick tube
baseline_multi_box_run,baseline_multi_box_run_0043_MBOX-043,MBOX-043,4,LIFT_TO_SAFE_Z,input_box_2,D1,output_D,category_D_output_box,B4,-400.000,113.000,200.000,hold,off,available,none,,placed_output,lift picked tube
baseline_multi_box_run,baseline_multi_box_run_0043_MBOX-043,MBOX-043,5,MOVE_SAFE_ABOVE_SCAN,input_box_2,D1,output_D,category_D_output_box,B4,-140.000,60.000,200.000,hold,off,available,none,,placed_output,move above scan station
baseline_multi_box_run,baseline_multi_box_run_0043_MBOX-043,MBOX-043,6,APPROACH_SCAN_STATION,input_box_2,D1,output_D,category_D_output_box,B4,-140.000,60.000,75.000,hold,off,available,none,,placed_output,approach scan station
baseline_multi_box_run,baseline_multi_box_run_0043_MBOX-043,MBOX-043,7,SCAN_BARCODE,input_box_2,D1,output_D,category_D_output_box,B4,-140.000,60.000,75.000,hold,scan,available,none,,placed_output,scan and classify
baseline_multi_box_run,baseline_multi_box_run_0043_MBOX-043,MBOX-043,8,LIFT_TO_SAFE_Z_AFTER_SCAN,input_box_2,D1,output_D,category_D_output_box,B4,-140.000,60.000,200.000,hold,off,available,none,,placed_output,lift after scan
baseline_multi_box_run,baseline_multi_box_run_0043_MBOX-043,MBOX-043,9,MOVE_SAFE_ABOVE_TARGET,input_box_2,D1,output_D,category_D_output_box,B4,384.000,-26.000,200.000,hold,off,available,none,,placed_output,move above target
baseline_multi_box_run,baseline_multi_box_run_0043_MBOX-043,MBOX-043,10,APPROACH_TARGET_SLOT,input_box_2,D1,output_D,category_D_output_box,B4,384.000,-26.000,130.000,hold,off,available,none,,placed_output,approach target slot
baseline_multi_box_run,baseline_multi_box_run_0043_MBOX-043,MBOX-043,11,PLACE_TUBE,input_box_2,D1,output_D,category_D_output_box,B4,384.000,-26.000,45.000,open,off,available,none,,placed_output,place tube
baseline_multi_box_run,baseline_multi_box_run_0043_MBOX-043,MBOX-043,12,RETREAT_TO_SAFE_Z,input_box_2,D1,output_D,category_D_output_box,B4,384.000,-26.000,200.000,open,off,available,none,,placed_output,retreat after place
baseline_multi_box_run,baseline_multi_box_run_0044_MBOX-044,MBOX-044,1,MOVE_SAFE_ABOVE_INPUT,input_box_2,D2,output_A,category_A_output_box,B5,-372.000,113.000,200.000,open,off,available,none,,placed_output,move to input safe height
baseline_multi_box_run,baseline_multi_box_run_0044_MBOX-044,MBOX-044,2,APPROACH_INPUT_SLOT,input_box_2,D2,output_A,category_A_output_box,B5,-372.000,113.000,130.000,open,off,available,none,,placed_output,approach input slot
baseline_multi_box_run,baseline_multi_box_run_0044_MBOX-044,MBOX-044,3,PICK_TUBE,input_box_2,D2,output_A,category_A_output_box,B5,-372.000,113.000,80.000,close,off,available,none,,placed_output,pick tube
baseline_multi_box_run,baseline_multi_box_run_0044_MBOX-044,MBOX-044,4,LIFT_TO_SAFE_Z,input_box_2,D2,output_A,category_A_output_box,B5,-372.000,113.000,200.000,hold,off,available,none,,placed_output,lift picked tube
baseline_multi_box_run,baseline_multi_box_run_0044_MBOX-044,MBOX-044,5,MOVE_SAFE_ABOVE_SCAN,input_box_2,D2,output_A,category_A_output_box,B5,-140.000,60.000,200.000,hold,off,available,none,,placed_output,move above scan station
baseline_multi_box_run,baseline_multi_box_run_0044_MBOX-044,MBOX-044,6,APPROACH_SCAN_STATION,input_box_2,D2,output_A,category_A_output_box,B5,-140.000,60.000,75.000,hold,off,available,none,,placed_output,approach scan station
baseline_multi_box_run,baseline_multi_box_run_0044_MBOX-044,MBOX-044,7,SCAN_BARCODE,input_box_2,D2,output_A,category_A_output_box,B5,-140.000,60.000,75.000,hold,scan,available,none,,placed_output,scan and classify
baseline_multi_box_run,baseline_multi_box_run_0044_MBOX-044,MBOX-044,8,LIFT_TO_SAFE_Z_AFTER_SCAN,input_box_2,D2,output_A,category_A_output_box,B5,-140.000,60.000,200.000,hold,off,available,none,,placed_output,lift after scan
baseline_multi_box_run,baseline_multi_box_run_0044_MBOX-044,MBOX-044,9,MOVE_SAFE_ABOVE_TARGET,input_box_2,D2,output_A,category_A_output_box,B5,202.000,184.000,200.000,hold,off,available,none,,placed_output,move above target
baseline_multi_box_run,baseline_multi_box_run_0044_MBOX-044,MBOX-044,10,APPROACH_TARGET_SLOT,input_box_2,D2,output_A,category_A_output_box,B5,202.000,184.000,130.000,hold,off,available,none,,placed_output,approach target slot
baseline_multi_box_run,baseline_multi_box_run_0044_MBOX-044,MBOX-044,11,PLACE_TUBE,input_box_2,D2,output_A,category_A_output_box,B5,202.000,184.000,70.000,open,off,available,none,,placed_output,place tube
baseline_multi_box_run,baseline_multi_box_run_0044_MBOX-044,MBOX-044,12,RETREAT_TO_SAFE_Z,input_box_2,D2,output_A,category_A_output_box,B5,202.000,184.000,200.000,open,off,available,none,,placed_output,retreat after place
baseline_multi_box_run,baseline_multi_box_run_0045_MBOX-045,MBOX-045,1,MOVE_SAFE_ABOVE_INPUT,input_box_2,D3,output_B,category_B_output_box,B5,-344.000,113.000,200.000,open,off,available,none,,placed_output,move to input safe height
baseline_multi_box_run,baseline_multi_box_run_0045_MBOX-045,MBOX-045,2,APPROACH_INPUT_SLOT,input_box_2,D3,output_B,category_B_output_box,B5,-344.000,113.000,130.000,open,off,available,none,,placed_output,approach input slot
baseline_multi_box_run,baseline_multi_box_run_0045_MBOX-045,MBOX-045,3,PICK_TUBE,input_box_2,D3,output_B,category_B_output_box,B5,-344.000,113.000,55.000,close,off,available,none,,placed_output,pick tube
baseline_multi_box_run,baseline_multi_box_run_0045_MBOX-045,MBOX-045,4,LIFT_TO_SAFE_Z,input_box_2,D3,output_B,category_B_output_box,B5,-344.000,113.000,200.000,hold,off,available,none,,placed_output,lift picked tube
baseline_multi_box_run,baseline_multi_box_run_0045_MBOX-045,MBOX-045,5,MOVE_SAFE_ABOVE_SCAN,input_box_2,D3,output_B,category_B_output_box,B5,-140.000,60.000,200.000,hold,off,available,none,,placed_output,move above scan station
baseline_multi_box_run,baseline_multi_box_run_0045_MBOX-045,MBOX-045,6,APPROACH_SCAN_STATION,input_box_2,D3,output_B,category_B_output_box,B5,-140.000,60.000,75.000,hold,off,available,none,,placed_output,approach scan station
baseline_multi_box_run,baseline_multi_box_run_0045_MBOX-045,MBOX-045,7,SCAN_BARCODE,input_box_2,D3,output_B,category_B_output_box,B5,-140.000,60.000,75.000,hold,scan,available,none,,placed_output,scan and classify
baseline_multi_box_run,baseline_multi_box_run_0045_MBOX-045,MBOX-045,8,LIFT_TO_SAFE_Z_AFTER_SCAN,input_box_2,D3,output_B,category_B_output_box,B5,-140.000,60.000,200.000,hold,off,available,none,,placed_output,lift after scan
baseline_multi_box_run,baseline_multi_box_run_0045_MBOX-045,MBOX-045,9,MOVE_SAFE_ABOVE_TARGET,input_box_2,D3,output_B,category_B_output_box,B5,412.000,184.000,200.000,hold,off,available,none,,placed_output,move above target
baseline_multi_box_run,baseline_multi_box_run_0045_MBOX-045,MBOX-045,10,APPROACH_TARGET_SLOT,input_box_2,D3,output_B,category_B_output_box,B5,412.000,184.000,130.000,hold,off,available,none,,placed_output,approach target slot
baseline_multi_box_run,baseline_multi_box_run_0045_MBOX-045,MBOX-045,11,PLACE_TUBE,input_box_2,D3,output_B,category_B_output_box,B5,412.000,184.000,45.000,open,off,available,none,,placed_output,place tube
baseline_multi_box_run,baseline_multi_box_run_0045_MBOX-045,MBOX-045,12,RETREAT_TO_SAFE_Z,input_box_2,D3,output_B,category_B_output_box,B5,412.000,184.000,200.000,open,off,available,none,,placed_output,retreat after place
baseline_multi_box_run,baseline_multi_box_run_0046_MBOX-046,MBOX-046,1,MOVE_SAFE_ABOVE_INPUT,input_box_2,D4,output_C,category_C_output_box,B5,-316.000,113.000,200.000,open,off,available,none,,placed_output,move to input safe height
baseline_multi_box_run,baseline_multi_box_run_0046_MBOX-046,MBOX-046,2,APPROACH_INPUT_SLOT,input_box_2,D4,output_C,category_C_output_box,B5,-316.000,113.000,130.000,open,off,available,none,,placed_output,approach input slot
baseline_multi_box_run,baseline_multi_box_run_0046_MBOX-046,MBOX-046,3,PICK_TUBE,input_box_2,D4,output_C,category_C_output_box,B5,-316.000,113.000,55.000,close,off,available,none,,placed_output,pick tube
baseline_multi_box_run,baseline_multi_box_run_0046_MBOX-046,MBOX-046,4,LIFT_TO_SAFE_Z,input_box_2,D4,output_C,category_C_output_box,B5,-316.000,113.000,200.000,hold,off,available,none,,placed_output,lift picked tube
baseline_multi_box_run,baseline_multi_box_run_0046_MBOX-046,MBOX-046,5,MOVE_SAFE_ABOVE_SCAN,input_box_2,D4,output_C,category_C_output_box,B5,-140.000,60.000,200.000,hold,off,available,none,,placed_output,move above scan station
baseline_multi_box_run,baseline_multi_box_run_0046_MBOX-046,MBOX-046,6,APPROACH_SCAN_STATION,input_box_2,D4,output_C,category_C_output_box,B5,-140.000,60.000,75.000,hold,off,available,none,,placed_output,approach scan station
baseline_multi_box_run,baseline_multi_box_run_0046_MBOX-046,MBOX-046,7,SCAN_BARCODE,input_box_2,D4,output_C,category_C_output_box,B5,-140.000,60.000,75.000,hold,scan,available,none,,placed_output,scan and classify
baseline_multi_box_run,baseline_multi_box_run_0046_MBOX-046,MBOX-046,8,LIFT_TO_SAFE_Z_AFTER_SCAN,input_box_2,D4,output_C,category_C_output_box,B5,-140.000,60.000,200.000,hold,off,available,none,,placed_output,lift after scan
baseline_multi_box_run,baseline_multi_box_run_0046_MBOX-046,MBOX-046,9,MOVE_SAFE_ABOVE_TARGET,input_box_2,D4,output_C,category_C_output_box,B5,202.000,-26.000,200.000,hold,off,available,none,,placed_output,move above target
baseline_multi_box_run,baseline_multi_box_run_0046_MBOX-046,MBOX-046,10,APPROACH_TARGET_SLOT,input_box_2,D4,output_C,category_C_output_box,B5,202.000,-26.000,130.000,hold,off,available,none,,placed_output,approach target slot
baseline_multi_box_run,baseline_multi_box_run_0046_MBOX-046,MBOX-046,11,PLACE_TUBE,input_box_2,D4,output_C,category_C_output_box,B5,202.000,-26.000,45.000,open,off,available,none,,placed_output,place tube
baseline_multi_box_run,baseline_multi_box_run_0046_MBOX-046,MBOX-046,12,RETREAT_TO_SAFE_Z,input_box_2,D4,output_C,category_C_output_box,B5,202.000,-26.000,200.000,open,off,available,none,,placed_output,retreat after place
baseline_multi_box_run,baseline_multi_box_run_0047_MBOX-047,MBOX-047,1,MOVE_SAFE_ABOVE_INPUT,input_box_2,D5,output_D,category_D_output_box,B5,-288.000,113.000,200.000,open,off,available,none,,placed_output,move to input safe height
baseline_multi_box_run,baseline_multi_box_run_0047_MBOX-047,MBOX-047,2,APPROACH_INPUT_SLOT,input_box_2,D5,output_D,category_D_output_box,B5,-288.000,113.000,130.000,open,off,available,none,,placed_output,approach input slot
baseline_multi_box_run,baseline_multi_box_run_0047_MBOX-047,MBOX-047,3,PICK_TUBE,input_box_2,D5,output_D,category_D_output_box,B5,-288.000,113.000,80.000,close,off,available,none,,placed_output,pick tube
baseline_multi_box_run,baseline_multi_box_run_0047_MBOX-047,MBOX-047,4,LIFT_TO_SAFE_Z,input_box_2,D5,output_D,category_D_output_box,B5,-288.000,113.000,200.000,hold,off,available,none,,placed_output,lift picked tube
baseline_multi_box_run,baseline_multi_box_run_0047_MBOX-047,MBOX-047,5,MOVE_SAFE_ABOVE_SCAN,input_box_2,D5,output_D,category_D_output_box,B5,-140.000,60.000,200.000,hold,off,available,none,,placed_output,move above scan station
baseline_multi_box_run,baseline_multi_box_run_0047_MBOX-047,MBOX-047,6,APPROACH_SCAN_STATION,input_box_2,D5,output_D,category_D_output_box,B5,-140.000,60.000,75.000,hold,off,available,none,,placed_output,approach scan station
baseline_multi_box_run,baseline_multi_box_run_0047_MBOX-047,MBOX-047,7,SCAN_BARCODE,input_box_2,D5,output_D,category_D_output_box,B5,-140.000,60.000,75.000,hold,scan,available,none,,placed_output,scan and classify
baseline_multi_box_run,baseline_multi_box_run_0047_MBOX-047,MBOX-047,8,LIFT_TO_SAFE_Z_AFTER_SCAN,input_box_2,D5,output_D,category_D_output_box,B5,-140.000,60.000,200.000,hold,off,available,none,,placed_output,lift after scan
baseline_multi_box_run,baseline_multi_box_run_0047_MBOX-047,MBOX-047,9,MOVE_SAFE_ABOVE_TARGET,input_box_2,D5,output_D,category_D_output_box,B5,412.000,-26.000,200.000,hold,off,available,none,,placed_output,move above target
baseline_multi_box_run,baseline_multi_box_run_0047_MBOX-047,MBOX-047,10,APPROACH_TARGET_SLOT,input_box_2,D5,output_D,category_D_output_box,B5,412.000,-26.000,130.000,hold,off,available,none,,placed_output,approach target slot
baseline_multi_box_run,baseline_multi_box_run_0047_MBOX-047,MBOX-047,11,PLACE_TUBE,input_box_2,D5,output_D,category_D_output_box,B5,412.000,-26.000,70.000,open,off,available,none,,placed_output,place tube
baseline_multi_box_run,baseline_multi_box_run_0047_MBOX-047,MBOX-047,12,RETREAT_TO_SAFE_Z,input_box_2,D5,output_D,category_D_output_box,B5,412.000,-26.000,200.000,open,off,available,none,,placed_output,retreat after place
baseline_multi_box_run,baseline_multi_box_run_0048_MBOX-048,MBOX-048,1,MOVE_SAFE_ABOVE_INPUT,input_box_2,D6,output_A,category_A_output_box,B6,-260.000,113.000,200.000,open,off,available,none,,placed_output,move to input safe height
baseline_multi_box_run,baseline_multi_box_run_0048_MBOX-048,MBOX-048,2,APPROACH_INPUT_SLOT,input_box_2,D6,output_A,category_A_output_box,B6,-260.000,113.000,130.000,open,off,available,none,,placed_output,approach input slot
baseline_multi_box_run,baseline_multi_box_run_0048_MBOX-048,MBOX-048,3,PICK_TUBE,input_box_2,D6,output_A,category_A_output_box,B6,-260.000,113.000,55.000,close,off,available,none,,placed_output,pick tube
baseline_multi_box_run,baseline_multi_box_run_0048_MBOX-048,MBOX-048,4,LIFT_TO_SAFE_Z,input_box_2,D6,output_A,category_A_output_box,B6,-260.000,113.000,200.000,hold,off,available,none,,placed_output,lift picked tube
baseline_multi_box_run,baseline_multi_box_run_0048_MBOX-048,MBOX-048,5,MOVE_SAFE_ABOVE_SCAN,input_box_2,D6,output_A,category_A_output_box,B6,-140.000,60.000,200.000,hold,off,available,none,,placed_output,move above scan station
baseline_multi_box_run,baseline_multi_box_run_0048_MBOX-048,MBOX-048,6,APPROACH_SCAN_STATION,input_box_2,D6,output_A,category_A_output_box,B6,-140.000,60.000,75.000,hold,off,available,none,,placed_output,approach scan station
baseline_multi_box_run,baseline_multi_box_run_0048_MBOX-048,MBOX-048,7,SCAN_BARCODE,input_box_2,D6,output_A,category_A_output_box,B6,-140.000,60.000,75.000,hold,scan,available,none,,placed_output,scan and classify
baseline_multi_box_run,baseline_multi_box_run_0048_MBOX-048,MBOX-048,8,LIFT_TO_SAFE_Z_AFTER_SCAN,input_box_2,D6,output_A,category_A_output_box,B6,-140.000,60.000,200.000,hold,off,available,none,,placed_output,lift after scan
baseline_multi_box_run,baseline_multi_box_run_0048_MBOX-048,MBOX-048,9,MOVE_SAFE_ABOVE_TARGET,input_box_2,D6,output_A,category_A_output_box,B6,230.000,184.000,200.000,hold,off,available,none,,placed_output,move above target
baseline_multi_box_run,baseline_multi_box_run_0048_MBOX-048,MBOX-048,10,APPROACH_TARGET_SLOT,input_box_2,D6,output_A,category_A_output_box,B6,230.000,184.000,130.000,hold,off,available,none,,placed_output,approach target slot
baseline_multi_box_run,baseline_multi_box_run_0048_MBOX-048,MBOX-048,11,PLACE_TUBE,input_box_2,D6,output_A,category_A_output_box,B6,230.000,184.000,45.000,open,off,available,none,,placed_output,place tube
baseline_multi_box_run,baseline_multi_box_run_0048_MBOX-048,MBOX-048,12,RETREAT_TO_SAFE_Z,input_box_2,D6,output_A,category_A_output_box,B6,230.000,184.000,200.000,open,off,available,none,,placed_output,retreat after place
baseline_multi_box_run,baseline_multi_box_run_0049_MBOX-049,MBOX-049,1,MOVE_SAFE_ABOVE_INPUT,input_box_3,A1,output_B,category_B_output_box,B6,-400.000,67.000,200.000,open,off,available,none,,placed_output,move to input safe height
baseline_multi_box_run,baseline_multi_box_run_0049_MBOX-049,MBOX-049,2,APPROACH_INPUT_SLOT,input_box_3,A1,output_B,category_B_output_box,B6,-400.000,67.000,130.000,open,off,available,none,,placed_output,approach input slot
baseline_multi_box_run,baseline_multi_box_run_0049_MBOX-049,MBOX-049,3,PICK_TUBE,input_box_3,A1,output_B,category_B_output_box,B6,-400.000,67.000,55.000,close,off,available,none,,placed_output,pick tube
baseline_multi_box_run,baseline_multi_box_run_0049_MBOX-049,MBOX-049,4,LIFT_TO_SAFE_Z,input_box_3,A1,output_B,category_B_output_box,B6,-400.000,67.000,200.000,hold,off,available,none,,placed_output,lift picked tube
baseline_multi_box_run,baseline_multi_box_run_0049_MBOX-049,MBOX-049,5,MOVE_SAFE_ABOVE_SCAN,input_box_3,A1,output_B,category_B_output_box,B6,-140.000,60.000,200.000,hold,off,available,none,,placed_output,move above scan station
baseline_multi_box_run,baseline_multi_box_run_0049_MBOX-049,MBOX-049,6,APPROACH_SCAN_STATION,input_box_3,A1,output_B,category_B_output_box,B6,-140.000,60.000,75.000,hold,off,available,none,,placed_output,approach scan station
baseline_multi_box_run,baseline_multi_box_run_0049_MBOX-049,MBOX-049,7,SCAN_BARCODE,input_box_3,A1,output_B,category_B_output_box,B6,-140.000,60.000,75.000,hold,scan,available,none,,placed_output,scan and classify
baseline_multi_box_run,baseline_multi_box_run_0049_MBOX-049,MBOX-049,8,LIFT_TO_SAFE_Z_AFTER_SCAN,input_box_3,A1,output_B,category_B_output_box,B6,-140.000,60.000,200.000,hold,off,available,none,,placed_output,lift after scan
baseline_multi_box_run,baseline_multi_box_run_0049_MBOX-049,MBOX-049,9,MOVE_SAFE_ABOVE_TARGET,input_box_3,A1,output_B,category_B_output_box,B6,440.000,184.000,200.000,hold,off,available,none,,placed_output,move above target
baseline_multi_box_run,baseline_multi_box_run_0049_MBOX-049,MBOX-049,10,APPROACH_TARGET_SLOT,input_box_3,A1,output_B,category_B_output_box,B6,440.000,184.000,130.000,hold,off,available,none,,placed_output,approach target slot
baseline_multi_box_run,baseline_multi_box_run_0049_MBOX-049,MBOX-049,11,PLACE_TUBE,input_box_3,A1,output_B,category_B_output_box,B6,440.000,184.000,45.000,open,off,available,none,,placed_output,place tube
baseline_multi_box_run,baseline_multi_box_run_0049_MBOX-049,MBOX-049,12,RETREAT_TO_SAFE_Z,input_box_3,A1,output_B,category_B_output_box,B6,440.000,184.000,200.000,open,off,available,none,,placed_output,retreat after place
baseline_multi_box_run,baseline_multi_box_run_0050_MBOX-050,MBOX-050,1,MOVE_SAFE_ABOVE_INPUT,input_box_3,A2,output_C,category_C_output_box,B6,-372.000,67.000,200.000,open,off,available,none,,placed_output,move to input safe height
baseline_multi_box_run,baseline_multi_box_run_0050_MBOX-050,MBOX-050,2,APPROACH_INPUT_SLOT,input_box_3,A2,output_C,category_C_output_box,B6,-372.000,67.000,130.000,open,off,available,none,,placed_output,approach input slot
baseline_multi_box_run,baseline_multi_box_run_0050_MBOX-050,MBOX-050,3,PICK_TUBE,input_box_3,A2,output_C,category_C_output_box,B6,-372.000,67.000,80.000,close,off,available,none,,placed_output,pick tube
baseline_multi_box_run,baseline_multi_box_run_0050_MBOX-050,MBOX-050,4,LIFT_TO_SAFE_Z,input_box_3,A2,output_C,category_C_output_box,B6,-372.000,67.000,200.000,hold,off,available,none,,placed_output,lift picked tube
baseline_multi_box_run,baseline_multi_box_run_0050_MBOX-050,MBOX-050,5,MOVE_SAFE_ABOVE_SCAN,input_box_3,A2,output_C,category_C_output_box,B6,-140.000,60.000,200.000,hold,off,available,none,,placed_output,move above scan station
baseline_multi_box_run,baseline_multi_box_run_0050_MBOX-050,MBOX-050,6,APPROACH_SCAN_STATION,input_box_3,A2,output_C,category_C_output_box,B6,-140.000,60.000,75.000,hold,off,available,none,,placed_output,approach scan station
baseline_multi_box_run,baseline_multi_box_run_0050_MBOX-050,MBOX-050,7,SCAN_BARCODE,input_box_3,A2,output_C,category_C_output_box,B6,-140.000,60.000,75.000,hold,scan,available,none,,placed_output,scan and classify
baseline_multi_box_run,baseline_multi_box_run_0050_MBOX-050,MBOX-050,8,LIFT_TO_SAFE_Z_AFTER_SCAN,input_box_3,A2,output_C,category_C_output_box,B6,-140.000,60.000,200.000,hold,off,available,none,,placed_output,lift after scan
baseline_multi_box_run,baseline_multi_box_run_0050_MBOX-050,MBOX-050,9,MOVE_SAFE_ABOVE_TARGET,input_box_3,A2,output_C,category_C_output_box,B6,230.000,-26.000,200.000,hold,off,available,none,,placed_output,move above target
baseline_multi_box_run,baseline_multi_box_run_0050_MBOX-050,MBOX-050,10,APPROACH_TARGET_SLOT,input_box_3,A2,output_C,category_C_output_box,B6,230.000,-26.000,130.000,hold,off,available,none,,placed_output,approach target slot
baseline_multi_box_run,baseline_multi_box_run_0050_MBOX-050,MBOX-050,11,PLACE_TUBE,input_box_3,A2,output_C,category_C_output_box,B6,230.000,-26.000,70.000,open,off,available,none,,placed_output,place tube
baseline_multi_box_run,baseline_multi_box_run_0050_MBOX-050,MBOX-050,12,RETREAT_TO_SAFE_Z,input_box_3,A2,output_C,category_C_output_box,B6,230.000,-26.000,200.000,open,off,available,none,,placed_output,retreat after place
baseline_multi_box_run,baseline_multi_box_run_0051_MBOX-051,MBOX-051,1,MOVE_SAFE_ABOVE_INPUT,input_box_3,A3,output_D,category_D_output_box,B6,-344.000,67.000,200.000,open,off,available,none,,placed_output,move to input safe height
baseline_multi_box_run,baseline_multi_box_run_0051_MBOX-051,MBOX-051,2,APPROACH_INPUT_SLOT,input_box_3,A3,output_D,category_D_output_box,B6,-344.000,67.000,130.000,open,off,available,none,,placed_output,approach input slot
baseline_multi_box_run,baseline_multi_box_run_0051_MBOX-051,MBOX-051,3,PICK_TUBE,input_box_3,A3,output_D,category_D_output_box,B6,-344.000,67.000,55.000,close,off,available,none,,placed_output,pick tube
baseline_multi_box_run,baseline_multi_box_run_0051_MBOX-051,MBOX-051,4,LIFT_TO_SAFE_Z,input_box_3,A3,output_D,category_D_output_box,B6,-344.000,67.000,200.000,hold,off,available,none,,placed_output,lift picked tube
baseline_multi_box_run,baseline_multi_box_run_0051_MBOX-051,MBOX-051,5,MOVE_SAFE_ABOVE_SCAN,input_box_3,A3,output_D,category_D_output_box,B6,-140.000,60.000,200.000,hold,off,available,none,,placed_output,move above scan station
baseline_multi_box_run,baseline_multi_box_run_0051_MBOX-051,MBOX-051,6,APPROACH_SCAN_STATION,input_box_3,A3,output_D,category_D_output_box,B6,-140.000,60.000,75.000,hold,off,available,none,,placed_output,approach scan station
baseline_multi_box_run,baseline_multi_box_run_0051_MBOX-051,MBOX-051,7,SCAN_BARCODE,input_box_3,A3,output_D,category_D_output_box,B6,-140.000,60.000,75.000,hold,scan,available,none,,placed_output,scan and classify
baseline_multi_box_run,baseline_multi_box_run_0051_MBOX-051,MBOX-051,8,LIFT_TO_SAFE_Z_AFTER_SCAN,input_box_3,A3,output_D,category_D_output_box,B6,-140.000,60.000,200.000,hold,off,available,none,,placed_output,lift after scan
baseline_multi_box_run,baseline_multi_box_run_0051_MBOX-051,MBOX-051,9,MOVE_SAFE_ABOVE_TARGET,input_box_3,A3,output_D,category_D_output_box,B6,440.000,-26.000,200.000,hold,off,available,none,,placed_output,move above target
baseline_multi_box_run,baseline_multi_box_run_0051_MBOX-051,MBOX-051,10,APPROACH_TARGET_SLOT,input_box_3,A3,output_D,category_D_output_box,B6,440.000,-26.000,130.000,hold,off,available,none,,placed_output,approach target slot
baseline_multi_box_run,baseline_multi_box_run_0051_MBOX-051,MBOX-051,11,PLACE_TUBE,input_box_3,A3,output_D,category_D_output_box,B6,440.000,-26.000,45.000,open,off,available,none,,placed_output,place tube
baseline_multi_box_run,baseline_multi_box_run_0051_MBOX-051,MBOX-051,12,RETREAT_TO_SAFE_Z,input_box_3,A3,output_D,category_D_output_box,B6,440.000,-26.000,200.000,open,off,available,none,,placed_output,retreat after place
baseline_multi_box_run,baseline_multi_box_run_0052_MBOX-052,MBOX-052,1,MOVE_SAFE_ABOVE_INPUT,input_box_3,A4,output_A,category_A_output_box,C1,-316.000,67.000,200.000,open,off,available,none,,placed_output,move to input safe height
baseline_multi_box_run,baseline_multi_box_run_0052_MBOX-052,MBOX-052,2,APPROACH_INPUT_SLOT,input_box_3,A4,output_A,category_A_output_box,C1,-316.000,67.000,130.000,open,off,available,none,,placed_output,approach input slot
baseline_multi_box_run,baseline_multi_box_run_0052_MBOX-052,MBOX-052,3,PICK_TUBE,input_box_3,A4,output_A,category_A_output_box,C1,-316.000,67.000,55.000,close,off,available,none,,placed_output,pick tube
baseline_multi_box_run,baseline_multi_box_run_0052_MBOX-052,MBOX-052,4,LIFT_TO_SAFE_Z,input_box_3,A4,output_A,category_A_output_box,C1,-316.000,67.000,200.000,hold,off,available,none,,placed_output,lift picked tube
baseline_multi_box_run,baseline_multi_box_run_0052_MBOX-052,MBOX-052,5,MOVE_SAFE_ABOVE_SCAN,input_box_3,A4,output_A,category_A_output_box,C1,-140.000,60.000,200.000,hold,off,available,none,,placed_output,move above scan station
baseline_multi_box_run,baseline_multi_box_run_0052_MBOX-052,MBOX-052,6,APPROACH_SCAN_STATION,input_box_3,A4,output_A,category_A_output_box,C1,-140.000,60.000,75.000,hold,off,available,none,,placed_output,approach scan station
baseline_multi_box_run,baseline_multi_box_run_0052_MBOX-052,MBOX-052,7,SCAN_BARCODE,input_box_3,A4,output_A,category_A_output_box,C1,-140.000,60.000,75.000,hold,scan,available,none,,placed_output,scan and classify
baseline_multi_box_run,baseline_multi_box_run_0052_MBOX-052,MBOX-052,8,LIFT_TO_SAFE_Z_AFTER_SCAN,input_box_3,A4,output_A,category_A_output_box,C1,-140.000,60.000,200.000,hold,off,available,none,,placed_output,lift after scan
baseline_multi_box_run,baseline_multi_box_run_0052_MBOX-052,MBOX-052,9,MOVE_SAFE_ABOVE_TARGET,input_box_3,A4,output_A,category_A_output_box,C1,90.000,156.000,200.000,hold,off,available,none,,placed_output,move above target
baseline_multi_box_run,baseline_multi_box_run_0052_MBOX-052,MBOX-052,10,APPROACH_TARGET_SLOT,input_box_3,A4,output_A,category_A_output_box,C1,90.000,156.000,130.000,hold,off,available,none,,placed_output,approach target slot
baseline_multi_box_run,baseline_multi_box_run_0052_MBOX-052,MBOX-052,11,PLACE_TUBE,input_box_3,A4,output_A,category_A_output_box,C1,90.000,156.000,45.000,open,off,available,none,,placed_output,place tube
baseline_multi_box_run,baseline_multi_box_run_0052_MBOX-052,MBOX-052,12,RETREAT_TO_SAFE_Z,input_box_3,A4,output_A,category_A_output_box,C1,90.000,156.000,200.000,open,off,available,none,,placed_output,retreat after place
baseline_multi_box_run,baseline_multi_box_run_0053_MBOX-053,MBOX-053,1,MOVE_SAFE_ABOVE_INPUT,input_box_3,A5,output_B,category_B_output_box,C1,-288.000,67.000,200.000,open,off,available,none,,placed_output,move to input safe height
baseline_multi_box_run,baseline_multi_box_run_0053_MBOX-053,MBOX-053,2,APPROACH_INPUT_SLOT,input_box_3,A5,output_B,category_B_output_box,C1,-288.000,67.000,130.000,open,off,available,none,,placed_output,approach input slot
baseline_multi_box_run,baseline_multi_box_run_0053_MBOX-053,MBOX-053,3,PICK_TUBE,input_box_3,A5,output_B,category_B_output_box,C1,-288.000,67.000,80.000,close,off,available,none,,placed_output,pick tube
baseline_multi_box_run,baseline_multi_box_run_0053_MBOX-053,MBOX-053,4,LIFT_TO_SAFE_Z,input_box_3,A5,output_B,category_B_output_box,C1,-288.000,67.000,200.000,hold,off,available,none,,placed_output,lift picked tube
baseline_multi_box_run,baseline_multi_box_run_0053_MBOX-053,MBOX-053,5,MOVE_SAFE_ABOVE_SCAN,input_box_3,A5,output_B,category_B_output_box,C1,-140.000,60.000,200.000,hold,off,available,none,,placed_output,move above scan station
baseline_multi_box_run,baseline_multi_box_run_0053_MBOX-053,MBOX-053,6,APPROACH_SCAN_STATION,input_box_3,A5,output_B,category_B_output_box,C1,-140.000,60.000,75.000,hold,off,available,none,,placed_output,approach scan station
baseline_multi_box_run,baseline_multi_box_run_0053_MBOX-053,MBOX-053,7,SCAN_BARCODE,input_box_3,A5,output_B,category_B_output_box,C1,-140.000,60.000,75.000,hold,scan,available,none,,placed_output,scan and classify
baseline_multi_box_run,baseline_multi_box_run_0053_MBOX-053,MBOX-053,8,LIFT_TO_SAFE_Z_AFTER_SCAN,input_box_3,A5,output_B,category_B_output_box,C1,-140.000,60.000,200.000,hold,off,available,none,,placed_output,lift after scan
baseline_multi_box_run,baseline_multi_box_run_0053_MBOX-053,MBOX-053,9,MOVE_SAFE_ABOVE_TARGET,input_box_3,A5,output_B,category_B_output_box,C1,300.000,156.000,200.000,hold,off,available,none,,placed_output,move above target
baseline_multi_box_run,baseline_multi_box_run_0053_MBOX-053,MBOX-053,10,APPROACH_TARGET_SLOT,input_box_3,A5,output_B,category_B_output_box,C1,300.000,156.000,130.000,hold,off,available,none,,placed_output,approach target slot
baseline_multi_box_run,baseline_multi_box_run_0053_MBOX-053,MBOX-053,11,PLACE_TUBE,input_box_3,A5,output_B,category_B_output_box,C1,300.000,156.000,70.000,open,off,available,none,,placed_output,place tube
baseline_multi_box_run,baseline_multi_box_run_0053_MBOX-053,MBOX-053,12,RETREAT_TO_SAFE_Z,input_box_3,A5,output_B,category_B_output_box,C1,300.000,156.000,200.000,open,off,available,none,,placed_output,retreat after place
baseline_multi_box_run,baseline_multi_box_run_0054_MBOX-054,MBOX-054,1,MOVE_SAFE_ABOVE_INPUT,input_box_3,A6,output_C,category_C_output_box,C1,-260.000,67.000,200.000,open,off,available,none,,placed_output,move to input safe height
baseline_multi_box_run,baseline_multi_box_run_0054_MBOX-054,MBOX-054,2,APPROACH_INPUT_SLOT,input_box_3,A6,output_C,category_C_output_box,C1,-260.000,67.000,130.000,open,off,available,none,,placed_output,approach input slot
baseline_multi_box_run,baseline_multi_box_run_0054_MBOX-054,MBOX-054,3,PICK_TUBE,input_box_3,A6,output_C,category_C_output_box,C1,-260.000,67.000,55.000,close,off,available,none,,placed_output,pick tube
baseline_multi_box_run,baseline_multi_box_run_0054_MBOX-054,MBOX-054,4,LIFT_TO_SAFE_Z,input_box_3,A6,output_C,category_C_output_box,C1,-260.000,67.000,200.000,hold,off,available,none,,placed_output,lift picked tube
baseline_multi_box_run,baseline_multi_box_run_0054_MBOX-054,MBOX-054,5,MOVE_SAFE_ABOVE_SCAN,input_box_3,A6,output_C,category_C_output_box,C1,-140.000,60.000,200.000,hold,off,available,none,,placed_output,move above scan station
baseline_multi_box_run,baseline_multi_box_run_0054_MBOX-054,MBOX-054,6,APPROACH_SCAN_STATION,input_box_3,A6,output_C,category_C_output_box,C1,-140.000,60.000,75.000,hold,off,available,none,,placed_output,approach scan station
baseline_multi_box_run,baseline_multi_box_run_0054_MBOX-054,MBOX-054,7,SCAN_BARCODE,input_box_3,A6,output_C,category_C_output_box,C1,-140.000,60.000,75.000,hold,scan,available,none,,placed_output,scan and classify
baseline_multi_box_run,baseline_multi_box_run_0054_MBOX-054,MBOX-054,8,LIFT_TO_SAFE_Z_AFTER_SCAN,input_box_3,A6,output_C,category_C_output_box,C1,-140.000,60.000,200.000,hold,off,available,none,,placed_output,lift after scan
baseline_multi_box_run,baseline_multi_box_run_0054_MBOX-054,MBOX-054,9,MOVE_SAFE_ABOVE_TARGET,input_box_3,A6,output_C,category_C_output_box,C1,90.000,-54.000,200.000,hold,off,available,none,,placed_output,move above target
baseline_multi_box_run,baseline_multi_box_run_0054_MBOX-054,MBOX-054,10,APPROACH_TARGET_SLOT,input_box_3,A6,output_C,category_C_output_box,C1,90.000,-54.000,130.000,hold,off,available,none,,placed_output,approach target slot
baseline_multi_box_run,baseline_multi_box_run_0054_MBOX-054,MBOX-054,11,PLACE_TUBE,input_box_3,A6,output_C,category_C_output_box,C1,90.000,-54.000,45.000,open,off,available,none,,placed_output,place tube
baseline_multi_box_run,baseline_multi_box_run_0054_MBOX-054,MBOX-054,12,RETREAT_TO_SAFE_Z,input_box_3,A6,output_C,category_C_output_box,C1,90.000,-54.000,200.000,open,off,available,none,,placed_output,retreat after place
baseline_multi_box_run,baseline_multi_box_run_0055_MBOX-055,MBOX-055,1,MOVE_SAFE_ABOVE_INPUT,input_box_3,B1,output_D,category_D_output_box,C1,-400.000,39.000,200.000,open,off,available,none,,placed_output,move to input safe height
baseline_multi_box_run,baseline_multi_box_run_0055_MBOX-055,MBOX-055,2,APPROACH_INPUT_SLOT,input_box_3,B1,output_D,category_D_output_box,C1,-400.000,39.000,130.000,open,off,available,none,,placed_output,approach input slot
baseline_multi_box_run,baseline_multi_box_run_0055_MBOX-055,MBOX-055,3,PICK_TUBE,input_box_3,B1,output_D,category_D_output_box,C1,-400.000,39.000,55.000,close,off,available,none,,placed_output,pick tube
baseline_multi_box_run,baseline_multi_box_run_0055_MBOX-055,MBOX-055,4,LIFT_TO_SAFE_Z,input_box_3,B1,output_D,category_D_output_box,C1,-400.000,39.000,200.000,hold,off,available,none,,placed_output,lift picked tube
baseline_multi_box_run,baseline_multi_box_run_0055_MBOX-055,MBOX-055,5,MOVE_SAFE_ABOVE_SCAN,input_box_3,B1,output_D,category_D_output_box,C1,-140.000,60.000,200.000,hold,off,available,none,,placed_output,move above scan station
baseline_multi_box_run,baseline_multi_box_run_0055_MBOX-055,MBOX-055,6,APPROACH_SCAN_STATION,input_box_3,B1,output_D,category_D_output_box,C1,-140.000,60.000,75.000,hold,off,available,none,,placed_output,approach scan station
baseline_multi_box_run,baseline_multi_box_run_0055_MBOX-055,MBOX-055,7,SCAN_BARCODE,input_box_3,B1,output_D,category_D_output_box,C1,-140.000,60.000,75.000,hold,scan,available,none,,placed_output,scan and classify
baseline_multi_box_run,baseline_multi_box_run_0055_MBOX-055,MBOX-055,8,LIFT_TO_SAFE_Z_AFTER_SCAN,input_box_3,B1,output_D,category_D_output_box,C1,-140.000,60.000,200.000,hold,off,available,none,,placed_output,lift after scan
baseline_multi_box_run,baseline_multi_box_run_0055_MBOX-055,MBOX-055,9,MOVE_SAFE_ABOVE_TARGET,input_box_3,B1,output_D,category_D_output_box,C1,300.000,-54.000,200.000,hold,off,available,none,,placed_output,move above target
baseline_multi_box_run,baseline_multi_box_run_0055_MBOX-055,MBOX-055,10,APPROACH_TARGET_SLOT,input_box_3,B1,output_D,category_D_output_box,C1,300.000,-54.000,130.000,hold,off,available,none,,placed_output,approach target slot
baseline_multi_box_run,baseline_multi_box_run_0055_MBOX-055,MBOX-055,11,PLACE_TUBE,input_box_3,B1,output_D,category_D_output_box,C1,300.000,-54.000,45.000,open,off,available,none,,placed_output,place tube
baseline_multi_box_run,baseline_multi_box_run_0055_MBOX-055,MBOX-055,12,RETREAT_TO_SAFE_Z,input_box_3,B1,output_D,category_D_output_box,C1,300.000,-54.000,200.000,open,off,available,none,,placed_output,retreat after place
baseline_multi_box_run,baseline_multi_box_run_0056_MBOX-056,MBOX-056,1,MOVE_SAFE_ABOVE_INPUT,input_box_3,B2,output_A,category_A_output_box,C2,-372.000,39.000,200.000,open,off,available,none,,placed_output,move to input safe height
baseline_multi_box_run,baseline_multi_box_run_0056_MBOX-056,MBOX-056,2,APPROACH_INPUT_SLOT,input_box_3,B2,output_A,category_A_output_box,C2,-372.000,39.000,130.000,open,off,available,none,,placed_output,approach input slot
baseline_multi_box_run,baseline_multi_box_run_0056_MBOX-056,MBOX-056,3,PICK_TUBE,input_box_3,B2,output_A,category_A_output_box,C2,-372.000,39.000,80.000,close,off,available,none,,placed_output,pick tube
baseline_multi_box_run,baseline_multi_box_run_0056_MBOX-056,MBOX-056,4,LIFT_TO_SAFE_Z,input_box_3,B2,output_A,category_A_output_box,C2,-372.000,39.000,200.000,hold,off,available,none,,placed_output,lift picked tube
baseline_multi_box_run,baseline_multi_box_run_0056_MBOX-056,MBOX-056,5,MOVE_SAFE_ABOVE_SCAN,input_box_3,B2,output_A,category_A_output_box,C2,-140.000,60.000,200.000,hold,off,available,none,,placed_output,move above scan station
baseline_multi_box_run,baseline_multi_box_run_0056_MBOX-056,MBOX-056,6,APPROACH_SCAN_STATION,input_box_3,B2,output_A,category_A_output_box,C2,-140.000,60.000,75.000,hold,off,available,none,,placed_output,approach scan station
baseline_multi_box_run,baseline_multi_box_run_0056_MBOX-056,MBOX-056,7,SCAN_BARCODE,input_box_3,B2,output_A,category_A_output_box,C2,-140.000,60.000,75.000,hold,scan,available,none,,placed_output,scan and classify
baseline_multi_box_run,baseline_multi_box_run_0056_MBOX-056,MBOX-056,8,LIFT_TO_SAFE_Z_AFTER_SCAN,input_box_3,B2,output_A,category_A_output_box,C2,-140.000,60.000,200.000,hold,off,available,none,,placed_output,lift after scan
baseline_multi_box_run,baseline_multi_box_run_0056_MBOX-056,MBOX-056,9,MOVE_SAFE_ABOVE_TARGET,input_box_3,B2,output_A,category_A_output_box,C2,118.000,156.000,200.000,hold,off,available,none,,placed_output,move above target
baseline_multi_box_run,baseline_multi_box_run_0056_MBOX-056,MBOX-056,10,APPROACH_TARGET_SLOT,input_box_3,B2,output_A,category_A_output_box,C2,118.000,156.000,130.000,hold,off,available,none,,placed_output,approach target slot
baseline_multi_box_run,baseline_multi_box_run_0056_MBOX-056,MBOX-056,11,PLACE_TUBE,input_box_3,B2,output_A,category_A_output_box,C2,118.000,156.000,70.000,open,off,available,none,,placed_output,place tube
baseline_multi_box_run,baseline_multi_box_run_0056_MBOX-056,MBOX-056,12,RETREAT_TO_SAFE_Z,input_box_3,B2,output_A,category_A_output_box,C2,118.000,156.000,200.000,open,off,available,none,,placed_output,retreat after place
baseline_multi_box_run,baseline_multi_box_run_0057_MBOX-057,MBOX-057,1,MOVE_SAFE_ABOVE_INPUT,input_box_3,B3,output_B,category_B_output_box,C2,-344.000,39.000,200.000,open,off,available,none,,placed_output,move to input safe height
baseline_multi_box_run,baseline_multi_box_run_0057_MBOX-057,MBOX-057,2,APPROACH_INPUT_SLOT,input_box_3,B3,output_B,category_B_output_box,C2,-344.000,39.000,130.000,open,off,available,none,,placed_output,approach input slot
baseline_multi_box_run,baseline_multi_box_run_0057_MBOX-057,MBOX-057,3,PICK_TUBE,input_box_3,B3,output_B,category_B_output_box,C2,-344.000,39.000,55.000,close,off,available,none,,placed_output,pick tube
baseline_multi_box_run,baseline_multi_box_run_0057_MBOX-057,MBOX-057,4,LIFT_TO_SAFE_Z,input_box_3,B3,output_B,category_B_output_box,C2,-344.000,39.000,200.000,hold,off,available,none,,placed_output,lift picked tube
baseline_multi_box_run,baseline_multi_box_run_0057_MBOX-057,MBOX-057,5,MOVE_SAFE_ABOVE_SCAN,input_box_3,B3,output_B,category_B_output_box,C2,-140.000,60.000,200.000,hold,off,available,none,,placed_output,move above scan station
baseline_multi_box_run,baseline_multi_box_run_0057_MBOX-057,MBOX-057,6,APPROACH_SCAN_STATION,input_box_3,B3,output_B,category_B_output_box,C2,-140.000,60.000,75.000,hold,off,available,none,,placed_output,approach scan station
baseline_multi_box_run,baseline_multi_box_run_0057_MBOX-057,MBOX-057,7,SCAN_BARCODE,input_box_3,B3,output_B,category_B_output_box,C2,-140.000,60.000,75.000,hold,scan,available,none,,placed_output,scan and classify
baseline_multi_box_run,baseline_multi_box_run_0057_MBOX-057,MBOX-057,8,LIFT_TO_SAFE_Z_AFTER_SCAN,input_box_3,B3,output_B,category_B_output_box,C2,-140.000,60.000,200.000,hold,off,available,none,,placed_output,lift after scan
baseline_multi_box_run,baseline_multi_box_run_0057_MBOX-057,MBOX-057,9,MOVE_SAFE_ABOVE_TARGET,input_box_3,B3,output_B,category_B_output_box,C2,328.000,156.000,200.000,hold,off,available,none,,placed_output,move above target
baseline_multi_box_run,baseline_multi_box_run_0057_MBOX-057,MBOX-057,10,APPROACH_TARGET_SLOT,input_box_3,B3,output_B,category_B_output_box,C2,328.000,156.000,130.000,hold,off,available,none,,placed_output,approach target slot
baseline_multi_box_run,baseline_multi_box_run_0057_MBOX-057,MBOX-057,11,PLACE_TUBE,input_box_3,B3,output_B,category_B_output_box,C2,328.000,156.000,45.000,open,off,available,none,,placed_output,place tube
baseline_multi_box_run,baseline_multi_box_run_0057_MBOX-057,MBOX-057,12,RETREAT_TO_SAFE_Z,input_box_3,B3,output_B,category_B_output_box,C2,328.000,156.000,200.000,open,off,available,none,,placed_output,retreat after place
baseline_multi_box_run,baseline_multi_box_run_0058_MBOX-058,MBOX-058,1,MOVE_SAFE_ABOVE_INPUT,input_box_3,B4,manual_review,manual_review_bin,B1,-316.000,39.000,200.000,open,off,not_applicable,none,,placed_manual_review,move to input safe height
baseline_multi_box_run,baseline_multi_box_run_0058_MBOX-058,MBOX-058,2,APPROACH_INPUT_SLOT,input_box_3,B4,manual_review,manual_review_bin,B1,-316.000,39.000,130.000,open,off,not_applicable,none,,placed_manual_review,approach input slot
baseline_multi_box_run,baseline_multi_box_run_0058_MBOX-058,MBOX-058,3,PICK_TUBE,input_box_3,B4,manual_review,manual_review_bin,B1,-316.000,39.000,55.000,close,off,not_applicable,none,,placed_manual_review,pick tube
baseline_multi_box_run,baseline_multi_box_run_0058_MBOX-058,MBOX-058,4,LIFT_TO_SAFE_Z,input_box_3,B4,manual_review,manual_review_bin,B1,-316.000,39.000,200.000,hold,off,not_applicable,none,,placed_manual_review,lift picked tube
baseline_multi_box_run,baseline_multi_box_run_0058_MBOX-058,MBOX-058,5,MOVE_SAFE_ABOVE_SCAN,input_box_3,B4,manual_review,manual_review_bin,B1,-140.000,60.000,200.000,hold,off,not_applicable,none,,placed_manual_review,move above scan station
baseline_multi_box_run,baseline_multi_box_run_0058_MBOX-058,MBOX-058,6,APPROACH_SCAN_STATION,input_box_3,B4,manual_review,manual_review_bin,B1,-140.000,60.000,75.000,hold,off,not_applicable,none,,placed_manual_review,approach scan station
baseline_multi_box_run,baseline_multi_box_run_0058_MBOX-058,MBOX-058,7,SCAN_BARCODE,input_box_3,B4,manual_review,manual_review_bin,B1,-140.000,60.000,75.000,hold,scan,not_applicable,none,,placed_manual_review,scan and classify
baseline_multi_box_run,baseline_multi_box_run_0058_MBOX-058,MBOX-058,8,LIFT_TO_SAFE_Z_AFTER_SCAN,input_box_3,B4,manual_review,manual_review_bin,B1,-140.000,60.000,200.000,hold,off,not_applicable,none,,placed_manual_review,lift after scan
baseline_multi_box_run,baseline_multi_box_run_0058_MBOX-058,MBOX-058,9,MOVE_SAFE_ABOVE_TARGET,input_box_3,B4,manual_review,manual_review_bin,B1,-208.000,-314.000,200.000,hold,off,not_applicable,none,,placed_manual_review,move above target
baseline_multi_box_run,baseline_multi_box_run_0058_MBOX-058,MBOX-058,10,APPROACH_TARGET_SLOT,input_box_3,B4,manual_review,manual_review_bin,B1,-208.000,-314.000,130.000,hold,off,not_applicable,none,,placed_manual_review,approach target slot
baseline_multi_box_run,baseline_multi_box_run_0058_MBOX-058,MBOX-058,11,PLACE_TUBE,input_box_3,B4,manual_review,manual_review_bin,B1,-208.000,-314.000,45.000,open,off,not_applicable,none,,placed_manual_review,place tube
baseline_multi_box_run,baseline_multi_box_run_0058_MBOX-058,MBOX-058,12,RETREAT_TO_SAFE_Z,input_box_3,B4,manual_review,manual_review_bin,B1,-208.000,-314.000,200.000,open,off,not_applicable,none,,placed_manual_review,retreat after place
baseline_multi_box_run,baseline_multi_box_run_0059_MBOX-059,MBOX-059,1,MOVE_SAFE_ABOVE_INPUT,input_box_3,B5,output_C,category_C_output_box,C2,-288.000,39.000,200.000,open,off,available,none,,placed_output,move to input safe height
baseline_multi_box_run,baseline_multi_box_run_0059_MBOX-059,MBOX-059,2,APPROACH_INPUT_SLOT,input_box_3,B5,output_C,category_C_output_box,C2,-288.000,39.000,130.000,open,off,available,none,,placed_output,approach input slot
baseline_multi_box_run,baseline_multi_box_run_0059_MBOX-059,MBOX-059,3,PICK_TUBE,input_box_3,B5,output_C,category_C_output_box,C2,-288.000,39.000,80.000,close,off,available,none,,placed_output,pick tube
baseline_multi_box_run,baseline_multi_box_run_0059_MBOX-059,MBOX-059,4,LIFT_TO_SAFE_Z,input_box_3,B5,output_C,category_C_output_box,C2,-288.000,39.000,200.000,hold,off,available,none,,placed_output,lift picked tube
baseline_multi_box_run,baseline_multi_box_run_0059_MBOX-059,MBOX-059,5,MOVE_SAFE_ABOVE_SCAN,input_box_3,B5,output_C,category_C_output_box,C2,-140.000,60.000,200.000,hold,off,available,none,,placed_output,move above scan station
baseline_multi_box_run,baseline_multi_box_run_0059_MBOX-059,MBOX-059,6,APPROACH_SCAN_STATION,input_box_3,B5,output_C,category_C_output_box,C2,-140.000,60.000,75.000,hold,off,available,none,,placed_output,approach scan station
baseline_multi_box_run,baseline_multi_box_run_0059_MBOX-059,MBOX-059,7,SCAN_BARCODE,input_box_3,B5,output_C,category_C_output_box,C2,-140.000,60.000,75.000,hold,scan,available,none,,placed_output,scan and classify
baseline_multi_box_run,baseline_multi_box_run_0059_MBOX-059,MBOX-059,8,LIFT_TO_SAFE_Z_AFTER_SCAN,input_box_3,B5,output_C,category_C_output_box,C2,-140.000,60.000,200.000,hold,off,available,none,,placed_output,lift after scan
baseline_multi_box_run,baseline_multi_box_run_0059_MBOX-059,MBOX-059,9,MOVE_SAFE_ABOVE_TARGET,input_box_3,B5,output_C,category_C_output_box,C2,118.000,-54.000,200.000,hold,off,available,none,,placed_output,move above target
baseline_multi_box_run,baseline_multi_box_run_0059_MBOX-059,MBOX-059,10,APPROACH_TARGET_SLOT,input_box_3,B5,output_C,category_C_output_box,C2,118.000,-54.000,130.000,hold,off,available,none,,placed_output,approach target slot
baseline_multi_box_run,baseline_multi_box_run_0059_MBOX-059,MBOX-059,11,PLACE_TUBE,input_box_3,B5,output_C,category_C_output_box,C2,118.000,-54.000,70.000,open,off,available,none,,placed_output,place tube
baseline_multi_box_run,baseline_multi_box_run_0059_MBOX-059,MBOX-059,12,RETREAT_TO_SAFE_Z,input_box_3,B5,output_C,category_C_output_box,C2,118.000,-54.000,200.000,open,off,available,none,,placed_output,retreat after place
baseline_multi_box_run,baseline_multi_box_run_0060_MBOX-060,MBOX-060,1,MOVE_SAFE_ABOVE_INPUT,input_box_3,B6,output_D,category_D_output_box,C2,-260.000,39.000,200.000,open,off,available,none,,placed_output,move to input safe height
baseline_multi_box_run,baseline_multi_box_run_0060_MBOX-060,MBOX-060,2,APPROACH_INPUT_SLOT,input_box_3,B6,output_D,category_D_output_box,C2,-260.000,39.000,130.000,open,off,available,none,,placed_output,approach input slot
baseline_multi_box_run,baseline_multi_box_run_0060_MBOX-060,MBOX-060,3,PICK_TUBE,input_box_3,B6,output_D,category_D_output_box,C2,-260.000,39.000,55.000,close,off,available,none,,placed_output,pick tube
baseline_multi_box_run,baseline_multi_box_run_0060_MBOX-060,MBOX-060,4,LIFT_TO_SAFE_Z,input_box_3,B6,output_D,category_D_output_box,C2,-260.000,39.000,200.000,hold,off,available,none,,placed_output,lift picked tube
baseline_multi_box_run,baseline_multi_box_run_0060_MBOX-060,MBOX-060,5,MOVE_SAFE_ABOVE_SCAN,input_box_3,B6,output_D,category_D_output_box,C2,-140.000,60.000,200.000,hold,off,available,none,,placed_output,move above scan station
baseline_multi_box_run,baseline_multi_box_run_0060_MBOX-060,MBOX-060,6,APPROACH_SCAN_STATION,input_box_3,B6,output_D,category_D_output_box,C2,-140.000,60.000,75.000,hold,off,available,none,,placed_output,approach scan station
baseline_multi_box_run,baseline_multi_box_run_0060_MBOX-060,MBOX-060,7,SCAN_BARCODE,input_box_3,B6,output_D,category_D_output_box,C2,-140.000,60.000,75.000,hold,scan,available,none,,placed_output,scan and classify
baseline_multi_box_run,baseline_multi_box_run_0060_MBOX-060,MBOX-060,8,LIFT_TO_SAFE_Z_AFTER_SCAN,input_box_3,B6,output_D,category_D_output_box,C2,-140.000,60.000,200.000,hold,off,available,none,,placed_output,lift after scan
baseline_multi_box_run,baseline_multi_box_run_0060_MBOX-060,MBOX-060,9,MOVE_SAFE_ABOVE_TARGET,input_box_3,B6,output_D,category_D_output_box,C2,328.000,-54.000,200.000,hold,off,available,none,,placed_output,move above target
baseline_multi_box_run,baseline_multi_box_run_0060_MBOX-060,MBOX-060,10,APPROACH_TARGET_SLOT,input_box_3,B6,output_D,category_D_output_box,C2,328.000,-54.000,130.000,hold,off,available,none,,placed_output,approach target slot
baseline_multi_box_run,baseline_multi_box_run_0060_MBOX-060,MBOX-060,11,PLACE_TUBE,input_box_3,B6,output_D,category_D_output_box,C2,328.000,-54.000,45.000,open,off,available,none,,placed_output,place tube
baseline_multi_box_run,baseline_multi_box_run_0060_MBOX-060,MBOX-060,12,RETREAT_TO_SAFE_Z,input_box_3,B6,output_D,category_D_output_box,C2,328.000,-54.000,200.000,open,off,available,none,,placed_output,retreat after place
baseline_multi_box_run,baseline_multi_box_run_0061_MBOX-061,MBOX-061,1,MOVE_SAFE_ABOVE_INPUT,input_box_3,C1,output_A,category_A_output_box,C3,-400.000,11.000,200.000,open,off,available,none,,placed_output,move to input safe height
baseline_multi_box_run,baseline_multi_box_run_0061_MBOX-061,MBOX-061,2,APPROACH_INPUT_SLOT,input_box_3,C1,output_A,category_A_output_box,C3,-400.000,11.000,130.000,open,off,available,none,,placed_output,approach input slot
baseline_multi_box_run,baseline_multi_box_run_0061_MBOX-061,MBOX-061,3,PICK_TUBE,input_box_3,C1,output_A,category_A_output_box,C3,-400.000,11.000,55.000,close,off,available,none,,placed_output,pick tube
baseline_multi_box_run,baseline_multi_box_run_0061_MBOX-061,MBOX-061,4,LIFT_TO_SAFE_Z,input_box_3,C1,output_A,category_A_output_box,C3,-400.000,11.000,200.000,hold,off,available,none,,placed_output,lift picked tube
baseline_multi_box_run,baseline_multi_box_run_0061_MBOX-061,MBOX-061,5,MOVE_SAFE_ABOVE_SCAN,input_box_3,C1,output_A,category_A_output_box,C3,-140.000,60.000,200.000,hold,off,available,none,,placed_output,move above scan station
baseline_multi_box_run,baseline_multi_box_run_0061_MBOX-061,MBOX-061,6,APPROACH_SCAN_STATION,input_box_3,C1,output_A,category_A_output_box,C3,-140.000,60.000,75.000,hold,off,available,none,,placed_output,approach scan station
baseline_multi_box_run,baseline_multi_box_run_0061_MBOX-061,MBOX-061,7,SCAN_BARCODE,input_box_3,C1,output_A,category_A_output_box,C3,-140.000,60.000,75.000,hold,scan,available,none,,placed_output,scan and classify
baseline_multi_box_run,baseline_multi_box_run_0061_MBOX-061,MBOX-061,8,LIFT_TO_SAFE_Z_AFTER_SCAN,input_box_3,C1,output_A,category_A_output_box,C3,-140.000,60.000,200.000,hold,off,available,none,,placed_output,lift after scan
baseline_multi_box_run,baseline_multi_box_run_0061_MBOX-061,MBOX-061,9,MOVE_SAFE_ABOVE_TARGET,input_box_3,C1,output_A,category_A_output_box,C3,146.000,156.000,200.000,hold,off,available,none,,placed_output,move above target
baseline_multi_box_run,baseline_multi_box_run_0061_MBOX-061,MBOX-061,10,APPROACH_TARGET_SLOT,input_box_3,C1,output_A,category_A_output_box,C3,146.000,156.000,130.000,hold,off,available,none,,placed_output,approach target slot
baseline_multi_box_run,baseline_multi_box_run_0061_MBOX-061,MBOX-061,11,PLACE_TUBE,input_box_3,C1,output_A,category_A_output_box,C3,146.000,156.000,45.000,open,off,available,none,,placed_output,place tube
baseline_multi_box_run,baseline_multi_box_run_0061_MBOX-061,MBOX-061,12,RETREAT_TO_SAFE_Z,input_box_3,C1,output_A,category_A_output_box,C3,146.000,156.000,200.000,open,off,available,none,,placed_output,retreat after place
baseline_multi_box_run,baseline_multi_box_run_0062_MBOX-062,MBOX-062,1,MOVE_SAFE_ABOVE_INPUT,input_box_3,C2,output_B,category_B_output_box,C3,-372.000,11.000,200.000,open,off,available,none,,placed_output,move to input safe height
baseline_multi_box_run,baseline_multi_box_run_0062_MBOX-062,MBOX-062,2,APPROACH_INPUT_SLOT,input_box_3,C2,output_B,category_B_output_box,C3,-372.000,11.000,130.000,open,off,available,none,,placed_output,approach input slot
baseline_multi_box_run,baseline_multi_box_run_0062_MBOX-062,MBOX-062,3,PICK_TUBE,input_box_3,C2,output_B,category_B_output_box,C3,-372.000,11.000,80.000,close,off,available,none,,placed_output,pick tube
baseline_multi_box_run,baseline_multi_box_run_0062_MBOX-062,MBOX-062,4,LIFT_TO_SAFE_Z,input_box_3,C2,output_B,category_B_output_box,C3,-372.000,11.000,200.000,hold,off,available,none,,placed_output,lift picked tube
baseline_multi_box_run,baseline_multi_box_run_0062_MBOX-062,MBOX-062,5,MOVE_SAFE_ABOVE_SCAN,input_box_3,C2,output_B,category_B_output_box,C3,-140.000,60.000,200.000,hold,off,available,none,,placed_output,move above scan station
baseline_multi_box_run,baseline_multi_box_run_0062_MBOX-062,MBOX-062,6,APPROACH_SCAN_STATION,input_box_3,C2,output_B,category_B_output_box,C3,-140.000,60.000,75.000,hold,off,available,none,,placed_output,approach scan station
baseline_multi_box_run,baseline_multi_box_run_0062_MBOX-062,MBOX-062,7,SCAN_BARCODE,input_box_3,C2,output_B,category_B_output_box,C3,-140.000,60.000,75.000,hold,scan,available,none,,placed_output,scan and classify
baseline_multi_box_run,baseline_multi_box_run_0062_MBOX-062,MBOX-062,8,LIFT_TO_SAFE_Z_AFTER_SCAN,input_box_3,C2,output_B,category_B_output_box,C3,-140.000,60.000,200.000,hold,off,available,none,,placed_output,lift after scan
baseline_multi_box_run,baseline_multi_box_run_0062_MBOX-062,MBOX-062,9,MOVE_SAFE_ABOVE_TARGET,input_box_3,C2,output_B,category_B_output_box,C3,356.000,156.000,200.000,hold,off,available,none,,placed_output,move above target
baseline_multi_box_run,baseline_multi_box_run_0062_MBOX-062,MBOX-062,10,APPROACH_TARGET_SLOT,input_box_3,C2,output_B,category_B_output_box,C3,356.000,156.000,130.000,hold,off,available,none,,placed_output,approach target slot
baseline_multi_box_run,baseline_multi_box_run_0062_MBOX-062,MBOX-062,11,PLACE_TUBE,input_box_3,C2,output_B,category_B_output_box,C3,356.000,156.000,70.000,open,off,available,none,,placed_output,place tube
baseline_multi_box_run,baseline_multi_box_run_0062_MBOX-062,MBOX-062,12,RETREAT_TO_SAFE_Z,input_box_3,C2,output_B,category_B_output_box,C3,356.000,156.000,200.000,open,off,available,none,,placed_output,retreat after place
baseline_multi_box_run,baseline_multi_box_run_0063_MBOX-063,MBOX-063,1,MOVE_SAFE_ABOVE_INPUT,input_box_3,C3,output_C,category_C_output_box,C3,-344.000,11.000,200.000,open,off,available,none,,placed_output,move to input safe height
baseline_multi_box_run,baseline_multi_box_run_0063_MBOX-063,MBOX-063,2,APPROACH_INPUT_SLOT,input_box_3,C3,output_C,category_C_output_box,C3,-344.000,11.000,130.000,open,off,available,none,,placed_output,approach input slot
baseline_multi_box_run,baseline_multi_box_run_0063_MBOX-063,MBOX-063,3,PICK_TUBE,input_box_3,C3,output_C,category_C_output_box,C3,-344.000,11.000,55.000,close,off,available,none,,placed_output,pick tube
baseline_multi_box_run,baseline_multi_box_run_0063_MBOX-063,MBOX-063,4,LIFT_TO_SAFE_Z,input_box_3,C3,output_C,category_C_output_box,C3,-344.000,11.000,200.000,hold,off,available,none,,placed_output,lift picked tube
baseline_multi_box_run,baseline_multi_box_run_0063_MBOX-063,MBOX-063,5,MOVE_SAFE_ABOVE_SCAN,input_box_3,C3,output_C,category_C_output_box,C3,-140.000,60.000,200.000,hold,off,available,none,,placed_output,move above scan station
baseline_multi_box_run,baseline_multi_box_run_0063_MBOX-063,MBOX-063,6,APPROACH_SCAN_STATION,input_box_3,C3,output_C,category_C_output_box,C3,-140.000,60.000,75.000,hold,off,available,none,,placed_output,approach scan station
baseline_multi_box_run,baseline_multi_box_run_0063_MBOX-063,MBOX-063,7,SCAN_BARCODE,input_box_3,C3,output_C,category_C_output_box,C3,-140.000,60.000,75.000,hold,scan,available,none,,placed_output,scan and classify
baseline_multi_box_run,baseline_multi_box_run_0063_MBOX-063,MBOX-063,8,LIFT_TO_SAFE_Z_AFTER_SCAN,input_box_3,C3,output_C,category_C_output_box,C3,-140.000,60.000,200.000,hold,off,available,none,,placed_output,lift after scan
baseline_multi_box_run,baseline_multi_box_run_0063_MBOX-063,MBOX-063,9,MOVE_SAFE_ABOVE_TARGET,input_box_3,C3,output_C,category_C_output_box,C3,146.000,-54.000,200.000,hold,off,available,none,,placed_output,move above target
baseline_multi_box_run,baseline_multi_box_run_0063_MBOX-063,MBOX-063,10,APPROACH_TARGET_SLOT,input_box_3,C3,output_C,category_C_output_box,C3,146.000,-54.000,130.000,hold,off,available,none,,placed_output,approach target slot
baseline_multi_box_run,baseline_multi_box_run_0063_MBOX-063,MBOX-063,11,PLACE_TUBE,input_box_3,C3,output_C,category_C_output_box,C3,146.000,-54.000,45.000,open,off,available,none,,placed_output,place tube
baseline_multi_box_run,baseline_multi_box_run_0063_MBOX-063,MBOX-063,12,RETREAT_TO_SAFE_Z,input_box_3,C3,output_C,category_C_output_box,C3,146.000,-54.000,200.000,open,off,available,none,,placed_output,retreat after place
baseline_multi_box_run,baseline_multi_box_run_0064_MBOX-064,MBOX-064,1,MOVE_SAFE_ABOVE_INPUT,input_box_3,C4,output_D,category_D_output_box,C3,-316.000,11.000,200.000,open,off,available,none,,placed_output,move to input safe height
baseline_multi_box_run,baseline_multi_box_run_0064_MBOX-064,MBOX-064,2,APPROACH_INPUT_SLOT,input_box_3,C4,output_D,category_D_output_box,C3,-316.000,11.000,130.000,open,off,available,none,,placed_output,approach input slot
baseline_multi_box_run,baseline_multi_box_run_0064_MBOX-064,MBOX-064,3,PICK_TUBE,input_box_3,C4,output_D,category_D_output_box,C3,-316.000,11.000,55.000,close,off,available,none,,placed_output,pick tube
baseline_multi_box_run,baseline_multi_box_run_0064_MBOX-064,MBOX-064,4,LIFT_TO_SAFE_Z,input_box_3,C4,output_D,category_D_output_box,C3,-316.000,11.000,200.000,hold,off,available,none,,placed_output,lift picked tube
baseline_multi_box_run,baseline_multi_box_run_0064_MBOX-064,MBOX-064,5,MOVE_SAFE_ABOVE_SCAN,input_box_3,C4,output_D,category_D_output_box,C3,-140.000,60.000,200.000,hold,off,available,none,,placed_output,move above scan station
baseline_multi_box_run,baseline_multi_box_run_0064_MBOX-064,MBOX-064,6,APPROACH_SCAN_STATION,input_box_3,C4,output_D,category_D_output_box,C3,-140.000,60.000,75.000,hold,off,available,none,,placed_output,approach scan station
baseline_multi_box_run,baseline_multi_box_run_0064_MBOX-064,MBOX-064,7,SCAN_BARCODE,input_box_3,C4,output_D,category_D_output_box,C3,-140.000,60.000,75.000,hold,scan,available,none,,placed_output,scan and classify
baseline_multi_box_run,baseline_multi_box_run_0064_MBOX-064,MBOX-064,8,LIFT_TO_SAFE_Z_AFTER_SCAN,input_box_3,C4,output_D,category_D_output_box,C3,-140.000,60.000,200.000,hold,off,available,none,,placed_output,lift after scan
baseline_multi_box_run,baseline_multi_box_run_0064_MBOX-064,MBOX-064,9,MOVE_SAFE_ABOVE_TARGET,input_box_3,C4,output_D,category_D_output_box,C3,356.000,-54.000,200.000,hold,off,available,none,,placed_output,move above target
baseline_multi_box_run,baseline_multi_box_run_0064_MBOX-064,MBOX-064,10,APPROACH_TARGET_SLOT,input_box_3,C4,output_D,category_D_output_box,C3,356.000,-54.000,130.000,hold,off,available,none,,placed_output,approach target slot
baseline_multi_box_run,baseline_multi_box_run_0064_MBOX-064,MBOX-064,11,PLACE_TUBE,input_box_3,C4,output_D,category_D_output_box,C3,356.000,-54.000,45.000,open,off,available,none,,placed_output,place tube
baseline_multi_box_run,baseline_multi_box_run_0064_MBOX-064,MBOX-064,12,RETREAT_TO_SAFE_Z,input_box_3,C4,output_D,category_D_output_box,C3,356.000,-54.000,200.000,open,off,available,none,,placed_output,retreat after place
baseline_multi_box_run,baseline_multi_box_run_0065_MBOX-065,MBOX-065,1,MOVE_SAFE_ABOVE_INPUT,input_box_3,C5,output_A,category_A_output_box,C4,-288.000,11.000,200.000,open,off,available,none,,placed_output,move to input safe height
baseline_multi_box_run,baseline_multi_box_run_0065_MBOX-065,MBOX-065,2,APPROACH_INPUT_SLOT,input_box_3,C5,output_A,category_A_output_box,C4,-288.000,11.000,130.000,open,off,available,none,,placed_output,approach input slot
baseline_multi_box_run,baseline_multi_box_run_0065_MBOX-065,MBOX-065,3,PICK_TUBE,input_box_3,C5,output_A,category_A_output_box,C4,-288.000,11.000,80.000,close,off,available,none,,placed_output,pick tube
baseline_multi_box_run,baseline_multi_box_run_0065_MBOX-065,MBOX-065,4,LIFT_TO_SAFE_Z,input_box_3,C5,output_A,category_A_output_box,C4,-288.000,11.000,200.000,hold,off,available,none,,placed_output,lift picked tube
baseline_multi_box_run,baseline_multi_box_run_0065_MBOX-065,MBOX-065,5,MOVE_SAFE_ABOVE_SCAN,input_box_3,C5,output_A,category_A_output_box,C4,-140.000,60.000,200.000,hold,off,available,none,,placed_output,move above scan station
baseline_multi_box_run,baseline_multi_box_run_0065_MBOX-065,MBOX-065,6,APPROACH_SCAN_STATION,input_box_3,C5,output_A,category_A_output_box,C4,-140.000,60.000,75.000,hold,off,available,none,,placed_output,approach scan station
baseline_multi_box_run,baseline_multi_box_run_0065_MBOX-065,MBOX-065,7,SCAN_BARCODE,input_box_3,C5,output_A,category_A_output_box,C4,-140.000,60.000,75.000,hold,scan,available,none,,placed_output,scan and classify
baseline_multi_box_run,baseline_multi_box_run_0065_MBOX-065,MBOX-065,8,LIFT_TO_SAFE_Z_AFTER_SCAN,input_box_3,C5,output_A,category_A_output_box,C4,-140.000,60.000,200.000,hold,off,available,none,,placed_output,lift after scan
baseline_multi_box_run,baseline_multi_box_run_0065_MBOX-065,MBOX-065,9,MOVE_SAFE_ABOVE_TARGET,input_box_3,C5,output_A,category_A_output_box,C4,174.000,156.000,200.000,hold,off,available,none,,placed_output,move above target
baseline_multi_box_run,baseline_multi_box_run_0065_MBOX-065,MBOX-065,10,APPROACH_TARGET_SLOT,input_box_3,C5,output_A,category_A_output_box,C4,174.000,156.000,130.000,hold,off,available,none,,placed_output,approach target slot
baseline_multi_box_run,baseline_multi_box_run_0065_MBOX-065,MBOX-065,11,PLACE_TUBE,input_box_3,C5,output_A,category_A_output_box,C4,174.000,156.000,70.000,open,off,available,none,,placed_output,place tube
baseline_multi_box_run,baseline_multi_box_run_0065_MBOX-065,MBOX-065,12,RETREAT_TO_SAFE_Z,input_box_3,C5,output_A,category_A_output_box,C4,174.000,156.000,200.000,open,off,available,none,,placed_output,retreat after place
baseline_multi_box_run,baseline_multi_box_run_0066_MBOX-066,MBOX-066,1,MOVE_SAFE_ABOVE_INPUT,input_box_3,C6,output_B,category_B_output_box,C4,-260.000,11.000,200.000,open,off,available,none,,placed_output,move to input safe height
baseline_multi_box_run,baseline_multi_box_run_0066_MBOX-066,MBOX-066,2,APPROACH_INPUT_SLOT,input_box_3,C6,output_B,category_B_output_box,C4,-260.000,11.000,130.000,open,off,available,none,,placed_output,approach input slot
baseline_multi_box_run,baseline_multi_box_run_0066_MBOX-066,MBOX-066,3,PICK_TUBE,input_box_3,C6,output_B,category_B_output_box,C4,-260.000,11.000,55.000,close,off,available,none,,placed_output,pick tube
baseline_multi_box_run,baseline_multi_box_run_0066_MBOX-066,MBOX-066,4,LIFT_TO_SAFE_Z,input_box_3,C6,output_B,category_B_output_box,C4,-260.000,11.000,200.000,hold,off,available,none,,placed_output,lift picked tube
baseline_multi_box_run,baseline_multi_box_run_0066_MBOX-066,MBOX-066,5,MOVE_SAFE_ABOVE_SCAN,input_box_3,C6,output_B,category_B_output_box,C4,-140.000,60.000,200.000,hold,off,available,none,,placed_output,move above scan station
baseline_multi_box_run,baseline_multi_box_run_0066_MBOX-066,MBOX-066,6,APPROACH_SCAN_STATION,input_box_3,C6,output_B,category_B_output_box,C4,-140.000,60.000,75.000,hold,off,available,none,,placed_output,approach scan station
baseline_multi_box_run,baseline_multi_box_run_0066_MBOX-066,MBOX-066,7,SCAN_BARCODE,input_box_3,C6,output_B,category_B_output_box,C4,-140.000,60.000,75.000,hold,scan,available,none,,placed_output,scan and classify
baseline_multi_box_run,baseline_multi_box_run_0066_MBOX-066,MBOX-066,8,LIFT_TO_SAFE_Z_AFTER_SCAN,input_box_3,C6,output_B,category_B_output_box,C4,-140.000,60.000,200.000,hold,off,available,none,,placed_output,lift after scan
baseline_multi_box_run,baseline_multi_box_run_0066_MBOX-066,MBOX-066,9,MOVE_SAFE_ABOVE_TARGET,input_box_3,C6,output_B,category_B_output_box,C4,384.000,156.000,200.000,hold,off,available,none,,placed_output,move above target
baseline_multi_box_run,baseline_multi_box_run_0066_MBOX-066,MBOX-066,10,APPROACH_TARGET_SLOT,input_box_3,C6,output_B,category_B_output_box,C4,384.000,156.000,130.000,hold,off,available,none,,placed_output,approach target slot
baseline_multi_box_run,baseline_multi_box_run_0066_MBOX-066,MBOX-066,11,PLACE_TUBE,input_box_3,C6,output_B,category_B_output_box,C4,384.000,156.000,45.000,open,off,available,none,,placed_output,place tube
baseline_multi_box_run,baseline_multi_box_run_0066_MBOX-066,MBOX-066,12,RETREAT_TO_SAFE_Z,input_box_3,C6,output_B,category_B_output_box,C4,384.000,156.000,200.000,open,off,available,none,,placed_output,retreat after place
baseline_multi_box_run,baseline_multi_box_run_0067_MBOX-067,MBOX-067,1,MOVE_SAFE_ABOVE_INPUT,input_box_3,D1,output_C,category_C_output_box,C4,-400.000,-17.000,200.000,open,off,available,none,,placed_output,move to input safe height
baseline_multi_box_run,baseline_multi_box_run_0067_MBOX-067,MBOX-067,2,APPROACH_INPUT_SLOT,input_box_3,D1,output_C,category_C_output_box,C4,-400.000,-17.000,130.000,open,off,available,none,,placed_output,approach input slot
baseline_multi_box_run,baseline_multi_box_run_0067_MBOX-067,MBOX-067,3,PICK_TUBE,input_box_3,D1,output_C,category_C_output_box,C4,-400.000,-17.000,55.000,close,off,available,none,,placed_output,pick tube
baseline_multi_box_run,baseline_multi_box_run_0067_MBOX-067,MBOX-067,4,LIFT_TO_SAFE_Z,input_box_3,D1,output_C,category_C_output_box,C4,-400.000,-17.000,200.000,hold,off,available,none,,placed_output,lift picked tube
baseline_multi_box_run,baseline_multi_box_run_0067_MBOX-067,MBOX-067,5,MOVE_SAFE_ABOVE_SCAN,input_box_3,D1,output_C,category_C_output_box,C4,-140.000,60.000,200.000,hold,off,available,none,,placed_output,move above scan station
baseline_multi_box_run,baseline_multi_box_run_0067_MBOX-067,MBOX-067,6,APPROACH_SCAN_STATION,input_box_3,D1,output_C,category_C_output_box,C4,-140.000,60.000,75.000,hold,off,available,none,,placed_output,approach scan station
baseline_multi_box_run,baseline_multi_box_run_0067_MBOX-067,MBOX-067,7,SCAN_BARCODE,input_box_3,D1,output_C,category_C_output_box,C4,-140.000,60.000,75.000,hold,scan,available,none,,placed_output,scan and classify
baseline_multi_box_run,baseline_multi_box_run_0067_MBOX-067,MBOX-067,8,LIFT_TO_SAFE_Z_AFTER_SCAN,input_box_3,D1,output_C,category_C_output_box,C4,-140.000,60.000,200.000,hold,off,available,none,,placed_output,lift after scan
baseline_multi_box_run,baseline_multi_box_run_0067_MBOX-067,MBOX-067,9,MOVE_SAFE_ABOVE_TARGET,input_box_3,D1,output_C,category_C_output_box,C4,174.000,-54.000,200.000,hold,off,available,none,,placed_output,move above target
baseline_multi_box_run,baseline_multi_box_run_0067_MBOX-067,MBOX-067,10,APPROACH_TARGET_SLOT,input_box_3,D1,output_C,category_C_output_box,C4,174.000,-54.000,130.000,hold,off,available,none,,placed_output,approach target slot
baseline_multi_box_run,baseline_multi_box_run_0067_MBOX-067,MBOX-067,11,PLACE_TUBE,input_box_3,D1,output_C,category_C_output_box,C4,174.000,-54.000,45.000,open,off,available,none,,placed_output,place tube
baseline_multi_box_run,baseline_multi_box_run_0067_MBOX-067,MBOX-067,12,RETREAT_TO_SAFE_Z,input_box_3,D1,output_C,category_C_output_box,C4,174.000,-54.000,200.000,open,off,available,none,,placed_output,retreat after place
baseline_multi_box_run,baseline_multi_box_run_0068_MBOX-068,MBOX-068,1,MOVE_SAFE_ABOVE_INPUT,input_box_3,D2,output_D,category_D_output_box,C4,-372.000,-17.000,200.000,open,off,available,none,,placed_output,move to input safe height
baseline_multi_box_run,baseline_multi_box_run_0068_MBOX-068,MBOX-068,2,APPROACH_INPUT_SLOT,input_box_3,D2,output_D,category_D_output_box,C4,-372.000,-17.000,130.000,open,off,available,none,,placed_output,approach input slot
baseline_multi_box_run,baseline_multi_box_run_0068_MBOX-068,MBOX-068,3,PICK_TUBE,input_box_3,D2,output_D,category_D_output_box,C4,-372.000,-17.000,80.000,close,off,available,none,,placed_output,pick tube
baseline_multi_box_run,baseline_multi_box_run_0068_MBOX-068,MBOX-068,4,LIFT_TO_SAFE_Z,input_box_3,D2,output_D,category_D_output_box,C4,-372.000,-17.000,200.000,hold,off,available,none,,placed_output,lift picked tube
baseline_multi_box_run,baseline_multi_box_run_0068_MBOX-068,MBOX-068,5,MOVE_SAFE_ABOVE_SCAN,input_box_3,D2,output_D,category_D_output_box,C4,-140.000,60.000,200.000,hold,off,available,none,,placed_output,move above scan station
baseline_multi_box_run,baseline_multi_box_run_0068_MBOX-068,MBOX-068,6,APPROACH_SCAN_STATION,input_box_3,D2,output_D,category_D_output_box,C4,-140.000,60.000,75.000,hold,off,available,none,,placed_output,approach scan station
baseline_multi_box_run,baseline_multi_box_run_0068_MBOX-068,MBOX-068,7,SCAN_BARCODE,input_box_3,D2,output_D,category_D_output_box,C4,-140.000,60.000,75.000,hold,scan,available,none,,placed_output,scan and classify
baseline_multi_box_run,baseline_multi_box_run_0068_MBOX-068,MBOX-068,8,LIFT_TO_SAFE_Z_AFTER_SCAN,input_box_3,D2,output_D,category_D_output_box,C4,-140.000,60.000,200.000,hold,off,available,none,,placed_output,lift after scan
baseline_multi_box_run,baseline_multi_box_run_0068_MBOX-068,MBOX-068,9,MOVE_SAFE_ABOVE_TARGET,input_box_3,D2,output_D,category_D_output_box,C4,384.000,-54.000,200.000,hold,off,available,none,,placed_output,move above target
baseline_multi_box_run,baseline_multi_box_run_0068_MBOX-068,MBOX-068,10,APPROACH_TARGET_SLOT,input_box_3,D2,output_D,category_D_output_box,C4,384.000,-54.000,130.000,hold,off,available,none,,placed_output,approach target slot
baseline_multi_box_run,baseline_multi_box_run_0068_MBOX-068,MBOX-068,11,PLACE_TUBE,input_box_3,D2,output_D,category_D_output_box,C4,384.000,-54.000,70.000,open,off,available,none,,placed_output,place tube
baseline_multi_box_run,baseline_multi_box_run_0068_MBOX-068,MBOX-068,12,RETREAT_TO_SAFE_Z,input_box_3,D2,output_D,category_D_output_box,C4,384.000,-54.000,200.000,open,off,available,none,,placed_output,retreat after place
baseline_multi_box_run,baseline_multi_box_run_0069_MBOX-069,MBOX-069,1,MOVE_SAFE_ABOVE_INPUT,input_box_3,D3,output_A,category_A_output_box,C5,-344.000,-17.000,200.000,open,off,available,none,,placed_output,move to input safe height
baseline_multi_box_run,baseline_multi_box_run_0069_MBOX-069,MBOX-069,2,APPROACH_INPUT_SLOT,input_box_3,D3,output_A,category_A_output_box,C5,-344.000,-17.000,130.000,open,off,available,none,,placed_output,approach input slot
baseline_multi_box_run,baseline_multi_box_run_0069_MBOX-069,MBOX-069,3,PICK_TUBE,input_box_3,D3,output_A,category_A_output_box,C5,-344.000,-17.000,55.000,close,off,available,none,,placed_output,pick tube
baseline_multi_box_run,baseline_multi_box_run_0069_MBOX-069,MBOX-069,4,LIFT_TO_SAFE_Z,input_box_3,D3,output_A,category_A_output_box,C5,-344.000,-17.000,200.000,hold,off,available,none,,placed_output,lift picked tube
baseline_multi_box_run,baseline_multi_box_run_0069_MBOX-069,MBOX-069,5,MOVE_SAFE_ABOVE_SCAN,input_box_3,D3,output_A,category_A_output_box,C5,-140.000,60.000,200.000,hold,off,available,none,,placed_output,move above scan station
baseline_multi_box_run,baseline_multi_box_run_0069_MBOX-069,MBOX-069,6,APPROACH_SCAN_STATION,input_box_3,D3,output_A,category_A_output_box,C5,-140.000,60.000,75.000,hold,off,available,none,,placed_output,approach scan station
baseline_multi_box_run,baseline_multi_box_run_0069_MBOX-069,MBOX-069,7,SCAN_BARCODE,input_box_3,D3,output_A,category_A_output_box,C5,-140.000,60.000,75.000,hold,scan,available,none,,placed_output,scan and classify
baseline_multi_box_run,baseline_multi_box_run_0069_MBOX-069,MBOX-069,8,LIFT_TO_SAFE_Z_AFTER_SCAN,input_box_3,D3,output_A,category_A_output_box,C5,-140.000,60.000,200.000,hold,off,available,none,,placed_output,lift after scan
baseline_multi_box_run,baseline_multi_box_run_0069_MBOX-069,MBOX-069,9,MOVE_SAFE_ABOVE_TARGET,input_box_3,D3,output_A,category_A_output_box,C5,202.000,156.000,200.000,hold,off,available,none,,placed_output,move above target
baseline_multi_box_run,baseline_multi_box_run_0069_MBOX-069,MBOX-069,10,APPROACH_TARGET_SLOT,input_box_3,D3,output_A,category_A_output_box,C5,202.000,156.000,130.000,hold,off,available,none,,placed_output,approach target slot
baseline_multi_box_run,baseline_multi_box_run_0069_MBOX-069,MBOX-069,11,PLACE_TUBE,input_box_3,D3,output_A,category_A_output_box,C5,202.000,156.000,45.000,open,off,available,none,,placed_output,place tube
baseline_multi_box_run,baseline_multi_box_run_0069_MBOX-069,MBOX-069,12,RETREAT_TO_SAFE_Z,input_box_3,D3,output_A,category_A_output_box,C5,202.000,156.000,200.000,open,off,available,none,,placed_output,retreat after place
baseline_multi_box_run,baseline_multi_box_run_0070_MBOX-070,MBOX-070,1,MOVE_SAFE_ABOVE_INPUT,input_box_3,D4,output_B,category_B_output_box,C5,-316.000,-17.000,200.000,open,off,available,none,,placed_output,move to input safe height
baseline_multi_box_run,baseline_multi_box_run_0070_MBOX-070,MBOX-070,2,APPROACH_INPUT_SLOT,input_box_3,D4,output_B,category_B_output_box,C5,-316.000,-17.000,130.000,open,off,available,none,,placed_output,approach input slot
baseline_multi_box_run,baseline_multi_box_run_0070_MBOX-070,MBOX-070,3,PICK_TUBE,input_box_3,D4,output_B,category_B_output_box,C5,-316.000,-17.000,55.000,close,off,available,none,,placed_output,pick tube
baseline_multi_box_run,baseline_multi_box_run_0070_MBOX-070,MBOX-070,4,LIFT_TO_SAFE_Z,input_box_3,D4,output_B,category_B_output_box,C5,-316.000,-17.000,200.000,hold,off,available,none,,placed_output,lift picked tube
baseline_multi_box_run,baseline_multi_box_run_0070_MBOX-070,MBOX-070,5,MOVE_SAFE_ABOVE_SCAN,input_box_3,D4,output_B,category_B_output_box,C5,-140.000,60.000,200.000,hold,off,available,none,,placed_output,move above scan station
baseline_multi_box_run,baseline_multi_box_run_0070_MBOX-070,MBOX-070,6,APPROACH_SCAN_STATION,input_box_3,D4,output_B,category_B_output_box,C5,-140.000,60.000,75.000,hold,off,available,none,,placed_output,approach scan station
baseline_multi_box_run,baseline_multi_box_run_0070_MBOX-070,MBOX-070,7,SCAN_BARCODE,input_box_3,D4,output_B,category_B_output_box,C5,-140.000,60.000,75.000,hold,scan,available,none,,placed_output,scan and classify
baseline_multi_box_run,baseline_multi_box_run_0070_MBOX-070,MBOX-070,8,LIFT_TO_SAFE_Z_AFTER_SCAN,input_box_3,D4,output_B,category_B_output_box,C5,-140.000,60.000,200.000,hold,off,available,none,,placed_output,lift after scan
baseline_multi_box_run,baseline_multi_box_run_0070_MBOX-070,MBOX-070,9,MOVE_SAFE_ABOVE_TARGET,input_box_3,D4,output_B,category_B_output_box,C5,412.000,156.000,200.000,hold,off,available,none,,placed_output,move above target
baseline_multi_box_run,baseline_multi_box_run_0070_MBOX-070,MBOX-070,10,APPROACH_TARGET_SLOT,input_box_3,D4,output_B,category_B_output_box,C5,412.000,156.000,130.000,hold,off,available,none,,placed_output,approach target slot
baseline_multi_box_run,baseline_multi_box_run_0070_MBOX-070,MBOX-070,11,PLACE_TUBE,input_box_3,D4,output_B,category_B_output_box,C5,412.000,156.000,45.000,open,off,available,none,,placed_output,place tube
baseline_multi_box_run,baseline_multi_box_run_0070_MBOX-070,MBOX-070,12,RETREAT_TO_SAFE_Z,input_box_3,D4,output_B,category_B_output_box,C5,412.000,156.000,200.000,open,off,available,none,,placed_output,retreat after place
baseline_multi_box_run,baseline_multi_box_run_0071_MBOX-071,MBOX-071,1,MOVE_SAFE_ABOVE_INPUT,input_box_3,D5,output_C,category_C_output_box,C5,-288.000,-17.000,200.000,open,off,available,none,,placed_output,move to input safe height
baseline_multi_box_run,baseline_multi_box_run_0071_MBOX-071,MBOX-071,2,APPROACH_INPUT_SLOT,input_box_3,D5,output_C,category_C_output_box,C5,-288.000,-17.000,130.000,open,off,available,none,,placed_output,approach input slot
baseline_multi_box_run,baseline_multi_box_run_0071_MBOX-071,MBOX-071,3,PICK_TUBE,input_box_3,D5,output_C,category_C_output_box,C5,-288.000,-17.000,80.000,close,off,available,none,,placed_output,pick tube
baseline_multi_box_run,baseline_multi_box_run_0071_MBOX-071,MBOX-071,4,LIFT_TO_SAFE_Z,input_box_3,D5,output_C,category_C_output_box,C5,-288.000,-17.000,200.000,hold,off,available,none,,placed_output,lift picked tube
baseline_multi_box_run,baseline_multi_box_run_0071_MBOX-071,MBOX-071,5,MOVE_SAFE_ABOVE_SCAN,input_box_3,D5,output_C,category_C_output_box,C5,-140.000,60.000,200.000,hold,off,available,none,,placed_output,move above scan station
baseline_multi_box_run,baseline_multi_box_run_0071_MBOX-071,MBOX-071,6,APPROACH_SCAN_STATION,input_box_3,D5,output_C,category_C_output_box,C5,-140.000,60.000,75.000,hold,off,available,none,,placed_output,approach scan station
baseline_multi_box_run,baseline_multi_box_run_0071_MBOX-071,MBOX-071,7,SCAN_BARCODE,input_box_3,D5,output_C,category_C_output_box,C5,-140.000,60.000,75.000,hold,scan,available,none,,placed_output,scan and classify
baseline_multi_box_run,baseline_multi_box_run_0071_MBOX-071,MBOX-071,8,LIFT_TO_SAFE_Z_AFTER_SCAN,input_box_3,D5,output_C,category_C_output_box,C5,-140.000,60.000,200.000,hold,off,available,none,,placed_output,lift after scan
baseline_multi_box_run,baseline_multi_box_run_0071_MBOX-071,MBOX-071,9,MOVE_SAFE_ABOVE_TARGET,input_box_3,D5,output_C,category_C_output_box,C5,202.000,-54.000,200.000,hold,off,available,none,,placed_output,move above target
baseline_multi_box_run,baseline_multi_box_run_0071_MBOX-071,MBOX-071,10,APPROACH_TARGET_SLOT,input_box_3,D5,output_C,category_C_output_box,C5,202.000,-54.000,130.000,hold,off,available,none,,placed_output,approach target slot
baseline_multi_box_run,baseline_multi_box_run_0071_MBOX-071,MBOX-071,11,PLACE_TUBE,input_box_3,D5,output_C,category_C_output_box,C5,202.000,-54.000,70.000,open,off,available,none,,placed_output,place tube
baseline_multi_box_run,baseline_multi_box_run_0071_MBOX-071,MBOX-071,12,RETREAT_TO_SAFE_Z,input_box_3,D5,output_C,category_C_output_box,C5,202.000,-54.000,200.000,open,off,available,none,,placed_output,retreat after place
baseline_multi_box_run,baseline_multi_box_run_0072_MBOX-072,MBOX-072,1,MOVE_SAFE_ABOVE_INPUT,input_box_3,D6,output_D,category_D_output_box,C5,-260.000,-17.000,200.000,open,off,available,none,,placed_output,move to input safe height
baseline_multi_box_run,baseline_multi_box_run_0072_MBOX-072,MBOX-072,2,APPROACH_INPUT_SLOT,input_box_3,D6,output_D,category_D_output_box,C5,-260.000,-17.000,130.000,open,off,available,none,,placed_output,approach input slot
baseline_multi_box_run,baseline_multi_box_run_0072_MBOX-072,MBOX-072,3,PICK_TUBE,input_box_3,D6,output_D,category_D_output_box,C5,-260.000,-17.000,55.000,close,off,available,none,,placed_output,pick tube
baseline_multi_box_run,baseline_multi_box_run_0072_MBOX-072,MBOX-072,4,LIFT_TO_SAFE_Z,input_box_3,D6,output_D,category_D_output_box,C5,-260.000,-17.000,200.000,hold,off,available,none,,placed_output,lift picked tube
baseline_multi_box_run,baseline_multi_box_run_0072_MBOX-072,MBOX-072,5,MOVE_SAFE_ABOVE_SCAN,input_box_3,D6,output_D,category_D_output_box,C5,-140.000,60.000,200.000,hold,off,available,none,,placed_output,move above scan station
baseline_multi_box_run,baseline_multi_box_run_0072_MBOX-072,MBOX-072,6,APPROACH_SCAN_STATION,input_box_3,D6,output_D,category_D_output_box,C5,-140.000,60.000,75.000,hold,off,available,none,,placed_output,approach scan station
baseline_multi_box_run,baseline_multi_box_run_0072_MBOX-072,MBOX-072,7,SCAN_BARCODE,input_box_3,D6,output_D,category_D_output_box,C5,-140.000,60.000,75.000,hold,scan,available,none,,placed_output,scan and classify
baseline_multi_box_run,baseline_multi_box_run_0072_MBOX-072,MBOX-072,8,LIFT_TO_SAFE_Z_AFTER_SCAN,input_box_3,D6,output_D,category_D_output_box,C5,-140.000,60.000,200.000,hold,off,available,none,,placed_output,lift after scan
baseline_multi_box_run,baseline_multi_box_run_0072_MBOX-072,MBOX-072,9,MOVE_SAFE_ABOVE_TARGET,input_box_3,D6,output_D,category_D_output_box,C5,412.000,-54.000,200.000,hold,off,available,none,,placed_output,move above target
baseline_multi_box_run,baseline_multi_box_run_0072_MBOX-072,MBOX-072,10,APPROACH_TARGET_SLOT,input_box_3,D6,output_D,category_D_output_box,C5,412.000,-54.000,130.000,hold,off,available,none,,placed_output,approach target slot
baseline_multi_box_run,baseline_multi_box_run_0072_MBOX-072,MBOX-072,11,PLACE_TUBE,input_box_3,D6,output_D,category_D_output_box,C5,412.000,-54.000,45.000,open,off,available,none,,placed_output,place tube
baseline_multi_box_run,baseline_multi_box_run_0072_MBOX-072,MBOX-072,12,RETREAT_TO_SAFE_Z,input_box_3,D6,output_D,category_D_output_box,C5,412.000,-54.000,200.000,open,off,available,none,,placed_output,retreat after place
baseline_multi_box_run,baseline_multi_box_run_0073_MBOX-073,MBOX-073,1,MOVE_SAFE_ABOVE_INPUT,input_box_4,A1,manual_review,manual_review_bin,B2,-400.000,-63.000,200.000,open,off,not_applicable,none,,placed_manual_review,move to input safe height
baseline_multi_box_run,baseline_multi_box_run_0073_MBOX-073,MBOX-073,2,APPROACH_INPUT_SLOT,input_box_4,A1,manual_review,manual_review_bin,B2,-400.000,-63.000,130.000,open,off,not_applicable,none,,placed_manual_review,approach input slot
baseline_multi_box_run,baseline_multi_box_run_0073_MBOX-073,MBOX-073,3,PICK_TUBE,input_box_4,A1,manual_review,manual_review_bin,B2,-400.000,-63.000,55.000,close,off,not_applicable,none,,placed_manual_review,pick tube
baseline_multi_box_run,baseline_multi_box_run_0073_MBOX-073,MBOX-073,4,LIFT_TO_SAFE_Z,input_box_4,A1,manual_review,manual_review_bin,B2,-400.000,-63.000,200.000,hold,off,not_applicable,none,,placed_manual_review,lift picked tube
baseline_multi_box_run,baseline_multi_box_run_0073_MBOX-073,MBOX-073,5,MOVE_SAFE_ABOVE_SCAN,input_box_4,A1,manual_review,manual_review_bin,B2,-140.000,60.000,200.000,hold,off,not_applicable,none,,placed_manual_review,move above scan station
baseline_multi_box_run,baseline_multi_box_run_0073_MBOX-073,MBOX-073,6,APPROACH_SCAN_STATION,input_box_4,A1,manual_review,manual_review_bin,B2,-140.000,60.000,75.000,hold,off,not_applicable,none,,placed_manual_review,approach scan station
baseline_multi_box_run,baseline_multi_box_run_0073_MBOX-073,MBOX-073,7,SCAN_BARCODE,input_box_4,A1,manual_review,manual_review_bin,B2,-140.000,60.000,75.000,hold,scan,not_applicable,none,,placed_manual_review,scan and classify
baseline_multi_box_run,baseline_multi_box_run_0073_MBOX-073,MBOX-073,8,LIFT_TO_SAFE_Z_AFTER_SCAN,input_box_4,A1,manual_review,manual_review_bin,B2,-140.000,60.000,200.000,hold,off,not_applicable,none,,placed_manual_review,lift after scan
baseline_multi_box_run,baseline_multi_box_run_0073_MBOX-073,MBOX-073,9,MOVE_SAFE_ABOVE_TARGET,input_box_4,A1,manual_review,manual_review_bin,B2,-180.000,-314.000,200.000,hold,off,not_applicable,none,,placed_manual_review,move above target
baseline_multi_box_run,baseline_multi_box_run_0073_MBOX-073,MBOX-073,10,APPROACH_TARGET_SLOT,input_box_4,A1,manual_review,manual_review_bin,B2,-180.000,-314.000,130.000,hold,off,not_applicable,none,,placed_manual_review,approach target slot
baseline_multi_box_run,baseline_multi_box_run_0073_MBOX-073,MBOX-073,11,PLACE_TUBE,input_box_4,A1,manual_review,manual_review_bin,B2,-180.000,-314.000,45.000,open,off,not_applicable,none,,placed_manual_review,place tube
baseline_multi_box_run,baseline_multi_box_run_0073_MBOX-073,MBOX-073,12,RETREAT_TO_SAFE_Z,input_box_4,A1,manual_review,manual_review_bin,B2,-180.000,-314.000,200.000,open,off,not_applicable,none,,placed_manual_review,retreat after place
baseline_multi_box_run,baseline_multi_box_run_0074_MBOX-074,MBOX-074,1,MOVE_SAFE_ABOVE_INPUT,input_box_4,A2,output_A,category_A_output_box,C6,-372.000,-63.000,200.000,open,off,available,none,,placed_output,move to input safe height
baseline_multi_box_run,baseline_multi_box_run_0074_MBOX-074,MBOX-074,2,APPROACH_INPUT_SLOT,input_box_4,A2,output_A,category_A_output_box,C6,-372.000,-63.000,130.000,open,off,available,none,,placed_output,approach input slot
baseline_multi_box_run,baseline_multi_box_run_0074_MBOX-074,MBOX-074,3,PICK_TUBE,input_box_4,A2,output_A,category_A_output_box,C6,-372.000,-63.000,80.000,close,off,available,none,,placed_output,pick tube
baseline_multi_box_run,baseline_multi_box_run_0074_MBOX-074,MBOX-074,4,LIFT_TO_SAFE_Z,input_box_4,A2,output_A,category_A_output_box,C6,-372.000,-63.000,200.000,hold,off,available,none,,placed_output,lift picked tube
baseline_multi_box_run,baseline_multi_box_run_0074_MBOX-074,MBOX-074,5,MOVE_SAFE_ABOVE_SCAN,input_box_4,A2,output_A,category_A_output_box,C6,-140.000,60.000,200.000,hold,off,available,none,,placed_output,move above scan station
baseline_multi_box_run,baseline_multi_box_run_0074_MBOX-074,MBOX-074,6,APPROACH_SCAN_STATION,input_box_4,A2,output_A,category_A_output_box,C6,-140.000,60.000,75.000,hold,off,available,none,,placed_output,approach scan station
baseline_multi_box_run,baseline_multi_box_run_0074_MBOX-074,MBOX-074,7,SCAN_BARCODE,input_box_4,A2,output_A,category_A_output_box,C6,-140.000,60.000,75.000,hold,scan,available,none,,placed_output,scan and classify
baseline_multi_box_run,baseline_multi_box_run_0074_MBOX-074,MBOX-074,8,LIFT_TO_SAFE_Z_AFTER_SCAN,input_box_4,A2,output_A,category_A_output_box,C6,-140.000,60.000,200.000,hold,off,available,none,,placed_output,lift after scan
baseline_multi_box_run,baseline_multi_box_run_0074_MBOX-074,MBOX-074,9,MOVE_SAFE_ABOVE_TARGET,input_box_4,A2,output_A,category_A_output_box,C6,230.000,156.000,200.000,hold,off,available,none,,placed_output,move above target
baseline_multi_box_run,baseline_multi_box_run_0074_MBOX-074,MBOX-074,10,APPROACH_TARGET_SLOT,input_box_4,A2,output_A,category_A_output_box,C6,230.000,156.000,130.000,hold,off,available,none,,placed_output,approach target slot
baseline_multi_box_run,baseline_multi_box_run_0074_MBOX-074,MBOX-074,11,PLACE_TUBE,input_box_4,A2,output_A,category_A_output_box,C6,230.000,156.000,70.000,open,off,available,none,,placed_output,place tube
baseline_multi_box_run,baseline_multi_box_run_0074_MBOX-074,MBOX-074,12,RETREAT_TO_SAFE_Z,input_box_4,A2,output_A,category_A_output_box,C6,230.000,156.000,200.000,open,off,available,none,,placed_output,retreat after place
baseline_multi_box_run,baseline_multi_box_run_0075_MBOX-075,MBOX-075,1,MOVE_SAFE_ABOVE_INPUT,input_box_4,A3,output_B,category_B_output_box,C6,-344.000,-63.000,200.000,open,off,available,none,,placed_output,move to input safe height
baseline_multi_box_run,baseline_multi_box_run_0075_MBOX-075,MBOX-075,2,APPROACH_INPUT_SLOT,input_box_4,A3,output_B,category_B_output_box,C6,-344.000,-63.000,130.000,open,off,available,none,,placed_output,approach input slot
baseline_multi_box_run,baseline_multi_box_run_0075_MBOX-075,MBOX-075,3,PICK_TUBE,input_box_4,A3,output_B,category_B_output_box,C6,-344.000,-63.000,55.000,close,off,available,none,,placed_output,pick tube
baseline_multi_box_run,baseline_multi_box_run_0075_MBOX-075,MBOX-075,4,LIFT_TO_SAFE_Z,input_box_4,A3,output_B,category_B_output_box,C6,-344.000,-63.000,200.000,hold,off,available,none,,placed_output,lift picked tube
baseline_multi_box_run,baseline_multi_box_run_0075_MBOX-075,MBOX-075,5,MOVE_SAFE_ABOVE_SCAN,input_box_4,A3,output_B,category_B_output_box,C6,-140.000,60.000,200.000,hold,off,available,none,,placed_output,move above scan station
baseline_multi_box_run,baseline_multi_box_run_0075_MBOX-075,MBOX-075,6,APPROACH_SCAN_STATION,input_box_4,A3,output_B,category_B_output_box,C6,-140.000,60.000,75.000,hold,off,available,none,,placed_output,approach scan station
baseline_multi_box_run,baseline_multi_box_run_0075_MBOX-075,MBOX-075,7,SCAN_BARCODE,input_box_4,A3,output_B,category_B_output_box,C6,-140.000,60.000,75.000,hold,scan,available,none,,placed_output,scan and classify
baseline_multi_box_run,baseline_multi_box_run_0075_MBOX-075,MBOX-075,8,LIFT_TO_SAFE_Z_AFTER_SCAN,input_box_4,A3,output_B,category_B_output_box,C6,-140.000,60.000,200.000,hold,off,available,none,,placed_output,lift after scan
baseline_multi_box_run,baseline_multi_box_run_0075_MBOX-075,MBOX-075,9,MOVE_SAFE_ABOVE_TARGET,input_box_4,A3,output_B,category_B_output_box,C6,440.000,156.000,200.000,hold,off,available,none,,placed_output,move above target
baseline_multi_box_run,baseline_multi_box_run_0075_MBOX-075,MBOX-075,10,APPROACH_TARGET_SLOT,input_box_4,A3,output_B,category_B_output_box,C6,440.000,156.000,130.000,hold,off,available,none,,placed_output,approach target slot
baseline_multi_box_run,baseline_multi_box_run_0075_MBOX-075,MBOX-075,11,PLACE_TUBE,input_box_4,A3,output_B,category_B_output_box,C6,440.000,156.000,45.000,open,off,available,none,,placed_output,place tube
baseline_multi_box_run,baseline_multi_box_run_0075_MBOX-075,MBOX-075,12,RETREAT_TO_SAFE_Z,input_box_4,A3,output_B,category_B_output_box,C6,440.000,156.000,200.000,open,off,available,none,,placed_output,retreat after place
baseline_multi_box_run,baseline_multi_box_run_0076_MBOX-076,MBOX-076,1,MOVE_SAFE_ABOVE_INPUT,input_box_4,A4,output_C,category_C_output_box,C6,-316.000,-63.000,200.000,open,off,available,none,,placed_output,move to input safe height
baseline_multi_box_run,baseline_multi_box_run_0076_MBOX-076,MBOX-076,2,APPROACH_INPUT_SLOT,input_box_4,A4,output_C,category_C_output_box,C6,-316.000,-63.000,130.000,open,off,available,none,,placed_output,approach input slot
baseline_multi_box_run,baseline_multi_box_run_0076_MBOX-076,MBOX-076,3,PICK_TUBE,input_box_4,A4,output_C,category_C_output_box,C6,-316.000,-63.000,55.000,close,off,available,none,,placed_output,pick tube
baseline_multi_box_run,baseline_multi_box_run_0076_MBOX-076,MBOX-076,4,LIFT_TO_SAFE_Z,input_box_4,A4,output_C,category_C_output_box,C6,-316.000,-63.000,200.000,hold,off,available,none,,placed_output,lift picked tube
baseline_multi_box_run,baseline_multi_box_run_0076_MBOX-076,MBOX-076,5,MOVE_SAFE_ABOVE_SCAN,input_box_4,A4,output_C,category_C_output_box,C6,-140.000,60.000,200.000,hold,off,available,none,,placed_output,move above scan station
baseline_multi_box_run,baseline_multi_box_run_0076_MBOX-076,MBOX-076,6,APPROACH_SCAN_STATION,input_box_4,A4,output_C,category_C_output_box,C6,-140.000,60.000,75.000,hold,off,available,none,,placed_output,approach scan station
baseline_multi_box_run,baseline_multi_box_run_0076_MBOX-076,MBOX-076,7,SCAN_BARCODE,input_box_4,A4,output_C,category_C_output_box,C6,-140.000,60.000,75.000,hold,scan,available,none,,placed_output,scan and classify
baseline_multi_box_run,baseline_multi_box_run_0076_MBOX-076,MBOX-076,8,LIFT_TO_SAFE_Z_AFTER_SCAN,input_box_4,A4,output_C,category_C_output_box,C6,-140.000,60.000,200.000,hold,off,available,none,,placed_output,lift after scan
baseline_multi_box_run,baseline_multi_box_run_0076_MBOX-076,MBOX-076,9,MOVE_SAFE_ABOVE_TARGET,input_box_4,A4,output_C,category_C_output_box,C6,230.000,-54.000,200.000,hold,off,available,none,,placed_output,move above target
baseline_multi_box_run,baseline_multi_box_run_0076_MBOX-076,MBOX-076,10,APPROACH_TARGET_SLOT,input_box_4,A4,output_C,category_C_output_box,C6,230.000,-54.000,130.000,hold,off,available,none,,placed_output,approach target slot
baseline_multi_box_run,baseline_multi_box_run_0076_MBOX-076,MBOX-076,11,PLACE_TUBE,input_box_4,A4,output_C,category_C_output_box,C6,230.000,-54.000,45.000,open,off,available,none,,placed_output,place tube
baseline_multi_box_run,baseline_multi_box_run_0076_MBOX-076,MBOX-076,12,RETREAT_TO_SAFE_Z,input_box_4,A4,output_C,category_C_output_box,C6,230.000,-54.000,200.000,open,off,available,none,,placed_output,retreat after place
baseline_multi_box_run,baseline_multi_box_run_0077_MBOX-077,MBOX-077,1,MOVE_SAFE_ABOVE_INPUT,input_box_4,A5,output_D,category_D_output_box,C6,-288.000,-63.000,200.000,open,off,available,none,,placed_output,move to input safe height
baseline_multi_box_run,baseline_multi_box_run_0077_MBOX-077,MBOX-077,2,APPROACH_INPUT_SLOT,input_box_4,A5,output_D,category_D_output_box,C6,-288.000,-63.000,130.000,open,off,available,none,,placed_output,approach input slot
baseline_multi_box_run,baseline_multi_box_run_0077_MBOX-077,MBOX-077,3,PICK_TUBE,input_box_4,A5,output_D,category_D_output_box,C6,-288.000,-63.000,80.000,close,off,available,none,,placed_output,pick tube
baseline_multi_box_run,baseline_multi_box_run_0077_MBOX-077,MBOX-077,4,LIFT_TO_SAFE_Z,input_box_4,A5,output_D,category_D_output_box,C6,-288.000,-63.000,200.000,hold,off,available,none,,placed_output,lift picked tube
baseline_multi_box_run,baseline_multi_box_run_0077_MBOX-077,MBOX-077,5,MOVE_SAFE_ABOVE_SCAN,input_box_4,A5,output_D,category_D_output_box,C6,-140.000,60.000,200.000,hold,off,available,none,,placed_output,move above scan station
baseline_multi_box_run,baseline_multi_box_run_0077_MBOX-077,MBOX-077,6,APPROACH_SCAN_STATION,input_box_4,A5,output_D,category_D_output_box,C6,-140.000,60.000,75.000,hold,off,available,none,,placed_output,approach scan station
baseline_multi_box_run,baseline_multi_box_run_0077_MBOX-077,MBOX-077,7,SCAN_BARCODE,input_box_4,A5,output_D,category_D_output_box,C6,-140.000,60.000,75.000,hold,scan,available,none,,placed_output,scan and classify
baseline_multi_box_run,baseline_multi_box_run_0077_MBOX-077,MBOX-077,8,LIFT_TO_SAFE_Z_AFTER_SCAN,input_box_4,A5,output_D,category_D_output_box,C6,-140.000,60.000,200.000,hold,off,available,none,,placed_output,lift after scan
baseline_multi_box_run,baseline_multi_box_run_0077_MBOX-077,MBOX-077,9,MOVE_SAFE_ABOVE_TARGET,input_box_4,A5,output_D,category_D_output_box,C6,440.000,-54.000,200.000,hold,off,available,none,,placed_output,move above target
baseline_multi_box_run,baseline_multi_box_run_0077_MBOX-077,MBOX-077,10,APPROACH_TARGET_SLOT,input_box_4,A5,output_D,category_D_output_box,C6,440.000,-54.000,130.000,hold,off,available,none,,placed_output,approach target slot
baseline_multi_box_run,baseline_multi_box_run_0077_MBOX-077,MBOX-077,11,PLACE_TUBE,input_box_4,A5,output_D,category_D_output_box,C6,440.000,-54.000,70.000,open,off,available,none,,placed_output,place tube
baseline_multi_box_run,baseline_multi_box_run_0077_MBOX-077,MBOX-077,12,RETREAT_TO_SAFE_Z,input_box_4,A5,output_D,category_D_output_box,C6,440.000,-54.000,200.000,open,off,available,none,,placed_output,retreat after place
baseline_multi_box_run,baseline_multi_box_run_0078_MBOX-078,MBOX-078,1,MOVE_SAFE_ABOVE_INPUT,input_box_4,A6,output_A,category_A_output_box,D1,-260.000,-63.000,200.000,open,off,available,none,,placed_output,move to input safe height
baseline_multi_box_run,baseline_multi_box_run_0078_MBOX-078,MBOX-078,2,APPROACH_INPUT_SLOT,input_box_4,A6,output_A,category_A_output_box,D1,-260.000,-63.000,130.000,open,off,available,none,,placed_output,approach input slot
baseline_multi_box_run,baseline_multi_box_run_0078_MBOX-078,MBOX-078,3,PICK_TUBE,input_box_4,A6,output_A,category_A_output_box,D1,-260.000,-63.000,55.000,close,off,available,none,,placed_output,pick tube
baseline_multi_box_run,baseline_multi_box_run_0078_MBOX-078,MBOX-078,4,LIFT_TO_SAFE_Z,input_box_4,A6,output_A,category_A_output_box,D1,-260.000,-63.000,200.000,hold,off,available,none,,placed_output,lift picked tube
baseline_multi_box_run,baseline_multi_box_run_0078_MBOX-078,MBOX-078,5,MOVE_SAFE_ABOVE_SCAN,input_box_4,A6,output_A,category_A_output_box,D1,-140.000,60.000,200.000,hold,off,available,none,,placed_output,move above scan station
baseline_multi_box_run,baseline_multi_box_run_0078_MBOX-078,MBOX-078,6,APPROACH_SCAN_STATION,input_box_4,A6,output_A,category_A_output_box,D1,-140.000,60.000,75.000,hold,off,available,none,,placed_output,approach scan station
baseline_multi_box_run,baseline_multi_box_run_0078_MBOX-078,MBOX-078,7,SCAN_BARCODE,input_box_4,A6,output_A,category_A_output_box,D1,-140.000,60.000,75.000,hold,scan,available,none,,placed_output,scan and classify
baseline_multi_box_run,baseline_multi_box_run_0078_MBOX-078,MBOX-078,8,LIFT_TO_SAFE_Z_AFTER_SCAN,input_box_4,A6,output_A,category_A_output_box,D1,-140.000,60.000,200.000,hold,off,available,none,,placed_output,lift after scan
baseline_multi_box_run,baseline_multi_box_run_0078_MBOX-078,MBOX-078,9,MOVE_SAFE_ABOVE_TARGET,input_box_4,A6,output_A,category_A_output_box,D1,90.000,128.000,200.000,hold,off,available,none,,placed_output,move above target
baseline_multi_box_run,baseline_multi_box_run_0078_MBOX-078,MBOX-078,10,APPROACH_TARGET_SLOT,input_box_4,A6,output_A,category_A_output_box,D1,90.000,128.000,130.000,hold,off,available,none,,placed_output,approach target slot
baseline_multi_box_run,baseline_multi_box_run_0078_MBOX-078,MBOX-078,11,PLACE_TUBE,input_box_4,A6,output_A,category_A_output_box,D1,90.000,128.000,45.000,open,off,available,none,,placed_output,place tube
baseline_multi_box_run,baseline_multi_box_run_0078_MBOX-078,MBOX-078,12,RETREAT_TO_SAFE_Z,input_box_4,A6,output_A,category_A_output_box,D1,90.000,128.000,200.000,open,off,available,none,,placed_output,retreat after place
baseline_multi_box_run,baseline_multi_box_run_0079_MBOX-079,MBOX-079,1,MOVE_SAFE_ABOVE_INPUT,input_box_4,B1,output_B,category_B_output_box,D1,-400.000,-91.000,200.000,open,off,available,none,,placed_output,move to input safe height
baseline_multi_box_run,baseline_multi_box_run_0079_MBOX-079,MBOX-079,2,APPROACH_INPUT_SLOT,input_box_4,B1,output_B,category_B_output_box,D1,-400.000,-91.000,130.000,open,off,available,none,,placed_output,approach input slot
baseline_multi_box_run,baseline_multi_box_run_0079_MBOX-079,MBOX-079,3,PICK_TUBE,input_box_4,B1,output_B,category_B_output_box,D1,-400.000,-91.000,55.000,close,off,available,none,,placed_output,pick tube
baseline_multi_box_run,baseline_multi_box_run_0079_MBOX-079,MBOX-079,4,LIFT_TO_SAFE_Z,input_box_4,B1,output_B,category_B_output_box,D1,-400.000,-91.000,200.000,hold,off,available,none,,placed_output,lift picked tube
baseline_multi_box_run,baseline_multi_box_run_0079_MBOX-079,MBOX-079,5,MOVE_SAFE_ABOVE_SCAN,input_box_4,B1,output_B,category_B_output_box,D1,-140.000,60.000,200.000,hold,off,available,none,,placed_output,move above scan station
baseline_multi_box_run,baseline_multi_box_run_0079_MBOX-079,MBOX-079,6,APPROACH_SCAN_STATION,input_box_4,B1,output_B,category_B_output_box,D1,-140.000,60.000,75.000,hold,off,available,none,,placed_output,approach scan station
baseline_multi_box_run,baseline_multi_box_run_0079_MBOX-079,MBOX-079,7,SCAN_BARCODE,input_box_4,B1,output_B,category_B_output_box,D1,-140.000,60.000,75.000,hold,scan,available,none,,placed_output,scan and classify
baseline_multi_box_run,baseline_multi_box_run_0079_MBOX-079,MBOX-079,8,LIFT_TO_SAFE_Z_AFTER_SCAN,input_box_4,B1,output_B,category_B_output_box,D1,-140.000,60.000,200.000,hold,off,available,none,,placed_output,lift after scan
baseline_multi_box_run,baseline_multi_box_run_0079_MBOX-079,MBOX-079,9,MOVE_SAFE_ABOVE_TARGET,input_box_4,B1,output_B,category_B_output_box,D1,300.000,128.000,200.000,hold,off,available,none,,placed_output,move above target
baseline_multi_box_run,baseline_multi_box_run_0079_MBOX-079,MBOX-079,10,APPROACH_TARGET_SLOT,input_box_4,B1,output_B,category_B_output_box,D1,300.000,128.000,130.000,hold,off,available,none,,placed_output,approach target slot
baseline_multi_box_run,baseline_multi_box_run_0079_MBOX-079,MBOX-079,11,PLACE_TUBE,input_box_4,B1,output_B,category_B_output_box,D1,300.000,128.000,45.000,open,off,available,none,,placed_output,place tube
baseline_multi_box_run,baseline_multi_box_run_0079_MBOX-079,MBOX-079,12,RETREAT_TO_SAFE_Z,input_box_4,B1,output_B,category_B_output_box,D1,300.000,128.000,200.000,open,off,available,none,,placed_output,retreat after place
baseline_multi_box_run,baseline_multi_box_run_0080_MBOX-080,MBOX-080,1,MOVE_SAFE_ABOVE_INPUT,input_box_4,B2,output_C,category_C_output_box,D1,-372.000,-91.000,200.000,open,off,available,none,,placed_output,move to input safe height
baseline_multi_box_run,baseline_multi_box_run_0080_MBOX-080,MBOX-080,2,APPROACH_INPUT_SLOT,input_box_4,B2,output_C,category_C_output_box,D1,-372.000,-91.000,130.000,open,off,available,none,,placed_output,approach input slot
baseline_multi_box_run,baseline_multi_box_run_0080_MBOX-080,MBOX-080,3,PICK_TUBE,input_box_4,B2,output_C,category_C_output_box,D1,-372.000,-91.000,80.000,close,off,available,none,,placed_output,pick tube
baseline_multi_box_run,baseline_multi_box_run_0080_MBOX-080,MBOX-080,4,LIFT_TO_SAFE_Z,input_box_4,B2,output_C,category_C_output_box,D1,-372.000,-91.000,200.000,hold,off,available,none,,placed_output,lift picked tube
baseline_multi_box_run,baseline_multi_box_run_0080_MBOX-080,MBOX-080,5,MOVE_SAFE_ABOVE_SCAN,input_box_4,B2,output_C,category_C_output_box,D1,-140.000,60.000,200.000,hold,off,available,none,,placed_output,move above scan station
baseline_multi_box_run,baseline_multi_box_run_0080_MBOX-080,MBOX-080,6,APPROACH_SCAN_STATION,input_box_4,B2,output_C,category_C_output_box,D1,-140.000,60.000,75.000,hold,off,available,none,,placed_output,approach scan station
baseline_multi_box_run,baseline_multi_box_run_0080_MBOX-080,MBOX-080,7,SCAN_BARCODE,input_box_4,B2,output_C,category_C_output_box,D1,-140.000,60.000,75.000,hold,scan,available,none,,placed_output,scan and classify
baseline_multi_box_run,baseline_multi_box_run_0080_MBOX-080,MBOX-080,8,LIFT_TO_SAFE_Z_AFTER_SCAN,input_box_4,B2,output_C,category_C_output_box,D1,-140.000,60.000,200.000,hold,off,available,none,,placed_output,lift after scan
baseline_multi_box_run,baseline_multi_box_run_0080_MBOX-080,MBOX-080,9,MOVE_SAFE_ABOVE_TARGET,input_box_4,B2,output_C,category_C_output_box,D1,90.000,-82.000,200.000,hold,off,available,none,,placed_output,move above target
baseline_multi_box_run,baseline_multi_box_run_0080_MBOX-080,MBOX-080,10,APPROACH_TARGET_SLOT,input_box_4,B2,output_C,category_C_output_box,D1,90.000,-82.000,130.000,hold,off,available,none,,placed_output,approach target slot
baseline_multi_box_run,baseline_multi_box_run_0080_MBOX-080,MBOX-080,11,PLACE_TUBE,input_box_4,B2,output_C,category_C_output_box,D1,90.000,-82.000,70.000,open,off,available,none,,placed_output,place tube
baseline_multi_box_run,baseline_multi_box_run_0080_MBOX-080,MBOX-080,12,RETREAT_TO_SAFE_Z,input_box_4,B2,output_C,category_C_output_box,D1,90.000,-82.000,200.000,open,off,available,none,,placed_output,retreat after place
baseline_multi_box_run,baseline_multi_box_run_0081_MBOX-081,MBOX-081,1,MOVE_SAFE_ABOVE_INPUT,input_box_4,B3,output_D,category_D_output_box,D1,-344.000,-91.000,200.000,open,off,available,none,,placed_output,move to input safe height
baseline_multi_box_run,baseline_multi_box_run_0081_MBOX-081,MBOX-081,2,APPROACH_INPUT_SLOT,input_box_4,B3,output_D,category_D_output_box,D1,-344.000,-91.000,130.000,open,off,available,none,,placed_output,approach input slot
baseline_multi_box_run,baseline_multi_box_run_0081_MBOX-081,MBOX-081,3,PICK_TUBE,input_box_4,B3,output_D,category_D_output_box,D1,-344.000,-91.000,55.000,close,off,available,none,,placed_output,pick tube
baseline_multi_box_run,baseline_multi_box_run_0081_MBOX-081,MBOX-081,4,LIFT_TO_SAFE_Z,input_box_4,B3,output_D,category_D_output_box,D1,-344.000,-91.000,200.000,hold,off,available,none,,placed_output,lift picked tube
baseline_multi_box_run,baseline_multi_box_run_0081_MBOX-081,MBOX-081,5,MOVE_SAFE_ABOVE_SCAN,input_box_4,B3,output_D,category_D_output_box,D1,-140.000,60.000,200.000,hold,off,available,none,,placed_output,move above scan station
baseline_multi_box_run,baseline_multi_box_run_0081_MBOX-081,MBOX-081,6,APPROACH_SCAN_STATION,input_box_4,B3,output_D,category_D_output_box,D1,-140.000,60.000,75.000,hold,off,available,none,,placed_output,approach scan station
baseline_multi_box_run,baseline_multi_box_run_0081_MBOX-081,MBOX-081,7,SCAN_BARCODE,input_box_4,B3,output_D,category_D_output_box,D1,-140.000,60.000,75.000,hold,scan,available,none,,placed_output,scan and classify
baseline_multi_box_run,baseline_multi_box_run_0081_MBOX-081,MBOX-081,8,LIFT_TO_SAFE_Z_AFTER_SCAN,input_box_4,B3,output_D,category_D_output_box,D1,-140.000,60.000,200.000,hold,off,available,none,,placed_output,lift after scan
baseline_multi_box_run,baseline_multi_box_run_0081_MBOX-081,MBOX-081,9,MOVE_SAFE_ABOVE_TARGET,input_box_4,B3,output_D,category_D_output_box,D1,300.000,-82.000,200.000,hold,off,available,none,,placed_output,move above target
baseline_multi_box_run,baseline_multi_box_run_0081_MBOX-081,MBOX-081,10,APPROACH_TARGET_SLOT,input_box_4,B3,output_D,category_D_output_box,D1,300.000,-82.000,130.000,hold,off,available,none,,placed_output,approach target slot
baseline_multi_box_run,baseline_multi_box_run_0081_MBOX-081,MBOX-081,11,PLACE_TUBE,input_box_4,B3,output_D,category_D_output_box,D1,300.000,-82.000,45.000,open,off,available,none,,placed_output,place tube
baseline_multi_box_run,baseline_multi_box_run_0081_MBOX-081,MBOX-081,12,RETREAT_TO_SAFE_Z,input_box_4,B3,output_D,category_D_output_box,D1,300.000,-82.000,200.000,open,off,available,none,,placed_output,retreat after place
baseline_multi_box_run,baseline_multi_box_run_0082_MBOX-082,MBOX-082,1,MOVE_SAFE_ABOVE_INPUT,input_box_4,B4,output_A,category_A_output_box,D2,-316.000,-91.000,200.000,open,off,available,none,,placed_output,move to input safe height
baseline_multi_box_run,baseline_multi_box_run_0082_MBOX-082,MBOX-082,2,APPROACH_INPUT_SLOT,input_box_4,B4,output_A,category_A_output_box,D2,-316.000,-91.000,130.000,open,off,available,none,,placed_output,approach input slot
baseline_multi_box_run,baseline_multi_box_run_0082_MBOX-082,MBOX-082,3,PICK_TUBE,input_box_4,B4,output_A,category_A_output_box,D2,-316.000,-91.000,55.000,close,off,available,none,,placed_output,pick tube
baseline_multi_box_run,baseline_multi_box_run_0082_MBOX-082,MBOX-082,4,LIFT_TO_SAFE_Z,input_box_4,B4,output_A,category_A_output_box,D2,-316.000,-91.000,200.000,hold,off,available,none,,placed_output,lift picked tube
baseline_multi_box_run,baseline_multi_box_run_0082_MBOX-082,MBOX-082,5,MOVE_SAFE_ABOVE_SCAN,input_box_4,B4,output_A,category_A_output_box,D2,-140.000,60.000,200.000,hold,off,available,none,,placed_output,move above scan station
baseline_multi_box_run,baseline_multi_box_run_0082_MBOX-082,MBOX-082,6,APPROACH_SCAN_STATION,input_box_4,B4,output_A,category_A_output_box,D2,-140.000,60.000,75.000,hold,off,available,none,,placed_output,approach scan station
baseline_multi_box_run,baseline_multi_box_run_0082_MBOX-082,MBOX-082,7,SCAN_BARCODE,input_box_4,B4,output_A,category_A_output_box,D2,-140.000,60.000,75.000,hold,scan,available,none,,placed_output,scan and classify
baseline_multi_box_run,baseline_multi_box_run_0082_MBOX-082,MBOX-082,8,LIFT_TO_SAFE_Z_AFTER_SCAN,input_box_4,B4,output_A,category_A_output_box,D2,-140.000,60.000,200.000,hold,off,available,none,,placed_output,lift after scan
baseline_multi_box_run,baseline_multi_box_run_0082_MBOX-082,MBOX-082,9,MOVE_SAFE_ABOVE_TARGET,input_box_4,B4,output_A,category_A_output_box,D2,118.000,128.000,200.000,hold,off,available,none,,placed_output,move above target
baseline_multi_box_run,baseline_multi_box_run_0082_MBOX-082,MBOX-082,10,APPROACH_TARGET_SLOT,input_box_4,B4,output_A,category_A_output_box,D2,118.000,128.000,130.000,hold,off,available,none,,placed_output,approach target slot
baseline_multi_box_run,baseline_multi_box_run_0082_MBOX-082,MBOX-082,11,PLACE_TUBE,input_box_4,B4,output_A,category_A_output_box,D2,118.000,128.000,45.000,open,off,available,none,,placed_output,place tube
baseline_multi_box_run,baseline_multi_box_run_0082_MBOX-082,MBOX-082,12,RETREAT_TO_SAFE_Z,input_box_4,B4,output_A,category_A_output_box,D2,118.000,128.000,200.000,open,off,available,none,,placed_output,retreat after place
baseline_multi_box_run,baseline_multi_box_run_0083_MBOX-083,MBOX-083,1,MOVE_SAFE_ABOVE_INPUT,input_box_4,B5,output_B,category_B_output_box,D2,-288.000,-91.000,200.000,open,off,available,none,,placed_output,move to input safe height
baseline_multi_box_run,baseline_multi_box_run_0083_MBOX-083,MBOX-083,2,APPROACH_INPUT_SLOT,input_box_4,B5,output_B,category_B_output_box,D2,-288.000,-91.000,130.000,open,off,available,none,,placed_output,approach input slot
baseline_multi_box_run,baseline_multi_box_run_0083_MBOX-083,MBOX-083,3,PICK_TUBE,input_box_4,B5,output_B,category_B_output_box,D2,-288.000,-91.000,80.000,close,off,available,none,,placed_output,pick tube
baseline_multi_box_run,baseline_multi_box_run_0083_MBOX-083,MBOX-083,4,LIFT_TO_SAFE_Z,input_box_4,B5,output_B,category_B_output_box,D2,-288.000,-91.000,200.000,hold,off,available,none,,placed_output,lift picked tube
baseline_multi_box_run,baseline_multi_box_run_0083_MBOX-083,MBOX-083,5,MOVE_SAFE_ABOVE_SCAN,input_box_4,B5,output_B,category_B_output_box,D2,-140.000,60.000,200.000,hold,off,available,none,,placed_output,move above scan station
baseline_multi_box_run,baseline_multi_box_run_0083_MBOX-083,MBOX-083,6,APPROACH_SCAN_STATION,input_box_4,B5,output_B,category_B_output_box,D2,-140.000,60.000,75.000,hold,off,available,none,,placed_output,approach scan station
baseline_multi_box_run,baseline_multi_box_run_0083_MBOX-083,MBOX-083,7,SCAN_BARCODE,input_box_4,B5,output_B,category_B_output_box,D2,-140.000,60.000,75.000,hold,scan,available,none,,placed_output,scan and classify
baseline_multi_box_run,baseline_multi_box_run_0083_MBOX-083,MBOX-083,8,LIFT_TO_SAFE_Z_AFTER_SCAN,input_box_4,B5,output_B,category_B_output_box,D2,-140.000,60.000,200.000,hold,off,available,none,,placed_output,lift after scan
baseline_multi_box_run,baseline_multi_box_run_0083_MBOX-083,MBOX-083,9,MOVE_SAFE_ABOVE_TARGET,input_box_4,B5,output_B,category_B_output_box,D2,328.000,128.000,200.000,hold,off,available,none,,placed_output,move above target
baseline_multi_box_run,baseline_multi_box_run_0083_MBOX-083,MBOX-083,10,APPROACH_TARGET_SLOT,input_box_4,B5,output_B,category_B_output_box,D2,328.000,128.000,130.000,hold,off,available,none,,placed_output,approach target slot
baseline_multi_box_run,baseline_multi_box_run_0083_MBOX-083,MBOX-083,11,PLACE_TUBE,input_box_4,B5,output_B,category_B_output_box,D2,328.000,128.000,70.000,open,off,available,none,,placed_output,place tube
baseline_multi_box_run,baseline_multi_box_run_0083_MBOX-083,MBOX-083,12,RETREAT_TO_SAFE_Z,input_box_4,B5,output_B,category_B_output_box,D2,328.000,128.000,200.000,open,off,available,none,,placed_output,retreat after place
baseline_multi_box_run,baseline_multi_box_run_0084_MBOX-084,MBOX-084,1,MOVE_SAFE_ABOVE_INPUT,input_box_4,B6,output_C,category_C_output_box,D2,-260.000,-91.000,200.000,open,off,available,none,,placed_output,move to input safe height
baseline_multi_box_run,baseline_multi_box_run_0084_MBOX-084,MBOX-084,2,APPROACH_INPUT_SLOT,input_box_4,B6,output_C,category_C_output_box,D2,-260.000,-91.000,130.000,open,off,available,none,,placed_output,approach input slot
baseline_multi_box_run,baseline_multi_box_run_0084_MBOX-084,MBOX-084,3,PICK_TUBE,input_box_4,B6,output_C,category_C_output_box,D2,-260.000,-91.000,55.000,close,off,available,none,,placed_output,pick tube
baseline_multi_box_run,baseline_multi_box_run_0084_MBOX-084,MBOX-084,4,LIFT_TO_SAFE_Z,input_box_4,B6,output_C,category_C_output_box,D2,-260.000,-91.000,200.000,hold,off,available,none,,placed_output,lift picked tube
baseline_multi_box_run,baseline_multi_box_run_0084_MBOX-084,MBOX-084,5,MOVE_SAFE_ABOVE_SCAN,input_box_4,B6,output_C,category_C_output_box,D2,-140.000,60.000,200.000,hold,off,available,none,,placed_output,move above scan station
baseline_multi_box_run,baseline_multi_box_run_0084_MBOX-084,MBOX-084,6,APPROACH_SCAN_STATION,input_box_4,B6,output_C,category_C_output_box,D2,-140.000,60.000,75.000,hold,off,available,none,,placed_output,approach scan station
baseline_multi_box_run,baseline_multi_box_run_0084_MBOX-084,MBOX-084,7,SCAN_BARCODE,input_box_4,B6,output_C,category_C_output_box,D2,-140.000,60.000,75.000,hold,scan,available,none,,placed_output,scan and classify
baseline_multi_box_run,baseline_multi_box_run_0084_MBOX-084,MBOX-084,8,LIFT_TO_SAFE_Z_AFTER_SCAN,input_box_4,B6,output_C,category_C_output_box,D2,-140.000,60.000,200.000,hold,off,available,none,,placed_output,lift after scan
baseline_multi_box_run,baseline_multi_box_run_0084_MBOX-084,MBOX-084,9,MOVE_SAFE_ABOVE_TARGET,input_box_4,B6,output_C,category_C_output_box,D2,118.000,-82.000,200.000,hold,off,available,none,,placed_output,move above target
baseline_multi_box_run,baseline_multi_box_run_0084_MBOX-084,MBOX-084,10,APPROACH_TARGET_SLOT,input_box_4,B6,output_C,category_C_output_box,D2,118.000,-82.000,130.000,hold,off,available,none,,placed_output,approach target slot
baseline_multi_box_run,baseline_multi_box_run_0084_MBOX-084,MBOX-084,11,PLACE_TUBE,input_box_4,B6,output_C,category_C_output_box,D2,118.000,-82.000,45.000,open,off,available,none,,placed_output,place tube
baseline_multi_box_run,baseline_multi_box_run_0084_MBOX-084,MBOX-084,12,RETREAT_TO_SAFE_Z,input_box_4,B6,output_C,category_C_output_box,D2,118.000,-82.000,200.000,open,off,available,none,,placed_output,retreat after place
baseline_multi_box_run,baseline_multi_box_run_0085_MBOX-085,MBOX-085,1,MOVE_SAFE_ABOVE_INPUT,input_box_4,C1,output_D,category_D_output_box,D2,-400.000,-119.000,200.000,open,off,available,none,,placed_output,move to input safe height
baseline_multi_box_run,baseline_multi_box_run_0085_MBOX-085,MBOX-085,2,APPROACH_INPUT_SLOT,input_box_4,C1,output_D,category_D_output_box,D2,-400.000,-119.000,130.000,open,off,available,none,,placed_output,approach input slot
baseline_multi_box_run,baseline_multi_box_run_0085_MBOX-085,MBOX-085,3,PICK_TUBE,input_box_4,C1,output_D,category_D_output_box,D2,-400.000,-119.000,55.000,close,off,available,none,,placed_output,pick tube
baseline_multi_box_run,baseline_multi_box_run_0085_MBOX-085,MBOX-085,4,LIFT_TO_SAFE_Z,input_box_4,C1,output_D,category_D_output_box,D2,-400.000,-119.000,200.000,hold,off,available,none,,placed_output,lift picked tube
baseline_multi_box_run,baseline_multi_box_run_0085_MBOX-085,MBOX-085,5,MOVE_SAFE_ABOVE_SCAN,input_box_4,C1,output_D,category_D_output_box,D2,-140.000,60.000,200.000,hold,off,available,none,,placed_output,move above scan station
baseline_multi_box_run,baseline_multi_box_run_0085_MBOX-085,MBOX-085,6,APPROACH_SCAN_STATION,input_box_4,C1,output_D,category_D_output_box,D2,-140.000,60.000,75.000,hold,off,available,none,,placed_output,approach scan station
baseline_multi_box_run,baseline_multi_box_run_0085_MBOX-085,MBOX-085,7,SCAN_BARCODE,input_box_4,C1,output_D,category_D_output_box,D2,-140.000,60.000,75.000,hold,scan,available,none,,placed_output,scan and classify
baseline_multi_box_run,baseline_multi_box_run_0085_MBOX-085,MBOX-085,8,LIFT_TO_SAFE_Z_AFTER_SCAN,input_box_4,C1,output_D,category_D_output_box,D2,-140.000,60.000,200.000,hold,off,available,none,,placed_output,lift after scan
baseline_multi_box_run,baseline_multi_box_run_0085_MBOX-085,MBOX-085,9,MOVE_SAFE_ABOVE_TARGET,input_box_4,C1,output_D,category_D_output_box,D2,328.000,-82.000,200.000,hold,off,available,none,,placed_output,move above target
baseline_multi_box_run,baseline_multi_box_run_0085_MBOX-085,MBOX-085,10,APPROACH_TARGET_SLOT,input_box_4,C1,output_D,category_D_output_box,D2,328.000,-82.000,130.000,hold,off,available,none,,placed_output,approach target slot
baseline_multi_box_run,baseline_multi_box_run_0085_MBOX-085,MBOX-085,11,PLACE_TUBE,input_box_4,C1,output_D,category_D_output_box,D2,328.000,-82.000,45.000,open,off,available,none,,placed_output,place tube
baseline_multi_box_run,baseline_multi_box_run_0085_MBOX-085,MBOX-085,12,RETREAT_TO_SAFE_Z,input_box_4,C1,output_D,category_D_output_box,D2,328.000,-82.000,200.000,open,off,available,none,,placed_output,retreat after place
baseline_multi_box_run,baseline_multi_box_run_0086_MBOX-086,MBOX-086,1,MOVE_SAFE_ABOVE_INPUT,input_box_4,C2,output_A,category_A_output_box,D3,-372.000,-119.000,200.000,open,off,available,none,,placed_output,move to input safe height
baseline_multi_box_run,baseline_multi_box_run_0086_MBOX-086,MBOX-086,2,APPROACH_INPUT_SLOT,input_box_4,C2,output_A,category_A_output_box,D3,-372.000,-119.000,130.000,open,off,available,none,,placed_output,approach input slot
baseline_multi_box_run,baseline_multi_box_run_0086_MBOX-086,MBOX-086,3,PICK_TUBE,input_box_4,C2,output_A,category_A_output_box,D3,-372.000,-119.000,80.000,close,off,available,none,,placed_output,pick tube
baseline_multi_box_run,baseline_multi_box_run_0086_MBOX-086,MBOX-086,4,LIFT_TO_SAFE_Z,input_box_4,C2,output_A,category_A_output_box,D3,-372.000,-119.000,200.000,hold,off,available,none,,placed_output,lift picked tube
baseline_multi_box_run,baseline_multi_box_run_0086_MBOX-086,MBOX-086,5,MOVE_SAFE_ABOVE_SCAN,input_box_4,C2,output_A,category_A_output_box,D3,-140.000,60.000,200.000,hold,off,available,none,,placed_output,move above scan station
baseline_multi_box_run,baseline_multi_box_run_0086_MBOX-086,MBOX-086,6,APPROACH_SCAN_STATION,input_box_4,C2,output_A,category_A_output_box,D3,-140.000,60.000,75.000,hold,off,available,none,,placed_output,approach scan station
baseline_multi_box_run,baseline_multi_box_run_0086_MBOX-086,MBOX-086,7,SCAN_BARCODE,input_box_4,C2,output_A,category_A_output_box,D3,-140.000,60.000,75.000,hold,scan,available,none,,placed_output,scan and classify
baseline_multi_box_run,baseline_multi_box_run_0086_MBOX-086,MBOX-086,8,LIFT_TO_SAFE_Z_AFTER_SCAN,input_box_4,C2,output_A,category_A_output_box,D3,-140.000,60.000,200.000,hold,off,available,none,,placed_output,lift after scan
baseline_multi_box_run,baseline_multi_box_run_0086_MBOX-086,MBOX-086,9,MOVE_SAFE_ABOVE_TARGET,input_box_4,C2,output_A,category_A_output_box,D3,146.000,128.000,200.000,hold,off,available,none,,placed_output,move above target
baseline_multi_box_run,baseline_multi_box_run_0086_MBOX-086,MBOX-086,10,APPROACH_TARGET_SLOT,input_box_4,C2,output_A,category_A_output_box,D3,146.000,128.000,130.000,hold,off,available,none,,placed_output,approach target slot
baseline_multi_box_run,baseline_multi_box_run_0086_MBOX-086,MBOX-086,11,PLACE_TUBE,input_box_4,C2,output_A,category_A_output_box,D3,146.000,128.000,70.000,open,off,available,none,,placed_output,place tube
baseline_multi_box_run,baseline_multi_box_run_0086_MBOX-086,MBOX-086,12,RETREAT_TO_SAFE_Z,input_box_4,C2,output_A,category_A_output_box,D3,146.000,128.000,200.000,open,off,available,none,,placed_output,retreat after place
baseline_multi_box_run,baseline_multi_box_run_0087_MBOX-087,MBOX-087,1,MOVE_SAFE_ABOVE_INPUT,input_box_4,C3,output_B,category_B_output_box,D3,-344.000,-119.000,200.000,open,off,available,none,,placed_output,move to input safe height
baseline_multi_box_run,baseline_multi_box_run_0087_MBOX-087,MBOX-087,2,APPROACH_INPUT_SLOT,input_box_4,C3,output_B,category_B_output_box,D3,-344.000,-119.000,130.000,open,off,available,none,,placed_output,approach input slot
baseline_multi_box_run,baseline_multi_box_run_0087_MBOX-087,MBOX-087,3,PICK_TUBE,input_box_4,C3,output_B,category_B_output_box,D3,-344.000,-119.000,55.000,close,off,available,none,,placed_output,pick tube
baseline_multi_box_run,baseline_multi_box_run_0087_MBOX-087,MBOX-087,4,LIFT_TO_SAFE_Z,input_box_4,C3,output_B,category_B_output_box,D3,-344.000,-119.000,200.000,hold,off,available,none,,placed_output,lift picked tube
baseline_multi_box_run,baseline_multi_box_run_0087_MBOX-087,MBOX-087,5,MOVE_SAFE_ABOVE_SCAN,input_box_4,C3,output_B,category_B_output_box,D3,-140.000,60.000,200.000,hold,off,available,none,,placed_output,move above scan station
baseline_multi_box_run,baseline_multi_box_run_0087_MBOX-087,MBOX-087,6,APPROACH_SCAN_STATION,input_box_4,C3,output_B,category_B_output_box,D3,-140.000,60.000,75.000,hold,off,available,none,,placed_output,approach scan station
baseline_multi_box_run,baseline_multi_box_run_0087_MBOX-087,MBOX-087,7,SCAN_BARCODE,input_box_4,C3,output_B,category_B_output_box,D3,-140.000,60.000,75.000,hold,scan,available,none,,placed_output,scan and classify
baseline_multi_box_run,baseline_multi_box_run_0087_MBOX-087,MBOX-087,8,LIFT_TO_SAFE_Z_AFTER_SCAN,input_box_4,C3,output_B,category_B_output_box,D3,-140.000,60.000,200.000,hold,off,available,none,,placed_output,lift after scan
baseline_multi_box_run,baseline_multi_box_run_0087_MBOX-087,MBOX-087,9,MOVE_SAFE_ABOVE_TARGET,input_box_4,C3,output_B,category_B_output_box,D3,356.000,128.000,200.000,hold,off,available,none,,placed_output,move above target
baseline_multi_box_run,baseline_multi_box_run_0087_MBOX-087,MBOX-087,10,APPROACH_TARGET_SLOT,input_box_4,C3,output_B,category_B_output_box,D3,356.000,128.000,130.000,hold,off,available,none,,placed_output,approach target slot
baseline_multi_box_run,baseline_multi_box_run_0087_MBOX-087,MBOX-087,11,PLACE_TUBE,input_box_4,C3,output_B,category_B_output_box,D3,356.000,128.000,45.000,open,off,available,none,,placed_output,place tube
baseline_multi_box_run,baseline_multi_box_run_0087_MBOX-087,MBOX-087,12,RETREAT_TO_SAFE_Z,input_box_4,C3,output_B,category_B_output_box,D3,356.000,128.000,200.000,open,off,available,none,,placed_output,retreat after place
baseline_multi_box_run,baseline_multi_box_run_0088_MBOX-088,MBOX-088,1,MOVE_SAFE_ABOVE_INPUT,input_box_4,C4,output_C,category_C_output_box,D3,-316.000,-119.000,200.000,open,off,available,none,,placed_output,move to input safe height
baseline_multi_box_run,baseline_multi_box_run_0088_MBOX-088,MBOX-088,2,APPROACH_INPUT_SLOT,input_box_4,C4,output_C,category_C_output_box,D3,-316.000,-119.000,130.000,open,off,available,none,,placed_output,approach input slot
baseline_multi_box_run,baseline_multi_box_run_0088_MBOX-088,MBOX-088,3,PICK_TUBE,input_box_4,C4,output_C,category_C_output_box,D3,-316.000,-119.000,55.000,close,off,available,none,,placed_output,pick tube
baseline_multi_box_run,baseline_multi_box_run_0088_MBOX-088,MBOX-088,4,LIFT_TO_SAFE_Z,input_box_4,C4,output_C,category_C_output_box,D3,-316.000,-119.000,200.000,hold,off,available,none,,placed_output,lift picked tube
baseline_multi_box_run,baseline_multi_box_run_0088_MBOX-088,MBOX-088,5,MOVE_SAFE_ABOVE_SCAN,input_box_4,C4,output_C,category_C_output_box,D3,-140.000,60.000,200.000,hold,off,available,none,,placed_output,move above scan station
baseline_multi_box_run,baseline_multi_box_run_0088_MBOX-088,MBOX-088,6,APPROACH_SCAN_STATION,input_box_4,C4,output_C,category_C_output_box,D3,-140.000,60.000,75.000,hold,off,available,none,,placed_output,approach scan station
baseline_multi_box_run,baseline_multi_box_run_0088_MBOX-088,MBOX-088,7,SCAN_BARCODE,input_box_4,C4,output_C,category_C_output_box,D3,-140.000,60.000,75.000,hold,scan,available,none,,placed_output,scan and classify
baseline_multi_box_run,baseline_multi_box_run_0088_MBOX-088,MBOX-088,8,LIFT_TO_SAFE_Z_AFTER_SCAN,input_box_4,C4,output_C,category_C_output_box,D3,-140.000,60.000,200.000,hold,off,available,none,,placed_output,lift after scan
baseline_multi_box_run,baseline_multi_box_run_0088_MBOX-088,MBOX-088,9,MOVE_SAFE_ABOVE_TARGET,input_box_4,C4,output_C,category_C_output_box,D3,146.000,-82.000,200.000,hold,off,available,none,,placed_output,move above target
baseline_multi_box_run,baseline_multi_box_run_0088_MBOX-088,MBOX-088,10,APPROACH_TARGET_SLOT,input_box_4,C4,output_C,category_C_output_box,D3,146.000,-82.000,130.000,hold,off,available,none,,placed_output,approach target slot
baseline_multi_box_run,baseline_multi_box_run_0088_MBOX-088,MBOX-088,11,PLACE_TUBE,input_box_4,C4,output_C,category_C_output_box,D3,146.000,-82.000,45.000,open,off,available,none,,placed_output,place tube
baseline_multi_box_run,baseline_multi_box_run_0088_MBOX-088,MBOX-088,12,RETREAT_TO_SAFE_Z,input_box_4,C4,output_C,category_C_output_box,D3,146.000,-82.000,200.000,open,off,available,none,,placed_output,retreat after place
baseline_multi_box_run,baseline_multi_box_run_0089_MBOX-089,MBOX-089,1,MOVE_SAFE_ABOVE_INPUT,input_box_4,C5,output_D,category_D_output_box,D3,-288.000,-119.000,200.000,open,off,available,none,,placed_output,move to input safe height
baseline_multi_box_run,baseline_multi_box_run_0089_MBOX-089,MBOX-089,2,APPROACH_INPUT_SLOT,input_box_4,C5,output_D,category_D_output_box,D3,-288.000,-119.000,130.000,open,off,available,none,,placed_output,approach input slot
baseline_multi_box_run,baseline_multi_box_run_0089_MBOX-089,MBOX-089,3,PICK_TUBE,input_box_4,C5,output_D,category_D_output_box,D3,-288.000,-119.000,80.000,close,off,available,none,,placed_output,pick tube
baseline_multi_box_run,baseline_multi_box_run_0089_MBOX-089,MBOX-089,4,LIFT_TO_SAFE_Z,input_box_4,C5,output_D,category_D_output_box,D3,-288.000,-119.000,200.000,hold,off,available,none,,placed_output,lift picked tube
baseline_multi_box_run,baseline_multi_box_run_0089_MBOX-089,MBOX-089,5,MOVE_SAFE_ABOVE_SCAN,input_box_4,C5,output_D,category_D_output_box,D3,-140.000,60.000,200.000,hold,off,available,none,,placed_output,move above scan station
baseline_multi_box_run,baseline_multi_box_run_0089_MBOX-089,MBOX-089,6,APPROACH_SCAN_STATION,input_box_4,C5,output_D,category_D_output_box,D3,-140.000,60.000,75.000,hold,off,available,none,,placed_output,approach scan station
baseline_multi_box_run,baseline_multi_box_run_0089_MBOX-089,MBOX-089,7,SCAN_BARCODE,input_box_4,C5,output_D,category_D_output_box,D3,-140.000,60.000,75.000,hold,scan,available,none,,placed_output,scan and classify
baseline_multi_box_run,baseline_multi_box_run_0089_MBOX-089,MBOX-089,8,LIFT_TO_SAFE_Z_AFTER_SCAN,input_box_4,C5,output_D,category_D_output_box,D3,-140.000,60.000,200.000,hold,off,available,none,,placed_output,lift after scan
baseline_multi_box_run,baseline_multi_box_run_0089_MBOX-089,MBOX-089,9,MOVE_SAFE_ABOVE_TARGET,input_box_4,C5,output_D,category_D_output_box,D3,356.000,-82.000,200.000,hold,off,available,none,,placed_output,move above target
baseline_multi_box_run,baseline_multi_box_run_0089_MBOX-089,MBOX-089,10,APPROACH_TARGET_SLOT,input_box_4,C5,output_D,category_D_output_box,D3,356.000,-82.000,130.000,hold,off,available,none,,placed_output,approach target slot
baseline_multi_box_run,baseline_multi_box_run_0089_MBOX-089,MBOX-089,11,PLACE_TUBE,input_box_4,C5,output_D,category_D_output_box,D3,356.000,-82.000,70.000,open,off,available,none,,placed_output,place tube
baseline_multi_box_run,baseline_multi_box_run_0089_MBOX-089,MBOX-089,12,RETREAT_TO_SAFE_Z,input_box_4,C5,output_D,category_D_output_box,D3,356.000,-82.000,200.000,open,off,available,none,,placed_output,retreat after place
baseline_multi_box_run,baseline_multi_box_run_0090_MBOX-090,MBOX-090,1,MOVE_SAFE_ABOVE_INPUT,input_box_4,C6,output_A,category_A_output_box,D4,-260.000,-119.000,200.000,open,off,available,none,,placed_output,move to input safe height
baseline_multi_box_run,baseline_multi_box_run_0090_MBOX-090,MBOX-090,2,APPROACH_INPUT_SLOT,input_box_4,C6,output_A,category_A_output_box,D4,-260.000,-119.000,130.000,open,off,available,none,,placed_output,approach input slot
baseline_multi_box_run,baseline_multi_box_run_0090_MBOX-090,MBOX-090,3,PICK_TUBE,input_box_4,C6,output_A,category_A_output_box,D4,-260.000,-119.000,55.000,close,off,available,none,,placed_output,pick tube
baseline_multi_box_run,baseline_multi_box_run_0090_MBOX-090,MBOX-090,4,LIFT_TO_SAFE_Z,input_box_4,C6,output_A,category_A_output_box,D4,-260.000,-119.000,200.000,hold,off,available,none,,placed_output,lift picked tube
baseline_multi_box_run,baseline_multi_box_run_0090_MBOX-090,MBOX-090,5,MOVE_SAFE_ABOVE_SCAN,input_box_4,C6,output_A,category_A_output_box,D4,-140.000,60.000,200.000,hold,off,available,none,,placed_output,move above scan station
baseline_multi_box_run,baseline_multi_box_run_0090_MBOX-090,MBOX-090,6,APPROACH_SCAN_STATION,input_box_4,C6,output_A,category_A_output_box,D4,-140.000,60.000,75.000,hold,off,available,none,,placed_output,approach scan station
baseline_multi_box_run,baseline_multi_box_run_0090_MBOX-090,MBOX-090,7,SCAN_BARCODE,input_box_4,C6,output_A,category_A_output_box,D4,-140.000,60.000,75.000,hold,scan,available,none,,placed_output,scan and classify
baseline_multi_box_run,baseline_multi_box_run_0090_MBOX-090,MBOX-090,8,LIFT_TO_SAFE_Z_AFTER_SCAN,input_box_4,C6,output_A,category_A_output_box,D4,-140.000,60.000,200.000,hold,off,available,none,,placed_output,lift after scan
baseline_multi_box_run,baseline_multi_box_run_0090_MBOX-090,MBOX-090,9,MOVE_SAFE_ABOVE_TARGET,input_box_4,C6,output_A,category_A_output_box,D4,174.000,128.000,200.000,hold,off,available,none,,placed_output,move above target
baseline_multi_box_run,baseline_multi_box_run_0090_MBOX-090,MBOX-090,10,APPROACH_TARGET_SLOT,input_box_4,C6,output_A,category_A_output_box,D4,174.000,128.000,130.000,hold,off,available,none,,placed_output,approach target slot
baseline_multi_box_run,baseline_multi_box_run_0090_MBOX-090,MBOX-090,11,PLACE_TUBE,input_box_4,C6,output_A,category_A_output_box,D4,174.000,128.000,45.000,open,off,available,none,,placed_output,place tube
baseline_multi_box_run,baseline_multi_box_run_0090_MBOX-090,MBOX-090,12,RETREAT_TO_SAFE_Z,input_box_4,C6,output_A,category_A_output_box,D4,174.000,128.000,200.000,open,off,available,none,,placed_output,retreat after place
baseline_multi_box_run,baseline_multi_box_run_0091_MBOX-091,MBOX-091,1,MOVE_SAFE_ABOVE_INPUT,input_box_4,D1,manual_review,manual_review_bin,B3,-400.000,-147.000,200.000,open,off,not_applicable,none,,placed_manual_review,move to input safe height
baseline_multi_box_run,baseline_multi_box_run_0091_MBOX-091,MBOX-091,2,APPROACH_INPUT_SLOT,input_box_4,D1,manual_review,manual_review_bin,B3,-400.000,-147.000,130.000,open,off,not_applicable,none,,placed_manual_review,approach input slot
baseline_multi_box_run,baseline_multi_box_run_0091_MBOX-091,MBOX-091,3,PICK_TUBE,input_box_4,D1,manual_review,manual_review_bin,B3,-400.000,-147.000,55.000,close,off,not_applicable,none,,placed_manual_review,pick tube
baseline_multi_box_run,baseline_multi_box_run_0091_MBOX-091,MBOX-091,4,LIFT_TO_SAFE_Z,input_box_4,D1,manual_review,manual_review_bin,B3,-400.000,-147.000,200.000,hold,off,not_applicable,none,,placed_manual_review,lift picked tube
baseline_multi_box_run,baseline_multi_box_run_0091_MBOX-091,MBOX-091,5,MOVE_SAFE_ABOVE_SCAN,input_box_4,D1,manual_review,manual_review_bin,B3,-140.000,60.000,200.000,hold,off,not_applicable,none,,placed_manual_review,move above scan station
baseline_multi_box_run,baseline_multi_box_run_0091_MBOX-091,MBOX-091,6,APPROACH_SCAN_STATION,input_box_4,D1,manual_review,manual_review_bin,B3,-140.000,60.000,75.000,hold,off,not_applicable,none,,placed_manual_review,approach scan station
baseline_multi_box_run,baseline_multi_box_run_0091_MBOX-091,MBOX-091,7,SCAN_BARCODE,input_box_4,D1,manual_review,manual_review_bin,B3,-140.000,60.000,75.000,hold,scan,not_applicable,none,,placed_manual_review,scan and classify
baseline_multi_box_run,baseline_multi_box_run_0091_MBOX-091,MBOX-091,8,LIFT_TO_SAFE_Z_AFTER_SCAN,input_box_4,D1,manual_review,manual_review_bin,B3,-140.000,60.000,200.000,hold,off,not_applicable,none,,placed_manual_review,lift after scan
baseline_multi_box_run,baseline_multi_box_run_0091_MBOX-091,MBOX-091,9,MOVE_SAFE_ABOVE_TARGET,input_box_4,D1,manual_review,manual_review_bin,B3,-152.000,-314.000,200.000,hold,off,not_applicable,none,,placed_manual_review,move above target
baseline_multi_box_run,baseline_multi_box_run_0091_MBOX-091,MBOX-091,10,APPROACH_TARGET_SLOT,input_box_4,D1,manual_review,manual_review_bin,B3,-152.000,-314.000,130.000,hold,off,not_applicable,none,,placed_manual_review,approach target slot
baseline_multi_box_run,baseline_multi_box_run_0091_MBOX-091,MBOX-091,11,PLACE_TUBE,input_box_4,D1,manual_review,manual_review_bin,B3,-152.000,-314.000,45.000,open,off,not_applicable,none,,placed_manual_review,place tube
baseline_multi_box_run,baseline_multi_box_run_0091_MBOX-091,MBOX-091,12,RETREAT_TO_SAFE_Z,input_box_4,D1,manual_review,manual_review_bin,B3,-152.000,-314.000,200.000,open,off,not_applicable,none,,placed_manual_review,retreat after place
baseline_multi_box_run,baseline_multi_box_run_0092_MBOX-092,MBOX-092,1,MOVE_SAFE_ABOVE_INPUT,input_box_4,D2,output_B,category_B_output_box,D4,-372.000,-147.000,200.000,open,off,available,none,,placed_output,move to input safe height
baseline_multi_box_run,baseline_multi_box_run_0092_MBOX-092,MBOX-092,2,APPROACH_INPUT_SLOT,input_box_4,D2,output_B,category_B_output_box,D4,-372.000,-147.000,130.000,open,off,available,none,,placed_output,approach input slot
baseline_multi_box_run,baseline_multi_box_run_0092_MBOX-092,MBOX-092,3,PICK_TUBE,input_box_4,D2,output_B,category_B_output_box,D4,-372.000,-147.000,80.000,close,off,available,none,,placed_output,pick tube
baseline_multi_box_run,baseline_multi_box_run_0092_MBOX-092,MBOX-092,4,LIFT_TO_SAFE_Z,input_box_4,D2,output_B,category_B_output_box,D4,-372.000,-147.000,200.000,hold,off,available,none,,placed_output,lift picked tube
baseline_multi_box_run,baseline_multi_box_run_0092_MBOX-092,MBOX-092,5,MOVE_SAFE_ABOVE_SCAN,input_box_4,D2,output_B,category_B_output_box,D4,-140.000,60.000,200.000,hold,off,available,none,,placed_output,move above scan station
baseline_multi_box_run,baseline_multi_box_run_0092_MBOX-092,MBOX-092,6,APPROACH_SCAN_STATION,input_box_4,D2,output_B,category_B_output_box,D4,-140.000,60.000,75.000,hold,off,available,none,,placed_output,approach scan station
baseline_multi_box_run,baseline_multi_box_run_0092_MBOX-092,MBOX-092,7,SCAN_BARCODE,input_box_4,D2,output_B,category_B_output_box,D4,-140.000,60.000,75.000,hold,scan,available,none,,placed_output,scan and classify
baseline_multi_box_run,baseline_multi_box_run_0092_MBOX-092,MBOX-092,8,LIFT_TO_SAFE_Z_AFTER_SCAN,input_box_4,D2,output_B,category_B_output_box,D4,-140.000,60.000,200.000,hold,off,available,none,,placed_output,lift after scan
baseline_multi_box_run,baseline_multi_box_run_0092_MBOX-092,MBOX-092,9,MOVE_SAFE_ABOVE_TARGET,input_box_4,D2,output_B,category_B_output_box,D4,384.000,128.000,200.000,hold,off,available,none,,placed_output,move above target
baseline_multi_box_run,baseline_multi_box_run_0092_MBOX-092,MBOX-092,10,APPROACH_TARGET_SLOT,input_box_4,D2,output_B,category_B_output_box,D4,384.000,128.000,130.000,hold,off,available,none,,placed_output,approach target slot
baseline_multi_box_run,baseline_multi_box_run_0092_MBOX-092,MBOX-092,11,PLACE_TUBE,input_box_4,D2,output_B,category_B_output_box,D4,384.000,128.000,70.000,open,off,available,none,,placed_output,place tube
baseline_multi_box_run,baseline_multi_box_run_0092_MBOX-092,MBOX-092,12,RETREAT_TO_SAFE_Z,input_box_4,D2,output_B,category_B_output_box,D4,384.000,128.000,200.000,open,off,available,none,,placed_output,retreat after place
baseline_multi_box_run,baseline_multi_box_run_0093_MBOX-093,MBOX-093,1,MOVE_SAFE_ABOVE_INPUT,input_box_4,D3,output_C,category_C_output_box,D4,-344.000,-147.000,200.000,open,off,available,none,,placed_output,move to input safe height
baseline_multi_box_run,baseline_multi_box_run_0093_MBOX-093,MBOX-093,2,APPROACH_INPUT_SLOT,input_box_4,D3,output_C,category_C_output_box,D4,-344.000,-147.000,130.000,open,off,available,none,,placed_output,approach input slot
baseline_multi_box_run,baseline_multi_box_run_0093_MBOX-093,MBOX-093,3,PICK_TUBE,input_box_4,D3,output_C,category_C_output_box,D4,-344.000,-147.000,55.000,close,off,available,none,,placed_output,pick tube
baseline_multi_box_run,baseline_multi_box_run_0093_MBOX-093,MBOX-093,4,LIFT_TO_SAFE_Z,input_box_4,D3,output_C,category_C_output_box,D4,-344.000,-147.000,200.000,hold,off,available,none,,placed_output,lift picked tube
baseline_multi_box_run,baseline_multi_box_run_0093_MBOX-093,MBOX-093,5,MOVE_SAFE_ABOVE_SCAN,input_box_4,D3,output_C,category_C_output_box,D4,-140.000,60.000,200.000,hold,off,available,none,,placed_output,move above scan station
baseline_multi_box_run,baseline_multi_box_run_0093_MBOX-093,MBOX-093,6,APPROACH_SCAN_STATION,input_box_4,D3,output_C,category_C_output_box,D4,-140.000,60.000,75.000,hold,off,available,none,,placed_output,approach scan station
baseline_multi_box_run,baseline_multi_box_run_0093_MBOX-093,MBOX-093,7,SCAN_BARCODE,input_box_4,D3,output_C,category_C_output_box,D4,-140.000,60.000,75.000,hold,scan,available,none,,placed_output,scan and classify
baseline_multi_box_run,baseline_multi_box_run_0093_MBOX-093,MBOX-093,8,LIFT_TO_SAFE_Z_AFTER_SCAN,input_box_4,D3,output_C,category_C_output_box,D4,-140.000,60.000,200.000,hold,off,available,none,,placed_output,lift after scan
baseline_multi_box_run,baseline_multi_box_run_0093_MBOX-093,MBOX-093,9,MOVE_SAFE_ABOVE_TARGET,input_box_4,D3,output_C,category_C_output_box,D4,174.000,-82.000,200.000,hold,off,available,none,,placed_output,move above target
baseline_multi_box_run,baseline_multi_box_run_0093_MBOX-093,MBOX-093,10,APPROACH_TARGET_SLOT,input_box_4,D3,output_C,category_C_output_box,D4,174.000,-82.000,130.000,hold,off,available,none,,placed_output,approach target slot
baseline_multi_box_run,baseline_multi_box_run_0093_MBOX-093,MBOX-093,11,PLACE_TUBE,input_box_4,D3,output_C,category_C_output_box,D4,174.000,-82.000,45.000,open,off,available,none,,placed_output,place tube
baseline_multi_box_run,baseline_multi_box_run_0093_MBOX-093,MBOX-093,12,RETREAT_TO_SAFE_Z,input_box_4,D3,output_C,category_C_output_box,D4,174.000,-82.000,200.000,open,off,available,none,,placed_output,retreat after place
baseline_multi_box_run,baseline_multi_box_run_0094_MBOX-094,MBOX-094,1,MOVE_SAFE_ABOVE_INPUT,input_box_4,D4,output_D,category_D_output_box,D4,-316.000,-147.000,200.000,open,off,available,none,,placed_output,move to input safe height
baseline_multi_box_run,baseline_multi_box_run_0094_MBOX-094,MBOX-094,2,APPROACH_INPUT_SLOT,input_box_4,D4,output_D,category_D_output_box,D4,-316.000,-147.000,130.000,open,off,available,none,,placed_output,approach input slot
baseline_multi_box_run,baseline_multi_box_run_0094_MBOX-094,MBOX-094,3,PICK_TUBE,input_box_4,D4,output_D,category_D_output_box,D4,-316.000,-147.000,55.000,close,off,available,none,,placed_output,pick tube
baseline_multi_box_run,baseline_multi_box_run_0094_MBOX-094,MBOX-094,4,LIFT_TO_SAFE_Z,input_box_4,D4,output_D,category_D_output_box,D4,-316.000,-147.000,200.000,hold,off,available,none,,placed_output,lift picked tube
baseline_multi_box_run,baseline_multi_box_run_0094_MBOX-094,MBOX-094,5,MOVE_SAFE_ABOVE_SCAN,input_box_4,D4,output_D,category_D_output_box,D4,-140.000,60.000,200.000,hold,off,available,none,,placed_output,move above scan station
baseline_multi_box_run,baseline_multi_box_run_0094_MBOX-094,MBOX-094,6,APPROACH_SCAN_STATION,input_box_4,D4,output_D,category_D_output_box,D4,-140.000,60.000,75.000,hold,off,available,none,,placed_output,approach scan station
baseline_multi_box_run,baseline_multi_box_run_0094_MBOX-094,MBOX-094,7,SCAN_BARCODE,input_box_4,D4,output_D,category_D_output_box,D4,-140.000,60.000,75.000,hold,scan,available,none,,placed_output,scan and classify
baseline_multi_box_run,baseline_multi_box_run_0094_MBOX-094,MBOX-094,8,LIFT_TO_SAFE_Z_AFTER_SCAN,input_box_4,D4,output_D,category_D_output_box,D4,-140.000,60.000,200.000,hold,off,available,none,,placed_output,lift after scan
baseline_multi_box_run,baseline_multi_box_run_0094_MBOX-094,MBOX-094,9,MOVE_SAFE_ABOVE_TARGET,input_box_4,D4,output_D,category_D_output_box,D4,384.000,-82.000,200.000,hold,off,available,none,,placed_output,move above target
baseline_multi_box_run,baseline_multi_box_run_0094_MBOX-094,MBOX-094,10,APPROACH_TARGET_SLOT,input_box_4,D4,output_D,category_D_output_box,D4,384.000,-82.000,130.000,hold,off,available,none,,placed_output,approach target slot
baseline_multi_box_run,baseline_multi_box_run_0094_MBOX-094,MBOX-094,11,PLACE_TUBE,input_box_4,D4,output_D,category_D_output_box,D4,384.000,-82.000,45.000,open,off,available,none,,placed_output,place tube
baseline_multi_box_run,baseline_multi_box_run_0094_MBOX-094,MBOX-094,12,RETREAT_TO_SAFE_Z,input_box_4,D4,output_D,category_D_output_box,D4,384.000,-82.000,200.000,open,off,available,none,,placed_output,retreat after place
baseline_multi_box_run,baseline_multi_box_run_0095_MBOX-095,MBOX-095,1,MOVE_SAFE_ABOVE_INPUT,input_box_4,D5,output_A,category_A_output_box,D5,-288.000,-147.000,200.000,open,off,available,none,,placed_output,move to input safe height
baseline_multi_box_run,baseline_multi_box_run_0095_MBOX-095,MBOX-095,2,APPROACH_INPUT_SLOT,input_box_4,D5,output_A,category_A_output_box,D5,-288.000,-147.000,130.000,open,off,available,none,,placed_output,approach input slot
baseline_multi_box_run,baseline_multi_box_run_0095_MBOX-095,MBOX-095,3,PICK_TUBE,input_box_4,D5,output_A,category_A_output_box,D5,-288.000,-147.000,80.000,close,off,available,none,,placed_output,pick tube
baseline_multi_box_run,baseline_multi_box_run_0095_MBOX-095,MBOX-095,4,LIFT_TO_SAFE_Z,input_box_4,D5,output_A,category_A_output_box,D5,-288.000,-147.000,200.000,hold,off,available,none,,placed_output,lift picked tube
baseline_multi_box_run,baseline_multi_box_run_0095_MBOX-095,MBOX-095,5,MOVE_SAFE_ABOVE_SCAN,input_box_4,D5,output_A,category_A_output_box,D5,-140.000,60.000,200.000,hold,off,available,none,,placed_output,move above scan station
baseline_multi_box_run,baseline_multi_box_run_0095_MBOX-095,MBOX-095,6,APPROACH_SCAN_STATION,input_box_4,D5,output_A,category_A_output_box,D5,-140.000,60.000,75.000,hold,off,available,none,,placed_output,approach scan station
baseline_multi_box_run,baseline_multi_box_run_0095_MBOX-095,MBOX-095,7,SCAN_BARCODE,input_box_4,D5,output_A,category_A_output_box,D5,-140.000,60.000,75.000,hold,scan,available,none,,placed_output,scan and classify
baseline_multi_box_run,baseline_multi_box_run_0095_MBOX-095,MBOX-095,8,LIFT_TO_SAFE_Z_AFTER_SCAN,input_box_4,D5,output_A,category_A_output_box,D5,-140.000,60.000,200.000,hold,off,available,none,,placed_output,lift after scan
baseline_multi_box_run,baseline_multi_box_run_0095_MBOX-095,MBOX-095,9,MOVE_SAFE_ABOVE_TARGET,input_box_4,D5,output_A,category_A_output_box,D5,202.000,128.000,200.000,hold,off,available,none,,placed_output,move above target
baseline_multi_box_run,baseline_multi_box_run_0095_MBOX-095,MBOX-095,10,APPROACH_TARGET_SLOT,input_box_4,D5,output_A,category_A_output_box,D5,202.000,128.000,130.000,hold,off,available,none,,placed_output,approach target slot
baseline_multi_box_run,baseline_multi_box_run_0095_MBOX-095,MBOX-095,11,PLACE_TUBE,input_box_4,D5,output_A,category_A_output_box,D5,202.000,128.000,70.000,open,off,available,none,,placed_output,place tube
baseline_multi_box_run,baseline_multi_box_run_0095_MBOX-095,MBOX-095,12,RETREAT_TO_SAFE_Z,input_box_4,D5,output_A,category_A_output_box,D5,202.000,128.000,200.000,open,off,available,none,,placed_output,retreat after place
baseline_multi_box_run,baseline_multi_box_run_0096_MBOX-096,MBOX-096,1,MOVE_SAFE_ABOVE_INPUT,input_box_4,D6,output_B,category_B_output_box,D5,-260.000,-147.000,200.000,open,off,available,none,,placed_output,move to input safe height
baseline_multi_box_run,baseline_multi_box_run_0096_MBOX-096,MBOX-096,2,APPROACH_INPUT_SLOT,input_box_4,D6,output_B,category_B_output_box,D5,-260.000,-147.000,130.000,open,off,available,none,,placed_output,approach input slot
baseline_multi_box_run,baseline_multi_box_run_0096_MBOX-096,MBOX-096,3,PICK_TUBE,input_box_4,D6,output_B,category_B_output_box,D5,-260.000,-147.000,55.000,close,off,available,none,,placed_output,pick tube
baseline_multi_box_run,baseline_multi_box_run_0096_MBOX-096,MBOX-096,4,LIFT_TO_SAFE_Z,input_box_4,D6,output_B,category_B_output_box,D5,-260.000,-147.000,200.000,hold,off,available,none,,placed_output,lift picked tube
baseline_multi_box_run,baseline_multi_box_run_0096_MBOX-096,MBOX-096,5,MOVE_SAFE_ABOVE_SCAN,input_box_4,D6,output_B,category_B_output_box,D5,-140.000,60.000,200.000,hold,off,available,none,,placed_output,move above scan station
baseline_multi_box_run,baseline_multi_box_run_0096_MBOX-096,MBOX-096,6,APPROACH_SCAN_STATION,input_box_4,D6,output_B,category_B_output_box,D5,-140.000,60.000,75.000,hold,off,available,none,,placed_output,approach scan station
baseline_multi_box_run,baseline_multi_box_run_0096_MBOX-096,MBOX-096,7,SCAN_BARCODE,input_box_4,D6,output_B,category_B_output_box,D5,-140.000,60.000,75.000,hold,scan,available,none,,placed_output,scan and classify
baseline_multi_box_run,baseline_multi_box_run_0096_MBOX-096,MBOX-096,8,LIFT_TO_SAFE_Z_AFTER_SCAN,input_box_4,D6,output_B,category_B_output_box,D5,-140.000,60.000,200.000,hold,off,available,none,,placed_output,lift after scan
baseline_multi_box_run,baseline_multi_box_run_0096_MBOX-096,MBOX-096,9,MOVE_SAFE_ABOVE_TARGET,input_box_4,D6,output_B,category_B_output_box,D5,412.000,128.000,200.000,hold,off,available,none,,placed_output,move above target
baseline_multi_box_run,baseline_multi_box_run_0096_MBOX-096,MBOX-096,10,APPROACH_TARGET_SLOT,input_box_4,D6,output_B,category_B_output_box,D5,412.000,128.000,130.000,hold,off,available,none,,placed_output,approach target slot
baseline_multi_box_run,baseline_multi_box_run_0096_MBOX-096,MBOX-096,11,PLACE_TUBE,input_box_4,D6,output_B,category_B_output_box,D5,412.000,128.000,45.000,open,off,available,none,,placed_output,place tube
baseline_multi_box_run,baseline_multi_box_run_0096_MBOX-096,MBOX-096,12,RETREAT_TO_SAFE_Z,input_box_4,D6,output_B,category_B_output_box,D5,412.000,128.000,200.000,open,off,available,none,,placed_output,retreat after place
forced_category_A_full,forced_category_A_full_0001_MBOX-001,MBOX-001,1,MOVE_SAFE_ABOVE_INPUT,input_box_1,A1,output_A,category_A_output_box,A1,-400.000,327.000,200.000,open,off,available,none,,placed_output,move to input safe height
forced_category_A_full,forced_category_A_full_0001_MBOX-001,MBOX-001,2,APPROACH_INPUT_SLOT,input_box_1,A1,output_A,category_A_output_box,A1,-400.000,327.000,130.000,open,off,available,none,,placed_output,approach input slot
forced_category_A_full,forced_category_A_full_0001_MBOX-001,MBOX-001,3,PICK_TUBE,input_box_1,A1,output_A,category_A_output_box,A1,-400.000,327.000,55.000,close,off,available,none,,placed_output,pick tube
forced_category_A_full,forced_category_A_full_0001_MBOX-001,MBOX-001,4,LIFT_TO_SAFE_Z,input_box_1,A1,output_A,category_A_output_box,A1,-400.000,327.000,200.000,hold,off,available,none,,placed_output,lift picked tube
forced_category_A_full,forced_category_A_full_0001_MBOX-001,MBOX-001,5,MOVE_SAFE_ABOVE_SCAN,input_box_1,A1,output_A,category_A_output_box,A1,-140.000,60.000,200.000,hold,off,available,none,,placed_output,move above scan station
forced_category_A_full,forced_category_A_full_0001_MBOX-001,MBOX-001,6,APPROACH_SCAN_STATION,input_box_1,A1,output_A,category_A_output_box,A1,-140.000,60.000,75.000,hold,off,available,none,,placed_output,approach scan station
forced_category_A_full,forced_category_A_full_0001_MBOX-001,MBOX-001,7,SCAN_BARCODE,input_box_1,A1,output_A,category_A_output_box,A1,-140.000,60.000,75.000,hold,scan,available,none,,placed_output,scan and classify
forced_category_A_full,forced_category_A_full_0001_MBOX-001,MBOX-001,8,LIFT_TO_SAFE_Z_AFTER_SCAN,input_box_1,A1,output_A,category_A_output_box,A1,-140.000,60.000,200.000,hold,off,available,none,,placed_output,lift after scan
forced_category_A_full,forced_category_A_full_0001_MBOX-001,MBOX-001,9,MOVE_SAFE_ABOVE_TARGET,input_box_1,A1,output_A,category_A_output_box,A1,90.000,212.000,200.000,hold,off,available,none,,placed_output,move above target
forced_category_A_full,forced_category_A_full_0001_MBOX-001,MBOX-001,10,APPROACH_TARGET_SLOT,input_box_1,A1,output_A,category_A_output_box,A1,90.000,212.000,130.000,hold,off,available,none,,placed_output,approach target slot
forced_category_A_full,forced_category_A_full_0001_MBOX-001,MBOX-001,11,PLACE_TUBE,input_box_1,A1,output_A,category_A_output_box,A1,90.000,212.000,45.000,open,off,available,none,,placed_output,place tube
forced_category_A_full,forced_category_A_full_0001_MBOX-001,MBOX-001,12,RETREAT_TO_SAFE_Z,input_box_1,A1,output_A,category_A_output_box,A1,90.000,212.000,200.000,open,off,available,none,,placed_output,retreat after place
forced_category_A_full,forced_category_A_full_0002_MBOX-002,MBOX-002,1,MOVE_SAFE_ABOVE_INPUT,input_box_1,A2,output_B,category_B_output_box,A1,-372.000,327.000,200.000,open,off,available,none,,placed_output,move to input safe height
forced_category_A_full,forced_category_A_full_0002_MBOX-002,MBOX-002,2,APPROACH_INPUT_SLOT,input_box_1,A2,output_B,category_B_output_box,A1,-372.000,327.000,130.000,open,off,available,none,,placed_output,approach input slot
forced_category_A_full,forced_category_A_full_0002_MBOX-002,MBOX-002,3,PICK_TUBE,input_box_1,A2,output_B,category_B_output_box,A1,-372.000,327.000,80.000,close,off,available,none,,placed_output,pick tube
forced_category_A_full,forced_category_A_full_0002_MBOX-002,MBOX-002,4,LIFT_TO_SAFE_Z,input_box_1,A2,output_B,category_B_output_box,A1,-372.000,327.000,200.000,hold,off,available,none,,placed_output,lift picked tube
forced_category_A_full,forced_category_A_full_0002_MBOX-002,MBOX-002,5,MOVE_SAFE_ABOVE_SCAN,input_box_1,A2,output_B,category_B_output_box,A1,-140.000,60.000,200.000,hold,off,available,none,,placed_output,move above scan station
forced_category_A_full,forced_category_A_full_0002_MBOX-002,MBOX-002,6,APPROACH_SCAN_STATION,input_box_1,A2,output_B,category_B_output_box,A1,-140.000,60.000,75.000,hold,off,available,none,,placed_output,approach scan station
forced_category_A_full,forced_category_A_full_0002_MBOX-002,MBOX-002,7,SCAN_BARCODE,input_box_1,A2,output_B,category_B_output_box,A1,-140.000,60.000,75.000,hold,scan,available,none,,placed_output,scan and classify
forced_category_A_full,forced_category_A_full_0002_MBOX-002,MBOX-002,8,LIFT_TO_SAFE_Z_AFTER_SCAN,input_box_1,A2,output_B,category_B_output_box,A1,-140.000,60.000,200.000,hold,off,available,none,,placed_output,lift after scan
forced_category_A_full,forced_category_A_full_0002_MBOX-002,MBOX-002,9,MOVE_SAFE_ABOVE_TARGET,input_box_1,A2,output_B,category_B_output_box,A1,300.000,212.000,200.000,hold,off,available,none,,placed_output,move above target
forced_category_A_full,forced_category_A_full_0002_MBOX-002,MBOX-002,10,APPROACH_TARGET_SLOT,input_box_1,A2,output_B,category_B_output_box,A1,300.000,212.000,130.000,hold,off,available,none,,placed_output,approach target slot
forced_category_A_full,forced_category_A_full_0002_MBOX-002,MBOX-002,11,PLACE_TUBE,input_box_1,A2,output_B,category_B_output_box,A1,300.000,212.000,70.000,open,off,available,none,,placed_output,place tube
forced_category_A_full,forced_category_A_full_0002_MBOX-002,MBOX-002,12,RETREAT_TO_SAFE_Z,input_box_1,A2,output_B,category_B_output_box,A1,300.000,212.000,200.000,open,off,available,none,,placed_output,retreat after place
forced_category_A_full,forced_category_A_full_0003_MBOX-003,MBOX-003,1,MOVE_SAFE_ABOVE_INPUT,input_box_1,A3,output_C,category_C_output_box,A1,-344.000,327.000,200.000,open,off,available,none,,placed_output,move to input safe height
forced_category_A_full,forced_category_A_full_0003_MBOX-003,MBOX-003,2,APPROACH_INPUT_SLOT,input_box_1,A3,output_C,category_C_output_box,A1,-344.000,327.000,130.000,open,off,available,none,,placed_output,approach input slot
forced_category_A_full,forced_category_A_full_0003_MBOX-003,MBOX-003,3,PICK_TUBE,input_box_1,A3,output_C,category_C_output_box,A1,-344.000,327.000,55.000,close,off,available,none,,placed_output,pick tube
forced_category_A_full,forced_category_A_full_0003_MBOX-003,MBOX-003,4,LIFT_TO_SAFE_Z,input_box_1,A3,output_C,category_C_output_box,A1,-344.000,327.000,200.000,hold,off,available,none,,placed_output,lift picked tube
forced_category_A_full,forced_category_A_full_0003_MBOX-003,MBOX-003,5,MOVE_SAFE_ABOVE_SCAN,input_box_1,A3,output_C,category_C_output_box,A1,-140.000,60.000,200.000,hold,off,available,none,,placed_output,move above scan station
forced_category_A_full,forced_category_A_full_0003_MBOX-003,MBOX-003,6,APPROACH_SCAN_STATION,input_box_1,A3,output_C,category_C_output_box,A1,-140.000,60.000,75.000,hold,off,available,none,,placed_output,approach scan station
forced_category_A_full,forced_category_A_full_0003_MBOX-003,MBOX-003,7,SCAN_BARCODE,input_box_1,A3,output_C,category_C_output_box,A1,-140.000,60.000,75.000,hold,scan,available,none,,placed_output,scan and classify
forced_category_A_full,forced_category_A_full_0003_MBOX-003,MBOX-003,8,LIFT_TO_SAFE_Z_AFTER_SCAN,input_box_1,A3,output_C,category_C_output_box,A1,-140.000,60.000,200.000,hold,off,available,none,,placed_output,lift after scan
forced_category_A_full,forced_category_A_full_0003_MBOX-003,MBOX-003,9,MOVE_SAFE_ABOVE_TARGET,input_box_1,A3,output_C,category_C_output_box,A1,90.000,2.000,200.000,hold,off,available,none,,placed_output,move above target
forced_category_A_full,forced_category_A_full_0003_MBOX-003,MBOX-003,10,APPROACH_TARGET_SLOT,input_box_1,A3,output_C,category_C_output_box,A1,90.000,2.000,130.000,hold,off,available,none,,placed_output,approach target slot
forced_category_A_full,forced_category_A_full_0003_MBOX-003,MBOX-003,11,PLACE_TUBE,input_box_1,A3,output_C,category_C_output_box,A1,90.000,2.000,45.000,open,off,available,none,,placed_output,place tube
forced_category_A_full,forced_category_A_full_0003_MBOX-003,MBOX-003,12,RETREAT_TO_SAFE_Z,input_box_1,A3,output_C,category_C_output_box,A1,90.000,2.000,200.000,open,off,available,none,,placed_output,retreat after place
forced_category_A_full,forced_category_A_full_0004_MBOX-004,MBOX-004,1,MOVE_SAFE_ABOVE_INPUT,input_box_1,A4,output_D,category_D_output_box,A1,-316.000,327.000,200.000,open,off,available,none,,placed_output,move to input safe height
forced_category_A_full,forced_category_A_full_0004_MBOX-004,MBOX-004,2,APPROACH_INPUT_SLOT,input_box_1,A4,output_D,category_D_output_box,A1,-316.000,327.000,130.000,open,off,available,none,,placed_output,approach input slot
forced_category_A_full,forced_category_A_full_0004_MBOX-004,MBOX-004,3,PICK_TUBE,input_box_1,A4,output_D,category_D_output_box,A1,-316.000,327.000,55.000,close,off,available,none,,placed_output,pick tube
forced_category_A_full,forced_category_A_full_0004_MBOX-004,MBOX-004,4,LIFT_TO_SAFE_Z,input_box_1,A4,output_D,category_D_output_box,A1,-316.000,327.000,200.000,hold,off,available,none,,placed_output,lift picked tube
forced_category_A_full,forced_category_A_full_0004_MBOX-004,MBOX-004,5,MOVE_SAFE_ABOVE_SCAN,input_box_1,A4,output_D,category_D_output_box,A1,-140.000,60.000,200.000,hold,off,available,none,,placed_output,move above scan station
forced_category_A_full,forced_category_A_full_0004_MBOX-004,MBOX-004,6,APPROACH_SCAN_STATION,input_box_1,A4,output_D,category_D_output_box,A1,-140.000,60.000,75.000,hold,off,available,none,,placed_output,approach scan station
forced_category_A_full,forced_category_A_full_0004_MBOX-004,MBOX-004,7,SCAN_BARCODE,input_box_1,A4,output_D,category_D_output_box,A1,-140.000,60.000,75.000,hold,scan,available,none,,placed_output,scan and classify
forced_category_A_full,forced_category_A_full_0004_MBOX-004,MBOX-004,8,LIFT_TO_SAFE_Z_AFTER_SCAN,input_box_1,A4,output_D,category_D_output_box,A1,-140.000,60.000,200.000,hold,off,available,none,,placed_output,lift after scan
forced_category_A_full,forced_category_A_full_0004_MBOX-004,MBOX-004,9,MOVE_SAFE_ABOVE_TARGET,input_box_1,A4,output_D,category_D_output_box,A1,300.000,2.000,200.000,hold,off,available,none,,placed_output,move above target
forced_category_A_full,forced_category_A_full_0004_MBOX-004,MBOX-004,10,APPROACH_TARGET_SLOT,input_box_1,A4,output_D,category_D_output_box,A1,300.000,2.000,130.000,hold,off,available,none,,placed_output,approach target slot
forced_category_A_full,forced_category_A_full_0004_MBOX-004,MBOX-004,11,PLACE_TUBE,input_box_1,A4,output_D,category_D_output_box,A1,300.000,2.000,45.000,open,off,available,none,,placed_output,place tube
forced_category_A_full,forced_category_A_full_0004_MBOX-004,MBOX-004,12,RETREAT_TO_SAFE_Z,input_box_1,A4,output_D,category_D_output_box,A1,300.000,2.000,200.000,open,off,available,none,,placed_output,retreat after place
forced_category_A_full,forced_category_A_full_0005_MBOX-005,MBOX-005,1,MOVE_SAFE_ABOVE_INPUT,input_box_1,A5,manual_review,manual_review_bin,A1,-288.000,327.000,200.000,open,off,not_applicable,none,,placed_manual_review,move to input safe height
forced_category_A_full,forced_category_A_full_0005_MBOX-005,MBOX-005,2,APPROACH_INPUT_SLOT,input_box_1,A5,manual_review,manual_review_bin,A1,-288.000,327.000,130.000,open,off,not_applicable,none,,placed_manual_review,approach input slot
forced_category_A_full,forced_category_A_full_0005_MBOX-005,MBOX-005,3,PICK_TUBE,input_box_1,A5,manual_review,manual_review_bin,A1,-288.000,327.000,80.000,close,off,not_applicable,none,,placed_manual_review,pick tube
forced_category_A_full,forced_category_A_full_0005_MBOX-005,MBOX-005,4,LIFT_TO_SAFE_Z,input_box_1,A5,manual_review,manual_review_bin,A1,-288.000,327.000,200.000,hold,off,not_applicable,none,,placed_manual_review,lift picked tube
forced_category_A_full,forced_category_A_full_0005_MBOX-005,MBOX-005,5,MOVE_SAFE_ABOVE_SCAN,input_box_1,A5,manual_review,manual_review_bin,A1,-140.000,60.000,200.000,hold,off,not_applicable,none,,placed_manual_review,move above scan station
forced_category_A_full,forced_category_A_full_0005_MBOX-005,MBOX-005,6,APPROACH_SCAN_STATION,input_box_1,A5,manual_review,manual_review_bin,A1,-140.000,60.000,75.000,hold,off,not_applicable,none,,placed_manual_review,approach scan station
forced_category_A_full,forced_category_A_full_0005_MBOX-005,MBOX-005,7,SCAN_BARCODE,input_box_1,A5,manual_review,manual_review_bin,A1,-140.000,60.000,75.000,hold,scan,not_applicable,none,,placed_manual_review,scan and classify
forced_category_A_full,forced_category_A_full_0005_MBOX-005,MBOX-005,8,LIFT_TO_SAFE_Z_AFTER_SCAN,input_box_1,A5,manual_review,manual_review_bin,A1,-140.000,60.000,200.000,hold,off,not_applicable,none,,placed_manual_review,lift after scan
forced_category_A_full,forced_category_A_full_0005_MBOX-005,MBOX-005,9,MOVE_SAFE_ABOVE_TARGET,input_box_1,A5,manual_review,manual_review_bin,A1,-208.000,-286.000,200.000,hold,off,not_applicable,none,,placed_manual_review,move above target
forced_category_A_full,forced_category_A_full_0005_MBOX-005,MBOX-005,10,APPROACH_TARGET_SLOT,input_box_1,A5,manual_review,manual_review_bin,A1,-208.000,-286.000,130.000,hold,off,not_applicable,none,,placed_manual_review,approach target slot
forced_category_A_full,forced_category_A_full_0005_MBOX-005,MBOX-005,11,PLACE_TUBE,input_box_1,A5,manual_review,manual_review_bin,A1,-208.000,-286.000,70.000,open,off,not_applicable,none,,placed_manual_review,place tube
forced_category_A_full,forced_category_A_full_0005_MBOX-005,MBOX-005,12,RETREAT_TO_SAFE_Z,input_box_1,A5,manual_review,manual_review_bin,A1,-208.000,-286.000,200.000,open,off,not_applicable,none,,placed_manual_review,retreat after place
forced_category_A_full,forced_category_A_full_0006_MBOX-006,MBOX-006,1,MOVE_SAFE_ABOVE_INPUT,input_box_1,A6,output_A,category_A_output_box,A2,-260.000,327.000,200.000,open,off,available,none,,placed_output,move to input safe height
forced_category_A_full,forced_category_A_full_0006_MBOX-006,MBOX-006,2,APPROACH_INPUT_SLOT,input_box_1,A6,output_A,category_A_output_box,A2,-260.000,327.000,130.000,open,off,available,none,,placed_output,approach input slot
forced_category_A_full,forced_category_A_full_0006_MBOX-006,MBOX-006,3,PICK_TUBE,input_box_1,A6,output_A,category_A_output_box,A2,-260.000,327.000,55.000,close,off,available,none,,placed_output,pick tube
forced_category_A_full,forced_category_A_full_0006_MBOX-006,MBOX-006,4,LIFT_TO_SAFE_Z,input_box_1,A6,output_A,category_A_output_box,A2,-260.000,327.000,200.000,hold,off,available,none,,placed_output,lift picked tube
forced_category_A_full,forced_category_A_full_0006_MBOX-006,MBOX-006,5,MOVE_SAFE_ABOVE_SCAN,input_box_1,A6,output_A,category_A_output_box,A2,-140.000,60.000,200.000,hold,off,available,none,,placed_output,move above scan station
forced_category_A_full,forced_category_A_full_0006_MBOX-006,MBOX-006,6,APPROACH_SCAN_STATION,input_box_1,A6,output_A,category_A_output_box,A2,-140.000,60.000,75.000,hold,off,available,none,,placed_output,approach scan station
forced_category_A_full,forced_category_A_full_0006_MBOX-006,MBOX-006,7,SCAN_BARCODE,input_box_1,A6,output_A,category_A_output_box,A2,-140.000,60.000,75.000,hold,scan,available,none,,placed_output,scan and classify
forced_category_A_full,forced_category_A_full_0006_MBOX-006,MBOX-006,8,LIFT_TO_SAFE_Z_AFTER_SCAN,input_box_1,A6,output_A,category_A_output_box,A2,-140.000,60.000,200.000,hold,off,available,none,,placed_output,lift after scan
forced_category_A_full,forced_category_A_full_0006_MBOX-006,MBOX-006,9,MOVE_SAFE_ABOVE_TARGET,input_box_1,A6,output_A,category_A_output_box,A2,118.000,212.000,200.000,hold,off,available,none,,placed_output,move above target
forced_category_A_full,forced_category_A_full_0006_MBOX-006,MBOX-006,10,APPROACH_TARGET_SLOT,input_box_1,A6,output_A,category_A_output_box,A2,118.000,212.000,130.000,hold,off,available,none,,placed_output,approach target slot
forced_category_A_full,forced_category_A_full_0006_MBOX-006,MBOX-006,11,PLACE_TUBE,input_box_1,A6,output_A,category_A_output_box,A2,118.000,212.000,45.000,open,off,available,none,,placed_output,place tube
forced_category_A_full,forced_category_A_full_0006_MBOX-006,MBOX-006,12,RETREAT_TO_SAFE_Z,input_box_1,A6,output_A,category_A_output_box,A2,118.000,212.000,200.000,open,off,available,none,,placed_output,retreat after place
forced_category_A_full,forced_category_A_full_0007_MBOX-007,MBOX-007,1,MOVE_SAFE_ABOVE_INPUT,input_box_1,B1,output_B,category_B_output_box,A2,-400.000,299.000,200.000,open,off,available,none,,placed_output,move to input safe height
forced_category_A_full,forced_category_A_full_0007_MBOX-007,MBOX-007,2,APPROACH_INPUT_SLOT,input_box_1,B1,output_B,category_B_output_box,A2,-400.000,299.000,130.000,open,off,available,none,,placed_output,approach input slot
forced_category_A_full,forced_category_A_full_0007_MBOX-007,MBOX-007,3,PICK_TUBE,input_box_1,B1,output_B,category_B_output_box,A2,-400.000,299.000,55.000,close,off,available,none,,placed_output,pick tube
forced_category_A_full,forced_category_A_full_0007_MBOX-007,MBOX-007,4,LIFT_TO_SAFE_Z,input_box_1,B1,output_B,category_B_output_box,A2,-400.000,299.000,200.000,hold,off,available,none,,placed_output,lift picked tube
forced_category_A_full,forced_category_A_full_0007_MBOX-007,MBOX-007,5,MOVE_SAFE_ABOVE_SCAN,input_box_1,B1,output_B,category_B_output_box,A2,-140.000,60.000,200.000,hold,off,available,none,,placed_output,move above scan station
forced_category_A_full,forced_category_A_full_0007_MBOX-007,MBOX-007,6,APPROACH_SCAN_STATION,input_box_1,B1,output_B,category_B_output_box,A2,-140.000,60.000,75.000,hold,off,available,none,,placed_output,approach scan station
forced_category_A_full,forced_category_A_full_0007_MBOX-007,MBOX-007,7,SCAN_BARCODE,input_box_1,B1,output_B,category_B_output_box,A2,-140.000,60.000,75.000,hold,scan,available,none,,placed_output,scan and classify
forced_category_A_full,forced_category_A_full_0007_MBOX-007,MBOX-007,8,LIFT_TO_SAFE_Z_AFTER_SCAN,input_box_1,B1,output_B,category_B_output_box,A2,-140.000,60.000,200.000,hold,off,available,none,,placed_output,lift after scan
forced_category_A_full,forced_category_A_full_0007_MBOX-007,MBOX-007,9,MOVE_SAFE_ABOVE_TARGET,input_box_1,B1,output_B,category_B_output_box,A2,328.000,212.000,200.000,hold,off,available,none,,placed_output,move above target
forced_category_A_full,forced_category_A_full_0007_MBOX-007,MBOX-007,10,APPROACH_TARGET_SLOT,input_box_1,B1,output_B,category_B_output_box,A2,328.000,212.000,130.000,hold,off,available,none,,placed_output,approach target slot
forced_category_A_full,forced_category_A_full_0007_MBOX-007,MBOX-007,11,PLACE_TUBE,input_box_1,B1,output_B,category_B_output_box,A2,328.000,212.000,45.000,open,off,available,none,,placed_output,place tube
forced_category_A_full,forced_category_A_full_0007_MBOX-007,MBOX-007,12,RETREAT_TO_SAFE_Z,input_box_1,B1,output_B,category_B_output_box,A2,328.000,212.000,200.000,open,off,available,none,,placed_output,retreat after place
forced_category_A_full,forced_category_A_full_0008_MBOX-008,MBOX-008,1,MOVE_SAFE_ABOVE_INPUT,input_box_1,B2,output_C,category_C_output_box,A2,-372.000,299.000,200.000,open,off,available,none,,placed_output,move to input safe height
forced_category_A_full,forced_category_A_full_0008_MBOX-008,MBOX-008,2,APPROACH_INPUT_SLOT,input_box_1,B2,output_C,category_C_output_box,A2,-372.000,299.000,130.000,open,off,available,none,,placed_output,approach input slot
forced_category_A_full,forced_category_A_full_0008_MBOX-008,MBOX-008,3,PICK_TUBE,input_box_1,B2,output_C,category_C_output_box,A2,-372.000,299.000,80.000,close,off,available,none,,placed_output,pick tube
forced_category_A_full,forced_category_A_full_0008_MBOX-008,MBOX-008,4,LIFT_TO_SAFE_Z,input_box_1,B2,output_C,category_C_output_box,A2,-372.000,299.000,200.000,hold,off,available,none,,placed_output,lift picked tube
forced_category_A_full,forced_category_A_full_0008_MBOX-008,MBOX-008,5,MOVE_SAFE_ABOVE_SCAN,input_box_1,B2,output_C,category_C_output_box,A2,-140.000,60.000,200.000,hold,off,available,none,,placed_output,move above scan station
forced_category_A_full,forced_category_A_full_0008_MBOX-008,MBOX-008,6,APPROACH_SCAN_STATION,input_box_1,B2,output_C,category_C_output_box,A2,-140.000,60.000,75.000,hold,off,available,none,,placed_output,approach scan station
forced_category_A_full,forced_category_A_full_0008_MBOX-008,MBOX-008,7,SCAN_BARCODE,input_box_1,B2,output_C,category_C_output_box,A2,-140.000,60.000,75.000,hold,scan,available,none,,placed_output,scan and classify
forced_category_A_full,forced_category_A_full_0008_MBOX-008,MBOX-008,8,LIFT_TO_SAFE_Z_AFTER_SCAN,input_box_1,B2,output_C,category_C_output_box,A2,-140.000,60.000,200.000,hold,off,available,none,,placed_output,lift after scan
forced_category_A_full,forced_category_A_full_0008_MBOX-008,MBOX-008,9,MOVE_SAFE_ABOVE_TARGET,input_box_1,B2,output_C,category_C_output_box,A2,118.000,2.000,200.000,hold,off,available,none,,placed_output,move above target
forced_category_A_full,forced_category_A_full_0008_MBOX-008,MBOX-008,10,APPROACH_TARGET_SLOT,input_box_1,B2,output_C,category_C_output_box,A2,118.000,2.000,130.000,hold,off,available,none,,placed_output,approach target slot
forced_category_A_full,forced_category_A_full_0008_MBOX-008,MBOX-008,11,PLACE_TUBE,input_box_1,B2,output_C,category_C_output_box,A2,118.000,2.000,70.000,open,off,available,none,,placed_output,place tube
forced_category_A_full,forced_category_A_full_0008_MBOX-008,MBOX-008,12,RETREAT_TO_SAFE_Z,input_box_1,B2,output_C,category_C_output_box,A2,118.000,2.000,200.000,open,off,available,none,,placed_output,retreat after place
forced_category_A_full,forced_category_A_full_0009_MBOX-009,MBOX-009,1,MOVE_SAFE_ABOVE_INPUT,input_box_1,B3,output_D,category_D_output_box,A2,-344.000,299.000,200.000,open,off,available,none,,placed_output,move to input safe height
forced_category_A_full,forced_category_A_full_0009_MBOX-009,MBOX-009,2,APPROACH_INPUT_SLOT,input_box_1,B3,output_D,category_D_output_box,A2,-344.000,299.000,130.000,open,off,available,none,,placed_output,approach input slot
forced_category_A_full,forced_category_A_full_0009_MBOX-009,MBOX-009,3,PICK_TUBE,input_box_1,B3,output_D,category_D_output_box,A2,-344.000,299.000,55.000,close,off,available,none,,placed_output,pick tube
forced_category_A_full,forced_category_A_full_0009_MBOX-009,MBOX-009,4,LIFT_TO_SAFE_Z,input_box_1,B3,output_D,category_D_output_box,A2,-344.000,299.000,200.000,hold,off,available,none,,placed_output,lift picked tube
forced_category_A_full,forced_category_A_full_0009_MBOX-009,MBOX-009,5,MOVE_SAFE_ABOVE_SCAN,input_box_1,B3,output_D,category_D_output_box,A2,-140.000,60.000,200.000,hold,off,available,none,,placed_output,move above scan station
forced_category_A_full,forced_category_A_full_0009_MBOX-009,MBOX-009,6,APPROACH_SCAN_STATION,input_box_1,B3,output_D,category_D_output_box,A2,-140.000,60.000,75.000,hold,off,available,none,,placed_output,approach scan station
forced_category_A_full,forced_category_A_full_0009_MBOX-009,MBOX-009,7,SCAN_BARCODE,input_box_1,B3,output_D,category_D_output_box,A2,-140.000,60.000,75.000,hold,scan,available,none,,placed_output,scan and classify
forced_category_A_full,forced_category_A_full_0009_MBOX-009,MBOX-009,8,LIFT_TO_SAFE_Z_AFTER_SCAN,input_box_1,B3,output_D,category_D_output_box,A2,-140.000,60.000,200.000,hold,off,available,none,,placed_output,lift after scan
forced_category_A_full,forced_category_A_full_0009_MBOX-009,MBOX-009,9,MOVE_SAFE_ABOVE_TARGET,input_box_1,B3,output_D,category_D_output_box,A2,328.000,2.000,200.000,hold,off,available,none,,placed_output,move above target
forced_category_A_full,forced_category_A_full_0009_MBOX-009,MBOX-009,10,APPROACH_TARGET_SLOT,input_box_1,B3,output_D,category_D_output_box,A2,328.000,2.000,130.000,hold,off,available,none,,placed_output,approach target slot
forced_category_A_full,forced_category_A_full_0009_MBOX-009,MBOX-009,11,PLACE_TUBE,input_box_1,B3,output_D,category_D_output_box,A2,328.000,2.000,45.000,open,off,available,none,,placed_output,place tube
forced_category_A_full,forced_category_A_full_0009_MBOX-009,MBOX-009,12,RETREAT_TO_SAFE_Z,input_box_1,B3,output_D,category_D_output_box,A2,328.000,2.000,200.000,open,off,available,none,,placed_output,retreat after place
forced_category_A_full,forced_category_A_full_0010_MBOX-010,MBOX-010,1,MOVE_SAFE_ABOVE_INPUT,input_box_1,B4,output_A,category_A_output_box,A3,-316.000,299.000,200.000,open,off,available,none,,placed_output,move to input safe height
forced_category_A_full,forced_category_A_full_0010_MBOX-010,MBOX-010,2,APPROACH_INPUT_SLOT,input_box_1,B4,output_A,category_A_output_box,A3,-316.000,299.000,130.000,open,off,available,none,,placed_output,approach input slot
forced_category_A_full,forced_category_A_full_0010_MBOX-010,MBOX-010,3,PICK_TUBE,input_box_1,B4,output_A,category_A_output_box,A3,-316.000,299.000,55.000,close,off,available,none,,placed_output,pick tube
forced_category_A_full,forced_category_A_full_0010_MBOX-010,MBOX-010,4,LIFT_TO_SAFE_Z,input_box_1,B4,output_A,category_A_output_box,A3,-316.000,299.000,200.000,hold,off,available,none,,placed_output,lift picked tube
forced_category_A_full,forced_category_A_full_0010_MBOX-010,MBOX-010,5,MOVE_SAFE_ABOVE_SCAN,input_box_1,B4,output_A,category_A_output_box,A3,-140.000,60.000,200.000,hold,off,available,none,,placed_output,move above scan station
forced_category_A_full,forced_category_A_full_0010_MBOX-010,MBOX-010,6,APPROACH_SCAN_STATION,input_box_1,B4,output_A,category_A_output_box,A3,-140.000,60.000,75.000,hold,off,available,none,,placed_output,approach scan station
forced_category_A_full,forced_category_A_full_0010_MBOX-010,MBOX-010,7,SCAN_BARCODE,input_box_1,B4,output_A,category_A_output_box,A3,-140.000,60.000,75.000,hold,scan,available,none,,placed_output,scan and classify
forced_category_A_full,forced_category_A_full_0010_MBOX-010,MBOX-010,8,LIFT_TO_SAFE_Z_AFTER_SCAN,input_box_1,B4,output_A,category_A_output_box,A3,-140.000,60.000,200.000,hold,off,available,none,,placed_output,lift after scan
forced_category_A_full,forced_category_A_full_0010_MBOX-010,MBOX-010,9,MOVE_SAFE_ABOVE_TARGET,input_box_1,B4,output_A,category_A_output_box,A3,146.000,212.000,200.000,hold,off,available,none,,placed_output,move above target
forced_category_A_full,forced_category_A_full_0010_MBOX-010,MBOX-010,10,APPROACH_TARGET_SLOT,input_box_1,B4,output_A,category_A_output_box,A3,146.000,212.000,130.000,hold,off,available,none,,placed_output,approach target slot
forced_category_A_full,forced_category_A_full_0010_MBOX-010,MBOX-010,11,PLACE_TUBE,input_box_1,B4,output_A,category_A_output_box,A3,146.000,212.000,45.000,open,off,available,none,,placed_output,place tube
forced_category_A_full,forced_category_A_full_0010_MBOX-010,MBOX-010,12,RETREAT_TO_SAFE_Z,input_box_1,B4,output_A,category_A_output_box,A3,146.000,212.000,200.000,open,off,available,none,,placed_output,retreat after place
forced_category_A_full,forced_category_A_full_0011_MBOX-011,MBOX-011,1,MOVE_SAFE_ABOVE_INPUT,input_box_1,B5,output_B,category_B_output_box,A3,-288.000,299.000,200.000,open,off,available,none,,placed_output,move to input safe height
forced_category_A_full,forced_category_A_full_0011_MBOX-011,MBOX-011,2,APPROACH_INPUT_SLOT,input_box_1,B5,output_B,category_B_output_box,A3,-288.000,299.000,130.000,open,off,available,none,,placed_output,approach input slot
forced_category_A_full,forced_category_A_full_0011_MBOX-011,MBOX-011,3,PICK_TUBE,input_box_1,B5,output_B,category_B_output_box,A3,-288.000,299.000,80.000,close,off,available,none,,placed_output,pick tube
forced_category_A_full,forced_category_A_full_0011_MBOX-011,MBOX-011,4,LIFT_TO_SAFE_Z,input_box_1,B5,output_B,category_B_output_box,A3,-288.000,299.000,200.000,hold,off,available,none,,placed_output,lift picked tube
forced_category_A_full,forced_category_A_full_0011_MBOX-011,MBOX-011,5,MOVE_SAFE_ABOVE_SCAN,input_box_1,B5,output_B,category_B_output_box,A3,-140.000,60.000,200.000,hold,off,available,none,,placed_output,move above scan station
forced_category_A_full,forced_category_A_full_0011_MBOX-011,MBOX-011,6,APPROACH_SCAN_STATION,input_box_1,B5,output_B,category_B_output_box,A3,-140.000,60.000,75.000,hold,off,available,none,,placed_output,approach scan station
forced_category_A_full,forced_category_A_full_0011_MBOX-011,MBOX-011,7,SCAN_BARCODE,input_box_1,B5,output_B,category_B_output_box,A3,-140.000,60.000,75.000,hold,scan,available,none,,placed_output,scan and classify
forced_category_A_full,forced_category_A_full_0011_MBOX-011,MBOX-011,8,LIFT_TO_SAFE_Z_AFTER_SCAN,input_box_1,B5,output_B,category_B_output_box,A3,-140.000,60.000,200.000,hold,off,available,none,,placed_output,lift after scan
forced_category_A_full,forced_category_A_full_0011_MBOX-011,MBOX-011,9,MOVE_SAFE_ABOVE_TARGET,input_box_1,B5,output_B,category_B_output_box,A3,356.000,212.000,200.000,hold,off,available,none,,placed_output,move above target
forced_category_A_full,forced_category_A_full_0011_MBOX-011,MBOX-011,10,APPROACH_TARGET_SLOT,input_box_1,B5,output_B,category_B_output_box,A3,356.000,212.000,130.000,hold,off,available,none,,placed_output,approach target slot
forced_category_A_full,forced_category_A_full_0011_MBOX-011,MBOX-011,11,PLACE_TUBE,input_box_1,B5,output_B,category_B_output_box,A3,356.000,212.000,70.000,open,off,available,none,,placed_output,place tube
forced_category_A_full,forced_category_A_full_0011_MBOX-011,MBOX-011,12,RETREAT_TO_SAFE_Z,input_box_1,B5,output_B,category_B_output_box,A3,356.000,212.000,200.000,open,off,available,none,,placed_output,retreat after place
forced_category_A_full,forced_category_A_full_0012_MBOX-012,MBOX-012,1,MOVE_SAFE_ABOVE_INPUT,input_box_1,B6,output_C,category_C_output_box,A3,-260.000,299.000,200.000,open,off,available,none,,placed_output,move to input safe height
forced_category_A_full,forced_category_A_full_0012_MBOX-012,MBOX-012,2,APPROACH_INPUT_SLOT,input_box_1,B6,output_C,category_C_output_box,A3,-260.000,299.000,130.000,open,off,available,none,,placed_output,approach input slot
forced_category_A_full,forced_category_A_full_0012_MBOX-012,MBOX-012,3,PICK_TUBE,input_box_1,B6,output_C,category_C_output_box,A3,-260.000,299.000,55.000,close,off,available,none,,placed_output,pick tube
forced_category_A_full,forced_category_A_full_0012_MBOX-012,MBOX-012,4,LIFT_TO_SAFE_Z,input_box_1,B6,output_C,category_C_output_box,A3,-260.000,299.000,200.000,hold,off,available,none,,placed_output,lift picked tube
forced_category_A_full,forced_category_A_full_0012_MBOX-012,MBOX-012,5,MOVE_SAFE_ABOVE_SCAN,input_box_1,B6,output_C,category_C_output_box,A3,-140.000,60.000,200.000,hold,off,available,none,,placed_output,move above scan station
forced_category_A_full,forced_category_A_full_0012_MBOX-012,MBOX-012,6,APPROACH_SCAN_STATION,input_box_1,B6,output_C,category_C_output_box,A3,-140.000,60.000,75.000,hold,off,available,none,,placed_output,approach scan station
forced_category_A_full,forced_category_A_full_0012_MBOX-012,MBOX-012,7,SCAN_BARCODE,input_box_1,B6,output_C,category_C_output_box,A3,-140.000,60.000,75.000,hold,scan,available,none,,placed_output,scan and classify
forced_category_A_full,forced_category_A_full_0012_MBOX-012,MBOX-012,8,LIFT_TO_SAFE_Z_AFTER_SCAN,input_box_1,B6,output_C,category_C_output_box,A3,-140.000,60.000,200.000,hold,off,available,none,,placed_output,lift after scan
forced_category_A_full,forced_category_A_full_0012_MBOX-012,MBOX-012,9,MOVE_SAFE_ABOVE_TARGET,input_box_1,B6,output_C,category_C_output_box,A3,146.000,2.000,200.000,hold,off,available,none,,placed_output,move above target
forced_category_A_full,forced_category_A_full_0012_MBOX-012,MBOX-012,10,APPROACH_TARGET_SLOT,input_box_1,B6,output_C,category_C_output_box,A3,146.000,2.000,130.000,hold,off,available,none,,placed_output,approach target slot
forced_category_A_full,forced_category_A_full_0012_MBOX-012,MBOX-012,11,PLACE_TUBE,input_box_1,B6,output_C,category_C_output_box,A3,146.000,2.000,45.000,open,off,available,none,,placed_output,place tube
forced_category_A_full,forced_category_A_full_0012_MBOX-012,MBOX-012,12,RETREAT_TO_SAFE_Z,input_box_1,B6,output_C,category_C_output_box,A3,146.000,2.000,200.000,open,off,available,none,,placed_output,retreat after place
forced_category_A_full,forced_category_A_full_0013_MBOX-013,MBOX-013,1,MOVE_SAFE_ABOVE_INPUT,input_box_1,C1,output_D,category_D_output_box,A3,-400.000,271.000,200.000,open,off,available,none,,placed_output,move to input safe height
forced_category_A_full,forced_category_A_full_0013_MBOX-013,MBOX-013,2,APPROACH_INPUT_SLOT,input_box_1,C1,output_D,category_D_output_box,A3,-400.000,271.000,130.000,open,off,available,none,,placed_output,approach input slot
forced_category_A_full,forced_category_A_full_0013_MBOX-013,MBOX-013,3,PICK_TUBE,input_box_1,C1,output_D,category_D_output_box,A3,-400.000,271.000,55.000,close,off,available,none,,placed_output,pick tube
forced_category_A_full,forced_category_A_full_0013_MBOX-013,MBOX-013,4,LIFT_TO_SAFE_Z,input_box_1,C1,output_D,category_D_output_box,A3,-400.000,271.000,200.000,hold,off,available,none,,placed_output,lift picked tube
forced_category_A_full,forced_category_A_full_0013_MBOX-013,MBOX-013,5,MOVE_SAFE_ABOVE_SCAN,input_box_1,C1,output_D,category_D_output_box,A3,-140.000,60.000,200.000,hold,off,available,none,,placed_output,move above scan station
forced_category_A_full,forced_category_A_full_0013_MBOX-013,MBOX-013,6,APPROACH_SCAN_STATION,input_box_1,C1,output_D,category_D_output_box,A3,-140.000,60.000,75.000,hold,off,available,none,,placed_output,approach scan station
forced_category_A_full,forced_category_A_full_0013_MBOX-013,MBOX-013,7,SCAN_BARCODE,input_box_1,C1,output_D,category_D_output_box,A3,-140.000,60.000,75.000,hold,scan,available,none,,placed_output,scan and classify
forced_category_A_full,forced_category_A_full_0013_MBOX-013,MBOX-013,8,LIFT_TO_SAFE_Z_AFTER_SCAN,input_box_1,C1,output_D,category_D_output_box,A3,-140.000,60.000,200.000,hold,off,available,none,,placed_output,lift after scan
forced_category_A_full,forced_category_A_full_0013_MBOX-013,MBOX-013,9,MOVE_SAFE_ABOVE_TARGET,input_box_1,C1,output_D,category_D_output_box,A3,356.000,2.000,200.000,hold,off,available,none,,placed_output,move above target
forced_category_A_full,forced_category_A_full_0013_MBOX-013,MBOX-013,10,APPROACH_TARGET_SLOT,input_box_1,C1,output_D,category_D_output_box,A3,356.000,2.000,130.000,hold,off,available,none,,placed_output,approach target slot
forced_category_A_full,forced_category_A_full_0013_MBOX-013,MBOX-013,11,PLACE_TUBE,input_box_1,C1,output_D,category_D_output_box,A3,356.000,2.000,45.000,open,off,available,none,,placed_output,place tube
forced_category_A_full,forced_category_A_full_0013_MBOX-013,MBOX-013,12,RETREAT_TO_SAFE_Z,input_box_1,C1,output_D,category_D_output_box,A3,356.000,2.000,200.000,open,off,available,none,,placed_output,retreat after place
forced_category_A_full,forced_category_A_full_0014_MBOX-014,MBOX-014,1,MOVE_SAFE_ABOVE_INPUT,input_box_1,C2,output_A,category_A_output_box,A4,-372.000,271.000,200.000,open,off,available,none,,placed_output,move to input safe height
forced_category_A_full,forced_category_A_full_0014_MBOX-014,MBOX-014,2,APPROACH_INPUT_SLOT,input_box_1,C2,output_A,category_A_output_box,A4,-372.000,271.000,130.000,open,off,available,none,,placed_output,approach input slot
forced_category_A_full,forced_category_A_full_0014_MBOX-014,MBOX-014,3,PICK_TUBE,input_box_1,C2,output_A,category_A_output_box,A4,-372.000,271.000,80.000,close,off,available,none,,placed_output,pick tube
forced_category_A_full,forced_category_A_full_0014_MBOX-014,MBOX-014,4,LIFT_TO_SAFE_Z,input_box_1,C2,output_A,category_A_output_box,A4,-372.000,271.000,200.000,hold,off,available,none,,placed_output,lift picked tube
forced_category_A_full,forced_category_A_full_0014_MBOX-014,MBOX-014,5,MOVE_SAFE_ABOVE_SCAN,input_box_1,C2,output_A,category_A_output_box,A4,-140.000,60.000,200.000,hold,off,available,none,,placed_output,move above scan station
forced_category_A_full,forced_category_A_full_0014_MBOX-014,MBOX-014,6,APPROACH_SCAN_STATION,input_box_1,C2,output_A,category_A_output_box,A4,-140.000,60.000,75.000,hold,off,available,none,,placed_output,approach scan station
forced_category_A_full,forced_category_A_full_0014_MBOX-014,MBOX-014,7,SCAN_BARCODE,input_box_1,C2,output_A,category_A_output_box,A4,-140.000,60.000,75.000,hold,scan,available,none,,placed_output,scan and classify
forced_category_A_full,forced_category_A_full_0014_MBOX-014,MBOX-014,8,LIFT_TO_SAFE_Z_AFTER_SCAN,input_box_1,C2,output_A,category_A_output_box,A4,-140.000,60.000,200.000,hold,off,available,none,,placed_output,lift after scan
forced_category_A_full,forced_category_A_full_0014_MBOX-014,MBOX-014,9,MOVE_SAFE_ABOVE_TARGET,input_box_1,C2,output_A,category_A_output_box,A4,174.000,212.000,200.000,hold,off,available,none,,placed_output,move above target
forced_category_A_full,forced_category_A_full_0014_MBOX-014,MBOX-014,10,APPROACH_TARGET_SLOT,input_box_1,C2,output_A,category_A_output_box,A4,174.000,212.000,130.000,hold,off,available,none,,placed_output,approach target slot
forced_category_A_full,forced_category_A_full_0014_MBOX-014,MBOX-014,11,PLACE_TUBE,input_box_1,C2,output_A,category_A_output_box,A4,174.000,212.000,70.000,open,off,available,none,,placed_output,place tube
forced_category_A_full,forced_category_A_full_0014_MBOX-014,MBOX-014,12,RETREAT_TO_SAFE_Z,input_box_1,C2,output_A,category_A_output_box,A4,174.000,212.000,200.000,open,off,available,none,,placed_output,retreat after place
forced_category_A_full,forced_category_A_full_0015_MBOX-015,MBOX-015,1,MOVE_SAFE_ABOVE_INPUT,input_box_1,C3,output_B,category_B_output_box,A4,-344.000,271.000,200.000,open,off,available,none,,placed_output,move to input safe height
forced_category_A_full,forced_category_A_full_0015_MBOX-015,MBOX-015,2,APPROACH_INPUT_SLOT,input_box_1,C3,output_B,category_B_output_box,A4,-344.000,271.000,130.000,open,off,available,none,,placed_output,approach input slot
forced_category_A_full,forced_category_A_full_0015_MBOX-015,MBOX-015,3,PICK_TUBE,input_box_1,C3,output_B,category_B_output_box,A4,-344.000,271.000,55.000,close,off,available,none,,placed_output,pick tube
forced_category_A_full,forced_category_A_full_0015_MBOX-015,MBOX-015,4,LIFT_TO_SAFE_Z,input_box_1,C3,output_B,category_B_output_box,A4,-344.000,271.000,200.000,hold,off,available,none,,placed_output,lift picked tube
forced_category_A_full,forced_category_A_full_0015_MBOX-015,MBOX-015,5,MOVE_SAFE_ABOVE_SCAN,input_box_1,C3,output_B,category_B_output_box,A4,-140.000,60.000,200.000,hold,off,available,none,,placed_output,move above scan station
forced_category_A_full,forced_category_A_full_0015_MBOX-015,MBOX-015,6,APPROACH_SCAN_STATION,input_box_1,C3,output_B,category_B_output_box,A4,-140.000,60.000,75.000,hold,off,available,none,,placed_output,approach scan station
forced_category_A_full,forced_category_A_full_0015_MBOX-015,MBOX-015,7,SCAN_BARCODE,input_box_1,C3,output_B,category_B_output_box,A4,-140.000,60.000,75.000,hold,scan,available,none,,placed_output,scan and classify
forced_category_A_full,forced_category_A_full_0015_MBOX-015,MBOX-015,8,LIFT_TO_SAFE_Z_AFTER_SCAN,input_box_1,C3,output_B,category_B_output_box,A4,-140.000,60.000,200.000,hold,off,available,none,,placed_output,lift after scan
forced_category_A_full,forced_category_A_full_0015_MBOX-015,MBOX-015,9,MOVE_SAFE_ABOVE_TARGET,input_box_1,C3,output_B,category_B_output_box,A4,384.000,212.000,200.000,hold,off,available,none,,placed_output,move above target
forced_category_A_full,forced_category_A_full_0015_MBOX-015,MBOX-015,10,APPROACH_TARGET_SLOT,input_box_1,C3,output_B,category_B_output_box,A4,384.000,212.000,130.000,hold,off,available,none,,placed_output,approach target slot
forced_category_A_full,forced_category_A_full_0015_MBOX-015,MBOX-015,11,PLACE_TUBE,input_box_1,C3,output_B,category_B_output_box,A4,384.000,212.000,45.000,open,off,available,none,,placed_output,place tube
forced_category_A_full,forced_category_A_full_0015_MBOX-015,MBOX-015,12,RETREAT_TO_SAFE_Z,input_box_1,C3,output_B,category_B_output_box,A4,384.000,212.000,200.000,open,off,available,none,,placed_output,retreat after place
forced_category_A_full,forced_category_A_full_0016_MBOX-016,MBOX-016,1,MOVE_SAFE_ABOVE_INPUT,input_box_1,C4,output_C,category_C_output_box,A4,-316.000,271.000,200.000,open,off,available,none,,placed_output,move to input safe height
forced_category_A_full,forced_category_A_full_0016_MBOX-016,MBOX-016,2,APPROACH_INPUT_SLOT,input_box_1,C4,output_C,category_C_output_box,A4,-316.000,271.000,130.000,open,off,available,none,,placed_output,approach input slot
forced_category_A_full,forced_category_A_full_0016_MBOX-016,MBOX-016,3,PICK_TUBE,input_box_1,C4,output_C,category_C_output_box,A4,-316.000,271.000,55.000,close,off,available,none,,placed_output,pick tube
forced_category_A_full,forced_category_A_full_0016_MBOX-016,MBOX-016,4,LIFT_TO_SAFE_Z,input_box_1,C4,output_C,category_C_output_box,A4,-316.000,271.000,200.000,hold,off,available,none,,placed_output,lift picked tube
forced_category_A_full,forced_category_A_full_0016_MBOX-016,MBOX-016,5,MOVE_SAFE_ABOVE_SCAN,input_box_1,C4,output_C,category_C_output_box,A4,-140.000,60.000,200.000,hold,off,available,none,,placed_output,move above scan station
forced_category_A_full,forced_category_A_full_0016_MBOX-016,MBOX-016,6,APPROACH_SCAN_STATION,input_box_1,C4,output_C,category_C_output_box,A4,-140.000,60.000,75.000,hold,off,available,none,,placed_output,approach scan station
forced_category_A_full,forced_category_A_full_0016_MBOX-016,MBOX-016,7,SCAN_BARCODE,input_box_1,C4,output_C,category_C_output_box,A4,-140.000,60.000,75.000,hold,scan,available,none,,placed_output,scan and classify
forced_category_A_full,forced_category_A_full_0016_MBOX-016,MBOX-016,8,LIFT_TO_SAFE_Z_AFTER_SCAN,input_box_1,C4,output_C,category_C_output_box,A4,-140.000,60.000,200.000,hold,off,available,none,,placed_output,lift after scan
forced_category_A_full,forced_category_A_full_0016_MBOX-016,MBOX-016,9,MOVE_SAFE_ABOVE_TARGET,input_box_1,C4,output_C,category_C_output_box,A4,174.000,2.000,200.000,hold,off,available,none,,placed_output,move above target
forced_category_A_full,forced_category_A_full_0016_MBOX-016,MBOX-016,10,APPROACH_TARGET_SLOT,input_box_1,C4,output_C,category_C_output_box,A4,174.000,2.000,130.000,hold,off,available,none,,placed_output,approach target slot
forced_category_A_full,forced_category_A_full_0016_MBOX-016,MBOX-016,11,PLACE_TUBE,input_box_1,C4,output_C,category_C_output_box,A4,174.000,2.000,45.000,open,off,available,none,,placed_output,place tube
forced_category_A_full,forced_category_A_full_0016_MBOX-016,MBOX-016,12,RETREAT_TO_SAFE_Z,input_box_1,C4,output_C,category_C_output_box,A4,174.000,2.000,200.000,open,off,available,none,,placed_output,retreat after place
forced_category_A_full,forced_category_A_full_0017_MBOX-017,MBOX-017,1,MOVE_SAFE_ABOVE_INPUT,input_box_1,C5,output_D,category_D_output_box,A4,-288.000,271.000,200.000,open,off,available,none,,placed_output,move to input safe height
forced_category_A_full,forced_category_A_full_0017_MBOX-017,MBOX-017,2,APPROACH_INPUT_SLOT,input_box_1,C5,output_D,category_D_output_box,A4,-288.000,271.000,130.000,open,off,available,none,,placed_output,approach input slot
forced_category_A_full,forced_category_A_full_0017_MBOX-017,MBOX-017,3,PICK_TUBE,input_box_1,C5,output_D,category_D_output_box,A4,-288.000,271.000,80.000,close,off,available,none,,placed_output,pick tube
forced_category_A_full,forced_category_A_full_0017_MBOX-017,MBOX-017,4,LIFT_TO_SAFE_Z,input_box_1,C5,output_D,category_D_output_box,A4,-288.000,271.000,200.000,hold,off,available,none,,placed_output,lift picked tube
forced_category_A_full,forced_category_A_full_0017_MBOX-017,MBOX-017,5,MOVE_SAFE_ABOVE_SCAN,input_box_1,C5,output_D,category_D_output_box,A4,-140.000,60.000,200.000,hold,off,available,none,,placed_output,move above scan station
forced_category_A_full,forced_category_A_full_0017_MBOX-017,MBOX-017,6,APPROACH_SCAN_STATION,input_box_1,C5,output_D,category_D_output_box,A4,-140.000,60.000,75.000,hold,off,available,none,,placed_output,approach scan station
forced_category_A_full,forced_category_A_full_0017_MBOX-017,MBOX-017,7,SCAN_BARCODE,input_box_1,C5,output_D,category_D_output_box,A4,-140.000,60.000,75.000,hold,scan,available,none,,placed_output,scan and classify
forced_category_A_full,forced_category_A_full_0017_MBOX-017,MBOX-017,8,LIFT_TO_SAFE_Z_AFTER_SCAN,input_box_1,C5,output_D,category_D_output_box,A4,-140.000,60.000,200.000,hold,off,available,none,,placed_output,lift after scan
forced_category_A_full,forced_category_A_full_0017_MBOX-017,MBOX-017,9,MOVE_SAFE_ABOVE_TARGET,input_box_1,C5,output_D,category_D_output_box,A4,384.000,2.000,200.000,hold,off,available,none,,placed_output,move above target
forced_category_A_full,forced_category_A_full_0017_MBOX-017,MBOX-017,10,APPROACH_TARGET_SLOT,input_box_1,C5,output_D,category_D_output_box,A4,384.000,2.000,130.000,hold,off,available,none,,placed_output,approach target slot
forced_category_A_full,forced_category_A_full_0017_MBOX-017,MBOX-017,11,PLACE_TUBE,input_box_1,C5,output_D,category_D_output_box,A4,384.000,2.000,70.000,open,off,available,none,,placed_output,place tube
forced_category_A_full,forced_category_A_full_0017_MBOX-017,MBOX-017,12,RETREAT_TO_SAFE_Z,input_box_1,C5,output_D,category_D_output_box,A4,384.000,2.000,200.000,open,off,available,none,,placed_output,retreat after place
forced_category_A_full,forced_category_A_full_0018_MBOX-018_queued,MBOX-018,1,HOLD_CATEGORY,input_box_1,C6,,,,-260.000,271.000,200.000,open,off,held,queued,forced_category_A_full_EVENT_001,queued_pending,held-category sample skipped before pick and queued
forced_category_A_full,forced_category_A_full_0019_MBOX-019,MBOX-019,1,MOVE_SAFE_ABOVE_INPUT,input_box_1,D1,manual_review,manual_review_bin,A2,-400.000,243.000,200.000,open,off,not_applicable,none,,placed_manual_review,move to input safe height
forced_category_A_full,forced_category_A_full_0019_MBOX-019,MBOX-019,2,APPROACH_INPUT_SLOT,input_box_1,D1,manual_review,manual_review_bin,A2,-400.000,243.000,130.000,open,off,not_applicable,none,,placed_manual_review,approach input slot
forced_category_A_full,forced_category_A_full_0019_MBOX-019,MBOX-019,3,PICK_TUBE,input_box_1,D1,manual_review,manual_review_bin,A2,-400.000,243.000,55.000,close,off,not_applicable,none,,placed_manual_review,pick tube
forced_category_A_full,forced_category_A_full_0019_MBOX-019,MBOX-019,4,LIFT_TO_SAFE_Z,input_box_1,D1,manual_review,manual_review_bin,A2,-400.000,243.000,200.000,hold,off,not_applicable,none,,placed_manual_review,lift picked tube
forced_category_A_full,forced_category_A_full_0019_MBOX-019,MBOX-019,5,MOVE_SAFE_ABOVE_SCAN,input_box_1,D1,manual_review,manual_review_bin,A2,-140.000,60.000,200.000,hold,off,not_applicable,none,,placed_manual_review,move above scan station
forced_category_A_full,forced_category_A_full_0019_MBOX-019,MBOX-019,6,APPROACH_SCAN_STATION,input_box_1,D1,manual_review,manual_review_bin,A2,-140.000,60.000,75.000,hold,off,not_applicable,none,,placed_manual_review,approach scan station
forced_category_A_full,forced_category_A_full_0019_MBOX-019,MBOX-019,7,SCAN_BARCODE,input_box_1,D1,manual_review,manual_review_bin,A2,-140.000,60.000,75.000,hold,scan,not_applicable,none,,placed_manual_review,scan and classify
forced_category_A_full,forced_category_A_full_0019_MBOX-019,MBOX-019,8,LIFT_TO_SAFE_Z_AFTER_SCAN,input_box_1,D1,manual_review,manual_review_bin,A2,-140.000,60.000,200.000,hold,off,not_applicable,none,,placed_manual_review,lift after scan
forced_category_A_full,forced_category_A_full_0019_MBOX-019,MBOX-019,9,MOVE_SAFE_ABOVE_TARGET,input_box_1,D1,manual_review,manual_review_bin,A2,-180.000,-286.000,200.000,hold,off,not_applicable,none,,placed_manual_review,move above target
forced_category_A_full,forced_category_A_full_0019_MBOX-019,MBOX-019,10,APPROACH_TARGET_SLOT,input_box_1,D1,manual_review,manual_review_bin,A2,-180.000,-286.000,130.000,hold,off,not_applicable,none,,placed_manual_review,approach target slot
forced_category_A_full,forced_category_A_full_0019_MBOX-019,MBOX-019,11,PLACE_TUBE,input_box_1,D1,manual_review,manual_review_bin,A2,-180.000,-286.000,45.000,open,off,not_applicable,none,,placed_manual_review,place tube
forced_category_A_full,forced_category_A_full_0019_MBOX-019,MBOX-019,12,RETREAT_TO_SAFE_Z,input_box_1,D1,manual_review,manual_review_bin,A2,-180.000,-286.000,200.000,open,off,not_applicable,none,,placed_manual_review,retreat after place
forced_category_A_full,forced_category_A_full_0020_MBOX-020,MBOX-020,1,MOVE_SAFE_ABOVE_INPUT,input_box_1,D2,output_B,category_B_output_box,A5,-372.000,243.000,200.000,open,off,available,none,,placed_output,move to input safe height
forced_category_A_full,forced_category_A_full_0020_MBOX-020,MBOX-020,2,APPROACH_INPUT_SLOT,input_box_1,D2,output_B,category_B_output_box,A5,-372.000,243.000,130.000,open,off,available,none,,placed_output,approach input slot
forced_category_A_full,forced_category_A_full_0020_MBOX-020,MBOX-020,3,PICK_TUBE,input_box_1,D2,output_B,category_B_output_box,A5,-372.000,243.000,80.000,close,off,available,none,,placed_output,pick tube
forced_category_A_full,forced_category_A_full_0020_MBOX-020,MBOX-020,4,LIFT_TO_SAFE_Z,input_box_1,D2,output_B,category_B_output_box,A5,-372.000,243.000,200.000,hold,off,available,none,,placed_output,lift picked tube
forced_category_A_full,forced_category_A_full_0020_MBOX-020,MBOX-020,5,MOVE_SAFE_ABOVE_SCAN,input_box_1,D2,output_B,category_B_output_box,A5,-140.000,60.000,200.000,hold,off,available,none,,placed_output,move above scan station
forced_category_A_full,forced_category_A_full_0020_MBOX-020,MBOX-020,6,APPROACH_SCAN_STATION,input_box_1,D2,output_B,category_B_output_box,A5,-140.000,60.000,75.000,hold,off,available,none,,placed_output,approach scan station
forced_category_A_full,forced_category_A_full_0020_MBOX-020,MBOX-020,7,SCAN_BARCODE,input_box_1,D2,output_B,category_B_output_box,A5,-140.000,60.000,75.000,hold,scan,available,none,,placed_output,scan and classify
forced_category_A_full,forced_category_A_full_0020_MBOX-020,MBOX-020,8,LIFT_TO_SAFE_Z_AFTER_SCAN,input_box_1,D2,output_B,category_B_output_box,A5,-140.000,60.000,200.000,hold,off,available,none,,placed_output,lift after scan
forced_category_A_full,forced_category_A_full_0020_MBOX-020,MBOX-020,9,MOVE_SAFE_ABOVE_TARGET,input_box_1,D2,output_B,category_B_output_box,A5,412.000,212.000,200.000,hold,off,available,none,,placed_output,move above target
forced_category_A_full,forced_category_A_full_0020_MBOX-020,MBOX-020,10,APPROACH_TARGET_SLOT,input_box_1,D2,output_B,category_B_output_box,A5,412.000,212.000,130.000,hold,off,available,none,,placed_output,approach target slot
forced_category_A_full,forced_category_A_full_0020_MBOX-020,MBOX-020,11,PLACE_TUBE,input_box_1,D2,output_B,category_B_output_box,A5,412.000,212.000,70.000,open,off,available,none,,placed_output,place tube
forced_category_A_full,forced_category_A_full_0020_MBOX-020,MBOX-020,12,RETREAT_TO_SAFE_Z,input_box_1,D2,output_B,category_B_output_box,A5,412.000,212.000,200.000,open,off,available,none,,placed_output,retreat after place
forced_category_A_full,forced_category_A_full_0021_MBOX-021,MBOX-021,1,MOVE_SAFE_ABOVE_INPUT,input_box_1,D3,output_C,category_C_output_box,A5,-344.000,243.000,200.000,open,off,available,none,,placed_output,move to input safe height
forced_category_A_full,forced_category_A_full_0021_MBOX-021,MBOX-021,2,APPROACH_INPUT_SLOT,input_box_1,D3,output_C,category_C_output_box,A5,-344.000,243.000,130.000,open,off,available,none,,placed_output,approach input slot
forced_category_A_full,forced_category_A_full_0021_MBOX-021,MBOX-021,3,PICK_TUBE,input_box_1,D3,output_C,category_C_output_box,A5,-344.000,243.000,55.000,close,off,available,none,,placed_output,pick tube
forced_category_A_full,forced_category_A_full_0021_MBOX-021,MBOX-021,4,LIFT_TO_SAFE_Z,input_box_1,D3,output_C,category_C_output_box,A5,-344.000,243.000,200.000,hold,off,available,none,,placed_output,lift picked tube
forced_category_A_full,forced_category_A_full_0021_MBOX-021,MBOX-021,5,MOVE_SAFE_ABOVE_SCAN,input_box_1,D3,output_C,category_C_output_box,A5,-140.000,60.000,200.000,hold,off,available,none,,placed_output,move above scan station
forced_category_A_full,forced_category_A_full_0021_MBOX-021,MBOX-021,6,APPROACH_SCAN_STATION,input_box_1,D3,output_C,category_C_output_box,A5,-140.000,60.000,75.000,hold,off,available,none,,placed_output,approach scan station
forced_category_A_full,forced_category_A_full_0021_MBOX-021,MBOX-021,7,SCAN_BARCODE,input_box_1,D3,output_C,category_C_output_box,A5,-140.000,60.000,75.000,hold,scan,available,none,,placed_output,scan and classify
forced_category_A_full,forced_category_A_full_0021_MBOX-021,MBOX-021,8,LIFT_TO_SAFE_Z_AFTER_SCAN,input_box_1,D3,output_C,category_C_output_box,A5,-140.000,60.000,200.000,hold,off,available,none,,placed_output,lift after scan
forced_category_A_full,forced_category_A_full_0021_MBOX-021,MBOX-021,9,MOVE_SAFE_ABOVE_TARGET,input_box_1,D3,output_C,category_C_output_box,A5,202.000,2.000,200.000,hold,off,available,none,,placed_output,move above target
forced_category_A_full,forced_category_A_full_0021_MBOX-021,MBOX-021,10,APPROACH_TARGET_SLOT,input_box_1,D3,output_C,category_C_output_box,A5,202.000,2.000,130.000,hold,off,available,none,,placed_output,approach target slot
forced_category_A_full,forced_category_A_full_0021_MBOX-021,MBOX-021,11,PLACE_TUBE,input_box_1,D3,output_C,category_C_output_box,A5,202.000,2.000,45.000,open,off,available,none,,placed_output,place tube
forced_category_A_full,forced_category_A_full_0021_MBOX-021,MBOX-021,12,RETREAT_TO_SAFE_Z,input_box_1,D3,output_C,category_C_output_box,A5,202.000,2.000,200.000,open,off,available,none,,placed_output,retreat after place
forced_category_A_full,forced_category_A_full_0022_MBOX-022,MBOX-022,1,MOVE_SAFE_ABOVE_INPUT,input_box_1,D4,output_D,category_D_output_box,A5,-316.000,243.000,200.000,open,off,available,none,,placed_output,move to input safe height
forced_category_A_full,forced_category_A_full_0022_MBOX-022,MBOX-022,2,APPROACH_INPUT_SLOT,input_box_1,D4,output_D,category_D_output_box,A5,-316.000,243.000,130.000,open,off,available,none,,placed_output,approach input slot
forced_category_A_full,forced_category_A_full_0022_MBOX-022,MBOX-022,3,PICK_TUBE,input_box_1,D4,output_D,category_D_output_box,A5,-316.000,243.000,55.000,close,off,available,none,,placed_output,pick tube
forced_category_A_full,forced_category_A_full_0022_MBOX-022,MBOX-022,4,LIFT_TO_SAFE_Z,input_box_1,D4,output_D,category_D_output_box,A5,-316.000,243.000,200.000,hold,off,available,none,,placed_output,lift picked tube
forced_category_A_full,forced_category_A_full_0022_MBOX-022,MBOX-022,5,MOVE_SAFE_ABOVE_SCAN,input_box_1,D4,output_D,category_D_output_box,A5,-140.000,60.000,200.000,hold,off,available,none,,placed_output,move above scan station
forced_category_A_full,forced_category_A_full_0022_MBOX-022,MBOX-022,6,APPROACH_SCAN_STATION,input_box_1,D4,output_D,category_D_output_box,A5,-140.000,60.000,75.000,hold,off,available,none,,placed_output,approach scan station
forced_category_A_full,forced_category_A_full_0022_MBOX-022,MBOX-022,7,SCAN_BARCODE,input_box_1,D4,output_D,category_D_output_box,A5,-140.000,60.000,75.000,hold,scan,available,none,,placed_output,scan and classify
forced_category_A_full,forced_category_A_full_0022_MBOX-022,MBOX-022,8,LIFT_TO_SAFE_Z_AFTER_SCAN,input_box_1,D4,output_D,category_D_output_box,A5,-140.000,60.000,200.000,hold,off,available,none,,placed_output,lift after scan
forced_category_A_full,forced_category_A_full_0022_MBOX-022,MBOX-022,9,MOVE_SAFE_ABOVE_TARGET,input_box_1,D4,output_D,category_D_output_box,A5,412.000,2.000,200.000,hold,off,available,none,,placed_output,move above target
forced_category_A_full,forced_category_A_full_0022_MBOX-022,MBOX-022,10,APPROACH_TARGET_SLOT,input_box_1,D4,output_D,category_D_output_box,A5,412.000,2.000,130.000,hold,off,available,none,,placed_output,approach target slot
forced_category_A_full,forced_category_A_full_0022_MBOX-022,MBOX-022,11,PLACE_TUBE,input_box_1,D4,output_D,category_D_output_box,A5,412.000,2.000,45.000,open,off,available,none,,placed_output,place tube
forced_category_A_full,forced_category_A_full_0022_MBOX-022,MBOX-022,12,RETREAT_TO_SAFE_Z,input_box_1,D4,output_D,category_D_output_box,A5,412.000,2.000,200.000,open,off,available,none,,placed_output,retreat after place
forced_category_A_full,forced_category_A_full_0023_MBOX-023_queued,MBOX-023,1,SKIP_HELD_CATEGORY,input_box_1,D5,,,,-288.000,243.000,200.000,open,off,held,queued,,queued_pending,held-category sample skipped before pick and queued
forced_category_A_full,forced_category_A_full_0024_MBOX-024,MBOX-024,1,MOVE_SAFE_ABOVE_INPUT,input_box_1,D6,output_B,category_B_output_box,A6,-260.000,243.000,200.000,open,off,available,none,,placed_output,move to input safe height
forced_category_A_full,forced_category_A_full_0024_MBOX-024,MBOX-024,2,APPROACH_INPUT_SLOT,input_box_1,D6,output_B,category_B_output_box,A6,-260.000,243.000,130.000,open,off,available,none,,placed_output,approach input slot
forced_category_A_full,forced_category_A_full_0024_MBOX-024,MBOX-024,3,PICK_TUBE,input_box_1,D6,output_B,category_B_output_box,A6,-260.000,243.000,55.000,close,off,available,none,,placed_output,pick tube
forced_category_A_full,forced_category_A_full_0024_MBOX-024,MBOX-024,4,LIFT_TO_SAFE_Z,input_box_1,D6,output_B,category_B_output_box,A6,-260.000,243.000,200.000,hold,off,available,none,,placed_output,lift picked tube
forced_category_A_full,forced_category_A_full_0024_MBOX-024,MBOX-024,5,MOVE_SAFE_ABOVE_SCAN,input_box_1,D6,output_B,category_B_output_box,A6,-140.000,60.000,200.000,hold,off,available,none,,placed_output,move above scan station
forced_category_A_full,forced_category_A_full_0024_MBOX-024,MBOX-024,6,APPROACH_SCAN_STATION,input_box_1,D6,output_B,category_B_output_box,A6,-140.000,60.000,75.000,hold,off,available,none,,placed_output,approach scan station
forced_category_A_full,forced_category_A_full_0024_MBOX-024,MBOX-024,7,SCAN_BARCODE,input_box_1,D6,output_B,category_B_output_box,A6,-140.000,60.000,75.000,hold,scan,available,none,,placed_output,scan and classify
forced_category_A_full,forced_category_A_full_0024_MBOX-024,MBOX-024,8,LIFT_TO_SAFE_Z_AFTER_SCAN,input_box_1,D6,output_B,category_B_output_box,A6,-140.000,60.000,200.000,hold,off,available,none,,placed_output,lift after scan
forced_category_A_full,forced_category_A_full_0024_MBOX-024,MBOX-024,9,MOVE_SAFE_ABOVE_TARGET,input_box_1,D6,output_B,category_B_output_box,A6,440.000,212.000,200.000,hold,off,available,none,,placed_output,move above target
forced_category_A_full,forced_category_A_full_0024_MBOX-024,MBOX-024,10,APPROACH_TARGET_SLOT,input_box_1,D6,output_B,category_B_output_box,A6,440.000,212.000,130.000,hold,off,available,none,,placed_output,approach target slot
forced_category_A_full,forced_category_A_full_0024_MBOX-024,MBOX-024,11,PLACE_TUBE,input_box_1,D6,output_B,category_B_output_box,A6,440.000,212.000,45.000,open,off,available,none,,placed_output,place tube
forced_category_A_full,forced_category_A_full_0024_MBOX-024,MBOX-024,12,RETREAT_TO_SAFE_Z,input_box_1,D6,output_B,category_B_output_box,A6,440.000,212.000,200.000,open,off,available,none,,placed_output,retreat after place
forced_category_A_full,forced_category_A_full_0025_MBOX-025,MBOX-025,1,MOVE_SAFE_ABOVE_INPUT,input_box_2,A1,output_C,category_C_output_box,A6,-400.000,197.000,200.000,open,off,available,none,,placed_output,move to input safe height
forced_category_A_full,forced_category_A_full_0025_MBOX-025,MBOX-025,2,APPROACH_INPUT_SLOT,input_box_2,A1,output_C,category_C_output_box,A6,-400.000,197.000,130.000,open,off,available,none,,placed_output,approach input slot
forced_category_A_full,forced_category_A_full_0025_MBOX-025,MBOX-025,3,PICK_TUBE,input_box_2,A1,output_C,category_C_output_box,A6,-400.000,197.000,55.000,close,off,available,none,,placed_output,pick tube
forced_category_A_full,forced_category_A_full_0025_MBOX-025,MBOX-025,4,LIFT_TO_SAFE_Z,input_box_2,A1,output_C,category_C_output_box,A6,-400.000,197.000,200.000,hold,off,available,none,,placed_output,lift picked tube
forced_category_A_full,forced_category_A_full_0025_MBOX-025,MBOX-025,5,MOVE_SAFE_ABOVE_SCAN,input_box_2,A1,output_C,category_C_output_box,A6,-140.000,60.000,200.000,hold,off,available,none,,placed_output,move above scan station
forced_category_A_full,forced_category_A_full_0025_MBOX-025,MBOX-025,6,APPROACH_SCAN_STATION,input_box_2,A1,output_C,category_C_output_box,A6,-140.000,60.000,75.000,hold,off,available,none,,placed_output,approach scan station
forced_category_A_full,forced_category_A_full_0025_MBOX-025,MBOX-025,7,SCAN_BARCODE,input_box_2,A1,output_C,category_C_output_box,A6,-140.000,60.000,75.000,hold,scan,available,none,,placed_output,scan and classify
forced_category_A_full,forced_category_A_full_0025_MBOX-025,MBOX-025,8,LIFT_TO_SAFE_Z_AFTER_SCAN,input_box_2,A1,output_C,category_C_output_box,A6,-140.000,60.000,200.000,hold,off,available,none,,placed_output,lift after scan
forced_category_A_full,forced_category_A_full_0025_MBOX-025,MBOX-025,9,MOVE_SAFE_ABOVE_TARGET,input_box_2,A1,output_C,category_C_output_box,A6,230.000,2.000,200.000,hold,off,available,none,,placed_output,move above target
forced_category_A_full,forced_category_A_full_0025_MBOX-025,MBOX-025,10,APPROACH_TARGET_SLOT,input_box_2,A1,output_C,category_C_output_box,A6,230.000,2.000,130.000,hold,off,available,none,,placed_output,approach target slot
forced_category_A_full,forced_category_A_full_0025_MBOX-025,MBOX-025,11,PLACE_TUBE,input_box_2,A1,output_C,category_C_output_box,A6,230.000,2.000,45.000,open,off,available,none,,placed_output,place tube
forced_category_A_full,forced_category_A_full_0025_MBOX-025,MBOX-025,12,RETREAT_TO_SAFE_Z,input_box_2,A1,output_C,category_C_output_box,A6,230.000,2.000,200.000,open,off,available,none,,placed_output,retreat after place
forced_category_A_full,forced_category_A_full_0026_MBOX-026,MBOX-026,1,MOVE_SAFE_ABOVE_INPUT,input_box_2,A2,output_D,category_D_output_box,A6,-372.000,197.000,200.000,open,off,available,none,,placed_output,move to input safe height
forced_category_A_full,forced_category_A_full_0026_MBOX-026,MBOX-026,2,APPROACH_INPUT_SLOT,input_box_2,A2,output_D,category_D_output_box,A6,-372.000,197.000,130.000,open,off,available,none,,placed_output,approach input slot
forced_category_A_full,forced_category_A_full_0026_MBOX-026,MBOX-026,3,PICK_TUBE,input_box_2,A2,output_D,category_D_output_box,A6,-372.000,197.000,80.000,close,off,available,none,,placed_output,pick tube
forced_category_A_full,forced_category_A_full_0026_MBOX-026,MBOX-026,4,LIFT_TO_SAFE_Z,input_box_2,A2,output_D,category_D_output_box,A6,-372.000,197.000,200.000,hold,off,available,none,,placed_output,lift picked tube
forced_category_A_full,forced_category_A_full_0026_MBOX-026,MBOX-026,5,MOVE_SAFE_ABOVE_SCAN,input_box_2,A2,output_D,category_D_output_box,A6,-140.000,60.000,200.000,hold,off,available,none,,placed_output,move above scan station
forced_category_A_full,forced_category_A_full_0026_MBOX-026,MBOX-026,6,APPROACH_SCAN_STATION,input_box_2,A2,output_D,category_D_output_box,A6,-140.000,60.000,75.000,hold,off,available,none,,placed_output,approach scan station
forced_category_A_full,forced_category_A_full_0026_MBOX-026,MBOX-026,7,SCAN_BARCODE,input_box_2,A2,output_D,category_D_output_box,A6,-140.000,60.000,75.000,hold,scan,available,none,,placed_output,scan and classify
forced_category_A_full,forced_category_A_full_0026_MBOX-026,MBOX-026,8,LIFT_TO_SAFE_Z_AFTER_SCAN,input_box_2,A2,output_D,category_D_output_box,A6,-140.000,60.000,200.000,hold,off,available,none,,placed_output,lift after scan
forced_category_A_full,forced_category_A_full_0026_MBOX-026,MBOX-026,9,MOVE_SAFE_ABOVE_TARGET,input_box_2,A2,output_D,category_D_output_box,A6,440.000,2.000,200.000,hold,off,available,none,,placed_output,move above target
forced_category_A_full,forced_category_A_full_0026_MBOX-026,MBOX-026,10,APPROACH_TARGET_SLOT,input_box_2,A2,output_D,category_D_output_box,A6,440.000,2.000,130.000,hold,off,available,none,,placed_output,approach target slot
forced_category_A_full,forced_category_A_full_0026_MBOX-026,MBOX-026,11,PLACE_TUBE,input_box_2,A2,output_D,category_D_output_box,A6,440.000,2.000,70.000,open,off,available,none,,placed_output,place tube
forced_category_A_full,forced_category_A_full_0026_MBOX-026,MBOX-026,12,RETREAT_TO_SAFE_Z,input_box_2,A2,output_D,category_D_output_box,A6,440.000,2.000,200.000,open,off,available,none,,placed_output,retreat after place
forced_category_A_full,forced_category_A_full_0027_MBOX-027_queued,MBOX-027,1,SKIP_HELD_CATEGORY,input_box_2,A3,,,,-344.000,197.000,200.000,open,off,held,queued,,queued_pending,held-category sample skipped before pick and queued
forced_category_A_full,forced_category_A_full_0028_MBOX-028,MBOX-028,1,MOVE_SAFE_ABOVE_INPUT,input_box_2,A4,output_B,category_B_output_box,B1,-316.000,197.000,200.000,open,off,available,none,,placed_output,move to input safe height
forced_category_A_full,forced_category_A_full_0028_MBOX-028,MBOX-028,2,APPROACH_INPUT_SLOT,input_box_2,A4,output_B,category_B_output_box,B1,-316.000,197.000,130.000,open,off,available,none,,placed_output,approach input slot
forced_category_A_full,forced_category_A_full_0028_MBOX-028,MBOX-028,3,PICK_TUBE,input_box_2,A4,output_B,category_B_output_box,B1,-316.000,197.000,55.000,close,off,available,none,,placed_output,pick tube
forced_category_A_full,forced_category_A_full_0028_MBOX-028,MBOX-028,4,LIFT_TO_SAFE_Z,input_box_2,A4,output_B,category_B_output_box,B1,-316.000,197.000,200.000,hold,off,available,none,,placed_output,lift picked tube
forced_category_A_full,forced_category_A_full_0028_MBOX-028,MBOX-028,5,MOVE_SAFE_ABOVE_SCAN,input_box_2,A4,output_B,category_B_output_box,B1,-140.000,60.000,200.000,hold,off,available,none,,placed_output,move above scan station
forced_category_A_full,forced_category_A_full_0028_MBOX-028,MBOX-028,6,APPROACH_SCAN_STATION,input_box_2,A4,output_B,category_B_output_box,B1,-140.000,60.000,75.000,hold,off,available,none,,placed_output,approach scan station
forced_category_A_full,forced_category_A_full_0028_MBOX-028,MBOX-028,7,SCAN_BARCODE,input_box_2,A4,output_B,category_B_output_box,B1,-140.000,60.000,75.000,hold,scan,available,none,,placed_output,scan and classify
forced_category_A_full,forced_category_A_full_0028_MBOX-028,MBOX-028,8,LIFT_TO_SAFE_Z_AFTER_SCAN,input_box_2,A4,output_B,category_B_output_box,B1,-140.000,60.000,200.000,hold,off,available,none,,placed_output,lift after scan
forced_category_A_full,forced_category_A_full_0028_MBOX-028,MBOX-028,9,MOVE_SAFE_ABOVE_TARGET,input_box_2,A4,output_B,category_B_output_box,B1,300.000,184.000,200.000,hold,off,available,none,,placed_output,move above target
forced_category_A_full,forced_category_A_full_0028_MBOX-028,MBOX-028,10,APPROACH_TARGET_SLOT,input_box_2,A4,output_B,category_B_output_box,B1,300.000,184.000,130.000,hold,off,available,none,,placed_output,approach target slot
forced_category_A_full,forced_category_A_full_0028_MBOX-028,MBOX-028,11,PLACE_TUBE,input_box_2,A4,output_B,category_B_output_box,B1,300.000,184.000,45.000,open,off,available,none,,placed_output,place tube
forced_category_A_full,forced_category_A_full_0028_MBOX-028,MBOX-028,12,RETREAT_TO_SAFE_Z,input_box_2,A4,output_B,category_B_output_box,B1,300.000,184.000,200.000,open,off,available,none,,placed_output,retreat after place
forced_category_A_full,forced_category_A_full_0029_MBOX-029,MBOX-029,1,MOVE_SAFE_ABOVE_INPUT,input_box_2,A5,output_C,category_C_output_box,B1,-288.000,197.000,200.000,open,off,available,none,,placed_output,move to input safe height
forced_category_A_full,forced_category_A_full_0029_MBOX-029,MBOX-029,2,APPROACH_INPUT_SLOT,input_box_2,A5,output_C,category_C_output_box,B1,-288.000,197.000,130.000,open,off,available,none,,placed_output,approach input slot
forced_category_A_full,forced_category_A_full_0029_MBOX-029,MBOX-029,3,PICK_TUBE,input_box_2,A5,output_C,category_C_output_box,B1,-288.000,197.000,80.000,close,off,available,none,,placed_output,pick tube
forced_category_A_full,forced_category_A_full_0029_MBOX-029,MBOX-029,4,LIFT_TO_SAFE_Z,input_box_2,A5,output_C,category_C_output_box,B1,-288.000,197.000,200.000,hold,off,available,none,,placed_output,lift picked tube
forced_category_A_full,forced_category_A_full_0029_MBOX-029,MBOX-029,5,MOVE_SAFE_ABOVE_SCAN,input_box_2,A5,output_C,category_C_output_box,B1,-140.000,60.000,200.000,hold,off,available,none,,placed_output,move above scan station
forced_category_A_full,forced_category_A_full_0029_MBOX-029,MBOX-029,6,APPROACH_SCAN_STATION,input_box_2,A5,output_C,category_C_output_box,B1,-140.000,60.000,75.000,hold,off,available,none,,placed_output,approach scan station
forced_category_A_full,forced_category_A_full_0029_MBOX-029,MBOX-029,7,SCAN_BARCODE,input_box_2,A5,output_C,category_C_output_box,B1,-140.000,60.000,75.000,hold,scan,available,none,,placed_output,scan and classify
forced_category_A_full,forced_category_A_full_0029_MBOX-029,MBOX-029,8,LIFT_TO_SAFE_Z_AFTER_SCAN,input_box_2,A5,output_C,category_C_output_box,B1,-140.000,60.000,200.000,hold,off,available,none,,placed_output,lift after scan
forced_category_A_full,forced_category_A_full_0029_MBOX-029,MBOX-029,9,MOVE_SAFE_ABOVE_TARGET,input_box_2,A5,output_C,category_C_output_box,B1,90.000,-26.000,200.000,hold,off,available,none,,placed_output,move above target
forced_category_A_full,forced_category_A_full_0029_MBOX-029,MBOX-029,10,APPROACH_TARGET_SLOT,input_box_2,A5,output_C,category_C_output_box,B1,90.000,-26.000,130.000,hold,off,available,none,,placed_output,approach target slot
forced_category_A_full,forced_category_A_full_0029_MBOX-029,MBOX-029,11,PLACE_TUBE,input_box_2,A5,output_C,category_C_output_box,B1,90.000,-26.000,70.000,open,off,available,none,,placed_output,place tube
forced_category_A_full,forced_category_A_full_0029_MBOX-029,MBOX-029,12,RETREAT_TO_SAFE_Z,input_box_2,A5,output_C,category_C_output_box,B1,90.000,-26.000,200.000,open,off,available,none,,placed_output,retreat after place
forced_category_A_full,forced_category_A_full_0030_MBOX-030,MBOX-030,1,MOVE_SAFE_ABOVE_INPUT,input_box_2,A6,output_D,category_D_output_box,B1,-260.000,197.000,200.000,open,off,available,none,,placed_output,move to input safe height
forced_category_A_full,forced_category_A_full_0030_MBOX-030,MBOX-030,2,APPROACH_INPUT_SLOT,input_box_2,A6,output_D,category_D_output_box,B1,-260.000,197.000,130.000,open,off,available,none,,placed_output,approach input slot
forced_category_A_full,forced_category_A_full_0030_MBOX-030,MBOX-030,3,PICK_TUBE,input_box_2,A6,output_D,category_D_output_box,B1,-260.000,197.000,55.000,close,off,available,none,,placed_output,pick tube
forced_category_A_full,forced_category_A_full_0030_MBOX-030,MBOX-030,4,LIFT_TO_SAFE_Z,input_box_2,A6,output_D,category_D_output_box,B1,-260.000,197.000,200.000,hold,off,available,none,,placed_output,lift picked tube
forced_category_A_full,forced_category_A_full_0030_MBOX-030,MBOX-030,5,MOVE_SAFE_ABOVE_SCAN,input_box_2,A6,output_D,category_D_output_box,B1,-140.000,60.000,200.000,hold,off,available,none,,placed_output,move above scan station
forced_category_A_full,forced_category_A_full_0030_MBOX-030,MBOX-030,6,APPROACH_SCAN_STATION,input_box_2,A6,output_D,category_D_output_box,B1,-140.000,60.000,75.000,hold,off,available,none,,placed_output,approach scan station
forced_category_A_full,forced_category_A_full_0030_MBOX-030,MBOX-030,7,SCAN_BARCODE,input_box_2,A6,output_D,category_D_output_box,B1,-140.000,60.000,75.000,hold,scan,available,none,,placed_output,scan and classify
forced_category_A_full,forced_category_A_full_0030_MBOX-030,MBOX-030,8,LIFT_TO_SAFE_Z_AFTER_SCAN,input_box_2,A6,output_D,category_D_output_box,B1,-140.000,60.000,200.000,hold,off,available,none,,placed_output,lift after scan
forced_category_A_full,forced_category_A_full_0030_MBOX-030,MBOX-030,9,MOVE_SAFE_ABOVE_TARGET,input_box_2,A6,output_D,category_D_output_box,B1,300.000,-26.000,200.000,hold,off,available,none,,placed_output,move above target
forced_category_A_full,forced_category_A_full_0030_MBOX-030,MBOX-030,10,APPROACH_TARGET_SLOT,input_box_2,A6,output_D,category_D_output_box,B1,300.000,-26.000,130.000,hold,off,available,none,,placed_output,approach target slot
forced_category_A_full,forced_category_A_full_0030_MBOX-030,MBOX-030,11,PLACE_TUBE,input_box_2,A6,output_D,category_D_output_box,B1,300.000,-26.000,45.000,open,off,available,none,,placed_output,place tube
forced_category_A_full,forced_category_A_full_0030_MBOX-030,MBOX-030,12,RETREAT_TO_SAFE_Z,input_box_2,A6,output_D,category_D_output_box,B1,300.000,-26.000,200.000,open,off,available,none,,placed_output,retreat after place
forced_category_A_full,forced_category_A_full_0031_MBOX-031_queued,MBOX-031,1,SKIP_HELD_CATEGORY,input_box_2,B1,,,,-400.000,169.000,200.000,open,off,held,queued,,queued_pending,held-category sample skipped before pick and queued
forced_category_A_full,forced_category_A_full_0032_MBOX-032,MBOX-032,1,MOVE_SAFE_ABOVE_INPUT,input_box_2,B2,output_B,category_B_output_box,B2,-372.000,169.000,200.000,open,off,available,none,,placed_output,move to input safe height
forced_category_A_full,forced_category_A_full_0032_MBOX-032,MBOX-032,2,APPROACH_INPUT_SLOT,input_box_2,B2,output_B,category_B_output_box,B2,-372.000,169.000,130.000,open,off,available,none,,placed_output,approach input slot
forced_category_A_full,forced_category_A_full_0032_MBOX-032,MBOX-032,3,PICK_TUBE,input_box_2,B2,output_B,category_B_output_box,B2,-372.000,169.000,80.000,close,off,available,none,,placed_output,pick tube
forced_category_A_full,forced_category_A_full_0032_MBOX-032,MBOX-032,4,LIFT_TO_SAFE_Z,input_box_2,B2,output_B,category_B_output_box,B2,-372.000,169.000,200.000,hold,off,available,none,,placed_output,lift picked tube
forced_category_A_full,forced_category_A_full_0032_MBOX-032,MBOX-032,5,MOVE_SAFE_ABOVE_SCAN,input_box_2,B2,output_B,category_B_output_box,B2,-140.000,60.000,200.000,hold,off,available,none,,placed_output,move above scan station
forced_category_A_full,forced_category_A_full_0032_MBOX-032,MBOX-032,6,APPROACH_SCAN_STATION,input_box_2,B2,output_B,category_B_output_box,B2,-140.000,60.000,75.000,hold,off,available,none,,placed_output,approach scan station
forced_category_A_full,forced_category_A_full_0032_MBOX-032,MBOX-032,7,SCAN_BARCODE,input_box_2,B2,output_B,category_B_output_box,B2,-140.000,60.000,75.000,hold,scan,available,none,,placed_output,scan and classify
forced_category_A_full,forced_category_A_full_0032_MBOX-032,MBOX-032,8,LIFT_TO_SAFE_Z_AFTER_SCAN,input_box_2,B2,output_B,category_B_output_box,B2,-140.000,60.000,200.000,hold,off,available,none,,placed_output,lift after scan
forced_category_A_full,forced_category_A_full_0032_MBOX-032,MBOX-032,9,MOVE_SAFE_ABOVE_TARGET,input_box_2,B2,output_B,category_B_output_box,B2,328.000,184.000,200.000,hold,off,available,none,,placed_output,move above target
forced_category_A_full,forced_category_A_full_0032_MBOX-032,MBOX-032,10,APPROACH_TARGET_SLOT,input_box_2,B2,output_B,category_B_output_box,B2,328.000,184.000,130.000,hold,off,available,none,,placed_output,approach target slot
forced_category_A_full,forced_category_A_full_0032_MBOX-032,MBOX-032,11,PLACE_TUBE,input_box_2,B2,output_B,category_B_output_box,B2,328.000,184.000,70.000,open,off,available,none,,placed_output,place tube
forced_category_A_full,forced_category_A_full_0032_MBOX-032,MBOX-032,12,RETREAT_TO_SAFE_Z,input_box_2,B2,output_B,category_B_output_box,B2,328.000,184.000,200.000,open,off,available,none,,placed_output,retreat after place
forced_category_A_full,forced_category_A_full_0033_MBOX-033,MBOX-033,1,MOVE_SAFE_ABOVE_INPUT,input_box_2,B3,output_C,category_C_output_box,B2,-344.000,169.000,200.000,open,off,available,none,,placed_output,move to input safe height
forced_category_A_full,forced_category_A_full_0033_MBOX-033,MBOX-033,2,APPROACH_INPUT_SLOT,input_box_2,B3,output_C,category_C_output_box,B2,-344.000,169.000,130.000,open,off,available,none,,placed_output,approach input slot
forced_category_A_full,forced_category_A_full_0033_MBOX-033,MBOX-033,3,PICK_TUBE,input_box_2,B3,output_C,category_C_output_box,B2,-344.000,169.000,55.000,close,off,available,none,,placed_output,pick tube
forced_category_A_full,forced_category_A_full_0033_MBOX-033,MBOX-033,4,LIFT_TO_SAFE_Z,input_box_2,B3,output_C,category_C_output_box,B2,-344.000,169.000,200.000,hold,off,available,none,,placed_output,lift picked tube
forced_category_A_full,forced_category_A_full_0033_MBOX-033,MBOX-033,5,MOVE_SAFE_ABOVE_SCAN,input_box_2,B3,output_C,category_C_output_box,B2,-140.000,60.000,200.000,hold,off,available,none,,placed_output,move above scan station
forced_category_A_full,forced_category_A_full_0033_MBOX-033,MBOX-033,6,APPROACH_SCAN_STATION,input_box_2,B3,output_C,category_C_output_box,B2,-140.000,60.000,75.000,hold,off,available,none,,placed_output,approach scan station
forced_category_A_full,forced_category_A_full_0033_MBOX-033,MBOX-033,7,SCAN_BARCODE,input_box_2,B3,output_C,category_C_output_box,B2,-140.000,60.000,75.000,hold,scan,available,none,,placed_output,scan and classify
forced_category_A_full,forced_category_A_full_0033_MBOX-033,MBOX-033,8,LIFT_TO_SAFE_Z_AFTER_SCAN,input_box_2,B3,output_C,category_C_output_box,B2,-140.000,60.000,200.000,hold,off,available,none,,placed_output,lift after scan
forced_category_A_full,forced_category_A_full_0033_MBOX-033,MBOX-033,9,MOVE_SAFE_ABOVE_TARGET,input_box_2,B3,output_C,category_C_output_box,B2,118.000,-26.000,200.000,hold,off,available,none,,placed_output,move above target
forced_category_A_full,forced_category_A_full_0033_MBOX-033,MBOX-033,10,APPROACH_TARGET_SLOT,input_box_2,B3,output_C,category_C_output_box,B2,118.000,-26.000,130.000,hold,off,available,none,,placed_output,approach target slot
forced_category_A_full,forced_category_A_full_0033_MBOX-033,MBOX-033,11,PLACE_TUBE,input_box_2,B3,output_C,category_C_output_box,B2,118.000,-26.000,45.000,open,off,available,none,,placed_output,place tube
forced_category_A_full,forced_category_A_full_0033_MBOX-033,MBOX-033,12,RETREAT_TO_SAFE_Z,input_box_2,B3,output_C,category_C_output_box,B2,118.000,-26.000,200.000,open,off,available,none,,placed_output,retreat after place
forced_category_A_full,forced_category_A_full_0034_MBOX-034,MBOX-034,1,MOVE_SAFE_ABOVE_INPUT,input_box_2,B4,output_D,category_D_output_box,B2,-316.000,169.000,200.000,open,off,available,none,,placed_output,move to input safe height
forced_category_A_full,forced_category_A_full_0034_MBOX-034,MBOX-034,2,APPROACH_INPUT_SLOT,input_box_2,B4,output_D,category_D_output_box,B2,-316.000,169.000,130.000,open,off,available,none,,placed_output,approach input slot
forced_category_A_full,forced_category_A_full_0034_MBOX-034,MBOX-034,3,PICK_TUBE,input_box_2,B4,output_D,category_D_output_box,B2,-316.000,169.000,55.000,close,off,available,none,,placed_output,pick tube
forced_category_A_full,forced_category_A_full_0034_MBOX-034,MBOX-034,4,LIFT_TO_SAFE_Z,input_box_2,B4,output_D,category_D_output_box,B2,-316.000,169.000,200.000,hold,off,available,none,,placed_output,lift picked tube
forced_category_A_full,forced_category_A_full_0034_MBOX-034,MBOX-034,5,MOVE_SAFE_ABOVE_SCAN,input_box_2,B4,output_D,category_D_output_box,B2,-140.000,60.000,200.000,hold,off,available,none,,placed_output,move above scan station
forced_category_A_full,forced_category_A_full_0034_MBOX-034,MBOX-034,6,APPROACH_SCAN_STATION,input_box_2,B4,output_D,category_D_output_box,B2,-140.000,60.000,75.000,hold,off,available,none,,placed_output,approach scan station
forced_category_A_full,forced_category_A_full_0034_MBOX-034,MBOX-034,7,SCAN_BARCODE,input_box_2,B4,output_D,category_D_output_box,B2,-140.000,60.000,75.000,hold,scan,available,none,,placed_output,scan and classify
forced_category_A_full,forced_category_A_full_0034_MBOX-034,MBOX-034,8,LIFT_TO_SAFE_Z_AFTER_SCAN,input_box_2,B4,output_D,category_D_output_box,B2,-140.000,60.000,200.000,hold,off,available,none,,placed_output,lift after scan
forced_category_A_full,forced_category_A_full_0034_MBOX-034,MBOX-034,9,MOVE_SAFE_ABOVE_TARGET,input_box_2,B4,output_D,category_D_output_box,B2,328.000,-26.000,200.000,hold,off,available,none,,placed_output,move above target
forced_category_A_full,forced_category_A_full_0034_MBOX-034,MBOX-034,10,APPROACH_TARGET_SLOT,input_box_2,B4,output_D,category_D_output_box,B2,328.000,-26.000,130.000,hold,off,available,none,,placed_output,approach target slot
forced_category_A_full,forced_category_A_full_0034_MBOX-034,MBOX-034,11,PLACE_TUBE,input_box_2,B4,output_D,category_D_output_box,B2,328.000,-26.000,45.000,open,off,available,none,,placed_output,place tube
forced_category_A_full,forced_category_A_full_0034_MBOX-034,MBOX-034,12,RETREAT_TO_SAFE_Z,input_box_2,B4,output_D,category_D_output_box,B2,328.000,-26.000,200.000,open,off,available,none,,placed_output,retreat after place
forced_category_A_full,forced_category_A_full_0035_MBOX-035_queued,MBOX-035,1,SKIP_HELD_CATEGORY,input_box_2,B5,,,,-288.000,169.000,200.000,open,off,held,queued,,queued_pending,held-category sample skipped before pick and queued
forced_category_A_full,forced_category_A_full_0036_MBOX-036,MBOX-036,1,MOVE_SAFE_ABOVE_INPUT,input_box_2,B6,output_B,category_B_output_box,B3,-260.000,169.000,200.000,open,off,available,none,,placed_output,move to input safe height
forced_category_A_full,forced_category_A_full_0036_MBOX-036,MBOX-036,2,APPROACH_INPUT_SLOT,input_box_2,B6,output_B,category_B_output_box,B3,-260.000,169.000,130.000,open,off,available,none,,placed_output,approach input slot
forced_category_A_full,forced_category_A_full_0036_MBOX-036,MBOX-036,3,PICK_TUBE,input_box_2,B6,output_B,category_B_output_box,B3,-260.000,169.000,55.000,close,off,available,none,,placed_output,pick tube
forced_category_A_full,forced_category_A_full_0036_MBOX-036,MBOX-036,4,LIFT_TO_SAFE_Z,input_box_2,B6,output_B,category_B_output_box,B3,-260.000,169.000,200.000,hold,off,available,none,,placed_output,lift picked tube
forced_category_A_full,forced_category_A_full_0036_MBOX-036,MBOX-036,5,MOVE_SAFE_ABOVE_SCAN,input_box_2,B6,output_B,category_B_output_box,B3,-140.000,60.000,200.000,hold,off,available,none,,placed_output,move above scan station
forced_category_A_full,forced_category_A_full_0036_MBOX-036,MBOX-036,6,APPROACH_SCAN_STATION,input_box_2,B6,output_B,category_B_output_box,B3,-140.000,60.000,75.000,hold,off,available,none,,placed_output,approach scan station
forced_category_A_full,forced_category_A_full_0036_MBOX-036,MBOX-036,7,SCAN_BARCODE,input_box_2,B6,output_B,category_B_output_box,B3,-140.000,60.000,75.000,hold,scan,available,none,,placed_output,scan and classify
forced_category_A_full,forced_category_A_full_0036_MBOX-036,MBOX-036,8,LIFT_TO_SAFE_Z_AFTER_SCAN,input_box_2,B6,output_B,category_B_output_box,B3,-140.000,60.000,200.000,hold,off,available,none,,placed_output,lift after scan
forced_category_A_full,forced_category_A_full_0036_MBOX-036,MBOX-036,9,MOVE_SAFE_ABOVE_TARGET,input_box_2,B6,output_B,category_B_output_box,B3,356.000,184.000,200.000,hold,off,available,none,,placed_output,move above target
forced_category_A_full,forced_category_A_full_0036_MBOX-036,MBOX-036,10,APPROACH_TARGET_SLOT,input_box_2,B6,output_B,category_B_output_box,B3,356.000,184.000,130.000,hold,off,available,none,,placed_output,approach target slot
forced_category_A_full,forced_category_A_full_0036_MBOX-036,MBOX-036,11,PLACE_TUBE,input_box_2,B6,output_B,category_B_output_box,B3,356.000,184.000,45.000,open,off,available,none,,placed_output,place tube
forced_category_A_full,forced_category_A_full_0036_MBOX-036,MBOX-036,12,RETREAT_TO_SAFE_Z,input_box_2,B6,output_B,category_B_output_box,B3,356.000,184.000,200.000,open,off,available,none,,placed_output,retreat after place
forced_category_A_full,forced_category_A_full_0037_MBOX-037,MBOX-037,1,MOVE_SAFE_ABOVE_INPUT,input_box_2,C1,manual_review,manual_review_bin,A3,-400.000,141.000,200.000,open,off,not_applicable,none,,placed_manual_review,move to input safe height
forced_category_A_full,forced_category_A_full_0037_MBOX-037,MBOX-037,2,APPROACH_INPUT_SLOT,input_box_2,C1,manual_review,manual_review_bin,A3,-400.000,141.000,130.000,open,off,not_applicable,none,,placed_manual_review,approach input slot
forced_category_A_full,forced_category_A_full_0037_MBOX-037,MBOX-037,3,PICK_TUBE,input_box_2,C1,manual_review,manual_review_bin,A3,-400.000,141.000,55.000,close,off,not_applicable,none,,placed_manual_review,pick tube
forced_category_A_full,forced_category_A_full_0037_MBOX-037,MBOX-037,4,LIFT_TO_SAFE_Z,input_box_2,C1,manual_review,manual_review_bin,A3,-400.000,141.000,200.000,hold,off,not_applicable,none,,placed_manual_review,lift picked tube
forced_category_A_full,forced_category_A_full_0037_MBOX-037,MBOX-037,5,MOVE_SAFE_ABOVE_SCAN,input_box_2,C1,manual_review,manual_review_bin,A3,-140.000,60.000,200.000,hold,off,not_applicable,none,,placed_manual_review,move above scan station
forced_category_A_full,forced_category_A_full_0037_MBOX-037,MBOX-037,6,APPROACH_SCAN_STATION,input_box_2,C1,manual_review,manual_review_bin,A3,-140.000,60.000,75.000,hold,off,not_applicable,none,,placed_manual_review,approach scan station
forced_category_A_full,forced_category_A_full_0037_MBOX-037,MBOX-037,7,SCAN_BARCODE,input_box_2,C1,manual_review,manual_review_bin,A3,-140.000,60.000,75.000,hold,scan,not_applicable,none,,placed_manual_review,scan and classify
forced_category_A_full,forced_category_A_full_0037_MBOX-037,MBOX-037,8,LIFT_TO_SAFE_Z_AFTER_SCAN,input_box_2,C1,manual_review,manual_review_bin,A3,-140.000,60.000,200.000,hold,off,not_applicable,none,,placed_manual_review,lift after scan
forced_category_A_full,forced_category_A_full_0037_MBOX-037,MBOX-037,9,MOVE_SAFE_ABOVE_TARGET,input_box_2,C1,manual_review,manual_review_bin,A3,-152.000,-286.000,200.000,hold,off,not_applicable,none,,placed_manual_review,move above target
forced_category_A_full,forced_category_A_full_0037_MBOX-037,MBOX-037,10,APPROACH_TARGET_SLOT,input_box_2,C1,manual_review,manual_review_bin,A3,-152.000,-286.000,130.000,hold,off,not_applicable,none,,placed_manual_review,approach target slot
forced_category_A_full,forced_category_A_full_0037_MBOX-037,MBOX-037,11,PLACE_TUBE,input_box_2,C1,manual_review,manual_review_bin,A3,-152.000,-286.000,45.000,open,off,not_applicable,none,,placed_manual_review,place tube
forced_category_A_full,forced_category_A_full_0037_MBOX-037,MBOX-037,12,RETREAT_TO_SAFE_Z,input_box_2,C1,manual_review,manual_review_bin,A3,-152.000,-286.000,200.000,open,off,not_applicable,none,,placed_manual_review,retreat after place
forced_category_A_full,forced_category_A_full_0038_MBOX-038,MBOX-038,1,MOVE_SAFE_ABOVE_INPUT,input_box_2,C2,output_C,category_C_output_box,B3,-372.000,141.000,200.000,open,off,available,none,,placed_output,move to input safe height
forced_category_A_full,forced_category_A_full_0038_MBOX-038,MBOX-038,2,APPROACH_INPUT_SLOT,input_box_2,C2,output_C,category_C_output_box,B3,-372.000,141.000,130.000,open,off,available,none,,placed_output,approach input slot
forced_category_A_full,forced_category_A_full_0038_MBOX-038,MBOX-038,3,PICK_TUBE,input_box_2,C2,output_C,category_C_output_box,B3,-372.000,141.000,80.000,close,off,available,none,,placed_output,pick tube
forced_category_A_full,forced_category_A_full_0038_MBOX-038,MBOX-038,4,LIFT_TO_SAFE_Z,input_box_2,C2,output_C,category_C_output_box,B3,-372.000,141.000,200.000,hold,off,available,none,,placed_output,lift picked tube
forced_category_A_full,forced_category_A_full_0038_MBOX-038,MBOX-038,5,MOVE_SAFE_ABOVE_SCAN,input_box_2,C2,output_C,category_C_output_box,B3,-140.000,60.000,200.000,hold,off,available,none,,placed_output,move above scan station
forced_category_A_full,forced_category_A_full_0038_MBOX-038,MBOX-038,6,APPROACH_SCAN_STATION,input_box_2,C2,output_C,category_C_output_box,B3,-140.000,60.000,75.000,hold,off,available,none,,placed_output,approach scan station
forced_category_A_full,forced_category_A_full_0038_MBOX-038,MBOX-038,7,SCAN_BARCODE,input_box_2,C2,output_C,category_C_output_box,B3,-140.000,60.000,75.000,hold,scan,available,none,,placed_output,scan and classify
forced_category_A_full,forced_category_A_full_0038_MBOX-038,MBOX-038,8,LIFT_TO_SAFE_Z_AFTER_SCAN,input_box_2,C2,output_C,category_C_output_box,B3,-140.000,60.000,200.000,hold,off,available,none,,placed_output,lift after scan
forced_category_A_full,forced_category_A_full_0038_MBOX-038,MBOX-038,9,MOVE_SAFE_ABOVE_TARGET,input_box_2,C2,output_C,category_C_output_box,B3,146.000,-26.000,200.000,hold,off,available,none,,placed_output,move above target
forced_category_A_full,forced_category_A_full_0038_MBOX-038,MBOX-038,10,APPROACH_TARGET_SLOT,input_box_2,C2,output_C,category_C_output_box,B3,146.000,-26.000,130.000,hold,off,available,none,,placed_output,approach target slot
forced_category_A_full,forced_category_A_full_0038_MBOX-038,MBOX-038,11,PLACE_TUBE,input_box_2,C2,output_C,category_C_output_box,B3,146.000,-26.000,70.000,open,off,available,none,,placed_output,place tube
forced_category_A_full,forced_category_A_full_0038_MBOX-038,MBOX-038,12,RETREAT_TO_SAFE_Z,input_box_2,C2,output_C,category_C_output_box,B3,146.000,-26.000,200.000,open,off,available,none,,placed_output,retreat after place
forced_category_A_full,forced_category_A_full_0039_MBOX-039,MBOX-039,1,MOVE_SAFE_ABOVE_INPUT,input_box_2,C3,output_D,category_D_output_box,B3,-344.000,141.000,200.000,open,off,available,none,,placed_output,move to input safe height
forced_category_A_full,forced_category_A_full_0039_MBOX-039,MBOX-039,2,APPROACH_INPUT_SLOT,input_box_2,C3,output_D,category_D_output_box,B3,-344.000,141.000,130.000,open,off,available,none,,placed_output,approach input slot
forced_category_A_full,forced_category_A_full_0039_MBOX-039,MBOX-039,3,PICK_TUBE,input_box_2,C3,output_D,category_D_output_box,B3,-344.000,141.000,55.000,close,off,available,none,,placed_output,pick tube
forced_category_A_full,forced_category_A_full_0039_MBOX-039,MBOX-039,4,LIFT_TO_SAFE_Z,input_box_2,C3,output_D,category_D_output_box,B3,-344.000,141.000,200.000,hold,off,available,none,,placed_output,lift picked tube
forced_category_A_full,forced_category_A_full_0039_MBOX-039,MBOX-039,5,MOVE_SAFE_ABOVE_SCAN,input_box_2,C3,output_D,category_D_output_box,B3,-140.000,60.000,200.000,hold,off,available,none,,placed_output,move above scan station
forced_category_A_full,forced_category_A_full_0039_MBOX-039,MBOX-039,6,APPROACH_SCAN_STATION,input_box_2,C3,output_D,category_D_output_box,B3,-140.000,60.000,75.000,hold,off,available,none,,placed_output,approach scan station
forced_category_A_full,forced_category_A_full_0039_MBOX-039,MBOX-039,7,SCAN_BARCODE,input_box_2,C3,output_D,category_D_output_box,B3,-140.000,60.000,75.000,hold,scan,available,none,,placed_output,scan and classify
forced_category_A_full,forced_category_A_full_0039_MBOX-039,MBOX-039,8,LIFT_TO_SAFE_Z_AFTER_SCAN,input_box_2,C3,output_D,category_D_output_box,B3,-140.000,60.000,200.000,hold,off,available,none,,placed_output,lift after scan
forced_category_A_full,forced_category_A_full_0039_MBOX-039,MBOX-039,9,MOVE_SAFE_ABOVE_TARGET,input_box_2,C3,output_D,category_D_output_box,B3,356.000,-26.000,200.000,hold,off,available,none,,placed_output,move above target
forced_category_A_full,forced_category_A_full_0039_MBOX-039,MBOX-039,10,APPROACH_TARGET_SLOT,input_box_2,C3,output_D,category_D_output_box,B3,356.000,-26.000,130.000,hold,off,available,none,,placed_output,approach target slot
forced_category_A_full,forced_category_A_full_0039_MBOX-039,MBOX-039,11,PLACE_TUBE,input_box_2,C3,output_D,category_D_output_box,B3,356.000,-26.000,45.000,open,off,available,none,,placed_output,place tube
forced_category_A_full,forced_category_A_full_0039_MBOX-039,MBOX-039,12,RETREAT_TO_SAFE_Z,input_box_2,C3,output_D,category_D_output_box,B3,356.000,-26.000,200.000,open,off,available,none,,placed_output,retreat after place
forced_category_A_full,forced_category_A_full_0040_MBOX-040_queued,MBOX-040,1,SKIP_HELD_CATEGORY,input_box_2,C4,,,,-316.000,141.000,200.000,open,off,held,queued,,queued_pending,held-category sample skipped before pick and queued
forced_category_A_full,forced_category_A_full_0041_MBOX-041,MBOX-041,1,MOVE_SAFE_ABOVE_INPUT,input_box_2,C5,output_B,category_B_output_box,B4,-288.000,141.000,200.000,open,off,available,none,,placed_output,move to input safe height
forced_category_A_full,forced_category_A_full_0041_MBOX-041,MBOX-041,2,APPROACH_INPUT_SLOT,input_box_2,C5,output_B,category_B_output_box,B4,-288.000,141.000,130.000,open,off,available,none,,placed_output,approach input slot
forced_category_A_full,forced_category_A_full_0041_MBOX-041,MBOX-041,3,PICK_TUBE,input_box_2,C5,output_B,category_B_output_box,B4,-288.000,141.000,80.000,close,off,available,none,,placed_output,pick tube
forced_category_A_full,forced_category_A_full_0041_MBOX-041,MBOX-041,4,LIFT_TO_SAFE_Z,input_box_2,C5,output_B,category_B_output_box,B4,-288.000,141.000,200.000,hold,off,available,none,,placed_output,lift picked tube
forced_category_A_full,forced_category_A_full_0041_MBOX-041,MBOX-041,5,MOVE_SAFE_ABOVE_SCAN,input_box_2,C5,output_B,category_B_output_box,B4,-140.000,60.000,200.000,hold,off,available,none,,placed_output,move above scan station
forced_category_A_full,forced_category_A_full_0041_MBOX-041,MBOX-041,6,APPROACH_SCAN_STATION,input_box_2,C5,output_B,category_B_output_box,B4,-140.000,60.000,75.000,hold,off,available,none,,placed_output,approach scan station
forced_category_A_full,forced_category_A_full_0041_MBOX-041,MBOX-041,7,SCAN_BARCODE,input_box_2,C5,output_B,category_B_output_box,B4,-140.000,60.000,75.000,hold,scan,available,none,,placed_output,scan and classify
forced_category_A_full,forced_category_A_full_0041_MBOX-041,MBOX-041,8,LIFT_TO_SAFE_Z_AFTER_SCAN,input_box_2,C5,output_B,category_B_output_box,B4,-140.000,60.000,200.000,hold,off,available,none,,placed_output,lift after scan
forced_category_A_full,forced_category_A_full_0041_MBOX-041,MBOX-041,9,MOVE_SAFE_ABOVE_TARGET,input_box_2,C5,output_B,category_B_output_box,B4,384.000,184.000,200.000,hold,off,available,none,,placed_output,move above target
forced_category_A_full,forced_category_A_full_0041_MBOX-041,MBOX-041,10,APPROACH_TARGET_SLOT,input_box_2,C5,output_B,category_B_output_box,B4,384.000,184.000,130.000,hold,off,available,none,,placed_output,approach target slot
forced_category_A_full,forced_category_A_full_0041_MBOX-041,MBOX-041,11,PLACE_TUBE,input_box_2,C5,output_B,category_B_output_box,B4,384.000,184.000,70.000,open,off,available,none,,placed_output,place tube
forced_category_A_full,forced_category_A_full_0041_MBOX-041,MBOX-041,12,RETREAT_TO_SAFE_Z,input_box_2,C5,output_B,category_B_output_box,B4,384.000,184.000,200.000,open,off,available,none,,placed_output,retreat after place
forced_category_A_full,forced_category_A_full_0042_MBOX-042,MBOX-042,1,MOVE_SAFE_ABOVE_INPUT,input_box_2,C6,output_C,category_C_output_box,B4,-260.000,141.000,200.000,open,off,available,none,,placed_output,move to input safe height
forced_category_A_full,forced_category_A_full_0042_MBOX-042,MBOX-042,2,APPROACH_INPUT_SLOT,input_box_2,C6,output_C,category_C_output_box,B4,-260.000,141.000,130.000,open,off,available,none,,placed_output,approach input slot
forced_category_A_full,forced_category_A_full_0042_MBOX-042,MBOX-042,3,PICK_TUBE,input_box_2,C6,output_C,category_C_output_box,B4,-260.000,141.000,55.000,close,off,available,none,,placed_output,pick tube
forced_category_A_full,forced_category_A_full_0042_MBOX-042,MBOX-042,4,LIFT_TO_SAFE_Z,input_box_2,C6,output_C,category_C_output_box,B4,-260.000,141.000,200.000,hold,off,available,none,,placed_output,lift picked tube
forced_category_A_full,forced_category_A_full_0042_MBOX-042,MBOX-042,5,MOVE_SAFE_ABOVE_SCAN,input_box_2,C6,output_C,category_C_output_box,B4,-140.000,60.000,200.000,hold,off,available,none,,placed_output,move above scan station
forced_category_A_full,forced_category_A_full_0042_MBOX-042,MBOX-042,6,APPROACH_SCAN_STATION,input_box_2,C6,output_C,category_C_output_box,B4,-140.000,60.000,75.000,hold,off,available,none,,placed_output,approach scan station
forced_category_A_full,forced_category_A_full_0042_MBOX-042,MBOX-042,7,SCAN_BARCODE,input_box_2,C6,output_C,category_C_output_box,B4,-140.000,60.000,75.000,hold,scan,available,none,,placed_output,scan and classify
forced_category_A_full,forced_category_A_full_0042_MBOX-042,MBOX-042,8,LIFT_TO_SAFE_Z_AFTER_SCAN,input_box_2,C6,output_C,category_C_output_box,B4,-140.000,60.000,200.000,hold,off,available,none,,placed_output,lift after scan
forced_category_A_full,forced_category_A_full_0042_MBOX-042,MBOX-042,9,MOVE_SAFE_ABOVE_TARGET,input_box_2,C6,output_C,category_C_output_box,B4,174.000,-26.000,200.000,hold,off,available,none,,placed_output,move above target
forced_category_A_full,forced_category_A_full_0042_MBOX-042,MBOX-042,10,APPROACH_TARGET_SLOT,input_box_2,C6,output_C,category_C_output_box,B4,174.000,-26.000,130.000,hold,off,available,none,,placed_output,approach target slot
forced_category_A_full,forced_category_A_full_0042_MBOX-042,MBOX-042,11,PLACE_TUBE,input_box_2,C6,output_C,category_C_output_box,B4,174.000,-26.000,45.000,open,off,available,none,,placed_output,place tube
forced_category_A_full,forced_category_A_full_0042_MBOX-042,MBOX-042,12,RETREAT_TO_SAFE_Z,input_box_2,C6,output_C,category_C_output_box,B4,174.000,-26.000,200.000,open,off,available,none,,placed_output,retreat after place
forced_category_A_full,forced_category_A_full_0043_MBOX-043,MBOX-043,1,MOVE_SAFE_ABOVE_INPUT,input_box_2,D1,output_D,category_D_output_box,B4,-400.000,113.000,200.000,open,off,available,none,,placed_output,move to input safe height
forced_category_A_full,forced_category_A_full_0043_MBOX-043,MBOX-043,2,APPROACH_INPUT_SLOT,input_box_2,D1,output_D,category_D_output_box,B4,-400.000,113.000,130.000,open,off,available,none,,placed_output,approach input slot
forced_category_A_full,forced_category_A_full_0043_MBOX-043,MBOX-043,3,PICK_TUBE,input_box_2,D1,output_D,category_D_output_box,B4,-400.000,113.000,55.000,close,off,available,none,,placed_output,pick tube
forced_category_A_full,forced_category_A_full_0043_MBOX-043,MBOX-043,4,LIFT_TO_SAFE_Z,input_box_2,D1,output_D,category_D_output_box,B4,-400.000,113.000,200.000,hold,off,available,none,,placed_output,lift picked tube
forced_category_A_full,forced_category_A_full_0043_MBOX-043,MBOX-043,5,MOVE_SAFE_ABOVE_SCAN,input_box_2,D1,output_D,category_D_output_box,B4,-140.000,60.000,200.000,hold,off,available,none,,placed_output,move above scan station
forced_category_A_full,forced_category_A_full_0043_MBOX-043,MBOX-043,6,APPROACH_SCAN_STATION,input_box_2,D1,output_D,category_D_output_box,B4,-140.000,60.000,75.000,hold,off,available,none,,placed_output,approach scan station
forced_category_A_full,forced_category_A_full_0043_MBOX-043,MBOX-043,7,SCAN_BARCODE,input_box_2,D1,output_D,category_D_output_box,B4,-140.000,60.000,75.000,hold,scan,available,none,,placed_output,scan and classify
forced_category_A_full,forced_category_A_full_0043_MBOX-043,MBOX-043,8,LIFT_TO_SAFE_Z_AFTER_SCAN,input_box_2,D1,output_D,category_D_output_box,B4,-140.000,60.000,200.000,hold,off,available,none,,placed_output,lift after scan
forced_category_A_full,forced_category_A_full_0043_MBOX-043,MBOX-043,9,MOVE_SAFE_ABOVE_TARGET,input_box_2,D1,output_D,category_D_output_box,B4,384.000,-26.000,200.000,hold,off,available,none,,placed_output,move above target
forced_category_A_full,forced_category_A_full_0043_MBOX-043,MBOX-043,10,APPROACH_TARGET_SLOT,input_box_2,D1,output_D,category_D_output_box,B4,384.000,-26.000,130.000,hold,off,available,none,,placed_output,approach target slot
forced_category_A_full,forced_category_A_full_0043_MBOX-043,MBOX-043,11,PLACE_TUBE,input_box_2,D1,output_D,category_D_output_box,B4,384.000,-26.000,45.000,open,off,available,none,,placed_output,place tube
forced_category_A_full,forced_category_A_full_0043_MBOX-043,MBOX-043,12,RETREAT_TO_SAFE_Z,input_box_2,D1,output_D,category_D_output_box,B4,384.000,-26.000,200.000,open,off,available,none,,placed_output,retreat after place
forced_category_A_full,forced_category_A_full_0044_MBOX-044_queued,MBOX-044,1,SKIP_HELD_CATEGORY,input_box_2,D2,,,,-372.000,113.000,200.000,open,off,held,queued,,queued_pending,held-category sample skipped before pick and queued
forced_category_A_full,forced_category_A_full_0045_MBOX-045,MBOX-045,1,MOVE_SAFE_ABOVE_INPUT,input_box_2,D3,output_B,category_B_output_box,B5,-344.000,113.000,200.000,open,off,available,none,,placed_output,move to input safe height
forced_category_A_full,forced_category_A_full_0045_MBOX-045,MBOX-045,2,APPROACH_INPUT_SLOT,input_box_2,D3,output_B,category_B_output_box,B5,-344.000,113.000,130.000,open,off,available,none,,placed_output,approach input slot
forced_category_A_full,forced_category_A_full_0045_MBOX-045,MBOX-045,3,PICK_TUBE,input_box_2,D3,output_B,category_B_output_box,B5,-344.000,113.000,55.000,close,off,available,none,,placed_output,pick tube
forced_category_A_full,forced_category_A_full_0045_MBOX-045,MBOX-045,4,LIFT_TO_SAFE_Z,input_box_2,D3,output_B,category_B_output_box,B5,-344.000,113.000,200.000,hold,off,available,none,,placed_output,lift picked tube
forced_category_A_full,forced_category_A_full_0045_MBOX-045,MBOX-045,5,MOVE_SAFE_ABOVE_SCAN,input_box_2,D3,output_B,category_B_output_box,B5,-140.000,60.000,200.000,hold,off,available,none,,placed_output,move above scan station
forced_category_A_full,forced_category_A_full_0045_MBOX-045,MBOX-045,6,APPROACH_SCAN_STATION,input_box_2,D3,output_B,category_B_output_box,B5,-140.000,60.000,75.000,hold,off,available,none,,placed_output,approach scan station
forced_category_A_full,forced_category_A_full_0045_MBOX-045,MBOX-045,7,SCAN_BARCODE,input_box_2,D3,output_B,category_B_output_box,B5,-140.000,60.000,75.000,hold,scan,available,none,,placed_output,scan and classify
forced_category_A_full,forced_category_A_full_0045_MBOX-045,MBOX-045,8,LIFT_TO_SAFE_Z_AFTER_SCAN,input_box_2,D3,output_B,category_B_output_box,B5,-140.000,60.000,200.000,hold,off,available,none,,placed_output,lift after scan
forced_category_A_full,forced_category_A_full_0045_MBOX-045,MBOX-045,9,MOVE_SAFE_ABOVE_TARGET,input_box_2,D3,output_B,category_B_output_box,B5,412.000,184.000,200.000,hold,off,available,none,,placed_output,move above target
forced_category_A_full,forced_category_A_full_0045_MBOX-045,MBOX-045,10,APPROACH_TARGET_SLOT,input_box_2,D3,output_B,category_B_output_box,B5,412.000,184.000,130.000,hold,off,available,none,,placed_output,approach target slot
forced_category_A_full,forced_category_A_full_0045_MBOX-045,MBOX-045,11,PLACE_TUBE,input_box_2,D3,output_B,category_B_output_box,B5,412.000,184.000,45.000,open,off,available,none,,placed_output,place tube
forced_category_A_full,forced_category_A_full_0045_MBOX-045,MBOX-045,12,RETREAT_TO_SAFE_Z,input_box_2,D3,output_B,category_B_output_box,B5,412.000,184.000,200.000,open,off,available,none,,placed_output,retreat after place
forced_category_A_full,forced_category_A_full_0046_MBOX-046,MBOX-046,1,MOVE_SAFE_ABOVE_INPUT,input_box_2,D4,output_C,category_C_output_box,B5,-316.000,113.000,200.000,open,off,available,none,,placed_output,move to input safe height
forced_category_A_full,forced_category_A_full_0046_MBOX-046,MBOX-046,2,APPROACH_INPUT_SLOT,input_box_2,D4,output_C,category_C_output_box,B5,-316.000,113.000,130.000,open,off,available,none,,placed_output,approach input slot
forced_category_A_full,forced_category_A_full_0046_MBOX-046,MBOX-046,3,PICK_TUBE,input_box_2,D4,output_C,category_C_output_box,B5,-316.000,113.000,55.000,close,off,available,none,,placed_output,pick tube
forced_category_A_full,forced_category_A_full_0046_MBOX-046,MBOX-046,4,LIFT_TO_SAFE_Z,input_box_2,D4,output_C,category_C_output_box,B5,-316.000,113.000,200.000,hold,off,available,none,,placed_output,lift picked tube
forced_category_A_full,forced_category_A_full_0046_MBOX-046,MBOX-046,5,MOVE_SAFE_ABOVE_SCAN,input_box_2,D4,output_C,category_C_output_box,B5,-140.000,60.000,200.000,hold,off,available,none,,placed_output,move above scan station
forced_category_A_full,forced_category_A_full_0046_MBOX-046,MBOX-046,6,APPROACH_SCAN_STATION,input_box_2,D4,output_C,category_C_output_box,B5,-140.000,60.000,75.000,hold,off,available,none,,placed_output,approach scan station
forced_category_A_full,forced_category_A_full_0046_MBOX-046,MBOX-046,7,SCAN_BARCODE,input_box_2,D4,output_C,category_C_output_box,B5,-140.000,60.000,75.000,hold,scan,available,none,,placed_output,scan and classify
forced_category_A_full,forced_category_A_full_0046_MBOX-046,MBOX-046,8,LIFT_TO_SAFE_Z_AFTER_SCAN,input_box_2,D4,output_C,category_C_output_box,B5,-140.000,60.000,200.000,hold,off,available,none,,placed_output,lift after scan
forced_category_A_full,forced_category_A_full_0046_MBOX-046,MBOX-046,9,MOVE_SAFE_ABOVE_TARGET,input_box_2,D4,output_C,category_C_output_box,B5,202.000,-26.000,200.000,hold,off,available,none,,placed_output,move above target
forced_category_A_full,forced_category_A_full_0046_MBOX-046,MBOX-046,10,APPROACH_TARGET_SLOT,input_box_2,D4,output_C,category_C_output_box,B5,202.000,-26.000,130.000,hold,off,available,none,,placed_output,approach target slot
forced_category_A_full,forced_category_A_full_0046_MBOX-046,MBOX-046,11,PLACE_TUBE,input_box_2,D4,output_C,category_C_output_box,B5,202.000,-26.000,45.000,open,off,available,none,,placed_output,place tube
forced_category_A_full,forced_category_A_full_0046_MBOX-046,MBOX-046,12,RETREAT_TO_SAFE_Z,input_box_2,D4,output_C,category_C_output_box,B5,202.000,-26.000,200.000,open,off,available,none,,placed_output,retreat after place
forced_category_A_full,forced_category_A_full_0047_MBOX-047,MBOX-047,1,MOVE_SAFE_ABOVE_INPUT,input_box_2,D5,output_D,category_D_output_box,B5,-288.000,113.000,200.000,open,off,available,none,,placed_output,move to input safe height
forced_category_A_full,forced_category_A_full_0047_MBOX-047,MBOX-047,2,APPROACH_INPUT_SLOT,input_box_2,D5,output_D,category_D_output_box,B5,-288.000,113.000,130.000,open,off,available,none,,placed_output,approach input slot
forced_category_A_full,forced_category_A_full_0047_MBOX-047,MBOX-047,3,PICK_TUBE,input_box_2,D5,output_D,category_D_output_box,B5,-288.000,113.000,80.000,close,off,available,none,,placed_output,pick tube
forced_category_A_full,forced_category_A_full_0047_MBOX-047,MBOX-047,4,LIFT_TO_SAFE_Z,input_box_2,D5,output_D,category_D_output_box,B5,-288.000,113.000,200.000,hold,off,available,none,,placed_output,lift picked tube
forced_category_A_full,forced_category_A_full_0047_MBOX-047,MBOX-047,5,MOVE_SAFE_ABOVE_SCAN,input_box_2,D5,output_D,category_D_output_box,B5,-140.000,60.000,200.000,hold,off,available,none,,placed_output,move above scan station
forced_category_A_full,forced_category_A_full_0047_MBOX-047,MBOX-047,6,APPROACH_SCAN_STATION,input_box_2,D5,output_D,category_D_output_box,B5,-140.000,60.000,75.000,hold,off,available,none,,placed_output,approach scan station
forced_category_A_full,forced_category_A_full_0047_MBOX-047,MBOX-047,7,SCAN_BARCODE,input_box_2,D5,output_D,category_D_output_box,B5,-140.000,60.000,75.000,hold,scan,available,none,,placed_output,scan and classify
forced_category_A_full,forced_category_A_full_0047_MBOX-047,MBOX-047,8,LIFT_TO_SAFE_Z_AFTER_SCAN,input_box_2,D5,output_D,category_D_output_box,B5,-140.000,60.000,200.000,hold,off,available,none,,placed_output,lift after scan
forced_category_A_full,forced_category_A_full_0047_MBOX-047,MBOX-047,9,MOVE_SAFE_ABOVE_TARGET,input_box_2,D5,output_D,category_D_output_box,B5,412.000,-26.000,200.000,hold,off,available,none,,placed_output,move above target
forced_category_A_full,forced_category_A_full_0047_MBOX-047,MBOX-047,10,APPROACH_TARGET_SLOT,input_box_2,D5,output_D,category_D_output_box,B5,412.000,-26.000,130.000,hold,off,available,none,,placed_output,approach target slot
forced_category_A_full,forced_category_A_full_0047_MBOX-047,MBOX-047,11,PLACE_TUBE,input_box_2,D5,output_D,category_D_output_box,B5,412.000,-26.000,70.000,open,off,available,none,,placed_output,place tube
forced_category_A_full,forced_category_A_full_0047_MBOX-047,MBOX-047,12,RETREAT_TO_SAFE_Z,input_box_2,D5,output_D,category_D_output_box,B5,412.000,-26.000,200.000,open,off,available,none,,placed_output,retreat after place
forced_category_A_full,forced_category_A_full_0048_MBOX-048_queued,MBOX-048,1,SKIP_HELD_CATEGORY,input_box_2,D6,,,,-260.000,113.000,200.000,open,off,held,queued,,queued_pending,held-category sample skipped before pick and queued
forced_category_A_full,forced_category_A_full_0049_MBOX-049,MBOX-049,1,MOVE_SAFE_ABOVE_INPUT,input_box_3,A1,output_B,category_B_output_box,B6,-400.000,67.000,200.000,open,off,available,none,,placed_output,move to input safe height
forced_category_A_full,forced_category_A_full_0049_MBOX-049,MBOX-049,2,APPROACH_INPUT_SLOT,input_box_3,A1,output_B,category_B_output_box,B6,-400.000,67.000,130.000,open,off,available,none,,placed_output,approach input slot
forced_category_A_full,forced_category_A_full_0049_MBOX-049,MBOX-049,3,PICK_TUBE,input_box_3,A1,output_B,category_B_output_box,B6,-400.000,67.000,55.000,close,off,available,none,,placed_output,pick tube
forced_category_A_full,forced_category_A_full_0049_MBOX-049,MBOX-049,4,LIFT_TO_SAFE_Z,input_box_3,A1,output_B,category_B_output_box,B6,-400.000,67.000,200.000,hold,off,available,none,,placed_output,lift picked tube
forced_category_A_full,forced_category_A_full_0049_MBOX-049,MBOX-049,5,MOVE_SAFE_ABOVE_SCAN,input_box_3,A1,output_B,category_B_output_box,B6,-140.000,60.000,200.000,hold,off,available,none,,placed_output,move above scan station
forced_category_A_full,forced_category_A_full_0049_MBOX-049,MBOX-049,6,APPROACH_SCAN_STATION,input_box_3,A1,output_B,category_B_output_box,B6,-140.000,60.000,75.000,hold,off,available,none,,placed_output,approach scan station
forced_category_A_full,forced_category_A_full_0049_MBOX-049,MBOX-049,7,SCAN_BARCODE,input_box_3,A1,output_B,category_B_output_box,B6,-140.000,60.000,75.000,hold,scan,available,none,,placed_output,scan and classify
forced_category_A_full,forced_category_A_full_0049_MBOX-049,MBOX-049,8,LIFT_TO_SAFE_Z_AFTER_SCAN,input_box_3,A1,output_B,category_B_output_box,B6,-140.000,60.000,200.000,hold,off,available,none,,placed_output,lift after scan
forced_category_A_full,forced_category_A_full_0049_MBOX-049,MBOX-049,9,MOVE_SAFE_ABOVE_TARGET,input_box_3,A1,output_B,category_B_output_box,B6,440.000,184.000,200.000,hold,off,available,none,,placed_output,move above target
forced_category_A_full,forced_category_A_full_0049_MBOX-049,MBOX-049,10,APPROACH_TARGET_SLOT,input_box_3,A1,output_B,category_B_output_box,B6,440.000,184.000,130.000,hold,off,available,none,,placed_output,approach target slot
forced_category_A_full,forced_category_A_full_0049_MBOX-049,MBOX-049,11,PLACE_TUBE,input_box_3,A1,output_B,category_B_output_box,B6,440.000,184.000,45.000,open,off,available,none,,placed_output,place tube
forced_category_A_full,forced_category_A_full_0049_MBOX-049,MBOX-049,12,RETREAT_TO_SAFE_Z,input_box_3,A1,output_B,category_B_output_box,B6,440.000,184.000,200.000,open,off,available,none,,placed_output,retreat after place
forced_category_A_full,forced_category_A_full_0050_MBOX-050,MBOX-050,1,MOVE_SAFE_ABOVE_INPUT,input_box_3,A2,output_C,category_C_output_box,B6,-372.000,67.000,200.000,open,off,available,none,,placed_output,move to input safe height
forced_category_A_full,forced_category_A_full_0050_MBOX-050,MBOX-050,2,APPROACH_INPUT_SLOT,input_box_3,A2,output_C,category_C_output_box,B6,-372.000,67.000,130.000,open,off,available,none,,placed_output,approach input slot
forced_category_A_full,forced_category_A_full_0050_MBOX-050,MBOX-050,3,PICK_TUBE,input_box_3,A2,output_C,category_C_output_box,B6,-372.000,67.000,80.000,close,off,available,none,,placed_output,pick tube
forced_category_A_full,forced_category_A_full_0050_MBOX-050,MBOX-050,4,LIFT_TO_SAFE_Z,input_box_3,A2,output_C,category_C_output_box,B6,-372.000,67.000,200.000,hold,off,available,none,,placed_output,lift picked tube
forced_category_A_full,forced_category_A_full_0050_MBOX-050,MBOX-050,5,MOVE_SAFE_ABOVE_SCAN,input_box_3,A2,output_C,category_C_output_box,B6,-140.000,60.000,200.000,hold,off,available,none,,placed_output,move above scan station
forced_category_A_full,forced_category_A_full_0050_MBOX-050,MBOX-050,6,APPROACH_SCAN_STATION,input_box_3,A2,output_C,category_C_output_box,B6,-140.000,60.000,75.000,hold,off,available,none,,placed_output,approach scan station
forced_category_A_full,forced_category_A_full_0050_MBOX-050,MBOX-050,7,SCAN_BARCODE,input_box_3,A2,output_C,category_C_output_box,B6,-140.000,60.000,75.000,hold,scan,available,none,,placed_output,scan and classify
forced_category_A_full,forced_category_A_full_0050_MBOX-050,MBOX-050,8,LIFT_TO_SAFE_Z_AFTER_SCAN,input_box_3,A2,output_C,category_C_output_box,B6,-140.000,60.000,200.000,hold,off,available,none,,placed_output,lift after scan
forced_category_A_full,forced_category_A_full_0050_MBOX-050,MBOX-050,9,MOVE_SAFE_ABOVE_TARGET,input_box_3,A2,output_C,category_C_output_box,B6,230.000,-26.000,200.000,hold,off,available,none,,placed_output,move above target
forced_category_A_full,forced_category_A_full_0050_MBOX-050,MBOX-050,10,APPROACH_TARGET_SLOT,input_box_3,A2,output_C,category_C_output_box,B6,230.000,-26.000,130.000,hold,off,available,none,,placed_output,approach target slot
forced_category_A_full,forced_category_A_full_0050_MBOX-050,MBOX-050,11,PLACE_TUBE,input_box_3,A2,output_C,category_C_output_box,B6,230.000,-26.000,70.000,open,off,available,none,,placed_output,place tube
forced_category_A_full,forced_category_A_full_0050_MBOX-050,MBOX-050,12,RETREAT_TO_SAFE_Z,input_box_3,A2,output_C,category_C_output_box,B6,230.000,-26.000,200.000,open,off,available,none,,placed_output,retreat after place
forced_category_A_full,forced_category_A_full_0051_MBOX-051,MBOX-051,1,MOVE_SAFE_ABOVE_INPUT,input_box_3,A3,output_D,category_D_output_box,B6,-344.000,67.000,200.000,open,off,available,none,,placed_output,move to input safe height
forced_category_A_full,forced_category_A_full_0051_MBOX-051,MBOX-051,2,APPROACH_INPUT_SLOT,input_box_3,A3,output_D,category_D_output_box,B6,-344.000,67.000,130.000,open,off,available,none,,placed_output,approach input slot
forced_category_A_full,forced_category_A_full_0051_MBOX-051,MBOX-051,3,PICK_TUBE,input_box_3,A3,output_D,category_D_output_box,B6,-344.000,67.000,55.000,close,off,available,none,,placed_output,pick tube
forced_category_A_full,forced_category_A_full_0051_MBOX-051,MBOX-051,4,LIFT_TO_SAFE_Z,input_box_3,A3,output_D,category_D_output_box,B6,-344.000,67.000,200.000,hold,off,available,none,,placed_output,lift picked tube
forced_category_A_full,forced_category_A_full_0051_MBOX-051,MBOX-051,5,MOVE_SAFE_ABOVE_SCAN,input_box_3,A3,output_D,category_D_output_box,B6,-140.000,60.000,200.000,hold,off,available,none,,placed_output,move above scan station
forced_category_A_full,forced_category_A_full_0051_MBOX-051,MBOX-051,6,APPROACH_SCAN_STATION,input_box_3,A3,output_D,category_D_output_box,B6,-140.000,60.000,75.000,hold,off,available,none,,placed_output,approach scan station
forced_category_A_full,forced_category_A_full_0051_MBOX-051,MBOX-051,7,SCAN_BARCODE,input_box_3,A3,output_D,category_D_output_box,B6,-140.000,60.000,75.000,hold,scan,available,none,,placed_output,scan and classify
forced_category_A_full,forced_category_A_full_0051_MBOX-051,MBOX-051,8,LIFT_TO_SAFE_Z_AFTER_SCAN,input_box_3,A3,output_D,category_D_output_box,B6,-140.000,60.000,200.000,hold,off,available,none,,placed_output,lift after scan
forced_category_A_full,forced_category_A_full_0051_MBOX-051,MBOX-051,9,MOVE_SAFE_ABOVE_TARGET,input_box_3,A3,output_D,category_D_output_box,B6,440.000,-26.000,200.000,hold,off,available,none,,placed_output,move above target
forced_category_A_full,forced_category_A_full_0051_MBOX-051,MBOX-051,10,APPROACH_TARGET_SLOT,input_box_3,A3,output_D,category_D_output_box,B6,440.000,-26.000,130.000,hold,off,available,none,,placed_output,approach target slot
forced_category_A_full,forced_category_A_full_0051_MBOX-051,MBOX-051,11,PLACE_TUBE,input_box_3,A3,output_D,category_D_output_box,B6,440.000,-26.000,45.000,open,off,available,none,,placed_output,place tube
forced_category_A_full,forced_category_A_full_0051_MBOX-051,MBOX-051,12,RETREAT_TO_SAFE_Z,input_box_3,A3,output_D,category_D_output_box,B6,440.000,-26.000,200.000,open,off,available,none,,placed_output,retreat after place
forced_category_A_full,forced_category_A_full_0052_MBOX-052_queued,MBOX-052,1,SKIP_HELD_CATEGORY,input_box_3,A4,,,,-316.000,67.000,200.000,open,off,held,queued,,queued_pending,held-category sample skipped before pick and queued
forced_category_A_full,forced_category_A_full_0053_MBOX-053,MBOX-053,1,MOVE_SAFE_ABOVE_INPUT,input_box_3,A5,output_B,category_B_output_box,C1,-288.000,67.000,200.000,open,off,available,none,,placed_output,move to input safe height
forced_category_A_full,forced_category_A_full_0053_MBOX-053,MBOX-053,2,APPROACH_INPUT_SLOT,input_box_3,A5,output_B,category_B_output_box,C1,-288.000,67.000,130.000,open,off,available,none,,placed_output,approach input slot
forced_category_A_full,forced_category_A_full_0053_MBOX-053,MBOX-053,3,PICK_TUBE,input_box_3,A5,output_B,category_B_output_box,C1,-288.000,67.000,80.000,close,off,available,none,,placed_output,pick tube
forced_category_A_full,forced_category_A_full_0053_MBOX-053,MBOX-053,4,LIFT_TO_SAFE_Z,input_box_3,A5,output_B,category_B_output_box,C1,-288.000,67.000,200.000,hold,off,available,none,,placed_output,lift picked tube
forced_category_A_full,forced_category_A_full_0053_MBOX-053,MBOX-053,5,MOVE_SAFE_ABOVE_SCAN,input_box_3,A5,output_B,category_B_output_box,C1,-140.000,60.000,200.000,hold,off,available,none,,placed_output,move above scan station
forced_category_A_full,forced_category_A_full_0053_MBOX-053,MBOX-053,6,APPROACH_SCAN_STATION,input_box_3,A5,output_B,category_B_output_box,C1,-140.000,60.000,75.000,hold,off,available,none,,placed_output,approach scan station
forced_category_A_full,forced_category_A_full_0053_MBOX-053,MBOX-053,7,SCAN_BARCODE,input_box_3,A5,output_B,category_B_output_box,C1,-140.000,60.000,75.000,hold,scan,available,none,,placed_output,scan and classify
forced_category_A_full,forced_category_A_full_0053_MBOX-053,MBOX-053,8,LIFT_TO_SAFE_Z_AFTER_SCAN,input_box_3,A5,output_B,category_B_output_box,C1,-140.000,60.000,200.000,hold,off,available,none,,placed_output,lift after scan
forced_category_A_full,forced_category_A_full_0053_MBOX-053,MBOX-053,9,MOVE_SAFE_ABOVE_TARGET,input_box_3,A5,output_B,category_B_output_box,C1,300.000,156.000,200.000,hold,off,available,none,,placed_output,move above target
forced_category_A_full,forced_category_A_full_0053_MBOX-053,MBOX-053,10,APPROACH_TARGET_SLOT,input_box_3,A5,output_B,category_B_output_box,C1,300.000,156.000,130.000,hold,off,available,none,,placed_output,approach target slot
forced_category_A_full,forced_category_A_full_0053_MBOX-053,MBOX-053,11,PLACE_TUBE,input_box_3,A5,output_B,category_B_output_box,C1,300.000,156.000,70.000,open,off,available,none,,placed_output,place tube
forced_category_A_full,forced_category_A_full_0053_MBOX-053,MBOX-053,12,RETREAT_TO_SAFE_Z,input_box_3,A5,output_B,category_B_output_box,C1,300.000,156.000,200.000,open,off,available,none,,placed_output,retreat after place
forced_category_A_full,forced_category_A_full_0054_MBOX-054,MBOX-054,1,MOVE_SAFE_ABOVE_INPUT,input_box_3,A6,output_C,category_C_output_box,C1,-260.000,67.000,200.000,open,off,available,none,,placed_output,move to input safe height
forced_category_A_full,forced_category_A_full_0054_MBOX-054,MBOX-054,2,APPROACH_INPUT_SLOT,input_box_3,A6,output_C,category_C_output_box,C1,-260.000,67.000,130.000,open,off,available,none,,placed_output,approach input slot
forced_category_A_full,forced_category_A_full_0054_MBOX-054,MBOX-054,3,PICK_TUBE,input_box_3,A6,output_C,category_C_output_box,C1,-260.000,67.000,55.000,close,off,available,none,,placed_output,pick tube
forced_category_A_full,forced_category_A_full_0054_MBOX-054,MBOX-054,4,LIFT_TO_SAFE_Z,input_box_3,A6,output_C,category_C_output_box,C1,-260.000,67.000,200.000,hold,off,available,none,,placed_output,lift picked tube
forced_category_A_full,forced_category_A_full_0054_MBOX-054,MBOX-054,5,MOVE_SAFE_ABOVE_SCAN,input_box_3,A6,output_C,category_C_output_box,C1,-140.000,60.000,200.000,hold,off,available,none,,placed_output,move above scan station
forced_category_A_full,forced_category_A_full_0054_MBOX-054,MBOX-054,6,APPROACH_SCAN_STATION,input_box_3,A6,output_C,category_C_output_box,C1,-140.000,60.000,75.000,hold,off,available,none,,placed_output,approach scan station
forced_category_A_full,forced_category_A_full_0054_MBOX-054,MBOX-054,7,SCAN_BARCODE,input_box_3,A6,output_C,category_C_output_box,C1,-140.000,60.000,75.000,hold,scan,available,none,,placed_output,scan and classify
forced_category_A_full,forced_category_A_full_0054_MBOX-054,MBOX-054,8,LIFT_TO_SAFE_Z_AFTER_SCAN,input_box_3,A6,output_C,category_C_output_box,C1,-140.000,60.000,200.000,hold,off,available,none,,placed_output,lift after scan
forced_category_A_full,forced_category_A_full_0054_MBOX-054,MBOX-054,9,MOVE_SAFE_ABOVE_TARGET,input_box_3,A6,output_C,category_C_output_box,C1,90.000,-54.000,200.000,hold,off,available,none,,placed_output,move above target
forced_category_A_full,forced_category_A_full_0054_MBOX-054,MBOX-054,10,APPROACH_TARGET_SLOT,input_box_3,A6,output_C,category_C_output_box,C1,90.000,-54.000,130.000,hold,off,available,none,,placed_output,approach target slot
forced_category_A_full,forced_category_A_full_0054_MBOX-054,MBOX-054,11,PLACE_TUBE,input_box_3,A6,output_C,category_C_output_box,C1,90.000,-54.000,45.000,open,off,available,none,,placed_output,place tube
forced_category_A_full,forced_category_A_full_0054_MBOX-054,MBOX-054,12,RETREAT_TO_SAFE_Z,input_box_3,A6,output_C,category_C_output_box,C1,90.000,-54.000,200.000,open,off,available,none,,placed_output,retreat after place
forced_category_A_full,forced_category_A_full_0055_MBOX-055,MBOX-055,1,MOVE_SAFE_ABOVE_INPUT,input_box_3,B1,output_D,category_D_output_box,C1,-400.000,39.000,200.000,open,off,available,none,,placed_output,move to input safe height
forced_category_A_full,forced_category_A_full_0055_MBOX-055,MBOX-055,2,APPROACH_INPUT_SLOT,input_box_3,B1,output_D,category_D_output_box,C1,-400.000,39.000,130.000,open,off,available,none,,placed_output,approach input slot
forced_category_A_full,forced_category_A_full_0055_MBOX-055,MBOX-055,3,PICK_TUBE,input_box_3,B1,output_D,category_D_output_box,C1,-400.000,39.000,55.000,close,off,available,none,,placed_output,pick tube
forced_category_A_full,forced_category_A_full_0055_MBOX-055,MBOX-055,4,LIFT_TO_SAFE_Z,input_box_3,B1,output_D,category_D_output_box,C1,-400.000,39.000,200.000,hold,off,available,none,,placed_output,lift picked tube
forced_category_A_full,forced_category_A_full_0055_MBOX-055,MBOX-055,5,MOVE_SAFE_ABOVE_SCAN,input_box_3,B1,output_D,category_D_output_box,C1,-140.000,60.000,200.000,hold,off,available,none,,placed_output,move above scan station
forced_category_A_full,forced_category_A_full_0055_MBOX-055,MBOX-055,6,APPROACH_SCAN_STATION,input_box_3,B1,output_D,category_D_output_box,C1,-140.000,60.000,75.000,hold,off,available,none,,placed_output,approach scan station
forced_category_A_full,forced_category_A_full_0055_MBOX-055,MBOX-055,7,SCAN_BARCODE,input_box_3,B1,output_D,category_D_output_box,C1,-140.000,60.000,75.000,hold,scan,available,none,,placed_output,scan and classify
forced_category_A_full,forced_category_A_full_0055_MBOX-055,MBOX-055,8,LIFT_TO_SAFE_Z_AFTER_SCAN,input_box_3,B1,output_D,category_D_output_box,C1,-140.000,60.000,200.000,hold,off,available,none,,placed_output,lift after scan
forced_category_A_full,forced_category_A_full_0055_MBOX-055,MBOX-055,9,MOVE_SAFE_ABOVE_TARGET,input_box_3,B1,output_D,category_D_output_box,C1,300.000,-54.000,200.000,hold,off,available,none,,placed_output,move above target
forced_category_A_full,forced_category_A_full_0055_MBOX-055,MBOX-055,10,APPROACH_TARGET_SLOT,input_box_3,B1,output_D,category_D_output_box,C1,300.000,-54.000,130.000,hold,off,available,none,,placed_output,approach target slot
forced_category_A_full,forced_category_A_full_0055_MBOX-055,MBOX-055,11,PLACE_TUBE,input_box_3,B1,output_D,category_D_output_box,C1,300.000,-54.000,45.000,open,off,available,none,,placed_output,place tube
forced_category_A_full,forced_category_A_full_0055_MBOX-055,MBOX-055,12,RETREAT_TO_SAFE_Z,input_box_3,B1,output_D,category_D_output_box,C1,300.000,-54.000,200.000,open,off,available,none,,placed_output,retreat after place
forced_category_A_full,forced_category_A_full_0056_MBOX-056_queued,MBOX-056,1,SKIP_HELD_CATEGORY,input_box_3,B2,,,,-372.000,39.000,200.000,open,off,held,queued,,queued_pending,held-category sample skipped before pick and queued
forced_category_A_full,forced_category_A_full_0057_MBOX-057,MBOX-057,1,MOVE_SAFE_ABOVE_INPUT,input_box_3,B3,output_B,category_B_output_box,C2,-344.000,39.000,200.000,open,off,available,none,,placed_output,move to input safe height
forced_category_A_full,forced_category_A_full_0057_MBOX-057,MBOX-057,2,APPROACH_INPUT_SLOT,input_box_3,B3,output_B,category_B_output_box,C2,-344.000,39.000,130.000,open,off,available,none,,placed_output,approach input slot
forced_category_A_full,forced_category_A_full_0057_MBOX-057,MBOX-057,3,PICK_TUBE,input_box_3,B3,output_B,category_B_output_box,C2,-344.000,39.000,55.000,close,off,available,none,,placed_output,pick tube
forced_category_A_full,forced_category_A_full_0057_MBOX-057,MBOX-057,4,LIFT_TO_SAFE_Z,input_box_3,B3,output_B,category_B_output_box,C2,-344.000,39.000,200.000,hold,off,available,none,,placed_output,lift picked tube
forced_category_A_full,forced_category_A_full_0057_MBOX-057,MBOX-057,5,MOVE_SAFE_ABOVE_SCAN,input_box_3,B3,output_B,category_B_output_box,C2,-140.000,60.000,200.000,hold,off,available,none,,placed_output,move above scan station
forced_category_A_full,forced_category_A_full_0057_MBOX-057,MBOX-057,6,APPROACH_SCAN_STATION,input_box_3,B3,output_B,category_B_output_box,C2,-140.000,60.000,75.000,hold,off,available,none,,placed_output,approach scan station
forced_category_A_full,forced_category_A_full_0057_MBOX-057,MBOX-057,7,SCAN_BARCODE,input_box_3,B3,output_B,category_B_output_box,C2,-140.000,60.000,75.000,hold,scan,available,none,,placed_output,scan and classify
forced_category_A_full,forced_category_A_full_0057_MBOX-057,MBOX-057,8,LIFT_TO_SAFE_Z_AFTER_SCAN,input_box_3,B3,output_B,category_B_output_box,C2,-140.000,60.000,200.000,hold,off,available,none,,placed_output,lift after scan
forced_category_A_full,forced_category_A_full_0057_MBOX-057,MBOX-057,9,MOVE_SAFE_ABOVE_TARGET,input_box_3,B3,output_B,category_B_output_box,C2,328.000,156.000,200.000,hold,off,available,none,,placed_output,move above target
forced_category_A_full,forced_category_A_full_0057_MBOX-057,MBOX-057,10,APPROACH_TARGET_SLOT,input_box_3,B3,output_B,category_B_output_box,C2,328.000,156.000,130.000,hold,off,available,none,,placed_output,approach target slot
forced_category_A_full,forced_category_A_full_0057_MBOX-057,MBOX-057,11,PLACE_TUBE,input_box_3,B3,output_B,category_B_output_box,C2,328.000,156.000,45.000,open,off,available,none,,placed_output,place tube
forced_category_A_full,forced_category_A_full_0057_MBOX-057,MBOX-057,12,RETREAT_TO_SAFE_Z,input_box_3,B3,output_B,category_B_output_box,C2,328.000,156.000,200.000,open,off,available,none,,placed_output,retreat after place
forced_category_A_full,forced_category_A_full_0058_MBOX-058,MBOX-058,1,MOVE_SAFE_ABOVE_INPUT,input_box_3,B4,manual_review,manual_review_bin,B1,-316.000,39.000,200.000,open,off,not_applicable,none,,placed_manual_review,move to input safe height
forced_category_A_full,forced_category_A_full_0058_MBOX-058,MBOX-058,2,APPROACH_INPUT_SLOT,input_box_3,B4,manual_review,manual_review_bin,B1,-316.000,39.000,130.000,open,off,not_applicable,none,,placed_manual_review,approach input slot
forced_category_A_full,forced_category_A_full_0058_MBOX-058,MBOX-058,3,PICK_TUBE,input_box_3,B4,manual_review,manual_review_bin,B1,-316.000,39.000,55.000,close,off,not_applicable,none,,placed_manual_review,pick tube
forced_category_A_full,forced_category_A_full_0058_MBOX-058,MBOX-058,4,LIFT_TO_SAFE_Z,input_box_3,B4,manual_review,manual_review_bin,B1,-316.000,39.000,200.000,hold,off,not_applicable,none,,placed_manual_review,lift picked tube
forced_category_A_full,forced_category_A_full_0058_MBOX-058,MBOX-058,5,MOVE_SAFE_ABOVE_SCAN,input_box_3,B4,manual_review,manual_review_bin,B1,-140.000,60.000,200.000,hold,off,not_applicable,none,,placed_manual_review,move above scan station
forced_category_A_full,forced_category_A_full_0058_MBOX-058,MBOX-058,6,APPROACH_SCAN_STATION,input_box_3,B4,manual_review,manual_review_bin,B1,-140.000,60.000,75.000,hold,off,not_applicable,none,,placed_manual_review,approach scan station
forced_category_A_full,forced_category_A_full_0058_MBOX-058,MBOX-058,7,SCAN_BARCODE,input_box_3,B4,manual_review,manual_review_bin,B1,-140.000,60.000,75.000,hold,scan,not_applicable,none,,placed_manual_review,scan and classify
forced_category_A_full,forced_category_A_full_0058_MBOX-058,MBOX-058,8,LIFT_TO_SAFE_Z_AFTER_SCAN,input_box_3,B4,manual_review,manual_review_bin,B1,-140.000,60.000,200.000,hold,off,not_applicable,none,,placed_manual_review,lift after scan
forced_category_A_full,forced_category_A_full_0058_MBOX-058,MBOX-058,9,MOVE_SAFE_ABOVE_TARGET,input_box_3,B4,manual_review,manual_review_bin,B1,-208.000,-314.000,200.000,hold,off,not_applicable,none,,placed_manual_review,move above target
forced_category_A_full,forced_category_A_full_0058_MBOX-058,MBOX-058,10,APPROACH_TARGET_SLOT,input_box_3,B4,manual_review,manual_review_bin,B1,-208.000,-314.000,130.000,hold,off,not_applicable,none,,placed_manual_review,approach target slot
forced_category_A_full,forced_category_A_full_0058_MBOX-058,MBOX-058,11,PLACE_TUBE,input_box_3,B4,manual_review,manual_review_bin,B1,-208.000,-314.000,45.000,open,off,not_applicable,none,,placed_manual_review,place tube
forced_category_A_full,forced_category_A_full_0058_MBOX-058,MBOX-058,12,RETREAT_TO_SAFE_Z,input_box_3,B4,manual_review,manual_review_bin,B1,-208.000,-314.000,200.000,open,off,not_applicable,none,,placed_manual_review,retreat after place
forced_category_A_full,forced_category_A_full_0059_MBOX-059,MBOX-059,1,MOVE_SAFE_ABOVE_INPUT,input_box_3,B5,output_C,category_C_output_box,C2,-288.000,39.000,200.000,open,off,available,none,,placed_output,move to input safe height
forced_category_A_full,forced_category_A_full_0059_MBOX-059,MBOX-059,2,APPROACH_INPUT_SLOT,input_box_3,B5,output_C,category_C_output_box,C2,-288.000,39.000,130.000,open,off,available,none,,placed_output,approach input slot
forced_category_A_full,forced_category_A_full_0059_MBOX-059,MBOX-059,3,PICK_TUBE,input_box_3,B5,output_C,category_C_output_box,C2,-288.000,39.000,80.000,close,off,available,none,,placed_output,pick tube
forced_category_A_full,forced_category_A_full_0059_MBOX-059,MBOX-059,4,LIFT_TO_SAFE_Z,input_box_3,B5,output_C,category_C_output_box,C2,-288.000,39.000,200.000,hold,off,available,none,,placed_output,lift picked tube
forced_category_A_full,forced_category_A_full_0059_MBOX-059,MBOX-059,5,MOVE_SAFE_ABOVE_SCAN,input_box_3,B5,output_C,category_C_output_box,C2,-140.000,60.000,200.000,hold,off,available,none,,placed_output,move above scan station
forced_category_A_full,forced_category_A_full_0059_MBOX-059,MBOX-059,6,APPROACH_SCAN_STATION,input_box_3,B5,output_C,category_C_output_box,C2,-140.000,60.000,75.000,hold,off,available,none,,placed_output,approach scan station
forced_category_A_full,forced_category_A_full_0059_MBOX-059,MBOX-059,7,SCAN_BARCODE,input_box_3,B5,output_C,category_C_output_box,C2,-140.000,60.000,75.000,hold,scan,available,none,,placed_output,scan and classify
forced_category_A_full,forced_category_A_full_0059_MBOX-059,MBOX-059,8,LIFT_TO_SAFE_Z_AFTER_SCAN,input_box_3,B5,output_C,category_C_output_box,C2,-140.000,60.000,200.000,hold,off,available,none,,placed_output,lift after scan
forced_category_A_full,forced_category_A_full_0059_MBOX-059,MBOX-059,9,MOVE_SAFE_ABOVE_TARGET,input_box_3,B5,output_C,category_C_output_box,C2,118.000,-54.000,200.000,hold,off,available,none,,placed_output,move above target
forced_category_A_full,forced_category_A_full_0059_MBOX-059,MBOX-059,10,APPROACH_TARGET_SLOT,input_box_3,B5,output_C,category_C_output_box,C2,118.000,-54.000,130.000,hold,off,available,none,,placed_output,approach target slot
forced_category_A_full,forced_category_A_full_0059_MBOX-059,MBOX-059,11,PLACE_TUBE,input_box_3,B5,output_C,category_C_output_box,C2,118.000,-54.000,70.000,open,off,available,none,,placed_output,place tube
forced_category_A_full,forced_category_A_full_0059_MBOX-059,MBOX-059,12,RETREAT_TO_SAFE_Z,input_box_3,B5,output_C,category_C_output_box,C2,118.000,-54.000,200.000,open,off,available,none,,placed_output,retreat after place
forced_category_A_full,forced_category_A_full_0060_MBOX-060,MBOX-060,1,MOVE_SAFE_ABOVE_INPUT,input_box_3,B6,output_D,category_D_output_box,C2,-260.000,39.000,200.000,open,off,available,none,,placed_output,move to input safe height
forced_category_A_full,forced_category_A_full_0060_MBOX-060,MBOX-060,2,APPROACH_INPUT_SLOT,input_box_3,B6,output_D,category_D_output_box,C2,-260.000,39.000,130.000,open,off,available,none,,placed_output,approach input slot
forced_category_A_full,forced_category_A_full_0060_MBOX-060,MBOX-060,3,PICK_TUBE,input_box_3,B6,output_D,category_D_output_box,C2,-260.000,39.000,55.000,close,off,available,none,,placed_output,pick tube
forced_category_A_full,forced_category_A_full_0060_MBOX-060,MBOX-060,4,LIFT_TO_SAFE_Z,input_box_3,B6,output_D,category_D_output_box,C2,-260.000,39.000,200.000,hold,off,available,none,,placed_output,lift picked tube
forced_category_A_full,forced_category_A_full_0060_MBOX-060,MBOX-060,5,MOVE_SAFE_ABOVE_SCAN,input_box_3,B6,output_D,category_D_output_box,C2,-140.000,60.000,200.000,hold,off,available,none,,placed_output,move above scan station
forced_category_A_full,forced_category_A_full_0060_MBOX-060,MBOX-060,6,APPROACH_SCAN_STATION,input_box_3,B6,output_D,category_D_output_box,C2,-140.000,60.000,75.000,hold,off,available,none,,placed_output,approach scan station
forced_category_A_full,forced_category_A_full_0060_MBOX-060,MBOX-060,7,SCAN_BARCODE,input_box_3,B6,output_D,category_D_output_box,C2,-140.000,60.000,75.000,hold,scan,available,none,,placed_output,scan and classify
forced_category_A_full,forced_category_A_full_0060_MBOX-060,MBOX-060,8,LIFT_TO_SAFE_Z_AFTER_SCAN,input_box_3,B6,output_D,category_D_output_box,C2,-140.000,60.000,200.000,hold,off,available,none,,placed_output,lift after scan
forced_category_A_full,forced_category_A_full_0060_MBOX-060,MBOX-060,9,MOVE_SAFE_ABOVE_TARGET,input_box_3,B6,output_D,category_D_output_box,C2,328.000,-54.000,200.000,hold,off,available,none,,placed_output,move above target
forced_category_A_full,forced_category_A_full_0060_MBOX-060,MBOX-060,10,APPROACH_TARGET_SLOT,input_box_3,B6,output_D,category_D_output_box,C2,328.000,-54.000,130.000,hold,off,available,none,,placed_output,approach target slot
forced_category_A_full,forced_category_A_full_0060_MBOX-060,MBOX-060,11,PLACE_TUBE,input_box_3,B6,output_D,category_D_output_box,C2,328.000,-54.000,45.000,open,off,available,none,,placed_output,place tube
forced_category_A_full,forced_category_A_full_0060_MBOX-060,MBOX-060,12,RETREAT_TO_SAFE_Z,input_box_3,B6,output_D,category_D_output_box,C2,328.000,-54.000,200.000,open,off,available,none,,placed_output,retreat after place
forced_category_A_full,forced_category_A_full_0061_MBOX-061_queued,MBOX-061,1,SKIP_HELD_CATEGORY,input_box_3,C1,,,,-400.000,11.000,200.000,open,off,held,queued,,queued_pending,held-category sample skipped before pick and queued
forced_category_A_full,forced_category_A_full_0062_MBOX-062,MBOX-062,1,MOVE_SAFE_ABOVE_INPUT,input_box_3,C2,output_B,category_B_output_box,C3,-372.000,11.000,200.000,open,off,available,none,,placed_output,move to input safe height
forced_category_A_full,forced_category_A_full_0062_MBOX-062,MBOX-062,2,APPROACH_INPUT_SLOT,input_box_3,C2,output_B,category_B_output_box,C3,-372.000,11.000,130.000,open,off,available,none,,placed_output,approach input slot
forced_category_A_full,forced_category_A_full_0062_MBOX-062,MBOX-062,3,PICK_TUBE,input_box_3,C2,output_B,category_B_output_box,C3,-372.000,11.000,80.000,close,off,available,none,,placed_output,pick tube
forced_category_A_full,forced_category_A_full_0062_MBOX-062,MBOX-062,4,LIFT_TO_SAFE_Z,input_box_3,C2,output_B,category_B_output_box,C3,-372.000,11.000,200.000,hold,off,available,none,,placed_output,lift picked tube
forced_category_A_full,forced_category_A_full_0062_MBOX-062,MBOX-062,5,MOVE_SAFE_ABOVE_SCAN,input_box_3,C2,output_B,category_B_output_box,C3,-140.000,60.000,200.000,hold,off,available,none,,placed_output,move above scan station
forced_category_A_full,forced_category_A_full_0062_MBOX-062,MBOX-062,6,APPROACH_SCAN_STATION,input_box_3,C2,output_B,category_B_output_box,C3,-140.000,60.000,75.000,hold,off,available,none,,placed_output,approach scan station
forced_category_A_full,forced_category_A_full_0062_MBOX-062,MBOX-062,7,SCAN_BARCODE,input_box_3,C2,output_B,category_B_output_box,C3,-140.000,60.000,75.000,hold,scan,available,none,,placed_output,scan and classify
forced_category_A_full,forced_category_A_full_0062_MBOX-062,MBOX-062,8,LIFT_TO_SAFE_Z_AFTER_SCAN,input_box_3,C2,output_B,category_B_output_box,C3,-140.000,60.000,200.000,hold,off,available,none,,placed_output,lift after scan
forced_category_A_full,forced_category_A_full_0062_MBOX-062,MBOX-062,9,MOVE_SAFE_ABOVE_TARGET,input_box_3,C2,output_B,category_B_output_box,C3,356.000,156.000,200.000,hold,off,available,none,,placed_output,move above target
forced_category_A_full,forced_category_A_full_0062_MBOX-062,MBOX-062,10,APPROACH_TARGET_SLOT,input_box_3,C2,output_B,category_B_output_box,C3,356.000,156.000,130.000,hold,off,available,none,,placed_output,approach target slot
forced_category_A_full,forced_category_A_full_0062_MBOX-062,MBOX-062,11,PLACE_TUBE,input_box_3,C2,output_B,category_B_output_box,C3,356.000,156.000,70.000,open,off,available,none,,placed_output,place tube
forced_category_A_full,forced_category_A_full_0062_MBOX-062,MBOX-062,12,RETREAT_TO_SAFE_Z,input_box_3,C2,output_B,category_B_output_box,C3,356.000,156.000,200.000,open,off,available,none,,placed_output,retreat after place
forced_category_A_full,forced_category_A_full_0063_MBOX-063,MBOX-063,1,MOVE_SAFE_ABOVE_INPUT,input_box_3,C3,output_C,category_C_output_box,C3,-344.000,11.000,200.000,open,off,available,none,,placed_output,move to input safe height
forced_category_A_full,forced_category_A_full_0063_MBOX-063,MBOX-063,2,APPROACH_INPUT_SLOT,input_box_3,C3,output_C,category_C_output_box,C3,-344.000,11.000,130.000,open,off,available,none,,placed_output,approach input slot
forced_category_A_full,forced_category_A_full_0063_MBOX-063,MBOX-063,3,PICK_TUBE,input_box_3,C3,output_C,category_C_output_box,C3,-344.000,11.000,55.000,close,off,available,none,,placed_output,pick tube
forced_category_A_full,forced_category_A_full_0063_MBOX-063,MBOX-063,4,LIFT_TO_SAFE_Z,input_box_3,C3,output_C,category_C_output_box,C3,-344.000,11.000,200.000,hold,off,available,none,,placed_output,lift picked tube
forced_category_A_full,forced_category_A_full_0063_MBOX-063,MBOX-063,5,MOVE_SAFE_ABOVE_SCAN,input_box_3,C3,output_C,category_C_output_box,C3,-140.000,60.000,200.000,hold,off,available,none,,placed_output,move above scan station
forced_category_A_full,forced_category_A_full_0063_MBOX-063,MBOX-063,6,APPROACH_SCAN_STATION,input_box_3,C3,output_C,category_C_output_box,C3,-140.000,60.000,75.000,hold,off,available,none,,placed_output,approach scan station
forced_category_A_full,forced_category_A_full_0063_MBOX-063,MBOX-063,7,SCAN_BARCODE,input_box_3,C3,output_C,category_C_output_box,C3,-140.000,60.000,75.000,hold,scan,available,none,,placed_output,scan and classify
forced_category_A_full,forced_category_A_full_0063_MBOX-063,MBOX-063,8,LIFT_TO_SAFE_Z_AFTER_SCAN,input_box_3,C3,output_C,category_C_output_box,C3,-140.000,60.000,200.000,hold,off,available,none,,placed_output,lift after scan
forced_category_A_full,forced_category_A_full_0063_MBOX-063,MBOX-063,9,MOVE_SAFE_ABOVE_TARGET,input_box_3,C3,output_C,category_C_output_box,C3,146.000,-54.000,200.000,hold,off,available,none,,placed_output,move above target
forced_category_A_full,forced_category_A_full_0063_MBOX-063,MBOX-063,10,APPROACH_TARGET_SLOT,input_box_3,C3,output_C,category_C_output_box,C3,146.000,-54.000,130.000,hold,off,available,none,,placed_output,approach target slot
forced_category_A_full,forced_category_A_full_0063_MBOX-063,MBOX-063,11,PLACE_TUBE,input_box_3,C3,output_C,category_C_output_box,C3,146.000,-54.000,45.000,open,off,available,none,,placed_output,place tube
forced_category_A_full,forced_category_A_full_0063_MBOX-063,MBOX-063,12,RETREAT_TO_SAFE_Z,input_box_3,C3,output_C,category_C_output_box,C3,146.000,-54.000,200.000,open,off,available,none,,placed_output,retreat after place
forced_category_A_full,forced_category_A_full_0064_MBOX-064,MBOX-064,1,MOVE_SAFE_ABOVE_INPUT,input_box_3,C4,output_D,category_D_output_box,C3,-316.000,11.000,200.000,open,off,available,none,,placed_output,move to input safe height
forced_category_A_full,forced_category_A_full_0064_MBOX-064,MBOX-064,2,APPROACH_INPUT_SLOT,input_box_3,C4,output_D,category_D_output_box,C3,-316.000,11.000,130.000,open,off,available,none,,placed_output,approach input slot
forced_category_A_full,forced_category_A_full_0064_MBOX-064,MBOX-064,3,PICK_TUBE,input_box_3,C4,output_D,category_D_output_box,C3,-316.000,11.000,55.000,close,off,available,none,,placed_output,pick tube
forced_category_A_full,forced_category_A_full_0064_MBOX-064,MBOX-064,4,LIFT_TO_SAFE_Z,input_box_3,C4,output_D,category_D_output_box,C3,-316.000,11.000,200.000,hold,off,available,none,,placed_output,lift picked tube
forced_category_A_full,forced_category_A_full_0064_MBOX-064,MBOX-064,5,MOVE_SAFE_ABOVE_SCAN,input_box_3,C4,output_D,category_D_output_box,C3,-140.000,60.000,200.000,hold,off,available,none,,placed_output,move above scan station
forced_category_A_full,forced_category_A_full_0064_MBOX-064,MBOX-064,6,APPROACH_SCAN_STATION,input_box_3,C4,output_D,category_D_output_box,C3,-140.000,60.000,75.000,hold,off,available,none,,placed_output,approach scan station
forced_category_A_full,forced_category_A_full_0064_MBOX-064,MBOX-064,7,SCAN_BARCODE,input_box_3,C4,output_D,category_D_output_box,C3,-140.000,60.000,75.000,hold,scan,available,none,,placed_output,scan and classify
forced_category_A_full,forced_category_A_full_0064_MBOX-064,MBOX-064,8,LIFT_TO_SAFE_Z_AFTER_SCAN,input_box_3,C4,output_D,category_D_output_box,C3,-140.000,60.000,200.000,hold,off,available,none,,placed_output,lift after scan
forced_category_A_full,forced_category_A_full_0064_MBOX-064,MBOX-064,9,MOVE_SAFE_ABOVE_TARGET,input_box_3,C4,output_D,category_D_output_box,C3,356.000,-54.000,200.000,hold,off,available,none,,placed_output,move above target
forced_category_A_full,forced_category_A_full_0064_MBOX-064,MBOX-064,10,APPROACH_TARGET_SLOT,input_box_3,C4,output_D,category_D_output_box,C3,356.000,-54.000,130.000,hold,off,available,none,,placed_output,approach target slot
forced_category_A_full,forced_category_A_full_0064_MBOX-064,MBOX-064,11,PLACE_TUBE,input_box_3,C4,output_D,category_D_output_box,C3,356.000,-54.000,45.000,open,off,available,none,,placed_output,place tube
forced_category_A_full,forced_category_A_full_0064_MBOX-064,MBOX-064,12,RETREAT_TO_SAFE_Z,input_box_3,C4,output_D,category_D_output_box,C3,356.000,-54.000,200.000,open,off,available,none,,placed_output,retreat after place
forced_category_A_full,forced_category_A_full_0065_MBOX-065_queued,MBOX-065,1,SKIP_HELD_CATEGORY,input_box_3,C5,,,,-288.000,11.000,200.000,open,off,held,queued,,queued_pending,held-category sample skipped before pick and queued
forced_category_A_full,forced_category_A_full_0066_MBOX-066,MBOX-066,1,MOVE_SAFE_ABOVE_INPUT,input_box_3,C6,output_B,category_B_output_box,C4,-260.000,11.000,200.000,open,off,available,none,,placed_output,move to input safe height
forced_category_A_full,forced_category_A_full_0066_MBOX-066,MBOX-066,2,APPROACH_INPUT_SLOT,input_box_3,C6,output_B,category_B_output_box,C4,-260.000,11.000,130.000,open,off,available,none,,placed_output,approach input slot
forced_category_A_full,forced_category_A_full_0066_MBOX-066,MBOX-066,3,PICK_TUBE,input_box_3,C6,output_B,category_B_output_box,C4,-260.000,11.000,55.000,close,off,available,none,,placed_output,pick tube
forced_category_A_full,forced_category_A_full_0066_MBOX-066,MBOX-066,4,LIFT_TO_SAFE_Z,input_box_3,C6,output_B,category_B_output_box,C4,-260.000,11.000,200.000,hold,off,available,none,,placed_output,lift picked tube
forced_category_A_full,forced_category_A_full_0066_MBOX-066,MBOX-066,5,MOVE_SAFE_ABOVE_SCAN,input_box_3,C6,output_B,category_B_output_box,C4,-140.000,60.000,200.000,hold,off,available,none,,placed_output,move above scan station
forced_category_A_full,forced_category_A_full_0066_MBOX-066,MBOX-066,6,APPROACH_SCAN_STATION,input_box_3,C6,output_B,category_B_output_box,C4,-140.000,60.000,75.000,hold,off,available,none,,placed_output,approach scan station
forced_category_A_full,forced_category_A_full_0066_MBOX-066,MBOX-066,7,SCAN_BARCODE,input_box_3,C6,output_B,category_B_output_box,C4,-140.000,60.000,75.000,hold,scan,available,none,,placed_output,scan and classify
forced_category_A_full,forced_category_A_full_0066_MBOX-066,MBOX-066,8,LIFT_TO_SAFE_Z_AFTER_SCAN,input_box_3,C6,output_B,category_B_output_box,C4,-140.000,60.000,200.000,hold,off,available,none,,placed_output,lift after scan
forced_category_A_full,forced_category_A_full_0066_MBOX-066,MBOX-066,9,MOVE_SAFE_ABOVE_TARGET,input_box_3,C6,output_B,category_B_output_box,C4,384.000,156.000,200.000,hold,off,available,none,,placed_output,move above target
forced_category_A_full,forced_category_A_full_0066_MBOX-066,MBOX-066,10,APPROACH_TARGET_SLOT,input_box_3,C6,output_B,category_B_output_box,C4,384.000,156.000,130.000,hold,off,available,none,,placed_output,approach target slot
forced_category_A_full,forced_category_A_full_0066_MBOX-066,MBOX-066,11,PLACE_TUBE,input_box_3,C6,output_B,category_B_output_box,C4,384.000,156.000,45.000,open,off,available,none,,placed_output,place tube
forced_category_A_full,forced_category_A_full_0066_MBOX-066,MBOX-066,12,RETREAT_TO_SAFE_Z,input_box_3,C6,output_B,category_B_output_box,C4,384.000,156.000,200.000,open,off,available,none,,placed_output,retreat after place
forced_category_A_full,forced_category_A_full_0067_MBOX-067,MBOX-067,1,MOVE_SAFE_ABOVE_INPUT,input_box_3,D1,output_C,category_C_output_box,C4,-400.000,-17.000,200.000,open,off,available,none,,placed_output,move to input safe height
forced_category_A_full,forced_category_A_full_0067_MBOX-067,MBOX-067,2,APPROACH_INPUT_SLOT,input_box_3,D1,output_C,category_C_output_box,C4,-400.000,-17.000,130.000,open,off,available,none,,placed_output,approach input slot
forced_category_A_full,forced_category_A_full_0067_MBOX-067,MBOX-067,3,PICK_TUBE,input_box_3,D1,output_C,category_C_output_box,C4,-400.000,-17.000,55.000,close,off,available,none,,placed_output,pick tube
forced_category_A_full,forced_category_A_full_0067_MBOX-067,MBOX-067,4,LIFT_TO_SAFE_Z,input_box_3,D1,output_C,category_C_output_box,C4,-400.000,-17.000,200.000,hold,off,available,none,,placed_output,lift picked tube
forced_category_A_full,forced_category_A_full_0067_MBOX-067,MBOX-067,5,MOVE_SAFE_ABOVE_SCAN,input_box_3,D1,output_C,category_C_output_box,C4,-140.000,60.000,200.000,hold,off,available,none,,placed_output,move above scan station
forced_category_A_full,forced_category_A_full_0067_MBOX-067,MBOX-067,6,APPROACH_SCAN_STATION,input_box_3,D1,output_C,category_C_output_box,C4,-140.000,60.000,75.000,hold,off,available,none,,placed_output,approach scan station
forced_category_A_full,forced_category_A_full_0067_MBOX-067,MBOX-067,7,SCAN_BARCODE,input_box_3,D1,output_C,category_C_output_box,C4,-140.000,60.000,75.000,hold,scan,available,none,,placed_output,scan and classify
forced_category_A_full,forced_category_A_full_0067_MBOX-067,MBOX-067,8,LIFT_TO_SAFE_Z_AFTER_SCAN,input_box_3,D1,output_C,category_C_output_box,C4,-140.000,60.000,200.000,hold,off,available,none,,placed_output,lift after scan
forced_category_A_full,forced_category_A_full_0067_MBOX-067,MBOX-067,9,MOVE_SAFE_ABOVE_TARGET,input_box_3,D1,output_C,category_C_output_box,C4,174.000,-54.000,200.000,hold,off,available,none,,placed_output,move above target
forced_category_A_full,forced_category_A_full_0067_MBOX-067,MBOX-067,10,APPROACH_TARGET_SLOT,input_box_3,D1,output_C,category_C_output_box,C4,174.000,-54.000,130.000,hold,off,available,none,,placed_output,approach target slot
forced_category_A_full,forced_category_A_full_0067_MBOX-067,MBOX-067,11,PLACE_TUBE,input_box_3,D1,output_C,category_C_output_box,C4,174.000,-54.000,45.000,open,off,available,none,,placed_output,place tube
forced_category_A_full,forced_category_A_full_0067_MBOX-067,MBOX-067,12,RETREAT_TO_SAFE_Z,input_box_3,D1,output_C,category_C_output_box,C4,174.000,-54.000,200.000,open,off,available,none,,placed_output,retreat after place
forced_category_A_full,forced_category_A_full_0068_MBOX-068,MBOX-068,1,MOVE_SAFE_ABOVE_INPUT,input_box_3,D2,output_D,category_D_output_box,C4,-372.000,-17.000,200.000,open,off,available,none,,placed_output,move to input safe height
forced_category_A_full,forced_category_A_full_0068_MBOX-068,MBOX-068,2,APPROACH_INPUT_SLOT,input_box_3,D2,output_D,category_D_output_box,C4,-372.000,-17.000,130.000,open,off,available,none,,placed_output,approach input slot
forced_category_A_full,forced_category_A_full_0068_MBOX-068,MBOX-068,3,PICK_TUBE,input_box_3,D2,output_D,category_D_output_box,C4,-372.000,-17.000,80.000,close,off,available,none,,placed_output,pick tube
forced_category_A_full,forced_category_A_full_0068_MBOX-068,MBOX-068,4,LIFT_TO_SAFE_Z,input_box_3,D2,output_D,category_D_output_box,C4,-372.000,-17.000,200.000,hold,off,available,none,,placed_output,lift picked tube
forced_category_A_full,forced_category_A_full_0068_MBOX-068,MBOX-068,5,MOVE_SAFE_ABOVE_SCAN,input_box_3,D2,output_D,category_D_output_box,C4,-140.000,60.000,200.000,hold,off,available,none,,placed_output,move above scan station
forced_category_A_full,forced_category_A_full_0068_MBOX-068,MBOX-068,6,APPROACH_SCAN_STATION,input_box_3,D2,output_D,category_D_output_box,C4,-140.000,60.000,75.000,hold,off,available,none,,placed_output,approach scan station
forced_category_A_full,forced_category_A_full_0068_MBOX-068,MBOX-068,7,SCAN_BARCODE,input_box_3,D2,output_D,category_D_output_box,C4,-140.000,60.000,75.000,hold,scan,available,none,,placed_output,scan and classify
forced_category_A_full,forced_category_A_full_0068_MBOX-068,MBOX-068,8,LIFT_TO_SAFE_Z_AFTER_SCAN,input_box_3,D2,output_D,category_D_output_box,C4,-140.000,60.000,200.000,hold,off,available,none,,placed_output,lift after scan
forced_category_A_full,forced_category_A_full_0068_MBOX-068,MBOX-068,9,MOVE_SAFE_ABOVE_TARGET,input_box_3,D2,output_D,category_D_output_box,C4,384.000,-54.000,200.000,hold,off,available,none,,placed_output,move above target
forced_category_A_full,forced_category_A_full_0068_MBOX-068,MBOX-068,10,APPROACH_TARGET_SLOT,input_box_3,D2,output_D,category_D_output_box,C4,384.000,-54.000,130.000,hold,off,available,none,,placed_output,approach target slot
forced_category_A_full,forced_category_A_full_0068_MBOX-068,MBOX-068,11,PLACE_TUBE,input_box_3,D2,output_D,category_D_output_box,C4,384.000,-54.000,70.000,open,off,available,none,,placed_output,place tube
forced_category_A_full,forced_category_A_full_0068_MBOX-068,MBOX-068,12,RETREAT_TO_SAFE_Z,input_box_3,D2,output_D,category_D_output_box,C4,384.000,-54.000,200.000,open,off,available,none,,placed_output,retreat after place
forced_category_A_full,forced_category_A_full_0069_MBOX-069_queued,MBOX-069,1,SKIP_HELD_CATEGORY,input_box_3,D3,,,,-344.000,-17.000,200.000,open,off,held,queued,,queued_pending,held-category sample skipped before pick and queued
forced_category_A_full,forced_category_A_full_0070_MBOX-070,MBOX-070,1,MOVE_SAFE_ABOVE_INPUT,input_box_3,D4,output_B,category_B_output_box,C5,-316.000,-17.000,200.000,open,off,available,none,,placed_output,move to input safe height
forced_category_A_full,forced_category_A_full_0070_MBOX-070,MBOX-070,2,APPROACH_INPUT_SLOT,input_box_3,D4,output_B,category_B_output_box,C5,-316.000,-17.000,130.000,open,off,available,none,,placed_output,approach input slot
forced_category_A_full,forced_category_A_full_0070_MBOX-070,MBOX-070,3,PICK_TUBE,input_box_3,D4,output_B,category_B_output_box,C5,-316.000,-17.000,55.000,close,off,available,none,,placed_output,pick tube
forced_category_A_full,forced_category_A_full_0070_MBOX-070,MBOX-070,4,LIFT_TO_SAFE_Z,input_box_3,D4,output_B,category_B_output_box,C5,-316.000,-17.000,200.000,hold,off,available,none,,placed_output,lift picked tube
forced_category_A_full,forced_category_A_full_0070_MBOX-070,MBOX-070,5,MOVE_SAFE_ABOVE_SCAN,input_box_3,D4,output_B,category_B_output_box,C5,-140.000,60.000,200.000,hold,off,available,none,,placed_output,move above scan station
forced_category_A_full,forced_category_A_full_0070_MBOX-070,MBOX-070,6,APPROACH_SCAN_STATION,input_box_3,D4,output_B,category_B_output_box,C5,-140.000,60.000,75.000,hold,off,available,none,,placed_output,approach scan station
forced_category_A_full,forced_category_A_full_0070_MBOX-070,MBOX-070,7,SCAN_BARCODE,input_box_3,D4,output_B,category_B_output_box,C5,-140.000,60.000,75.000,hold,scan,available,none,,placed_output,scan and classify
forced_category_A_full,forced_category_A_full_0070_MBOX-070,MBOX-070,8,LIFT_TO_SAFE_Z_AFTER_SCAN,input_box_3,D4,output_B,category_B_output_box,C5,-140.000,60.000,200.000,hold,off,available,none,,placed_output,lift after scan
forced_category_A_full,forced_category_A_full_0070_MBOX-070,MBOX-070,9,MOVE_SAFE_ABOVE_TARGET,input_box_3,D4,output_B,category_B_output_box,C5,412.000,156.000,200.000,hold,off,available,none,,placed_output,move above target
forced_category_A_full,forced_category_A_full_0070_MBOX-070,MBOX-070,10,APPROACH_TARGET_SLOT,input_box_3,D4,output_B,category_B_output_box,C5,412.000,156.000,130.000,hold,off,available,none,,placed_output,approach target slot
forced_category_A_full,forced_category_A_full_0070_MBOX-070,MBOX-070,11,PLACE_TUBE,input_box_3,D4,output_B,category_B_output_box,C5,412.000,156.000,45.000,open,off,available,none,,placed_output,place tube
forced_category_A_full,forced_category_A_full_0070_MBOX-070,MBOX-070,12,RETREAT_TO_SAFE_Z,input_box_3,D4,output_B,category_B_output_box,C5,412.000,156.000,200.000,open,off,available,none,,placed_output,retreat after place
forced_category_A_full,forced_category_A_full_0071_MBOX-071,MBOX-071,1,MOVE_SAFE_ABOVE_INPUT,input_box_3,D5,output_C,category_C_output_box,C5,-288.000,-17.000,200.000,open,off,available,none,,placed_output,move to input safe height
forced_category_A_full,forced_category_A_full_0071_MBOX-071,MBOX-071,2,APPROACH_INPUT_SLOT,input_box_3,D5,output_C,category_C_output_box,C5,-288.000,-17.000,130.000,open,off,available,none,,placed_output,approach input slot
forced_category_A_full,forced_category_A_full_0071_MBOX-071,MBOX-071,3,PICK_TUBE,input_box_3,D5,output_C,category_C_output_box,C5,-288.000,-17.000,80.000,close,off,available,none,,placed_output,pick tube
forced_category_A_full,forced_category_A_full_0071_MBOX-071,MBOX-071,4,LIFT_TO_SAFE_Z,input_box_3,D5,output_C,category_C_output_box,C5,-288.000,-17.000,200.000,hold,off,available,none,,placed_output,lift picked tube
forced_category_A_full,forced_category_A_full_0071_MBOX-071,MBOX-071,5,MOVE_SAFE_ABOVE_SCAN,input_box_3,D5,output_C,category_C_output_box,C5,-140.000,60.000,200.000,hold,off,available,none,,placed_output,move above scan station
forced_category_A_full,forced_category_A_full_0071_MBOX-071,MBOX-071,6,APPROACH_SCAN_STATION,input_box_3,D5,output_C,category_C_output_box,C5,-140.000,60.000,75.000,hold,off,available,none,,placed_output,approach scan station
forced_category_A_full,forced_category_A_full_0071_MBOX-071,MBOX-071,7,SCAN_BARCODE,input_box_3,D5,output_C,category_C_output_box,C5,-140.000,60.000,75.000,hold,scan,available,none,,placed_output,scan and classify
forced_category_A_full,forced_category_A_full_0071_MBOX-071,MBOX-071,8,LIFT_TO_SAFE_Z_AFTER_SCAN,input_box_3,D5,output_C,category_C_output_box,C5,-140.000,60.000,200.000,hold,off,available,none,,placed_output,lift after scan
forced_category_A_full,forced_category_A_full_0071_MBOX-071,MBOX-071,9,MOVE_SAFE_ABOVE_TARGET,input_box_3,D5,output_C,category_C_output_box,C5,202.000,-54.000,200.000,hold,off,available,none,,placed_output,move above target
forced_category_A_full,forced_category_A_full_0071_MBOX-071,MBOX-071,10,APPROACH_TARGET_SLOT,input_box_3,D5,output_C,category_C_output_box,C5,202.000,-54.000,130.000,hold,off,available,none,,placed_output,approach target slot
forced_category_A_full,forced_category_A_full_0071_MBOX-071,MBOX-071,11,PLACE_TUBE,input_box_3,D5,output_C,category_C_output_box,C5,202.000,-54.000,70.000,open,off,available,none,,placed_output,place tube
forced_category_A_full,forced_category_A_full_0071_MBOX-071,MBOX-071,12,RETREAT_TO_SAFE_Z,input_box_3,D5,output_C,category_C_output_box,C5,202.000,-54.000,200.000,open,off,available,none,,placed_output,retreat after place
forced_category_A_full,forced_category_A_full_0072_MBOX-072,MBOX-072,1,MOVE_SAFE_ABOVE_INPUT,input_box_3,D6,output_D,category_D_output_box,C5,-260.000,-17.000,200.000,open,off,available,none,,placed_output,move to input safe height
forced_category_A_full,forced_category_A_full_0072_MBOX-072,MBOX-072,2,APPROACH_INPUT_SLOT,input_box_3,D6,output_D,category_D_output_box,C5,-260.000,-17.000,130.000,open,off,available,none,,placed_output,approach input slot
forced_category_A_full,forced_category_A_full_0072_MBOX-072,MBOX-072,3,PICK_TUBE,input_box_3,D6,output_D,category_D_output_box,C5,-260.000,-17.000,55.000,close,off,available,none,,placed_output,pick tube
forced_category_A_full,forced_category_A_full_0072_MBOX-072,MBOX-072,4,LIFT_TO_SAFE_Z,input_box_3,D6,output_D,category_D_output_box,C5,-260.000,-17.000,200.000,hold,off,available,none,,placed_output,lift picked tube
forced_category_A_full,forced_category_A_full_0072_MBOX-072,MBOX-072,5,MOVE_SAFE_ABOVE_SCAN,input_box_3,D6,output_D,category_D_output_box,C5,-140.000,60.000,200.000,hold,off,available,none,,placed_output,move above scan station
forced_category_A_full,forced_category_A_full_0072_MBOX-072,MBOX-072,6,APPROACH_SCAN_STATION,input_box_3,D6,output_D,category_D_output_box,C5,-140.000,60.000,75.000,hold,off,available,none,,placed_output,approach scan station
forced_category_A_full,forced_category_A_full_0072_MBOX-072,MBOX-072,7,SCAN_BARCODE,input_box_3,D6,output_D,category_D_output_box,C5,-140.000,60.000,75.000,hold,scan,available,none,,placed_output,scan and classify
forced_category_A_full,forced_category_A_full_0072_MBOX-072,MBOX-072,8,LIFT_TO_SAFE_Z_AFTER_SCAN,input_box_3,D6,output_D,category_D_output_box,C5,-140.000,60.000,200.000,hold,off,available,none,,placed_output,lift after scan
forced_category_A_full,forced_category_A_full_0072_MBOX-072,MBOX-072,9,MOVE_SAFE_ABOVE_TARGET,input_box_3,D6,output_D,category_D_output_box,C5,412.000,-54.000,200.000,hold,off,available,none,,placed_output,move above target
forced_category_A_full,forced_category_A_full_0072_MBOX-072,MBOX-072,10,APPROACH_TARGET_SLOT,input_box_3,D6,output_D,category_D_output_box,C5,412.000,-54.000,130.000,hold,off,available,none,,placed_output,approach target slot
forced_category_A_full,forced_category_A_full_0072_MBOX-072,MBOX-072,11,PLACE_TUBE,input_box_3,D6,output_D,category_D_output_box,C5,412.000,-54.000,45.000,open,off,available,none,,placed_output,place tube
forced_category_A_full,forced_category_A_full_0072_MBOX-072,MBOX-072,12,RETREAT_TO_SAFE_Z,input_box_3,D6,output_D,category_D_output_box,C5,412.000,-54.000,200.000,open,off,available,none,,placed_output,retreat after place
forced_category_A_full,forced_category_A_full_0073_MBOX-073,MBOX-073,1,MOVE_SAFE_ABOVE_INPUT,input_box_4,A1,manual_review,manual_review_bin,B2,-400.000,-63.000,200.000,open,off,not_applicable,none,,placed_manual_review,move to input safe height
forced_category_A_full,forced_category_A_full_0073_MBOX-073,MBOX-073,2,APPROACH_INPUT_SLOT,input_box_4,A1,manual_review,manual_review_bin,B2,-400.000,-63.000,130.000,open,off,not_applicable,none,,placed_manual_review,approach input slot
forced_category_A_full,forced_category_A_full_0073_MBOX-073,MBOX-073,3,PICK_TUBE,input_box_4,A1,manual_review,manual_review_bin,B2,-400.000,-63.000,55.000,close,off,not_applicable,none,,placed_manual_review,pick tube
forced_category_A_full,forced_category_A_full_0073_MBOX-073,MBOX-073,4,LIFT_TO_SAFE_Z,input_box_4,A1,manual_review,manual_review_bin,B2,-400.000,-63.000,200.000,hold,off,not_applicable,none,,placed_manual_review,lift picked tube
forced_category_A_full,forced_category_A_full_0073_MBOX-073,MBOX-073,5,MOVE_SAFE_ABOVE_SCAN,input_box_4,A1,manual_review,manual_review_bin,B2,-140.000,60.000,200.000,hold,off,not_applicable,none,,placed_manual_review,move above scan station
forced_category_A_full,forced_category_A_full_0073_MBOX-073,MBOX-073,6,APPROACH_SCAN_STATION,input_box_4,A1,manual_review,manual_review_bin,B2,-140.000,60.000,75.000,hold,off,not_applicable,none,,placed_manual_review,approach scan station
forced_category_A_full,forced_category_A_full_0073_MBOX-073,MBOX-073,7,SCAN_BARCODE,input_box_4,A1,manual_review,manual_review_bin,B2,-140.000,60.000,75.000,hold,scan,not_applicable,none,,placed_manual_review,scan and classify
forced_category_A_full,forced_category_A_full_0073_MBOX-073,MBOX-073,8,LIFT_TO_SAFE_Z_AFTER_SCAN,input_box_4,A1,manual_review,manual_review_bin,B2,-140.000,60.000,200.000,hold,off,not_applicable,none,,placed_manual_review,lift after scan
forced_category_A_full,forced_category_A_full_0073_MBOX-073,MBOX-073,9,MOVE_SAFE_ABOVE_TARGET,input_box_4,A1,manual_review,manual_review_bin,B2,-180.000,-314.000,200.000,hold,off,not_applicable,none,,placed_manual_review,move above target
forced_category_A_full,forced_category_A_full_0073_MBOX-073,MBOX-073,10,APPROACH_TARGET_SLOT,input_box_4,A1,manual_review,manual_review_bin,B2,-180.000,-314.000,130.000,hold,off,not_applicable,none,,placed_manual_review,approach target slot
forced_category_A_full,forced_category_A_full_0073_MBOX-073,MBOX-073,11,PLACE_TUBE,input_box_4,A1,manual_review,manual_review_bin,B2,-180.000,-314.000,45.000,open,off,not_applicable,none,,placed_manual_review,place tube
forced_category_A_full,forced_category_A_full_0073_MBOX-073,MBOX-073,12,RETREAT_TO_SAFE_Z,input_box_4,A1,manual_review,manual_review_bin,B2,-180.000,-314.000,200.000,open,off,not_applicable,none,,placed_manual_review,retreat after place
forced_category_A_full,forced_category_A_full_0074_MBOX-074_queued,MBOX-074,1,SKIP_HELD_CATEGORY,input_box_4,A2,,,,-372.000,-63.000,200.000,open,off,held,queued,,queued_pending,held-category sample skipped before pick and queued
forced_category_A_full,forced_category_A_full_0075_MBOX-075,MBOX-075,1,MOVE_SAFE_ABOVE_INPUT,input_box_4,A3,output_B,category_B_output_box,C6,-344.000,-63.000,200.000,open,off,available,none,,placed_output,move to input safe height
forced_category_A_full,forced_category_A_full_0075_MBOX-075,MBOX-075,2,APPROACH_INPUT_SLOT,input_box_4,A3,output_B,category_B_output_box,C6,-344.000,-63.000,130.000,open,off,available,none,,placed_output,approach input slot
forced_category_A_full,forced_category_A_full_0075_MBOX-075,MBOX-075,3,PICK_TUBE,input_box_4,A3,output_B,category_B_output_box,C6,-344.000,-63.000,55.000,close,off,available,none,,placed_output,pick tube
forced_category_A_full,forced_category_A_full_0075_MBOX-075,MBOX-075,4,LIFT_TO_SAFE_Z,input_box_4,A3,output_B,category_B_output_box,C6,-344.000,-63.000,200.000,hold,off,available,none,,placed_output,lift picked tube
forced_category_A_full,forced_category_A_full_0075_MBOX-075,MBOX-075,5,MOVE_SAFE_ABOVE_SCAN,input_box_4,A3,output_B,category_B_output_box,C6,-140.000,60.000,200.000,hold,off,available,none,,placed_output,move above scan station
forced_category_A_full,forced_category_A_full_0075_MBOX-075,MBOX-075,6,APPROACH_SCAN_STATION,input_box_4,A3,output_B,category_B_output_box,C6,-140.000,60.000,75.000,hold,off,available,none,,placed_output,approach scan station
forced_category_A_full,forced_category_A_full_0075_MBOX-075,MBOX-075,7,SCAN_BARCODE,input_box_4,A3,output_B,category_B_output_box,C6,-140.000,60.000,75.000,hold,scan,available,none,,placed_output,scan and classify
forced_category_A_full,forced_category_A_full_0075_MBOX-075,MBOX-075,8,LIFT_TO_SAFE_Z_AFTER_SCAN,input_box_4,A3,output_B,category_B_output_box,C6,-140.000,60.000,200.000,hold,off,available,none,,placed_output,lift after scan
forced_category_A_full,forced_category_A_full_0075_MBOX-075,MBOX-075,9,MOVE_SAFE_ABOVE_TARGET,input_box_4,A3,output_B,category_B_output_box,C6,440.000,156.000,200.000,hold,off,available,none,,placed_output,move above target
forced_category_A_full,forced_category_A_full_0075_MBOX-075,MBOX-075,10,APPROACH_TARGET_SLOT,input_box_4,A3,output_B,category_B_output_box,C6,440.000,156.000,130.000,hold,off,available,none,,placed_output,approach target slot
forced_category_A_full,forced_category_A_full_0075_MBOX-075,MBOX-075,11,PLACE_TUBE,input_box_4,A3,output_B,category_B_output_box,C6,440.000,156.000,45.000,open,off,available,none,,placed_output,place tube
forced_category_A_full,forced_category_A_full_0075_MBOX-075,MBOX-075,12,RETREAT_TO_SAFE_Z,input_box_4,A3,output_B,category_B_output_box,C6,440.000,156.000,200.000,open,off,available,none,,placed_output,retreat after place
forced_category_A_full,forced_category_A_full_0076_MBOX-076,MBOX-076,1,MOVE_SAFE_ABOVE_INPUT,input_box_4,A4,output_C,category_C_output_box,C6,-316.000,-63.000,200.000,open,off,available,none,,placed_output,move to input safe height
forced_category_A_full,forced_category_A_full_0076_MBOX-076,MBOX-076,2,APPROACH_INPUT_SLOT,input_box_4,A4,output_C,category_C_output_box,C6,-316.000,-63.000,130.000,open,off,available,none,,placed_output,approach input slot
forced_category_A_full,forced_category_A_full_0076_MBOX-076,MBOX-076,3,PICK_TUBE,input_box_4,A4,output_C,category_C_output_box,C6,-316.000,-63.000,55.000,close,off,available,none,,placed_output,pick tube
forced_category_A_full,forced_category_A_full_0076_MBOX-076,MBOX-076,4,LIFT_TO_SAFE_Z,input_box_4,A4,output_C,category_C_output_box,C6,-316.000,-63.000,200.000,hold,off,available,none,,placed_output,lift picked tube
forced_category_A_full,forced_category_A_full_0076_MBOX-076,MBOX-076,5,MOVE_SAFE_ABOVE_SCAN,input_box_4,A4,output_C,category_C_output_box,C6,-140.000,60.000,200.000,hold,off,available,none,,placed_output,move above scan station
forced_category_A_full,forced_category_A_full_0076_MBOX-076,MBOX-076,6,APPROACH_SCAN_STATION,input_box_4,A4,output_C,category_C_output_box,C6,-140.000,60.000,75.000,hold,off,available,none,,placed_output,approach scan station
forced_category_A_full,forced_category_A_full_0076_MBOX-076,MBOX-076,7,SCAN_BARCODE,input_box_4,A4,output_C,category_C_output_box,C6,-140.000,60.000,75.000,hold,scan,available,none,,placed_output,scan and classify
forced_category_A_full,forced_category_A_full_0076_MBOX-076,MBOX-076,8,LIFT_TO_SAFE_Z_AFTER_SCAN,input_box_4,A4,output_C,category_C_output_box,C6,-140.000,60.000,200.000,hold,off,available,none,,placed_output,lift after scan
forced_category_A_full,forced_category_A_full_0076_MBOX-076,MBOX-076,9,MOVE_SAFE_ABOVE_TARGET,input_box_4,A4,output_C,category_C_output_box,C6,230.000,-54.000,200.000,hold,off,available,none,,placed_output,move above target
forced_category_A_full,forced_category_A_full_0076_MBOX-076,MBOX-076,10,APPROACH_TARGET_SLOT,input_box_4,A4,output_C,category_C_output_box,C6,230.000,-54.000,130.000,hold,off,available,none,,placed_output,approach target slot
forced_category_A_full,forced_category_A_full_0076_MBOX-076,MBOX-076,11,PLACE_TUBE,input_box_4,A4,output_C,category_C_output_box,C6,230.000,-54.000,45.000,open,off,available,none,,placed_output,place tube
forced_category_A_full,forced_category_A_full_0076_MBOX-076,MBOX-076,12,RETREAT_TO_SAFE_Z,input_box_4,A4,output_C,category_C_output_box,C6,230.000,-54.000,200.000,open,off,available,none,,placed_output,retreat after place
forced_category_A_full,forced_category_A_full_0077_MBOX-077,MBOX-077,1,MOVE_SAFE_ABOVE_INPUT,input_box_4,A5,output_D,category_D_output_box,C6,-288.000,-63.000,200.000,open,off,available,none,,placed_output,move to input safe height
forced_category_A_full,forced_category_A_full_0077_MBOX-077,MBOX-077,2,APPROACH_INPUT_SLOT,input_box_4,A5,output_D,category_D_output_box,C6,-288.000,-63.000,130.000,open,off,available,none,,placed_output,approach input slot
forced_category_A_full,forced_category_A_full_0077_MBOX-077,MBOX-077,3,PICK_TUBE,input_box_4,A5,output_D,category_D_output_box,C6,-288.000,-63.000,80.000,close,off,available,none,,placed_output,pick tube
forced_category_A_full,forced_category_A_full_0077_MBOX-077,MBOX-077,4,LIFT_TO_SAFE_Z,input_box_4,A5,output_D,category_D_output_box,C6,-288.000,-63.000,200.000,hold,off,available,none,,placed_output,lift picked tube
forced_category_A_full,forced_category_A_full_0077_MBOX-077,MBOX-077,5,MOVE_SAFE_ABOVE_SCAN,input_box_4,A5,output_D,category_D_output_box,C6,-140.000,60.000,200.000,hold,off,available,none,,placed_output,move above scan station
forced_category_A_full,forced_category_A_full_0077_MBOX-077,MBOX-077,6,APPROACH_SCAN_STATION,input_box_4,A5,output_D,category_D_output_box,C6,-140.000,60.000,75.000,hold,off,available,none,,placed_output,approach scan station
forced_category_A_full,forced_category_A_full_0077_MBOX-077,MBOX-077,7,SCAN_BARCODE,input_box_4,A5,output_D,category_D_output_box,C6,-140.000,60.000,75.000,hold,scan,available,none,,placed_output,scan and classify
forced_category_A_full,forced_category_A_full_0077_MBOX-077,MBOX-077,8,LIFT_TO_SAFE_Z_AFTER_SCAN,input_box_4,A5,output_D,category_D_output_box,C6,-140.000,60.000,200.000,hold,off,available,none,,placed_output,lift after scan
forced_category_A_full,forced_category_A_full_0077_MBOX-077,MBOX-077,9,MOVE_SAFE_ABOVE_TARGET,input_box_4,A5,output_D,category_D_output_box,C6,440.000,-54.000,200.000,hold,off,available,none,,placed_output,move above target
forced_category_A_full,forced_category_A_full_0077_MBOX-077,MBOX-077,10,APPROACH_TARGET_SLOT,input_box_4,A5,output_D,category_D_output_box,C6,440.000,-54.000,130.000,hold,off,available,none,,placed_output,approach target slot
forced_category_A_full,forced_category_A_full_0077_MBOX-077,MBOX-077,11,PLACE_TUBE,input_box_4,A5,output_D,category_D_output_box,C6,440.000,-54.000,70.000,open,off,available,none,,placed_output,place tube
forced_category_A_full,forced_category_A_full_0077_MBOX-077,MBOX-077,12,RETREAT_TO_SAFE_Z,input_box_4,A5,output_D,category_D_output_box,C6,440.000,-54.000,200.000,open,off,available,none,,placed_output,retreat after place
forced_category_A_full,forced_category_A_full_0078_MBOX-078_queued,MBOX-078,1,SKIP_HELD_CATEGORY,input_box_4,A6,,,,-260.000,-63.000,200.000,open,off,held,queued,,queued_pending,held-category sample skipped before pick and queued
forced_category_A_full,forced_category_A_full_0079_MBOX-079,MBOX-079,1,MOVE_SAFE_ABOVE_INPUT,input_box_4,B1,output_B,category_B_output_box,D1,-400.000,-91.000,200.000,open,off,available,none,,placed_output,move to input safe height
forced_category_A_full,forced_category_A_full_0079_MBOX-079,MBOX-079,2,APPROACH_INPUT_SLOT,input_box_4,B1,output_B,category_B_output_box,D1,-400.000,-91.000,130.000,open,off,available,none,,placed_output,approach input slot
forced_category_A_full,forced_category_A_full_0079_MBOX-079,MBOX-079,3,PICK_TUBE,input_box_4,B1,output_B,category_B_output_box,D1,-400.000,-91.000,55.000,close,off,available,none,,placed_output,pick tube
forced_category_A_full,forced_category_A_full_0079_MBOX-079,MBOX-079,4,LIFT_TO_SAFE_Z,input_box_4,B1,output_B,category_B_output_box,D1,-400.000,-91.000,200.000,hold,off,available,none,,placed_output,lift picked tube
forced_category_A_full,forced_category_A_full_0079_MBOX-079,MBOX-079,5,MOVE_SAFE_ABOVE_SCAN,input_box_4,B1,output_B,category_B_output_box,D1,-140.000,60.000,200.000,hold,off,available,none,,placed_output,move above scan station
forced_category_A_full,forced_category_A_full_0079_MBOX-079,MBOX-079,6,APPROACH_SCAN_STATION,input_box_4,B1,output_B,category_B_output_box,D1,-140.000,60.000,75.000,hold,off,available,none,,placed_output,approach scan station
forced_category_A_full,forced_category_A_full_0079_MBOX-079,MBOX-079,7,SCAN_BARCODE,input_box_4,B1,output_B,category_B_output_box,D1,-140.000,60.000,75.000,hold,scan,available,none,,placed_output,scan and classify
forced_category_A_full,forced_category_A_full_0079_MBOX-079,MBOX-079,8,LIFT_TO_SAFE_Z_AFTER_SCAN,input_box_4,B1,output_B,category_B_output_box,D1,-140.000,60.000,200.000,hold,off,available,none,,placed_output,lift after scan
forced_category_A_full,forced_category_A_full_0079_MBOX-079,MBOX-079,9,MOVE_SAFE_ABOVE_TARGET,input_box_4,B1,output_B,category_B_output_box,D1,300.000,128.000,200.000,hold,off,available,none,,placed_output,move above target
forced_category_A_full,forced_category_A_full_0079_MBOX-079,MBOX-079,10,APPROACH_TARGET_SLOT,input_box_4,B1,output_B,category_B_output_box,D1,300.000,128.000,130.000,hold,off,available,none,,placed_output,approach target slot
forced_category_A_full,forced_category_A_full_0079_MBOX-079,MBOX-079,11,PLACE_TUBE,input_box_4,B1,output_B,category_B_output_box,D1,300.000,128.000,45.000,open,off,available,none,,placed_output,place tube
forced_category_A_full,forced_category_A_full_0079_MBOX-079,MBOX-079,12,RETREAT_TO_SAFE_Z,input_box_4,B1,output_B,category_B_output_box,D1,300.000,128.000,200.000,open,off,available,none,,placed_output,retreat after place
forced_category_A_full,forced_category_A_full_0080_MBOX-080,MBOX-080,1,MOVE_SAFE_ABOVE_INPUT,input_box_4,B2,output_C,category_C_output_box,D1,-372.000,-91.000,200.000,open,off,available,none,,placed_output,move to input safe height
forced_category_A_full,forced_category_A_full_0080_MBOX-080,MBOX-080,2,APPROACH_INPUT_SLOT,input_box_4,B2,output_C,category_C_output_box,D1,-372.000,-91.000,130.000,open,off,available,none,,placed_output,approach input slot
forced_category_A_full,forced_category_A_full_0080_MBOX-080,MBOX-080,3,PICK_TUBE,input_box_4,B2,output_C,category_C_output_box,D1,-372.000,-91.000,80.000,close,off,available,none,,placed_output,pick tube
forced_category_A_full,forced_category_A_full_0080_MBOX-080,MBOX-080,4,LIFT_TO_SAFE_Z,input_box_4,B2,output_C,category_C_output_box,D1,-372.000,-91.000,200.000,hold,off,available,none,,placed_output,lift picked tube
forced_category_A_full,forced_category_A_full_0080_MBOX-080,MBOX-080,5,MOVE_SAFE_ABOVE_SCAN,input_box_4,B2,output_C,category_C_output_box,D1,-140.000,60.000,200.000,hold,off,available,none,,placed_output,move above scan station
forced_category_A_full,forced_category_A_full_0080_MBOX-080,MBOX-080,6,APPROACH_SCAN_STATION,input_box_4,B2,output_C,category_C_output_box,D1,-140.000,60.000,75.000,hold,off,available,none,,placed_output,approach scan station
forced_category_A_full,forced_category_A_full_0080_MBOX-080,MBOX-080,7,SCAN_BARCODE,input_box_4,B2,output_C,category_C_output_box,D1,-140.000,60.000,75.000,hold,scan,available,none,,placed_output,scan and classify
forced_category_A_full,forced_category_A_full_0080_MBOX-080,MBOX-080,8,LIFT_TO_SAFE_Z_AFTER_SCAN,input_box_4,B2,output_C,category_C_output_box,D1,-140.000,60.000,200.000,hold,off,available,none,,placed_output,lift after scan
forced_category_A_full,forced_category_A_full_0080_MBOX-080,MBOX-080,9,MOVE_SAFE_ABOVE_TARGET,input_box_4,B2,output_C,category_C_output_box,D1,90.000,-82.000,200.000,hold,off,available,none,,placed_output,move above target
forced_category_A_full,forced_category_A_full_0080_MBOX-080,MBOX-080,10,APPROACH_TARGET_SLOT,input_box_4,B2,output_C,category_C_output_box,D1,90.000,-82.000,130.000,hold,off,available,none,,placed_output,approach target slot
forced_category_A_full,forced_category_A_full_0080_MBOX-080,MBOX-080,11,PLACE_TUBE,input_box_4,B2,output_C,category_C_output_box,D1,90.000,-82.000,70.000,open,off,available,none,,placed_output,place tube
forced_category_A_full,forced_category_A_full_0080_MBOX-080,MBOX-080,12,RETREAT_TO_SAFE_Z,input_box_4,B2,output_C,category_C_output_box,D1,90.000,-82.000,200.000,open,off,available,none,,placed_output,retreat after place
forced_category_A_full,forced_category_A_full_0081_MBOX-081,MBOX-081,1,MOVE_SAFE_ABOVE_INPUT,input_box_4,B3,output_D,category_D_output_box,D1,-344.000,-91.000,200.000,open,off,available,none,,placed_output,move to input safe height
forced_category_A_full,forced_category_A_full_0081_MBOX-081,MBOX-081,2,APPROACH_INPUT_SLOT,input_box_4,B3,output_D,category_D_output_box,D1,-344.000,-91.000,130.000,open,off,available,none,,placed_output,approach input slot
forced_category_A_full,forced_category_A_full_0081_MBOX-081,MBOX-081,3,PICK_TUBE,input_box_4,B3,output_D,category_D_output_box,D1,-344.000,-91.000,55.000,close,off,available,none,,placed_output,pick tube
forced_category_A_full,forced_category_A_full_0081_MBOX-081,MBOX-081,4,LIFT_TO_SAFE_Z,input_box_4,B3,output_D,category_D_output_box,D1,-344.000,-91.000,200.000,hold,off,available,none,,placed_output,lift picked tube
forced_category_A_full,forced_category_A_full_0081_MBOX-081,MBOX-081,5,MOVE_SAFE_ABOVE_SCAN,input_box_4,B3,output_D,category_D_output_box,D1,-140.000,60.000,200.000,hold,off,available,none,,placed_output,move above scan station
forced_category_A_full,forced_category_A_full_0081_MBOX-081,MBOX-081,6,APPROACH_SCAN_STATION,input_box_4,B3,output_D,category_D_output_box,D1,-140.000,60.000,75.000,hold,off,available,none,,placed_output,approach scan station
forced_category_A_full,forced_category_A_full_0081_MBOX-081,MBOX-081,7,SCAN_BARCODE,input_box_4,B3,output_D,category_D_output_box,D1,-140.000,60.000,75.000,hold,scan,available,none,,placed_output,scan and classify
forced_category_A_full,forced_category_A_full_0081_MBOX-081,MBOX-081,8,LIFT_TO_SAFE_Z_AFTER_SCAN,input_box_4,B3,output_D,category_D_output_box,D1,-140.000,60.000,200.000,hold,off,available,none,,placed_output,lift after scan
forced_category_A_full,forced_category_A_full_0081_MBOX-081,MBOX-081,9,MOVE_SAFE_ABOVE_TARGET,input_box_4,B3,output_D,category_D_output_box,D1,300.000,-82.000,200.000,hold,off,available,none,,placed_output,move above target
forced_category_A_full,forced_category_A_full_0081_MBOX-081,MBOX-081,10,APPROACH_TARGET_SLOT,input_box_4,B3,output_D,category_D_output_box,D1,300.000,-82.000,130.000,hold,off,available,none,,placed_output,approach target slot
forced_category_A_full,forced_category_A_full_0081_MBOX-081,MBOX-081,11,PLACE_TUBE,input_box_4,B3,output_D,category_D_output_box,D1,300.000,-82.000,45.000,open,off,available,none,,placed_output,place tube
forced_category_A_full,forced_category_A_full_0081_MBOX-081,MBOX-081,12,RETREAT_TO_SAFE_Z,input_box_4,B3,output_D,category_D_output_box,D1,300.000,-82.000,200.000,open,off,available,none,,placed_output,retreat after place
forced_category_A_full,forced_category_A_full_0082_MBOX-082_queued,MBOX-082,1,SKIP_HELD_CATEGORY,input_box_4,B4,,,,-316.000,-91.000,200.000,open,off,held,queued,,queued_pending,held-category sample skipped before pick and queued
forced_category_A_full,forced_category_A_full_0083_MBOX-083,MBOX-083,1,MOVE_SAFE_ABOVE_INPUT,input_box_4,B5,output_B,category_B_output_box,D2,-288.000,-91.000,200.000,open,off,available,none,,placed_output,move to input safe height
forced_category_A_full,forced_category_A_full_0083_MBOX-083,MBOX-083,2,APPROACH_INPUT_SLOT,input_box_4,B5,output_B,category_B_output_box,D2,-288.000,-91.000,130.000,open,off,available,none,,placed_output,approach input slot
forced_category_A_full,forced_category_A_full_0083_MBOX-083,MBOX-083,3,PICK_TUBE,input_box_4,B5,output_B,category_B_output_box,D2,-288.000,-91.000,80.000,close,off,available,none,,placed_output,pick tube
forced_category_A_full,forced_category_A_full_0083_MBOX-083,MBOX-083,4,LIFT_TO_SAFE_Z,input_box_4,B5,output_B,category_B_output_box,D2,-288.000,-91.000,200.000,hold,off,available,none,,placed_output,lift picked tube
forced_category_A_full,forced_category_A_full_0083_MBOX-083,MBOX-083,5,MOVE_SAFE_ABOVE_SCAN,input_box_4,B5,output_B,category_B_output_box,D2,-140.000,60.000,200.000,hold,off,available,none,,placed_output,move above scan station
forced_category_A_full,forced_category_A_full_0083_MBOX-083,MBOX-083,6,APPROACH_SCAN_STATION,input_box_4,B5,output_B,category_B_output_box,D2,-140.000,60.000,75.000,hold,off,available,none,,placed_output,approach scan station
forced_category_A_full,forced_category_A_full_0083_MBOX-083,MBOX-083,7,SCAN_BARCODE,input_box_4,B5,output_B,category_B_output_box,D2,-140.000,60.000,75.000,hold,scan,available,none,,placed_output,scan and classify
forced_category_A_full,forced_category_A_full_0083_MBOX-083,MBOX-083,8,LIFT_TO_SAFE_Z_AFTER_SCAN,input_box_4,B5,output_B,category_B_output_box,D2,-140.000,60.000,200.000,hold,off,available,none,,placed_output,lift after scan
forced_category_A_full,forced_category_A_full_0083_MBOX-083,MBOX-083,9,MOVE_SAFE_ABOVE_TARGET,input_box_4,B5,output_B,category_B_output_box,D2,328.000,128.000,200.000,hold,off,available,none,,placed_output,move above target
forced_category_A_full,forced_category_A_full_0083_MBOX-083,MBOX-083,10,APPROACH_TARGET_SLOT,input_box_4,B5,output_B,category_B_output_box,D2,328.000,128.000,130.000,hold,off,available,none,,placed_output,approach target slot
forced_category_A_full,forced_category_A_full_0083_MBOX-083,MBOX-083,11,PLACE_TUBE,input_box_4,B5,output_B,category_B_output_box,D2,328.000,128.000,70.000,open,off,available,none,,placed_output,place tube
forced_category_A_full,forced_category_A_full_0083_MBOX-083,MBOX-083,12,RETREAT_TO_SAFE_Z,input_box_4,B5,output_B,category_B_output_box,D2,328.000,128.000,200.000,open,off,available,none,,placed_output,retreat after place
forced_category_A_full,forced_category_A_full_0084_MBOX-084,MBOX-084,1,MOVE_SAFE_ABOVE_INPUT,input_box_4,B6,output_C,category_C_output_box,D2,-260.000,-91.000,200.000,open,off,available,none,,placed_output,move to input safe height
forced_category_A_full,forced_category_A_full_0084_MBOX-084,MBOX-084,2,APPROACH_INPUT_SLOT,input_box_4,B6,output_C,category_C_output_box,D2,-260.000,-91.000,130.000,open,off,available,none,,placed_output,approach input slot
forced_category_A_full,forced_category_A_full_0084_MBOX-084,MBOX-084,3,PICK_TUBE,input_box_4,B6,output_C,category_C_output_box,D2,-260.000,-91.000,55.000,close,off,available,none,,placed_output,pick tube
forced_category_A_full,forced_category_A_full_0084_MBOX-084,MBOX-084,4,LIFT_TO_SAFE_Z,input_box_4,B6,output_C,category_C_output_box,D2,-260.000,-91.000,200.000,hold,off,available,none,,placed_output,lift picked tube
forced_category_A_full,forced_category_A_full_0084_MBOX-084,MBOX-084,5,MOVE_SAFE_ABOVE_SCAN,input_box_4,B6,output_C,category_C_output_box,D2,-140.000,60.000,200.000,hold,off,available,none,,placed_output,move above scan station
forced_category_A_full,forced_category_A_full_0084_MBOX-084,MBOX-084,6,APPROACH_SCAN_STATION,input_box_4,B6,output_C,category_C_output_box,D2,-140.000,60.000,75.000,hold,off,available,none,,placed_output,approach scan station
forced_category_A_full,forced_category_A_full_0084_MBOX-084,MBOX-084,7,SCAN_BARCODE,input_box_4,B6,output_C,category_C_output_box,D2,-140.000,60.000,75.000,hold,scan,available,none,,placed_output,scan and classify
forced_category_A_full,forced_category_A_full_0084_MBOX-084,MBOX-084,8,LIFT_TO_SAFE_Z_AFTER_SCAN,input_box_4,B6,output_C,category_C_output_box,D2,-140.000,60.000,200.000,hold,off,available,none,,placed_output,lift after scan
forced_category_A_full,forced_category_A_full_0084_MBOX-084,MBOX-084,9,MOVE_SAFE_ABOVE_TARGET,input_box_4,B6,output_C,category_C_output_box,D2,118.000,-82.000,200.000,hold,off,available,none,,placed_output,move above target
forced_category_A_full,forced_category_A_full_0084_MBOX-084,MBOX-084,10,APPROACH_TARGET_SLOT,input_box_4,B6,output_C,category_C_output_box,D2,118.000,-82.000,130.000,hold,off,available,none,,placed_output,approach target slot
forced_category_A_full,forced_category_A_full_0084_MBOX-084,MBOX-084,11,PLACE_TUBE,input_box_4,B6,output_C,category_C_output_box,D2,118.000,-82.000,45.000,open,off,available,none,,placed_output,place tube
forced_category_A_full,forced_category_A_full_0084_MBOX-084,MBOX-084,12,RETREAT_TO_SAFE_Z,input_box_4,B6,output_C,category_C_output_box,D2,118.000,-82.000,200.000,open,off,available,none,,placed_output,retreat after place
forced_category_A_full,forced_category_A_full_0085_MBOX-085,MBOX-085,1,MOVE_SAFE_ABOVE_INPUT,input_box_4,C1,output_D,category_D_output_box,D2,-400.000,-119.000,200.000,open,off,available,none,,placed_output,move to input safe height
forced_category_A_full,forced_category_A_full_0085_MBOX-085,MBOX-085,2,APPROACH_INPUT_SLOT,input_box_4,C1,output_D,category_D_output_box,D2,-400.000,-119.000,130.000,open,off,available,none,,placed_output,approach input slot
forced_category_A_full,forced_category_A_full_0085_MBOX-085,MBOX-085,3,PICK_TUBE,input_box_4,C1,output_D,category_D_output_box,D2,-400.000,-119.000,55.000,close,off,available,none,,placed_output,pick tube
forced_category_A_full,forced_category_A_full_0085_MBOX-085,MBOX-085,4,LIFT_TO_SAFE_Z,input_box_4,C1,output_D,category_D_output_box,D2,-400.000,-119.000,200.000,hold,off,available,none,,placed_output,lift picked tube
forced_category_A_full,forced_category_A_full_0085_MBOX-085,MBOX-085,5,MOVE_SAFE_ABOVE_SCAN,input_box_4,C1,output_D,category_D_output_box,D2,-140.000,60.000,200.000,hold,off,available,none,,placed_output,move above scan station
forced_category_A_full,forced_category_A_full_0085_MBOX-085,MBOX-085,6,APPROACH_SCAN_STATION,input_box_4,C1,output_D,category_D_output_box,D2,-140.000,60.000,75.000,hold,off,available,none,,placed_output,approach scan station
forced_category_A_full,forced_category_A_full_0085_MBOX-085,MBOX-085,7,SCAN_BARCODE,input_box_4,C1,output_D,category_D_output_box,D2,-140.000,60.000,75.000,hold,scan,available,none,,placed_output,scan and classify
forced_category_A_full,forced_category_A_full_0085_MBOX-085,MBOX-085,8,LIFT_TO_SAFE_Z_AFTER_SCAN,input_box_4,C1,output_D,category_D_output_box,D2,-140.000,60.000,200.000,hold,off,available,none,,placed_output,lift after scan
forced_category_A_full,forced_category_A_full_0085_MBOX-085,MBOX-085,9,MOVE_SAFE_ABOVE_TARGET,input_box_4,C1,output_D,category_D_output_box,D2,328.000,-82.000,200.000,hold,off,available,none,,placed_output,move above target
forced_category_A_full,forced_category_A_full_0085_MBOX-085,MBOX-085,10,APPROACH_TARGET_SLOT,input_box_4,C1,output_D,category_D_output_box,D2,328.000,-82.000,130.000,hold,off,available,none,,placed_output,approach target slot
forced_category_A_full,forced_category_A_full_0085_MBOX-085,MBOX-085,11,PLACE_TUBE,input_box_4,C1,output_D,category_D_output_box,D2,328.000,-82.000,45.000,open,off,available,none,,placed_output,place tube
forced_category_A_full,forced_category_A_full_0085_MBOX-085,MBOX-085,12,RETREAT_TO_SAFE_Z,input_box_4,C1,output_D,category_D_output_box,D2,328.000,-82.000,200.000,open,off,available,none,,placed_output,retreat after place
forced_category_A_full,forced_category_A_full_0086_MBOX-086_queued,MBOX-086,1,SKIP_HELD_CATEGORY,input_box_4,C2,,,,-372.000,-119.000,200.000,open,off,held,queued,,queued_pending,held-category sample skipped before pick and queued
forced_category_A_full,forced_category_A_full_0087_MBOX-087,MBOX-087,1,MOVE_SAFE_ABOVE_INPUT,input_box_4,C3,output_B,category_B_output_box,D3,-344.000,-119.000,200.000,open,off,available,none,,placed_output,move to input safe height
forced_category_A_full,forced_category_A_full_0087_MBOX-087,MBOX-087,2,APPROACH_INPUT_SLOT,input_box_4,C3,output_B,category_B_output_box,D3,-344.000,-119.000,130.000,open,off,available,none,,placed_output,approach input slot
forced_category_A_full,forced_category_A_full_0087_MBOX-087,MBOX-087,3,PICK_TUBE,input_box_4,C3,output_B,category_B_output_box,D3,-344.000,-119.000,55.000,close,off,available,none,,placed_output,pick tube
forced_category_A_full,forced_category_A_full_0087_MBOX-087,MBOX-087,4,LIFT_TO_SAFE_Z,input_box_4,C3,output_B,category_B_output_box,D3,-344.000,-119.000,200.000,hold,off,available,none,,placed_output,lift picked tube
forced_category_A_full,forced_category_A_full_0087_MBOX-087,MBOX-087,5,MOVE_SAFE_ABOVE_SCAN,input_box_4,C3,output_B,category_B_output_box,D3,-140.000,60.000,200.000,hold,off,available,none,,placed_output,move above scan station
forced_category_A_full,forced_category_A_full_0087_MBOX-087,MBOX-087,6,APPROACH_SCAN_STATION,input_box_4,C3,output_B,category_B_output_box,D3,-140.000,60.000,75.000,hold,off,available,none,,placed_output,approach scan station
forced_category_A_full,forced_category_A_full_0087_MBOX-087,MBOX-087,7,SCAN_BARCODE,input_box_4,C3,output_B,category_B_output_box,D3,-140.000,60.000,75.000,hold,scan,available,none,,placed_output,scan and classify
forced_category_A_full,forced_category_A_full_0087_MBOX-087,MBOX-087,8,LIFT_TO_SAFE_Z_AFTER_SCAN,input_box_4,C3,output_B,category_B_output_box,D3,-140.000,60.000,200.000,hold,off,available,none,,placed_output,lift after scan
forced_category_A_full,forced_category_A_full_0087_MBOX-087,MBOX-087,9,MOVE_SAFE_ABOVE_TARGET,input_box_4,C3,output_B,category_B_output_box,D3,356.000,128.000,200.000,hold,off,available,none,,placed_output,move above target
forced_category_A_full,forced_category_A_full_0087_MBOX-087,MBOX-087,10,APPROACH_TARGET_SLOT,input_box_4,C3,output_B,category_B_output_box,D3,356.000,128.000,130.000,hold,off,available,none,,placed_output,approach target slot
forced_category_A_full,forced_category_A_full_0087_MBOX-087,MBOX-087,11,PLACE_TUBE,input_box_4,C3,output_B,category_B_output_box,D3,356.000,128.000,45.000,open,off,available,none,,placed_output,place tube
forced_category_A_full,forced_category_A_full_0087_MBOX-087,MBOX-087,12,RETREAT_TO_SAFE_Z,input_box_4,C3,output_B,category_B_output_box,D3,356.000,128.000,200.000,open,off,available,none,,placed_output,retreat after place
forced_category_A_full,forced_category_A_full_0088_MBOX-088,MBOX-088,1,MOVE_SAFE_ABOVE_INPUT,input_box_4,C4,output_C,category_C_output_box,D3,-316.000,-119.000,200.000,open,off,available,none,,placed_output,move to input safe height
forced_category_A_full,forced_category_A_full_0088_MBOX-088,MBOX-088,2,APPROACH_INPUT_SLOT,input_box_4,C4,output_C,category_C_output_box,D3,-316.000,-119.000,130.000,open,off,available,none,,placed_output,approach input slot
forced_category_A_full,forced_category_A_full_0088_MBOX-088,MBOX-088,3,PICK_TUBE,input_box_4,C4,output_C,category_C_output_box,D3,-316.000,-119.000,55.000,close,off,available,none,,placed_output,pick tube
forced_category_A_full,forced_category_A_full_0088_MBOX-088,MBOX-088,4,LIFT_TO_SAFE_Z,input_box_4,C4,output_C,category_C_output_box,D3,-316.000,-119.000,200.000,hold,off,available,none,,placed_output,lift picked tube
forced_category_A_full,forced_category_A_full_0088_MBOX-088,MBOX-088,5,MOVE_SAFE_ABOVE_SCAN,input_box_4,C4,output_C,category_C_output_box,D3,-140.000,60.000,200.000,hold,off,available,none,,placed_output,move above scan station
forced_category_A_full,forced_category_A_full_0088_MBOX-088,MBOX-088,6,APPROACH_SCAN_STATION,input_box_4,C4,output_C,category_C_output_box,D3,-140.000,60.000,75.000,hold,off,available,none,,placed_output,approach scan station
forced_category_A_full,forced_category_A_full_0088_MBOX-088,MBOX-088,7,SCAN_BARCODE,input_box_4,C4,output_C,category_C_output_box,D3,-140.000,60.000,75.000,hold,scan,available,none,,placed_output,scan and classify
forced_category_A_full,forced_category_A_full_0088_MBOX-088,MBOX-088,8,LIFT_TO_SAFE_Z_AFTER_SCAN,input_box_4,C4,output_C,category_C_output_box,D3,-140.000,60.000,200.000,hold,off,available,none,,placed_output,lift after scan
forced_category_A_full,forced_category_A_full_0088_MBOX-088,MBOX-088,9,MOVE_SAFE_ABOVE_TARGET,input_box_4,C4,output_C,category_C_output_box,D3,146.000,-82.000,200.000,hold,off,available,none,,placed_output,move above target
forced_category_A_full,forced_category_A_full_0088_MBOX-088,MBOX-088,10,APPROACH_TARGET_SLOT,input_box_4,C4,output_C,category_C_output_box,D3,146.000,-82.000,130.000,hold,off,available,none,,placed_output,approach target slot
forced_category_A_full,forced_category_A_full_0088_MBOX-088,MBOX-088,11,PLACE_TUBE,input_box_4,C4,output_C,category_C_output_box,D3,146.000,-82.000,45.000,open,off,available,none,,placed_output,place tube
forced_category_A_full,forced_category_A_full_0088_MBOX-088,MBOX-088,12,RETREAT_TO_SAFE_Z,input_box_4,C4,output_C,category_C_output_box,D3,146.000,-82.000,200.000,open,off,available,none,,placed_output,retreat after place
forced_category_A_full,forced_category_A_full_0089_MBOX-089,MBOX-089,1,MOVE_SAFE_ABOVE_INPUT,input_box_4,C5,output_D,category_D_output_box,D3,-288.000,-119.000,200.000,open,off,available,none,,placed_output,move to input safe height
forced_category_A_full,forced_category_A_full_0089_MBOX-089,MBOX-089,2,APPROACH_INPUT_SLOT,input_box_4,C5,output_D,category_D_output_box,D3,-288.000,-119.000,130.000,open,off,available,none,,placed_output,approach input slot
forced_category_A_full,forced_category_A_full_0089_MBOX-089,MBOX-089,3,PICK_TUBE,input_box_4,C5,output_D,category_D_output_box,D3,-288.000,-119.000,80.000,close,off,available,none,,placed_output,pick tube
forced_category_A_full,forced_category_A_full_0089_MBOX-089,MBOX-089,4,LIFT_TO_SAFE_Z,input_box_4,C5,output_D,category_D_output_box,D3,-288.000,-119.000,200.000,hold,off,available,none,,placed_output,lift picked tube
forced_category_A_full,forced_category_A_full_0089_MBOX-089,MBOX-089,5,MOVE_SAFE_ABOVE_SCAN,input_box_4,C5,output_D,category_D_output_box,D3,-140.000,60.000,200.000,hold,off,available,none,,placed_output,move above scan station
forced_category_A_full,forced_category_A_full_0089_MBOX-089,MBOX-089,6,APPROACH_SCAN_STATION,input_box_4,C5,output_D,category_D_output_box,D3,-140.000,60.000,75.000,hold,off,available,none,,placed_output,approach scan station
forced_category_A_full,forced_category_A_full_0089_MBOX-089,MBOX-089,7,SCAN_BARCODE,input_box_4,C5,output_D,category_D_output_box,D3,-140.000,60.000,75.000,hold,scan,available,none,,placed_output,scan and classify
forced_category_A_full,forced_category_A_full_0089_MBOX-089,MBOX-089,8,LIFT_TO_SAFE_Z_AFTER_SCAN,input_box_4,C5,output_D,category_D_output_box,D3,-140.000,60.000,200.000,hold,off,available,none,,placed_output,lift after scan
forced_category_A_full,forced_category_A_full_0089_MBOX-089,MBOX-089,9,MOVE_SAFE_ABOVE_TARGET,input_box_4,C5,output_D,category_D_output_box,D3,356.000,-82.000,200.000,hold,off,available,none,,placed_output,move above target
forced_category_A_full,forced_category_A_full_0089_MBOX-089,MBOX-089,10,APPROACH_TARGET_SLOT,input_box_4,C5,output_D,category_D_output_box,D3,356.000,-82.000,130.000,hold,off,available,none,,placed_output,approach target slot
forced_category_A_full,forced_category_A_full_0089_MBOX-089,MBOX-089,11,PLACE_TUBE,input_box_4,C5,output_D,category_D_output_box,D3,356.000,-82.000,70.000,open,off,available,none,,placed_output,place tube
forced_category_A_full,forced_category_A_full_0089_MBOX-089,MBOX-089,12,RETREAT_TO_SAFE_Z,input_box_4,C5,output_D,category_D_output_box,D3,356.000,-82.000,200.000,open,off,available,none,,placed_output,retreat after place
forced_category_A_full,forced_category_A_full_0090_MBOX-090_queued,MBOX-090,1,SKIP_HELD_CATEGORY,input_box_4,C6,,,,-260.000,-119.000,200.000,open,off,held,queued,,queued_pending,held-category sample skipped before pick and queued
forced_category_A_full,forced_category_A_full_0091_MBOX-091,MBOX-091,1,MOVE_SAFE_ABOVE_INPUT,input_box_4,D1,manual_review,manual_review_bin,B3,-400.000,-147.000,200.000,open,off,not_applicable,none,,placed_manual_review,move to input safe height
forced_category_A_full,forced_category_A_full_0091_MBOX-091,MBOX-091,2,APPROACH_INPUT_SLOT,input_box_4,D1,manual_review,manual_review_bin,B3,-400.000,-147.000,130.000,open,off,not_applicable,none,,placed_manual_review,approach input slot
forced_category_A_full,forced_category_A_full_0091_MBOX-091,MBOX-091,3,PICK_TUBE,input_box_4,D1,manual_review,manual_review_bin,B3,-400.000,-147.000,55.000,close,off,not_applicable,none,,placed_manual_review,pick tube
forced_category_A_full,forced_category_A_full_0091_MBOX-091,MBOX-091,4,LIFT_TO_SAFE_Z,input_box_4,D1,manual_review,manual_review_bin,B3,-400.000,-147.000,200.000,hold,off,not_applicable,none,,placed_manual_review,lift picked tube
forced_category_A_full,forced_category_A_full_0091_MBOX-091,MBOX-091,5,MOVE_SAFE_ABOVE_SCAN,input_box_4,D1,manual_review,manual_review_bin,B3,-140.000,60.000,200.000,hold,off,not_applicable,none,,placed_manual_review,move above scan station
forced_category_A_full,forced_category_A_full_0091_MBOX-091,MBOX-091,6,APPROACH_SCAN_STATION,input_box_4,D1,manual_review,manual_review_bin,B3,-140.000,60.000,75.000,hold,off,not_applicable,none,,placed_manual_review,approach scan station
forced_category_A_full,forced_category_A_full_0091_MBOX-091,MBOX-091,7,SCAN_BARCODE,input_box_4,D1,manual_review,manual_review_bin,B3,-140.000,60.000,75.000,hold,scan,not_applicable,none,,placed_manual_review,scan and classify
forced_category_A_full,forced_category_A_full_0091_MBOX-091,MBOX-091,8,LIFT_TO_SAFE_Z_AFTER_SCAN,input_box_4,D1,manual_review,manual_review_bin,B3,-140.000,60.000,200.000,hold,off,not_applicable,none,,placed_manual_review,lift after scan
forced_category_A_full,forced_category_A_full_0091_MBOX-091,MBOX-091,9,MOVE_SAFE_ABOVE_TARGET,input_box_4,D1,manual_review,manual_review_bin,B3,-152.000,-314.000,200.000,hold,off,not_applicable,none,,placed_manual_review,move above target
forced_category_A_full,forced_category_A_full_0091_MBOX-091,MBOX-091,10,APPROACH_TARGET_SLOT,input_box_4,D1,manual_review,manual_review_bin,B3,-152.000,-314.000,130.000,hold,off,not_applicable,none,,placed_manual_review,approach target slot
forced_category_A_full,forced_category_A_full_0091_MBOX-091,MBOX-091,11,PLACE_TUBE,input_box_4,D1,manual_review,manual_review_bin,B3,-152.000,-314.000,45.000,open,off,not_applicable,none,,placed_manual_review,place tube
forced_category_A_full,forced_category_A_full_0091_MBOX-091,MBOX-091,12,RETREAT_TO_SAFE_Z,input_box_4,D1,manual_review,manual_review_bin,B3,-152.000,-314.000,200.000,open,off,not_applicable,none,,placed_manual_review,retreat after place
forced_category_A_full,forced_category_A_full_0092_MBOX-092,MBOX-092,1,MOVE_SAFE_ABOVE_INPUT,input_box_4,D2,output_B,category_B_output_box,D4,-372.000,-147.000,200.000,open,off,available,none,,placed_output,move to input safe height
forced_category_A_full,forced_category_A_full_0092_MBOX-092,MBOX-092,2,APPROACH_INPUT_SLOT,input_box_4,D2,output_B,category_B_output_box,D4,-372.000,-147.000,130.000,open,off,available,none,,placed_output,approach input slot
forced_category_A_full,forced_category_A_full_0092_MBOX-092,MBOX-092,3,PICK_TUBE,input_box_4,D2,output_B,category_B_output_box,D4,-372.000,-147.000,80.000,close,off,available,none,,placed_output,pick tube
forced_category_A_full,forced_category_A_full_0092_MBOX-092,MBOX-092,4,LIFT_TO_SAFE_Z,input_box_4,D2,output_B,category_B_output_box,D4,-372.000,-147.000,200.000,hold,off,available,none,,placed_output,lift picked tube
forced_category_A_full,forced_category_A_full_0092_MBOX-092,MBOX-092,5,MOVE_SAFE_ABOVE_SCAN,input_box_4,D2,output_B,category_B_output_box,D4,-140.000,60.000,200.000,hold,off,available,none,,placed_output,move above scan station
forced_category_A_full,forced_category_A_full_0092_MBOX-092,MBOX-092,6,APPROACH_SCAN_STATION,input_box_4,D2,output_B,category_B_output_box,D4,-140.000,60.000,75.000,hold,off,available,none,,placed_output,approach scan station
forced_category_A_full,forced_category_A_full_0092_MBOX-092,MBOX-092,7,SCAN_BARCODE,input_box_4,D2,output_B,category_B_output_box,D4,-140.000,60.000,75.000,hold,scan,available,none,,placed_output,scan and classify
forced_category_A_full,forced_category_A_full_0092_MBOX-092,MBOX-092,8,LIFT_TO_SAFE_Z_AFTER_SCAN,input_box_4,D2,output_B,category_B_output_box,D4,-140.000,60.000,200.000,hold,off,available,none,,placed_output,lift after scan
forced_category_A_full,forced_category_A_full_0092_MBOX-092,MBOX-092,9,MOVE_SAFE_ABOVE_TARGET,input_box_4,D2,output_B,category_B_output_box,D4,384.000,128.000,200.000,hold,off,available,none,,placed_output,move above target
forced_category_A_full,forced_category_A_full_0092_MBOX-092,MBOX-092,10,APPROACH_TARGET_SLOT,input_box_4,D2,output_B,category_B_output_box,D4,384.000,128.000,130.000,hold,off,available,none,,placed_output,approach target slot
forced_category_A_full,forced_category_A_full_0092_MBOX-092,MBOX-092,11,PLACE_TUBE,input_box_4,D2,output_B,category_B_output_box,D4,384.000,128.000,70.000,open,off,available,none,,placed_output,place tube
forced_category_A_full,forced_category_A_full_0092_MBOX-092,MBOX-092,12,RETREAT_TO_SAFE_Z,input_box_4,D2,output_B,category_B_output_box,D4,384.000,128.000,200.000,open,off,available,none,,placed_output,retreat after place
forced_category_A_full,forced_category_A_full_0093_MBOX-093,MBOX-093,1,MOVE_SAFE_ABOVE_INPUT,input_box_4,D3,output_C,category_C_output_box,D4,-344.000,-147.000,200.000,open,off,available,none,,placed_output,move to input safe height
forced_category_A_full,forced_category_A_full_0093_MBOX-093,MBOX-093,2,APPROACH_INPUT_SLOT,input_box_4,D3,output_C,category_C_output_box,D4,-344.000,-147.000,130.000,open,off,available,none,,placed_output,approach input slot
forced_category_A_full,forced_category_A_full_0093_MBOX-093,MBOX-093,3,PICK_TUBE,input_box_4,D3,output_C,category_C_output_box,D4,-344.000,-147.000,55.000,close,off,available,none,,placed_output,pick tube
forced_category_A_full,forced_category_A_full_0093_MBOX-093,MBOX-093,4,LIFT_TO_SAFE_Z,input_box_4,D3,output_C,category_C_output_box,D4,-344.000,-147.000,200.000,hold,off,available,none,,placed_output,lift picked tube
forced_category_A_full,forced_category_A_full_0093_MBOX-093,MBOX-093,5,MOVE_SAFE_ABOVE_SCAN,input_box_4,D3,output_C,category_C_output_box,D4,-140.000,60.000,200.000,hold,off,available,none,,placed_output,move above scan station
forced_category_A_full,forced_category_A_full_0093_MBOX-093,MBOX-093,6,APPROACH_SCAN_STATION,input_box_4,D3,output_C,category_C_output_box,D4,-140.000,60.000,75.000,hold,off,available,none,,placed_output,approach scan station
forced_category_A_full,forced_category_A_full_0093_MBOX-093,MBOX-093,7,SCAN_BARCODE,input_box_4,D3,output_C,category_C_output_box,D4,-140.000,60.000,75.000,hold,scan,available,none,,placed_output,scan and classify
forced_category_A_full,forced_category_A_full_0093_MBOX-093,MBOX-093,8,LIFT_TO_SAFE_Z_AFTER_SCAN,input_box_4,D3,output_C,category_C_output_box,D4,-140.000,60.000,200.000,hold,off,available,none,,placed_output,lift after scan
forced_category_A_full,forced_category_A_full_0093_MBOX-093,MBOX-093,9,MOVE_SAFE_ABOVE_TARGET,input_box_4,D3,output_C,category_C_output_box,D4,174.000,-82.000,200.000,hold,off,available,none,,placed_output,move above target
forced_category_A_full,forced_category_A_full_0093_MBOX-093,MBOX-093,10,APPROACH_TARGET_SLOT,input_box_4,D3,output_C,category_C_output_box,D4,174.000,-82.000,130.000,hold,off,available,none,,placed_output,approach target slot
forced_category_A_full,forced_category_A_full_0093_MBOX-093,MBOX-093,11,PLACE_TUBE,input_box_4,D3,output_C,category_C_output_box,D4,174.000,-82.000,45.000,open,off,available,none,,placed_output,place tube
forced_category_A_full,forced_category_A_full_0093_MBOX-093,MBOX-093,12,RETREAT_TO_SAFE_Z,input_box_4,D3,output_C,category_C_output_box,D4,174.000,-82.000,200.000,open,off,available,none,,placed_output,retreat after place
forced_category_A_full,forced_category_A_full_0094_MBOX-094,MBOX-094,1,MOVE_SAFE_ABOVE_INPUT,input_box_4,D4,output_D,category_D_output_box,D4,-316.000,-147.000,200.000,open,off,available,none,,placed_output,move to input safe height
forced_category_A_full,forced_category_A_full_0094_MBOX-094,MBOX-094,2,APPROACH_INPUT_SLOT,input_box_4,D4,output_D,category_D_output_box,D4,-316.000,-147.000,130.000,open,off,available,none,,placed_output,approach input slot
forced_category_A_full,forced_category_A_full_0094_MBOX-094,MBOX-094,3,PICK_TUBE,input_box_4,D4,output_D,category_D_output_box,D4,-316.000,-147.000,55.000,close,off,available,none,,placed_output,pick tube
forced_category_A_full,forced_category_A_full_0094_MBOX-094,MBOX-094,4,LIFT_TO_SAFE_Z,input_box_4,D4,output_D,category_D_output_box,D4,-316.000,-147.000,200.000,hold,off,available,none,,placed_output,lift picked tube
forced_category_A_full,forced_category_A_full_0094_MBOX-094,MBOX-094,5,MOVE_SAFE_ABOVE_SCAN,input_box_4,D4,output_D,category_D_output_box,D4,-140.000,60.000,200.000,hold,off,available,none,,placed_output,move above scan station
forced_category_A_full,forced_category_A_full_0094_MBOX-094,MBOX-094,6,APPROACH_SCAN_STATION,input_box_4,D4,output_D,category_D_output_box,D4,-140.000,60.000,75.000,hold,off,available,none,,placed_output,approach scan station
forced_category_A_full,forced_category_A_full_0094_MBOX-094,MBOX-094,7,SCAN_BARCODE,input_box_4,D4,output_D,category_D_output_box,D4,-140.000,60.000,75.000,hold,scan,available,none,,placed_output,scan and classify
forced_category_A_full,forced_category_A_full_0094_MBOX-094,MBOX-094,8,LIFT_TO_SAFE_Z_AFTER_SCAN,input_box_4,D4,output_D,category_D_output_box,D4,-140.000,60.000,200.000,hold,off,available,none,,placed_output,lift after scan
forced_category_A_full,forced_category_A_full_0094_MBOX-094,MBOX-094,9,MOVE_SAFE_ABOVE_TARGET,input_box_4,D4,output_D,category_D_output_box,D4,384.000,-82.000,200.000,hold,off,available,none,,placed_output,move above target
forced_category_A_full,forced_category_A_full_0094_MBOX-094,MBOX-094,10,APPROACH_TARGET_SLOT,input_box_4,D4,output_D,category_D_output_box,D4,384.000,-82.000,130.000,hold,off,available,none,,placed_output,approach target slot
forced_category_A_full,forced_category_A_full_0094_MBOX-094,MBOX-094,11,PLACE_TUBE,input_box_4,D4,output_D,category_D_output_box,D4,384.000,-82.000,45.000,open,off,available,none,,placed_output,place tube
forced_category_A_full,forced_category_A_full_0094_MBOX-094,MBOX-094,12,RETREAT_TO_SAFE_Z,input_box_4,D4,output_D,category_D_output_box,D4,384.000,-82.000,200.000,open,off,available,none,,placed_output,retreat after place
forced_category_A_full,forced_category_A_full_0095_MBOX-095_queued,MBOX-095,1,SKIP_HELD_CATEGORY,input_box_4,D5,,,,-288.000,-147.000,200.000,open,off,held,queued,,queued_pending,held-category sample skipped before pick and queued
forced_category_A_full,forced_category_A_full_0096_MBOX-096,MBOX-096,1,MOVE_SAFE_ABOVE_INPUT,input_box_4,D6,output_B,category_B_output_box,D5,-260.000,-147.000,200.000,open,off,available,none,,placed_output,move to input safe height
forced_category_A_full,forced_category_A_full_0096_MBOX-096,MBOX-096,2,APPROACH_INPUT_SLOT,input_box_4,D6,output_B,category_B_output_box,D5,-260.000,-147.000,130.000,open,off,available,none,,placed_output,approach input slot
forced_category_A_full,forced_category_A_full_0096_MBOX-096,MBOX-096,3,PICK_TUBE,input_box_4,D6,output_B,category_B_output_box,D5,-260.000,-147.000,55.000,close,off,available,none,,placed_output,pick tube
forced_category_A_full,forced_category_A_full_0096_MBOX-096,MBOX-096,4,LIFT_TO_SAFE_Z,input_box_4,D6,output_B,category_B_output_box,D5,-260.000,-147.000,200.000,hold,off,available,none,,placed_output,lift picked tube
forced_category_A_full,forced_category_A_full_0096_MBOX-096,MBOX-096,5,MOVE_SAFE_ABOVE_SCAN,input_box_4,D6,output_B,category_B_output_box,D5,-140.000,60.000,200.000,hold,off,available,none,,placed_output,move above scan station
forced_category_A_full,forced_category_A_full_0096_MBOX-096,MBOX-096,6,APPROACH_SCAN_STATION,input_box_4,D6,output_B,category_B_output_box,D5,-140.000,60.000,75.000,hold,off,available,none,,placed_output,approach scan station
forced_category_A_full,forced_category_A_full_0096_MBOX-096,MBOX-096,7,SCAN_BARCODE,input_box_4,D6,output_B,category_B_output_box,D5,-140.000,60.000,75.000,hold,scan,available,none,,placed_output,scan and classify
forced_category_A_full,forced_category_A_full_0096_MBOX-096,MBOX-096,8,LIFT_TO_SAFE_Z_AFTER_SCAN,input_box_4,D6,output_B,category_B_output_box,D5,-140.000,60.000,200.000,hold,off,available,none,,placed_output,lift after scan
forced_category_A_full,forced_category_A_full_0096_MBOX-096,MBOX-096,9,MOVE_SAFE_ABOVE_TARGET,input_box_4,D6,output_B,category_B_output_box,D5,412.000,128.000,200.000,hold,off,available,none,,placed_output,move above target
forced_category_A_full,forced_category_A_full_0096_MBOX-096,MBOX-096,10,APPROACH_TARGET_SLOT,input_box_4,D6,output_B,category_B_output_box,D5,412.000,128.000,130.000,hold,off,available,none,,placed_output,approach target slot
forced_category_A_full,forced_category_A_full_0096_MBOX-096,MBOX-096,11,PLACE_TUBE,input_box_4,D6,output_B,category_B_output_box,D5,412.000,128.000,45.000,open,off,available,none,,placed_output,place tube
forced_category_A_full,forced_category_A_full_0096_MBOX-096,MBOX-096,12,RETREAT_TO_SAFE_Z,input_box_4,D6,output_B,category_B_output_box,D5,412.000,128.000,200.000,open,off,available,none,,placed_output,retreat after place
forced_category_A_full,forced_category_A_full_0097_MBOX-018,MBOX-018,1,MOVE_SAFE_ABOVE_INPUT,input_box_1,C6,output_A,category_A_output_box,A1,-260.000,271.000,200.000,open,off,available,released,forced_category_A_full_EVENT_002;forced_category_A_full_EVENT_003,placed_output,move to input safe height
forced_category_A_full,forced_category_A_full_0097_MBOX-018,MBOX-018,2,APPROACH_INPUT_SLOT,input_box_1,C6,output_A,category_A_output_box,A1,-260.000,271.000,130.000,open,off,available,released,forced_category_A_full_EVENT_002;forced_category_A_full_EVENT_003,placed_output,approach input slot
forced_category_A_full,forced_category_A_full_0097_MBOX-018,MBOX-018,3,PICK_TUBE,input_box_1,C6,output_A,category_A_output_box,A1,-260.000,271.000,55.000,close,off,available,released,forced_category_A_full_EVENT_002;forced_category_A_full_EVENT_003,placed_output,pick tube
forced_category_A_full,forced_category_A_full_0097_MBOX-018,MBOX-018,4,LIFT_TO_SAFE_Z,input_box_1,C6,output_A,category_A_output_box,A1,-260.000,271.000,200.000,hold,off,available,released,forced_category_A_full_EVENT_002;forced_category_A_full_EVENT_003,placed_output,lift picked tube
forced_category_A_full,forced_category_A_full_0097_MBOX-018,MBOX-018,5,MOVE_SAFE_ABOVE_SCAN,input_box_1,C6,output_A,category_A_output_box,A1,-140.000,60.000,200.000,hold,off,available,released,forced_category_A_full_EVENT_002;forced_category_A_full_EVENT_003,placed_output,move above scan station
forced_category_A_full,forced_category_A_full_0097_MBOX-018,MBOX-018,6,APPROACH_SCAN_STATION,input_box_1,C6,output_A,category_A_output_box,A1,-140.000,60.000,75.000,hold,off,available,released,forced_category_A_full_EVENT_002;forced_category_A_full_EVENT_003,placed_output,approach scan station
forced_category_A_full,forced_category_A_full_0097_MBOX-018,MBOX-018,7,SCAN_BARCODE,input_box_1,C6,output_A,category_A_output_box,A1,-140.000,60.000,75.000,hold,scan,available,released,forced_category_A_full_EVENT_002;forced_category_A_full_EVENT_003,placed_output,scan and classify
forced_category_A_full,forced_category_A_full_0097_MBOX-018,MBOX-018,8,LIFT_TO_SAFE_Z_AFTER_SCAN,input_box_1,C6,output_A,category_A_output_box,A1,-140.000,60.000,200.000,hold,off,available,released,forced_category_A_full_EVENT_002;forced_category_A_full_EVENT_003,placed_output,lift after scan
forced_category_A_full,forced_category_A_full_0097_MBOX-018,MBOX-018,9,MOVE_SAFE_ABOVE_TARGET,input_box_1,C6,output_A,category_A_output_box,A1,90.000,212.000,200.000,hold,off,available,released,forced_category_A_full_EVENT_002;forced_category_A_full_EVENT_003,placed_output,move above target
forced_category_A_full,forced_category_A_full_0097_MBOX-018,MBOX-018,10,APPROACH_TARGET_SLOT,input_box_1,C6,output_A,category_A_output_box,A1,90.000,212.000,130.000,hold,off,available,released,forced_category_A_full_EVENT_002;forced_category_A_full_EVENT_003,placed_output,approach target slot
forced_category_A_full,forced_category_A_full_0097_MBOX-018,MBOX-018,11,PLACE_TUBE,input_box_1,C6,output_A,category_A_output_box,A1,90.000,212.000,45.000,open,off,available,released,forced_category_A_full_EVENT_002;forced_category_A_full_EVENT_003,placed_output,place tube
forced_category_A_full,forced_category_A_full_0097_MBOX-018,MBOX-018,12,RETREAT_TO_SAFE_Z,input_box_1,C6,output_A,category_A_output_box,A1,90.000,212.000,200.000,open,off,available,released,forced_category_A_full_EVENT_002;forced_category_A_full_EVENT_003,placed_output,retreat after place
forced_category_A_full,forced_category_A_full_0098_MBOX-023,MBOX-023,1,MOVE_SAFE_ABOVE_INPUT,input_box_1,D5,output_A,category_A_output_box,A2,-288.000,243.000,200.000,open,off,available,released,forced_category_A_full_EVENT_002;forced_category_A_full_EVENT_003,placed_output,move to input safe height
forced_category_A_full,forced_category_A_full_0098_MBOX-023,MBOX-023,2,APPROACH_INPUT_SLOT,input_box_1,D5,output_A,category_A_output_box,A2,-288.000,243.000,130.000,open,off,available,released,forced_category_A_full_EVENT_002;forced_category_A_full_EVENT_003,placed_output,approach input slot
forced_category_A_full,forced_category_A_full_0098_MBOX-023,MBOX-023,3,PICK_TUBE,input_box_1,D5,output_A,category_A_output_box,A2,-288.000,243.000,80.000,close,off,available,released,forced_category_A_full_EVENT_002;forced_category_A_full_EVENT_003,placed_output,pick tube
forced_category_A_full,forced_category_A_full_0098_MBOX-023,MBOX-023,4,LIFT_TO_SAFE_Z,input_box_1,D5,output_A,category_A_output_box,A2,-288.000,243.000,200.000,hold,off,available,released,forced_category_A_full_EVENT_002;forced_category_A_full_EVENT_003,placed_output,lift picked tube
forced_category_A_full,forced_category_A_full_0098_MBOX-023,MBOX-023,5,MOVE_SAFE_ABOVE_SCAN,input_box_1,D5,output_A,category_A_output_box,A2,-140.000,60.000,200.000,hold,off,available,released,forced_category_A_full_EVENT_002;forced_category_A_full_EVENT_003,placed_output,move above scan station
forced_category_A_full,forced_category_A_full_0098_MBOX-023,MBOX-023,6,APPROACH_SCAN_STATION,input_box_1,D5,output_A,category_A_output_box,A2,-140.000,60.000,75.000,hold,off,available,released,forced_category_A_full_EVENT_002;forced_category_A_full_EVENT_003,placed_output,approach scan station
forced_category_A_full,forced_category_A_full_0098_MBOX-023,MBOX-023,7,SCAN_BARCODE,input_box_1,D5,output_A,category_A_output_box,A2,-140.000,60.000,75.000,hold,scan,available,released,forced_category_A_full_EVENT_002;forced_category_A_full_EVENT_003,placed_output,scan and classify
forced_category_A_full,forced_category_A_full_0098_MBOX-023,MBOX-023,8,LIFT_TO_SAFE_Z_AFTER_SCAN,input_box_1,D5,output_A,category_A_output_box,A2,-140.000,60.000,200.000,hold,off,available,released,forced_category_A_full_EVENT_002;forced_category_A_full_EVENT_003,placed_output,lift after scan
forced_category_A_full,forced_category_A_full_0098_MBOX-023,MBOX-023,9,MOVE_SAFE_ABOVE_TARGET,input_box_1,D5,output_A,category_A_output_box,A2,118.000,212.000,200.000,hold,off,available,released,forced_category_A_full_EVENT_002;forced_category_A_full_EVENT_003,placed_output,move above target
forced_category_A_full,forced_category_A_full_0098_MBOX-023,MBOX-023,10,APPROACH_TARGET_SLOT,input_box_1,D5,output_A,category_A_output_box,A2,118.000,212.000,130.000,hold,off,available,released,forced_category_A_full_EVENT_002;forced_category_A_full_EVENT_003,placed_output,approach target slot
forced_category_A_full,forced_category_A_full_0098_MBOX-023,MBOX-023,11,PLACE_TUBE,input_box_1,D5,output_A,category_A_output_box,A2,118.000,212.000,70.000,open,off,available,released,forced_category_A_full_EVENT_002;forced_category_A_full_EVENT_003,placed_output,place tube
forced_category_A_full,forced_category_A_full_0098_MBOX-023,MBOX-023,12,RETREAT_TO_SAFE_Z,input_box_1,D5,output_A,category_A_output_box,A2,118.000,212.000,200.000,open,off,available,released,forced_category_A_full_EVENT_002;forced_category_A_full_EVENT_003,placed_output,retreat after place
forced_category_A_full,forced_category_A_full_0099_MBOX-027,MBOX-027,1,MOVE_SAFE_ABOVE_INPUT,input_box_2,A3,output_A,category_A_output_box,A3,-344.000,197.000,200.000,open,off,available,released,forced_category_A_full_EVENT_002;forced_category_A_full_EVENT_003,placed_output,move to input safe height
forced_category_A_full,forced_category_A_full_0099_MBOX-027,MBOX-027,2,APPROACH_INPUT_SLOT,input_box_2,A3,output_A,category_A_output_box,A3,-344.000,197.000,130.000,open,off,available,released,forced_category_A_full_EVENT_002;forced_category_A_full_EVENT_003,placed_output,approach input slot
forced_category_A_full,forced_category_A_full_0099_MBOX-027,MBOX-027,3,PICK_TUBE,input_box_2,A3,output_A,category_A_output_box,A3,-344.000,197.000,55.000,close,off,available,released,forced_category_A_full_EVENT_002;forced_category_A_full_EVENT_003,placed_output,pick tube
forced_category_A_full,forced_category_A_full_0099_MBOX-027,MBOX-027,4,LIFT_TO_SAFE_Z,input_box_2,A3,output_A,category_A_output_box,A3,-344.000,197.000,200.000,hold,off,available,released,forced_category_A_full_EVENT_002;forced_category_A_full_EVENT_003,placed_output,lift picked tube
forced_category_A_full,forced_category_A_full_0099_MBOX-027,MBOX-027,5,MOVE_SAFE_ABOVE_SCAN,input_box_2,A3,output_A,category_A_output_box,A3,-140.000,60.000,200.000,hold,off,available,released,forced_category_A_full_EVENT_002;forced_category_A_full_EVENT_003,placed_output,move above scan station
forced_category_A_full,forced_category_A_full_0099_MBOX-027,MBOX-027,6,APPROACH_SCAN_STATION,input_box_2,A3,output_A,category_A_output_box,A3,-140.000,60.000,75.000,hold,off,available,released,forced_category_A_full_EVENT_002;forced_category_A_full_EVENT_003,placed_output,approach scan station
forced_category_A_full,forced_category_A_full_0099_MBOX-027,MBOX-027,7,SCAN_BARCODE,input_box_2,A3,output_A,category_A_output_box,A3,-140.000,60.000,75.000,hold,scan,available,released,forced_category_A_full_EVENT_002;forced_category_A_full_EVENT_003,placed_output,scan and classify
forced_category_A_full,forced_category_A_full_0099_MBOX-027,MBOX-027,8,LIFT_TO_SAFE_Z_AFTER_SCAN,input_box_2,A3,output_A,category_A_output_box,A3,-140.000,60.000,200.000,hold,off,available,released,forced_category_A_full_EVENT_002;forced_category_A_full_EVENT_003,placed_output,lift after scan
forced_category_A_full,forced_category_A_full_0099_MBOX-027,MBOX-027,9,MOVE_SAFE_ABOVE_TARGET,input_box_2,A3,output_A,category_A_output_box,A3,146.000,212.000,200.000,hold,off,available,released,forced_category_A_full_EVENT_002;forced_category_A_full_EVENT_003,placed_output,move above target
forced_category_A_full,forced_category_A_full_0099_MBOX-027,MBOX-027,10,APPROACH_TARGET_SLOT,input_box_2,A3,output_A,category_A_output_box,A3,146.000,212.000,130.000,hold,off,available,released,forced_category_A_full_EVENT_002;forced_category_A_full_EVENT_003,placed_output,approach target slot
forced_category_A_full,forced_category_A_full_0099_MBOX-027,MBOX-027,11,PLACE_TUBE,input_box_2,A3,output_A,category_A_output_box,A3,146.000,212.000,45.000,open,off,available,released,forced_category_A_full_EVENT_002;forced_category_A_full_EVENT_003,placed_output,place tube
forced_category_A_full,forced_category_A_full_0099_MBOX-027,MBOX-027,12,RETREAT_TO_SAFE_Z,input_box_2,A3,output_A,category_A_output_box,A3,146.000,212.000,200.000,open,off,available,released,forced_category_A_full_EVENT_002;forced_category_A_full_EVENT_003,placed_output,retreat after place
forced_category_A_full,forced_category_A_full_0100_MBOX-031,MBOX-031,1,MOVE_SAFE_ABOVE_INPUT,input_box_2,B1,output_A,category_A_output_box,A4,-400.000,169.000,200.000,open,off,available,released,forced_category_A_full_EVENT_002;forced_category_A_full_EVENT_003,placed_output,move to input safe height
forced_category_A_full,forced_category_A_full_0100_MBOX-031,MBOX-031,2,APPROACH_INPUT_SLOT,input_box_2,B1,output_A,category_A_output_box,A4,-400.000,169.000,130.000,open,off,available,released,forced_category_A_full_EVENT_002;forced_category_A_full_EVENT_003,placed_output,approach input slot
forced_category_A_full,forced_category_A_full_0100_MBOX-031,MBOX-031,3,PICK_TUBE,input_box_2,B1,output_A,category_A_output_box,A4,-400.000,169.000,55.000,close,off,available,released,forced_category_A_full_EVENT_002;forced_category_A_full_EVENT_003,placed_output,pick tube
forced_category_A_full,forced_category_A_full_0100_MBOX-031,MBOX-031,4,LIFT_TO_SAFE_Z,input_box_2,B1,output_A,category_A_output_box,A4,-400.000,169.000,200.000,hold,off,available,released,forced_category_A_full_EVENT_002;forced_category_A_full_EVENT_003,placed_output,lift picked tube
forced_category_A_full,forced_category_A_full_0100_MBOX-031,MBOX-031,5,MOVE_SAFE_ABOVE_SCAN,input_box_2,B1,output_A,category_A_output_box,A4,-140.000,60.000,200.000,hold,off,available,released,forced_category_A_full_EVENT_002;forced_category_A_full_EVENT_003,placed_output,move above scan station
forced_category_A_full,forced_category_A_full_0100_MBOX-031,MBOX-031,6,APPROACH_SCAN_STATION,input_box_2,B1,output_A,category_A_output_box,A4,-140.000,60.000,75.000,hold,off,available,released,forced_category_A_full_EVENT_002;forced_category_A_full_EVENT_003,placed_output,approach scan station
forced_category_A_full,forced_category_A_full_0100_MBOX-031,MBOX-031,7,SCAN_BARCODE,input_box_2,B1,output_A,category_A_output_box,A4,-140.000,60.000,75.000,hold,scan,available,released,forced_category_A_full_EVENT_002;forced_category_A_full_EVENT_003,placed_output,scan and classify
forced_category_A_full,forced_category_A_full_0100_MBOX-031,MBOX-031,8,LIFT_TO_SAFE_Z_AFTER_SCAN,input_box_2,B1,output_A,category_A_output_box,A4,-140.000,60.000,200.000,hold,off,available,released,forced_category_A_full_EVENT_002;forced_category_A_full_EVENT_003,placed_output,lift after scan
forced_category_A_full,forced_category_A_full_0100_MBOX-031,MBOX-031,9,MOVE_SAFE_ABOVE_TARGET,input_box_2,B1,output_A,category_A_output_box,A4,174.000,212.000,200.000,hold,off,available,released,forced_category_A_full_EVENT_002;forced_category_A_full_EVENT_003,placed_output,move above target
forced_category_A_full,forced_category_A_full_0100_MBOX-031,MBOX-031,10,APPROACH_TARGET_SLOT,input_box_2,B1,output_A,category_A_output_box,A4,174.000,212.000,130.000,hold,off,available,released,forced_category_A_full_EVENT_002;forced_category_A_full_EVENT_003,placed_output,approach target slot
forced_category_A_full,forced_category_A_full_0100_MBOX-031,MBOX-031,11,PLACE_TUBE,input_box_2,B1,output_A,category_A_output_box,A4,174.000,212.000,45.000,open,off,available,released,forced_category_A_full_EVENT_002;forced_category_A_full_EVENT_003,placed_output,place tube
forced_category_A_full,forced_category_A_full_0100_MBOX-031,MBOX-031,12,RETREAT_TO_SAFE_Z,input_box_2,B1,output_A,category_A_output_box,A4,174.000,212.000,200.000,open,off,available,released,forced_category_A_full_EVENT_002;forced_category_A_full_EVENT_003,placed_output,retreat after place
forced_category_A_full,forced_category_A_full_0101_MBOX-035,MBOX-035,1,MOVE_SAFE_ABOVE_INPUT,input_box_2,B5,output_A,category_A_output_box,A5,-288.000,169.000,200.000,open,off,available,released,forced_category_A_full_EVENT_002;forced_category_A_full_EVENT_003,placed_output,move to input safe height
forced_category_A_full,forced_category_A_full_0101_MBOX-035,MBOX-035,2,APPROACH_INPUT_SLOT,input_box_2,B5,output_A,category_A_output_box,A5,-288.000,169.000,130.000,open,off,available,released,forced_category_A_full_EVENT_002;forced_category_A_full_EVENT_003,placed_output,approach input slot
forced_category_A_full,forced_category_A_full_0101_MBOX-035,MBOX-035,3,PICK_TUBE,input_box_2,B5,output_A,category_A_output_box,A5,-288.000,169.000,80.000,close,off,available,released,forced_category_A_full_EVENT_002;forced_category_A_full_EVENT_003,placed_output,pick tube
forced_category_A_full,forced_category_A_full_0101_MBOX-035,MBOX-035,4,LIFT_TO_SAFE_Z,input_box_2,B5,output_A,category_A_output_box,A5,-288.000,169.000,200.000,hold,off,available,released,forced_category_A_full_EVENT_002;forced_category_A_full_EVENT_003,placed_output,lift picked tube
forced_category_A_full,forced_category_A_full_0101_MBOX-035,MBOX-035,5,MOVE_SAFE_ABOVE_SCAN,input_box_2,B5,output_A,category_A_output_box,A5,-140.000,60.000,200.000,hold,off,available,released,forced_category_A_full_EVENT_002;forced_category_A_full_EVENT_003,placed_output,move above scan station
forced_category_A_full,forced_category_A_full_0101_MBOX-035,MBOX-035,6,APPROACH_SCAN_STATION,input_box_2,B5,output_A,category_A_output_box,A5,-140.000,60.000,75.000,hold,off,available,released,forced_category_A_full_EVENT_002;forced_category_A_full_EVENT_003,placed_output,approach scan station
forced_category_A_full,forced_category_A_full_0101_MBOX-035,MBOX-035,7,SCAN_BARCODE,input_box_2,B5,output_A,category_A_output_box,A5,-140.000,60.000,75.000,hold,scan,available,released,forced_category_A_full_EVENT_002;forced_category_A_full_EVENT_003,placed_output,scan and classify
forced_category_A_full,forced_category_A_full_0101_MBOX-035,MBOX-035,8,LIFT_TO_SAFE_Z_AFTER_SCAN,input_box_2,B5,output_A,category_A_output_box,A5,-140.000,60.000,200.000,hold,off,available,released,forced_category_A_full_EVENT_002;forced_category_A_full_EVENT_003,placed_output,lift after scan
forced_category_A_full,forced_category_A_full_0101_MBOX-035,MBOX-035,9,MOVE_SAFE_ABOVE_TARGET,input_box_2,B5,output_A,category_A_output_box,A5,202.000,212.000,200.000,hold,off,available,released,forced_category_A_full_EVENT_002;forced_category_A_full_EVENT_003,placed_output,move above target
forced_category_A_full,forced_category_A_full_0101_MBOX-035,MBOX-035,10,APPROACH_TARGET_SLOT,input_box_2,B5,output_A,category_A_output_box,A5,202.000,212.000,130.000,hold,off,available,released,forced_category_A_full_EVENT_002;forced_category_A_full_EVENT_003,placed_output,approach target slot
forced_category_A_full,forced_category_A_full_0101_MBOX-035,MBOX-035,11,PLACE_TUBE,input_box_2,B5,output_A,category_A_output_box,A5,202.000,212.000,70.000,open,off,available,released,forced_category_A_full_EVENT_002;forced_category_A_full_EVENT_003,placed_output,place tube
forced_category_A_full,forced_category_A_full_0101_MBOX-035,MBOX-035,12,RETREAT_TO_SAFE_Z,input_box_2,B5,output_A,category_A_output_box,A5,202.000,212.000,200.000,open,off,available,released,forced_category_A_full_EVENT_002;forced_category_A_full_EVENT_003,placed_output,retreat after place
forced_category_A_full,forced_category_A_full_0102_MBOX-040,MBOX-040,1,MOVE_SAFE_ABOVE_INPUT,input_box_2,C4,output_A,category_A_output_box,A6,-316.000,141.000,200.000,open,off,available,released,forced_category_A_full_EVENT_002;forced_category_A_full_EVENT_003,placed_output,move to input safe height
forced_category_A_full,forced_category_A_full_0102_MBOX-040,MBOX-040,2,APPROACH_INPUT_SLOT,input_box_2,C4,output_A,category_A_output_box,A6,-316.000,141.000,130.000,open,off,available,released,forced_category_A_full_EVENT_002;forced_category_A_full_EVENT_003,placed_output,approach input slot
forced_category_A_full,forced_category_A_full_0102_MBOX-040,MBOX-040,3,PICK_TUBE,input_box_2,C4,output_A,category_A_output_box,A6,-316.000,141.000,55.000,close,off,available,released,forced_category_A_full_EVENT_002;forced_category_A_full_EVENT_003,placed_output,pick tube
forced_category_A_full,forced_category_A_full_0102_MBOX-040,MBOX-040,4,LIFT_TO_SAFE_Z,input_box_2,C4,output_A,category_A_output_box,A6,-316.000,141.000,200.000,hold,off,available,released,forced_category_A_full_EVENT_002;forced_category_A_full_EVENT_003,placed_output,lift picked tube
forced_category_A_full,forced_category_A_full_0102_MBOX-040,MBOX-040,5,MOVE_SAFE_ABOVE_SCAN,input_box_2,C4,output_A,category_A_output_box,A6,-140.000,60.000,200.000,hold,off,available,released,forced_category_A_full_EVENT_002;forced_category_A_full_EVENT_003,placed_output,move above scan station
forced_category_A_full,forced_category_A_full_0102_MBOX-040,MBOX-040,6,APPROACH_SCAN_STATION,input_box_2,C4,output_A,category_A_output_box,A6,-140.000,60.000,75.000,hold,off,available,released,forced_category_A_full_EVENT_002;forced_category_A_full_EVENT_003,placed_output,approach scan station
forced_category_A_full,forced_category_A_full_0102_MBOX-040,MBOX-040,7,SCAN_BARCODE,input_box_2,C4,output_A,category_A_output_box,A6,-140.000,60.000,75.000,hold,scan,available,released,forced_category_A_full_EVENT_002;forced_category_A_full_EVENT_003,placed_output,scan and classify
forced_category_A_full,forced_category_A_full_0102_MBOX-040,MBOX-040,8,LIFT_TO_SAFE_Z_AFTER_SCAN,input_box_2,C4,output_A,category_A_output_box,A6,-140.000,60.000,200.000,hold,off,available,released,forced_category_A_full_EVENT_002;forced_category_A_full_EVENT_003,placed_output,lift after scan
forced_category_A_full,forced_category_A_full_0102_MBOX-040,MBOX-040,9,MOVE_SAFE_ABOVE_TARGET,input_box_2,C4,output_A,category_A_output_box,A6,230.000,212.000,200.000,hold,off,available,released,forced_category_A_full_EVENT_002;forced_category_A_full_EVENT_003,placed_output,move above target
forced_category_A_full,forced_category_A_full_0102_MBOX-040,MBOX-040,10,APPROACH_TARGET_SLOT,input_box_2,C4,output_A,category_A_output_box,A6,230.000,212.000,130.000,hold,off,available,released,forced_category_A_full_EVENT_002;forced_category_A_full_EVENT_003,placed_output,approach target slot
forced_category_A_full,forced_category_A_full_0102_MBOX-040,MBOX-040,11,PLACE_TUBE,input_box_2,C4,output_A,category_A_output_box,A6,230.000,212.000,45.000,open,off,available,released,forced_category_A_full_EVENT_002;forced_category_A_full_EVENT_003,placed_output,place tube
forced_category_A_full,forced_category_A_full_0102_MBOX-040,MBOX-040,12,RETREAT_TO_SAFE_Z,input_box_2,C4,output_A,category_A_output_box,A6,230.000,212.000,200.000,open,off,available,released,forced_category_A_full_EVENT_002;forced_category_A_full_EVENT_003,placed_output,retreat after place
forced_category_A_full,forced_category_A_full_0103_MBOX-044,MBOX-044,1,MOVE_SAFE_ABOVE_INPUT,input_box_2,D2,output_A,category_A_output_box,B1,-372.000,113.000,200.000,open,off,available,released,forced_category_A_full_EVENT_002;forced_category_A_full_EVENT_003,placed_output,move to input safe height
forced_category_A_full,forced_category_A_full_0103_MBOX-044,MBOX-044,2,APPROACH_INPUT_SLOT,input_box_2,D2,output_A,category_A_output_box,B1,-372.000,113.000,130.000,open,off,available,released,forced_category_A_full_EVENT_002;forced_category_A_full_EVENT_003,placed_output,approach input slot
forced_category_A_full,forced_category_A_full_0103_MBOX-044,MBOX-044,3,PICK_TUBE,input_box_2,D2,output_A,category_A_output_box,B1,-372.000,113.000,80.000,close,off,available,released,forced_category_A_full_EVENT_002;forced_category_A_full_EVENT_003,placed_output,pick tube
forced_category_A_full,forced_category_A_full_0103_MBOX-044,MBOX-044,4,LIFT_TO_SAFE_Z,input_box_2,D2,output_A,category_A_output_box,B1,-372.000,113.000,200.000,hold,off,available,released,forced_category_A_full_EVENT_002;forced_category_A_full_EVENT_003,placed_output,lift picked tube
forced_category_A_full,forced_category_A_full_0103_MBOX-044,MBOX-044,5,MOVE_SAFE_ABOVE_SCAN,input_box_2,D2,output_A,category_A_output_box,B1,-140.000,60.000,200.000,hold,off,available,released,forced_category_A_full_EVENT_002;forced_category_A_full_EVENT_003,placed_output,move above scan station
forced_category_A_full,forced_category_A_full_0103_MBOX-044,MBOX-044,6,APPROACH_SCAN_STATION,input_box_2,D2,output_A,category_A_output_box,B1,-140.000,60.000,75.000,hold,off,available,released,forced_category_A_full_EVENT_002;forced_category_A_full_EVENT_003,placed_output,approach scan station
forced_category_A_full,forced_category_A_full_0103_MBOX-044,MBOX-044,7,SCAN_BARCODE,input_box_2,D2,output_A,category_A_output_box,B1,-140.000,60.000,75.000,hold,scan,available,released,forced_category_A_full_EVENT_002;forced_category_A_full_EVENT_003,placed_output,scan and classify
forced_category_A_full,forced_category_A_full_0103_MBOX-044,MBOX-044,8,LIFT_TO_SAFE_Z_AFTER_SCAN,input_box_2,D2,output_A,category_A_output_box,B1,-140.000,60.000,200.000,hold,off,available,released,forced_category_A_full_EVENT_002;forced_category_A_full_EVENT_003,placed_output,lift after scan
forced_category_A_full,forced_category_A_full_0103_MBOX-044,MBOX-044,9,MOVE_SAFE_ABOVE_TARGET,input_box_2,D2,output_A,category_A_output_box,B1,90.000,184.000,200.000,hold,off,available,released,forced_category_A_full_EVENT_002;forced_category_A_full_EVENT_003,placed_output,move above target
forced_category_A_full,forced_category_A_full_0103_MBOX-044,MBOX-044,10,APPROACH_TARGET_SLOT,input_box_2,D2,output_A,category_A_output_box,B1,90.000,184.000,130.000,hold,off,available,released,forced_category_A_full_EVENT_002;forced_category_A_full_EVENT_003,placed_output,approach target slot
forced_category_A_full,forced_category_A_full_0103_MBOX-044,MBOX-044,11,PLACE_TUBE,input_box_2,D2,output_A,category_A_output_box,B1,90.000,184.000,70.000,open,off,available,released,forced_category_A_full_EVENT_002;forced_category_A_full_EVENT_003,placed_output,place tube
forced_category_A_full,forced_category_A_full_0103_MBOX-044,MBOX-044,12,RETREAT_TO_SAFE_Z,input_box_2,D2,output_A,category_A_output_box,B1,90.000,184.000,200.000,open,off,available,released,forced_category_A_full_EVENT_002;forced_category_A_full_EVENT_003,placed_output,retreat after place
forced_category_A_full,forced_category_A_full_0104_MBOX-048,MBOX-048,1,MOVE_SAFE_ABOVE_INPUT,input_box_2,D6,output_A,category_A_output_box,B2,-260.000,113.000,200.000,open,off,available,released,forced_category_A_full_EVENT_002;forced_category_A_full_EVENT_003,placed_output,move to input safe height
forced_category_A_full,forced_category_A_full_0104_MBOX-048,MBOX-048,2,APPROACH_INPUT_SLOT,input_box_2,D6,output_A,category_A_output_box,B2,-260.000,113.000,130.000,open,off,available,released,forced_category_A_full_EVENT_002;forced_category_A_full_EVENT_003,placed_output,approach input slot
forced_category_A_full,forced_category_A_full_0104_MBOX-048,MBOX-048,3,PICK_TUBE,input_box_2,D6,output_A,category_A_output_box,B2,-260.000,113.000,55.000,close,off,available,released,forced_category_A_full_EVENT_002;forced_category_A_full_EVENT_003,placed_output,pick tube
forced_category_A_full,forced_category_A_full_0104_MBOX-048,MBOX-048,4,LIFT_TO_SAFE_Z,input_box_2,D6,output_A,category_A_output_box,B2,-260.000,113.000,200.000,hold,off,available,released,forced_category_A_full_EVENT_002;forced_category_A_full_EVENT_003,placed_output,lift picked tube
forced_category_A_full,forced_category_A_full_0104_MBOX-048,MBOX-048,5,MOVE_SAFE_ABOVE_SCAN,input_box_2,D6,output_A,category_A_output_box,B2,-140.000,60.000,200.000,hold,off,available,released,forced_category_A_full_EVENT_002;forced_category_A_full_EVENT_003,placed_output,move above scan station
forced_category_A_full,forced_category_A_full_0104_MBOX-048,MBOX-048,6,APPROACH_SCAN_STATION,input_box_2,D6,output_A,category_A_output_box,B2,-140.000,60.000,75.000,hold,off,available,released,forced_category_A_full_EVENT_002;forced_category_A_full_EVENT_003,placed_output,approach scan station
forced_category_A_full,forced_category_A_full_0104_MBOX-048,MBOX-048,7,SCAN_BARCODE,input_box_2,D6,output_A,category_A_output_box,B2,-140.000,60.000,75.000,hold,scan,available,released,forced_category_A_full_EVENT_002;forced_category_A_full_EVENT_003,placed_output,scan and classify
forced_category_A_full,forced_category_A_full_0104_MBOX-048,MBOX-048,8,LIFT_TO_SAFE_Z_AFTER_SCAN,input_box_2,D6,output_A,category_A_output_box,B2,-140.000,60.000,200.000,hold,off,available,released,forced_category_A_full_EVENT_002;forced_category_A_full_EVENT_003,placed_output,lift after scan
forced_category_A_full,forced_category_A_full_0104_MBOX-048,MBOX-048,9,MOVE_SAFE_ABOVE_TARGET,input_box_2,D6,output_A,category_A_output_box,B2,118.000,184.000,200.000,hold,off,available,released,forced_category_A_full_EVENT_002;forced_category_A_full_EVENT_003,placed_output,move above target
forced_category_A_full,forced_category_A_full_0104_MBOX-048,MBOX-048,10,APPROACH_TARGET_SLOT,input_box_2,D6,output_A,category_A_output_box,B2,118.000,184.000,130.000,hold,off,available,released,forced_category_A_full_EVENT_002;forced_category_A_full_EVENT_003,placed_output,approach target slot
forced_category_A_full,forced_category_A_full_0104_MBOX-048,MBOX-048,11,PLACE_TUBE,input_box_2,D6,output_A,category_A_output_box,B2,118.000,184.000,45.000,open,off,available,released,forced_category_A_full_EVENT_002;forced_category_A_full_EVENT_003,placed_output,place tube
forced_category_A_full,forced_category_A_full_0104_MBOX-048,MBOX-048,12,RETREAT_TO_SAFE_Z,input_box_2,D6,output_A,category_A_output_box,B2,118.000,184.000,200.000,open,off,available,released,forced_category_A_full_EVENT_002;forced_category_A_full_EVENT_003,placed_output,retreat after place
forced_category_A_full,forced_category_A_full_0105_MBOX-052,MBOX-052,1,MOVE_SAFE_ABOVE_INPUT,input_box_3,A4,output_A,category_A_output_box,B3,-316.000,67.000,200.000,open,off,available,released,forced_category_A_full_EVENT_002;forced_category_A_full_EVENT_003,placed_output,move to input safe height
forced_category_A_full,forced_category_A_full_0105_MBOX-052,MBOX-052,2,APPROACH_INPUT_SLOT,input_box_3,A4,output_A,category_A_output_box,B3,-316.000,67.000,130.000,open,off,available,released,forced_category_A_full_EVENT_002;forced_category_A_full_EVENT_003,placed_output,approach input slot
forced_category_A_full,forced_category_A_full_0105_MBOX-052,MBOX-052,3,PICK_TUBE,input_box_3,A4,output_A,category_A_output_box,B3,-316.000,67.000,55.000,close,off,available,released,forced_category_A_full_EVENT_002;forced_category_A_full_EVENT_003,placed_output,pick tube
forced_category_A_full,forced_category_A_full_0105_MBOX-052,MBOX-052,4,LIFT_TO_SAFE_Z,input_box_3,A4,output_A,category_A_output_box,B3,-316.000,67.000,200.000,hold,off,available,released,forced_category_A_full_EVENT_002;forced_category_A_full_EVENT_003,placed_output,lift picked tube
forced_category_A_full,forced_category_A_full_0105_MBOX-052,MBOX-052,5,MOVE_SAFE_ABOVE_SCAN,input_box_3,A4,output_A,category_A_output_box,B3,-140.000,60.000,200.000,hold,off,available,released,forced_category_A_full_EVENT_002;forced_category_A_full_EVENT_003,placed_output,move above scan station
forced_category_A_full,forced_category_A_full_0105_MBOX-052,MBOX-052,6,APPROACH_SCAN_STATION,input_box_3,A4,output_A,category_A_output_box,B3,-140.000,60.000,75.000,hold,off,available,released,forced_category_A_full_EVENT_002;forced_category_A_full_EVENT_003,placed_output,approach scan station
forced_category_A_full,forced_category_A_full_0105_MBOX-052,MBOX-052,7,SCAN_BARCODE,input_box_3,A4,output_A,category_A_output_box,B3,-140.000,60.000,75.000,hold,scan,available,released,forced_category_A_full_EVENT_002;forced_category_A_full_EVENT_003,placed_output,scan and classify
forced_category_A_full,forced_category_A_full_0105_MBOX-052,MBOX-052,8,LIFT_TO_SAFE_Z_AFTER_SCAN,input_box_3,A4,output_A,category_A_output_box,B3,-140.000,60.000,200.000,hold,off,available,released,forced_category_A_full_EVENT_002;forced_category_A_full_EVENT_003,placed_output,lift after scan
forced_category_A_full,forced_category_A_full_0105_MBOX-052,MBOX-052,9,MOVE_SAFE_ABOVE_TARGET,input_box_3,A4,output_A,category_A_output_box,B3,146.000,184.000,200.000,hold,off,available,released,forced_category_A_full_EVENT_002;forced_category_A_full_EVENT_003,placed_output,move above target
forced_category_A_full,forced_category_A_full_0105_MBOX-052,MBOX-052,10,APPROACH_TARGET_SLOT,input_box_3,A4,output_A,category_A_output_box,B3,146.000,184.000,130.000,hold,off,available,released,forced_category_A_full_EVENT_002;forced_category_A_full_EVENT_003,placed_output,approach target slot
forced_category_A_full,forced_category_A_full_0105_MBOX-052,MBOX-052,11,PLACE_TUBE,input_box_3,A4,output_A,category_A_output_box,B3,146.000,184.000,45.000,open,off,available,released,forced_category_A_full_EVENT_002;forced_category_A_full_EVENT_003,placed_output,place tube
forced_category_A_full,forced_category_A_full_0105_MBOX-052,MBOX-052,12,RETREAT_TO_SAFE_Z,input_box_3,A4,output_A,category_A_output_box,B3,146.000,184.000,200.000,open,off,available,released,forced_category_A_full_EVENT_002;forced_category_A_full_EVENT_003,placed_output,retreat after place
forced_category_A_full,forced_category_A_full_0106_MBOX-056,MBOX-056,1,MOVE_SAFE_ABOVE_INPUT,input_box_3,B2,output_A,category_A_output_box,B4,-372.000,39.000,200.000,open,off,available,released,forced_category_A_full_EVENT_002;forced_category_A_full_EVENT_003,placed_output,move to input safe height
forced_category_A_full,forced_category_A_full_0106_MBOX-056,MBOX-056,2,APPROACH_INPUT_SLOT,input_box_3,B2,output_A,category_A_output_box,B4,-372.000,39.000,130.000,open,off,available,released,forced_category_A_full_EVENT_002;forced_category_A_full_EVENT_003,placed_output,approach input slot
forced_category_A_full,forced_category_A_full_0106_MBOX-056,MBOX-056,3,PICK_TUBE,input_box_3,B2,output_A,category_A_output_box,B4,-372.000,39.000,80.000,close,off,available,released,forced_category_A_full_EVENT_002;forced_category_A_full_EVENT_003,placed_output,pick tube
forced_category_A_full,forced_category_A_full_0106_MBOX-056,MBOX-056,4,LIFT_TO_SAFE_Z,input_box_3,B2,output_A,category_A_output_box,B4,-372.000,39.000,200.000,hold,off,available,released,forced_category_A_full_EVENT_002;forced_category_A_full_EVENT_003,placed_output,lift picked tube
forced_category_A_full,forced_category_A_full_0106_MBOX-056,MBOX-056,5,MOVE_SAFE_ABOVE_SCAN,input_box_3,B2,output_A,category_A_output_box,B4,-140.000,60.000,200.000,hold,off,available,released,forced_category_A_full_EVENT_002;forced_category_A_full_EVENT_003,placed_output,move above scan station
forced_category_A_full,forced_category_A_full_0106_MBOX-056,MBOX-056,6,APPROACH_SCAN_STATION,input_box_3,B2,output_A,category_A_output_box,B4,-140.000,60.000,75.000,hold,off,available,released,forced_category_A_full_EVENT_002;forced_category_A_full_EVENT_003,placed_output,approach scan station
forced_category_A_full,forced_category_A_full_0106_MBOX-056,MBOX-056,7,SCAN_BARCODE,input_box_3,B2,output_A,category_A_output_box,B4,-140.000,60.000,75.000,hold,scan,available,released,forced_category_A_full_EVENT_002;forced_category_A_full_EVENT_003,placed_output,scan and classify
forced_category_A_full,forced_category_A_full_0106_MBOX-056,MBOX-056,8,LIFT_TO_SAFE_Z_AFTER_SCAN,input_box_3,B2,output_A,category_A_output_box,B4,-140.000,60.000,200.000,hold,off,available,released,forced_category_A_full_EVENT_002;forced_category_A_full_EVENT_003,placed_output,lift after scan
forced_category_A_full,forced_category_A_full_0106_MBOX-056,MBOX-056,9,MOVE_SAFE_ABOVE_TARGET,input_box_3,B2,output_A,category_A_output_box,B4,174.000,184.000,200.000,hold,off,available,released,forced_category_A_full_EVENT_002;forced_category_A_full_EVENT_003,placed_output,move above target
forced_category_A_full,forced_category_A_full_0106_MBOX-056,MBOX-056,10,APPROACH_TARGET_SLOT,input_box_3,B2,output_A,category_A_output_box,B4,174.000,184.000,130.000,hold,off,available,released,forced_category_A_full_EVENT_002;forced_category_A_full_EVENT_003,placed_output,approach target slot
forced_category_A_full,forced_category_A_full_0106_MBOX-056,MBOX-056,11,PLACE_TUBE,input_box_3,B2,output_A,category_A_output_box,B4,174.000,184.000,70.000,open,off,available,released,forced_category_A_full_EVENT_002;forced_category_A_full_EVENT_003,placed_output,place tube
forced_category_A_full,forced_category_A_full_0106_MBOX-056,MBOX-056,12,RETREAT_TO_SAFE_Z,input_box_3,B2,output_A,category_A_output_box,B4,174.000,184.000,200.000,open,off,available,released,forced_category_A_full_EVENT_002;forced_category_A_full_EVENT_003,placed_output,retreat after place
forced_category_A_full,forced_category_A_full_0107_MBOX-061,MBOX-061,1,MOVE_SAFE_ABOVE_INPUT,input_box_3,C1,output_A,category_A_output_box,B5,-400.000,11.000,200.000,open,off,available,released,forced_category_A_full_EVENT_002;forced_category_A_full_EVENT_003,placed_output,move to input safe height
forced_category_A_full,forced_category_A_full_0107_MBOX-061,MBOX-061,2,APPROACH_INPUT_SLOT,input_box_3,C1,output_A,category_A_output_box,B5,-400.000,11.000,130.000,open,off,available,released,forced_category_A_full_EVENT_002;forced_category_A_full_EVENT_003,placed_output,approach input slot
forced_category_A_full,forced_category_A_full_0107_MBOX-061,MBOX-061,3,PICK_TUBE,input_box_3,C1,output_A,category_A_output_box,B5,-400.000,11.000,55.000,close,off,available,released,forced_category_A_full_EVENT_002;forced_category_A_full_EVENT_003,placed_output,pick tube
forced_category_A_full,forced_category_A_full_0107_MBOX-061,MBOX-061,4,LIFT_TO_SAFE_Z,input_box_3,C1,output_A,category_A_output_box,B5,-400.000,11.000,200.000,hold,off,available,released,forced_category_A_full_EVENT_002;forced_category_A_full_EVENT_003,placed_output,lift picked tube
forced_category_A_full,forced_category_A_full_0107_MBOX-061,MBOX-061,5,MOVE_SAFE_ABOVE_SCAN,input_box_3,C1,output_A,category_A_output_box,B5,-140.000,60.000,200.000,hold,off,available,released,forced_category_A_full_EVENT_002;forced_category_A_full_EVENT_003,placed_output,move above scan station
forced_category_A_full,forced_category_A_full_0107_MBOX-061,MBOX-061,6,APPROACH_SCAN_STATION,input_box_3,C1,output_A,category_A_output_box,B5,-140.000,60.000,75.000,hold,off,available,released,forced_category_A_full_EVENT_002;forced_category_A_full_EVENT_003,placed_output,approach scan station
forced_category_A_full,forced_category_A_full_0107_MBOX-061,MBOX-061,7,SCAN_BARCODE,input_box_3,C1,output_A,category_A_output_box,B5,-140.000,60.000,75.000,hold,scan,available,released,forced_category_A_full_EVENT_002;forced_category_A_full_EVENT_003,placed_output,scan and classify
forced_category_A_full,forced_category_A_full_0107_MBOX-061,MBOX-061,8,LIFT_TO_SAFE_Z_AFTER_SCAN,input_box_3,C1,output_A,category_A_output_box,B5,-140.000,60.000,200.000,hold,off,available,released,forced_category_A_full_EVENT_002;forced_category_A_full_EVENT_003,placed_output,lift after scan
forced_category_A_full,forced_category_A_full_0107_MBOX-061,MBOX-061,9,MOVE_SAFE_ABOVE_TARGET,input_box_3,C1,output_A,category_A_output_box,B5,202.000,184.000,200.000,hold,off,available,released,forced_category_A_full_EVENT_002;forced_category_A_full_EVENT_003,placed_output,move above target
forced_category_A_full,forced_category_A_full_0107_MBOX-061,MBOX-061,10,APPROACH_TARGET_SLOT,input_box_3,C1,output_A,category_A_output_box,B5,202.000,184.000,130.000,hold,off,available,released,forced_category_A_full_EVENT_002;forced_category_A_full_EVENT_003,placed_output,approach target slot
forced_category_A_full,forced_category_A_full_0107_MBOX-061,MBOX-061,11,PLACE_TUBE,input_box_3,C1,output_A,category_A_output_box,B5,202.000,184.000,45.000,open,off,available,released,forced_category_A_full_EVENT_002;forced_category_A_full_EVENT_003,placed_output,place tube
forced_category_A_full,forced_category_A_full_0107_MBOX-061,MBOX-061,12,RETREAT_TO_SAFE_Z,input_box_3,C1,output_A,category_A_output_box,B5,202.000,184.000,200.000,open,off,available,released,forced_category_A_full_EVENT_002;forced_category_A_full_EVENT_003,placed_output,retreat after place
forced_category_A_full,forced_category_A_full_0108_MBOX-065,MBOX-065,1,MOVE_SAFE_ABOVE_INPUT,input_box_3,C5,output_A,category_A_output_box,B6,-288.000,11.000,200.000,open,off,available,released,forced_category_A_full_EVENT_002;forced_category_A_full_EVENT_003,placed_output,move to input safe height
forced_category_A_full,forced_category_A_full_0108_MBOX-065,MBOX-065,2,APPROACH_INPUT_SLOT,input_box_3,C5,output_A,category_A_output_box,B6,-288.000,11.000,130.000,open,off,available,released,forced_category_A_full_EVENT_002;forced_category_A_full_EVENT_003,placed_output,approach input slot
forced_category_A_full,forced_category_A_full_0108_MBOX-065,MBOX-065,3,PICK_TUBE,input_box_3,C5,output_A,category_A_output_box,B6,-288.000,11.000,80.000,close,off,available,released,forced_category_A_full_EVENT_002;forced_category_A_full_EVENT_003,placed_output,pick tube
forced_category_A_full,forced_category_A_full_0108_MBOX-065,MBOX-065,4,LIFT_TO_SAFE_Z,input_box_3,C5,output_A,category_A_output_box,B6,-288.000,11.000,200.000,hold,off,available,released,forced_category_A_full_EVENT_002;forced_category_A_full_EVENT_003,placed_output,lift picked tube
forced_category_A_full,forced_category_A_full_0108_MBOX-065,MBOX-065,5,MOVE_SAFE_ABOVE_SCAN,input_box_3,C5,output_A,category_A_output_box,B6,-140.000,60.000,200.000,hold,off,available,released,forced_category_A_full_EVENT_002;forced_category_A_full_EVENT_003,placed_output,move above scan station
forced_category_A_full,forced_category_A_full_0108_MBOX-065,MBOX-065,6,APPROACH_SCAN_STATION,input_box_3,C5,output_A,category_A_output_box,B6,-140.000,60.000,75.000,hold,off,available,released,forced_category_A_full_EVENT_002;forced_category_A_full_EVENT_003,placed_output,approach scan station
forced_category_A_full,forced_category_A_full_0108_MBOX-065,MBOX-065,7,SCAN_BARCODE,input_box_3,C5,output_A,category_A_output_box,B6,-140.000,60.000,75.000,hold,scan,available,released,forced_category_A_full_EVENT_002;forced_category_A_full_EVENT_003,placed_output,scan and classify
forced_category_A_full,forced_category_A_full_0108_MBOX-065,MBOX-065,8,LIFT_TO_SAFE_Z_AFTER_SCAN,input_box_3,C5,output_A,category_A_output_box,B6,-140.000,60.000,200.000,hold,off,available,released,forced_category_A_full_EVENT_002;forced_category_A_full_EVENT_003,placed_output,lift after scan
forced_category_A_full,forced_category_A_full_0108_MBOX-065,MBOX-065,9,MOVE_SAFE_ABOVE_TARGET,input_box_3,C5,output_A,category_A_output_box,B6,230.000,184.000,200.000,hold,off,available,released,forced_category_A_full_EVENT_002;forced_category_A_full_EVENT_003,placed_output,move above target
forced_category_A_full,forced_category_A_full_0108_MBOX-065,MBOX-065,10,APPROACH_TARGET_SLOT,input_box_3,C5,output_A,category_A_output_box,B6,230.000,184.000,130.000,hold,off,available,released,forced_category_A_full_EVENT_002;forced_category_A_full_EVENT_003,placed_output,approach target slot
forced_category_A_full,forced_category_A_full_0108_MBOX-065,MBOX-065,11,PLACE_TUBE,input_box_3,C5,output_A,category_A_output_box,B6,230.000,184.000,70.000,open,off,available,released,forced_category_A_full_EVENT_002;forced_category_A_full_EVENT_003,placed_output,place tube
forced_category_A_full,forced_category_A_full_0108_MBOX-065,MBOX-065,12,RETREAT_TO_SAFE_Z,input_box_3,C5,output_A,category_A_output_box,B6,230.000,184.000,200.000,open,off,available,released,forced_category_A_full_EVENT_002;forced_category_A_full_EVENT_003,placed_output,retreat after place
forced_category_A_full,forced_category_A_full_0109_MBOX-069,MBOX-069,1,MOVE_SAFE_ABOVE_INPUT,input_box_3,D3,output_A,category_A_output_box,C1,-344.000,-17.000,200.000,open,off,available,released,forced_category_A_full_EVENT_002;forced_category_A_full_EVENT_003,placed_output,move to input safe height
forced_category_A_full,forced_category_A_full_0109_MBOX-069,MBOX-069,2,APPROACH_INPUT_SLOT,input_box_3,D3,output_A,category_A_output_box,C1,-344.000,-17.000,130.000,open,off,available,released,forced_category_A_full_EVENT_002;forced_category_A_full_EVENT_003,placed_output,approach input slot
forced_category_A_full,forced_category_A_full_0109_MBOX-069,MBOX-069,3,PICK_TUBE,input_box_3,D3,output_A,category_A_output_box,C1,-344.000,-17.000,55.000,close,off,available,released,forced_category_A_full_EVENT_002;forced_category_A_full_EVENT_003,placed_output,pick tube
forced_category_A_full,forced_category_A_full_0109_MBOX-069,MBOX-069,4,LIFT_TO_SAFE_Z,input_box_3,D3,output_A,category_A_output_box,C1,-344.000,-17.000,200.000,hold,off,available,released,forced_category_A_full_EVENT_002;forced_category_A_full_EVENT_003,placed_output,lift picked tube
forced_category_A_full,forced_category_A_full_0109_MBOX-069,MBOX-069,5,MOVE_SAFE_ABOVE_SCAN,input_box_3,D3,output_A,category_A_output_box,C1,-140.000,60.000,200.000,hold,off,available,released,forced_category_A_full_EVENT_002;forced_category_A_full_EVENT_003,placed_output,move above scan station
forced_category_A_full,forced_category_A_full_0109_MBOX-069,MBOX-069,6,APPROACH_SCAN_STATION,input_box_3,D3,output_A,category_A_output_box,C1,-140.000,60.000,75.000,hold,off,available,released,forced_category_A_full_EVENT_002;forced_category_A_full_EVENT_003,placed_output,approach scan station
forced_category_A_full,forced_category_A_full_0109_MBOX-069,MBOX-069,7,SCAN_BARCODE,input_box_3,D3,output_A,category_A_output_box,C1,-140.000,60.000,75.000,hold,scan,available,released,forced_category_A_full_EVENT_002;forced_category_A_full_EVENT_003,placed_output,scan and classify
forced_category_A_full,forced_category_A_full_0109_MBOX-069,MBOX-069,8,LIFT_TO_SAFE_Z_AFTER_SCAN,input_box_3,D3,output_A,category_A_output_box,C1,-140.000,60.000,200.000,hold,off,available,released,forced_category_A_full_EVENT_002;forced_category_A_full_EVENT_003,placed_output,lift after scan
forced_category_A_full,forced_category_A_full_0109_MBOX-069,MBOX-069,9,MOVE_SAFE_ABOVE_TARGET,input_box_3,D3,output_A,category_A_output_box,C1,90.000,156.000,200.000,hold,off,available,released,forced_category_A_full_EVENT_002;forced_category_A_full_EVENT_003,placed_output,move above target
forced_category_A_full,forced_category_A_full_0109_MBOX-069,MBOX-069,10,APPROACH_TARGET_SLOT,input_box_3,D3,output_A,category_A_output_box,C1,90.000,156.000,130.000,hold,off,available,released,forced_category_A_full_EVENT_002;forced_category_A_full_EVENT_003,placed_output,approach target slot
forced_category_A_full,forced_category_A_full_0109_MBOX-069,MBOX-069,11,PLACE_TUBE,input_box_3,D3,output_A,category_A_output_box,C1,90.000,156.000,45.000,open,off,available,released,forced_category_A_full_EVENT_002;forced_category_A_full_EVENT_003,placed_output,place tube
forced_category_A_full,forced_category_A_full_0109_MBOX-069,MBOX-069,12,RETREAT_TO_SAFE_Z,input_box_3,D3,output_A,category_A_output_box,C1,90.000,156.000,200.000,open,off,available,released,forced_category_A_full_EVENT_002;forced_category_A_full_EVENT_003,placed_output,retreat after place
forced_category_A_full,forced_category_A_full_0110_MBOX-074,MBOX-074,1,MOVE_SAFE_ABOVE_INPUT,input_box_4,A2,output_A,category_A_output_box,C2,-372.000,-63.000,200.000,open,off,available,released,forced_category_A_full_EVENT_002;forced_category_A_full_EVENT_003,placed_output,move to input safe height
forced_category_A_full,forced_category_A_full_0110_MBOX-074,MBOX-074,2,APPROACH_INPUT_SLOT,input_box_4,A2,output_A,category_A_output_box,C2,-372.000,-63.000,130.000,open,off,available,released,forced_category_A_full_EVENT_002;forced_category_A_full_EVENT_003,placed_output,approach input slot
forced_category_A_full,forced_category_A_full_0110_MBOX-074,MBOX-074,3,PICK_TUBE,input_box_4,A2,output_A,category_A_output_box,C2,-372.000,-63.000,80.000,close,off,available,released,forced_category_A_full_EVENT_002;forced_category_A_full_EVENT_003,placed_output,pick tube
forced_category_A_full,forced_category_A_full_0110_MBOX-074,MBOX-074,4,LIFT_TO_SAFE_Z,input_box_4,A2,output_A,category_A_output_box,C2,-372.000,-63.000,200.000,hold,off,available,released,forced_category_A_full_EVENT_002;forced_category_A_full_EVENT_003,placed_output,lift picked tube
forced_category_A_full,forced_category_A_full_0110_MBOX-074,MBOX-074,5,MOVE_SAFE_ABOVE_SCAN,input_box_4,A2,output_A,category_A_output_box,C2,-140.000,60.000,200.000,hold,off,available,released,forced_category_A_full_EVENT_002;forced_category_A_full_EVENT_003,placed_output,move above scan station
forced_category_A_full,forced_category_A_full_0110_MBOX-074,MBOX-074,6,APPROACH_SCAN_STATION,input_box_4,A2,output_A,category_A_output_box,C2,-140.000,60.000,75.000,hold,off,available,released,forced_category_A_full_EVENT_002;forced_category_A_full_EVENT_003,placed_output,approach scan station
forced_category_A_full,forced_category_A_full_0110_MBOX-074,MBOX-074,7,SCAN_BARCODE,input_box_4,A2,output_A,category_A_output_box,C2,-140.000,60.000,75.000,hold,scan,available,released,forced_category_A_full_EVENT_002;forced_category_A_full_EVENT_003,placed_output,scan and classify
forced_category_A_full,forced_category_A_full_0110_MBOX-074,MBOX-074,8,LIFT_TO_SAFE_Z_AFTER_SCAN,input_box_4,A2,output_A,category_A_output_box,C2,-140.000,60.000,200.000,hold,off,available,released,forced_category_A_full_EVENT_002;forced_category_A_full_EVENT_003,placed_output,lift after scan
forced_category_A_full,forced_category_A_full_0110_MBOX-074,MBOX-074,9,MOVE_SAFE_ABOVE_TARGET,input_box_4,A2,output_A,category_A_output_box,C2,118.000,156.000,200.000,hold,off,available,released,forced_category_A_full_EVENT_002;forced_category_A_full_EVENT_003,placed_output,move above target
forced_category_A_full,forced_category_A_full_0110_MBOX-074,MBOX-074,10,APPROACH_TARGET_SLOT,input_box_4,A2,output_A,category_A_output_box,C2,118.000,156.000,130.000,hold,off,available,released,forced_category_A_full_EVENT_002;forced_category_A_full_EVENT_003,placed_output,approach target slot
forced_category_A_full,forced_category_A_full_0110_MBOX-074,MBOX-074,11,PLACE_TUBE,input_box_4,A2,output_A,category_A_output_box,C2,118.000,156.000,70.000,open,off,available,released,forced_category_A_full_EVENT_002;forced_category_A_full_EVENT_003,placed_output,place tube
forced_category_A_full,forced_category_A_full_0110_MBOX-074,MBOX-074,12,RETREAT_TO_SAFE_Z,input_box_4,A2,output_A,category_A_output_box,C2,118.000,156.000,200.000,open,off,available,released,forced_category_A_full_EVENT_002;forced_category_A_full_EVENT_003,placed_output,retreat after place
forced_category_A_full,forced_category_A_full_0111_MBOX-078,MBOX-078,1,MOVE_SAFE_ABOVE_INPUT,input_box_4,A6,output_A,category_A_output_box,C3,-260.000,-63.000,200.000,open,off,available,released,forced_category_A_full_EVENT_002;forced_category_A_full_EVENT_003,placed_output,move to input safe height
forced_category_A_full,forced_category_A_full_0111_MBOX-078,MBOX-078,2,APPROACH_INPUT_SLOT,input_box_4,A6,output_A,category_A_output_box,C3,-260.000,-63.000,130.000,open,off,available,released,forced_category_A_full_EVENT_002;forced_category_A_full_EVENT_003,placed_output,approach input slot
forced_category_A_full,forced_category_A_full_0111_MBOX-078,MBOX-078,3,PICK_TUBE,input_box_4,A6,output_A,category_A_output_box,C3,-260.000,-63.000,55.000,close,off,available,released,forced_category_A_full_EVENT_002;forced_category_A_full_EVENT_003,placed_output,pick tube
forced_category_A_full,forced_category_A_full_0111_MBOX-078,MBOX-078,4,LIFT_TO_SAFE_Z,input_box_4,A6,output_A,category_A_output_box,C3,-260.000,-63.000,200.000,hold,off,available,released,forced_category_A_full_EVENT_002;forced_category_A_full_EVENT_003,placed_output,lift picked tube
forced_category_A_full,forced_category_A_full_0111_MBOX-078,MBOX-078,5,MOVE_SAFE_ABOVE_SCAN,input_box_4,A6,output_A,category_A_output_box,C3,-140.000,60.000,200.000,hold,off,available,released,forced_category_A_full_EVENT_002;forced_category_A_full_EVENT_003,placed_output,move above scan station
forced_category_A_full,forced_category_A_full_0111_MBOX-078,MBOX-078,6,APPROACH_SCAN_STATION,input_box_4,A6,output_A,category_A_output_box,C3,-140.000,60.000,75.000,hold,off,available,released,forced_category_A_full_EVENT_002;forced_category_A_full_EVENT_003,placed_output,approach scan station
forced_category_A_full,forced_category_A_full_0111_MBOX-078,MBOX-078,7,SCAN_BARCODE,input_box_4,A6,output_A,category_A_output_box,C3,-140.000,60.000,75.000,hold,scan,available,released,forced_category_A_full_EVENT_002;forced_category_A_full_EVENT_003,placed_output,scan and classify
forced_category_A_full,forced_category_A_full_0111_MBOX-078,MBOX-078,8,LIFT_TO_SAFE_Z_AFTER_SCAN,input_box_4,A6,output_A,category_A_output_box,C3,-140.000,60.000,200.000,hold,off,available,released,forced_category_A_full_EVENT_002;forced_category_A_full_EVENT_003,placed_output,lift after scan
forced_category_A_full,forced_category_A_full_0111_MBOX-078,MBOX-078,9,MOVE_SAFE_ABOVE_TARGET,input_box_4,A6,output_A,category_A_output_box,C3,146.000,156.000,200.000,hold,off,available,released,forced_category_A_full_EVENT_002;forced_category_A_full_EVENT_003,placed_output,move above target
forced_category_A_full,forced_category_A_full_0111_MBOX-078,MBOX-078,10,APPROACH_TARGET_SLOT,input_box_4,A6,output_A,category_A_output_box,C3,146.000,156.000,130.000,hold,off,available,released,forced_category_A_full_EVENT_002;forced_category_A_full_EVENT_003,placed_output,approach target slot
forced_category_A_full,forced_category_A_full_0111_MBOX-078,MBOX-078,11,PLACE_TUBE,input_box_4,A6,output_A,category_A_output_box,C3,146.000,156.000,45.000,open,off,available,released,forced_category_A_full_EVENT_002;forced_category_A_full_EVENT_003,placed_output,place tube
forced_category_A_full,forced_category_A_full_0111_MBOX-078,MBOX-078,12,RETREAT_TO_SAFE_Z,input_box_4,A6,output_A,category_A_output_box,C3,146.000,156.000,200.000,open,off,available,released,forced_category_A_full_EVENT_002;forced_category_A_full_EVENT_003,placed_output,retreat after place
forced_category_A_full,forced_category_A_full_0112_MBOX-082,MBOX-082,1,MOVE_SAFE_ABOVE_INPUT,input_box_4,B4,output_A,category_A_output_box,C4,-316.000,-91.000,200.000,open,off,available,released,forced_category_A_full_EVENT_002;forced_category_A_full_EVENT_003,placed_output,move to input safe height
forced_category_A_full,forced_category_A_full_0112_MBOX-082,MBOX-082,2,APPROACH_INPUT_SLOT,input_box_4,B4,output_A,category_A_output_box,C4,-316.000,-91.000,130.000,open,off,available,released,forced_category_A_full_EVENT_002;forced_category_A_full_EVENT_003,placed_output,approach input slot
forced_category_A_full,forced_category_A_full_0112_MBOX-082,MBOX-082,3,PICK_TUBE,input_box_4,B4,output_A,category_A_output_box,C4,-316.000,-91.000,55.000,close,off,available,released,forced_category_A_full_EVENT_002;forced_category_A_full_EVENT_003,placed_output,pick tube
forced_category_A_full,forced_category_A_full_0112_MBOX-082,MBOX-082,4,LIFT_TO_SAFE_Z,input_box_4,B4,output_A,category_A_output_box,C4,-316.000,-91.000,200.000,hold,off,available,released,forced_category_A_full_EVENT_002;forced_category_A_full_EVENT_003,placed_output,lift picked tube
forced_category_A_full,forced_category_A_full_0112_MBOX-082,MBOX-082,5,MOVE_SAFE_ABOVE_SCAN,input_box_4,B4,output_A,category_A_output_box,C4,-140.000,60.000,200.000,hold,off,available,released,forced_category_A_full_EVENT_002;forced_category_A_full_EVENT_003,placed_output,move above scan station
forced_category_A_full,forced_category_A_full_0112_MBOX-082,MBOX-082,6,APPROACH_SCAN_STATION,input_box_4,B4,output_A,category_A_output_box,C4,-140.000,60.000,75.000,hold,off,available,released,forced_category_A_full_EVENT_002;forced_category_A_full_EVENT_003,placed_output,approach scan station
forced_category_A_full,forced_category_A_full_0112_MBOX-082,MBOX-082,7,SCAN_BARCODE,input_box_4,B4,output_A,category_A_output_box,C4,-140.000,60.000,75.000,hold,scan,available,released,forced_category_A_full_EVENT_002;forced_category_A_full_EVENT_003,placed_output,scan and classify
forced_category_A_full,forced_category_A_full_0112_MBOX-082,MBOX-082,8,LIFT_TO_SAFE_Z_AFTER_SCAN,input_box_4,B4,output_A,category_A_output_box,C4,-140.000,60.000,200.000,hold,off,available,released,forced_category_A_full_EVENT_002;forced_category_A_full_EVENT_003,placed_output,lift after scan
forced_category_A_full,forced_category_A_full_0112_MBOX-082,MBOX-082,9,MOVE_SAFE_ABOVE_TARGET,input_box_4,B4,output_A,category_A_output_box,C4,174.000,156.000,200.000,hold,off,available,released,forced_category_A_full_EVENT_002;forced_category_A_full_EVENT_003,placed_output,move above target
forced_category_A_full,forced_category_A_full_0112_MBOX-082,MBOX-082,10,APPROACH_TARGET_SLOT,input_box_4,B4,output_A,category_A_output_box,C4,174.000,156.000,130.000,hold,off,available,released,forced_category_A_full_EVENT_002;forced_category_A_full_EVENT_003,placed_output,approach target slot
forced_category_A_full,forced_category_A_full_0112_MBOX-082,MBOX-082,11,PLACE_TUBE,input_box_4,B4,output_A,category_A_output_box,C4,174.000,156.000,45.000,open,off,available,released,forced_category_A_full_EVENT_002;forced_category_A_full_EVENT_003,placed_output,place tube
forced_category_A_full,forced_category_A_full_0112_MBOX-082,MBOX-082,12,RETREAT_TO_SAFE_Z,input_box_4,B4,output_A,category_A_output_box,C4,174.000,156.000,200.000,open,off,available,released,forced_category_A_full_EVENT_002;forced_category_A_full_EVENT_003,placed_output,retreat after place
forced_category_A_full,forced_category_A_full_0113_MBOX-086,MBOX-086,1,MOVE_SAFE_ABOVE_INPUT,input_box_4,C2,output_A,category_A_output_box,C5,-372.000,-119.000,200.000,open,off,available,released,forced_category_A_full_EVENT_002;forced_category_A_full_EVENT_003,placed_output,move to input safe height
forced_category_A_full,forced_category_A_full_0113_MBOX-086,MBOX-086,2,APPROACH_INPUT_SLOT,input_box_4,C2,output_A,category_A_output_box,C5,-372.000,-119.000,130.000,open,off,available,released,forced_category_A_full_EVENT_002;forced_category_A_full_EVENT_003,placed_output,approach input slot
forced_category_A_full,forced_category_A_full_0113_MBOX-086,MBOX-086,3,PICK_TUBE,input_box_4,C2,output_A,category_A_output_box,C5,-372.000,-119.000,80.000,close,off,available,released,forced_category_A_full_EVENT_002;forced_category_A_full_EVENT_003,placed_output,pick tube
forced_category_A_full,forced_category_A_full_0113_MBOX-086,MBOX-086,4,LIFT_TO_SAFE_Z,input_box_4,C2,output_A,category_A_output_box,C5,-372.000,-119.000,200.000,hold,off,available,released,forced_category_A_full_EVENT_002;forced_category_A_full_EVENT_003,placed_output,lift picked tube
forced_category_A_full,forced_category_A_full_0113_MBOX-086,MBOX-086,5,MOVE_SAFE_ABOVE_SCAN,input_box_4,C2,output_A,category_A_output_box,C5,-140.000,60.000,200.000,hold,off,available,released,forced_category_A_full_EVENT_002;forced_category_A_full_EVENT_003,placed_output,move above scan station
forced_category_A_full,forced_category_A_full_0113_MBOX-086,MBOX-086,6,APPROACH_SCAN_STATION,input_box_4,C2,output_A,category_A_output_box,C5,-140.000,60.000,75.000,hold,off,available,released,forced_category_A_full_EVENT_002;forced_category_A_full_EVENT_003,placed_output,approach scan station
forced_category_A_full,forced_category_A_full_0113_MBOX-086,MBOX-086,7,SCAN_BARCODE,input_box_4,C2,output_A,category_A_output_box,C5,-140.000,60.000,75.000,hold,scan,available,released,forced_category_A_full_EVENT_002;forced_category_A_full_EVENT_003,placed_output,scan and classify
forced_category_A_full,forced_category_A_full_0113_MBOX-086,MBOX-086,8,LIFT_TO_SAFE_Z_AFTER_SCAN,input_box_4,C2,output_A,category_A_output_box,C5,-140.000,60.000,200.000,hold,off,available,released,forced_category_A_full_EVENT_002;forced_category_A_full_EVENT_003,placed_output,lift after scan
forced_category_A_full,forced_category_A_full_0113_MBOX-086,MBOX-086,9,MOVE_SAFE_ABOVE_TARGET,input_box_4,C2,output_A,category_A_output_box,C5,202.000,156.000,200.000,hold,off,available,released,forced_category_A_full_EVENT_002;forced_category_A_full_EVENT_003,placed_output,move above target
forced_category_A_full,forced_category_A_full_0113_MBOX-086,MBOX-086,10,APPROACH_TARGET_SLOT,input_box_4,C2,output_A,category_A_output_box,C5,202.000,156.000,130.000,hold,off,available,released,forced_category_A_full_EVENT_002;forced_category_A_full_EVENT_003,placed_output,approach target slot
forced_category_A_full,forced_category_A_full_0113_MBOX-086,MBOX-086,11,PLACE_TUBE,input_box_4,C2,output_A,category_A_output_box,C5,202.000,156.000,70.000,open,off,available,released,forced_category_A_full_EVENT_002;forced_category_A_full_EVENT_003,placed_output,place tube
forced_category_A_full,forced_category_A_full_0113_MBOX-086,MBOX-086,12,RETREAT_TO_SAFE_Z,input_box_4,C2,output_A,category_A_output_box,C5,202.000,156.000,200.000,open,off,available,released,forced_category_A_full_EVENT_002;forced_category_A_full_EVENT_003,placed_output,retreat after place
forced_category_A_full,forced_category_A_full_0114_MBOX-090,MBOX-090,1,MOVE_SAFE_ABOVE_INPUT,input_box_4,C6,output_A,category_A_output_box,C6,-260.000,-119.000,200.000,open,off,available,released,forced_category_A_full_EVENT_002;forced_category_A_full_EVENT_003,placed_output,move to input safe height
forced_category_A_full,forced_category_A_full_0114_MBOX-090,MBOX-090,2,APPROACH_INPUT_SLOT,input_box_4,C6,output_A,category_A_output_box,C6,-260.000,-119.000,130.000,open,off,available,released,forced_category_A_full_EVENT_002;forced_category_A_full_EVENT_003,placed_output,approach input slot
forced_category_A_full,forced_category_A_full_0114_MBOX-090,MBOX-090,3,PICK_TUBE,input_box_4,C6,output_A,category_A_output_box,C6,-260.000,-119.000,55.000,close,off,available,released,forced_category_A_full_EVENT_002;forced_category_A_full_EVENT_003,placed_output,pick tube
forced_category_A_full,forced_category_A_full_0114_MBOX-090,MBOX-090,4,LIFT_TO_SAFE_Z,input_box_4,C6,output_A,category_A_output_box,C6,-260.000,-119.000,200.000,hold,off,available,released,forced_category_A_full_EVENT_002;forced_category_A_full_EVENT_003,placed_output,lift picked tube
forced_category_A_full,forced_category_A_full_0114_MBOX-090,MBOX-090,5,MOVE_SAFE_ABOVE_SCAN,input_box_4,C6,output_A,category_A_output_box,C6,-140.000,60.000,200.000,hold,off,available,released,forced_category_A_full_EVENT_002;forced_category_A_full_EVENT_003,placed_output,move above scan station
forced_category_A_full,forced_category_A_full_0114_MBOX-090,MBOX-090,6,APPROACH_SCAN_STATION,input_box_4,C6,output_A,category_A_output_box,C6,-140.000,60.000,75.000,hold,off,available,released,forced_category_A_full_EVENT_002;forced_category_A_full_EVENT_003,placed_output,approach scan station
forced_category_A_full,forced_category_A_full_0114_MBOX-090,MBOX-090,7,SCAN_BARCODE,input_box_4,C6,output_A,category_A_output_box,C6,-140.000,60.000,75.000,hold,scan,available,released,forced_category_A_full_EVENT_002;forced_category_A_full_EVENT_003,placed_output,scan and classify
forced_category_A_full,forced_category_A_full_0114_MBOX-090,MBOX-090,8,LIFT_TO_SAFE_Z_AFTER_SCAN,input_box_4,C6,output_A,category_A_output_box,C6,-140.000,60.000,200.000,hold,off,available,released,forced_category_A_full_EVENT_002;forced_category_A_full_EVENT_003,placed_output,lift after scan
forced_category_A_full,forced_category_A_full_0114_MBOX-090,MBOX-090,9,MOVE_SAFE_ABOVE_TARGET,input_box_4,C6,output_A,category_A_output_box,C6,230.000,156.000,200.000,hold,off,available,released,forced_category_A_full_EVENT_002;forced_category_A_full_EVENT_003,placed_output,move above target
forced_category_A_full,forced_category_A_full_0114_MBOX-090,MBOX-090,10,APPROACH_TARGET_SLOT,input_box_4,C6,output_A,category_A_output_box,C6,230.000,156.000,130.000,hold,off,available,released,forced_category_A_full_EVENT_002;forced_category_A_full_EVENT_003,placed_output,approach target slot
forced_category_A_full,forced_category_A_full_0114_MBOX-090,MBOX-090,11,PLACE_TUBE,input_box_4,C6,output_A,category_A_output_box,C6,230.000,156.000,45.000,open,off,available,released,forced_category_A_full_EVENT_002;forced_category_A_full_EVENT_003,placed_output,place tube
forced_category_A_full,forced_category_A_full_0114_MBOX-090,MBOX-090,12,RETREAT_TO_SAFE_Z,input_box_4,C6,output_A,category_A_output_box,C6,230.000,156.000,200.000,open,off,available,released,forced_category_A_full_EVENT_002;forced_category_A_full_EVENT_003,placed_output,retreat after place
forced_category_A_full,forced_category_A_full_0115_MBOX-095,MBOX-095,1,MOVE_SAFE_ABOVE_INPUT,input_box_4,D5,output_A,category_A_output_box,D1,-288.000,-147.000,200.000,open,off,available,released,forced_category_A_full_EVENT_002;forced_category_A_full_EVENT_003,placed_output,move to input safe height
forced_category_A_full,forced_category_A_full_0115_MBOX-095,MBOX-095,2,APPROACH_INPUT_SLOT,input_box_4,D5,output_A,category_A_output_box,D1,-288.000,-147.000,130.000,open,off,available,released,forced_category_A_full_EVENT_002;forced_category_A_full_EVENT_003,placed_output,approach input slot
forced_category_A_full,forced_category_A_full_0115_MBOX-095,MBOX-095,3,PICK_TUBE,input_box_4,D5,output_A,category_A_output_box,D1,-288.000,-147.000,80.000,close,off,available,released,forced_category_A_full_EVENT_002;forced_category_A_full_EVENT_003,placed_output,pick tube
forced_category_A_full,forced_category_A_full_0115_MBOX-095,MBOX-095,4,LIFT_TO_SAFE_Z,input_box_4,D5,output_A,category_A_output_box,D1,-288.000,-147.000,200.000,hold,off,available,released,forced_category_A_full_EVENT_002;forced_category_A_full_EVENT_003,placed_output,lift picked tube
forced_category_A_full,forced_category_A_full_0115_MBOX-095,MBOX-095,5,MOVE_SAFE_ABOVE_SCAN,input_box_4,D5,output_A,category_A_output_box,D1,-140.000,60.000,200.000,hold,off,available,released,forced_category_A_full_EVENT_002;forced_category_A_full_EVENT_003,placed_output,move above scan station
forced_category_A_full,forced_category_A_full_0115_MBOX-095,MBOX-095,6,APPROACH_SCAN_STATION,input_box_4,D5,output_A,category_A_output_box,D1,-140.000,60.000,75.000,hold,off,available,released,forced_category_A_full_EVENT_002;forced_category_A_full_EVENT_003,placed_output,approach scan station
forced_category_A_full,forced_category_A_full_0115_MBOX-095,MBOX-095,7,SCAN_BARCODE,input_box_4,D5,output_A,category_A_output_box,D1,-140.000,60.000,75.000,hold,scan,available,released,forced_category_A_full_EVENT_002;forced_category_A_full_EVENT_003,placed_output,scan and classify
forced_category_A_full,forced_category_A_full_0115_MBOX-095,MBOX-095,8,LIFT_TO_SAFE_Z_AFTER_SCAN,input_box_4,D5,output_A,category_A_output_box,D1,-140.000,60.000,200.000,hold,off,available,released,forced_category_A_full_EVENT_002;forced_category_A_full_EVENT_003,placed_output,lift after scan
forced_category_A_full,forced_category_A_full_0115_MBOX-095,MBOX-095,9,MOVE_SAFE_ABOVE_TARGET,input_box_4,D5,output_A,category_A_output_box,D1,90.000,128.000,200.000,hold,off,available,released,forced_category_A_full_EVENT_002;forced_category_A_full_EVENT_003,placed_output,move above target
forced_category_A_full,forced_category_A_full_0115_MBOX-095,MBOX-095,10,APPROACH_TARGET_SLOT,input_box_4,D5,output_A,category_A_output_box,D1,90.000,128.000,130.000,hold,off,available,released,forced_category_A_full_EVENT_002;forced_category_A_full_EVENT_003,placed_output,approach target slot
forced_category_A_full,forced_category_A_full_0115_MBOX-095,MBOX-095,11,PLACE_TUBE,input_box_4,D5,output_A,category_A_output_box,D1,90.000,128.000,70.000,open,off,available,released,forced_category_A_full_EVENT_002;forced_category_A_full_EVENT_003,placed_output,place tube
forced_category_A_full,forced_category_A_full_0115_MBOX-095,MBOX-095,12,RETREAT_TO_SAFE_Z,input_box_4,D5,output_A,category_A_output_box,D1,90.000,128.000,200.000,open,off,available,released,forced_category_A_full_EVENT_002;forced_category_A_full_EVENT_003,placed_output,retreat after place
forced_manual_review_full,forced_manual_review_full_0001_MBOX-001,MBOX-001,1,MOVE_SAFE_ABOVE_INPUT,input_box_1,A1,output_A,category_A_output_box,A1,-400.000,327.000,200.000,open,off,available,none,,placed_output,move to input safe height
forced_manual_review_full,forced_manual_review_full_0001_MBOX-001,MBOX-001,2,APPROACH_INPUT_SLOT,input_box_1,A1,output_A,category_A_output_box,A1,-400.000,327.000,130.000,open,off,available,none,,placed_output,approach input slot
forced_manual_review_full,forced_manual_review_full_0001_MBOX-001,MBOX-001,3,PICK_TUBE,input_box_1,A1,output_A,category_A_output_box,A1,-400.000,327.000,55.000,close,off,available,none,,placed_output,pick tube
forced_manual_review_full,forced_manual_review_full_0001_MBOX-001,MBOX-001,4,LIFT_TO_SAFE_Z,input_box_1,A1,output_A,category_A_output_box,A1,-400.000,327.000,200.000,hold,off,available,none,,placed_output,lift picked tube
forced_manual_review_full,forced_manual_review_full_0001_MBOX-001,MBOX-001,5,MOVE_SAFE_ABOVE_SCAN,input_box_1,A1,output_A,category_A_output_box,A1,-140.000,60.000,200.000,hold,off,available,none,,placed_output,move above scan station
forced_manual_review_full,forced_manual_review_full_0001_MBOX-001,MBOX-001,6,APPROACH_SCAN_STATION,input_box_1,A1,output_A,category_A_output_box,A1,-140.000,60.000,75.000,hold,off,available,none,,placed_output,approach scan station
forced_manual_review_full,forced_manual_review_full_0001_MBOX-001,MBOX-001,7,SCAN_BARCODE,input_box_1,A1,output_A,category_A_output_box,A1,-140.000,60.000,75.000,hold,scan,available,none,,placed_output,scan and classify
forced_manual_review_full,forced_manual_review_full_0001_MBOX-001,MBOX-001,8,LIFT_TO_SAFE_Z_AFTER_SCAN,input_box_1,A1,output_A,category_A_output_box,A1,-140.000,60.000,200.000,hold,off,available,none,,placed_output,lift after scan
forced_manual_review_full,forced_manual_review_full_0001_MBOX-001,MBOX-001,9,MOVE_SAFE_ABOVE_TARGET,input_box_1,A1,output_A,category_A_output_box,A1,90.000,212.000,200.000,hold,off,available,none,,placed_output,move above target
forced_manual_review_full,forced_manual_review_full_0001_MBOX-001,MBOX-001,10,APPROACH_TARGET_SLOT,input_box_1,A1,output_A,category_A_output_box,A1,90.000,212.000,130.000,hold,off,available,none,,placed_output,approach target slot
forced_manual_review_full,forced_manual_review_full_0001_MBOX-001,MBOX-001,11,PLACE_TUBE,input_box_1,A1,output_A,category_A_output_box,A1,90.000,212.000,45.000,open,off,available,none,,placed_output,place tube
forced_manual_review_full,forced_manual_review_full_0001_MBOX-001,MBOX-001,12,RETREAT_TO_SAFE_Z,input_box_1,A1,output_A,category_A_output_box,A1,90.000,212.000,200.000,open,off,available,none,,placed_output,retreat after place
forced_manual_review_full,forced_manual_review_full_0002_MBOX-002,MBOX-002,1,MOVE_SAFE_ABOVE_INPUT,input_box_1,A2,output_B,category_B_output_box,A1,-372.000,327.000,200.000,open,off,available,none,,placed_output,move to input safe height
forced_manual_review_full,forced_manual_review_full_0002_MBOX-002,MBOX-002,2,APPROACH_INPUT_SLOT,input_box_1,A2,output_B,category_B_output_box,A1,-372.000,327.000,130.000,open,off,available,none,,placed_output,approach input slot
forced_manual_review_full,forced_manual_review_full_0002_MBOX-002,MBOX-002,3,PICK_TUBE,input_box_1,A2,output_B,category_B_output_box,A1,-372.000,327.000,80.000,close,off,available,none,,placed_output,pick tube
forced_manual_review_full,forced_manual_review_full_0002_MBOX-002,MBOX-002,4,LIFT_TO_SAFE_Z,input_box_1,A2,output_B,category_B_output_box,A1,-372.000,327.000,200.000,hold,off,available,none,,placed_output,lift picked tube
forced_manual_review_full,forced_manual_review_full_0002_MBOX-002,MBOX-002,5,MOVE_SAFE_ABOVE_SCAN,input_box_1,A2,output_B,category_B_output_box,A1,-140.000,60.000,200.000,hold,off,available,none,,placed_output,move above scan station
forced_manual_review_full,forced_manual_review_full_0002_MBOX-002,MBOX-002,6,APPROACH_SCAN_STATION,input_box_1,A2,output_B,category_B_output_box,A1,-140.000,60.000,75.000,hold,off,available,none,,placed_output,approach scan station
forced_manual_review_full,forced_manual_review_full_0002_MBOX-002,MBOX-002,7,SCAN_BARCODE,input_box_1,A2,output_B,category_B_output_box,A1,-140.000,60.000,75.000,hold,scan,available,none,,placed_output,scan and classify
forced_manual_review_full,forced_manual_review_full_0002_MBOX-002,MBOX-002,8,LIFT_TO_SAFE_Z_AFTER_SCAN,input_box_1,A2,output_B,category_B_output_box,A1,-140.000,60.000,200.000,hold,off,available,none,,placed_output,lift after scan
forced_manual_review_full,forced_manual_review_full_0002_MBOX-002,MBOX-002,9,MOVE_SAFE_ABOVE_TARGET,input_box_1,A2,output_B,category_B_output_box,A1,300.000,212.000,200.000,hold,off,available,none,,placed_output,move above target
forced_manual_review_full,forced_manual_review_full_0002_MBOX-002,MBOX-002,10,APPROACH_TARGET_SLOT,input_box_1,A2,output_B,category_B_output_box,A1,300.000,212.000,130.000,hold,off,available,none,,placed_output,approach target slot
forced_manual_review_full,forced_manual_review_full_0002_MBOX-002,MBOX-002,11,PLACE_TUBE,input_box_1,A2,output_B,category_B_output_box,A1,300.000,212.000,70.000,open,off,available,none,,placed_output,place tube
forced_manual_review_full,forced_manual_review_full_0002_MBOX-002,MBOX-002,12,RETREAT_TO_SAFE_Z,input_box_1,A2,output_B,category_B_output_box,A1,300.000,212.000,200.000,open,off,available,none,,placed_output,retreat after place
forced_manual_review_full,forced_manual_review_full_0003_MBOX-003,MBOX-003,1,MOVE_SAFE_ABOVE_INPUT,input_box_1,A3,output_C,category_C_output_box,A1,-344.000,327.000,200.000,open,off,available,none,,placed_output,move to input safe height
forced_manual_review_full,forced_manual_review_full_0003_MBOX-003,MBOX-003,2,APPROACH_INPUT_SLOT,input_box_1,A3,output_C,category_C_output_box,A1,-344.000,327.000,130.000,open,off,available,none,,placed_output,approach input slot
forced_manual_review_full,forced_manual_review_full_0003_MBOX-003,MBOX-003,3,PICK_TUBE,input_box_1,A3,output_C,category_C_output_box,A1,-344.000,327.000,55.000,close,off,available,none,,placed_output,pick tube
forced_manual_review_full,forced_manual_review_full_0003_MBOX-003,MBOX-003,4,LIFT_TO_SAFE_Z,input_box_1,A3,output_C,category_C_output_box,A1,-344.000,327.000,200.000,hold,off,available,none,,placed_output,lift picked tube
forced_manual_review_full,forced_manual_review_full_0003_MBOX-003,MBOX-003,5,MOVE_SAFE_ABOVE_SCAN,input_box_1,A3,output_C,category_C_output_box,A1,-140.000,60.000,200.000,hold,off,available,none,,placed_output,move above scan station
forced_manual_review_full,forced_manual_review_full_0003_MBOX-003,MBOX-003,6,APPROACH_SCAN_STATION,input_box_1,A3,output_C,category_C_output_box,A1,-140.000,60.000,75.000,hold,off,available,none,,placed_output,approach scan station
forced_manual_review_full,forced_manual_review_full_0003_MBOX-003,MBOX-003,7,SCAN_BARCODE,input_box_1,A3,output_C,category_C_output_box,A1,-140.000,60.000,75.000,hold,scan,available,none,,placed_output,scan and classify
forced_manual_review_full,forced_manual_review_full_0003_MBOX-003,MBOX-003,8,LIFT_TO_SAFE_Z_AFTER_SCAN,input_box_1,A3,output_C,category_C_output_box,A1,-140.000,60.000,200.000,hold,off,available,none,,placed_output,lift after scan
forced_manual_review_full,forced_manual_review_full_0003_MBOX-003,MBOX-003,9,MOVE_SAFE_ABOVE_TARGET,input_box_1,A3,output_C,category_C_output_box,A1,90.000,2.000,200.000,hold,off,available,none,,placed_output,move above target
forced_manual_review_full,forced_manual_review_full_0003_MBOX-003,MBOX-003,10,APPROACH_TARGET_SLOT,input_box_1,A3,output_C,category_C_output_box,A1,90.000,2.000,130.000,hold,off,available,none,,placed_output,approach target slot
forced_manual_review_full,forced_manual_review_full_0003_MBOX-003,MBOX-003,11,PLACE_TUBE,input_box_1,A3,output_C,category_C_output_box,A1,90.000,2.000,45.000,open,off,available,none,,placed_output,place tube
forced_manual_review_full,forced_manual_review_full_0003_MBOX-003,MBOX-003,12,RETREAT_TO_SAFE_Z,input_box_1,A3,output_C,category_C_output_box,A1,90.000,2.000,200.000,open,off,available,none,,placed_output,retreat after place
forced_manual_review_full,forced_manual_review_full_0004_MBOX-004,MBOX-004,1,MOVE_SAFE_ABOVE_INPUT,input_box_1,A4,output_D,category_D_output_box,A1,-316.000,327.000,200.000,open,off,available,none,,placed_output,move to input safe height
forced_manual_review_full,forced_manual_review_full_0004_MBOX-004,MBOX-004,2,APPROACH_INPUT_SLOT,input_box_1,A4,output_D,category_D_output_box,A1,-316.000,327.000,130.000,open,off,available,none,,placed_output,approach input slot
forced_manual_review_full,forced_manual_review_full_0004_MBOX-004,MBOX-004,3,PICK_TUBE,input_box_1,A4,output_D,category_D_output_box,A1,-316.000,327.000,55.000,close,off,available,none,,placed_output,pick tube
forced_manual_review_full,forced_manual_review_full_0004_MBOX-004,MBOX-004,4,LIFT_TO_SAFE_Z,input_box_1,A4,output_D,category_D_output_box,A1,-316.000,327.000,200.000,hold,off,available,none,,placed_output,lift picked tube
forced_manual_review_full,forced_manual_review_full_0004_MBOX-004,MBOX-004,5,MOVE_SAFE_ABOVE_SCAN,input_box_1,A4,output_D,category_D_output_box,A1,-140.000,60.000,200.000,hold,off,available,none,,placed_output,move above scan station
forced_manual_review_full,forced_manual_review_full_0004_MBOX-004,MBOX-004,6,APPROACH_SCAN_STATION,input_box_1,A4,output_D,category_D_output_box,A1,-140.000,60.000,75.000,hold,off,available,none,,placed_output,approach scan station
forced_manual_review_full,forced_manual_review_full_0004_MBOX-004,MBOX-004,7,SCAN_BARCODE,input_box_1,A4,output_D,category_D_output_box,A1,-140.000,60.000,75.000,hold,scan,available,none,,placed_output,scan and classify
forced_manual_review_full,forced_manual_review_full_0004_MBOX-004,MBOX-004,8,LIFT_TO_SAFE_Z_AFTER_SCAN,input_box_1,A4,output_D,category_D_output_box,A1,-140.000,60.000,200.000,hold,off,available,none,,placed_output,lift after scan
forced_manual_review_full,forced_manual_review_full_0004_MBOX-004,MBOX-004,9,MOVE_SAFE_ABOVE_TARGET,input_box_1,A4,output_D,category_D_output_box,A1,300.000,2.000,200.000,hold,off,available,none,,placed_output,move above target
forced_manual_review_full,forced_manual_review_full_0004_MBOX-004,MBOX-004,10,APPROACH_TARGET_SLOT,input_box_1,A4,output_D,category_D_output_box,A1,300.000,2.000,130.000,hold,off,available,none,,placed_output,approach target slot
forced_manual_review_full,forced_manual_review_full_0004_MBOX-004,MBOX-004,11,PLACE_TUBE,input_box_1,A4,output_D,category_D_output_box,A1,300.000,2.000,45.000,open,off,available,none,,placed_output,place tube
forced_manual_review_full,forced_manual_review_full_0004_MBOX-004,MBOX-004,12,RETREAT_TO_SAFE_Z,input_box_1,A4,output_D,category_D_output_box,A1,300.000,2.000,200.000,open,off,available,none,,placed_output,retreat after place
forced_manual_review_full,forced_manual_review_full_0005_MBOX-005,MBOX-005,1,MOVE_SAFE_ABOVE_INPUT,input_box_1,A5,manual_review,manual_review_bin,A1,-288.000,327.000,200.000,open,off,not_applicable,none,,placed_manual_review,move to input safe height
forced_manual_review_full,forced_manual_review_full_0005_MBOX-005,MBOX-005,2,APPROACH_INPUT_SLOT,input_box_1,A5,manual_review,manual_review_bin,A1,-288.000,327.000,130.000,open,off,not_applicable,none,,placed_manual_review,approach input slot
forced_manual_review_full,forced_manual_review_full_0005_MBOX-005,MBOX-005,3,PICK_TUBE,input_box_1,A5,manual_review,manual_review_bin,A1,-288.000,327.000,80.000,close,off,not_applicable,none,,placed_manual_review,pick tube
forced_manual_review_full,forced_manual_review_full_0005_MBOX-005,MBOX-005,4,LIFT_TO_SAFE_Z,input_box_1,A5,manual_review,manual_review_bin,A1,-288.000,327.000,200.000,hold,off,not_applicable,none,,placed_manual_review,lift picked tube
forced_manual_review_full,forced_manual_review_full_0005_MBOX-005,MBOX-005,5,MOVE_SAFE_ABOVE_SCAN,input_box_1,A5,manual_review,manual_review_bin,A1,-140.000,60.000,200.000,hold,off,not_applicable,none,,placed_manual_review,move above scan station
forced_manual_review_full,forced_manual_review_full_0005_MBOX-005,MBOX-005,6,APPROACH_SCAN_STATION,input_box_1,A5,manual_review,manual_review_bin,A1,-140.000,60.000,75.000,hold,off,not_applicable,none,,placed_manual_review,approach scan station
forced_manual_review_full,forced_manual_review_full_0005_MBOX-005,MBOX-005,7,SCAN_BARCODE,input_box_1,A5,manual_review,manual_review_bin,A1,-140.000,60.000,75.000,hold,scan,not_applicable,none,,placed_manual_review,scan and classify
forced_manual_review_full,forced_manual_review_full_0005_MBOX-005,MBOX-005,8,LIFT_TO_SAFE_Z_AFTER_SCAN,input_box_1,A5,manual_review,manual_review_bin,A1,-140.000,60.000,200.000,hold,off,not_applicable,none,,placed_manual_review,lift after scan
forced_manual_review_full,forced_manual_review_full_0005_MBOX-005,MBOX-005,9,MOVE_SAFE_ABOVE_TARGET,input_box_1,A5,manual_review,manual_review_bin,A1,-208.000,-286.000,200.000,hold,off,not_applicable,none,,placed_manual_review,move above target
forced_manual_review_full,forced_manual_review_full_0005_MBOX-005,MBOX-005,10,APPROACH_TARGET_SLOT,input_box_1,A5,manual_review,manual_review_bin,A1,-208.000,-286.000,130.000,hold,off,not_applicable,none,,placed_manual_review,approach target slot
forced_manual_review_full,forced_manual_review_full_0005_MBOX-005,MBOX-005,11,PLACE_TUBE,input_box_1,A5,manual_review,manual_review_bin,A1,-208.000,-286.000,70.000,open,off,not_applicable,none,,placed_manual_review,place tube
forced_manual_review_full,forced_manual_review_full_0005_MBOX-005,MBOX-005,12,RETREAT_TO_SAFE_Z,input_box_1,A5,manual_review,manual_review_bin,A1,-208.000,-286.000,200.000,open,off,not_applicable,none,,placed_manual_review,retreat after place
forced_manual_review_full,forced_manual_review_full_0006_MBOX-006,MBOX-006,1,MOVE_SAFE_ABOVE_INPUT,input_box_1,A6,output_A,category_A_output_box,A2,-260.000,327.000,200.000,open,off,available,none,,placed_output,move to input safe height
forced_manual_review_full,forced_manual_review_full_0006_MBOX-006,MBOX-006,2,APPROACH_INPUT_SLOT,input_box_1,A6,output_A,category_A_output_box,A2,-260.000,327.000,130.000,open,off,available,none,,placed_output,approach input slot
forced_manual_review_full,forced_manual_review_full_0006_MBOX-006,MBOX-006,3,PICK_TUBE,input_box_1,A6,output_A,category_A_output_box,A2,-260.000,327.000,55.000,close,off,available,none,,placed_output,pick tube
forced_manual_review_full,forced_manual_review_full_0006_MBOX-006,MBOX-006,4,LIFT_TO_SAFE_Z,input_box_1,A6,output_A,category_A_output_box,A2,-260.000,327.000,200.000,hold,off,available,none,,placed_output,lift picked tube
forced_manual_review_full,forced_manual_review_full_0006_MBOX-006,MBOX-006,5,MOVE_SAFE_ABOVE_SCAN,input_box_1,A6,output_A,category_A_output_box,A2,-140.000,60.000,200.000,hold,off,available,none,,placed_output,move above scan station
forced_manual_review_full,forced_manual_review_full_0006_MBOX-006,MBOX-006,6,APPROACH_SCAN_STATION,input_box_1,A6,output_A,category_A_output_box,A2,-140.000,60.000,75.000,hold,off,available,none,,placed_output,approach scan station
forced_manual_review_full,forced_manual_review_full_0006_MBOX-006,MBOX-006,7,SCAN_BARCODE,input_box_1,A6,output_A,category_A_output_box,A2,-140.000,60.000,75.000,hold,scan,available,none,,placed_output,scan and classify
forced_manual_review_full,forced_manual_review_full_0006_MBOX-006,MBOX-006,8,LIFT_TO_SAFE_Z_AFTER_SCAN,input_box_1,A6,output_A,category_A_output_box,A2,-140.000,60.000,200.000,hold,off,available,none,,placed_output,lift after scan
forced_manual_review_full,forced_manual_review_full_0006_MBOX-006,MBOX-006,9,MOVE_SAFE_ABOVE_TARGET,input_box_1,A6,output_A,category_A_output_box,A2,118.000,212.000,200.000,hold,off,available,none,,placed_output,move above target
forced_manual_review_full,forced_manual_review_full_0006_MBOX-006,MBOX-006,10,APPROACH_TARGET_SLOT,input_box_1,A6,output_A,category_A_output_box,A2,118.000,212.000,130.000,hold,off,available,none,,placed_output,approach target slot
forced_manual_review_full,forced_manual_review_full_0006_MBOX-006,MBOX-006,11,PLACE_TUBE,input_box_1,A6,output_A,category_A_output_box,A2,118.000,212.000,45.000,open,off,available,none,,placed_output,place tube
forced_manual_review_full,forced_manual_review_full_0006_MBOX-006,MBOX-006,12,RETREAT_TO_SAFE_Z,input_box_1,A6,output_A,category_A_output_box,A2,118.000,212.000,200.000,open,off,available,none,,placed_output,retreat after place
forced_manual_review_full,forced_manual_review_full_0007_MBOX-007,MBOX-007,1,MOVE_SAFE_ABOVE_INPUT,input_box_1,B1,output_B,category_B_output_box,A2,-400.000,299.000,200.000,open,off,available,none,,placed_output,move to input safe height
forced_manual_review_full,forced_manual_review_full_0007_MBOX-007,MBOX-007,2,APPROACH_INPUT_SLOT,input_box_1,B1,output_B,category_B_output_box,A2,-400.000,299.000,130.000,open,off,available,none,,placed_output,approach input slot
forced_manual_review_full,forced_manual_review_full_0007_MBOX-007,MBOX-007,3,PICK_TUBE,input_box_1,B1,output_B,category_B_output_box,A2,-400.000,299.000,55.000,close,off,available,none,,placed_output,pick tube
forced_manual_review_full,forced_manual_review_full_0007_MBOX-007,MBOX-007,4,LIFT_TO_SAFE_Z,input_box_1,B1,output_B,category_B_output_box,A2,-400.000,299.000,200.000,hold,off,available,none,,placed_output,lift picked tube
forced_manual_review_full,forced_manual_review_full_0007_MBOX-007,MBOX-007,5,MOVE_SAFE_ABOVE_SCAN,input_box_1,B1,output_B,category_B_output_box,A2,-140.000,60.000,200.000,hold,off,available,none,,placed_output,move above scan station
forced_manual_review_full,forced_manual_review_full_0007_MBOX-007,MBOX-007,6,APPROACH_SCAN_STATION,input_box_1,B1,output_B,category_B_output_box,A2,-140.000,60.000,75.000,hold,off,available,none,,placed_output,approach scan station
forced_manual_review_full,forced_manual_review_full_0007_MBOX-007,MBOX-007,7,SCAN_BARCODE,input_box_1,B1,output_B,category_B_output_box,A2,-140.000,60.000,75.000,hold,scan,available,none,,placed_output,scan and classify
forced_manual_review_full,forced_manual_review_full_0007_MBOX-007,MBOX-007,8,LIFT_TO_SAFE_Z_AFTER_SCAN,input_box_1,B1,output_B,category_B_output_box,A2,-140.000,60.000,200.000,hold,off,available,none,,placed_output,lift after scan
forced_manual_review_full,forced_manual_review_full_0007_MBOX-007,MBOX-007,9,MOVE_SAFE_ABOVE_TARGET,input_box_1,B1,output_B,category_B_output_box,A2,328.000,212.000,200.000,hold,off,available,none,,placed_output,move above target
forced_manual_review_full,forced_manual_review_full_0007_MBOX-007,MBOX-007,10,APPROACH_TARGET_SLOT,input_box_1,B1,output_B,category_B_output_box,A2,328.000,212.000,130.000,hold,off,available,none,,placed_output,approach target slot
forced_manual_review_full,forced_manual_review_full_0007_MBOX-007,MBOX-007,11,PLACE_TUBE,input_box_1,B1,output_B,category_B_output_box,A2,328.000,212.000,45.000,open,off,available,none,,placed_output,place tube
forced_manual_review_full,forced_manual_review_full_0007_MBOX-007,MBOX-007,12,RETREAT_TO_SAFE_Z,input_box_1,B1,output_B,category_B_output_box,A2,328.000,212.000,200.000,open,off,available,none,,placed_output,retreat after place
forced_manual_review_full,forced_manual_review_full_0008_MBOX-008,MBOX-008,1,MOVE_SAFE_ABOVE_INPUT,input_box_1,B2,output_C,category_C_output_box,A2,-372.000,299.000,200.000,open,off,available,none,,placed_output,move to input safe height
forced_manual_review_full,forced_manual_review_full_0008_MBOX-008,MBOX-008,2,APPROACH_INPUT_SLOT,input_box_1,B2,output_C,category_C_output_box,A2,-372.000,299.000,130.000,open,off,available,none,,placed_output,approach input slot
forced_manual_review_full,forced_manual_review_full_0008_MBOX-008,MBOX-008,3,PICK_TUBE,input_box_1,B2,output_C,category_C_output_box,A2,-372.000,299.000,80.000,close,off,available,none,,placed_output,pick tube
forced_manual_review_full,forced_manual_review_full_0008_MBOX-008,MBOX-008,4,LIFT_TO_SAFE_Z,input_box_1,B2,output_C,category_C_output_box,A2,-372.000,299.000,200.000,hold,off,available,none,,placed_output,lift picked tube
forced_manual_review_full,forced_manual_review_full_0008_MBOX-008,MBOX-008,5,MOVE_SAFE_ABOVE_SCAN,input_box_1,B2,output_C,category_C_output_box,A2,-140.000,60.000,200.000,hold,off,available,none,,placed_output,move above scan station
forced_manual_review_full,forced_manual_review_full_0008_MBOX-008,MBOX-008,6,APPROACH_SCAN_STATION,input_box_1,B2,output_C,category_C_output_box,A2,-140.000,60.000,75.000,hold,off,available,none,,placed_output,approach scan station
forced_manual_review_full,forced_manual_review_full_0008_MBOX-008,MBOX-008,7,SCAN_BARCODE,input_box_1,B2,output_C,category_C_output_box,A2,-140.000,60.000,75.000,hold,scan,available,none,,placed_output,scan and classify
forced_manual_review_full,forced_manual_review_full_0008_MBOX-008,MBOX-008,8,LIFT_TO_SAFE_Z_AFTER_SCAN,input_box_1,B2,output_C,category_C_output_box,A2,-140.000,60.000,200.000,hold,off,available,none,,placed_output,lift after scan
forced_manual_review_full,forced_manual_review_full_0008_MBOX-008,MBOX-008,9,MOVE_SAFE_ABOVE_TARGET,input_box_1,B2,output_C,category_C_output_box,A2,118.000,2.000,200.000,hold,off,available,none,,placed_output,move above target
forced_manual_review_full,forced_manual_review_full_0008_MBOX-008,MBOX-008,10,APPROACH_TARGET_SLOT,input_box_1,B2,output_C,category_C_output_box,A2,118.000,2.000,130.000,hold,off,available,none,,placed_output,approach target slot
forced_manual_review_full,forced_manual_review_full_0008_MBOX-008,MBOX-008,11,PLACE_TUBE,input_box_1,B2,output_C,category_C_output_box,A2,118.000,2.000,70.000,open,off,available,none,,placed_output,place tube
forced_manual_review_full,forced_manual_review_full_0008_MBOX-008,MBOX-008,12,RETREAT_TO_SAFE_Z,input_box_1,B2,output_C,category_C_output_box,A2,118.000,2.000,200.000,open,off,available,none,,placed_output,retreat after place
forced_manual_review_full,forced_manual_review_full_0009_MBOX-009,MBOX-009,1,MOVE_SAFE_ABOVE_INPUT,input_box_1,B3,output_D,category_D_output_box,A2,-344.000,299.000,200.000,open,off,available,none,,placed_output,move to input safe height
forced_manual_review_full,forced_manual_review_full_0009_MBOX-009,MBOX-009,2,APPROACH_INPUT_SLOT,input_box_1,B3,output_D,category_D_output_box,A2,-344.000,299.000,130.000,open,off,available,none,,placed_output,approach input slot
forced_manual_review_full,forced_manual_review_full_0009_MBOX-009,MBOX-009,3,PICK_TUBE,input_box_1,B3,output_D,category_D_output_box,A2,-344.000,299.000,55.000,close,off,available,none,,placed_output,pick tube
forced_manual_review_full,forced_manual_review_full_0009_MBOX-009,MBOX-009,4,LIFT_TO_SAFE_Z,input_box_1,B3,output_D,category_D_output_box,A2,-344.000,299.000,200.000,hold,off,available,none,,placed_output,lift picked tube
forced_manual_review_full,forced_manual_review_full_0009_MBOX-009,MBOX-009,5,MOVE_SAFE_ABOVE_SCAN,input_box_1,B3,output_D,category_D_output_box,A2,-140.000,60.000,200.000,hold,off,available,none,,placed_output,move above scan station
forced_manual_review_full,forced_manual_review_full_0009_MBOX-009,MBOX-009,6,APPROACH_SCAN_STATION,input_box_1,B3,output_D,category_D_output_box,A2,-140.000,60.000,75.000,hold,off,available,none,,placed_output,approach scan station
forced_manual_review_full,forced_manual_review_full_0009_MBOX-009,MBOX-009,7,SCAN_BARCODE,input_box_1,B3,output_D,category_D_output_box,A2,-140.000,60.000,75.000,hold,scan,available,none,,placed_output,scan and classify
forced_manual_review_full,forced_manual_review_full_0009_MBOX-009,MBOX-009,8,LIFT_TO_SAFE_Z_AFTER_SCAN,input_box_1,B3,output_D,category_D_output_box,A2,-140.000,60.000,200.000,hold,off,available,none,,placed_output,lift after scan
forced_manual_review_full,forced_manual_review_full_0009_MBOX-009,MBOX-009,9,MOVE_SAFE_ABOVE_TARGET,input_box_1,B3,output_D,category_D_output_box,A2,328.000,2.000,200.000,hold,off,available,none,,placed_output,move above target
forced_manual_review_full,forced_manual_review_full_0009_MBOX-009,MBOX-009,10,APPROACH_TARGET_SLOT,input_box_1,B3,output_D,category_D_output_box,A2,328.000,2.000,130.000,hold,off,available,none,,placed_output,approach target slot
forced_manual_review_full,forced_manual_review_full_0009_MBOX-009,MBOX-009,11,PLACE_TUBE,input_box_1,B3,output_D,category_D_output_box,A2,328.000,2.000,45.000,open,off,available,none,,placed_output,place tube
forced_manual_review_full,forced_manual_review_full_0009_MBOX-009,MBOX-009,12,RETREAT_TO_SAFE_Z,input_box_1,B3,output_D,category_D_output_box,A2,328.000,2.000,200.000,open,off,available,none,,placed_output,retreat after place
forced_manual_review_full,forced_manual_review_full_0010_MBOX-010,MBOX-010,1,MOVE_SAFE_ABOVE_INPUT,input_box_1,B4,output_A,category_A_output_box,A3,-316.000,299.000,200.000,open,off,available,none,,placed_output,move to input safe height
forced_manual_review_full,forced_manual_review_full_0010_MBOX-010,MBOX-010,2,APPROACH_INPUT_SLOT,input_box_1,B4,output_A,category_A_output_box,A3,-316.000,299.000,130.000,open,off,available,none,,placed_output,approach input slot
forced_manual_review_full,forced_manual_review_full_0010_MBOX-010,MBOX-010,3,PICK_TUBE,input_box_1,B4,output_A,category_A_output_box,A3,-316.000,299.000,55.000,close,off,available,none,,placed_output,pick tube
forced_manual_review_full,forced_manual_review_full_0010_MBOX-010,MBOX-010,4,LIFT_TO_SAFE_Z,input_box_1,B4,output_A,category_A_output_box,A3,-316.000,299.000,200.000,hold,off,available,none,,placed_output,lift picked tube
forced_manual_review_full,forced_manual_review_full_0010_MBOX-010,MBOX-010,5,MOVE_SAFE_ABOVE_SCAN,input_box_1,B4,output_A,category_A_output_box,A3,-140.000,60.000,200.000,hold,off,available,none,,placed_output,move above scan station
forced_manual_review_full,forced_manual_review_full_0010_MBOX-010,MBOX-010,6,APPROACH_SCAN_STATION,input_box_1,B4,output_A,category_A_output_box,A3,-140.000,60.000,75.000,hold,off,available,none,,placed_output,approach scan station
forced_manual_review_full,forced_manual_review_full_0010_MBOX-010,MBOX-010,7,SCAN_BARCODE,input_box_1,B4,output_A,category_A_output_box,A3,-140.000,60.000,75.000,hold,scan,available,none,,placed_output,scan and classify
forced_manual_review_full,forced_manual_review_full_0010_MBOX-010,MBOX-010,8,LIFT_TO_SAFE_Z_AFTER_SCAN,input_box_1,B4,output_A,category_A_output_box,A3,-140.000,60.000,200.000,hold,off,available,none,,placed_output,lift after scan
forced_manual_review_full,forced_manual_review_full_0010_MBOX-010,MBOX-010,9,MOVE_SAFE_ABOVE_TARGET,input_box_1,B4,output_A,category_A_output_box,A3,146.000,212.000,200.000,hold,off,available,none,,placed_output,move above target
forced_manual_review_full,forced_manual_review_full_0010_MBOX-010,MBOX-010,10,APPROACH_TARGET_SLOT,input_box_1,B4,output_A,category_A_output_box,A3,146.000,212.000,130.000,hold,off,available,none,,placed_output,approach target slot
forced_manual_review_full,forced_manual_review_full_0010_MBOX-010,MBOX-010,11,PLACE_TUBE,input_box_1,B4,output_A,category_A_output_box,A3,146.000,212.000,45.000,open,off,available,none,,placed_output,place tube
forced_manual_review_full,forced_manual_review_full_0010_MBOX-010,MBOX-010,12,RETREAT_TO_SAFE_Z,input_box_1,B4,output_A,category_A_output_box,A3,146.000,212.000,200.000,open,off,available,none,,placed_output,retreat after place
forced_manual_review_full,forced_manual_review_full_0011_MBOX-011,MBOX-011,1,MOVE_SAFE_ABOVE_INPUT,input_box_1,B5,output_B,category_B_output_box,A3,-288.000,299.000,200.000,open,off,available,none,,placed_output,move to input safe height
forced_manual_review_full,forced_manual_review_full_0011_MBOX-011,MBOX-011,2,APPROACH_INPUT_SLOT,input_box_1,B5,output_B,category_B_output_box,A3,-288.000,299.000,130.000,open,off,available,none,,placed_output,approach input slot
forced_manual_review_full,forced_manual_review_full_0011_MBOX-011,MBOX-011,3,PICK_TUBE,input_box_1,B5,output_B,category_B_output_box,A3,-288.000,299.000,80.000,close,off,available,none,,placed_output,pick tube
forced_manual_review_full,forced_manual_review_full_0011_MBOX-011,MBOX-011,4,LIFT_TO_SAFE_Z,input_box_1,B5,output_B,category_B_output_box,A3,-288.000,299.000,200.000,hold,off,available,none,,placed_output,lift picked tube
forced_manual_review_full,forced_manual_review_full_0011_MBOX-011,MBOX-011,5,MOVE_SAFE_ABOVE_SCAN,input_box_1,B5,output_B,category_B_output_box,A3,-140.000,60.000,200.000,hold,off,available,none,,placed_output,move above scan station
forced_manual_review_full,forced_manual_review_full_0011_MBOX-011,MBOX-011,6,APPROACH_SCAN_STATION,input_box_1,B5,output_B,category_B_output_box,A3,-140.000,60.000,75.000,hold,off,available,none,,placed_output,approach scan station
forced_manual_review_full,forced_manual_review_full_0011_MBOX-011,MBOX-011,7,SCAN_BARCODE,input_box_1,B5,output_B,category_B_output_box,A3,-140.000,60.000,75.000,hold,scan,available,none,,placed_output,scan and classify
forced_manual_review_full,forced_manual_review_full_0011_MBOX-011,MBOX-011,8,LIFT_TO_SAFE_Z_AFTER_SCAN,input_box_1,B5,output_B,category_B_output_box,A3,-140.000,60.000,200.000,hold,off,available,none,,placed_output,lift after scan
forced_manual_review_full,forced_manual_review_full_0011_MBOX-011,MBOX-011,9,MOVE_SAFE_ABOVE_TARGET,input_box_1,B5,output_B,category_B_output_box,A3,356.000,212.000,200.000,hold,off,available,none,,placed_output,move above target
forced_manual_review_full,forced_manual_review_full_0011_MBOX-011,MBOX-011,10,APPROACH_TARGET_SLOT,input_box_1,B5,output_B,category_B_output_box,A3,356.000,212.000,130.000,hold,off,available,none,,placed_output,approach target slot
forced_manual_review_full,forced_manual_review_full_0011_MBOX-011,MBOX-011,11,PLACE_TUBE,input_box_1,B5,output_B,category_B_output_box,A3,356.000,212.000,70.000,open,off,available,none,,placed_output,place tube
forced_manual_review_full,forced_manual_review_full_0011_MBOX-011,MBOX-011,12,RETREAT_TO_SAFE_Z,input_box_1,B5,output_B,category_B_output_box,A3,356.000,212.000,200.000,open,off,available,none,,placed_output,retreat after place
forced_manual_review_full,forced_manual_review_full_0012_MBOX-012,MBOX-012,1,MOVE_SAFE_ABOVE_INPUT,input_box_1,B6,output_C,category_C_output_box,A3,-260.000,299.000,200.000,open,off,available,none,,placed_output,move to input safe height
forced_manual_review_full,forced_manual_review_full_0012_MBOX-012,MBOX-012,2,APPROACH_INPUT_SLOT,input_box_1,B6,output_C,category_C_output_box,A3,-260.000,299.000,130.000,open,off,available,none,,placed_output,approach input slot
forced_manual_review_full,forced_manual_review_full_0012_MBOX-012,MBOX-012,3,PICK_TUBE,input_box_1,B6,output_C,category_C_output_box,A3,-260.000,299.000,55.000,close,off,available,none,,placed_output,pick tube
forced_manual_review_full,forced_manual_review_full_0012_MBOX-012,MBOX-012,4,LIFT_TO_SAFE_Z,input_box_1,B6,output_C,category_C_output_box,A3,-260.000,299.000,200.000,hold,off,available,none,,placed_output,lift picked tube
forced_manual_review_full,forced_manual_review_full_0012_MBOX-012,MBOX-012,5,MOVE_SAFE_ABOVE_SCAN,input_box_1,B6,output_C,category_C_output_box,A3,-140.000,60.000,200.000,hold,off,available,none,,placed_output,move above scan station
forced_manual_review_full,forced_manual_review_full_0012_MBOX-012,MBOX-012,6,APPROACH_SCAN_STATION,input_box_1,B6,output_C,category_C_output_box,A3,-140.000,60.000,75.000,hold,off,available,none,,placed_output,approach scan station
forced_manual_review_full,forced_manual_review_full_0012_MBOX-012,MBOX-012,7,SCAN_BARCODE,input_box_1,B6,output_C,category_C_output_box,A3,-140.000,60.000,75.000,hold,scan,available,none,,placed_output,scan and classify
forced_manual_review_full,forced_manual_review_full_0012_MBOX-012,MBOX-012,8,LIFT_TO_SAFE_Z_AFTER_SCAN,input_box_1,B6,output_C,category_C_output_box,A3,-140.000,60.000,200.000,hold,off,available,none,,placed_output,lift after scan
forced_manual_review_full,forced_manual_review_full_0012_MBOX-012,MBOX-012,9,MOVE_SAFE_ABOVE_TARGET,input_box_1,B6,output_C,category_C_output_box,A3,146.000,2.000,200.000,hold,off,available,none,,placed_output,move above target
forced_manual_review_full,forced_manual_review_full_0012_MBOX-012,MBOX-012,10,APPROACH_TARGET_SLOT,input_box_1,B6,output_C,category_C_output_box,A3,146.000,2.000,130.000,hold,off,available,none,,placed_output,approach target slot
forced_manual_review_full,forced_manual_review_full_0012_MBOX-012,MBOX-012,11,PLACE_TUBE,input_box_1,B6,output_C,category_C_output_box,A3,146.000,2.000,45.000,open,off,available,none,,placed_output,place tube
forced_manual_review_full,forced_manual_review_full_0012_MBOX-012,MBOX-012,12,RETREAT_TO_SAFE_Z,input_box_1,B6,output_C,category_C_output_box,A3,146.000,2.000,200.000,open,off,available,none,,placed_output,retreat after place
forced_manual_review_full,forced_manual_review_full_0013_MBOX-013,MBOX-013,1,MOVE_SAFE_ABOVE_INPUT,input_box_1,C1,output_D,category_D_output_box,A3,-400.000,271.000,200.000,open,off,available,none,,placed_output,move to input safe height
forced_manual_review_full,forced_manual_review_full_0013_MBOX-013,MBOX-013,2,APPROACH_INPUT_SLOT,input_box_1,C1,output_D,category_D_output_box,A3,-400.000,271.000,130.000,open,off,available,none,,placed_output,approach input slot
forced_manual_review_full,forced_manual_review_full_0013_MBOX-013,MBOX-013,3,PICK_TUBE,input_box_1,C1,output_D,category_D_output_box,A3,-400.000,271.000,55.000,close,off,available,none,,placed_output,pick tube
forced_manual_review_full,forced_manual_review_full_0013_MBOX-013,MBOX-013,4,LIFT_TO_SAFE_Z,input_box_1,C1,output_D,category_D_output_box,A3,-400.000,271.000,200.000,hold,off,available,none,,placed_output,lift picked tube
forced_manual_review_full,forced_manual_review_full_0013_MBOX-013,MBOX-013,5,MOVE_SAFE_ABOVE_SCAN,input_box_1,C1,output_D,category_D_output_box,A3,-140.000,60.000,200.000,hold,off,available,none,,placed_output,move above scan station
forced_manual_review_full,forced_manual_review_full_0013_MBOX-013,MBOX-013,6,APPROACH_SCAN_STATION,input_box_1,C1,output_D,category_D_output_box,A3,-140.000,60.000,75.000,hold,off,available,none,,placed_output,approach scan station
forced_manual_review_full,forced_manual_review_full_0013_MBOX-013,MBOX-013,7,SCAN_BARCODE,input_box_1,C1,output_D,category_D_output_box,A3,-140.000,60.000,75.000,hold,scan,available,none,,placed_output,scan and classify
forced_manual_review_full,forced_manual_review_full_0013_MBOX-013,MBOX-013,8,LIFT_TO_SAFE_Z_AFTER_SCAN,input_box_1,C1,output_D,category_D_output_box,A3,-140.000,60.000,200.000,hold,off,available,none,,placed_output,lift after scan
forced_manual_review_full,forced_manual_review_full_0013_MBOX-013,MBOX-013,9,MOVE_SAFE_ABOVE_TARGET,input_box_1,C1,output_D,category_D_output_box,A3,356.000,2.000,200.000,hold,off,available,none,,placed_output,move above target
forced_manual_review_full,forced_manual_review_full_0013_MBOX-013,MBOX-013,10,APPROACH_TARGET_SLOT,input_box_1,C1,output_D,category_D_output_box,A3,356.000,2.000,130.000,hold,off,available,none,,placed_output,approach target slot
forced_manual_review_full,forced_manual_review_full_0013_MBOX-013,MBOX-013,11,PLACE_TUBE,input_box_1,C1,output_D,category_D_output_box,A3,356.000,2.000,45.000,open,off,available,none,,placed_output,place tube
forced_manual_review_full,forced_manual_review_full_0013_MBOX-013,MBOX-013,12,RETREAT_TO_SAFE_Z,input_box_1,C1,output_D,category_D_output_box,A3,356.000,2.000,200.000,open,off,available,none,,placed_output,retreat after place
forced_manual_review_full,forced_manual_review_full_0014_MBOX-014,MBOX-014,1,MOVE_SAFE_ABOVE_INPUT,input_box_1,C2,output_A,category_A_output_box,A4,-372.000,271.000,200.000,open,off,available,none,,placed_output,move to input safe height
forced_manual_review_full,forced_manual_review_full_0014_MBOX-014,MBOX-014,2,APPROACH_INPUT_SLOT,input_box_1,C2,output_A,category_A_output_box,A4,-372.000,271.000,130.000,open,off,available,none,,placed_output,approach input slot
forced_manual_review_full,forced_manual_review_full_0014_MBOX-014,MBOX-014,3,PICK_TUBE,input_box_1,C2,output_A,category_A_output_box,A4,-372.000,271.000,80.000,close,off,available,none,,placed_output,pick tube
forced_manual_review_full,forced_manual_review_full_0014_MBOX-014,MBOX-014,4,LIFT_TO_SAFE_Z,input_box_1,C2,output_A,category_A_output_box,A4,-372.000,271.000,200.000,hold,off,available,none,,placed_output,lift picked tube
forced_manual_review_full,forced_manual_review_full_0014_MBOX-014,MBOX-014,5,MOVE_SAFE_ABOVE_SCAN,input_box_1,C2,output_A,category_A_output_box,A4,-140.000,60.000,200.000,hold,off,available,none,,placed_output,move above scan station
forced_manual_review_full,forced_manual_review_full_0014_MBOX-014,MBOX-014,6,APPROACH_SCAN_STATION,input_box_1,C2,output_A,category_A_output_box,A4,-140.000,60.000,75.000,hold,off,available,none,,placed_output,approach scan station
forced_manual_review_full,forced_manual_review_full_0014_MBOX-014,MBOX-014,7,SCAN_BARCODE,input_box_1,C2,output_A,category_A_output_box,A4,-140.000,60.000,75.000,hold,scan,available,none,,placed_output,scan and classify
forced_manual_review_full,forced_manual_review_full_0014_MBOX-014,MBOX-014,8,LIFT_TO_SAFE_Z_AFTER_SCAN,input_box_1,C2,output_A,category_A_output_box,A4,-140.000,60.000,200.000,hold,off,available,none,,placed_output,lift after scan
forced_manual_review_full,forced_manual_review_full_0014_MBOX-014,MBOX-014,9,MOVE_SAFE_ABOVE_TARGET,input_box_1,C2,output_A,category_A_output_box,A4,174.000,212.000,200.000,hold,off,available,none,,placed_output,move above target
forced_manual_review_full,forced_manual_review_full_0014_MBOX-014,MBOX-014,10,APPROACH_TARGET_SLOT,input_box_1,C2,output_A,category_A_output_box,A4,174.000,212.000,130.000,hold,off,available,none,,placed_output,approach target slot
forced_manual_review_full,forced_manual_review_full_0014_MBOX-014,MBOX-014,11,PLACE_TUBE,input_box_1,C2,output_A,category_A_output_box,A4,174.000,212.000,70.000,open,off,available,none,,placed_output,place tube
forced_manual_review_full,forced_manual_review_full_0014_MBOX-014,MBOX-014,12,RETREAT_TO_SAFE_Z,input_box_1,C2,output_A,category_A_output_box,A4,174.000,212.000,200.000,open,off,available,none,,placed_output,retreat after place
forced_manual_review_full,forced_manual_review_full_0015_MBOX-015,MBOX-015,1,MOVE_SAFE_ABOVE_INPUT,input_box_1,C3,output_B,category_B_output_box,A4,-344.000,271.000,200.000,open,off,available,none,,placed_output,move to input safe height
forced_manual_review_full,forced_manual_review_full_0015_MBOX-015,MBOX-015,2,APPROACH_INPUT_SLOT,input_box_1,C3,output_B,category_B_output_box,A4,-344.000,271.000,130.000,open,off,available,none,,placed_output,approach input slot
forced_manual_review_full,forced_manual_review_full_0015_MBOX-015,MBOX-015,3,PICK_TUBE,input_box_1,C3,output_B,category_B_output_box,A4,-344.000,271.000,55.000,close,off,available,none,,placed_output,pick tube
forced_manual_review_full,forced_manual_review_full_0015_MBOX-015,MBOX-015,4,LIFT_TO_SAFE_Z,input_box_1,C3,output_B,category_B_output_box,A4,-344.000,271.000,200.000,hold,off,available,none,,placed_output,lift picked tube
forced_manual_review_full,forced_manual_review_full_0015_MBOX-015,MBOX-015,5,MOVE_SAFE_ABOVE_SCAN,input_box_1,C3,output_B,category_B_output_box,A4,-140.000,60.000,200.000,hold,off,available,none,,placed_output,move above scan station
forced_manual_review_full,forced_manual_review_full_0015_MBOX-015,MBOX-015,6,APPROACH_SCAN_STATION,input_box_1,C3,output_B,category_B_output_box,A4,-140.000,60.000,75.000,hold,off,available,none,,placed_output,approach scan station
forced_manual_review_full,forced_manual_review_full_0015_MBOX-015,MBOX-015,7,SCAN_BARCODE,input_box_1,C3,output_B,category_B_output_box,A4,-140.000,60.000,75.000,hold,scan,available,none,,placed_output,scan and classify
forced_manual_review_full,forced_manual_review_full_0015_MBOX-015,MBOX-015,8,LIFT_TO_SAFE_Z_AFTER_SCAN,input_box_1,C3,output_B,category_B_output_box,A4,-140.000,60.000,200.000,hold,off,available,none,,placed_output,lift after scan
forced_manual_review_full,forced_manual_review_full_0015_MBOX-015,MBOX-015,9,MOVE_SAFE_ABOVE_TARGET,input_box_1,C3,output_B,category_B_output_box,A4,384.000,212.000,200.000,hold,off,available,none,,placed_output,move above target
forced_manual_review_full,forced_manual_review_full_0015_MBOX-015,MBOX-015,10,APPROACH_TARGET_SLOT,input_box_1,C3,output_B,category_B_output_box,A4,384.000,212.000,130.000,hold,off,available,none,,placed_output,approach target slot
forced_manual_review_full,forced_manual_review_full_0015_MBOX-015,MBOX-015,11,PLACE_TUBE,input_box_1,C3,output_B,category_B_output_box,A4,384.000,212.000,45.000,open,off,available,none,,placed_output,place tube
forced_manual_review_full,forced_manual_review_full_0015_MBOX-015,MBOX-015,12,RETREAT_TO_SAFE_Z,input_box_1,C3,output_B,category_B_output_box,A4,384.000,212.000,200.000,open,off,available,none,,placed_output,retreat after place
forced_manual_review_full,forced_manual_review_full_0016_MBOX-016,MBOX-016,1,MOVE_SAFE_ABOVE_INPUT,input_box_1,C4,output_C,category_C_output_box,A4,-316.000,271.000,200.000,open,off,available,none,,placed_output,move to input safe height
forced_manual_review_full,forced_manual_review_full_0016_MBOX-016,MBOX-016,2,APPROACH_INPUT_SLOT,input_box_1,C4,output_C,category_C_output_box,A4,-316.000,271.000,130.000,open,off,available,none,,placed_output,approach input slot
forced_manual_review_full,forced_manual_review_full_0016_MBOX-016,MBOX-016,3,PICK_TUBE,input_box_1,C4,output_C,category_C_output_box,A4,-316.000,271.000,55.000,close,off,available,none,,placed_output,pick tube
forced_manual_review_full,forced_manual_review_full_0016_MBOX-016,MBOX-016,4,LIFT_TO_SAFE_Z,input_box_1,C4,output_C,category_C_output_box,A4,-316.000,271.000,200.000,hold,off,available,none,,placed_output,lift picked tube
forced_manual_review_full,forced_manual_review_full_0016_MBOX-016,MBOX-016,5,MOVE_SAFE_ABOVE_SCAN,input_box_1,C4,output_C,category_C_output_box,A4,-140.000,60.000,200.000,hold,off,available,none,,placed_output,move above scan station
forced_manual_review_full,forced_manual_review_full_0016_MBOX-016,MBOX-016,6,APPROACH_SCAN_STATION,input_box_1,C4,output_C,category_C_output_box,A4,-140.000,60.000,75.000,hold,off,available,none,,placed_output,approach scan station
forced_manual_review_full,forced_manual_review_full_0016_MBOX-016,MBOX-016,7,SCAN_BARCODE,input_box_1,C4,output_C,category_C_output_box,A4,-140.000,60.000,75.000,hold,scan,available,none,,placed_output,scan and classify
forced_manual_review_full,forced_manual_review_full_0016_MBOX-016,MBOX-016,8,LIFT_TO_SAFE_Z_AFTER_SCAN,input_box_1,C4,output_C,category_C_output_box,A4,-140.000,60.000,200.000,hold,off,available,none,,placed_output,lift after scan
forced_manual_review_full,forced_manual_review_full_0016_MBOX-016,MBOX-016,9,MOVE_SAFE_ABOVE_TARGET,input_box_1,C4,output_C,category_C_output_box,A4,174.000,2.000,200.000,hold,off,available,none,,placed_output,move above target
forced_manual_review_full,forced_manual_review_full_0016_MBOX-016,MBOX-016,10,APPROACH_TARGET_SLOT,input_box_1,C4,output_C,category_C_output_box,A4,174.000,2.000,130.000,hold,off,available,none,,placed_output,approach target slot
forced_manual_review_full,forced_manual_review_full_0016_MBOX-016,MBOX-016,11,PLACE_TUBE,input_box_1,C4,output_C,category_C_output_box,A4,174.000,2.000,45.000,open,off,available,none,,placed_output,place tube
forced_manual_review_full,forced_manual_review_full_0016_MBOX-016,MBOX-016,12,RETREAT_TO_SAFE_Z,input_box_1,C4,output_C,category_C_output_box,A4,174.000,2.000,200.000,open,off,available,none,,placed_output,retreat after place
forced_manual_review_full,forced_manual_review_full_0017_MBOX-017,MBOX-017,1,MOVE_SAFE_ABOVE_INPUT,input_box_1,C5,output_D,category_D_output_box,A4,-288.000,271.000,200.000,open,off,available,none,,placed_output,move to input safe height
forced_manual_review_full,forced_manual_review_full_0017_MBOX-017,MBOX-017,2,APPROACH_INPUT_SLOT,input_box_1,C5,output_D,category_D_output_box,A4,-288.000,271.000,130.000,open,off,available,none,,placed_output,approach input slot
forced_manual_review_full,forced_manual_review_full_0017_MBOX-017,MBOX-017,3,PICK_TUBE,input_box_1,C5,output_D,category_D_output_box,A4,-288.000,271.000,80.000,close,off,available,none,,placed_output,pick tube
forced_manual_review_full,forced_manual_review_full_0017_MBOX-017,MBOX-017,4,LIFT_TO_SAFE_Z,input_box_1,C5,output_D,category_D_output_box,A4,-288.000,271.000,200.000,hold,off,available,none,,placed_output,lift picked tube
forced_manual_review_full,forced_manual_review_full_0017_MBOX-017,MBOX-017,5,MOVE_SAFE_ABOVE_SCAN,input_box_1,C5,output_D,category_D_output_box,A4,-140.000,60.000,200.000,hold,off,available,none,,placed_output,move above scan station
forced_manual_review_full,forced_manual_review_full_0017_MBOX-017,MBOX-017,6,APPROACH_SCAN_STATION,input_box_1,C5,output_D,category_D_output_box,A4,-140.000,60.000,75.000,hold,off,available,none,,placed_output,approach scan station
forced_manual_review_full,forced_manual_review_full_0017_MBOX-017,MBOX-017,7,SCAN_BARCODE,input_box_1,C5,output_D,category_D_output_box,A4,-140.000,60.000,75.000,hold,scan,available,none,,placed_output,scan and classify
forced_manual_review_full,forced_manual_review_full_0017_MBOX-017,MBOX-017,8,LIFT_TO_SAFE_Z_AFTER_SCAN,input_box_1,C5,output_D,category_D_output_box,A4,-140.000,60.000,200.000,hold,off,available,none,,placed_output,lift after scan
forced_manual_review_full,forced_manual_review_full_0017_MBOX-017,MBOX-017,9,MOVE_SAFE_ABOVE_TARGET,input_box_1,C5,output_D,category_D_output_box,A4,384.000,2.000,200.000,hold,off,available,none,,placed_output,move above target
forced_manual_review_full,forced_manual_review_full_0017_MBOX-017,MBOX-017,10,APPROACH_TARGET_SLOT,input_box_1,C5,output_D,category_D_output_box,A4,384.000,2.000,130.000,hold,off,available,none,,placed_output,approach target slot
forced_manual_review_full,forced_manual_review_full_0017_MBOX-017,MBOX-017,11,PLACE_TUBE,input_box_1,C5,output_D,category_D_output_box,A4,384.000,2.000,70.000,open,off,available,none,,placed_output,place tube
forced_manual_review_full,forced_manual_review_full_0017_MBOX-017,MBOX-017,12,RETREAT_TO_SAFE_Z,input_box_1,C5,output_D,category_D_output_box,A4,384.000,2.000,200.000,open,off,available,none,,placed_output,retreat after place
forced_manual_review_full,forced_manual_review_full_0018_MBOX-018,MBOX-018,1,MOVE_SAFE_ABOVE_INPUT,input_box_1,C6,output_A,category_A_output_box,A5,-260.000,271.000,200.000,open,off,available,none,,placed_output,move to input safe height
forced_manual_review_full,forced_manual_review_full_0018_MBOX-018,MBOX-018,2,APPROACH_INPUT_SLOT,input_box_1,C6,output_A,category_A_output_box,A5,-260.000,271.000,130.000,open,off,available,none,,placed_output,approach input slot
forced_manual_review_full,forced_manual_review_full_0018_MBOX-018,MBOX-018,3,PICK_TUBE,input_box_1,C6,output_A,category_A_output_box,A5,-260.000,271.000,55.000,close,off,available,none,,placed_output,pick tube
forced_manual_review_full,forced_manual_review_full_0018_MBOX-018,MBOX-018,4,LIFT_TO_SAFE_Z,input_box_1,C6,output_A,category_A_output_box,A5,-260.000,271.000,200.000,hold,off,available,none,,placed_output,lift picked tube
forced_manual_review_full,forced_manual_review_full_0018_MBOX-018,MBOX-018,5,MOVE_SAFE_ABOVE_SCAN,input_box_1,C6,output_A,category_A_output_box,A5,-140.000,60.000,200.000,hold,off,available,none,,placed_output,move above scan station
forced_manual_review_full,forced_manual_review_full_0018_MBOX-018,MBOX-018,6,APPROACH_SCAN_STATION,input_box_1,C6,output_A,category_A_output_box,A5,-140.000,60.000,75.000,hold,off,available,none,,placed_output,approach scan station
forced_manual_review_full,forced_manual_review_full_0018_MBOX-018,MBOX-018,7,SCAN_BARCODE,input_box_1,C6,output_A,category_A_output_box,A5,-140.000,60.000,75.000,hold,scan,available,none,,placed_output,scan and classify
forced_manual_review_full,forced_manual_review_full_0018_MBOX-018,MBOX-018,8,LIFT_TO_SAFE_Z_AFTER_SCAN,input_box_1,C6,output_A,category_A_output_box,A5,-140.000,60.000,200.000,hold,off,available,none,,placed_output,lift after scan
forced_manual_review_full,forced_manual_review_full_0018_MBOX-018,MBOX-018,9,MOVE_SAFE_ABOVE_TARGET,input_box_1,C6,output_A,category_A_output_box,A5,202.000,212.000,200.000,hold,off,available,none,,placed_output,move above target
forced_manual_review_full,forced_manual_review_full_0018_MBOX-018,MBOX-018,10,APPROACH_TARGET_SLOT,input_box_1,C6,output_A,category_A_output_box,A5,202.000,212.000,130.000,hold,off,available,none,,placed_output,approach target slot
forced_manual_review_full,forced_manual_review_full_0018_MBOX-018,MBOX-018,11,PLACE_TUBE,input_box_1,C6,output_A,category_A_output_box,A5,202.000,212.000,45.000,open,off,available,none,,placed_output,place tube
forced_manual_review_full,forced_manual_review_full_0018_MBOX-018,MBOX-018,12,RETREAT_TO_SAFE_Z,input_box_1,C6,output_A,category_A_output_box,A5,202.000,212.000,200.000,open,off,available,none,,placed_output,retreat after place
forced_manual_review_full,forced_manual_review_full_0019_MBOX-019,MBOX-019,1,MOVE_SAFE_ABOVE_INPUT,input_box_1,D1,manual_review,manual_review_bin,A2,-400.000,243.000,200.000,open,off,not_applicable,none,,placed_manual_review,move to input safe height
forced_manual_review_full,forced_manual_review_full_0019_MBOX-019,MBOX-019,2,APPROACH_INPUT_SLOT,input_box_1,D1,manual_review,manual_review_bin,A2,-400.000,243.000,130.000,open,off,not_applicable,none,,placed_manual_review,approach input slot
forced_manual_review_full,forced_manual_review_full_0019_MBOX-019,MBOX-019,3,PICK_TUBE,input_box_1,D1,manual_review,manual_review_bin,A2,-400.000,243.000,55.000,close,off,not_applicable,none,,placed_manual_review,pick tube
forced_manual_review_full,forced_manual_review_full_0019_MBOX-019,MBOX-019,4,LIFT_TO_SAFE_Z,input_box_1,D1,manual_review,manual_review_bin,A2,-400.000,243.000,200.000,hold,off,not_applicable,none,,placed_manual_review,lift picked tube
forced_manual_review_full,forced_manual_review_full_0019_MBOX-019,MBOX-019,5,MOVE_SAFE_ABOVE_SCAN,input_box_1,D1,manual_review,manual_review_bin,A2,-140.000,60.000,200.000,hold,off,not_applicable,none,,placed_manual_review,move above scan station
forced_manual_review_full,forced_manual_review_full_0019_MBOX-019,MBOX-019,6,APPROACH_SCAN_STATION,input_box_1,D1,manual_review,manual_review_bin,A2,-140.000,60.000,75.000,hold,off,not_applicable,none,,placed_manual_review,approach scan station
forced_manual_review_full,forced_manual_review_full_0019_MBOX-019,MBOX-019,7,SCAN_BARCODE,input_box_1,D1,manual_review,manual_review_bin,A2,-140.000,60.000,75.000,hold,scan,not_applicable,none,,placed_manual_review,scan and classify
forced_manual_review_full,forced_manual_review_full_0019_MBOX-019,MBOX-019,8,LIFT_TO_SAFE_Z_AFTER_SCAN,input_box_1,D1,manual_review,manual_review_bin,A2,-140.000,60.000,200.000,hold,off,not_applicable,none,,placed_manual_review,lift after scan
forced_manual_review_full,forced_manual_review_full_0019_MBOX-019,MBOX-019,9,MOVE_SAFE_ABOVE_TARGET,input_box_1,D1,manual_review,manual_review_bin,A2,-180.000,-286.000,200.000,hold,off,not_applicable,none,,placed_manual_review,move above target
forced_manual_review_full,forced_manual_review_full_0019_MBOX-019,MBOX-019,10,APPROACH_TARGET_SLOT,input_box_1,D1,manual_review,manual_review_bin,A2,-180.000,-286.000,130.000,hold,off,not_applicable,none,,placed_manual_review,approach target slot
forced_manual_review_full,forced_manual_review_full_0019_MBOX-019,MBOX-019,11,PLACE_TUBE,input_box_1,D1,manual_review,manual_review_bin,A2,-180.000,-286.000,45.000,open,off,not_applicable,none,,placed_manual_review,place tube
forced_manual_review_full,forced_manual_review_full_0019_MBOX-019,MBOX-019,12,RETREAT_TO_SAFE_Z,input_box_1,D1,manual_review,manual_review_bin,A2,-180.000,-286.000,200.000,open,off,not_applicable,none,,placed_manual_review,retreat after place
forced_manual_review_full,forced_manual_review_full_0020_MBOX-020,MBOX-020,1,MOVE_SAFE_ABOVE_INPUT,input_box_1,D2,output_B,category_B_output_box,A5,-372.000,243.000,200.000,open,off,available,none,,placed_output,move to input safe height
forced_manual_review_full,forced_manual_review_full_0020_MBOX-020,MBOX-020,2,APPROACH_INPUT_SLOT,input_box_1,D2,output_B,category_B_output_box,A5,-372.000,243.000,130.000,open,off,available,none,,placed_output,approach input slot
forced_manual_review_full,forced_manual_review_full_0020_MBOX-020,MBOX-020,3,PICK_TUBE,input_box_1,D2,output_B,category_B_output_box,A5,-372.000,243.000,80.000,close,off,available,none,,placed_output,pick tube
forced_manual_review_full,forced_manual_review_full_0020_MBOX-020,MBOX-020,4,LIFT_TO_SAFE_Z,input_box_1,D2,output_B,category_B_output_box,A5,-372.000,243.000,200.000,hold,off,available,none,,placed_output,lift picked tube
forced_manual_review_full,forced_manual_review_full_0020_MBOX-020,MBOX-020,5,MOVE_SAFE_ABOVE_SCAN,input_box_1,D2,output_B,category_B_output_box,A5,-140.000,60.000,200.000,hold,off,available,none,,placed_output,move above scan station
forced_manual_review_full,forced_manual_review_full_0020_MBOX-020,MBOX-020,6,APPROACH_SCAN_STATION,input_box_1,D2,output_B,category_B_output_box,A5,-140.000,60.000,75.000,hold,off,available,none,,placed_output,approach scan station
forced_manual_review_full,forced_manual_review_full_0020_MBOX-020,MBOX-020,7,SCAN_BARCODE,input_box_1,D2,output_B,category_B_output_box,A5,-140.000,60.000,75.000,hold,scan,available,none,,placed_output,scan and classify
forced_manual_review_full,forced_manual_review_full_0020_MBOX-020,MBOX-020,8,LIFT_TO_SAFE_Z_AFTER_SCAN,input_box_1,D2,output_B,category_B_output_box,A5,-140.000,60.000,200.000,hold,off,available,none,,placed_output,lift after scan
forced_manual_review_full,forced_manual_review_full_0020_MBOX-020,MBOX-020,9,MOVE_SAFE_ABOVE_TARGET,input_box_1,D2,output_B,category_B_output_box,A5,412.000,212.000,200.000,hold,off,available,none,,placed_output,move above target
forced_manual_review_full,forced_manual_review_full_0020_MBOX-020,MBOX-020,10,APPROACH_TARGET_SLOT,input_box_1,D2,output_B,category_B_output_box,A5,412.000,212.000,130.000,hold,off,available,none,,placed_output,approach target slot
forced_manual_review_full,forced_manual_review_full_0020_MBOX-020,MBOX-020,11,PLACE_TUBE,input_box_1,D2,output_B,category_B_output_box,A5,412.000,212.000,70.000,open,off,available,none,,placed_output,place tube
forced_manual_review_full,forced_manual_review_full_0020_MBOX-020,MBOX-020,12,RETREAT_TO_SAFE_Z,input_box_1,D2,output_B,category_B_output_box,A5,412.000,212.000,200.000,open,off,available,none,,placed_output,retreat after place
forced_manual_review_full,forced_manual_review_full_0021_MBOX-021,MBOX-021,1,MOVE_SAFE_ABOVE_INPUT,input_box_1,D3,output_C,category_C_output_box,A5,-344.000,243.000,200.000,open,off,available,none,,placed_output,move to input safe height
forced_manual_review_full,forced_manual_review_full_0021_MBOX-021,MBOX-021,2,APPROACH_INPUT_SLOT,input_box_1,D3,output_C,category_C_output_box,A5,-344.000,243.000,130.000,open,off,available,none,,placed_output,approach input slot
forced_manual_review_full,forced_manual_review_full_0021_MBOX-021,MBOX-021,3,PICK_TUBE,input_box_1,D3,output_C,category_C_output_box,A5,-344.000,243.000,55.000,close,off,available,none,,placed_output,pick tube
forced_manual_review_full,forced_manual_review_full_0021_MBOX-021,MBOX-021,4,LIFT_TO_SAFE_Z,input_box_1,D3,output_C,category_C_output_box,A5,-344.000,243.000,200.000,hold,off,available,none,,placed_output,lift picked tube
forced_manual_review_full,forced_manual_review_full_0021_MBOX-021,MBOX-021,5,MOVE_SAFE_ABOVE_SCAN,input_box_1,D3,output_C,category_C_output_box,A5,-140.000,60.000,200.000,hold,off,available,none,,placed_output,move above scan station
forced_manual_review_full,forced_manual_review_full_0021_MBOX-021,MBOX-021,6,APPROACH_SCAN_STATION,input_box_1,D3,output_C,category_C_output_box,A5,-140.000,60.000,75.000,hold,off,available,none,,placed_output,approach scan station
forced_manual_review_full,forced_manual_review_full_0021_MBOX-021,MBOX-021,7,SCAN_BARCODE,input_box_1,D3,output_C,category_C_output_box,A5,-140.000,60.000,75.000,hold,scan,available,none,,placed_output,scan and classify
forced_manual_review_full,forced_manual_review_full_0021_MBOX-021,MBOX-021,8,LIFT_TO_SAFE_Z_AFTER_SCAN,input_box_1,D3,output_C,category_C_output_box,A5,-140.000,60.000,200.000,hold,off,available,none,,placed_output,lift after scan
forced_manual_review_full,forced_manual_review_full_0021_MBOX-021,MBOX-021,9,MOVE_SAFE_ABOVE_TARGET,input_box_1,D3,output_C,category_C_output_box,A5,202.000,2.000,200.000,hold,off,available,none,,placed_output,move above target
forced_manual_review_full,forced_manual_review_full_0021_MBOX-021,MBOX-021,10,APPROACH_TARGET_SLOT,input_box_1,D3,output_C,category_C_output_box,A5,202.000,2.000,130.000,hold,off,available,none,,placed_output,approach target slot
forced_manual_review_full,forced_manual_review_full_0021_MBOX-021,MBOX-021,11,PLACE_TUBE,input_box_1,D3,output_C,category_C_output_box,A5,202.000,2.000,45.000,open,off,available,none,,placed_output,place tube
forced_manual_review_full,forced_manual_review_full_0021_MBOX-021,MBOX-021,12,RETREAT_TO_SAFE_Z,input_box_1,D3,output_C,category_C_output_box,A5,202.000,2.000,200.000,open,off,available,none,,placed_output,retreat after place
forced_manual_review_full,forced_manual_review_full_0022_MBOX-022,MBOX-022,1,MOVE_SAFE_ABOVE_INPUT,input_box_1,D4,output_D,category_D_output_box,A5,-316.000,243.000,200.000,open,off,available,none,,placed_output,move to input safe height
forced_manual_review_full,forced_manual_review_full_0022_MBOX-022,MBOX-022,2,APPROACH_INPUT_SLOT,input_box_1,D4,output_D,category_D_output_box,A5,-316.000,243.000,130.000,open,off,available,none,,placed_output,approach input slot
forced_manual_review_full,forced_manual_review_full_0022_MBOX-022,MBOX-022,3,PICK_TUBE,input_box_1,D4,output_D,category_D_output_box,A5,-316.000,243.000,55.000,close,off,available,none,,placed_output,pick tube
forced_manual_review_full,forced_manual_review_full_0022_MBOX-022,MBOX-022,4,LIFT_TO_SAFE_Z,input_box_1,D4,output_D,category_D_output_box,A5,-316.000,243.000,200.000,hold,off,available,none,,placed_output,lift picked tube
forced_manual_review_full,forced_manual_review_full_0022_MBOX-022,MBOX-022,5,MOVE_SAFE_ABOVE_SCAN,input_box_1,D4,output_D,category_D_output_box,A5,-140.000,60.000,200.000,hold,off,available,none,,placed_output,move above scan station
forced_manual_review_full,forced_manual_review_full_0022_MBOX-022,MBOX-022,6,APPROACH_SCAN_STATION,input_box_1,D4,output_D,category_D_output_box,A5,-140.000,60.000,75.000,hold,off,available,none,,placed_output,approach scan station
forced_manual_review_full,forced_manual_review_full_0022_MBOX-022,MBOX-022,7,SCAN_BARCODE,input_box_1,D4,output_D,category_D_output_box,A5,-140.000,60.000,75.000,hold,scan,available,none,,placed_output,scan and classify
forced_manual_review_full,forced_manual_review_full_0022_MBOX-022,MBOX-022,8,LIFT_TO_SAFE_Z_AFTER_SCAN,input_box_1,D4,output_D,category_D_output_box,A5,-140.000,60.000,200.000,hold,off,available,none,,placed_output,lift after scan
forced_manual_review_full,forced_manual_review_full_0022_MBOX-022,MBOX-022,9,MOVE_SAFE_ABOVE_TARGET,input_box_1,D4,output_D,category_D_output_box,A5,412.000,2.000,200.000,hold,off,available,none,,placed_output,move above target
forced_manual_review_full,forced_manual_review_full_0022_MBOX-022,MBOX-022,10,APPROACH_TARGET_SLOT,input_box_1,D4,output_D,category_D_output_box,A5,412.000,2.000,130.000,hold,off,available,none,,placed_output,approach target slot
forced_manual_review_full,forced_manual_review_full_0022_MBOX-022,MBOX-022,11,PLACE_TUBE,input_box_1,D4,output_D,category_D_output_box,A5,412.000,2.000,45.000,open,off,available,none,,placed_output,place tube
forced_manual_review_full,forced_manual_review_full_0022_MBOX-022,MBOX-022,12,RETREAT_TO_SAFE_Z,input_box_1,D4,output_D,category_D_output_box,A5,412.000,2.000,200.000,open,off,available,none,,placed_output,retreat after place
forced_manual_review_full,forced_manual_review_full_0023_MBOX-023,MBOX-023,1,MOVE_SAFE_ABOVE_INPUT,input_box_1,D5,output_A,category_A_output_box,A6,-288.000,243.000,200.000,open,off,available,none,,placed_output,move to input safe height
forced_manual_review_full,forced_manual_review_full_0023_MBOX-023,MBOX-023,2,APPROACH_INPUT_SLOT,input_box_1,D5,output_A,category_A_output_box,A6,-288.000,243.000,130.000,open,off,available,none,,placed_output,approach input slot
forced_manual_review_full,forced_manual_review_full_0023_MBOX-023,MBOX-023,3,PICK_TUBE,input_box_1,D5,output_A,category_A_output_box,A6,-288.000,243.000,80.000,close,off,available,none,,placed_output,pick tube
forced_manual_review_full,forced_manual_review_full_0023_MBOX-023,MBOX-023,4,LIFT_TO_SAFE_Z,input_box_1,D5,output_A,category_A_output_box,A6,-288.000,243.000,200.000,hold,off,available,none,,placed_output,lift picked tube
forced_manual_review_full,forced_manual_review_full_0023_MBOX-023,MBOX-023,5,MOVE_SAFE_ABOVE_SCAN,input_box_1,D5,output_A,category_A_output_box,A6,-140.000,60.000,200.000,hold,off,available,none,,placed_output,move above scan station
forced_manual_review_full,forced_manual_review_full_0023_MBOX-023,MBOX-023,6,APPROACH_SCAN_STATION,input_box_1,D5,output_A,category_A_output_box,A6,-140.000,60.000,75.000,hold,off,available,none,,placed_output,approach scan station
forced_manual_review_full,forced_manual_review_full_0023_MBOX-023,MBOX-023,7,SCAN_BARCODE,input_box_1,D5,output_A,category_A_output_box,A6,-140.000,60.000,75.000,hold,scan,available,none,,placed_output,scan and classify
forced_manual_review_full,forced_manual_review_full_0023_MBOX-023,MBOX-023,8,LIFT_TO_SAFE_Z_AFTER_SCAN,input_box_1,D5,output_A,category_A_output_box,A6,-140.000,60.000,200.000,hold,off,available,none,,placed_output,lift after scan
forced_manual_review_full,forced_manual_review_full_0023_MBOX-023,MBOX-023,9,MOVE_SAFE_ABOVE_TARGET,input_box_1,D5,output_A,category_A_output_box,A6,230.000,212.000,200.000,hold,off,available,none,,placed_output,move above target
forced_manual_review_full,forced_manual_review_full_0023_MBOX-023,MBOX-023,10,APPROACH_TARGET_SLOT,input_box_1,D5,output_A,category_A_output_box,A6,230.000,212.000,130.000,hold,off,available,none,,placed_output,approach target slot
forced_manual_review_full,forced_manual_review_full_0023_MBOX-023,MBOX-023,11,PLACE_TUBE,input_box_1,D5,output_A,category_A_output_box,A6,230.000,212.000,70.000,open,off,available,none,,placed_output,place tube
forced_manual_review_full,forced_manual_review_full_0023_MBOX-023,MBOX-023,12,RETREAT_TO_SAFE_Z,input_box_1,D5,output_A,category_A_output_box,A6,230.000,212.000,200.000,open,off,available,none,,placed_output,retreat after place
forced_manual_review_full,forced_manual_review_full_0024_MBOX-024,MBOX-024,1,MOVE_SAFE_ABOVE_INPUT,input_box_1,D6,output_B,category_B_output_box,A6,-260.000,243.000,200.000,open,off,available,none,,placed_output,move to input safe height
forced_manual_review_full,forced_manual_review_full_0024_MBOX-024,MBOX-024,2,APPROACH_INPUT_SLOT,input_box_1,D6,output_B,category_B_output_box,A6,-260.000,243.000,130.000,open,off,available,none,,placed_output,approach input slot
forced_manual_review_full,forced_manual_review_full_0024_MBOX-024,MBOX-024,3,PICK_TUBE,input_box_1,D6,output_B,category_B_output_box,A6,-260.000,243.000,55.000,close,off,available,none,,placed_output,pick tube
forced_manual_review_full,forced_manual_review_full_0024_MBOX-024,MBOX-024,4,LIFT_TO_SAFE_Z,input_box_1,D6,output_B,category_B_output_box,A6,-260.000,243.000,200.000,hold,off,available,none,,placed_output,lift picked tube
forced_manual_review_full,forced_manual_review_full_0024_MBOX-024,MBOX-024,5,MOVE_SAFE_ABOVE_SCAN,input_box_1,D6,output_B,category_B_output_box,A6,-140.000,60.000,200.000,hold,off,available,none,,placed_output,move above scan station
forced_manual_review_full,forced_manual_review_full_0024_MBOX-024,MBOX-024,6,APPROACH_SCAN_STATION,input_box_1,D6,output_B,category_B_output_box,A6,-140.000,60.000,75.000,hold,off,available,none,,placed_output,approach scan station
forced_manual_review_full,forced_manual_review_full_0024_MBOX-024,MBOX-024,7,SCAN_BARCODE,input_box_1,D6,output_B,category_B_output_box,A6,-140.000,60.000,75.000,hold,scan,available,none,,placed_output,scan and classify
forced_manual_review_full,forced_manual_review_full_0024_MBOX-024,MBOX-024,8,LIFT_TO_SAFE_Z_AFTER_SCAN,input_box_1,D6,output_B,category_B_output_box,A6,-140.000,60.000,200.000,hold,off,available,none,,placed_output,lift after scan
forced_manual_review_full,forced_manual_review_full_0024_MBOX-024,MBOX-024,9,MOVE_SAFE_ABOVE_TARGET,input_box_1,D6,output_B,category_B_output_box,A6,440.000,212.000,200.000,hold,off,available,none,,placed_output,move above target
forced_manual_review_full,forced_manual_review_full_0024_MBOX-024,MBOX-024,10,APPROACH_TARGET_SLOT,input_box_1,D6,output_B,category_B_output_box,A6,440.000,212.000,130.000,hold,off,available,none,,placed_output,approach target slot
forced_manual_review_full,forced_manual_review_full_0024_MBOX-024,MBOX-024,11,PLACE_TUBE,input_box_1,D6,output_B,category_B_output_box,A6,440.000,212.000,45.000,open,off,available,none,,placed_output,place tube
forced_manual_review_full,forced_manual_review_full_0024_MBOX-024,MBOX-024,12,RETREAT_TO_SAFE_Z,input_box_1,D6,output_B,category_B_output_box,A6,440.000,212.000,200.000,open,off,available,none,,placed_output,retreat after place
forced_manual_review_full,forced_manual_review_full_0025_MBOX-025,MBOX-025,1,MOVE_SAFE_ABOVE_INPUT,input_box_2,A1,output_C,category_C_output_box,A6,-400.000,197.000,200.000,open,off,available,none,,placed_output,move to input safe height
forced_manual_review_full,forced_manual_review_full_0025_MBOX-025,MBOX-025,2,APPROACH_INPUT_SLOT,input_box_2,A1,output_C,category_C_output_box,A6,-400.000,197.000,130.000,open,off,available,none,,placed_output,approach input slot
forced_manual_review_full,forced_manual_review_full_0025_MBOX-025,MBOX-025,3,PICK_TUBE,input_box_2,A1,output_C,category_C_output_box,A6,-400.000,197.000,55.000,close,off,available,none,,placed_output,pick tube
forced_manual_review_full,forced_manual_review_full_0025_MBOX-025,MBOX-025,4,LIFT_TO_SAFE_Z,input_box_2,A1,output_C,category_C_output_box,A6,-400.000,197.000,200.000,hold,off,available,none,,placed_output,lift picked tube
forced_manual_review_full,forced_manual_review_full_0025_MBOX-025,MBOX-025,5,MOVE_SAFE_ABOVE_SCAN,input_box_2,A1,output_C,category_C_output_box,A6,-140.000,60.000,200.000,hold,off,available,none,,placed_output,move above scan station
forced_manual_review_full,forced_manual_review_full_0025_MBOX-025,MBOX-025,6,APPROACH_SCAN_STATION,input_box_2,A1,output_C,category_C_output_box,A6,-140.000,60.000,75.000,hold,off,available,none,,placed_output,approach scan station
forced_manual_review_full,forced_manual_review_full_0025_MBOX-025,MBOX-025,7,SCAN_BARCODE,input_box_2,A1,output_C,category_C_output_box,A6,-140.000,60.000,75.000,hold,scan,available,none,,placed_output,scan and classify
forced_manual_review_full,forced_manual_review_full_0025_MBOX-025,MBOX-025,8,LIFT_TO_SAFE_Z_AFTER_SCAN,input_box_2,A1,output_C,category_C_output_box,A6,-140.000,60.000,200.000,hold,off,available,none,,placed_output,lift after scan
forced_manual_review_full,forced_manual_review_full_0025_MBOX-025,MBOX-025,9,MOVE_SAFE_ABOVE_TARGET,input_box_2,A1,output_C,category_C_output_box,A6,230.000,2.000,200.000,hold,off,available,none,,placed_output,move above target
forced_manual_review_full,forced_manual_review_full_0025_MBOX-025,MBOX-025,10,APPROACH_TARGET_SLOT,input_box_2,A1,output_C,category_C_output_box,A6,230.000,2.000,130.000,hold,off,available,none,,placed_output,approach target slot
forced_manual_review_full,forced_manual_review_full_0025_MBOX-025,MBOX-025,11,PLACE_TUBE,input_box_2,A1,output_C,category_C_output_box,A6,230.000,2.000,45.000,open,off,available,none,,placed_output,place tube
forced_manual_review_full,forced_manual_review_full_0025_MBOX-025,MBOX-025,12,RETREAT_TO_SAFE_Z,input_box_2,A1,output_C,category_C_output_box,A6,230.000,2.000,200.000,open,off,available,none,,placed_output,retreat after place
forced_manual_review_full,forced_manual_review_full_0026_MBOX-026,MBOX-026,1,MOVE_SAFE_ABOVE_INPUT,input_box_2,A2,output_D,category_D_output_box,A6,-372.000,197.000,200.000,open,off,available,none,,placed_output,move to input safe height
forced_manual_review_full,forced_manual_review_full_0026_MBOX-026,MBOX-026,2,APPROACH_INPUT_SLOT,input_box_2,A2,output_D,category_D_output_box,A6,-372.000,197.000,130.000,open,off,available,none,,placed_output,approach input slot
forced_manual_review_full,forced_manual_review_full_0026_MBOX-026,MBOX-026,3,PICK_TUBE,input_box_2,A2,output_D,category_D_output_box,A6,-372.000,197.000,80.000,close,off,available,none,,placed_output,pick tube
forced_manual_review_full,forced_manual_review_full_0026_MBOX-026,MBOX-026,4,LIFT_TO_SAFE_Z,input_box_2,A2,output_D,category_D_output_box,A6,-372.000,197.000,200.000,hold,off,available,none,,placed_output,lift picked tube
forced_manual_review_full,forced_manual_review_full_0026_MBOX-026,MBOX-026,5,MOVE_SAFE_ABOVE_SCAN,input_box_2,A2,output_D,category_D_output_box,A6,-140.000,60.000,200.000,hold,off,available,none,,placed_output,move above scan station
forced_manual_review_full,forced_manual_review_full_0026_MBOX-026,MBOX-026,6,APPROACH_SCAN_STATION,input_box_2,A2,output_D,category_D_output_box,A6,-140.000,60.000,75.000,hold,off,available,none,,placed_output,approach scan station
forced_manual_review_full,forced_manual_review_full_0026_MBOX-026,MBOX-026,7,SCAN_BARCODE,input_box_2,A2,output_D,category_D_output_box,A6,-140.000,60.000,75.000,hold,scan,available,none,,placed_output,scan and classify
forced_manual_review_full,forced_manual_review_full_0026_MBOX-026,MBOX-026,8,LIFT_TO_SAFE_Z_AFTER_SCAN,input_box_2,A2,output_D,category_D_output_box,A6,-140.000,60.000,200.000,hold,off,available,none,,placed_output,lift after scan
forced_manual_review_full,forced_manual_review_full_0026_MBOX-026,MBOX-026,9,MOVE_SAFE_ABOVE_TARGET,input_box_2,A2,output_D,category_D_output_box,A6,440.000,2.000,200.000,hold,off,available,none,,placed_output,move above target
forced_manual_review_full,forced_manual_review_full_0026_MBOX-026,MBOX-026,10,APPROACH_TARGET_SLOT,input_box_2,A2,output_D,category_D_output_box,A6,440.000,2.000,130.000,hold,off,available,none,,placed_output,approach target slot
forced_manual_review_full,forced_manual_review_full_0026_MBOX-026,MBOX-026,11,PLACE_TUBE,input_box_2,A2,output_D,category_D_output_box,A6,440.000,2.000,70.000,open,off,available,none,,placed_output,place tube
forced_manual_review_full,forced_manual_review_full_0026_MBOX-026,MBOX-026,12,RETREAT_TO_SAFE_Z,input_box_2,A2,output_D,category_D_output_box,A6,440.000,2.000,200.000,open,off,available,none,,placed_output,retreat after place
forced_manual_review_full,forced_manual_review_full_0027_MBOX-027,MBOX-027,1,MOVE_SAFE_ABOVE_INPUT,input_box_2,A3,output_A,category_A_output_box,B1,-344.000,197.000,200.000,open,off,available,none,,placed_output,move to input safe height
forced_manual_review_full,forced_manual_review_full_0027_MBOX-027,MBOX-027,2,APPROACH_INPUT_SLOT,input_box_2,A3,output_A,category_A_output_box,B1,-344.000,197.000,130.000,open,off,available,none,,placed_output,approach input slot
forced_manual_review_full,forced_manual_review_full_0027_MBOX-027,MBOX-027,3,PICK_TUBE,input_box_2,A3,output_A,category_A_output_box,B1,-344.000,197.000,55.000,close,off,available,none,,placed_output,pick tube
forced_manual_review_full,forced_manual_review_full_0027_MBOX-027,MBOX-027,4,LIFT_TO_SAFE_Z,input_box_2,A3,output_A,category_A_output_box,B1,-344.000,197.000,200.000,hold,off,available,none,,placed_output,lift picked tube
forced_manual_review_full,forced_manual_review_full_0027_MBOX-027,MBOX-027,5,MOVE_SAFE_ABOVE_SCAN,input_box_2,A3,output_A,category_A_output_box,B1,-140.000,60.000,200.000,hold,off,available,none,,placed_output,move above scan station
forced_manual_review_full,forced_manual_review_full_0027_MBOX-027,MBOX-027,6,APPROACH_SCAN_STATION,input_box_2,A3,output_A,category_A_output_box,B1,-140.000,60.000,75.000,hold,off,available,none,,placed_output,approach scan station
forced_manual_review_full,forced_manual_review_full_0027_MBOX-027,MBOX-027,7,SCAN_BARCODE,input_box_2,A3,output_A,category_A_output_box,B1,-140.000,60.000,75.000,hold,scan,available,none,,placed_output,scan and classify
forced_manual_review_full,forced_manual_review_full_0027_MBOX-027,MBOX-027,8,LIFT_TO_SAFE_Z_AFTER_SCAN,input_box_2,A3,output_A,category_A_output_box,B1,-140.000,60.000,200.000,hold,off,available,none,,placed_output,lift after scan
forced_manual_review_full,forced_manual_review_full_0027_MBOX-027,MBOX-027,9,MOVE_SAFE_ABOVE_TARGET,input_box_2,A3,output_A,category_A_output_box,B1,90.000,184.000,200.000,hold,off,available,none,,placed_output,move above target
forced_manual_review_full,forced_manual_review_full_0027_MBOX-027,MBOX-027,10,APPROACH_TARGET_SLOT,input_box_2,A3,output_A,category_A_output_box,B1,90.000,184.000,130.000,hold,off,available,none,,placed_output,approach target slot
forced_manual_review_full,forced_manual_review_full_0027_MBOX-027,MBOX-027,11,PLACE_TUBE,input_box_2,A3,output_A,category_A_output_box,B1,90.000,184.000,45.000,open,off,available,none,,placed_output,place tube
forced_manual_review_full,forced_manual_review_full_0027_MBOX-027,MBOX-027,12,RETREAT_TO_SAFE_Z,input_box_2,A3,output_A,category_A_output_box,B1,90.000,184.000,200.000,open,off,available,none,,placed_output,retreat after place
forced_manual_review_full,forced_manual_review_full_0028_MBOX-028,MBOX-028,1,MOVE_SAFE_ABOVE_INPUT,input_box_2,A4,output_B,category_B_output_box,B1,-316.000,197.000,200.000,open,off,available,none,,placed_output,move to input safe height
forced_manual_review_full,forced_manual_review_full_0028_MBOX-028,MBOX-028,2,APPROACH_INPUT_SLOT,input_box_2,A4,output_B,category_B_output_box,B1,-316.000,197.000,130.000,open,off,available,none,,placed_output,approach input slot
forced_manual_review_full,forced_manual_review_full_0028_MBOX-028,MBOX-028,3,PICK_TUBE,input_box_2,A4,output_B,category_B_output_box,B1,-316.000,197.000,55.000,close,off,available,none,,placed_output,pick tube
forced_manual_review_full,forced_manual_review_full_0028_MBOX-028,MBOX-028,4,LIFT_TO_SAFE_Z,input_box_2,A4,output_B,category_B_output_box,B1,-316.000,197.000,200.000,hold,off,available,none,,placed_output,lift picked tube
forced_manual_review_full,forced_manual_review_full_0028_MBOX-028,MBOX-028,5,MOVE_SAFE_ABOVE_SCAN,input_box_2,A4,output_B,category_B_output_box,B1,-140.000,60.000,200.000,hold,off,available,none,,placed_output,move above scan station
forced_manual_review_full,forced_manual_review_full_0028_MBOX-028,MBOX-028,6,APPROACH_SCAN_STATION,input_box_2,A4,output_B,category_B_output_box,B1,-140.000,60.000,75.000,hold,off,available,none,,placed_output,approach scan station
forced_manual_review_full,forced_manual_review_full_0028_MBOX-028,MBOX-028,7,SCAN_BARCODE,input_box_2,A4,output_B,category_B_output_box,B1,-140.000,60.000,75.000,hold,scan,available,none,,placed_output,scan and classify
forced_manual_review_full,forced_manual_review_full_0028_MBOX-028,MBOX-028,8,LIFT_TO_SAFE_Z_AFTER_SCAN,input_box_2,A4,output_B,category_B_output_box,B1,-140.000,60.000,200.000,hold,off,available,none,,placed_output,lift after scan
forced_manual_review_full,forced_manual_review_full_0028_MBOX-028,MBOX-028,9,MOVE_SAFE_ABOVE_TARGET,input_box_2,A4,output_B,category_B_output_box,B1,300.000,184.000,200.000,hold,off,available,none,,placed_output,move above target
forced_manual_review_full,forced_manual_review_full_0028_MBOX-028,MBOX-028,10,APPROACH_TARGET_SLOT,input_box_2,A4,output_B,category_B_output_box,B1,300.000,184.000,130.000,hold,off,available,none,,placed_output,approach target slot
forced_manual_review_full,forced_manual_review_full_0028_MBOX-028,MBOX-028,11,PLACE_TUBE,input_box_2,A4,output_B,category_B_output_box,B1,300.000,184.000,45.000,open,off,available,none,,placed_output,place tube
forced_manual_review_full,forced_manual_review_full_0028_MBOX-028,MBOX-028,12,RETREAT_TO_SAFE_Z,input_box_2,A4,output_B,category_B_output_box,B1,300.000,184.000,200.000,open,off,available,none,,placed_output,retreat after place
forced_manual_review_full,forced_manual_review_full_0029_MBOX-029,MBOX-029,1,MOVE_SAFE_ABOVE_INPUT,input_box_2,A5,output_C,category_C_output_box,B1,-288.000,197.000,200.000,open,off,available,none,,placed_output,move to input safe height
forced_manual_review_full,forced_manual_review_full_0029_MBOX-029,MBOX-029,2,APPROACH_INPUT_SLOT,input_box_2,A5,output_C,category_C_output_box,B1,-288.000,197.000,130.000,open,off,available,none,,placed_output,approach input slot
forced_manual_review_full,forced_manual_review_full_0029_MBOX-029,MBOX-029,3,PICK_TUBE,input_box_2,A5,output_C,category_C_output_box,B1,-288.000,197.000,80.000,close,off,available,none,,placed_output,pick tube
forced_manual_review_full,forced_manual_review_full_0029_MBOX-029,MBOX-029,4,LIFT_TO_SAFE_Z,input_box_2,A5,output_C,category_C_output_box,B1,-288.000,197.000,200.000,hold,off,available,none,,placed_output,lift picked tube
forced_manual_review_full,forced_manual_review_full_0029_MBOX-029,MBOX-029,5,MOVE_SAFE_ABOVE_SCAN,input_box_2,A5,output_C,category_C_output_box,B1,-140.000,60.000,200.000,hold,off,available,none,,placed_output,move above scan station
forced_manual_review_full,forced_manual_review_full_0029_MBOX-029,MBOX-029,6,APPROACH_SCAN_STATION,input_box_2,A5,output_C,category_C_output_box,B1,-140.000,60.000,75.000,hold,off,available,none,,placed_output,approach scan station
forced_manual_review_full,forced_manual_review_full_0029_MBOX-029,MBOX-029,7,SCAN_BARCODE,input_box_2,A5,output_C,category_C_output_box,B1,-140.000,60.000,75.000,hold,scan,available,none,,placed_output,scan and classify
forced_manual_review_full,forced_manual_review_full_0029_MBOX-029,MBOX-029,8,LIFT_TO_SAFE_Z_AFTER_SCAN,input_box_2,A5,output_C,category_C_output_box,B1,-140.000,60.000,200.000,hold,off,available,none,,placed_output,lift after scan
forced_manual_review_full,forced_manual_review_full_0029_MBOX-029,MBOX-029,9,MOVE_SAFE_ABOVE_TARGET,input_box_2,A5,output_C,category_C_output_box,B1,90.000,-26.000,200.000,hold,off,available,none,,placed_output,move above target
forced_manual_review_full,forced_manual_review_full_0029_MBOX-029,MBOX-029,10,APPROACH_TARGET_SLOT,input_box_2,A5,output_C,category_C_output_box,B1,90.000,-26.000,130.000,hold,off,available,none,,placed_output,approach target slot
forced_manual_review_full,forced_manual_review_full_0029_MBOX-029,MBOX-029,11,PLACE_TUBE,input_box_2,A5,output_C,category_C_output_box,B1,90.000,-26.000,70.000,open,off,available,none,,placed_output,place tube
forced_manual_review_full,forced_manual_review_full_0029_MBOX-029,MBOX-029,12,RETREAT_TO_SAFE_Z,input_box_2,A5,output_C,category_C_output_box,B1,90.000,-26.000,200.000,open,off,available,none,,placed_output,retreat after place
forced_manual_review_full,forced_manual_review_full_0030_MBOX-030,MBOX-030,1,MOVE_SAFE_ABOVE_INPUT,input_box_2,A6,output_D,category_D_output_box,B1,-260.000,197.000,200.000,open,off,available,none,,placed_output,move to input safe height
forced_manual_review_full,forced_manual_review_full_0030_MBOX-030,MBOX-030,2,APPROACH_INPUT_SLOT,input_box_2,A6,output_D,category_D_output_box,B1,-260.000,197.000,130.000,open,off,available,none,,placed_output,approach input slot
forced_manual_review_full,forced_manual_review_full_0030_MBOX-030,MBOX-030,3,PICK_TUBE,input_box_2,A6,output_D,category_D_output_box,B1,-260.000,197.000,55.000,close,off,available,none,,placed_output,pick tube
forced_manual_review_full,forced_manual_review_full_0030_MBOX-030,MBOX-030,4,LIFT_TO_SAFE_Z,input_box_2,A6,output_D,category_D_output_box,B1,-260.000,197.000,200.000,hold,off,available,none,,placed_output,lift picked tube
forced_manual_review_full,forced_manual_review_full_0030_MBOX-030,MBOX-030,5,MOVE_SAFE_ABOVE_SCAN,input_box_2,A6,output_D,category_D_output_box,B1,-140.000,60.000,200.000,hold,off,available,none,,placed_output,move above scan station
forced_manual_review_full,forced_manual_review_full_0030_MBOX-030,MBOX-030,6,APPROACH_SCAN_STATION,input_box_2,A6,output_D,category_D_output_box,B1,-140.000,60.000,75.000,hold,off,available,none,,placed_output,approach scan station
forced_manual_review_full,forced_manual_review_full_0030_MBOX-030,MBOX-030,7,SCAN_BARCODE,input_box_2,A6,output_D,category_D_output_box,B1,-140.000,60.000,75.000,hold,scan,available,none,,placed_output,scan and classify
forced_manual_review_full,forced_manual_review_full_0030_MBOX-030,MBOX-030,8,LIFT_TO_SAFE_Z_AFTER_SCAN,input_box_2,A6,output_D,category_D_output_box,B1,-140.000,60.000,200.000,hold,off,available,none,,placed_output,lift after scan
forced_manual_review_full,forced_manual_review_full_0030_MBOX-030,MBOX-030,9,MOVE_SAFE_ABOVE_TARGET,input_box_2,A6,output_D,category_D_output_box,B1,300.000,-26.000,200.000,hold,off,available,none,,placed_output,move above target
forced_manual_review_full,forced_manual_review_full_0030_MBOX-030,MBOX-030,10,APPROACH_TARGET_SLOT,input_box_2,A6,output_D,category_D_output_box,B1,300.000,-26.000,130.000,hold,off,available,none,,placed_output,approach target slot
forced_manual_review_full,forced_manual_review_full_0030_MBOX-030,MBOX-030,11,PLACE_TUBE,input_box_2,A6,output_D,category_D_output_box,B1,300.000,-26.000,45.000,open,off,available,none,,placed_output,place tube
forced_manual_review_full,forced_manual_review_full_0030_MBOX-030,MBOX-030,12,RETREAT_TO_SAFE_Z,input_box_2,A6,output_D,category_D_output_box,B1,300.000,-26.000,200.000,open,off,available,none,,placed_output,retreat after place
forced_manual_review_full,forced_manual_review_full_0031_MBOX-031,MBOX-031,1,MOVE_SAFE_ABOVE_INPUT,input_box_2,B1,output_A,category_A_output_box,B2,-400.000,169.000,200.000,open,off,available,none,,placed_output,move to input safe height
forced_manual_review_full,forced_manual_review_full_0031_MBOX-031,MBOX-031,2,APPROACH_INPUT_SLOT,input_box_2,B1,output_A,category_A_output_box,B2,-400.000,169.000,130.000,open,off,available,none,,placed_output,approach input slot
forced_manual_review_full,forced_manual_review_full_0031_MBOX-031,MBOX-031,3,PICK_TUBE,input_box_2,B1,output_A,category_A_output_box,B2,-400.000,169.000,55.000,close,off,available,none,,placed_output,pick tube
forced_manual_review_full,forced_manual_review_full_0031_MBOX-031,MBOX-031,4,LIFT_TO_SAFE_Z,input_box_2,B1,output_A,category_A_output_box,B2,-400.000,169.000,200.000,hold,off,available,none,,placed_output,lift picked tube
forced_manual_review_full,forced_manual_review_full_0031_MBOX-031,MBOX-031,5,MOVE_SAFE_ABOVE_SCAN,input_box_2,B1,output_A,category_A_output_box,B2,-140.000,60.000,200.000,hold,off,available,none,,placed_output,move above scan station
forced_manual_review_full,forced_manual_review_full_0031_MBOX-031,MBOX-031,6,APPROACH_SCAN_STATION,input_box_2,B1,output_A,category_A_output_box,B2,-140.000,60.000,75.000,hold,off,available,none,,placed_output,approach scan station
forced_manual_review_full,forced_manual_review_full_0031_MBOX-031,MBOX-031,7,SCAN_BARCODE,input_box_2,B1,output_A,category_A_output_box,B2,-140.000,60.000,75.000,hold,scan,available,none,,placed_output,scan and classify
forced_manual_review_full,forced_manual_review_full_0031_MBOX-031,MBOX-031,8,LIFT_TO_SAFE_Z_AFTER_SCAN,input_box_2,B1,output_A,category_A_output_box,B2,-140.000,60.000,200.000,hold,off,available,none,,placed_output,lift after scan
forced_manual_review_full,forced_manual_review_full_0031_MBOX-031,MBOX-031,9,MOVE_SAFE_ABOVE_TARGET,input_box_2,B1,output_A,category_A_output_box,B2,118.000,184.000,200.000,hold,off,available,none,,placed_output,move above target
forced_manual_review_full,forced_manual_review_full_0031_MBOX-031,MBOX-031,10,APPROACH_TARGET_SLOT,input_box_2,B1,output_A,category_A_output_box,B2,118.000,184.000,130.000,hold,off,available,none,,placed_output,approach target slot
forced_manual_review_full,forced_manual_review_full_0031_MBOX-031,MBOX-031,11,PLACE_TUBE,input_box_2,B1,output_A,category_A_output_box,B2,118.000,184.000,45.000,open,off,available,none,,placed_output,place tube
forced_manual_review_full,forced_manual_review_full_0031_MBOX-031,MBOX-031,12,RETREAT_TO_SAFE_Z,input_box_2,B1,output_A,category_A_output_box,B2,118.000,184.000,200.000,open,off,available,none,,placed_output,retreat after place
forced_manual_review_full,forced_manual_review_full_0032_MBOX-032,MBOX-032,1,MOVE_SAFE_ABOVE_INPUT,input_box_2,B2,output_B,category_B_output_box,B2,-372.000,169.000,200.000,open,off,available,none,,placed_output,move to input safe height
forced_manual_review_full,forced_manual_review_full_0032_MBOX-032,MBOX-032,2,APPROACH_INPUT_SLOT,input_box_2,B2,output_B,category_B_output_box,B2,-372.000,169.000,130.000,open,off,available,none,,placed_output,approach input slot
forced_manual_review_full,forced_manual_review_full_0032_MBOX-032,MBOX-032,3,PICK_TUBE,input_box_2,B2,output_B,category_B_output_box,B2,-372.000,169.000,80.000,close,off,available,none,,placed_output,pick tube
forced_manual_review_full,forced_manual_review_full_0032_MBOX-032,MBOX-032,4,LIFT_TO_SAFE_Z,input_box_2,B2,output_B,category_B_output_box,B2,-372.000,169.000,200.000,hold,off,available,none,,placed_output,lift picked tube
forced_manual_review_full,forced_manual_review_full_0032_MBOX-032,MBOX-032,5,MOVE_SAFE_ABOVE_SCAN,input_box_2,B2,output_B,category_B_output_box,B2,-140.000,60.000,200.000,hold,off,available,none,,placed_output,move above scan station
forced_manual_review_full,forced_manual_review_full_0032_MBOX-032,MBOX-032,6,APPROACH_SCAN_STATION,input_box_2,B2,output_B,category_B_output_box,B2,-140.000,60.000,75.000,hold,off,available,none,,placed_output,approach scan station
forced_manual_review_full,forced_manual_review_full_0032_MBOX-032,MBOX-032,7,SCAN_BARCODE,input_box_2,B2,output_B,category_B_output_box,B2,-140.000,60.000,75.000,hold,scan,available,none,,placed_output,scan and classify
forced_manual_review_full,forced_manual_review_full_0032_MBOX-032,MBOX-032,8,LIFT_TO_SAFE_Z_AFTER_SCAN,input_box_2,B2,output_B,category_B_output_box,B2,-140.000,60.000,200.000,hold,off,available,none,,placed_output,lift after scan
forced_manual_review_full,forced_manual_review_full_0032_MBOX-032,MBOX-032,9,MOVE_SAFE_ABOVE_TARGET,input_box_2,B2,output_B,category_B_output_box,B2,328.000,184.000,200.000,hold,off,available,none,,placed_output,move above target
forced_manual_review_full,forced_manual_review_full_0032_MBOX-032,MBOX-032,10,APPROACH_TARGET_SLOT,input_box_2,B2,output_B,category_B_output_box,B2,328.000,184.000,130.000,hold,off,available,none,,placed_output,approach target slot
forced_manual_review_full,forced_manual_review_full_0032_MBOX-032,MBOX-032,11,PLACE_TUBE,input_box_2,B2,output_B,category_B_output_box,B2,328.000,184.000,70.000,open,off,available,none,,placed_output,place tube
forced_manual_review_full,forced_manual_review_full_0032_MBOX-032,MBOX-032,12,RETREAT_TO_SAFE_Z,input_box_2,B2,output_B,category_B_output_box,B2,328.000,184.000,200.000,open,off,available,none,,placed_output,retreat after place
forced_manual_review_full,forced_manual_review_full_0033_MBOX-033,MBOX-033,1,MOVE_SAFE_ABOVE_INPUT,input_box_2,B3,output_C,category_C_output_box,B2,-344.000,169.000,200.000,open,off,available,none,,placed_output,move to input safe height
forced_manual_review_full,forced_manual_review_full_0033_MBOX-033,MBOX-033,2,APPROACH_INPUT_SLOT,input_box_2,B3,output_C,category_C_output_box,B2,-344.000,169.000,130.000,open,off,available,none,,placed_output,approach input slot
forced_manual_review_full,forced_manual_review_full_0033_MBOX-033,MBOX-033,3,PICK_TUBE,input_box_2,B3,output_C,category_C_output_box,B2,-344.000,169.000,55.000,close,off,available,none,,placed_output,pick tube
forced_manual_review_full,forced_manual_review_full_0033_MBOX-033,MBOX-033,4,LIFT_TO_SAFE_Z,input_box_2,B3,output_C,category_C_output_box,B2,-344.000,169.000,200.000,hold,off,available,none,,placed_output,lift picked tube
forced_manual_review_full,forced_manual_review_full_0033_MBOX-033,MBOX-033,5,MOVE_SAFE_ABOVE_SCAN,input_box_2,B3,output_C,category_C_output_box,B2,-140.000,60.000,200.000,hold,off,available,none,,placed_output,move above scan station
forced_manual_review_full,forced_manual_review_full_0033_MBOX-033,MBOX-033,6,APPROACH_SCAN_STATION,input_box_2,B3,output_C,category_C_output_box,B2,-140.000,60.000,75.000,hold,off,available,none,,placed_output,approach scan station
forced_manual_review_full,forced_manual_review_full_0033_MBOX-033,MBOX-033,7,SCAN_BARCODE,input_box_2,B3,output_C,category_C_output_box,B2,-140.000,60.000,75.000,hold,scan,available,none,,placed_output,scan and classify
forced_manual_review_full,forced_manual_review_full_0033_MBOX-033,MBOX-033,8,LIFT_TO_SAFE_Z_AFTER_SCAN,input_box_2,B3,output_C,category_C_output_box,B2,-140.000,60.000,200.000,hold,off,available,none,,placed_output,lift after scan
forced_manual_review_full,forced_manual_review_full_0033_MBOX-033,MBOX-033,9,MOVE_SAFE_ABOVE_TARGET,input_box_2,B3,output_C,category_C_output_box,B2,118.000,-26.000,200.000,hold,off,available,none,,placed_output,move above target
forced_manual_review_full,forced_manual_review_full_0033_MBOX-033,MBOX-033,10,APPROACH_TARGET_SLOT,input_box_2,B3,output_C,category_C_output_box,B2,118.000,-26.000,130.000,hold,off,available,none,,placed_output,approach target slot
forced_manual_review_full,forced_manual_review_full_0033_MBOX-033,MBOX-033,11,PLACE_TUBE,input_box_2,B3,output_C,category_C_output_box,B2,118.000,-26.000,45.000,open,off,available,none,,placed_output,place tube
forced_manual_review_full,forced_manual_review_full_0033_MBOX-033,MBOX-033,12,RETREAT_TO_SAFE_Z,input_box_2,B3,output_C,category_C_output_box,B2,118.000,-26.000,200.000,open,off,available,none,,placed_output,retreat after place
forced_manual_review_full,forced_manual_review_full_0034_MBOX-034,MBOX-034,1,MOVE_SAFE_ABOVE_INPUT,input_box_2,B4,output_D,category_D_output_box,B2,-316.000,169.000,200.000,open,off,available,none,,placed_output,move to input safe height
forced_manual_review_full,forced_manual_review_full_0034_MBOX-034,MBOX-034,2,APPROACH_INPUT_SLOT,input_box_2,B4,output_D,category_D_output_box,B2,-316.000,169.000,130.000,open,off,available,none,,placed_output,approach input slot
forced_manual_review_full,forced_manual_review_full_0034_MBOX-034,MBOX-034,3,PICK_TUBE,input_box_2,B4,output_D,category_D_output_box,B2,-316.000,169.000,55.000,close,off,available,none,,placed_output,pick tube
forced_manual_review_full,forced_manual_review_full_0034_MBOX-034,MBOX-034,4,LIFT_TO_SAFE_Z,input_box_2,B4,output_D,category_D_output_box,B2,-316.000,169.000,200.000,hold,off,available,none,,placed_output,lift picked tube
forced_manual_review_full,forced_manual_review_full_0034_MBOX-034,MBOX-034,5,MOVE_SAFE_ABOVE_SCAN,input_box_2,B4,output_D,category_D_output_box,B2,-140.000,60.000,200.000,hold,off,available,none,,placed_output,move above scan station
forced_manual_review_full,forced_manual_review_full_0034_MBOX-034,MBOX-034,6,APPROACH_SCAN_STATION,input_box_2,B4,output_D,category_D_output_box,B2,-140.000,60.000,75.000,hold,off,available,none,,placed_output,approach scan station
forced_manual_review_full,forced_manual_review_full_0034_MBOX-034,MBOX-034,7,SCAN_BARCODE,input_box_2,B4,output_D,category_D_output_box,B2,-140.000,60.000,75.000,hold,scan,available,none,,placed_output,scan and classify
forced_manual_review_full,forced_manual_review_full_0034_MBOX-034,MBOX-034,8,LIFT_TO_SAFE_Z_AFTER_SCAN,input_box_2,B4,output_D,category_D_output_box,B2,-140.000,60.000,200.000,hold,off,available,none,,placed_output,lift after scan
forced_manual_review_full,forced_manual_review_full_0034_MBOX-034,MBOX-034,9,MOVE_SAFE_ABOVE_TARGET,input_box_2,B4,output_D,category_D_output_box,B2,328.000,-26.000,200.000,hold,off,available,none,,placed_output,move above target
forced_manual_review_full,forced_manual_review_full_0034_MBOX-034,MBOX-034,10,APPROACH_TARGET_SLOT,input_box_2,B4,output_D,category_D_output_box,B2,328.000,-26.000,130.000,hold,off,available,none,,placed_output,approach target slot
forced_manual_review_full,forced_manual_review_full_0034_MBOX-034,MBOX-034,11,PLACE_TUBE,input_box_2,B4,output_D,category_D_output_box,B2,328.000,-26.000,45.000,open,off,available,none,,placed_output,place tube
forced_manual_review_full,forced_manual_review_full_0034_MBOX-034,MBOX-034,12,RETREAT_TO_SAFE_Z,input_box_2,B4,output_D,category_D_output_box,B2,328.000,-26.000,200.000,open,off,available,none,,placed_output,retreat after place
forced_manual_review_full,forced_manual_review_full_0035_MBOX-035,MBOX-035,1,MOVE_SAFE_ABOVE_INPUT,input_box_2,B5,output_A,category_A_output_box,B3,-288.000,169.000,200.000,open,off,available,none,,placed_output,move to input safe height
forced_manual_review_full,forced_manual_review_full_0035_MBOX-035,MBOX-035,2,APPROACH_INPUT_SLOT,input_box_2,B5,output_A,category_A_output_box,B3,-288.000,169.000,130.000,open,off,available,none,,placed_output,approach input slot
forced_manual_review_full,forced_manual_review_full_0035_MBOX-035,MBOX-035,3,PICK_TUBE,input_box_2,B5,output_A,category_A_output_box,B3,-288.000,169.000,80.000,close,off,available,none,,placed_output,pick tube
forced_manual_review_full,forced_manual_review_full_0035_MBOX-035,MBOX-035,4,LIFT_TO_SAFE_Z,input_box_2,B5,output_A,category_A_output_box,B3,-288.000,169.000,200.000,hold,off,available,none,,placed_output,lift picked tube
forced_manual_review_full,forced_manual_review_full_0035_MBOX-035,MBOX-035,5,MOVE_SAFE_ABOVE_SCAN,input_box_2,B5,output_A,category_A_output_box,B3,-140.000,60.000,200.000,hold,off,available,none,,placed_output,move above scan station
forced_manual_review_full,forced_manual_review_full_0035_MBOX-035,MBOX-035,6,APPROACH_SCAN_STATION,input_box_2,B5,output_A,category_A_output_box,B3,-140.000,60.000,75.000,hold,off,available,none,,placed_output,approach scan station
forced_manual_review_full,forced_manual_review_full_0035_MBOX-035,MBOX-035,7,SCAN_BARCODE,input_box_2,B5,output_A,category_A_output_box,B3,-140.000,60.000,75.000,hold,scan,available,none,,placed_output,scan and classify
forced_manual_review_full,forced_manual_review_full_0035_MBOX-035,MBOX-035,8,LIFT_TO_SAFE_Z_AFTER_SCAN,input_box_2,B5,output_A,category_A_output_box,B3,-140.000,60.000,200.000,hold,off,available,none,,placed_output,lift after scan
forced_manual_review_full,forced_manual_review_full_0035_MBOX-035,MBOX-035,9,MOVE_SAFE_ABOVE_TARGET,input_box_2,B5,output_A,category_A_output_box,B3,146.000,184.000,200.000,hold,off,available,none,,placed_output,move above target
forced_manual_review_full,forced_manual_review_full_0035_MBOX-035,MBOX-035,10,APPROACH_TARGET_SLOT,input_box_2,B5,output_A,category_A_output_box,B3,146.000,184.000,130.000,hold,off,available,none,,placed_output,approach target slot
forced_manual_review_full,forced_manual_review_full_0035_MBOX-035,MBOX-035,11,PLACE_TUBE,input_box_2,B5,output_A,category_A_output_box,B3,146.000,184.000,70.000,open,off,available,none,,placed_output,place tube
forced_manual_review_full,forced_manual_review_full_0035_MBOX-035,MBOX-035,12,RETREAT_TO_SAFE_Z,input_box_2,B5,output_A,category_A_output_box,B3,146.000,184.000,200.000,open,off,available,none,,placed_output,retreat after place
forced_manual_review_full,forced_manual_review_full_0036_MBOX-036,MBOX-036,1,MOVE_SAFE_ABOVE_INPUT,input_box_2,B6,output_B,category_B_output_box,B3,-260.000,169.000,200.000,open,off,available,none,,placed_output,move to input safe height
forced_manual_review_full,forced_manual_review_full_0036_MBOX-036,MBOX-036,2,APPROACH_INPUT_SLOT,input_box_2,B6,output_B,category_B_output_box,B3,-260.000,169.000,130.000,open,off,available,none,,placed_output,approach input slot
forced_manual_review_full,forced_manual_review_full_0036_MBOX-036,MBOX-036,3,PICK_TUBE,input_box_2,B6,output_B,category_B_output_box,B3,-260.000,169.000,55.000,close,off,available,none,,placed_output,pick tube
forced_manual_review_full,forced_manual_review_full_0036_MBOX-036,MBOX-036,4,LIFT_TO_SAFE_Z,input_box_2,B6,output_B,category_B_output_box,B3,-260.000,169.000,200.000,hold,off,available,none,,placed_output,lift picked tube
forced_manual_review_full,forced_manual_review_full_0036_MBOX-036,MBOX-036,5,MOVE_SAFE_ABOVE_SCAN,input_box_2,B6,output_B,category_B_output_box,B3,-140.000,60.000,200.000,hold,off,available,none,,placed_output,move above scan station
forced_manual_review_full,forced_manual_review_full_0036_MBOX-036,MBOX-036,6,APPROACH_SCAN_STATION,input_box_2,B6,output_B,category_B_output_box,B3,-140.000,60.000,75.000,hold,off,available,none,,placed_output,approach scan station
forced_manual_review_full,forced_manual_review_full_0036_MBOX-036,MBOX-036,7,SCAN_BARCODE,input_box_2,B6,output_B,category_B_output_box,B3,-140.000,60.000,75.000,hold,scan,available,none,,placed_output,scan and classify
forced_manual_review_full,forced_manual_review_full_0036_MBOX-036,MBOX-036,8,LIFT_TO_SAFE_Z_AFTER_SCAN,input_box_2,B6,output_B,category_B_output_box,B3,-140.000,60.000,200.000,hold,off,available,none,,placed_output,lift after scan
forced_manual_review_full,forced_manual_review_full_0036_MBOX-036,MBOX-036,9,MOVE_SAFE_ABOVE_TARGET,input_box_2,B6,output_B,category_B_output_box,B3,356.000,184.000,200.000,hold,off,available,none,,placed_output,move above target
forced_manual_review_full,forced_manual_review_full_0036_MBOX-036,MBOX-036,10,APPROACH_TARGET_SLOT,input_box_2,B6,output_B,category_B_output_box,B3,356.000,184.000,130.000,hold,off,available,none,,placed_output,approach target slot
forced_manual_review_full,forced_manual_review_full_0036_MBOX-036,MBOX-036,11,PLACE_TUBE,input_box_2,B6,output_B,category_B_output_box,B3,356.000,184.000,45.000,open,off,available,none,,placed_output,place tube
forced_manual_review_full,forced_manual_review_full_0036_MBOX-036,MBOX-036,12,RETREAT_TO_SAFE_Z,input_box_2,B6,output_B,category_B_output_box,B3,356.000,184.000,200.000,open,off,available,none,,placed_output,retreat after place
forced_manual_review_full,forced_manual_review_full_0037_MBOX-037,MBOX-037,1,MOVE_SAFE_ABOVE_INPUT,input_box_2,C1,manual_review,manual_review_bin,,-400.000,141.000,200.000,open,off,not_applicable,none,forced_manual_review_full_EVENT_001,pause_alarm,move to input safe height
forced_manual_review_full,forced_manual_review_full_0037_MBOX-037,MBOX-037,2,APPROACH_INPUT_SLOT,input_box_2,C1,manual_review,manual_review_bin,,-400.000,141.000,130.000,open,off,not_applicable,none,forced_manual_review_full_EVENT_001,pause_alarm,approach input slot
forced_manual_review_full,forced_manual_review_full_0037_MBOX-037,MBOX-037,3,PICK_TUBE,input_box_2,C1,manual_review,manual_review_bin,,-400.000,141.000,55.000,close,off,not_applicable,none,forced_manual_review_full_EVENT_001,pause_alarm,pick tube before exception is known
forced_manual_review_full,forced_manual_review_full_0037_MBOX-037,MBOX-037,4,LIFT_TO_SAFE_Z,input_box_2,C1,manual_review,manual_review_bin,,-400.000,141.000,200.000,hold,off,not_applicable,none,forced_manual_review_full_EVENT_001,pause_alarm,lift picked tube
forced_manual_review_full,forced_manual_review_full_0037_MBOX-037,MBOX-037,5,MOVE_SAFE_ABOVE_SCAN,input_box_2,C1,manual_review,manual_review_bin,,-140.000,60.000,200.000,hold,off,not_applicable,none,forced_manual_review_full_EVENT_001,pause_alarm,move above scan station
forced_manual_review_full,forced_manual_review_full_0037_MBOX-037,MBOX-037,6,APPROACH_SCAN_STATION,input_box_2,C1,manual_review,manual_review_bin,,-140.000,60.000,75.000,hold,off,not_applicable,none,forced_manual_review_full_EVENT_001,pause_alarm,approach scan station
forced_manual_review_full,forced_manual_review_full_0037_MBOX-037,MBOX-037,7,SCAN_BARCODE,input_box_2,C1,manual_review,manual_review_bin,,-140.000,60.000,75.000,hold,scan,not_applicable,none,forced_manual_review_full_EVENT_001,pause_alarm,scan reveals sample needs manual review
forced_manual_review_full,forced_manual_review_full_0037_MBOX-037,MBOX-037,8,PAUSE_ALARM,input_box_2,C1,manual_review,manual_review_bin,,-140.000,60.000,200.000,hold,off,not_applicable,none,forced_manual_review_full_EVENT_001,pause_alarm,manual_review full on true abnormal sample
